dataset,method,score,sample_id,source_run,source_split,cv_seed,cv_fold,split,label,target,score_value
turning,one_class_svm_image_features,anomaly_score,2inchStickout_F_08-Jun-2017_rpm320_doc0p020_window_0000,2inchStickout/F_08-Jun-2017_rpm320_doc0p020,validation,42,0,cv_evaluation,no_chatter,0,-0.06410251453230886
turning,one_class_svm_image_features,anomaly_score,2inchStickout_F_08-Jun-2017_rpm320_doc0p020_window_0001,2inchStickout/F_08-Jun-2017_rpm320_doc0p020,train,42,0,cv_evaluation,no_chatter,0,-0.06908533660682026
turning,one_class_svm_image_features,anomaly_score,2inchStickout_F_08-Jun-2017_rpm320_doc0p020_window_0002,2inchStickout/F_08-Jun-2017_rpm320_doc0p020,train,42,0,cv_evaluation,no_chatter,0,-0.07095698955316121
turning,one_class_svm_image_features,anomaly_score,2inchStickout_F_08-Jun-2017_rpm320_doc0p020_window_0003,2inchStickout/F_08-Jun-2017_rpm320_doc0p020,validation,42,0,cv_evaluation,no_chatter,0,-0.08894056126689898
turning,one_class_svm_image_features,anomaly_score,2inchStickout_F_08-Jun-2017_rpm320_doc0p020_window_0004,2inchStickout/F_08-Jun-2017_rpm320_doc0p020,validation,42,0,cv_evaluation,no_chatter,0,-0.19778518169847592
turning,one_class_svm_image_features,anomaly_score,2inchStickout_F_08-Jun-2017_rpm320_doc0p020_window_0005,2inchStickout/F_08-Jun-2017_rpm320_doc0p020,train,42,0,cv_evaluation,no_chatter,0,-0.23004865955296228
turning,one_class_svm_image_features,anomaly_score,2inchStickout_F_08-Jun-2017_rpm320_doc0p020_window_0006,2inchStickout/F_08-Jun-2017_rpm320_doc0p020,validation,42,0,cv_evaluation,no_chatter,0,-0.253195254080808
turning,one_class_svm_image_features,anomaly_score,2inchStickout_F_08-Jun-2017_rpm320_doc0p020_window_0007,2inchStickout/F_08-Jun-2017_rpm320_doc0p020,train,42,0,cv_evaluation,no_chatter,0,-0.18749030276607437
turning,one_class_svm_image_features,anomaly_score,2inchStickout_F_08-Jun-2017_rpm320_doc0p020_window_0008,2inchStickout/F_08-Jun-2017_rpm320_doc0p020,train,42,0,cv_evaluation,no_chatter,0,-0.045297665674154164
turning,one_class_svm_image_features,anomaly_score,2inchStickout_F_08-Jun-2017_rpm320_doc0p020_window_0009,2inchStickout/F_08-Jun-2017_rpm320_doc0p020,train,42,0,cv_evaluation,no_chatter,0,-0.0011910216077681834
turning,one_class_svm_image_features,anomaly_score,2inchStickout_F_08-Jun-2017_rpm320_doc0p020_window_0010,2inchStickout/F_08-Jun-2017_rpm320_doc0p020,train,42,0,cv_evaluation,no_chatter,0,0.5539673856030192
turning,one_class_svm_image_features,anomaly_score,2inchStickout_F_08-Jun-2017_rpm320_doc0p020_window_0011,2inchStickout/F_08-Jun-2017_rpm320_doc0p020,train,42,0,cv_evaluation,no_chatter,0,0.2607543025756347
turning,one_class_svm_image_features,anomaly_score,2inchStickout_F_08-Jun-2017_rpm320_doc0p020_window_0012,2inchStickout/F_08-Jun-2017_rpm320_doc0p020,train,42,0,cv_evaluation,no_chatter,0,0.33387762851803315
turning,one_class_svm_image_features,anomaly_score,2inchStickout_F_08-Jun-2017_rpm320_doc0p020_window_0013,2inchStickout/F_08-Jun-2017_rpm320_doc0p020,validation,42,0,cv_evaluation,no_chatter,0,-0.19485030680007176
turning,one_class_svm_image_features,anomaly_score,2inchStickout_F_08-Jun-2017_rpm320_doc0p020_window_0014,2inchStickout/F_08-Jun-2017_rpm320_doc0p020,validation,42,0,cv_evaluation,no_chatter,0,-0.15466353552531342
turning,one_class_svm_image_features,anomaly_score,2inchStickout_F_08-Jun-2017_rpm320_doc0p020_window_0015,2inchStickout/F_08-Jun-2017_rpm320_doc0p020,train,42,0,cv_evaluation,no_chatter,0,-0.21605505100229938
turning,one_class_svm_image_features,anomaly_score,2inchStickout_F_08-Jun-2017_rpm320_doc0p020_window_0016,2inchStickout/F_08-Jun-2017_rpm320_doc0p020,train,42,0,cv_evaluation,no_chatter,0,-0.2710409073236806
turning,one_class_svm_image_features,anomaly_score,2inchStickout_F_08-Jun-2017_rpm320_doc0p020_window_0017,2inchStickout/F_08-Jun-2017_rpm320_doc0p020,train,42,0,cv_evaluation,no_chatter,0,-0.2247925889075595
turning,one_class_svm_image_features,anomaly_score,2inchStickout_F_08-Jun-2017_rpm320_doc0p020_window_0018,2inchStickout/F_08-Jun-2017_rpm320_doc0p020,train,42,0,cv_evaluation,no_chatter,0,-0.19537014663743202
turning,one_class_svm_image_features,anomaly_score,2inchStickout_F_08-Jun-2017_rpm320_doc0p020_window_0019,2inchStickout/F_08-Jun-2017_rpm320_doc0p020,train,42,0,cv_evaluation,no_chatter,0,-0.24333070210988184
turning,one_class_svm_image_features,anomaly_score,2inchStickout_F_08-Jun-2017_rpm320_doc0p020_window_0020,2inchStickout/F_08-Jun-2017_rpm320_doc0p020,train,42,0,cv_evaluation,no_chatter,0,-0.19145836261294225
turning,one_class_svm_image_features,anomaly_score,2inchStickout_F_08-Jun-2017_rpm320_doc0p020_window_0021,2inchStickout/F_08-Jun-2017_rpm320_doc0p020,train,42,0,cv_evaluation,no_chatter,0,-0.20747359290224887
turning,one_class_svm_image_features,anomaly_score,2inchStickout_F_08-Jun-2017_rpm320_doc0p020_window_0022,2inchStickout/F_08-Jun-2017_rpm320_doc0p020,validation,42,0,cv_evaluation,no_chatter,0,-0.17994574157288779
turning,one_class_svm_image_features,anomaly_score,2inchStickout_F_08-Jun-2017_rpm320_doc0p020_window_0023,2inchStickout/F_08-Jun-2017_rpm320_doc0p020,train,42,0,cv_evaluation,no_chatter,0,-0.3023451378759223
turning,one_class_svm_image_features,anomaly_score,2inchStickout_F_08-Jun-2017_rpm320_doc0p025_window_0000,2inchStickout/F_08-Jun-2017_rpm320_doc0p025,train,42,0,cv_evaluation,no_chatter,0,-0.07288689236767643
turning,one_class_svm_image_features,anomaly_score,2inchStickout_F_08-Jun-2017_rpm320_doc0p025_window_0001,2inchStickout/F_08-Jun-2017_rpm320_doc0p025,train,42,0,cv_evaluation,no_chatter,0,-0.07370639827413994
turning,one_class_svm_image_features,anomaly_score,2inchStickout_F_08-Jun-2017_rpm320_doc0p025_window_0002,2inchStickout/F_08-Jun-2017_rpm320_doc0p025,train,42,0,cv_evaluation,no_chatter,0,-0.1404376911458627
turning,one_class_svm_image_features,anomaly_score,2inchStickout_F_08-Jun-2017_rpm320_doc0p025_window_0003,2inchStickout/F_08-Jun-2017_rpm320_doc0p025,validation,42,0,cv_evaluation,no_chatter,0,-0.14740311544903162
turning,one_class_svm_image_features,anomaly_score,2inchStickout_F_08-Jun-2017_rpm320_doc0p025_window_0004,2inchStickout/F_08-Jun-2017_rpm320_doc0p025,validation,42,0,cv_evaluation,no_chatter,0,-0.24096832951791658
turning,one_class_svm_image_features,anomaly_score,2inchStickout_F_08-Jun-2017_rpm320_doc0p025_window_0005,2inchStickout/F_08-Jun-2017_rpm320_doc0p025,train,42,0,cv_evaluation,no_chatter,0,-0.2691126837783149
turning,one_class_svm_image_features,anomaly_score,2inchStickout_F_08-Jun-2017_rpm320_doc0p025_window_0006,2inchStickout/F_08-Jun-2017_rpm320_doc0p025,train,42,0,cv_evaluation,no_chatter,0,-0.27774387950764345
turning,one_class_svm_image_features,anomaly_score,2inchStickout_F_08-Jun-2017_rpm320_doc0p025_window_0007,2inchStickout/F_08-Jun-2017_rpm320_doc0p025,train,42,0,cv_evaluation,no_chatter,0,-0.3122294225995279
turning,one_class_svm_image_features,anomaly_score,2inchStickout_F_08-Jun-2017_rpm320_doc0p025_window_0008,2inchStickout/F_08-Jun-2017_rpm320_doc0p025,validation,42,0,cv_evaluation,no_chatter,0,-0.29078810252989595
turning,one_class_svm_image_features,anomaly_score,2inchStickout_F_08-Jun-2017_rpm320_doc0p025_window_0009,2inchStickout/F_08-Jun-2017_rpm320_doc0p025,train,42,0,cv_evaluation,no_chatter,0,-0.329675876213005
turning,one_class_svm_image_features,anomaly_score,2inchStickout_F_08-Jun-2017_rpm320_doc0p025_window_0010,2inchStickout/F_08-Jun-2017_rpm320_doc0p025,train,42,0,cv_evaluation,no_chatter,0,-0.3728835951247629
turning,one_class_svm_image_features,anomaly_score,2inchStickout_F_08-Jun-2017_rpm320_doc0p025_window_0011,2inchStickout/F_08-Jun-2017_rpm320_doc0p025,train,42,0,cv_evaluation,no_chatter,0,-0.3254149454288706
turning,one_class_svm_image_features,anomaly_score,2inchStickout_F_08-Jun-2017_rpm320_doc0p025_window_0012,2inchStickout/F_08-Jun-2017_rpm320_doc0p025,validation,42,0,cv_evaluation,no_chatter,0,-0.026035101292059215
turning,one_class_svm_image_features,anomaly_score,2inchStickout_F_08-Jun-2017_rpm320_doc0p025_window_0013,2inchStickout/F_08-Jun-2017_rpm320_doc0p025,validation,42,0,cv_evaluation,no_chatter,0,0.11922017124291173
turning,one_class_svm_image_features,anomaly_score,2inchStickout_F_08-Jun-2017_rpm320_doc0p025_window_0014,2inchStickout/F_08-Jun-2017_rpm320_doc0p025,train,42,0,cv_evaluation,no_chatter,0,0.18262837892116268
turning,one_class_svm_image_features,anomaly_score,2inchStickout_F_08-Jun-2017_rpm320_doc0p025_window_0015,2inchStickout/F_08-Jun-2017_rpm320_doc0p025,train,42,0,cv_evaluation,no_chatter,0,0.5018843069707561
turning,one_class_svm_image_features,anomaly_score,2inchStickout_F_08-Jun-2017_rpm320_doc0p025_window_0016,2inchStickout/F_08-Jun-2017_rpm320_doc0p025,train,42,0,cv_evaluation,no_chatter,0,0.08204480949480497
turning,one_class_svm_image_features,anomaly_score,2inchStickout_F_08-Jun-2017_rpm320_doc0p025_window_0017,2inchStickout/F_08-Jun-2017_rpm320_doc0p025,validation,42,0,cv_evaluation,no_chatter,0,-0.07092612464224102
turning,one_class_svm_image_features,anomaly_score,2inchStickout_F_08-Jun-2017_rpm320_doc0p025_window_0018,2inchStickout/F_08-Jun-2017_rpm320_doc0p025,train,42,0,cv_evaluation,no_chatter,0,-0.03572709396758178
turning,one_class_svm_image_features,anomaly_score,2inchStickout_F_08-Jun-2017_rpm320_doc0p025_window_0019,2inchStickout/F_08-Jun-2017_rpm320_doc0p025,train,42,0,cv_evaluation,no_chatter,0,-0.06489615786089198
turning,one_class_svm_image_features,anomaly_score,2inchStickout_F_08-Jun-2017_rpm320_doc0p025_window_0020,2inchStickout/F_08-Jun-2017_rpm320_doc0p025,train,42,0,cv_evaluation,no_chatter,0,-0.1533496317057168
turning,one_class_svm_image_features,anomaly_score,2inchStickout_F_08-Jun-2017_rpm320_doc0p025_window_0021,2inchStickout/F_08-Jun-2017_rpm320_doc0p025,validation,42,0,cv_evaluation,no_chatter,0,-0.2718221604355142
turning,one_class_svm_image_features,anomaly_score,2inchStickout_F_08-Jun-2017_rpm320_doc0p025_window_0022,2inchStickout/F_08-Jun-2017_rpm320_doc0p025,train,42,0,cv_evaluation,no_chatter,0,-0.26705550597438066
turning,one_class_svm_image_features,anomaly_score,2inchStickout_F_08-Jun-2017_rpm320_doc0p025_window_0023,2inchStickout/F_08-Jun-2017_rpm320_doc0p025,validation,42,0,cv_evaluation,no_chatter,0,-0.21586307672402594
turning,one_class_svm_image_features,anomaly_score,2inchStickout_F_08-Jun-2017_rpm425_doc0p010_window_0000,2inchStickout/F_08-Jun-2017_rpm425_doc0p010,validation,42,0,cv_evaluation,no_chatter,0,-0.030129208588021594
turning,one_class_svm_image_features,anomaly_score,2inchStickout_F_08-Jun-2017_rpm425_doc0p010_window_0001,2inchStickout/F_08-Jun-2017_rpm425_doc0p010,train,42,0,cv_evaluation,no_chatter,0,-0.12545575887099236
turning,one_class_svm_image_features,anomaly_score,2inchStickout_F_08-Jun-2017_rpm425_doc0p010_window_0002,2inchStickout/F_08-Jun-2017_rpm425_doc0p010,train,42,0,cv_evaluation,no_chatter,0,-0.32284084073234487
turning,one_class_svm_image_features,anomaly_score,2inchStickout_F_08-Jun-2017_rpm425_doc0p010_window_0003,2inchStickout/F_08-Jun-2017_rpm425_doc0p010,train,42,0,cv_evaluation,no_chatter,0,-0.3877818777911701
turning,one_class_svm_image_features,anomaly_score,2inchStickout_F_08-Jun-2017_rpm425_doc0p010_window_0004,2inchStickout/F_08-Jun-2017_rpm425_doc0p010,train,42,0,cv_evaluation,no_chatter,0,-0.34051790754726885
turning,one_class_svm_image_features,anomaly_score,2inchStickout_F_08-Jun-2017_rpm425_doc0p010_window_0005,2inchStickout/F_08-Jun-2017_rpm425_doc0p010,validation,42,0,cv_evaluation,no_chatter,0,-0.3738951854829604
turning,one_class_svm_image_features,anomaly_score,2inchStickout_F_08-Jun-2017_rpm425_doc0p010_window_0006,2inchStickout/F_08-Jun-2017_rpm425_doc0p010,train,42,0,cv_evaluation,no_chatter,0,-0.4414858424288106
turning,one_class_svm_image_features,anomaly_score,2inchStickout_F_08-Jun-2017_rpm425_doc0p010_window_0007,2inchStickout/F_08-Jun-2017_rpm425_doc0p010,train,42,0,cv_evaluation,no_chatter,0,-0.3572859819447287
turning,one_class_svm_image_features,anomaly_score,2inchStickout_F_08-Jun-2017_rpm425_doc0p020_window_0000,2inchStickout/F_08-Jun-2017_rpm425_doc0p020,train,42,0,cv_evaluation,no_chatter,0,-0.08376294084871305
turning,one_class_svm_image_features,anomaly_score,2inchStickout_F_08-Jun-2017_rpm425_doc0p020_window_0001,2inchStickout/F_08-Jun-2017_rpm425_doc0p020,train,42,0,cv_evaluation,no_chatter,0,-0.16848648312301062
turning,one_class_svm_image_features,anomaly_score,2inchStickout_F_08-Jun-2017_rpm425_doc0p020_window_0002,2inchStickout/F_08-Jun-2017_rpm425_doc0p020,test,42,0,cv_evaluation,no_chatter,0,-0.2844761425052782
turning,one_class_svm_image_features,anomaly_score,2inchStickout_F_08-Jun-2017_rpm425_doc0p020_window_0003,2inchStickout/F_08-Jun-2017_rpm425_doc0p020,train,42,0,cv_evaluation,no_chatter,0,-0.41894759711842355
turning,one_class_svm_image_features,anomaly_score,2inchStickout_F_08-Jun-2017_rpm425_doc0p020_window_0004,2inchStickout/F_08-Jun-2017_rpm425_doc0p020,train,42,0,cv_evaluation,no_chatter,0,-0.26368513412941463
turning,one_class_svm_image_features,anomaly_score,2inchStickout_F_08-Jun-2017_rpm425_doc0p020_window_0005,2inchStickout/F_08-Jun-2017_rpm425_doc0p020,test,42,0,cv_evaluation,no_chatter,0,0.2646502989946169
turning,one_class_svm_image_features,anomaly_score,2inchStickout_F_08-Jun-2017_rpm425_doc0p020_window_0006,2inchStickout/F_08-Jun-2017_rpm425_doc0p020,validation,42,0,cv_evaluation,chatter,1,0.2653074989381412
turning,one_class_svm_image_features,anomaly_score,2inchStickout_F_08-Jun-2017_rpm425_doc0p020_window_0007,2inchStickout/F_08-Jun-2017_rpm425_doc0p020,validation,42,0,cv_evaluation,chatter,1,1.005508608632718
turning,one_class_svm_image_features,anomaly_score,2inchStickout_F_08-Jun-2017_rpm770_doc0p010_window_0000,2inchStickout/F_08-Jun-2017_rpm770_doc0p010,train,42,0,cv_evaluation,no_chatter,0,-0.08158231725377707
turning,one_class_svm_image_features,anomaly_score,2inchStickout_F_08-Jun-2017_rpm770_doc0p010_window_0001,2inchStickout/F_08-Jun-2017_rpm770_doc0p010,test,42,0,cv_evaluation,chatter,1,1.6426633607604193
turning,one_class_svm_image_features,anomaly_score,2inchStickout_F_08-Jun-2017_rpm770_doc0p010_window_0002,2inchStickout/F_08-Jun-2017_rpm770_doc0p010,test,42,0,cv_evaluation,chatter,1,1.6426633607604193
turning,one_class_svm_image_features,anomaly_score,2inchStickout_F_08-Jun-2017_rpm770_doc0p010_window_0003,2inchStickout/F_08-Jun-2017_rpm770_doc0p010,test,42,0,cv_evaluation,chatter,1,1.6426633607604193
turning,one_class_svm_image_features,anomaly_score,2inchStickout_F_08-Jun-2017_rpm770_doc0p010_window_0004,2inchStickout/F_08-Jun-2017_rpm770_doc0p010,test,42,0,cv_evaluation,chatter,1,1.6426633607604193
turning,one_class_svm_image_features,anomaly_score,2inchStickout_F_08-Jun-2017_rpm770_doc0p010_window_0005,2inchStickout/F_08-Jun-2017_rpm770_doc0p010,test,42,0,cv_evaluation,chatter,1,1.6426633607604193
turning,one_class_svm_image_features,anomaly_score,2inchStickout_F_08-Jun-2017_rpm770_doc0p010_window_0006,2inchStickout/F_08-Jun-2017_rpm770_doc0p010,test,42,0,cv_evaluation,chatter,1,1.6426633607604193
turning,one_class_svm_image_features,anomaly_score,2inchStickout_F_08-Jun-2017_rpm770_doc0p010_window_0007,2inchStickout/F_08-Jun-2017_rpm770_doc0p010,test,42,0,cv_evaluation,chatter,1,1.6426633607604193
turning,one_class_svm_image_features,anomaly_score,2inchStickout_F_08-Jun-2017_rpm770_doc0p010_window_0008,2inchStickout/F_08-Jun-2017_rpm770_doc0p010,test,42,0,cv_evaluation,chatter,1,1.6426633607604193
turning,one_class_svm_image_features,anomaly_score,2inchStickout_F_08-Jun-2017_rpm770_doc0p010_window_0009,2inchStickout/F_08-Jun-2017_rpm770_doc0p010,test,42,0,cv_evaluation,chatter,1,1.6426633607604193
turning,one_class_svm_image_features,anomaly_score,2inchStickout_F_08-Jun-2017_rpm770_doc0p010_window_0010,2inchStickout/F_08-Jun-2017_rpm770_doc0p010,test,42,0,cv_evaluation,chatter,1,1.6426633607604193
turning,one_class_svm_image_features,anomaly_score,2inchStickout_F_08-Jun-2017_rpm770_doc0p010_window_0011,2inchStickout/F_08-Jun-2017_rpm770_doc0p010,test,42,0,cv_evaluation,chatter,1,1.6426633607604193
turning,one_class_svm_image_features,anomaly_score,2inchStickout_F_08-Jun-2017_rpm770_doc0p010_window_0012,2inchStickout/F_08-Jun-2017_rpm770_doc0p010,test,42,0,cv_evaluation,chatter,1,1.6426633607604193
turning,one_class_svm_image_features,anomaly_score,2inchStickout_F_08-Jun-2017_rpm770_doc0p010_window_0013,2inchStickout/F_08-Jun-2017_rpm770_doc0p010,test,42,0,cv_evaluation,chatter,1,1.6426633607604193
turning,one_class_svm_image_features,anomaly_score,2inchStickout_F_08-Jun-2017_rpm770_doc0p010_window_0014,2inchStickout/F_08-Jun-2017_rpm770_doc0p010,train,42,0,cv_evaluation,no_chatter,0,1.6171151112778348
turning,one_class_svm_image_features,anomaly_score,2inchStickout_F_08-Jun-2017_rpm770_doc0p010_window_0015,2inchStickout/F_08-Jun-2017_rpm770_doc0p010,train,42,0,cv_evaluation,no_chatter,0,-0.0791035877307602
turning,one_class_svm_image_features,anomaly_score,2inchStickout_F_08-Jun-2017_rpm770_doc0p010_window_0016,2inchStickout/F_08-Jun-2017_rpm770_doc0p010,train,42,0,cv_evaluation,no_chatter,0,-0.0781518556705103
turning,one_class_svm_image_features,anomaly_score,2inchStickout_F_08-Jun-2017_rpm770_doc0p010_window_0017,2inchStickout/F_08-Jun-2017_rpm770_doc0p010,train,42,0,cv_evaluation,no_chatter,0,-0.07748884724801441
turning,one_class_svm_image_features,anomaly_score,2inchStickout_F_08-Jun-2017_rpm770_doc0p010_window_0018,2inchStickout/F_08-Jun-2017_rpm770_doc0p010,train,42,0,cv_evaluation,no_chatter,0,-0.09895726219796908
turning,one_class_svm_image_features,anomaly_score,2inchStickout_F_08-Jun-2017_rpm770_doc0p010_window_0019,2inchStickout/F_08-Jun-2017_rpm770_doc0p010,train,42,0,cv_evaluation,no_chatter,0,-0.09597236563196399
turning,one_class_svm_image_features,anomaly_score,2inchStickout_F_08-Jun-2017_rpm770_doc0p010_window_0020,2inchStickout/F_08-Jun-2017_rpm770_doc0p010,train,42,0,cv_evaluation,no_chatter,0,-0.09529166854795412
turning,one_class_svm_image_features,anomaly_score,2inchStickout_F_08-Jun-2017_rpm770_doc0p010_window_0021,2inchStickout/F_08-Jun-2017_rpm770_doc0p010,train,42,0,cv_evaluation,no_chatter,0,-0.09615040561622679
turning,one_class_svm_image_features,anomaly_score,2inchStickout_F_08-Jun-2017_rpm770_doc0p010_window_0022,2inchStickout/F_08-Jun-2017_rpm770_doc0p010,train,42,0,cv_evaluation,no_chatter,0,-0.09420768794374101
turning,one_class_svm_image_features,anomaly_score,2inchStickout_F_08-Jun-2017_rpm770_doc0p010_window_0023,2inchStickout/F_08-Jun-2017_rpm770_doc0p010,train,42,0,cv_evaluation,no_chatter,0,-0.09326850664645536
turning,one_class_svm_image_features,anomaly_score,2inchStickout_F_08-Jun-2017_smoothingCut2_noChatter_window_0000,2inchStickout/F_08-Jun-2017_smoothingCut2_noChatter,train,42,0,cv_evaluation,no_chatter,0,-0.051458965721681516
turning,one_class_svm_image_features,anomaly_score,2inchStickout_F_08-Jun-2017_smoothingCut2_noChatter_window_0001,2inchStickout/F_08-Jun-2017_smoothingCut2_noChatter,test,42,0,cv_evaluation,no_chatter,0,0.026074293816042537
turning,one_class_svm_image_features,anomaly_score,2inchStickout_F_08-Jun-2017_smoothingCut2_noChatter_window_0002,2inchStickout/F_08-Jun-2017_smoothingCut2_noChatter,train,42,0,cv_evaluation,no_chatter,0,0.241769037568337
turning,one_class_svm_image_features,anomaly_score,2inchStickout_F_08-Jun-2017_smoothingCut2_noChatter_window_0003,2inchStickout/F_08-Jun-2017_smoothingCut2_noChatter,train,42,0,cv_evaluation,no_chatter,0,-0.16224100964874166
turning,one_class_svm_image_features,anomaly_score,2inchStickout_F_08-Jun-2017_smoothingCut2_noChatter_window_0004,2inchStickout/F_08-Jun-2017_smoothingCut2_noChatter,train,42,0,cv_evaluation,no_chatter,0,-0.19704934790137485
turning,one_class_svm_image_features,anomaly_score,2inchStickout_F_08-Jun-2017_smoothingCut2_noChatter_window_0005,2inchStickout/F_08-Jun-2017_smoothingCut2_noChatter,train,42,0,cv_evaluation,no_chatter,0,-0.2441587246409238
turning,one_class_svm_image_features,anomaly_score,2inchStickout_F_08-Jun-2017_smoothingCut2_noChatter_window_0006,2inchStickout/F_08-Jun-2017_smoothingCut2_noChatter,train,42,0,cv_evaluation,no_chatter,0,-0.2763876057971937
turning,one_class_svm_image_features,anomaly_score,2inchStickout_F_08-Jun-2017_smoothingCut2_noChatter_window_0007,2inchStickout/F_08-Jun-2017_smoothingCut2_noChatter,test,42,0,cv_evaluation,no_chatter,0,-0.24322805688715965
turning,one_class_svm_image_features,anomaly_score,2inchStickout_F_08-Jun-2017_smoothingCut2_noChatter_window_0008,2inchStickout/F_08-Jun-2017_smoothingCut2_noChatter,train,42,0,cv_evaluation,no_chatter,0,-0.316978423802476
turning,one_class_svm_image_features,anomaly_score,2inchStickout_F_08-Jun-2017_smoothingCut2_noChatter_window_0009,2inchStickout/F_08-Jun-2017_smoothingCut2_noChatter,train,42,0,cv_evaluation,no_chatter,0,-0.2406274588310151
turning,one_class_svm_image_features,anomaly_score,2inchStickout_F_08-Jun-2017_smoothingCut2_noChatter_window_0010,2inchStickout/F_08-Jun-2017_smoothingCut2_noChatter,test,42,0,cv_evaluation,no_chatter,0,-0.3037117482848737
turning,one_class_svm_image_features,anomaly_score,2inchStickout_F_08-Jun-2017_smoothingCut2_noChatter_window_0011,2inchStickout/F_08-Jun-2017_smoothingCut2_noChatter,train,42,0,cv_evaluation,no_chatter,0,-0.39097638671252954
turning,one_class_svm_image_features,anomaly_score,2p5inchStickout_F_12-Jun-2017_rpm570_doc0p008_window_0000,2p5inchStickout/F_12-Jun-2017_rpm570_doc0p008,train,42,0,cv_evaluation,no_chatter,0,-0.1527438402367325
turning,one_class_svm_image_features,anomaly_score,2p5inchStickout_F_12-Jun-2017_rpm570_doc0p008_window_0001,2p5inchStickout/F_12-Jun-2017_rpm570_doc0p008,train,42,0,cv_evaluation,no_chatter,0,-0.40429876842984114
turning,one_class_svm_image_features,anomaly_score,2p5inchStickout_F_12-Jun-2017_rpm570_doc0p008_window_0002,2p5inchStickout/F_12-Jun-2017_rpm570_doc0p008,train,42,0,cv_evaluation,no_chatter,0,-0.3890525220474268
turning,one_class_svm_image_features,anomaly_score,2p5inchStickout_F_12-Jun-2017_rpm570_doc0p008_window_0003,2p5inchStickout/F_12-Jun-2017_rpm570_doc0p008,train,42,0,cv_evaluation,no_chatter,0,-0.44380537691688215
turning,one_class_svm_image_features,anomaly_score,2p5inchStickout_F_12-Jun-2017_rpm570_doc0p008_window_0004,2p5inchStickout/F_12-Jun-2017_rpm570_doc0p008,train,42,0,cv_evaluation,no_chatter,0,-0.44563295514861
turning,one_class_svm_image_features,anomaly_score,2p5inchStickout_F_12-Jun-2017_rpm570_doc0p008_window_0005,2p5inchStickout/F_12-Jun-2017_rpm570_doc0p008,train,42,0,cv_evaluation,no_chatter,0,-0.41330643140109324
turning,one_class_svm_image_features,anomaly_score,2p5inchStickout_F_12-Jun-2017_rpm570_doc0p008_window_0006,2p5inchStickout/F_12-Jun-2017_rpm570_doc0p008,train,42,0,cv_evaluation,no_chatter,0,-0.41840995175193796
turning,one_class_svm_image_features,anomaly_score,2p5inchStickout_F_12-Jun-2017_rpm570_doc0p008_window_0007,2p5inchStickout/F_12-Jun-2017_rpm570_doc0p008,train,42,0,cv_evaluation,no_chatter,0,-0.38912411151152493
turning,one_class_svm_image_features,anomaly_score,2p5inchStickout_F_12-Jun-2017_rpm570_doc0p008_window_0008,2p5inchStickout/F_12-Jun-2017_rpm570_doc0p008,train,42,0,cv_evaluation,no_chatter,0,-0.34878344259943916
turning,one_class_svm_image_features,anomaly_score,2p5inchStickout_F_12-Jun-2017_rpm570_doc0p008_window_0009,2p5inchStickout/F_12-Jun-2017_rpm570_doc0p008,validation,42,0,cv_evaluation,no_chatter,0,-0.510560416974027
turning,one_class_svm_image_features,anomaly_score,4p5inchStickout_F_12-Jun-2017_rpm570_doc0p035_window_0000,4p5inchStickout/F_12-Jun-2017_rpm570_doc0p035,validation,42,0,cv_evaluation,no_chatter,0,-0.0920836463958139
turning,one_class_svm_image_features,anomaly_score,4p5inchStickout_F_12-Jun-2017_rpm570_doc0p035_window_0001,4p5inchStickout/F_12-Jun-2017_rpm570_doc0p035,validation,42,0,cv_evaluation,no_chatter,0,-0.07928805510098624
turning,one_class_svm_image_features,anomaly_score,4p5inchStickout_F_12-Jun-2017_rpm570_doc0p035_window_0002,4p5inchStickout/F_12-Jun-2017_rpm570_doc0p035,train,42,0,cv_evaluation,no_chatter,0,-0.03372728485146115
turning,one_class_svm_image_features,anomaly_score,4p5inchStickout_F_12-Jun-2017_rpm570_doc0p035_window_0003,4p5inchStickout/F_12-Jun-2017_rpm570_doc0p035,train,42,0,cv_evaluation,no_chatter,0,-0.16913780444797544
turning,one_class_svm_image_features,anomaly_score,4p5inchStickout_F_12-Jun-2017_rpm570_doc0p035_window_0004,4p5inchStickout/F_12-Jun-2017_rpm570_doc0p035,train,42,0,cv_evaluation,no_chatter,0,-0.15835172515827378
turning,one_class_svm_image_features,anomaly_score,4p5inchStickout_F_12-Jun-2017_rpm570_doc0p035_window_0005,4p5inchStickout/F_12-Jun-2017_rpm570_doc0p035,train,42,0,cv_evaluation,no_chatter,0,-0.11587016672919481
turning,one_class_svm_image_features,anomaly_score,4p5inchStickout_F_12-Jun-2017_rpm570_doc0p035_window_0006,4p5inchStickout/F_12-Jun-2017_rpm570_doc0p035,train,42,0,cv_evaluation,no_chatter,0,-0.13076669342481373
turning,one_class_svm_image_features,anomaly_score,4p5inchStickout_F_12-Jun-2017_rpm570_doc0p035_window_0007,4p5inchStickout/F_12-Jun-2017_rpm570_doc0p035,train,42,0,cv_evaluation,no_chatter,0,-0.11135677512938824
turning,one_class_svm_image_features,anomaly_score,4p5inchStickout_F_12-Jun-2017_rpm570_doc0p035_window_0008,4p5inchStickout/F_12-Jun-2017_rpm570_doc0p035,train,42,0,cv_evaluation,no_chatter,0,-0.07630652412158212
turning,one_class_svm_image_features,anomaly_score,4p5inchStickout_F_12-Jun-2017_rpm570_doc0p035_window_0009,4p5inchStickout/F_12-Jun-2017_rpm570_doc0p035,train,42,0,cv_evaluation,no_chatter,0,0.6300783720106713
turning,one_class_svm_image_features,anomaly_score,4p5inchStickout_F_12-Jun-2017_rpm570_doc0p035_window_0010,4p5inchStickout/F_12-Jun-2017_rpm570_doc0p035,validation,42,0,cv_evaluation,no_chatter,0,-0.040658631899655795
turning,one_class_svm_image_features,anomaly_score,4p5inchStickout_F_12-Jun-2017_rpm570_doc0p035_window_0011,4p5inchStickout/F_12-Jun-2017_rpm570_doc0p035,train,42,0,cv_evaluation,no_chatter,0,-0.03208015578307788
turning,one_class_svm_image_features,anomaly_score,4p5inchStickout_F_13-Jun-2017_rpm1030_doc0p005_window_0000,4p5inchStickout/F_13-Jun-2017_rpm1030_doc0p005,train,42,0,cv_evaluation,no_chatter,0,-0.026845821732568886
turning,one_class_svm_image_features,anomaly_score,4p5inchStickout_F_13-Jun-2017_rpm1030_doc0p005_window_0001,4p5inchStickout/F_13-Jun-2017_rpm1030_doc0p005,test,42,0,cv_evaluation,no_chatter,0,0.027541786055399253
turning,one_class_svm_image_features,anomaly_score,4p5inchStickout_F_13-Jun-2017_rpm1030_doc0p005_window_0002,4p5inchStickout/F_13-Jun-2017_rpm1030_doc0p005,test,42,0,cv_evaluation,no_chatter,0,-0.07250726773512706
turning,one_class_svm_image_features,anomaly_score,4p5inchStickout_F_13-Jun-2017_rpm1030_doc0p005_window_0003,4p5inchStickout/F_13-Jun-2017_rpm1030_doc0p005,train,42,0,cv_evaluation,no_chatter,0,0.13759178403671712
turning,one_class_svm_image_features,anomaly_score,4p5inchStickout_F_13-Jun-2017_rpm1030_doc0p014_window_0000,4p5inchStickout/F_13-Jun-2017_rpm1030_doc0p014,train,42,0,cv_evaluation,no_chatter,0,-0.024148356808061378
turning,one_class_svm_image_features,anomaly_score,4p5inchStickout_F_13-Jun-2017_rpm1030_doc0p014_window_0001,4p5inchStickout/F_13-Jun-2017_rpm1030_doc0p014,train,42,0,cv_evaluation,no_chatter,0,-0.1635376681644023
turning,one_class_svm_image_features,anomaly_score,4p5inchStickout_F_13-Jun-2017_rpm1030_doc0p014_window_0002,4p5inchStickout/F_13-Jun-2017_rpm1030_doc0p014,validation,42,0,cv_evaluation,no_chatter,0,0.04333299117692935
turning,one_class_svm_image_features,anomaly_score,4p5inchStickout_F_13-Jun-2017_rpm1030_doc0p014_window_0003,4p5inchStickout/F_13-Jun-2017_rpm1030_doc0p014,train,42,0,cv_evaluation,no_chatter,0,0.07736131319222306
turning,one_class_svm_image_features,anomaly_score,4p5inchStickout_F_13-Jun-2017_rpm770_doc0p015_window_0000,4p5inchStickout/F_13-Jun-2017_rpm770_doc0p015,train,42,0,cv_evaluation,no_chatter,0,-0.02024952788907397
turning,one_class_svm_image_features,anomaly_score,4p5inchStickout_F_13-Jun-2017_rpm770_doc0p015_window_0001,4p5inchStickout/F_13-Jun-2017_rpm770_doc0p015,validation,42,0,cv_evaluation,no_chatter,0,0.0005613011713754279
turning,one_class_svm_image_features,anomaly_score,4p5inchStickout_F_13-Jun-2017_rpm770_doc0p015_window_0002,4p5inchStickout/F_13-Jun-2017_rpm770_doc0p015,validation,42,0,cv_evaluation,no_chatter,0,-0.16073015509757105
turning,one_class_svm_image_features,anomaly_score,4p5inchStickout_F_13-Jun-2017_rpm770_doc0p015_window_0003,4p5inchStickout/F_13-Jun-2017_rpm770_doc0p015,train,42,0,cv_evaluation,no_chatter,0,-0.06602766634019352
turning,one_class_svm_image_features,anomaly_score,4p5inchStickout_F_13-Jun-2017_rpm770_doc0p015_window_0004,4p5inchStickout/F_13-Jun-2017_rpm770_doc0p015,validation,42,0,cv_evaluation,no_chatter,0,-0.022094588850797292
turning,one_class_svm_image_features,anomaly_score,4p5inchStickout_F_13-Jun-2017_rpm770_doc0p015_window_0005,4p5inchStickout/F_13-Jun-2017_rpm770_doc0p015,validation,42,0,cv_evaluation,no_chatter,0,-0.10706422240450064
turning,isolation_forest_image_features,anomaly_score,2inchStickout_F_08-Jun-2017_rpm320_doc0p020_window_0000,2inchStickout/F_08-Jun-2017_rpm320_doc0p020,validation,42,0,cv_evaluation,no_chatter,0,-0.11340795528330466
turning,isolation_forest_image_features,anomaly_score,2inchStickout_F_08-Jun-2017_rpm320_doc0p020_window_0001,2inchStickout/F_08-Jun-2017_rpm320_doc0p020,train,42,0,cv_evaluation,no_chatter,0,-0.1138907053289408
turning,isolation_forest_image_features,anomaly_score,2inchStickout_F_08-Jun-2017_rpm320_doc0p020_window_0002,2inchStickout/F_08-Jun-2017_rpm320_doc0p020,train,42,0,cv_evaluation,no_chatter,0,-0.10972202777982937
turning,isolation_forest_image_features,anomaly_score,2inchStickout_F_08-Jun-2017_rpm320_doc0p020_window_0003,2inchStickout/F_08-Jun-2017_rpm320_doc0p020,validation,42,0,cv_evaluation,no_chatter,0,-0.11223773771201179
turning,isolation_forest_image_features,anomaly_score,2inchStickout_F_08-Jun-2017_rpm320_doc0p020_window_0004,2inchStickout/F_08-Jun-2017_rpm320_doc0p020,validation,42,0,cv_evaluation,no_chatter,0,-0.09963643101640829
turning,isolation_forest_image_features,anomaly_score,2inchStickout_F_08-Jun-2017_rpm320_doc0p020_window_0005,2inchStickout/F_08-Jun-2017_rpm320_doc0p020,train,42,0,cv_evaluation,no_chatter,0,-0.09838537398070535
turning,isolation_forest_image_features,anomaly_score,2inchStickout_F_08-Jun-2017_rpm320_doc0p020_window_0006,2inchStickout/F_08-Jun-2017_rpm320_doc0p020,validation,42,0,cv_evaluation,no_chatter,0,-0.10726004178030746
turning,isolation_forest_image_features,anomaly_score,2inchStickout_F_08-Jun-2017_rpm320_doc0p020_window_0007,2inchStickout/F_08-Jun-2017_rpm320_doc0p020,train,42,0,cv_evaluation,no_chatter,0,-0.10157234829448497
turning,isolation_forest_image_features,anomaly_score,2inchStickout_F_08-Jun-2017_rpm320_doc0p020_window_0008,2inchStickout/F_08-Jun-2017_rpm320_doc0p020,train,42,0,cv_evaluation,no_chatter,0,-0.09293131737053317
turning,isolation_forest_image_features,anomaly_score,2inchStickout_F_08-Jun-2017_rpm320_doc0p020_window_0009,2inchStickout/F_08-Jun-2017_rpm320_doc0p020,train,42,0,cv_evaluation,no_chatter,0,-0.08727982984975124
turning,isolation_forest_image_features,anomaly_score,2inchStickout_F_08-Jun-2017_rpm320_doc0p020_window_0010,2inchStickout/F_08-Jun-2017_rpm320_doc0p020,train,42,0,cv_evaluation,no_chatter,0,-0.04716121958879804
turning,isolation_forest_image_features,anomaly_score,2inchStickout_F_08-Jun-2017_rpm320_doc0p020_window_0011,2inchStickout/F_08-Jun-2017_rpm320_doc0p020,train,42,0,cv_evaluation,no_chatter,0,-0.06129290959456274
turning,isolation_forest_image_features,anomaly_score,2inchStickout_F_08-Jun-2017_rpm320_doc0p020_window_0012,2inchStickout/F_08-Jun-2017_rpm320_doc0p020,train,42,0,cv_evaluation,no_chatter,0,-0.06912158219488268
turning,isolation_forest_image_features,anomaly_score,2inchStickout_F_08-Jun-2017_rpm320_doc0p020_window_0013,2inchStickout/F_08-Jun-2017_rpm320_doc0p020,validation,42,0,cv_evaluation,no_chatter,0,-0.09939983742973135
turning,isolation_forest_image_features,anomaly_score,2inchStickout_F_08-Jun-2017_rpm320_doc0p020_window_0014,2inchStickout/F_08-Jun-2017_rpm320_doc0p020,validation,42,0,cv_evaluation,no_chatter,0,-0.1037529819282979
turning,isolation_forest_image_features,anomaly_score,2inchStickout_F_08-Jun-2017_rpm320_doc0p020_window_0015,2inchStickout/F_08-Jun-2017_rpm320_doc0p020,train,42,0,cv_evaluation,no_chatter,0,-0.09805874831634265
turning,isolation_forest_image_features,anomaly_score,2inchStickout_F_08-Jun-2017_rpm320_doc0p020_window_0016,2inchStickout/F_08-Jun-2017_rpm320_doc0p020,train,42,0,cv_evaluation,no_chatter,0,-0.10815511156065616
turning,isolation_forest_image_features,anomaly_score,2inchStickout_F_08-Jun-2017_rpm320_doc0p020_window_0017,2inchStickout/F_08-Jun-2017_rpm320_doc0p020,train,42,0,cv_evaluation,no_chatter,0,-0.10429773484577892
turning,isolation_forest_image_features,anomaly_score,2inchStickout_F_08-Jun-2017_rpm320_doc0p020_window_0018,2inchStickout/F_08-Jun-2017_rpm320_doc0p020,train,42,0,cv_evaluation,no_chatter,0,-0.09706013564463595
turning,isolation_forest_image_features,anomaly_score,2inchStickout_F_08-Jun-2017_rpm320_doc0p020_window_0019,2inchStickout/F_08-Jun-2017_rpm320_doc0p020,train,42,0,cv_evaluation,no_chatter,0,-0.0936632020046893
turning,isolation_forest_image_features,anomaly_score,2inchStickout_F_08-Jun-2017_rpm320_doc0p020_window_0020,2inchStickout/F_08-Jun-2017_rpm320_doc0p020,train,42,0,cv_evaluation,no_chatter,0,-0.0990419130892134
turning,isolation_forest_image_features,anomaly_score,2inchStickout_F_08-Jun-2017_rpm320_doc0p020_window_0021,2inchStickout/F_08-Jun-2017_rpm320_doc0p020,train,42,0,cv_evaluation,no_chatter,0,-0.10598420414549842
turning,isolation_forest_image_features,anomaly_score,2inchStickout_F_08-Jun-2017_rpm320_doc0p020_window_0022,2inchStickout/F_08-Jun-2017_rpm320_doc0p020,validation,42,0,cv_evaluation,no_chatter,0,-0.10112588700342956
turning,isolation_forest_image_features,anomaly_score,2inchStickout_F_08-Jun-2017_rpm320_doc0p020_window_0023,2inchStickout/F_08-Jun-2017_rpm320_doc0p020,train,42,0,cv_evaluation,no_chatter,0,-0.11773241971908205
turning,isolation_forest_image_features,anomaly_score,2inchStickout_F_08-Jun-2017_rpm320_doc0p025_window_0000,2inchStickout/F_08-Jun-2017_rpm320_doc0p025,train,42,0,cv_evaluation,no_chatter,0,-0.11002606583736274
turning,isolation_forest_image_features,anomaly_score,2inchStickout_F_08-Jun-2017_rpm320_doc0p025_window_0001,2inchStickout/F_08-Jun-2017_rpm320_doc0p025,train,42,0,cv_evaluation,no_chatter,0,-0.11087891249486265
turning,isolation_forest_image_features,anomaly_score,2inchStickout_F_08-Jun-2017_rpm320_doc0p025_window_0002,2inchStickout/F_08-Jun-2017_rpm320_doc0p025,train,42,0,cv_evaluation,no_chatter,0,-0.10022857148070474
turning,isolation_forest_image_features,anomaly_score,2inchStickout_F_08-Jun-2017_rpm320_doc0p025_window_0003,2inchStickout/F_08-Jun-2017_rpm320_doc0p025,validation,42,0,cv_evaluation,no_chatter,0,-0.10370653302135446
turning,isolation_forest_image_features,anomaly_score,2inchStickout_F_08-Jun-2017_rpm320_doc0p025_window_0004,2inchStickout/F_08-Jun-2017_rpm320_doc0p025,validation,42,0,cv_evaluation,no_chatter,0,-0.12755789738955897
turning,isolation_forest_image_features,anomaly_score,2inchStickout_F_08-Jun-2017_rpm320_doc0p025_window_0005,2inchStickout/F_08-Jun-2017_rpm320_doc0p025,train,42,0,cv_evaluation,no_chatter,0,-0.1270034089529788
turning,isolation_forest_image_features,anomaly_score,2inchStickout_F_08-Jun-2017_rpm320_doc0p025_window_0006,2inchStickout/F_08-Jun-2017_rpm320_doc0p025,train,42,0,cv_evaluation,no_chatter,0,-0.13362212209245372
turning,isolation_forest_image_features,anomaly_score,2inchStickout_F_08-Jun-2017_rpm320_doc0p025_window_0007,2inchStickout/F_08-Jun-2017_rpm320_doc0p025,train,42,0,cv_evaluation,no_chatter,0,-0.12806526549011826
turning,isolation_forest_image_features,anomaly_score,2inchStickout_F_08-Jun-2017_rpm320_doc0p025_window_0008,2inchStickout/F_08-Jun-2017_rpm320_doc0p025,validation,42,0,cv_evaluation,no_chatter,0,-0.13693135316868915
turning,isolation_forest_image_features,anomaly_score,2inchStickout_F_08-Jun-2017_rpm320_doc0p025_window_0009,2inchStickout/F_08-Jun-2017_rpm320_doc0p025,train,42,0,cv_evaluation,no_chatter,0,-0.12803668310897653
turning,isolation_forest_image_features,anomaly_score,2inchStickout_F_08-Jun-2017_rpm320_doc0p025_window_0010,2inchStickout/F_08-Jun-2017_rpm320_doc0p025,train,42,0,cv_evaluation,no_chatter,0,-0.13559573406338793
turning,isolation_forest_image_features,anomaly_score,2inchStickout_F_08-Jun-2017_rpm320_doc0p025_window_0011,2inchStickout/F_08-Jun-2017_rpm320_doc0p025,train,42,0,cv_evaluation,no_chatter,0,-0.13958058545754093
turning,isolation_forest_image_features,anomaly_score,2inchStickout_F_08-Jun-2017_rpm320_doc0p025_window_0012,2inchStickout/F_08-Jun-2017_rpm320_doc0p025,validation,42,0,cv_evaluation,no_chatter,0,-0.09885659363097998
turning,isolation_forest_image_features,anomaly_score,2inchStickout_F_08-Jun-2017_rpm320_doc0p025_window_0013,2inchStickout/F_08-Jun-2017_rpm320_doc0p025,validation,42,0,cv_evaluation,no_chatter,0,-0.07158196786673443
turning,isolation_forest_image_features,anomaly_score,2inchStickout_F_08-Jun-2017_rpm320_doc0p025_window_0014,2inchStickout/F_08-Jun-2017_rpm320_doc0p025,train,42,0,cv_evaluation,no_chatter,0,-0.04753339608179108
turning,isolation_forest_image_features,anomaly_score,2inchStickout_F_08-Jun-2017_rpm320_doc0p025_window_0015,2inchStickout/F_08-Jun-2017_rpm320_doc0p025,train,42,0,cv_evaluation,no_chatter,0,-0.006227308582637758
turning,isolation_forest_image_features,anomaly_score,2inchStickout_F_08-Jun-2017_rpm320_doc0p025_window_0016,2inchStickout/F_08-Jun-2017_rpm320_doc0p025,train,42,0,cv_evaluation,no_chatter,0,-0.06868569096172583
turning,isolation_forest_image_features,anomaly_score,2inchStickout_F_08-Jun-2017_rpm320_doc0p025_window_0017,2inchStickout/F_08-Jun-2017_rpm320_doc0p025,validation,42,0,cv_evaluation,no_chatter,0,-0.09994062830004696
turning,isolation_forest_image_features,anomaly_score,2inchStickout_F_08-Jun-2017_rpm320_doc0p025_window_0018,2inchStickout/F_08-Jun-2017_rpm320_doc0p025,train,42,0,cv_evaluation,no_chatter,0,-0.0842219057337012
turning,isolation_forest_image_features,anomaly_score,2inchStickout_F_08-Jun-2017_rpm320_doc0p025_window_0019,2inchStickout/F_08-Jun-2017_rpm320_doc0p025,train,42,0,cv_evaluation,no_chatter,0,-0.08728023010342434
turning,isolation_forest_image_features,anomaly_score,2inchStickout_F_08-Jun-2017_rpm320_doc0p025_window_0020,2inchStickout/F_08-Jun-2017_rpm320_doc0p025,train,42,0,cv_evaluation,no_chatter,0,-0.08484937255795938
turning,isolation_forest_image_features,anomaly_score,2inchStickout_F_08-Jun-2017_rpm320_doc0p025_window_0021,2inchStickout/F_08-Jun-2017_rpm320_doc0p025,validation,42,0,cv_evaluation,no_chatter,0,-0.08514229549976648
turning,isolation_forest_image_features,anomaly_score,2inchStickout_F_08-Jun-2017_rpm320_doc0p025_window_0022,2inchStickout/F_08-Jun-2017_rpm320_doc0p025,train,42,0,cv_evaluation,no_chatter,0,-0.11947630237432111
turning,isolation_forest_image_features,anomaly_score,2inchStickout_F_08-Jun-2017_rpm320_doc0p025_window_0023,2inchStickout/F_08-Jun-2017_rpm320_doc0p025,validation,42,0,cv_evaluation,no_chatter,0,-0.09708920127406329
turning,isolation_forest_image_features,anomaly_score,2inchStickout_F_08-Jun-2017_rpm425_doc0p010_window_0000,2inchStickout/F_08-Jun-2017_rpm425_doc0p010,validation,42,0,cv_evaluation,no_chatter,0,-0.0998748594193094
turning,isolation_forest_image_features,anomaly_score,2inchStickout_F_08-Jun-2017_rpm425_doc0p010_window_0001,2inchStickout/F_08-Jun-2017_rpm425_doc0p010,train,42,0,cv_evaluation,no_chatter,0,-0.09757394625373744
turning,isolation_forest_image_features,anomaly_score,2inchStickout_F_08-Jun-2017_rpm425_doc0p010_window_0002,2inchStickout/F_08-Jun-2017_rpm425_doc0p010,train,42,0,cv_evaluation,no_chatter,0,-0.11489112585416228
turning,isolation_forest_image_features,anomaly_score,2inchStickout_F_08-Jun-2017_rpm425_doc0p010_window_0003,2inchStickout/F_08-Jun-2017_rpm425_doc0p010,train,42,0,cv_evaluation,no_chatter,0,-0.10769195475391669
turning,isolation_forest_image_features,anomaly_score,2inchStickout_F_08-Jun-2017_rpm425_doc0p010_window_0004,2inchStickout/F_08-Jun-2017_rpm425_doc0p010,train,42,0,cv_evaluation,no_chatter,0,-0.11318568934031759
turning,isolation_forest_image_features,anomaly_score,2inchStickout_F_08-Jun-2017_rpm425_doc0p010_window_0005,2inchStickout/F_08-Jun-2017_rpm425_doc0p010,validation,42,0,cv_evaluation,no_chatter,0,-0.09400678208513868
turning,isolation_forest_image_features,anomaly_score,2inchStickout_F_08-Jun-2017_rpm425_doc0p010_window_0006,2inchStickout/F_08-Jun-2017_rpm425_doc0p010,train,42,0,cv_evaluation,no_chatter,0,-0.09105257646499465
turning,isolation_forest_image_features,anomaly_score,2inchStickout_F_08-Jun-2017_rpm425_doc0p010_window_0007,2inchStickout/F_08-Jun-2017_rpm425_doc0p010,train,42,0,cv_evaluation,no_chatter,0,-0.08727512202239218
turning,isolation_forest_image_features,anomaly_score,2inchStickout_F_08-Jun-2017_rpm425_doc0p020_window_0000,2inchStickout/F_08-Jun-2017_rpm425_doc0p020,train,42,0,cv_evaluation,no_chatter,0,-0.10707126622348229
turning,isolation_forest_image_features,anomaly_score,2inchStickout_F_08-Jun-2017_rpm425_doc0p020_window_0001,2inchStickout/F_08-Jun-2017_rpm425_doc0p020,train,42,0,cv_evaluation,no_chatter,0,-0.09492638456199565
turning,isolation_forest_image_features,anomaly_score,2inchStickout_F_08-Jun-2017_rpm425_doc0p020_window_0002,2inchStickout/F_08-Jun-2017_rpm425_doc0p020,test,42,0,cv_evaluation,no_chatter,0,-0.11478549513375036
turning,isolation_forest_image_features,anomaly_score,2inchStickout_F_08-Jun-2017_rpm425_doc0p020_window_0003,2inchStickout/F_08-Jun-2017_rpm425_doc0p020,train,42,0,cv_evaluation,no_chatter,0,-0.10937667364082082
turning,isolation_forest_image_features,anomaly_score,2inchStickout_F_08-Jun-2017_rpm425_doc0p020_window_0004,2inchStickout/F_08-Jun-2017_rpm425_doc0p020,train,42,0,cv_evaluation,no_chatter,0,-0.07830530912814798
turning,isolation_forest_image_features,anomaly_score,2inchStickout_F_08-Jun-2017_rpm425_doc0p020_window_0005,2inchStickout/F_08-Jun-2017_rpm425_doc0p020,test,42,0,cv_evaluation,no_chatter,0,0.006242205556123093
turning,isolation_forest_image_features,anomaly_score,2inchStickout_F_08-Jun-2017_rpm425_doc0p020_window_0006,2inchStickout/F_08-Jun-2017_rpm425_doc0p020,validation,42,0,cv_evaluation,chatter,1,0.08304541027578616
turning,isolation_forest_image_features,anomaly_score,2inchStickout_F_08-Jun-2017_rpm425_doc0p020_window_0007,2inchStickout/F_08-Jun-2017_rpm425_doc0p020,validation,42,0,cv_evaluation,chatter,1,0.09562183285776538
turning,isolation_forest_image_features,anomaly_score,2inchStickout_F_08-Jun-2017_rpm770_doc0p010_window_0000,2inchStickout/F_08-Jun-2017_rpm770_doc0p010,train,42,0,cv_evaluation,no_chatter,0,-0.11224216400523357
turning,isolation_forest_image_features,anomaly_score,2inchStickout_F_08-Jun-2017_rpm770_doc0p010_window_0001,2inchStickout/F_08-Jun-2017_rpm770_doc0p010,test,42,0,cv_evaluation,chatter,1,0.1975110069415621
turning,isolation_forest_image_features,anomaly_score,2inchStickout_F_08-Jun-2017_rpm770_doc0p010_window_0002,2inchStickout/F_08-Jun-2017_rpm770_doc0p010,test,42,0,cv_evaluation,chatter,1,0.25672636651464653
turning,isolation_forest_image_features,anomaly_score,2inchStickout_F_08-Jun-2017_rpm770_doc0p010_window_0003,2inchStickout/F_08-Jun-2017_rpm770_doc0p010,test,42,0,cv_evaluation,chatter,1,0.25166954333509506
turning,isolation_forest_image_features,anomaly_score,2inchStickout_F_08-Jun-2017_rpm770_doc0p010_window_0004,2inchStickout/F_08-Jun-2017_rpm770_doc0p010,test,42,0,cv_evaluation,chatter,1,0.2528786329921513
turning,isolation_forest_image_features,anomaly_score,2inchStickout_F_08-Jun-2017_rpm770_doc0p010_window_0005,2inchStickout/F_08-Jun-2017_rpm770_doc0p010,test,42,0,cv_evaluation,chatter,1,0.25912267498449204
turning,isolation_forest_image_features,anomaly_score,2inchStickout_F_08-Jun-2017_rpm770_doc0p010_window_0006,2inchStickout/F_08-Jun-2017_rpm770_doc0p010,test,42,0,cv_evaluation,chatter,1,0.2568786768993897
turning,isolation_forest_image_features,anomaly_score,2inchStickout_F_08-Jun-2017_rpm770_doc0p010_window_0007,2inchStickout/F_08-Jun-2017_rpm770_doc0p010,test,42,0,cv_evaluation,chatter,1,0.2559411692767233
turning,isolation_forest_image_features,anomaly_score,2inchStickout_F_08-Jun-2017_rpm770_doc0p010_window_0008,2inchStickout/F_08-Jun-2017_rpm770_doc0p010,test,42,0,cv_evaluation,chatter,1,0.25542988281080836
turning,isolation_forest_image_features,anomaly_score,2inchStickout_F_08-Jun-2017_rpm770_doc0p010_window_0009,2inchStickout/F_08-Jun-2017_rpm770_doc0p010,test,42,0,cv_evaluation,chatter,1,0.25952987696634366
turning,isolation_forest_image_features,anomaly_score,2inchStickout_F_08-Jun-2017_rpm770_doc0p010_window_0010,2inchStickout/F_08-Jun-2017_rpm770_doc0p010,test,42,0,cv_evaluation,chatter,1,0.27067715285662963
turning,isolation_forest_image_features,anomaly_score,2inchStickout_F_08-Jun-2017_rpm770_doc0p010_window_0011,2inchStickout/F_08-Jun-2017_rpm770_doc0p010,test,42,0,cv_evaluation,chatter,1,0.2743358172303634
turning,isolation_forest_image_features,anomaly_score,2inchStickout_F_08-Jun-2017_rpm770_doc0p010_window_0012,2inchStickout/F_08-Jun-2017_rpm770_doc0p010,test,42,0,cv_evaluation,chatter,1,0.2559411692767233
turning,isolation_forest_image_features,anomaly_score,2inchStickout_F_08-Jun-2017_rpm770_doc0p010_window_0013,2inchStickout/F_08-Jun-2017_rpm770_doc0p010,test,42,0,cv_evaluation,chatter,1,0.23043307941570146
turning,isolation_forest_image_features,anomaly_score,2inchStickout_F_08-Jun-2017_rpm770_doc0p010_window_0014,2inchStickout/F_08-Jun-2017_rpm770_doc0p010,train,42,0,cv_evaluation,no_chatter,0,0.10568468100595618
turning,isolation_forest_image_features,anomaly_score,2inchStickout_F_08-Jun-2017_rpm770_doc0p010_window_0015,2inchStickout/F_08-Jun-2017_rpm770_doc0p010,train,42,0,cv_evaluation,no_chatter,0,-0.11445595661830321
turning,isolation_forest_image_features,anomaly_score,2inchStickout_F_08-Jun-2017_rpm770_doc0p010_window_0016,2inchStickout/F_08-Jun-2017_rpm770_doc0p010,train,42,0,cv_evaluation,no_chatter,0,-0.11188223522505497
turning,isolation_forest_image_features,anomaly_score,2inchStickout_F_08-Jun-2017_rpm770_doc0p010_window_0017,2inchStickout/F_08-Jun-2017_rpm770_doc0p010,train,42,0,cv_evaluation,no_chatter,0,-0.11078176618623059
turning,isolation_forest_image_features,anomaly_score,2inchStickout_F_08-Jun-2017_rpm770_doc0p010_window_0018,2inchStickout/F_08-Jun-2017_rpm770_doc0p010,train,42,0,cv_evaluation,no_chatter,0,-0.08655883341553278
turning,isolation_forest_image_features,anomaly_score,2inchStickout_F_08-Jun-2017_rpm770_doc0p010_window_0019,2inchStickout/F_08-Jun-2017_rpm770_doc0p010,train,42,0,cv_evaluation,no_chatter,0,-0.08867902863458071
turning,isolation_forest_image_features,anomaly_score,2inchStickout_F_08-Jun-2017_rpm770_doc0p010_window_0020,2inchStickout/F_08-Jun-2017_rpm770_doc0p010,train,42,0,cv_evaluation,no_chatter,0,-0.08125839861698853
turning,isolation_forest_image_features,anomaly_score,2inchStickout_F_08-Jun-2017_rpm770_doc0p010_window_0021,2inchStickout/F_08-Jun-2017_rpm770_doc0p010,train,42,0,cv_evaluation,no_chatter,0,-0.0816413550827853
turning,isolation_forest_image_features,anomaly_score,2inchStickout_F_08-Jun-2017_rpm770_doc0p010_window_0022,2inchStickout/F_08-Jun-2017_rpm770_doc0p010,train,42,0,cv_evaluation,no_chatter,0,-0.08918028208684842
turning,isolation_forest_image_features,anomaly_score,2inchStickout_F_08-Jun-2017_rpm770_doc0p010_window_0023,2inchStickout/F_08-Jun-2017_rpm770_doc0p010,train,42,0,cv_evaluation,no_chatter,0,-0.08735766961191438
turning,isolation_forest_image_features,anomaly_score,2inchStickout_F_08-Jun-2017_smoothingCut2_noChatter_window_0000,2inchStickout/F_08-Jun-2017_smoothingCut2_noChatter,train,42,0,cv_evaluation,no_chatter,0,-0.11315273890595268
turning,isolation_forest_image_features,anomaly_score,2inchStickout_F_08-Jun-2017_smoothingCut2_noChatter_window_0001,2inchStickout/F_08-Jun-2017_smoothingCut2_noChatter,test,42,0,cv_evaluation,no_chatter,0,-0.06822148776085918
turning,isolation_forest_image_features,anomaly_score,2inchStickout_F_08-Jun-2017_smoothingCut2_noChatter_window_0002,2inchStickout/F_08-Jun-2017_smoothingCut2_noChatter,train,42,0,cv_evaluation,no_chatter,0,-0.001897032902618223
turning,isolation_forest_image_features,anomaly_score,2inchStickout_F_08-Jun-2017_smoothingCut2_noChatter_window_0003,2inchStickout/F_08-Jun-2017_smoothingCut2_noChatter,train,42,0,cv_evaluation,no_chatter,0,-0.07123659803948096
turning,isolation_forest_image_features,anomaly_score,2inchStickout_F_08-Jun-2017_smoothingCut2_noChatter_window_0004,2inchStickout/F_08-Jun-2017_smoothingCut2_noChatter,train,42,0,cv_evaluation,no_chatter,0,-0.09027526198186403
turning,isolation_forest_image_features,anomaly_score,2inchStickout_F_08-Jun-2017_smoothingCut2_noChatter_window_0005,2inchStickout/F_08-Jun-2017_smoothingCut2_noChatter,train,42,0,cv_evaluation,no_chatter,0,-0.10174415131778686
turning,isolation_forest_image_features,anomaly_score,2inchStickout_F_08-Jun-2017_smoothingCut2_noChatter_window_0006,2inchStickout/F_08-Jun-2017_smoothingCut2_noChatter,train,42,0,cv_evaluation,no_chatter,0,-0.10827354360369579
turning,isolation_forest_image_features,anomaly_score,2inchStickout_F_08-Jun-2017_smoothingCut2_noChatter_window_0007,2inchStickout/F_08-Jun-2017_smoothingCut2_noChatter,test,42,0,cv_evaluation,no_chatter,0,-0.11207245566367074
turning,isolation_forest_image_features,anomaly_score,2inchStickout_F_08-Jun-2017_smoothingCut2_noChatter_window_0008,2inchStickout/F_08-Jun-2017_smoothingCut2_noChatter,train,42,0,cv_evaluation,no_chatter,0,-0.11784343943545122
turning,isolation_forest_image_features,anomaly_score,2inchStickout_F_08-Jun-2017_smoothingCut2_noChatter_window_0009,2inchStickout/F_08-Jun-2017_smoothingCut2_noChatter,train,42,0,cv_evaluation,no_chatter,0,-0.11469789399255964
turning,isolation_forest_image_features,anomaly_score,2inchStickout_F_08-Jun-2017_smoothingCut2_noChatter_window_0010,2inchStickout/F_08-Jun-2017_smoothingCut2_noChatter,test,42,0,cv_evaluation,no_chatter,0,-0.11553399394062241
turning,isolation_forest_image_features,anomaly_score,2inchStickout_F_08-Jun-2017_smoothingCut2_noChatter_window_0011,2inchStickout/F_08-Jun-2017_smoothingCut2_noChatter,train,42,0,cv_evaluation,no_chatter,0,-0.10840770400803351
turning,isolation_forest_image_features,anomaly_score,2p5inchStickout_F_12-Jun-2017_rpm570_doc0p008_window_0000,2p5inchStickout/F_12-Jun-2017_rpm570_doc0p008,train,42,0,cv_evaluation,no_chatter,0,-0.0920541595576827
turning,isolation_forest_image_features,anomaly_score,2p5inchStickout_F_12-Jun-2017_rpm570_doc0p008_window_0001,2p5inchStickout/F_12-Jun-2017_rpm570_doc0p008,train,42,0,cv_evaluation,no_chatter,0,-0.09196725256675542
turning,isolation_forest_image_features,anomaly_score,2p5inchStickout_F_12-Jun-2017_rpm570_doc0p008_window_0002,2p5inchStickout/F_12-Jun-2017_rpm570_doc0p008,train,42,0,cv_evaluation,no_chatter,0,-0.09614922645958202
turning,isolation_forest_image_features,anomaly_score,2p5inchStickout_F_12-Jun-2017_rpm570_doc0p008_window_0003,2p5inchStickout/F_12-Jun-2017_rpm570_doc0p008,train,42,0,cv_evaluation,no_chatter,0,-0.06686702915521175
turning,isolation_forest_image_features,anomaly_score,2p5inchStickout_F_12-Jun-2017_rpm570_doc0p008_window_0004,2p5inchStickout/F_12-Jun-2017_rpm570_doc0p008,train,42,0,cv_evaluation,no_chatter,0,-0.07910854535499046
turning,isolation_forest_image_features,anomaly_score,2p5inchStickout_F_12-Jun-2017_rpm570_doc0p008_window_0005,2p5inchStickout/F_12-Jun-2017_rpm570_doc0p008,train,42,0,cv_evaluation,no_chatter,0,-0.05603745328318077
turning,isolation_forest_image_features,anomaly_score,2p5inchStickout_F_12-Jun-2017_rpm570_doc0p008_window_0006,2p5inchStickout/F_12-Jun-2017_rpm570_doc0p008,train,42,0,cv_evaluation,no_chatter,0,-0.10620937998632007
turning,isolation_forest_image_features,anomaly_score,2p5inchStickout_F_12-Jun-2017_rpm570_doc0p008_window_0007,2p5inchStickout/F_12-Jun-2017_rpm570_doc0p008,train,42,0,cv_evaluation,no_chatter,0,-0.08136104870189648
turning,isolation_forest_image_features,anomaly_score,2p5inchStickout_F_12-Jun-2017_rpm570_doc0p008_window_0008,2p5inchStickout/F_12-Jun-2017_rpm570_doc0p008,train,42,0,cv_evaluation,no_chatter,0,-0.09064984386539227
turning,isolation_forest_image_features,anomaly_score,2p5inchStickout_F_12-Jun-2017_rpm570_doc0p008_window_0009,2p5inchStickout/F_12-Jun-2017_rpm570_doc0p008,validation,42,0,cv_evaluation,no_chatter,0,-0.08847786184576717
turning,isolation_forest_image_features,anomaly_score,4p5inchStickout_F_12-Jun-2017_rpm570_doc0p035_window_0000,4p5inchStickout/F_12-Jun-2017_rpm570_doc0p035,validation,42,0,cv_evaluation,no_chatter,0,-0.07802792711329554
turning,isolation_forest_image_features,anomaly_score,4p5inchStickout_F_12-Jun-2017_rpm570_doc0p035_window_0001,4p5inchStickout/F_12-Jun-2017_rpm570_doc0p035,validation,42,0,cv_evaluation,no_chatter,0,-0.03244769393306601
turning,isolation_forest_image_features,anomaly_score,4p5inchStickout_F_12-Jun-2017_rpm570_doc0p035_window_0002,4p5inchStickout/F_12-Jun-2017_rpm570_doc0p035,train,42,0,cv_evaluation,no_chatter,0,-0.03623714232944575
turning,isolation_forest_image_features,anomaly_score,4p5inchStickout_F_12-Jun-2017_rpm570_doc0p035_window_0003,4p5inchStickout/F_12-Jun-2017_rpm570_doc0p035,train,42,0,cv_evaluation,no_chatter,0,-0.05070736909175083
turning,isolation_forest_image_features,anomaly_score,4p5inchStickout_F_12-Jun-2017_rpm570_doc0p035_window_0004,4p5inchStickout/F_12-Jun-2017_rpm570_doc0p035,train,42,0,cv_evaluation,no_chatter,0,-0.05922064235787633
turning,isolation_forest_image_features,anomaly_score,4p5inchStickout_F_12-Jun-2017_rpm570_doc0p035_window_0005,4p5inchStickout/F_12-Jun-2017_rpm570_doc0p035,train,42,0,cv_evaluation,no_chatter,0,-0.06933668553801264
turning,isolation_forest_image_features,anomaly_score,4p5inchStickout_F_12-Jun-2017_rpm570_doc0p035_window_0006,4p5inchStickout/F_12-Jun-2017_rpm570_doc0p035,train,42,0,cv_evaluation,no_chatter,0,-0.07413755144066808
turning,isolation_forest_image_features,anomaly_score,4p5inchStickout_F_12-Jun-2017_rpm570_doc0p035_window_0007,4p5inchStickout/F_12-Jun-2017_rpm570_doc0p035,train,42,0,cv_evaluation,no_chatter,0,-0.0693503225985792
turning,isolation_forest_image_features,anomaly_score,4p5inchStickout_F_12-Jun-2017_rpm570_doc0p035_window_0008,4p5inchStickout/F_12-Jun-2017_rpm570_doc0p035,train,42,0,cv_evaluation,no_chatter,0,-0.06484148578192644
turning,isolation_forest_image_features,anomaly_score,4p5inchStickout_F_12-Jun-2017_rpm570_doc0p035_window_0009,4p5inchStickout/F_12-Jun-2017_rpm570_doc0p035,train,42,0,cv_evaluation,no_chatter,0,0.010179300434102867
turning,isolation_forest_image_features,anomaly_score,4p5inchStickout_F_12-Jun-2017_rpm570_doc0p035_window_0010,4p5inchStickout/F_12-Jun-2017_rpm570_doc0p035,validation,42,0,cv_evaluation,no_chatter,0,-0.05115542097653486
turning,isolation_forest_image_features,anomaly_score,4p5inchStickout_F_12-Jun-2017_rpm570_doc0p035_window_0011,4p5inchStickout/F_12-Jun-2017_rpm570_doc0p035,train,42,0,cv_evaluation,no_chatter,0,-0.05998848397458978
turning,isolation_forest_image_features,anomaly_score,4p5inchStickout_F_13-Jun-2017_rpm1030_doc0p005_window_0000,4p5inchStickout/F_13-Jun-2017_rpm1030_doc0p005,train,42,0,cv_evaluation,no_chatter,0,-0.06631216810360668
turning,isolation_forest_image_features,anomaly_score,4p5inchStickout_F_13-Jun-2017_rpm1030_doc0p005_window_0001,4p5inchStickout/F_13-Jun-2017_rpm1030_doc0p005,test,42,0,cv_evaluation,no_chatter,0,-0.014661322462824977
turning,isolation_forest_image_features,anomaly_score,4p5inchStickout_F_13-Jun-2017_rpm1030_doc0p005_window_0002,4p5inchStickout/F_13-Jun-2017_rpm1030_doc0p005,test,42,0,cv_evaluation,no_chatter,0,-0.03581438437040235
turning,isolation_forest_image_features,anomaly_score,4p5inchStickout_F_13-Jun-2017_rpm1030_doc0p005_window_0003,4p5inchStickout/F_13-Jun-2017_rpm1030_doc0p005,train,42,0,cv_evaluation,no_chatter,0,-0.008039342059608101
turning,isolation_forest_image_features,anomaly_score,4p5inchStickout_F_13-Jun-2017_rpm1030_doc0p014_window_0000,4p5inchStickout/F_13-Jun-2017_rpm1030_doc0p014,train,42,0,cv_evaluation,no_chatter,0,-0.051510467727058085
turning,isolation_forest_image_features,anomaly_score,4p5inchStickout_F_13-Jun-2017_rpm1030_doc0p014_window_0001,4p5inchStickout/F_13-Jun-2017_rpm1030_doc0p014,train,42,0,cv_evaluation,no_chatter,0,-0.0011707894690566323
turning,isolation_forest_image_features,anomaly_score,4p5inchStickout_F_13-Jun-2017_rpm1030_doc0p014_window_0002,4p5inchStickout/F_13-Jun-2017_rpm1030_doc0p014,validation,42,0,cv_evaluation,no_chatter,0,-0.008006462672243586
turning,isolation_forest_image_features,anomaly_score,4p5inchStickout_F_13-Jun-2017_rpm1030_doc0p014_window_0003,4p5inchStickout/F_13-Jun-2017_rpm1030_doc0p014,train,42,0,cv_evaluation,no_chatter,0,-0.038274878511824095
turning,isolation_forest_image_features,anomaly_score,4p5inchStickout_F_13-Jun-2017_rpm770_doc0p015_window_0000,4p5inchStickout/F_13-Jun-2017_rpm770_doc0p015,train,42,0,cv_evaluation,no_chatter,0,-0.06533764235949396
turning,isolation_forest_image_features,anomaly_score,4p5inchStickout_F_13-Jun-2017_rpm770_doc0p015_window_0001,4p5inchStickout/F_13-Jun-2017_rpm770_doc0p015,validation,42,0,cv_evaluation,no_chatter,0,-0.022609930332340822
turning,isolation_forest_image_features,anomaly_score,4p5inchStickout_F_13-Jun-2017_rpm770_doc0p015_window_0002,4p5inchStickout/F_13-Jun-2017_rpm770_doc0p015,validation,42,0,cv_evaluation,no_chatter,0,-0.08861325104018863
turning,isolation_forest_image_features,anomaly_score,4p5inchStickout_F_13-Jun-2017_rpm770_doc0p015_window_0003,4p5inchStickout/F_13-Jun-2017_rpm770_doc0p015,train,42,0,cv_evaluation,no_chatter,0,-0.07348791688252271
turning,isolation_forest_image_features,anomaly_score,4p5inchStickout_F_13-Jun-2017_rpm770_doc0p015_window_0004,4p5inchStickout/F_13-Jun-2017_rpm770_doc0p015,validation,42,0,cv_evaluation,no_chatter,0,-0.05172340638330475
turning,isolation_forest_image_features,anomaly_score,4p5inchStickout_F_13-Jun-2017_rpm770_doc0p015_window_0005,4p5inchStickout/F_13-Jun-2017_rpm770_doc0p015,validation,42,0,cv_evaluation,no_chatter,0,-0.07287599954425206
turning,pca_image_reconstruction,reconstruction_mse,2inchStickout_F_08-Jun-2017_rpm320_doc0p020_window_0000,2inchStickout/F_08-Jun-2017_rpm320_doc0p020,validation,42,0,cv_evaluation,no_chatter,0,1.8660897694644518e-05
turning,pca_image_reconstruction,reconstruction_mse,2inchStickout_F_08-Jun-2017_rpm320_doc0p020_window_0001,2inchStickout/F_08-Jun-2017_rpm320_doc0p020,train,42,0,cv_evaluation,no_chatter,0,1.6893445717869326e-05
turning,pca_image_reconstruction,reconstruction_mse,2inchStickout_F_08-Jun-2017_rpm320_doc0p020_window_0002,2inchStickout/F_08-Jun-2017_rpm320_doc0p020,train,42,0,cv_evaluation,no_chatter,0,1.543604776088614e-05
turning,pca_image_reconstruction,reconstruction_mse,2inchStickout_F_08-Jun-2017_rpm320_doc0p020_window_0003,2inchStickout/F_08-Jun-2017_rpm320_doc0p020,validation,42,0,cv_evaluation,no_chatter,0,2.3195016183308326e-05
turning,pca_image_reconstruction,reconstruction_mse,2inchStickout_F_08-Jun-2017_rpm320_doc0p020_window_0004,2inchStickout/F_08-Jun-2017_rpm320_doc0p020,validation,42,0,cv_evaluation,no_chatter,0,0.00017775340529624373
turning,pca_image_reconstruction,reconstruction_mse,2inchStickout_F_08-Jun-2017_rpm320_doc0p020_window_0005,2inchStickout/F_08-Jun-2017_rpm320_doc0p020,train,42,0,cv_evaluation,no_chatter,0,0.00013985138502903283
turning,pca_image_reconstruction,reconstruction_mse,2inchStickout_F_08-Jun-2017_rpm320_doc0p020_window_0006,2inchStickout/F_08-Jun-2017_rpm320_doc0p020,validation,42,0,cv_evaluation,no_chatter,0,0.00016161731036845595
turning,pca_image_reconstruction,reconstruction_mse,2inchStickout_F_08-Jun-2017_rpm320_doc0p020_window_0007,2inchStickout/F_08-Jun-2017_rpm320_doc0p020,train,42,0,cv_evaluation,no_chatter,0,0.0003294090274721384
turning,pca_image_reconstruction,reconstruction_mse,2inchStickout_F_08-Jun-2017_rpm320_doc0p020_window_0008,2inchStickout/F_08-Jun-2017_rpm320_doc0p020,train,42,0,cv_evaluation,no_chatter,0,0.0005793296732008457
turning,pca_image_reconstruction,reconstruction_mse,2inchStickout_F_08-Jun-2017_rpm320_doc0p020_window_0009,2inchStickout/F_08-Jun-2017_rpm320_doc0p020,train,42,0,cv_evaluation,no_chatter,0,0.0006822817376814783
turning,pca_image_reconstruction,reconstruction_mse,2inchStickout_F_08-Jun-2017_rpm320_doc0p020_window_0010,2inchStickout/F_08-Jun-2017_rpm320_doc0p020,train,42,0,cv_evaluation,no_chatter,0,0.0016356572741642594
turning,pca_image_reconstruction,reconstruction_mse,2inchStickout_F_08-Jun-2017_rpm320_doc0p020_window_0011,2inchStickout/F_08-Jun-2017_rpm320_doc0p020,train,42,0,cv_evaluation,no_chatter,0,0.0013695076340809464
turning,pca_image_reconstruction,reconstruction_mse,2inchStickout_F_08-Jun-2017_rpm320_doc0p020_window_0012,2inchStickout/F_08-Jun-2017_rpm320_doc0p020,train,42,0,cv_evaluation,no_chatter,0,0.0012751530157402158
turning,pca_image_reconstruction,reconstruction_mse,2inchStickout_F_08-Jun-2017_rpm320_doc0p020_window_0013,2inchStickout/F_08-Jun-2017_rpm320_doc0p020,validation,42,0,cv_evaluation,no_chatter,0,0.00030752032762393355
turning,pca_image_reconstruction,reconstruction_mse,2inchStickout_F_08-Jun-2017_rpm320_doc0p020_window_0014,2inchStickout/F_08-Jun-2017_rpm320_doc0p020,validation,42,0,cv_evaluation,no_chatter,0,0.0002987780899275094
turning,pca_image_reconstruction,reconstruction_mse,2inchStickout_F_08-Jun-2017_rpm320_doc0p020_window_0015,2inchStickout/F_08-Jun-2017_rpm320_doc0p020,train,42,0,cv_evaluation,no_chatter,0,0.00019429561507422477
turning,pca_image_reconstruction,reconstruction_mse,2inchStickout_F_08-Jun-2017_rpm320_doc0p020_window_0016,2inchStickout/F_08-Jun-2017_rpm320_doc0p020,train,42,0,cv_evaluation,no_chatter,0,0.0002352526062168181
turning,pca_image_reconstruction,reconstruction_mse,2inchStickout_F_08-Jun-2017_rpm320_doc0p020_window_0017,2inchStickout/F_08-Jun-2017_rpm320_doc0p020,train,42,0,cv_evaluation,no_chatter,0,0.00024190216208808124
turning,pca_image_reconstruction,reconstruction_mse,2inchStickout_F_08-Jun-2017_rpm320_doc0p020_window_0018,2inchStickout/F_08-Jun-2017_rpm320_doc0p020,train,42,0,cv_evaluation,no_chatter,0,0.00026042305398732424
turning,pca_image_reconstruction,reconstruction_mse,2inchStickout_F_08-Jun-2017_rpm320_doc0p020_window_0019,2inchStickout/F_08-Jun-2017_rpm320_doc0p020,train,42,0,cv_evaluation,no_chatter,0,0.00022181880194693804
turning,pca_image_reconstruction,reconstruction_mse,2inchStickout_F_08-Jun-2017_rpm320_doc0p020_window_0020,2inchStickout/F_08-Jun-2017_rpm320_doc0p020,train,42,0,cv_evaluation,no_chatter,0,0.0002347018598811701
turning,pca_image_reconstruction,reconstruction_mse,2inchStickout_F_08-Jun-2017_rpm320_doc0p020_window_0021,2inchStickout/F_08-Jun-2017_rpm320_doc0p020,train,42,0,cv_evaluation,no_chatter,0,0.00022158262436278164
turning,pca_image_reconstruction,reconstruction_mse,2inchStickout_F_08-Jun-2017_rpm320_doc0p020_window_0022,2inchStickout/F_08-Jun-2017_rpm320_doc0p020,validation,42,0,cv_evaluation,no_chatter,0,0.00022905103105586022
turning,pca_image_reconstruction,reconstruction_mse,2inchStickout_F_08-Jun-2017_rpm320_doc0p020_window_0023,2inchStickout/F_08-Jun-2017_rpm320_doc0p020,train,42,0,cv_evaluation,no_chatter,0,0.0004916395992040634
turning,pca_image_reconstruction,reconstruction_mse,2inchStickout_F_08-Jun-2017_rpm320_doc0p025_window_0000,2inchStickout/F_08-Jun-2017_rpm320_doc0p025,train,42,0,cv_evaluation,no_chatter,0,1.716020233288873e-05
turning,pca_image_reconstruction,reconstruction_mse,2inchStickout_F_08-Jun-2017_rpm320_doc0p025_window_0001,2inchStickout/F_08-Jun-2017_rpm320_doc0p025,train,42,0,cv_evaluation,no_chatter,0,1.628666177566629e-05
turning,pca_image_reconstruction,reconstruction_mse,2inchStickout_F_08-Jun-2017_rpm320_doc0p025_window_0002,2inchStickout/F_08-Jun-2017_rpm320_doc0p025,train,42,0,cv_evaluation,no_chatter,0,0.00011651484965113923
turning,pca_image_reconstruction,reconstruction_mse,2inchStickout_F_08-Jun-2017_rpm320_doc0p025_window_0003,2inchStickout/F_08-Jun-2017_rpm320_doc0p025,validation,42,0,cv_evaluation,no_chatter,0,0.0006803771248087287
turning,pca_image_reconstruction,reconstruction_mse,2inchStickout_F_08-Jun-2017_rpm320_doc0p025_window_0004,2inchStickout/F_08-Jun-2017_rpm320_doc0p025,validation,42,0,cv_evaluation,no_chatter,0,0.0002460567920934409
turning,pca_image_reconstruction,reconstruction_mse,2inchStickout_F_08-Jun-2017_rpm320_doc0p025_window_0005,2inchStickout/F_08-Jun-2017_rpm320_doc0p025,train,42,0,cv_evaluation,no_chatter,0,0.0002558862906880677
turning,pca_image_reconstruction,reconstruction_mse,2inchStickout_F_08-Jun-2017_rpm320_doc0p025_window_0006,2inchStickout/F_08-Jun-2017_rpm320_doc0p025,train,42,0,cv_evaluation,no_chatter,0,0.00021661227219738066
turning,pca_image_reconstruction,reconstruction_mse,2inchStickout_F_08-Jun-2017_rpm320_doc0p025_window_0007,2inchStickout/F_08-Jun-2017_rpm320_doc0p025,train,42,0,cv_evaluation,no_chatter,0,0.0002319431077921763
turning,pca_image_reconstruction,reconstruction_mse,2inchStickout_F_08-Jun-2017_rpm320_doc0p025_window_0008,2inchStickout/F_08-Jun-2017_rpm320_doc0p025,validation,42,0,cv_evaluation,no_chatter,0,0.0002446085272822529
turning,pca_image_reconstruction,reconstruction_mse,2inchStickout_F_08-Jun-2017_rpm320_doc0p025_window_0009,2inchStickout/F_08-Jun-2017_rpm320_doc0p025,train,42,0,cv_evaluation,no_chatter,0,0.0002620865125209093
turning,pca_image_reconstruction,reconstruction_mse,2inchStickout_F_08-Jun-2017_rpm320_doc0p025_window_0010,2inchStickout/F_08-Jun-2017_rpm320_doc0p025,train,42,0,cv_evaluation,no_chatter,0,0.00030442464048974216
turning,pca_image_reconstruction,reconstruction_mse,2inchStickout_F_08-Jun-2017_rpm320_doc0p025_window_0011,2inchStickout/F_08-Jun-2017_rpm320_doc0p025,train,42,0,cv_evaluation,no_chatter,0,0.00032164191361516714
turning,pca_image_reconstruction,reconstruction_mse,2inchStickout_F_08-Jun-2017_rpm320_doc0p025_window_0012,2inchStickout/F_08-Jun-2017_rpm320_doc0p025,validation,42,0,cv_evaluation,no_chatter,0,0.0013975786278024316
turning,pca_image_reconstruction,reconstruction_mse,2inchStickout_F_08-Jun-2017_rpm320_doc0p025_window_0013,2inchStickout/F_08-Jun-2017_rpm320_doc0p025,validation,42,0,cv_evaluation,no_chatter,0,0.0014296419685706496
turning,pca_image_reconstruction,reconstruction_mse,2inchStickout_F_08-Jun-2017_rpm320_doc0p025_window_0014,2inchStickout/F_08-Jun-2017_rpm320_doc0p025,train,42,0,cv_evaluation,no_chatter,0,0.0017030740855261683
turning,pca_image_reconstruction,reconstruction_mse,2inchStickout_F_08-Jun-2017_rpm320_doc0p025_window_0015,2inchStickout/F_08-Jun-2017_rpm320_doc0p025,train,42,0,cv_evaluation,no_chatter,0,0.003551178378984332
turning,pca_image_reconstruction,reconstruction_mse,2inchStickout_F_08-Jun-2017_rpm320_doc0p025_window_0016,2inchStickout/F_08-Jun-2017_rpm320_doc0p025,train,42,0,cv_evaluation,no_chatter,0,0.0015023290179669857
turning,pca_image_reconstruction,reconstruction_mse,2inchStickout_F_08-Jun-2017_rpm320_doc0p025_window_0017,2inchStickout/F_08-Jun-2017_rpm320_doc0p025,validation,42,0,cv_evaluation,no_chatter,0,0.0010539888171479106
turning,pca_image_reconstruction,reconstruction_mse,2inchStickout_F_08-Jun-2017_rpm320_doc0p025_window_0018,2inchStickout/F_08-Jun-2017_rpm320_doc0p025,train,42,0,cv_evaluation,no_chatter,0,0.0011692505795508623
turning,pca_image_reconstruction,reconstruction_mse,2inchStickout_F_08-Jun-2017_rpm320_doc0p025_window_0019,2inchStickout/F_08-Jun-2017_rpm320_doc0p025,train,42,0,cv_evaluation,no_chatter,0,0.0010383902117609978
turning,pca_image_reconstruction,reconstruction_mse,2inchStickout_F_08-Jun-2017_rpm320_doc0p025_window_0020,2inchStickout/F_08-Jun-2017_rpm320_doc0p025,train,42,0,cv_evaluation,no_chatter,0,0.0010086980182677507
turning,pca_image_reconstruction,reconstruction_mse,2inchStickout_F_08-Jun-2017_rpm320_doc0p025_window_0021,2inchStickout/F_08-Jun-2017_rpm320_doc0p025,validation,42,0,cv_evaluation,no_chatter,0,0.0006515661953017116
turning,pca_image_reconstruction,reconstruction_mse,2inchStickout_F_08-Jun-2017_rpm320_doc0p025_window_0022,2inchStickout/F_08-Jun-2017_rpm320_doc0p025,train,42,0,cv_evaluation,no_chatter,0,0.0004326597845647484
turning,pca_image_reconstruction,reconstruction_mse,2inchStickout_F_08-Jun-2017_rpm320_doc0p025_window_0023,2inchStickout/F_08-Jun-2017_rpm320_doc0p025,validation,42,0,cv_evaluation,no_chatter,0,0.0007470243726857007
turning,pca_image_reconstruction,reconstruction_mse,2inchStickout_F_08-Jun-2017_rpm425_doc0p010_window_0000,2inchStickout/F_08-Jun-2017_rpm425_doc0p010,validation,42,0,cv_evaluation,no_chatter,0,2.2012680346961133e-05
turning,pca_image_reconstruction,reconstruction_mse,2inchStickout_F_08-Jun-2017_rpm425_doc0p010_window_0001,2inchStickout/F_08-Jun-2017_rpm425_doc0p010,train,42,0,cv_evaluation,no_chatter,0,0.0001532764727016911
turning,pca_image_reconstruction,reconstruction_mse,2inchStickout_F_08-Jun-2017_rpm425_doc0p010_window_0002,2inchStickout/F_08-Jun-2017_rpm425_doc0p010,train,42,0,cv_evaluation,no_chatter,0,0.00047092523891478777
turning,pca_image_reconstruction,reconstruction_mse,2inchStickout_F_08-Jun-2017_rpm425_doc0p010_window_0003,2inchStickout/F_08-Jun-2017_rpm425_doc0p010,train,42,0,cv_evaluation,no_chatter,0,0.0007057268521748483
turning,pca_image_reconstruction,reconstruction_mse,2inchStickout_F_08-Jun-2017_rpm425_doc0p010_window_0004,2inchStickout/F_08-Jun-2017_rpm425_doc0p010,train,42,0,cv_evaluation,no_chatter,0,0.00087332958355546
turning,pca_image_reconstruction,reconstruction_mse,2inchStickout_F_08-Jun-2017_rpm425_doc0p010_window_0005,2inchStickout/F_08-Jun-2017_rpm425_doc0p010,validation,42,0,cv_evaluation,no_chatter,0,0.0007796934805810452
turning,pca_image_reconstruction,reconstruction_mse,2inchStickout_F_08-Jun-2017_rpm425_doc0p010_window_0006,2inchStickout/F_08-Jun-2017_rpm425_doc0p010,train,42,0,cv_evaluation,no_chatter,0,0.0008487229933962226
turning,pca_image_reconstruction,reconstruction_mse,2inchStickout_F_08-Jun-2017_rpm425_doc0p010_window_0007,2inchStickout/F_08-Jun-2017_rpm425_doc0p010,train,42,0,cv_evaluation,no_chatter,0,0.0009034653194248676
turning,pca_image_reconstruction,reconstruction_mse,2inchStickout_F_08-Jun-2017_rpm425_doc0p020_window_0000,2inchStickout/F_08-Jun-2017_rpm425_doc0p020,train,42,0,cv_evaluation,no_chatter,0,2.0621298972400837e-05
turning,pca_image_reconstruction,reconstruction_mse,2inchStickout_F_08-Jun-2017_rpm425_doc0p020_window_0001,2inchStickout/F_08-Jun-2017_rpm425_doc0p020,train,42,0,cv_evaluation,no_chatter,0,0.00015161158808041364
turning,pca_image_reconstruction,reconstruction_mse,2inchStickout_F_08-Jun-2017_rpm425_doc0p020_window_0002,2inchStickout/F_08-Jun-2017_rpm425_doc0p020,test,42,0,cv_evaluation,no_chatter,0,0.0005754671292379498
turning,pca_image_reconstruction,reconstruction_mse,2inchStickout_F_08-Jun-2017_rpm425_doc0p020_window_0003,2inchStickout/F_08-Jun-2017_rpm425_doc0p020,train,42,0,cv_evaluation,no_chatter,0,0.0005217389552854002
turning,pca_image_reconstruction,reconstruction_mse,2inchStickout_F_08-Jun-2017_rpm425_doc0p020_window_0004,2inchStickout/F_08-Jun-2017_rpm425_doc0p020,train,42,0,cv_evaluation,no_chatter,0,0.0011015140917152166
turning,pca_image_reconstruction,reconstruction_mse,2inchStickout_F_08-Jun-2017_rpm425_doc0p020_window_0005,2inchStickout/F_08-Jun-2017_rpm425_doc0p020,test,42,0,cv_evaluation,no_chatter,0,0.0020384960807859898
turning,pca_image_reconstruction,reconstruction_mse,2inchStickout_F_08-Jun-2017_rpm425_doc0p020_window_0006,2inchStickout/F_08-Jun-2017_rpm425_doc0p020,validation,42,0,cv_evaluation,chatter,1,0.0031793827656656504
turning,pca_image_reconstruction,reconstruction_mse,2inchStickout_F_08-Jun-2017_rpm425_doc0p020_window_0007,2inchStickout/F_08-Jun-2017_rpm425_doc0p020,validation,42,0,cv_evaluation,chatter,1,0.0036509314086288214
turning,pca_image_reconstruction,reconstruction_mse,2inchStickout_F_08-Jun-2017_rpm770_doc0p010_window_0000,2inchStickout/F_08-Jun-2017_rpm770_doc0p010,train,42,0,cv_evaluation,no_chatter,0,1.8770559108816087e-05
turning,pca_image_reconstruction,reconstruction_mse,2inchStickout_F_08-Jun-2017_rpm770_doc0p010_window_0001,2inchStickout/F_08-Jun-2017_rpm770_doc0p010,test,42,0,cv_evaluation,chatter,1,0.0032420011702924967
turning,pca_image_reconstruction,reconstruction_mse,2inchStickout_F_08-Jun-2017_rpm770_doc0p010_window_0002,2inchStickout/F_08-Jun-2017_rpm770_doc0p010,test,42,0,cv_evaluation,chatter,1,0.003410796634852886
turning,pca_image_reconstruction,reconstruction_mse,2inchStickout_F_08-Jun-2017_rpm770_doc0p010_window_0003,2inchStickout/F_08-Jun-2017_rpm770_doc0p010,test,42,0,cv_evaluation,chatter,1,0.0028458787128329277
turning,pca_image_reconstruction,reconstruction_mse,2inchStickout_F_08-Jun-2017_rpm770_doc0p010_window_0004,2inchStickout/F_08-Jun-2017_rpm770_doc0p010,test,42,0,cv_evaluation,chatter,1,0.002926256973296404
turning,pca_image_reconstruction,reconstruction_mse,2inchStickout_F_08-Jun-2017_rpm770_doc0p010_window_0005,2inchStickout/F_08-Jun-2017_rpm770_doc0p010,test,42,0,cv_evaluation,chatter,1,0.0034450360108166933
turning,pca_image_reconstruction,reconstruction_mse,2inchStickout_F_08-Jun-2017_rpm770_doc0p010_window_0006,2inchStickout/F_08-Jun-2017_rpm770_doc0p010,test,42,0,cv_evaluation,chatter,1,0.0031282587442547083
turning,pca_image_reconstruction,reconstruction_mse,2inchStickout_F_08-Jun-2017_rpm770_doc0p010_window_0007,2inchStickout/F_08-Jun-2017_rpm770_doc0p010,test,42,0,cv_evaluation,chatter,1,0.0027515962719917297
turning,pca_image_reconstruction,reconstruction_mse,2inchStickout_F_08-Jun-2017_rpm770_doc0p010_window_0008,2inchStickout/F_08-Jun-2017_rpm770_doc0p010,test,42,0,cv_evaluation,chatter,1,0.0033905841410160065
turning,pca_image_reconstruction,reconstruction_mse,2inchStickout_F_08-Jun-2017_rpm770_doc0p010_window_0009,2inchStickout/F_08-Jun-2017_rpm770_doc0p010,test,42,0,cv_evaluation,chatter,1,0.003375074826180935
turning,pca_image_reconstruction,reconstruction_mse,2inchStickout_F_08-Jun-2017_rpm770_doc0p010_window_0010,2inchStickout/F_08-Jun-2017_rpm770_doc0p010,test,42,0,cv_evaluation,chatter,1,0.0030952871311455965
turning,pca_image_reconstruction,reconstruction_mse,2inchStickout_F_08-Jun-2017_rpm770_doc0p010_window_0011,2inchStickout/F_08-Jun-2017_rpm770_doc0p010,test,42,0,cv_evaluation,chatter,1,0.003652126993983984
turning,pca_image_reconstruction,reconstruction_mse,2inchStickout_F_08-Jun-2017_rpm770_doc0p010_window_0012,2inchStickout/F_08-Jun-2017_rpm770_doc0p010,test,42,0,cv_evaluation,chatter,1,0.0028689808677881956
turning,pca_image_reconstruction,reconstruction_mse,2inchStickout_F_08-Jun-2017_rpm770_doc0p010_window_0013,2inchStickout/F_08-Jun-2017_rpm770_doc0p010,test,42,0,cv_evaluation,chatter,1,0.002687414875254035
turning,pca_image_reconstruction,reconstruction_mse,2inchStickout_F_08-Jun-2017_rpm770_doc0p010_window_0014,2inchStickout/F_08-Jun-2017_rpm770_doc0p010,train,42,0,cv_evaluation,no_chatter,0,0.0035783268976956606
turning,pca_image_reconstruction,reconstruction_mse,2inchStickout_F_08-Jun-2017_rpm770_doc0p010_window_0015,2inchStickout/F_08-Jun-2017_rpm770_doc0p010,train,42,0,cv_evaluation,no_chatter,0,2.4730536097195e-05
turning,pca_image_reconstruction,reconstruction_mse,2inchStickout_F_08-Jun-2017_rpm770_doc0p010_window_0016,2inchStickout/F_08-Jun-2017_rpm770_doc0p010,train,42,0,cv_evaluation,no_chatter,0,2.581037551863119e-05
turning,pca_image_reconstruction,reconstruction_mse,2inchStickout_F_08-Jun-2017_rpm770_doc0p010_window_0017,2inchStickout/F_08-Jun-2017_rpm770_doc0p010,train,42,0,cv_evaluation,no_chatter,0,2.5768880732357502e-05
turning,pca_image_reconstruction,reconstruction_mse,2inchStickout_F_08-Jun-2017_rpm770_doc0p010_window_0018,2inchStickout/F_08-Jun-2017_rpm770_doc0p010,train,42,0,cv_evaluation,no_chatter,0,3.0603419872932136e-05
turning,pca_image_reconstruction,reconstruction_mse,2inchStickout_F_08-Jun-2017_rpm770_doc0p010_window_0019,2inchStickout/F_08-Jun-2017_rpm770_doc0p010,train,42,0,cv_evaluation,no_chatter,0,1.8415430531604216e-05
turning,pca_image_reconstruction,reconstruction_mse,2inchStickout_F_08-Jun-2017_rpm770_doc0p010_window_0020,2inchStickout/F_08-Jun-2017_rpm770_doc0p010,train,42,0,cv_evaluation,no_chatter,0,2.050430884992238e-05
turning,pca_image_reconstruction,reconstruction_mse,2inchStickout_F_08-Jun-2017_rpm770_doc0p010_window_0021,2inchStickout/F_08-Jun-2017_rpm770_doc0p010,train,42,0,cv_evaluation,no_chatter,0,1.9371260350453667e-05
turning,pca_image_reconstruction,reconstruction_mse,2inchStickout_F_08-Jun-2017_rpm770_doc0p010_window_0022,2inchStickout/F_08-Jun-2017_rpm770_doc0p010,train,42,0,cv_evaluation,no_chatter,0,1.8513423128752038e-05
turning,pca_image_reconstruction,reconstruction_mse,2inchStickout_F_08-Jun-2017_rpm770_doc0p010_window_0023,2inchStickout/F_08-Jun-2017_rpm770_doc0p010,train,42,0,cv_evaluation,no_chatter,0,1.7032787582138553e-05
turning,pca_image_reconstruction,reconstruction_mse,2inchStickout_F_08-Jun-2017_smoothingCut2_noChatter_window_0000,2inchStickout/F_08-Jun-2017_smoothingCut2_noChatter,train,42,0,cv_evaluation,no_chatter,0,1.7792834114516154e-05
turning,pca_image_reconstruction,reconstruction_mse,2inchStickout_F_08-Jun-2017_smoothingCut2_noChatter_window_0001,2inchStickout/F_08-Jun-2017_smoothingCut2_noChatter,test,42,0,cv_evaluation,no_chatter,0,0.0004390463000163436
turning,pca_image_reconstruction,reconstruction_mse,2inchStickout_F_08-Jun-2017_smoothingCut2_noChatter_window_0002,2inchStickout/F_08-Jun-2017_smoothingCut2_noChatter,train,42,0,cv_evaluation,no_chatter,0,0.0011287539964541793
turning,pca_image_reconstruction,reconstruction_mse,2inchStickout_F_08-Jun-2017_smoothingCut2_noChatter_window_0003,2inchStickout/F_08-Jun-2017_smoothingCut2_noChatter,train,42,0,cv_evaluation,no_chatter,0,0.000632674724329263
turning,pca_image_reconstruction,reconstruction_mse,2inchStickout_F_08-Jun-2017_smoothingCut2_noChatter_window_0004,2inchStickout/F_08-Jun-2017_smoothingCut2_noChatter,train,42,0,cv_evaluation,no_chatter,0,0.0006329096504487097
turning,pca_image_reconstruction,reconstruction_mse,2inchStickout_F_08-Jun-2017_smoothingCut2_noChatter_window_0005,2inchStickout/F_08-Jun-2017_smoothingCut2_noChatter,train,42,0,cv_evaluation,no_chatter,0,0.0006012209341861308
turning,pca_image_reconstruction,reconstruction_mse,2inchStickout_F_08-Jun-2017_smoothingCut2_noChatter_window_0006,2inchStickout/F_08-Jun-2017_smoothingCut2_noChatter,train,42,0,cv_evaluation,no_chatter,0,0.0005925499717704952
turning,pca_image_reconstruction,reconstruction_mse,2inchStickout_F_08-Jun-2017_smoothingCut2_noChatter_window_0007,2inchStickout/F_08-Jun-2017_smoothingCut2_noChatter,test,42,0,cv_evaluation,no_chatter,0,0.000626996043138206
turning,pca_image_reconstruction,reconstruction_mse,2inchStickout_F_08-Jun-2017_smoothingCut2_noChatter_window_0008,2inchStickout/F_08-Jun-2017_smoothingCut2_noChatter,train,42,0,cv_evaluation,no_chatter,0,0.0006666220724582672
turning,pca_image_reconstruction,reconstruction_mse,2inchStickout_F_08-Jun-2017_smoothingCut2_noChatter_window_0009,2inchStickout/F_08-Jun-2017_smoothingCut2_noChatter,train,42,0,cv_evaluation,no_chatter,0,0.0005988741759210825
turning,pca_image_reconstruction,reconstruction_mse,2inchStickout_F_08-Jun-2017_smoothingCut2_noChatter_window_0010,2inchStickout/F_08-Jun-2017_smoothingCut2_noChatter,test,42,0,cv_evaluation,no_chatter,0,0.0006078373990021646
turning,pca_image_reconstruction,reconstruction_mse,2inchStickout_F_08-Jun-2017_smoothingCut2_noChatter_window_0011,2inchStickout/F_08-Jun-2017_smoothingCut2_noChatter,train,42,0,cv_evaluation,no_chatter,0,0.0008596801781095564
turning,pca_image_reconstruction,reconstruction_mse,2p5inchStickout_F_12-Jun-2017_rpm570_doc0p008_window_0000,2p5inchStickout/F_12-Jun-2017_rpm570_doc0p008,train,42,0,cv_evaluation,no_chatter,0,0.0002758408372756094
turning,pca_image_reconstruction,reconstruction_mse,2p5inchStickout_F_12-Jun-2017_rpm570_doc0p008_window_0001,2p5inchStickout/F_12-Jun-2017_rpm570_doc0p008,train,42,0,cv_evaluation,no_chatter,0,0.00046023514005355537
turning,pca_image_reconstruction,reconstruction_mse,2p5inchStickout_F_12-Jun-2017_rpm570_doc0p008_window_0002,2p5inchStickout/F_12-Jun-2017_rpm570_doc0p008,train,42,0,cv_evaluation,no_chatter,0,0.000439226976595819
turning,pca_image_reconstruction,reconstruction_mse,2p5inchStickout_F_12-Jun-2017_rpm570_doc0p008_window_0003,2p5inchStickout/F_12-Jun-2017_rpm570_doc0p008,train,42,0,cv_evaluation,no_chatter,0,0.0004697443509940058
turning,pca_image_reconstruction,reconstruction_mse,2p5inchStickout_F_12-Jun-2017_rpm570_doc0p008_window_0004,2p5inchStickout/F_12-Jun-2017_rpm570_doc0p008,train,42,0,cv_evaluation,no_chatter,0,0.0007796926074661314
turning,pca_image_reconstruction,reconstruction_mse,2p5inchStickout_F_12-Jun-2017_rpm570_doc0p008_window_0005,2p5inchStickout/F_12-Jun-2017_rpm570_doc0p008,train,42,0,cv_evaluation,no_chatter,0,0.0006897876737639308
turning,pca_image_reconstruction,reconstruction_mse,2p5inchStickout_F_12-Jun-2017_rpm570_doc0p008_window_0006,2p5inchStickout/F_12-Jun-2017_rpm570_doc0p008,train,42,0,cv_evaluation,no_chatter,0,0.0004704425227828324
turning,pca_image_reconstruction,reconstruction_mse,2p5inchStickout_F_12-Jun-2017_rpm570_doc0p008_window_0007,2p5inchStickout/F_12-Jun-2017_rpm570_doc0p008,train,42,0,cv_evaluation,no_chatter,0,0.0005503672873601317
turning,pca_image_reconstruction,reconstruction_mse,2p5inchStickout_F_12-Jun-2017_rpm570_doc0p008_window_0008,2p5inchStickout/F_12-Jun-2017_rpm570_doc0p008,train,42,0,cv_evaluation,no_chatter,0,0.00044672194053418934
turning,pca_image_reconstruction,reconstruction_mse,2p5inchStickout_F_12-Jun-2017_rpm570_doc0p008_window_0009,2p5inchStickout/F_12-Jun-2017_rpm570_doc0p008,validation,42,0,cv_evaluation,no_chatter,0,0.0010382076725363731
turning,pca_image_reconstruction,reconstruction_mse,4p5inchStickout_F_12-Jun-2017_rpm570_doc0p035_window_0000,4p5inchStickout/F_12-Jun-2017_rpm570_doc0p035,validation,42,0,cv_evaluation,no_chatter,0,0.0005883629200980067
turning,pca_image_reconstruction,reconstruction_mse,4p5inchStickout_F_12-Jun-2017_rpm570_doc0p035_window_0001,4p5inchStickout/F_12-Jun-2017_rpm570_doc0p035,validation,42,0,cv_evaluation,no_chatter,0,0.0009132892591878772
turning,pca_image_reconstruction,reconstruction_mse,4p5inchStickout_F_12-Jun-2017_rpm570_doc0p035_window_0002,4p5inchStickout/F_12-Jun-2017_rpm570_doc0p035,train,42,0,cv_evaluation,no_chatter,0,0.0008391011506319046
turning,pca_image_reconstruction,reconstruction_mse,4p5inchStickout_F_12-Jun-2017_rpm570_doc0p035_window_0003,4p5inchStickout/F_12-Jun-2017_rpm570_doc0p035,train,42,0,cv_evaluation,no_chatter,0,0.000775485357735306
turning,pca_image_reconstruction,reconstruction_mse,4p5inchStickout_F_12-Jun-2017_rpm570_doc0p035_window_0004,4p5inchStickout/F_12-Jun-2017_rpm570_doc0p035,train,42,0,cv_evaluation,no_chatter,0,0.0006919637089595199
turning,pca_image_reconstruction,reconstruction_mse,4p5inchStickout_F_12-Jun-2017_rpm570_doc0p035_window_0005,4p5inchStickout/F_12-Jun-2017_rpm570_doc0p035,train,42,0,cv_evaluation,no_chatter,0,0.0007015841547399759
turning,pca_image_reconstruction,reconstruction_mse,4p5inchStickout_F_12-Jun-2017_rpm570_doc0p035_window_0006,4p5inchStickout/F_12-Jun-2017_rpm570_doc0p035,train,42,0,cv_evaluation,no_chatter,0,0.0006613832665607333
turning,pca_image_reconstruction,reconstruction_mse,4p5inchStickout_F_12-Jun-2017_rpm570_doc0p035_window_0007,4p5inchStickout/F_12-Jun-2017_rpm570_doc0p035,train,42,0,cv_evaluation,no_chatter,0,0.0006143581122159958
turning,pca_image_reconstruction,reconstruction_mse,4p5inchStickout_F_12-Jun-2017_rpm570_doc0p035_window_0008,4p5inchStickout/F_12-Jun-2017_rpm570_doc0p035,train,42,0,cv_evaluation,no_chatter,0,0.0005854758201166987
turning,pca_image_reconstruction,reconstruction_mse,4p5inchStickout_F_12-Jun-2017_rpm570_doc0p035_window_0009,4p5inchStickout/F_12-Jun-2017_rpm570_doc0p035,train,42,0,cv_evaluation,no_chatter,0,0.001017043017782271
turning,pca_image_reconstruction,reconstruction_mse,4p5inchStickout_F_12-Jun-2017_rpm570_doc0p035_window_0010,4p5inchStickout/F_12-Jun-2017_rpm570_doc0p035,validation,42,0,cv_evaluation,no_chatter,0,1.0525100151426159e-05
turning,pca_image_reconstruction,reconstruction_mse,4p5inchStickout_F_12-Jun-2017_rpm570_doc0p035_window_0011,4p5inchStickout/F_12-Jun-2017_rpm570_doc0p035,train,42,0,cv_evaluation,no_chatter,0,7.814985110599082e-06
turning,pca_image_reconstruction,reconstruction_mse,4p5inchStickout_F_13-Jun-2017_rpm1030_doc0p005_window_0000,4p5inchStickout/F_13-Jun-2017_rpm1030_doc0p005,train,42,0,cv_evaluation,no_chatter,0,9.250523362425156e-06
turning,pca_image_reconstruction,reconstruction_mse,4p5inchStickout_F_13-Jun-2017_rpm1030_doc0p005_window_0001,4p5inchStickout/F_13-Jun-2017_rpm1030_doc0p005,test,42,0,cv_evaluation,no_chatter,0,0.0009518099250271916
turning,pca_image_reconstruction,reconstruction_mse,4p5inchStickout_F_13-Jun-2017_rpm1030_doc0p005_window_0002,4p5inchStickout/F_13-Jun-2017_rpm1030_doc0p005,test,42,0,cv_evaluation,no_chatter,0,0.000724476354662329
turning,pca_image_reconstruction,reconstruction_mse,4p5inchStickout_F_13-Jun-2017_rpm1030_doc0p005_window_0003,4p5inchStickout/F_13-Jun-2017_rpm1030_doc0p005,train,42,0,cv_evaluation,no_chatter,0,0.0008799494826234877
turning,pca_image_reconstruction,reconstruction_mse,4p5inchStickout_F_13-Jun-2017_rpm1030_doc0p014_window_0000,4p5inchStickout/F_13-Jun-2017_rpm1030_doc0p014,train,42,0,cv_evaluation,no_chatter,0,1.0359884981880896e-05
turning,pca_image_reconstruction,reconstruction_mse,4p5inchStickout_F_13-Jun-2017_rpm1030_doc0p014_window_0001,4p5inchStickout/F_13-Jun-2017_rpm1030_doc0p014,train,42,0,cv_evaluation,no_chatter,0,0.0009294615592807531
turning,pca_image_reconstruction,reconstruction_mse,4p5inchStickout_F_13-Jun-2017_rpm1030_doc0p014_window_0002,4p5inchStickout/F_13-Jun-2017_rpm1030_doc0p014,validation,42,0,cv_evaluation,no_chatter,0,0.0008554644882678986
turning,pca_image_reconstruction,reconstruction_mse,4p5inchStickout_F_13-Jun-2017_rpm1030_doc0p014_window_0003,4p5inchStickout/F_13-Jun-2017_rpm1030_doc0p014,train,42,0,cv_evaluation,no_chatter,0,0.0009388863109052181
turning,pca_image_reconstruction,reconstruction_mse,4p5inchStickout_F_13-Jun-2017_rpm770_doc0p015_window_0000,4p5inchStickout/F_13-Jun-2017_rpm770_doc0p015,train,42,0,cv_evaluation,no_chatter,0,7.983810974110384e-06
turning,pca_image_reconstruction,reconstruction_mse,4p5inchStickout_F_13-Jun-2017_rpm770_doc0p015_window_0001,4p5inchStickout/F_13-Jun-2017_rpm770_doc0p015,validation,42,0,cv_evaluation,no_chatter,0,0.0003819750854745507
turning,pca_image_reconstruction,reconstruction_mse,4p5inchStickout_F_13-Jun-2017_rpm770_doc0p015_window_0002,4p5inchStickout/F_13-Jun-2017_rpm770_doc0p015,validation,42,0,cv_evaluation,no_chatter,0,0.0005196244455873966
turning,pca_image_reconstruction,reconstruction_mse,4p5inchStickout_F_13-Jun-2017_rpm770_doc0p015_window_0003,4p5inchStickout/F_13-Jun-2017_rpm770_doc0p015,train,42,0,cv_evaluation,no_chatter,0,0.0006630916614085436
turning,pca_image_reconstruction,reconstruction_mse,4p5inchStickout_F_13-Jun-2017_rpm770_doc0p015_window_0004,4p5inchStickout/F_13-Jun-2017_rpm770_doc0p015,validation,42,0,cv_evaluation,no_chatter,0,0.0010568010620772839
turning,pca_image_reconstruction,reconstruction_mse,4p5inchStickout_F_13-Jun-2017_rpm770_doc0p015_window_0005,4p5inchStickout/F_13-Jun-2017_rpm770_doc0p015,validation,42,0,cv_evaluation,no_chatter,0,0.0005735543090850115
turning,one_class_svm_image_features,anomaly_score,2inchStickout_F_08-Jun-2017_rpm1030_doc0p001_window_0000,2inchStickout/F_08-Jun-2017_rpm1030_doc0p001,train,42,1,cv_evaluation,no_chatter,0,-0.045156988016629596
turning,one_class_svm_image_features,anomaly_score,2inchStickout_F_08-Jun-2017_rpm1030_doc0p001_window_0001,2inchStickout/F_08-Jun-2017_rpm1030_doc0p001,validation,42,1,cv_evaluation,chatter,1,1.513425216345343
turning,one_class_svm_image_features,anomaly_score,2inchStickout_F_08-Jun-2017_rpm1030_doc0p001_window_0002,2inchStickout/F_08-Jun-2017_rpm1030_doc0p001,validation,42,1,cv_evaluation,chatter,1,1.513425216345343
turning,one_class_svm_image_features,anomaly_score,2inchStickout_F_08-Jun-2017_rpm1030_doc0p001_window_0003,2inchStickout/F_08-Jun-2017_rpm1030_doc0p001,validation,42,1,cv_evaluation,chatter,1,1.513425216345343
turning,one_class_svm_image_features,anomaly_score,2inchStickout_F_08-Jun-2017_rpm320_doc0p010_window_0000,2inchStickout/F_08-Jun-2017_rpm320_doc0p010,train,42,1,cv_evaluation,no_chatter,0,-0.07621386187151402
turning,one_class_svm_image_features,anomaly_score,2inchStickout_F_08-Jun-2017_rpm320_doc0p010_window_0001,2inchStickout/F_08-Jun-2017_rpm320_doc0p010,train,42,1,cv_evaluation,no_chatter,0,-0.07829723893391538
turning,one_class_svm_image_features,anomaly_score,2inchStickout_F_08-Jun-2017_rpm320_doc0p010_window_0002,2inchStickout/F_08-Jun-2017_rpm320_doc0p010,train,42,1,cv_evaluation,no_chatter,0,-0.0785770189085182
turning,one_class_svm_image_features,anomaly_score,2inchStickout_F_08-Jun-2017_rpm320_doc0p010_window_0003,2inchStickout/F_08-Jun-2017_rpm320_doc0p010,train,42,1,cv_evaluation,no_chatter,0,-0.13120839160688025
turning,one_class_svm_image_features,anomaly_score,2inchStickout_F_08-Jun-2017_rpm320_doc0p010_window_0004,2inchStickout/F_08-Jun-2017_rpm320_doc0p010,train,42,1,cv_evaluation,no_chatter,0,-0.2654711649923682
turning,one_class_svm_image_features,anomaly_score,2inchStickout_F_08-Jun-2017_rpm320_doc0p010_window_0005,2inchStickout/F_08-Jun-2017_rpm320_doc0p010,validation,42,1,cv_evaluation,no_chatter,0,-0.26620846220967165
turning,one_class_svm_image_features,anomaly_score,2inchStickout_F_08-Jun-2017_rpm320_doc0p010_window_0006,2inchStickout/F_08-Jun-2017_rpm320_doc0p010,validation,42,1,cv_evaluation,no_chatter,0,-0.3193886596289619
turning,one_class_svm_image_features,anomaly_score,2inchStickout_F_08-Jun-2017_rpm320_doc0p010_window_0007,2inchStickout/F_08-Jun-2017_rpm320_doc0p010,train,42,1,cv_evaluation,no_chatter,0,-0.27150278188282573
turning,one_class_svm_image_features,anomaly_score,2inchStickout_F_08-Jun-2017_rpm320_doc0p010_window_0008,2inchStickout/F_08-Jun-2017_rpm320_doc0p010,validation,42,1,cv_evaluation,no_chatter,0,-0.46609837099085105
turning,one_class_svm_image_features,anomaly_score,2inchStickout_F_08-Jun-2017_rpm320_doc0p010_window_0009,2inchStickout/F_08-Jun-2017_rpm320_doc0p010,train,42,1,cv_evaluation,no_chatter,0,-0.12228653815749202
turning,one_class_svm_image_features,anomaly_score,2inchStickout_F_08-Jun-2017_rpm320_doc0p010_window_0010,2inchStickout/F_08-Jun-2017_rpm320_doc0p010,train,42,1,cv_evaluation,no_chatter,0,0.5898054293769865
turning,one_class_svm_image_features,anomaly_score,2inchStickout_F_08-Jun-2017_rpm320_doc0p010_window_0011,2inchStickout/F_08-Jun-2017_rpm320_doc0p010,validation,42,1,cv_evaluation,no_chatter,0,0.43505109293079536
turning,one_class_svm_image_features,anomaly_score,2inchStickout_F_08-Jun-2017_rpm320_doc0p010_window_0012,2inchStickout/F_08-Jun-2017_rpm320_doc0p010,train,42,1,cv_evaluation,no_chatter,0,-0.19462201595175754
turning,one_class_svm_image_features,anomaly_score,2inchStickout_F_08-Jun-2017_rpm320_doc0p010_window_0013,2inchStickout/F_08-Jun-2017_rpm320_doc0p010,validation,42,1,cv_evaluation,no_chatter,0,0.17707769624568548
turning,one_class_svm_image_features,anomaly_score,2inchStickout_F_08-Jun-2017_rpm320_doc0p010_window_0014,2inchStickout/F_08-Jun-2017_rpm320_doc0p010,train,42,1,cv_evaluation,no_chatter,0,0.03284023488644161
turning,one_class_svm_image_features,anomaly_score,2inchStickout_F_08-Jun-2017_rpm320_doc0p010_window_0015,2inchStickout/F_08-Jun-2017_rpm320_doc0p010,train,42,1,cv_evaluation,no_chatter,0,-0.33804051276689706
turning,one_class_svm_image_features,anomaly_score,2inchStickout_F_08-Jun-2017_rpm320_doc0p010_window_0016,2inchStickout/F_08-Jun-2017_rpm320_doc0p010,train,42,1,cv_evaluation,no_chatter,0,-0.16284510002710428
turning,one_class_svm_image_features,anomaly_score,2inchStickout_F_08-Jun-2017_rpm320_doc0p010_window_0017,2inchStickout/F_08-Jun-2017_rpm320_doc0p010,train,42,1,cv_evaluation,no_chatter,0,-0.22475084489169217
turning,one_class_svm_image_features,anomaly_score,2inchStickout_F_08-Jun-2017_rpm320_doc0p010_window_0018,2inchStickout/F_08-Jun-2017_rpm320_doc0p010,train,42,1,cv_evaluation,no_chatter,0,-0.23634266165925255
turning,one_class_svm_image_features,anomaly_score,2inchStickout_F_08-Jun-2017_rpm320_doc0p010_window_0019,2inchStickout/F_08-Jun-2017_rpm320_doc0p010,train,42,1,cv_evaluation,no_chatter,0,-0.18993544104557092
turning,one_class_svm_image_features,anomaly_score,2inchStickout_F_08-Jun-2017_rpm320_doc0p010_window_0020,2inchStickout/F_08-Jun-2017_rpm320_doc0p010,train,42,1,cv_evaluation,no_chatter,0,-0.23462683280772212
turning,one_class_svm_image_features,anomaly_score,2inchStickout_F_08-Jun-2017_rpm320_doc0p010_window_0021,2inchStickout/F_08-Jun-2017_rpm320_doc0p010,train,42,1,cv_evaluation,no_chatter,0,-0.17085414324169523
turning,one_class_svm_image_features,anomaly_score,2inchStickout_F_08-Jun-2017_rpm320_doc0p010_window_0022,2inchStickout/F_08-Jun-2017_rpm320_doc0p010,train,42,1,cv_evaluation,no_chatter,0,0.013060460004595154
turning,one_class_svm_image_features,anomaly_score,2inchStickout_F_08-Jun-2017_rpm320_doc0p010_window_0023,2inchStickout/F_08-Jun-2017_rpm320_doc0p010,train,42,1,cv_evaluation,no_chatter,0,-0.11678285919452946
turning,one_class_svm_image_features,anomaly_score,2inchStickout_F_08-Jun-2017_rpm320_doc0p045_window_0000,2inchStickout/F_08-Jun-2017_rpm320_doc0p045,train,42,1,cv_evaluation,no_chatter,0,-0.06800945371311617
turning,one_class_svm_image_features,anomaly_score,2inchStickout_F_08-Jun-2017_rpm320_doc0p045_window_0001,2inchStickout/F_08-Jun-2017_rpm320_doc0p045,train,42,1,cv_evaluation,no_chatter,0,-0.06658197288086543
turning,one_class_svm_image_features,anomaly_score,2inchStickout_F_08-Jun-2017_rpm320_doc0p045_window_0002,2inchStickout/F_08-Jun-2017_rpm320_doc0p045,train,42,1,cv_evaluation,no_chatter,0,-0.020511689625636542
turning,one_class_svm_image_features,anomaly_score,2inchStickout_F_08-Jun-2017_rpm320_doc0p045_window_0003,2inchStickout/F_08-Jun-2017_rpm320_doc0p045,train,42,1,cv_evaluation,no_chatter,0,-0.32576555894209824
turning,one_class_svm_image_features,anomaly_score,2inchStickout_F_08-Jun-2017_rpm320_doc0p045_window_0004,2inchStickout/F_08-Jun-2017_rpm320_doc0p045,train,42,1,cv_evaluation,no_chatter,0,-0.3855956596223422
turning,one_class_svm_image_features,anomaly_score,2inchStickout_F_08-Jun-2017_rpm320_doc0p045_window_0005,2inchStickout/F_08-Jun-2017_rpm320_doc0p045,train,42,1,cv_evaluation,no_chatter,0,-0.33101933833488917
turning,one_class_svm_image_features,anomaly_score,2inchStickout_F_08-Jun-2017_rpm320_doc0p045_window_0006,2inchStickout/F_08-Jun-2017_rpm320_doc0p045,train,42,1,cv_evaluation,no_chatter,0,-0.3121168459303496
turning,one_class_svm_image_features,anomaly_score,2inchStickout_F_08-Jun-2017_rpm320_doc0p045_window_0007,2inchStickout/F_08-Jun-2017_rpm320_doc0p045,train,42,1,cv_evaluation,no_chatter,0,-0.3288850682914817
turning,one_class_svm_image_features,anomaly_score,2inchStickout_F_08-Jun-2017_rpm320_doc0p045_window_0008,2inchStickout/F_08-Jun-2017_rpm320_doc0p045,train,42,1,cv_evaluation,no_chatter,0,-0.36037677727578177
turning,one_class_svm_image_features,anomaly_score,2inchStickout_F_08-Jun-2017_rpm320_doc0p045_window_0009,2inchStickout/F_08-Jun-2017_rpm320_doc0p045,validation,42,1,cv_evaluation,no_chatter,0,-0.31688762727945585
turning,one_class_svm_image_features,anomaly_score,2inchStickout_F_08-Jun-2017_rpm320_doc0p045_window_0010,2inchStickout/F_08-Jun-2017_rpm320_doc0p045,train,42,1,cv_evaluation,no_chatter,0,-0.3814316836075251
turning,one_class_svm_image_features,anomaly_score,2inchStickout_F_08-Jun-2017_rpm320_doc0p045_window_0011,2inchStickout/F_08-Jun-2017_rpm320_doc0p045,train,42,1,cv_evaluation,no_chatter,0,-0.3919890858734878
turning,one_class_svm_image_features,anomaly_score,2inchStickout_F_08-Jun-2017_rpm320_doc0p045_window_0012,2inchStickout/F_08-Jun-2017_rpm320_doc0p045,train,42,1,cv_evaluation,no_chatter,0,-0.376180929778444
turning,one_class_svm_image_features,anomaly_score,2inchStickout_F_08-Jun-2017_rpm320_doc0p045_window_0013,2inchStickout/F_08-Jun-2017_rpm320_doc0p045,train,42,1,cv_evaluation,no_chatter,0,-0.40564019418505404
turning,one_class_svm_image_features,anomaly_score,2inchStickout_F_08-Jun-2017_rpm320_doc0p045_window_0014,2inchStickout/F_08-Jun-2017_rpm320_doc0p045,train,42,1,cv_evaluation,no_chatter,0,-0.46071815241792935
turning,one_class_svm_image_features,anomaly_score,2inchStickout_F_08-Jun-2017_rpm320_doc0p045_window_0015,2inchStickout/F_08-Jun-2017_rpm320_doc0p045,validation,42,1,cv_evaluation,no_chatter,0,-0.4758016788017838
turning,one_class_svm_image_features,anomaly_score,2inchStickout_F_08-Jun-2017_rpm320_doc0p045_window_0016,2inchStickout/F_08-Jun-2017_rpm320_doc0p045,validation,42,1,cv_evaluation,no_chatter,0,-0.45771847095407936
turning,one_class_svm_image_features,anomaly_score,2inchStickout_F_08-Jun-2017_rpm320_doc0p045_window_0017,2inchStickout/F_08-Jun-2017_rpm320_doc0p045,validation,42,1,cv_evaluation,no_chatter,0,-0.5463852811153436
turning,one_class_svm_image_features,anomaly_score,2inchStickout_F_08-Jun-2017_rpm320_doc0p045_window_0018,2inchStickout/F_08-Jun-2017_rpm320_doc0p045,train,42,1,cv_evaluation,no_chatter,0,-0.5907385254462378
turning,one_class_svm_image_features,anomaly_score,2inchStickout_F_08-Jun-2017_rpm320_doc0p045_window_0019,2inchStickout/F_08-Jun-2017_rpm320_doc0p045,train,42,1,cv_evaluation,no_chatter,0,-0.5785687402072004
turning,one_class_svm_image_features,anomaly_score,2inchStickout_F_08-Jun-2017_rpm320_doc0p045_window_0020,2inchStickout/F_08-Jun-2017_rpm320_doc0p045,train,42,1,cv_evaluation,no_chatter,0,-0.46247570633650836
turning,one_class_svm_image_features,anomaly_score,2inchStickout_F_08-Jun-2017_rpm320_doc0p045_window_0021,2inchStickout/F_08-Jun-2017_rpm320_doc0p045,train,42,1,cv_evaluation,no_chatter,0,-0.5061736488033415
turning,one_class_svm_image_features,anomaly_score,2inchStickout_F_08-Jun-2017_rpm320_doc0p045_window_0022,2inchStickout/F_08-Jun-2017_rpm320_doc0p045,train,42,1,cv_evaluation,no_chatter,0,-0.5110615158121294
turning,one_class_svm_image_features,anomaly_score,2inchStickout_F_08-Jun-2017_rpm320_doc0p045_window_0023,2inchStickout/F_08-Jun-2017_rpm320_doc0p045,train,42,1,cv_evaluation,no_chatter,0,-0.45414914310633314
turning,one_class_svm_image_features,anomaly_score,2inchStickout_F_08-Jun-2017_rpm320_doc0p060_xAccDetached_window_0000,2inchStickout/F_08-Jun-2017_rpm320_doc0p060_xAccDetached,train,42,1,cv_evaluation,no_chatter,0,-0.10926007864819409
turning,one_class_svm_image_features,anomaly_score,2inchStickout_F_08-Jun-2017_rpm320_doc0p060_xAccDetached_window_0001,2inchStickout/F_08-Jun-2017_rpm320_doc0p060_xAccDetached,train,42,1,cv_evaluation,no_chatter,0,-0.15933654616606652
turning,one_class_svm_image_features,anomaly_score,2inchStickout_F_08-Jun-2017_rpm320_doc0p060_xAccDetached_window_0002,2inchStickout/F_08-Jun-2017_rpm320_doc0p060_xAccDetached,train,42,1,cv_evaluation,no_chatter,0,-0.2088433232980509
turning,one_class_svm_image_features,anomaly_score,2inchStickout_F_08-Jun-2017_rpm320_doc0p060_xAccDetached_window_0003,2inchStickout/F_08-Jun-2017_rpm320_doc0p060_xAccDetached,validation,42,1,cv_evaluation,no_chatter,0,-0.331561220297963
turning,one_class_svm_image_features,anomaly_score,2inchStickout_F_08-Jun-2017_rpm320_doc0p060_xAccDetached_window_0004,2inchStickout/F_08-Jun-2017_rpm320_doc0p060_xAccDetached,train,42,1,cv_evaluation,no_chatter,0,-0.3805895235482397
turning,one_class_svm_image_features,anomaly_score,2inchStickout_F_08-Jun-2017_rpm320_doc0p060_xAccDetached_window_0005,2inchStickout/F_08-Jun-2017_rpm320_doc0p060_xAccDetached,train,42,1,cv_evaluation,no_chatter,0,-0.34202533255938605
turning,one_class_svm_image_features,anomaly_score,2inchStickout_F_08-Jun-2017_rpm320_doc0p060_xAccDetached_window_0006,2inchStickout/F_08-Jun-2017_rpm320_doc0p060_xAccDetached,train,42,1,cv_evaluation,no_chatter,0,-0.4155312392283148
turning,one_class_svm_image_features,anomaly_score,2inchStickout_F_08-Jun-2017_rpm320_doc0p060_xAccDetached_window_0007,2inchStickout/F_08-Jun-2017_rpm320_doc0p060_xAccDetached,train,42,1,cv_evaluation,no_chatter,0,-0.4258141212732116
turning,one_class_svm_image_features,anomaly_score,2inchStickout_F_08-Jun-2017_rpm320_doc0p060_xAccDetached_window_0008,2inchStickout/F_08-Jun-2017_rpm320_doc0p060_xAccDetached,train,42,1,cv_evaluation,no_chatter,0,-0.42216406638050175
turning,one_class_svm_image_features,anomaly_score,2inchStickout_F_08-Jun-2017_rpm320_doc0p060_xAccDetached_window_0009,2inchStickout/F_08-Jun-2017_rpm320_doc0p060_xAccDetached,train,42,1,cv_evaluation,no_chatter,0,-0.40816875151700316
turning,one_class_svm_image_features,anomaly_score,2inchStickout_F_08-Jun-2017_rpm320_doc0p060_xAccDetached_window_0010,2inchStickout/F_08-Jun-2017_rpm320_doc0p060_xAccDetached,train,42,1,cv_evaluation,no_chatter,0,-0.41047478609432875
turning,one_class_svm_image_features,anomaly_score,2inchStickout_F_08-Jun-2017_rpm320_doc0p060_xAccDetached_window_0011,2inchStickout/F_08-Jun-2017_rpm320_doc0p060_xAccDetached,train,42,1,cv_evaluation,no_chatter,0,-0.2910134148721306
turning,one_class_svm_image_features,anomaly_score,2inchStickout_F_08-Jun-2017_rpm425_doc0p025_window_0000,2inchStickout/F_08-Jun-2017_rpm425_doc0p025,train,42,1,cv_evaluation,no_chatter,0,-0.03935760418438172
turning,one_class_svm_image_features,anomaly_score,2inchStickout_F_08-Jun-2017_rpm425_doc0p025_window_0001,2inchStickout/F_08-Jun-2017_rpm425_doc0p025,train,42,1,cv_evaluation,no_chatter,0,-0.035488258702768505
turning,one_class_svm_image_features,anomaly_score,2inchStickout_F_08-Jun-2017_rpm425_doc0p025_window_0002,2inchStickout/F_08-Jun-2017_rpm425_doc0p025,test,42,1,cv_evaluation,no_chatter,0,-0.29944129952258036
turning,one_class_svm_image_features,anomaly_score,2inchStickout_F_08-Jun-2017_rpm425_doc0p025_window_0003,2inchStickout/F_08-Jun-2017_rpm425_doc0p025,train,42,1,cv_evaluation,no_chatter,0,0.1220649000863483
turning,one_class_svm_image_features,anomaly_score,2inchStickout_F_08-Jun-2017_rpm425_doc0p025_window_0004,2inchStickout/F_08-Jun-2017_rpm425_doc0p025,validation,42,1,cv_evaluation,chatter,1,1.282768559568117
turning,one_class_svm_image_features,anomaly_score,2inchStickout_F_08-Jun-2017_rpm425_doc0p025_window_0005,2inchStickout/F_08-Jun-2017_rpm425_doc0p025,validation,42,1,cv_evaluation,chatter,1,1.4883752344679713
turning,one_class_svm_image_features,anomaly_score,2inchStickout_F_08-Jun-2017_rpm425_doc0p025_window_0006,2inchStickout/F_08-Jun-2017_rpm425_doc0p025,validation,42,1,cv_evaluation,chatter,1,1.487472291256035
turning,one_class_svm_image_features,anomaly_score,2inchStickout_F_08-Jun-2017_rpm425_doc0p025_window_0007,2inchStickout/F_08-Jun-2017_rpm425_doc0p025,validation,42,1,cv_evaluation,chatter,1,0.9609033843948734
turning,one_class_svm_image_features,anomaly_score,2inchStickout_F_08-Jun-2017_rpm570_doc0p002_window_0000,2inchStickout/F_08-Jun-2017_rpm570_doc0p002,train,42,1,cv_evaluation,no_chatter,0,-0.027770481352566545
turning,one_class_svm_image_features,anomaly_score,2inchStickout_F_08-Jun-2017_rpm570_doc0p002_window_0001,2inchStickout/F_08-Jun-2017_rpm570_doc0p002,train,42,1,cv_evaluation,no_chatter,0,-0.3226486840094438
turning,one_class_svm_image_features,anomaly_score,2inchStickout_F_08-Jun-2017_rpm570_doc0p002_window_0002,2inchStickout/F_08-Jun-2017_rpm570_doc0p002,test,42,1,cv_evaluation,chatter,1,0.5419139805917415
turning,one_class_svm_image_features,anomaly_score,2inchStickout_F_08-Jun-2017_rpm570_doc0p002_window_0003,2inchStickout/F_08-Jun-2017_rpm570_doc0p002,test,42,1,cv_evaluation,chatter,1,1.4267720288180925
turning,one_class_svm_image_features,anomaly_score,2inchStickout_F_08-Jun-2017_rpm570_doc0p002_window_0004,2inchStickout/F_08-Jun-2017_rpm570_doc0p002,train,42,1,cv_evaluation,no_chatter,0,-0.0658087421400042
turning,one_class_svm_image_features,anomaly_score,2inchStickout_F_08-Jun-2017_rpm570_doc0p002_window_0005,2inchStickout/F_08-Jun-2017_rpm570_doc0p002,train,42,1,cv_evaluation,no_chatter,0,1.2270166165464493
turning,one_class_svm_image_features,anomaly_score,2inchStickout_F_08-Jun-2017_rpm570_doc0p005_window_0000,2inchStickout/F_08-Jun-2017_rpm570_doc0p005,train,42,1,cv_evaluation,no_chatter,0,-0.028640554251384343
turning,one_class_svm_image_features,anomaly_score,2inchStickout_F_08-Jun-2017_rpm570_doc0p005_window_0001,2inchStickout/F_08-Jun-2017_rpm570_doc0p005,test,42,1,cv_evaluation,no_chatter,0,-0.2388143955643136
turning,one_class_svm_image_features,anomaly_score,2inchStickout_F_08-Jun-2017_rpm570_doc0p005_window_0002,2inchStickout/F_08-Jun-2017_rpm570_doc0p005,test,42,1,cv_evaluation,chatter,1,0.28625718812386336
turning,one_class_svm_image_features,anomaly_score,2inchStickout_F_08-Jun-2017_rpm570_doc0p005_window_0003,2inchStickout/F_08-Jun-2017_rpm570_doc0p005,train,42,1,cv_evaluation,no_chatter,0,-0.22358770778045134
turning,one_class_svm_image_features,anomaly_score,2p5inchStickout_F_12-Jun-2017_rpm570_doc0p012_window_0000,2p5inchStickout/F_12-Jun-2017_rpm570_doc0p012,train,42,1,cv_evaluation,no_chatter,0,-0.09578100551886215
turning,one_class_svm_image_features,anomaly_score,2p5inchStickout_F_12-Jun-2017_rpm570_doc0p012_window_0001,2p5inchStickout/F_12-Jun-2017_rpm570_doc0p012,train,42,1,cv_evaluation,no_chatter,0,-0.0749046250937897
turning,one_class_svm_image_features,anomaly_score,2p5inchStickout_F_12-Jun-2017_rpm570_doc0p012_window_0002,2p5inchStickout/F_12-Jun-2017_rpm570_doc0p012,test,42,1,cv_evaluation,chatter,1,0.33606761983451405
turning,one_class_svm_image_features,anomaly_score,2p5inchStickout_F_12-Jun-2017_rpm570_doc0p012_window_0003,2p5inchStickout/F_12-Jun-2017_rpm570_doc0p012,train,42,1,cv_evaluation,no_chatter,0,-0.2151704113779931
turning,one_class_svm_image_features,anomaly_score,2p5inchStickout_F_12-Jun-2017_rpm570_doc0p012_window_0004,2p5inchStickout/F_12-Jun-2017_rpm570_doc0p012,train,42,1,cv_evaluation,no_chatter,0,-0.33140425987898703
turning,one_class_svm_image_features,anomaly_score,2p5inchStickout_F_12-Jun-2017_rpm570_doc0p012_window_0005,2p5inchStickout/F_12-Jun-2017_rpm570_doc0p012,train,42,1,cv_evaluation,no_chatter,0,-0.030411899301137968
turning,one_class_svm_image_features,anomaly_score,2p5inchStickout_F_12-Jun-2017_rpm570_doc0p012_window_0006,2p5inchStickout/F_12-Jun-2017_rpm570_doc0p012,validation,42,1,cv_evaluation,no_chatter,0,-0.45886856952663946
turning,one_class_svm_image_features,anomaly_score,2p5inchStickout_F_12-Jun-2017_rpm570_doc0p012_window_0007,2p5inchStickout/F_12-Jun-2017_rpm570_doc0p012,train,42,1,cv_evaluation,no_chatter,0,-0.3642755193640528
turning,one_class_svm_image_features,anomaly_score,2p5inchStickout_F_12-Jun-2017_rpm570_doc0p012_window_0008,2p5inchStickout/F_12-Jun-2017_rpm570_doc0p012,validation,42,1,cv_evaluation,no_chatter,0,-0.3743398281796646
turning,one_class_svm_image_features,anomaly_score,2p5inchStickout_F_12-Jun-2017_rpm570_doc0p012_window_0009,2p5inchStickout/F_12-Jun-2017_rpm570_doc0p012,validation,42,1,cv_evaluation,no_chatter,0,-0.5333998893639607
turning,one_class_svm_image_features,anomaly_score,2p5inchStickout_F_12-Jun-2017_rpm570_doc0p014_window_0000,2p5inchStickout/F_12-Jun-2017_rpm570_doc0p014,train,42,1,cv_evaluation,no_chatter,0,-0.09558557812791335
turning,one_class_svm_image_features,anomaly_score,2p5inchStickout_F_12-Jun-2017_rpm570_doc0p014_window_0001,2p5inchStickout/F_12-Jun-2017_rpm570_doc0p014,train,42,1,cv_evaluation,no_chatter,0,-0.1915769594908754
turning,one_class_svm_image_features,anomaly_score,2p5inchStickout_F_12-Jun-2017_rpm570_doc0p014_window_0002,2p5inchStickout/F_12-Jun-2017_rpm570_doc0p014,train,42,1,cv_evaluation,no_chatter,0,0.07609692902371656
turning,one_class_svm_image_features,anomaly_score,2p5inchStickout_F_12-Jun-2017_rpm570_doc0p014_window_0003,2p5inchStickout/F_12-Jun-2017_rpm570_doc0p014,validation,42,1,cv_evaluation,no_chatter,0,-0.29535756781871947
turning,one_class_svm_image_features,anomaly_score,2p5inchStickout_F_12-Jun-2017_rpm570_doc0p014_window_0004,2p5inchStickout/F_12-Jun-2017_rpm570_doc0p014,validation,42,1,cv_evaluation,no_chatter,0,-0.37591734573107827
turning,one_class_svm_image_features,anomaly_score,2p5inchStickout_F_12-Jun-2017_rpm570_doc0p014_window_0005,2p5inchStickout/F_12-Jun-2017_rpm570_doc0p014,validation,42,1,cv_evaluation,no_chatter,0,-0.37975798267772687
turning,one_class_svm_image_features,anomaly_score,2p5inchStickout_F_12-Jun-2017_rpm770_doc0p005_window_0000,2p5inchStickout/F_12-Jun-2017_rpm770_doc0p005,train,42,1,cv_evaluation,no_chatter,0,-0.07839953038795322
turning,one_class_svm_image_features,anomaly_score,2p5inchStickout_F_12-Jun-2017_rpm770_doc0p005_window_0001,2p5inchStickout/F_12-Jun-2017_rpm770_doc0p005,train,42,1,cv_evaluation,no_chatter,0,0.8614258493756722
turning,one_class_svm_image_features,anomaly_score,2p5inchStickout_F_12-Jun-2017_rpm770_doc0p005_window_0002,2p5inchStickout/F_12-Jun-2017_rpm770_doc0p005,train,42,1,cv_evaluation,no_chatter,0,-0.2096797652700495
turning,one_class_svm_image_features,anomaly_score,2p5inchStickout_F_12-Jun-2017_rpm770_doc0p005_window_0003,2p5inchStickout/F_12-Jun-2017_rpm770_doc0p005,train,42,1,cv_evaluation,no_chatter,0,0.20691342617196073
turning,one_class_svm_image_features,anomaly_score,3p5inchStickout_F_12-Jun-2017_rpm570_doc0p025_window_0000,3p5inchStickout/F_12-Jun-2017_rpm570_doc0p025,validation,42,1,cv_evaluation,no_chatter,0,-0.032183903926812585
turning,one_class_svm_image_features,anomaly_score,3p5inchStickout_F_12-Jun-2017_rpm570_doc0p025_window_0001,3p5inchStickout/F_12-Jun-2017_rpm570_doc0p025,train,42,1,cv_evaluation,no_chatter,0,-0.01962268736841244
turning,one_class_svm_image_features,anomaly_score,3p5inchStickout_F_12-Jun-2017_rpm570_doc0p025_window_0002,3p5inchStickout/F_12-Jun-2017_rpm570_doc0p025,train,42,1,cv_evaluation,no_chatter,0,-0.2740185602037326
turning,one_class_svm_image_features,anomaly_score,3p5inchStickout_F_12-Jun-2017_rpm570_doc0p025_window_0003,3p5inchStickout/F_12-Jun-2017_rpm570_doc0p025,validation,42,1,cv_evaluation,no_chatter,0,-0.26777962058292815
turning,one_class_svm_image_features,anomaly_score,3p5inchStickout_F_12-Jun-2017_rpm570_doc0p025_window_0004,3p5inchStickout/F_12-Jun-2017_rpm570_doc0p025,train,42,1,cv_evaluation,no_chatter,0,-0.2932985639610035
turning,one_class_svm_image_features,anomaly_score,3p5inchStickout_F_12-Jun-2017_rpm570_doc0p025_window_0005,3p5inchStickout/F_12-Jun-2017_rpm570_doc0p025,train,42,1,cv_evaluation,no_chatter,0,-0.10646225991641378
turning,one_class_svm_image_features,anomaly_score,3p5inchStickout_F_12-Jun-2017_rpm570_doc0p025_window_0006,3p5inchStickout/F_12-Jun-2017_rpm570_doc0p025,train,42,1,cv_evaluation,no_chatter,0,-0.16611316923574537
turning,one_class_svm_image_features,anomaly_score,3p5inchStickout_F_12-Jun-2017_rpm570_doc0p025_window_0007,3p5inchStickout/F_12-Jun-2017_rpm570_doc0p025,train,42,1,cv_evaluation,no_chatter,0,-0.13131920729578983
turning,one_class_svm_image_features,anomaly_score,3p5inchStickout_F_12-Jun-2017_rpm570_doc0p025_window_0008,3p5inchStickout/F_12-Jun-2017_rpm570_doc0p025,train,42,1,cv_evaluation,no_chatter,0,-0.29466814620419224
turning,one_class_svm_image_features,anomaly_score,3p5inchStickout_F_12-Jun-2017_rpm570_doc0p025_window_0009,3p5inchStickout/F_12-Jun-2017_rpm570_doc0p025,train,42,1,cv_evaluation,no_chatter,0,-0.22621289525533572
turning,one_class_svm_image_features,anomaly_score,3p5inchStickout_F_14-Jun-2017_rpm1030_doc0p002_window_0000,3p5inchStickout/F_14-Jun-2017_rpm1030_doc0p002,train,42,1,cv_evaluation,no_chatter,0,-0.06945947731909863
turning,one_class_svm_image_features,anomaly_score,3p5inchStickout_F_14-Jun-2017_rpm1030_doc0p002_window_0001,3p5inchStickout/F_14-Jun-2017_rpm1030_doc0p002,train,42,1,cv_evaluation,no_chatter,0,1.5133629069610426
turning,one_class_svm_image_features,anomaly_score,3p5inchStickout_F_14-Jun-2017_rpm1030_doc0p002_window_0002,3p5inchStickout/F_14-Jun-2017_rpm1030_doc0p002,train,42,1,cv_evaluation,no_chatter,0,1.513311591859092
turning,one_class_svm_image_features,anomaly_score,3p5inchStickout_F_14-Jun-2017_rpm770_doc0p010_window_0000,3p5inchStickout/F_14-Jun-2017_rpm770_doc0p010,train,42,1,cv_evaluation,no_chatter,0,-0.07569501636192055
turning,one_class_svm_image_features,anomaly_score,3p5inchStickout_F_14-Jun-2017_rpm770_doc0p010_window_0001,3p5inchStickout/F_14-Jun-2017_rpm770_doc0p010,train,42,1,cv_evaluation,no_chatter,0,0.06981585585948014
turning,one_class_svm_image_features,anomaly_score,3p5inchStickout_F_14-Jun-2017_rpm770_doc0p010_window_0002,3p5inchStickout/F_14-Jun-2017_rpm770_doc0p010,train,42,1,cv_evaluation,no_chatter,0,-0.13108009179806168
turning,one_class_svm_image_features,anomaly_score,3p5inchStickout_F_14-Jun-2017_rpm770_doc0p010_window_0003,3p5inchStickout/F_14-Jun-2017_rpm770_doc0p010,train,42,1,cv_evaluation,no_chatter,0,-0.3393099900717438
turning,one_class_svm_image_features,anomaly_score,4p5inchStickout_F_12-Jun-2017_rpm570_doc0p040_window_0000,4p5inchStickout/F_12-Jun-2017_rpm570_doc0p040,train,42,1,cv_evaluation,no_chatter,0,-0.006362264264073492
turning,one_class_svm_image_features,anomaly_score,4p5inchStickout_F_12-Jun-2017_rpm570_doc0p040_window_0001,4p5inchStickout/F_12-Jun-2017_rpm570_doc0p040,train,42,1,cv_evaluation,no_chatter,0,-0.001683366632678096
turning,one_class_svm_image_features,anomaly_score,4p5inchStickout_F_12-Jun-2017_rpm570_doc0p040_window_0002,4p5inchStickout/F_12-Jun-2017_rpm570_doc0p040,train,42,1,cv_evaluation,no_chatter,0,-0.0018958022527439944
turning,one_class_svm_image_features,anomaly_score,4p5inchStickout_F_12-Jun-2017_rpm570_doc0p040_window_0003,4p5inchStickout/F_12-Jun-2017_rpm570_doc0p040,train,42,1,cv_evaluation,no_chatter,0,-0.0017056475741374921
turning,one_class_svm_image_features,anomaly_score,4p5inchStickout_F_12-Jun-2017_rpm570_doc0p040_window_0004,4p5inchStickout/F_12-Jun-2017_rpm570_doc0p040,train,42,1,cv_evaluation,no_chatter,0,-0.0025918218618470323
turning,one_class_svm_image_features,anomaly_score,4p5inchStickout_F_12-Jun-2017_rpm570_doc0p040_window_0005,4p5inchStickout/F_12-Jun-2017_rpm570_doc0p040,train,42,1,cv_evaluation,no_chatter,0,-0.1729118712720974
turning,one_class_svm_image_features,anomaly_score,4p5inchStickout_F_12-Jun-2017_rpm570_doc0p040_window_0006,4p5inchStickout/F_12-Jun-2017_rpm570_doc0p040,train,42,1,cv_evaluation,no_chatter,0,0.07147440514183989
turning,one_class_svm_image_features,anomaly_score,4p5inchStickout_F_12-Jun-2017_rpm570_doc0p040_window_0007,4p5inchStickout/F_12-Jun-2017_rpm570_doc0p040,train,42,1,cv_evaluation,no_chatter,0,0.1748094460762064
turning,one_class_svm_image_features,anomaly_score,4p5inchStickout_F_12-Jun-2017_rpm570_doc0p040_window_0008,4p5inchStickout/F_12-Jun-2017_rpm570_doc0p040,train,42,1,cv_evaluation,no_chatter,0,0.27702192706444695
turning,one_class_svm_image_features,anomaly_score,4p5inchStickout_F_12-Jun-2017_rpm570_doc0p040_window_0009,4p5inchStickout/F_12-Jun-2017_rpm570_doc0p040,train,42,1,cv_evaluation,no_chatter,0,0.11954649398155293
turning,one_class_svm_image_features,anomaly_score,4p5inchStickout_F_12-Jun-2017_rpm570_doc0p040_window_0010,4p5inchStickout/F_12-Jun-2017_rpm570_doc0p040,train,42,1,cv_evaluation,no_chatter,0,-0.014578569276324282
turning,one_class_svm_image_features,anomaly_score,4p5inchStickout_F_12-Jun-2017_rpm570_doc0p040_window_0011,4p5inchStickout/F_12-Jun-2017_rpm570_doc0p040,train,42,1,cv_evaluation,no_chatter,0,-0.1562990179800492
turning,one_class_svm_image_features,anomaly_score,4p5inchStickout_F_13-Jun-2017_rpm1030_doc0p015_window_0000,4p5inchStickout/F_13-Jun-2017_rpm1030_doc0p015,train,42,1,cv_evaluation,no_chatter,0,-0.028014285589476717
turning,one_class_svm_image_features,anomaly_score,4p5inchStickout_F_13-Jun-2017_rpm1030_doc0p015_window_0001,4p5inchStickout/F_13-Jun-2017_rpm1030_doc0p015,train,42,1,cv_evaluation,no_chatter,0,0.38696174751178325
turning,one_class_svm_image_features,anomaly_score,4p5inchStickout_F_13-Jun-2017_rpm1030_doc0p015_window_0002,4p5inchStickout/F_13-Jun-2017_rpm1030_doc0p015,train,42,1,cv_evaluation,no_chatter,0,0.4841778227214175
turning,one_class_svm_image_features,anomaly_score,4p5inchStickout_F_13-Jun-2017_rpm1030_doc0p015_window_0003,4p5inchStickout/F_13-Jun-2017_rpm1030_doc0p015,validation,42,1,cv_evaluation,no_chatter,0,0.5731077525830539
turning,isolation_forest_image_features,anomaly_score,2inchStickout_F_08-Jun-2017_rpm1030_doc0p001_window_0000,2inchStickout/F_08-Jun-2017_rpm1030_doc0p001,train,42,1,cv_evaluation,no_chatter,0,-0.05688649317428951
turning,isolation_forest_image_features,anomaly_score,2inchStickout_F_08-Jun-2017_rpm1030_doc0p001_window_0001,2inchStickout/F_08-Jun-2017_rpm1030_doc0p001,validation,42,1,cv_evaluation,chatter,1,0.27745496474512155
turning,isolation_forest_image_features,anomaly_score,2inchStickout_F_08-Jun-2017_rpm1030_doc0p001_window_0002,2inchStickout/F_08-Jun-2017_rpm1030_doc0p001,validation,42,1,cv_evaluation,chatter,1,0.261378517166576
turning,isolation_forest_image_features,anomaly_score,2inchStickout_F_08-Jun-2017_rpm1030_doc0p001_window_0003,2inchStickout/F_08-Jun-2017_rpm1030_doc0p001,validation,42,1,cv_evaluation,chatter,1,0.2686247177428689
turning,isolation_forest_image_features,anomaly_score,2inchStickout_F_08-Jun-2017_rpm320_doc0p010_window_0000,2inchStickout/F_08-Jun-2017_rpm320_doc0p010,train,42,1,cv_evaluation,no_chatter,0,-0.12367545163152621
turning,isolation_forest_image_features,anomaly_score,2inchStickout_F_08-Jun-2017_rpm320_doc0p010_window_0001,2inchStickout/F_08-Jun-2017_rpm320_doc0p010,train,42,1,cv_evaluation,no_chatter,0,-0.12293879101297706
turning,isolation_forest_image_features,anomaly_score,2inchStickout_F_08-Jun-2017_rpm320_doc0p010_window_0002,2inchStickout/F_08-Jun-2017_rpm320_doc0p010,train,42,1,cv_evaluation,no_chatter,0,-0.12244637904937955
turning,isolation_forest_image_features,anomaly_score,2inchStickout_F_08-Jun-2017_rpm320_doc0p010_window_0003,2inchStickout/F_08-Jun-2017_rpm320_doc0p010,train,42,1,cv_evaluation,no_chatter,0,-0.09086972297829965
turning,isolation_forest_image_features,anomaly_score,2inchStickout_F_08-Jun-2017_rpm320_doc0p010_window_0004,2inchStickout/F_08-Jun-2017_rpm320_doc0p010,train,42,1,cv_evaluation,no_chatter,0,-0.11555108896460614
turning,isolation_forest_image_features,anomaly_score,2inchStickout_F_08-Jun-2017_rpm320_doc0p010_window_0005,2inchStickout/F_08-Jun-2017_rpm320_doc0p010,validation,42,1,cv_evaluation,no_chatter,0,-0.11609399216107269
turning,isolation_forest_image_features,anomaly_score,2inchStickout_F_08-Jun-2017_rpm320_doc0p010_window_0006,2inchStickout/F_08-Jun-2017_rpm320_doc0p010,validation,42,1,cv_evaluation,no_chatter,0,-0.1185453679126166
turning,isolation_forest_image_features,anomaly_score,2inchStickout_F_08-Jun-2017_rpm320_doc0p010_window_0007,2inchStickout/F_08-Jun-2017_rpm320_doc0p010,train,42,1,cv_evaluation,no_chatter,0,-0.11569946376178686
turning,isolation_forest_image_features,anomaly_score,2inchStickout_F_08-Jun-2017_rpm320_doc0p010_window_0008,2inchStickout/F_08-Jun-2017_rpm320_doc0p010,validation,42,1,cv_evaluation,no_chatter,0,-0.10172890192748402
turning,isolation_forest_image_features,anomaly_score,2inchStickout_F_08-Jun-2017_rpm320_doc0p010_window_0009,2inchStickout/F_08-Jun-2017_rpm320_doc0p010,train,42,1,cv_evaluation,no_chatter,0,0.015200382482349006
turning,isolation_forest_image_features,anomaly_score,2inchStickout_F_08-Jun-2017_rpm320_doc0p010_window_0010,2inchStickout/F_08-Jun-2017_rpm320_doc0p010,train,42,1,cv_evaluation,no_chatter,0,0.08449129357133911
turning,isolation_forest_image_features,anomaly_score,2inchStickout_F_08-Jun-2017_rpm320_doc0p010_window_0011,2inchStickout/F_08-Jun-2017_rpm320_doc0p010,validation,42,1,cv_evaluation,no_chatter,0,0.05773041043709559
turning,isolation_forest_image_features,anomaly_score,2inchStickout_F_08-Jun-2017_rpm320_doc0p010_window_0012,2inchStickout/F_08-Jun-2017_rpm320_doc0p010,train,42,1,cv_evaluation,no_chatter,0,-0.04592121634139512
turning,isolation_forest_image_features,anomaly_score,2inchStickout_F_08-Jun-2017_rpm320_doc0p010_window_0013,2inchStickout/F_08-Jun-2017_rpm320_doc0p010,validation,42,1,cv_evaluation,no_chatter,0,0.015102792931996345
turning,isolation_forest_image_features,anomaly_score,2inchStickout_F_08-Jun-2017_rpm320_doc0p010_window_0014,2inchStickout/F_08-Jun-2017_rpm320_doc0p010,train,42,1,cv_evaluation,no_chatter,0,-0.012070146743885457
turning,isolation_forest_image_features,anomaly_score,2inchStickout_F_08-Jun-2017_rpm320_doc0p010_window_0015,2inchStickout/F_08-Jun-2017_rpm320_doc0p010,train,42,1,cv_evaluation,no_chatter,0,-0.06548462784399206
turning,isolation_forest_image_features,anomaly_score,2inchStickout_F_08-Jun-2017_rpm320_doc0p010_window_0016,2inchStickout/F_08-Jun-2017_rpm320_doc0p010,train,42,1,cv_evaluation,no_chatter,0,-0.055380858687549384
turning,isolation_forest_image_features,anomaly_score,2inchStickout_F_08-Jun-2017_rpm320_doc0p010_window_0017,2inchStickout/F_08-Jun-2017_rpm320_doc0p010,train,42,1,cv_evaluation,no_chatter,0,-0.06105882562590881
turning,isolation_forest_image_features,anomaly_score,2inchStickout_F_08-Jun-2017_rpm320_doc0p010_window_0018,2inchStickout/F_08-Jun-2017_rpm320_doc0p010,train,42,1,cv_evaluation,no_chatter,0,-0.05398089219427432
turning,isolation_forest_image_features,anomaly_score,2inchStickout_F_08-Jun-2017_rpm320_doc0p010_window_0019,2inchStickout/F_08-Jun-2017_rpm320_doc0p010,train,42,1,cv_evaluation,no_chatter,0,-0.07050621454671802
turning,isolation_forest_image_features,anomaly_score,2inchStickout_F_08-Jun-2017_rpm320_doc0p010_window_0020,2inchStickout/F_08-Jun-2017_rpm320_doc0p010,train,42,1,cv_evaluation,no_chatter,0,-0.09808735688460718
turning,isolation_forest_image_features,anomaly_score,2inchStickout_F_08-Jun-2017_rpm320_doc0p010_window_0021,2inchStickout/F_08-Jun-2017_rpm320_doc0p010,train,42,1,cv_evaluation,no_chatter,0,-0.0688179266677798
turning,isolation_forest_image_features,anomaly_score,2inchStickout_F_08-Jun-2017_rpm320_doc0p010_window_0022,2inchStickout/F_08-Jun-2017_rpm320_doc0p010,train,42,1,cv_evaluation,no_chatter,0,-0.04060833682453757
turning,isolation_forest_image_features,anomaly_score,2inchStickout_F_08-Jun-2017_rpm320_doc0p010_window_0023,2inchStickout/F_08-Jun-2017_rpm320_doc0p010,train,42,1,cv_evaluation,no_chatter,0,-0.058182052588846345
turning,isolation_forest_image_features,anomaly_score,2inchStickout_F_08-Jun-2017_rpm320_doc0p045_window_0000,2inchStickout/F_08-Jun-2017_rpm320_doc0p045,train,42,1,cv_evaluation,no_chatter,0,-0.12362680533931464
turning,isolation_forest_image_features,anomaly_score,2inchStickout_F_08-Jun-2017_rpm320_doc0p045_window_0001,2inchStickout/F_08-Jun-2017_rpm320_doc0p045,train,42,1,cv_evaluation,no_chatter,0,-0.11688807680976976
turning,isolation_forest_image_features,anomaly_score,2inchStickout_F_08-Jun-2017_rpm320_doc0p045_window_0002,2inchStickout/F_08-Jun-2017_rpm320_doc0p045,train,42,1,cv_evaluation,no_chatter,0,-0.07227090935630964
turning,isolation_forest_image_features,anomaly_score,2inchStickout_F_08-Jun-2017_rpm320_doc0p045_window_0003,2inchStickout/F_08-Jun-2017_rpm320_doc0p045,train,42,1,cv_evaluation,no_chatter,0,-0.11359774428215369
turning,isolation_forest_image_features,anomaly_score,2inchStickout_F_08-Jun-2017_rpm320_doc0p045_window_0004,2inchStickout/F_08-Jun-2017_rpm320_doc0p045,train,42,1,cv_evaluation,no_chatter,0,-0.11403571259684087
turning,isolation_forest_image_features,anomaly_score,2inchStickout_F_08-Jun-2017_rpm320_doc0p045_window_0005,2inchStickout/F_08-Jun-2017_rpm320_doc0p045,train,42,1,cv_evaluation,no_chatter,0,-0.09849789099670347
turning,isolation_forest_image_features,anomaly_score,2inchStickout_F_08-Jun-2017_rpm320_doc0p045_window_0006,2inchStickout/F_08-Jun-2017_rpm320_doc0p045,train,42,1,cv_evaluation,no_chatter,0,-0.08686146075189688
turning,isolation_forest_image_features,anomaly_score,2inchStickout_F_08-Jun-2017_rpm320_doc0p045_window_0007,2inchStickout/F_08-Jun-2017_rpm320_doc0p045,train,42,1,cv_evaluation,no_chatter,0,-0.10040750387161035
turning,isolation_forest_image_features,anomaly_score,2inchStickout_F_08-Jun-2017_rpm320_doc0p045_window_0008,2inchStickout/F_08-Jun-2017_rpm320_doc0p045,train,42,1,cv_evaluation,no_chatter,0,-0.08998461047426909
turning,isolation_forest_image_features,anomaly_score,2inchStickout_F_08-Jun-2017_rpm320_doc0p045_window_0009,2inchStickout/F_08-Jun-2017_rpm320_doc0p045,validation,42,1,cv_evaluation,no_chatter,0,-0.08990184100034132
turning,isolation_forest_image_features,anomaly_score,2inchStickout_F_08-Jun-2017_rpm320_doc0p045_window_0010,2inchStickout/F_08-Jun-2017_rpm320_doc0p045,train,42,1,cv_evaluation,no_chatter,0,-0.10493347917601531
turning,isolation_forest_image_features,anomaly_score,2inchStickout_F_08-Jun-2017_rpm320_doc0p045_window_0011,2inchStickout/F_08-Jun-2017_rpm320_doc0p045,train,42,1,cv_evaluation,no_chatter,0,-0.11980498550326585
turning,isolation_forest_image_features,anomaly_score,2inchStickout_F_08-Jun-2017_rpm320_doc0p045_window_0012,2inchStickout/F_08-Jun-2017_rpm320_doc0p045,train,42,1,cv_evaluation,no_chatter,0,-0.1151688894957254
turning,isolation_forest_image_features,anomaly_score,2inchStickout_F_08-Jun-2017_rpm320_doc0p045_window_0013,2inchStickout/F_08-Jun-2017_rpm320_doc0p045,train,42,1,cv_evaluation,no_chatter,0,-0.12741591679769154
turning,isolation_forest_image_features,anomaly_score,2inchStickout_F_08-Jun-2017_rpm320_doc0p045_window_0014,2inchStickout/F_08-Jun-2017_rpm320_doc0p045,train,42,1,cv_evaluation,no_chatter,0,-0.12527201479811345
turning,isolation_forest_image_features,anomaly_score,2inchStickout_F_08-Jun-2017_rpm320_doc0p045_window_0015,2inchStickout/F_08-Jun-2017_rpm320_doc0p045,validation,42,1,cv_evaluation,no_chatter,0,-0.12610362114803814
turning,isolation_forest_image_features,anomaly_score,2inchStickout_F_08-Jun-2017_rpm320_doc0p045_window_0016,2inchStickout/F_08-Jun-2017_rpm320_doc0p045,validation,42,1,cv_evaluation,no_chatter,0,-0.1254467316741556
turning,isolation_forest_image_features,anomaly_score,2inchStickout_F_08-Jun-2017_rpm320_doc0p045_window_0017,2inchStickout/F_08-Jun-2017_rpm320_doc0p045,validation,42,1,cv_evaluation,no_chatter,0,-0.12153364685785123
turning,isolation_forest_image_features,anomaly_score,2inchStickout_F_08-Jun-2017_rpm320_doc0p045_window_0018,2inchStickout/F_08-Jun-2017_rpm320_doc0p045,train,42,1,cv_evaluation,no_chatter,0,-0.10539451594319688
turning,isolation_forest_image_features,anomaly_score,2inchStickout_F_08-Jun-2017_rpm320_doc0p045_window_0019,2inchStickout/F_08-Jun-2017_rpm320_doc0p045,train,42,1,cv_evaluation,no_chatter,0,-0.07485281344634698
turning,isolation_forest_image_features,anomaly_score,2inchStickout_F_08-Jun-2017_rpm320_doc0p045_window_0020,2inchStickout/F_08-Jun-2017_rpm320_doc0p045,train,42,1,cv_evaluation,no_chatter,0,-0.05302318195087691
turning,isolation_forest_image_features,anomaly_score,2inchStickout_F_08-Jun-2017_rpm320_doc0p045_window_0021,2inchStickout/F_08-Jun-2017_rpm320_doc0p045,train,42,1,cv_evaluation,no_chatter,0,-0.05237527618202359
turning,isolation_forest_image_features,anomaly_score,2inchStickout_F_08-Jun-2017_rpm320_doc0p045_window_0022,2inchStickout/F_08-Jun-2017_rpm320_doc0p045,train,42,1,cv_evaluation,no_chatter,0,-0.07896478753235042
turning,isolation_forest_image_features,anomaly_score,2inchStickout_F_08-Jun-2017_rpm320_doc0p045_window_0023,2inchStickout/F_08-Jun-2017_rpm320_doc0p045,train,42,1,cv_evaluation,no_chatter,0,-0.07972368497457744
turning,isolation_forest_image_features,anomaly_score,2inchStickout_F_08-Jun-2017_rpm320_doc0p060_xAccDetached_window_0000,2inchStickout/F_08-Jun-2017_rpm320_doc0p060_xAccDetached,train,42,1,cv_evaluation,no_chatter,0,-0.1030438884934502
turning,isolation_forest_image_features,anomaly_score,2inchStickout_F_08-Jun-2017_rpm320_doc0p060_xAccDetached_window_0001,2inchStickout/F_08-Jun-2017_rpm320_doc0p060_xAccDetached,train,42,1,cv_evaluation,no_chatter,0,-0.10188335794199255
turning,isolation_forest_image_features,anomaly_score,2inchStickout_F_08-Jun-2017_rpm320_doc0p060_xAccDetached_window_0002,2inchStickout/F_08-Jun-2017_rpm320_doc0p060_xAccDetached,train,42,1,cv_evaluation,no_chatter,0,-0.1043349805414246
turning,isolation_forest_image_features,anomaly_score,2inchStickout_F_08-Jun-2017_rpm320_doc0p060_xAccDetached_window_0003,2inchStickout/F_08-Jun-2017_rpm320_doc0p060_xAccDetached,validation,42,1,cv_evaluation,no_chatter,0,-0.11642940995908746
turning,isolation_forest_image_features,anomaly_score,2inchStickout_F_08-Jun-2017_rpm320_doc0p060_xAccDetached_window_0004,2inchStickout/F_08-Jun-2017_rpm320_doc0p060_xAccDetached,train,42,1,cv_evaluation,no_chatter,0,-0.11942965373315173
turning,isolation_forest_image_features,anomaly_score,2inchStickout_F_08-Jun-2017_rpm320_doc0p060_xAccDetached_window_0005,2inchStickout/F_08-Jun-2017_rpm320_doc0p060_xAccDetached,train,42,1,cv_evaluation,no_chatter,0,-0.11226331348710311
turning,isolation_forest_image_features,anomaly_score,2inchStickout_F_08-Jun-2017_rpm320_doc0p060_xAccDetached_window_0006,2inchStickout/F_08-Jun-2017_rpm320_doc0p060_xAccDetached,train,42,1,cv_evaluation,no_chatter,0,-0.11743641604420163
turning,isolation_forest_image_features,anomaly_score,2inchStickout_F_08-Jun-2017_rpm320_doc0p060_xAccDetached_window_0007,2inchStickout/F_08-Jun-2017_rpm320_doc0p060_xAccDetached,train,42,1,cv_evaluation,no_chatter,0,-0.12003564859185245
turning,isolation_forest_image_features,anomaly_score,2inchStickout_F_08-Jun-2017_rpm320_doc0p060_xAccDetached_window_0008,2inchStickout/F_08-Jun-2017_rpm320_doc0p060_xAccDetached,train,42,1,cv_evaluation,no_chatter,0,-0.11082882171780584
turning,isolation_forest_image_features,anomaly_score,2inchStickout_F_08-Jun-2017_rpm320_doc0p060_xAccDetached_window_0009,2inchStickout/F_08-Jun-2017_rpm320_doc0p060_xAccDetached,train,42,1,cv_evaluation,no_chatter,0,-0.12040906677867275
turning,isolation_forest_image_features,anomaly_score,2inchStickout_F_08-Jun-2017_rpm320_doc0p060_xAccDetached_window_0010,2inchStickout/F_08-Jun-2017_rpm320_doc0p060_xAccDetached,train,42,1,cv_evaluation,no_chatter,0,-0.11476899914178446
turning,isolation_forest_image_features,anomaly_score,2inchStickout_F_08-Jun-2017_rpm320_doc0p060_xAccDetached_window_0011,2inchStickout/F_08-Jun-2017_rpm320_doc0p060_xAccDetached,train,42,1,cv_evaluation,no_chatter,0,-0.10963741783620518
turning,isolation_forest_image_features,anomaly_score,2inchStickout_F_08-Jun-2017_rpm425_doc0p025_window_0000,2inchStickout/F_08-Jun-2017_rpm425_doc0p025,train,42,1,cv_evaluation,no_chatter,0,-0.11283996360927778
turning,isolation_forest_image_features,anomaly_score,2inchStickout_F_08-Jun-2017_rpm425_doc0p025_window_0001,2inchStickout/F_08-Jun-2017_rpm425_doc0p025,train,42,1,cv_evaluation,no_chatter,0,-0.11577641085749502
turning,isolation_forest_image_features,anomaly_score,2inchStickout_F_08-Jun-2017_rpm425_doc0p025_window_0002,2inchStickout/F_08-Jun-2017_rpm425_doc0p025,test,42,1,cv_evaluation,no_chatter,0,-0.10551392150647765
turning,isolation_forest_image_features,anomaly_score,2inchStickout_F_08-Jun-2017_rpm425_doc0p025_window_0003,2inchStickout/F_08-Jun-2017_rpm425_doc0p025,train,42,1,cv_evaluation,no_chatter,0,0.010889103889171747
turning,isolation_forest_image_features,anomaly_score,2inchStickout_F_08-Jun-2017_rpm425_doc0p025_window_0004,2inchStickout/F_08-Jun-2017_rpm425_doc0p025,validation,42,1,cv_evaluation,chatter,1,0.1360800525315874
turning,isolation_forest_image_features,anomaly_score,2inchStickout_F_08-Jun-2017_rpm425_doc0p025_window_0005,2inchStickout/F_08-Jun-2017_rpm425_doc0p025,validation,42,1,cv_evaluation,chatter,1,0.1588638807795295
turning,isolation_forest_image_features,anomaly_score,2inchStickout_F_08-Jun-2017_rpm425_doc0p025_window_0006,2inchStickout/F_08-Jun-2017_rpm425_doc0p025,validation,42,1,cv_evaluation,chatter,1,0.16346403518540475
turning,isolation_forest_image_features,anomaly_score,2inchStickout_F_08-Jun-2017_rpm425_doc0p025_window_0007,2inchStickout/F_08-Jun-2017_rpm425_doc0p025,validation,42,1,cv_evaluation,chatter,1,0.12036838417950346
turning,isolation_forest_image_features,anomaly_score,2inchStickout_F_08-Jun-2017_rpm570_doc0p002_window_0000,2inchStickout/F_08-Jun-2017_rpm570_doc0p002,train,42,1,cv_evaluation,no_chatter,0,-0.11306738279906586
turning,isolation_forest_image_features,anomaly_score,2inchStickout_F_08-Jun-2017_rpm570_doc0p002_window_0001,2inchStickout/F_08-Jun-2017_rpm570_doc0p002,train,42,1,cv_evaluation,no_chatter,0,-0.10239077593033247
turning,isolation_forest_image_features,anomaly_score,2inchStickout_F_08-Jun-2017_rpm570_doc0p002_window_0002,2inchStickout/F_08-Jun-2017_rpm570_doc0p002,test,42,1,cv_evaluation,chatter,1,0.06558069643985553
turning,isolation_forest_image_features,anomaly_score,2inchStickout_F_08-Jun-2017_rpm570_doc0p002_window_0003,2inchStickout/F_08-Jun-2017_rpm570_doc0p002,test,42,1,cv_evaluation,chatter,1,0.15621754072339966
turning,isolation_forest_image_features,anomaly_score,2inchStickout_F_08-Jun-2017_rpm570_doc0p002_window_0004,2inchStickout/F_08-Jun-2017_rpm570_doc0p002,train,42,1,cv_evaluation,no_chatter,0,0.02742623291001034
turning,isolation_forest_image_features,anomaly_score,2inchStickout_F_08-Jun-2017_rpm570_doc0p002_window_0005,2inchStickout/F_08-Jun-2017_rpm570_doc0p002,train,42,1,cv_evaluation,no_chatter,0,0.16914301260649311
turning,isolation_forest_image_features,anomaly_score,2inchStickout_F_08-Jun-2017_rpm570_doc0p005_window_0000,2inchStickout/F_08-Jun-2017_rpm570_doc0p005,train,42,1,cv_evaluation,no_chatter,0,-0.11023987975708865
turning,isolation_forest_image_features,anomaly_score,2inchStickout_F_08-Jun-2017_rpm570_doc0p005_window_0001,2inchStickout/F_08-Jun-2017_rpm570_doc0p005,test,42,1,cv_evaluation,no_chatter,0,-0.08046165871661753
turning,isolation_forest_image_features,anomaly_score,2inchStickout_F_08-Jun-2017_rpm570_doc0p005_window_0002,2inchStickout/F_08-Jun-2017_rpm570_doc0p005,test,42,1,cv_evaluation,chatter,1,0.08973204034876325
turning,isolation_forest_image_features,anomaly_score,2inchStickout_F_08-Jun-2017_rpm570_doc0p005_window_0003,2inchStickout/F_08-Jun-2017_rpm570_doc0p005,train,42,1,cv_evaluation,no_chatter,0,-0.0035231449846426233
turning,isolation_forest_image_features,anomaly_score,2p5inchStickout_F_12-Jun-2017_rpm570_doc0p012_window_0000,2p5inchStickout/F_12-Jun-2017_rpm570_doc0p012,train,42,1,cv_evaluation,no_chatter,0,-0.11259277250951955
turning,isolation_forest_image_features,anomaly_score,2p5inchStickout_F_12-Jun-2017_rpm570_doc0p012_window_0001,2p5inchStickout/F_12-Jun-2017_rpm570_doc0p012,train,42,1,cv_evaluation,no_chatter,0,-0.039248815561999495
turning,isolation_forest_image_features,anomaly_score,2p5inchStickout_F_12-Jun-2017_rpm570_doc0p012_window_0002,2p5inchStickout/F_12-Jun-2017_rpm570_doc0p012,test,42,1,cv_evaluation,chatter,1,0.043589530858897385
turning,isolation_forest_image_features,anomaly_score,2p5inchStickout_F_12-Jun-2017_rpm570_doc0p012_window_0003,2p5inchStickout/F_12-Jun-2017_rpm570_doc0p012,train,42,1,cv_evaluation,no_chatter,0,-0.015637842196530527
turning,isolation_forest_image_features,anomaly_score,2p5inchStickout_F_12-Jun-2017_rpm570_doc0p012_window_0004,2p5inchStickout/F_12-Jun-2017_rpm570_doc0p012,train,42,1,cv_evaluation,no_chatter,0,-0.028869823355353263
turning,isolation_forest_image_features,anomaly_score,2p5inchStickout_F_12-Jun-2017_rpm570_doc0p012_window_0005,2p5inchStickout/F_12-Jun-2017_rpm570_doc0p012,train,42,1,cv_evaluation,no_chatter,0,-0.00021403915206175128
turning,isolation_forest_image_features,anomaly_score,2p5inchStickout_F_12-Jun-2017_rpm570_doc0p012_window_0006,2p5inchStickout/F_12-Jun-2017_rpm570_doc0p012,validation,42,1,cv_evaluation,no_chatter,0,-0.046392442016845226
turning,isolation_forest_image_features,anomaly_score,2p5inchStickout_F_12-Jun-2017_rpm570_doc0p012_window_0007,2p5inchStickout/F_12-Jun-2017_rpm570_doc0p012,train,42,1,cv_evaluation,no_chatter,0,-0.05363302043726326
turning,isolation_forest_image_features,anomaly_score,2p5inchStickout_F_12-Jun-2017_rpm570_doc0p012_window_0008,2p5inchStickout/F_12-Jun-2017_rpm570_doc0p012,validation,42,1,cv_evaluation,no_chatter,0,-0.03419165381158468
turning,isolation_forest_image_features,anomaly_score,2p5inchStickout_F_12-Jun-2017_rpm570_doc0p012_window_0009,2p5inchStickout/F_12-Jun-2017_rpm570_doc0p012,validation,42,1,cv_evaluation,no_chatter,0,-0.052932044116628885
turning,isolation_forest_image_features,anomaly_score,2p5inchStickout_F_12-Jun-2017_rpm570_doc0p014_window_0000,2p5inchStickout/F_12-Jun-2017_rpm570_doc0p014,train,42,1,cv_evaluation,no_chatter,0,-0.11177833379370389
turning,isolation_forest_image_features,anomaly_score,2p5inchStickout_F_12-Jun-2017_rpm570_doc0p014_window_0001,2p5inchStickout/F_12-Jun-2017_rpm570_doc0p014,train,42,1,cv_evaluation,no_chatter,0,-0.07672043306196724
turning,isolation_forest_image_features,anomaly_score,2p5inchStickout_F_12-Jun-2017_rpm570_doc0p014_window_0002,2p5inchStickout/F_12-Jun-2017_rpm570_doc0p014,train,42,1,cv_evaluation,no_chatter,0,0.01896295301793305
turning,isolation_forest_image_features,anomaly_score,2p5inchStickout_F_12-Jun-2017_rpm570_doc0p014_window_0003,2p5inchStickout/F_12-Jun-2017_rpm570_doc0p014,validation,42,1,cv_evaluation,no_chatter,0,-0.031395074331246886
turning,isolation_forest_image_features,anomaly_score,2p5inchStickout_F_12-Jun-2017_rpm570_doc0p014_window_0004,2p5inchStickout/F_12-Jun-2017_rpm570_doc0p014,validation,42,1,cv_evaluation,no_chatter,0,-0.04114483130781038
turning,isolation_forest_image_features,anomaly_score,2p5inchStickout_F_12-Jun-2017_rpm570_doc0p014_window_0005,2p5inchStickout/F_12-Jun-2017_rpm570_doc0p014,validation,42,1,cv_evaluation,no_chatter,0,-0.049783087127231285
turning,isolation_forest_image_features,anomaly_score,2p5inchStickout_F_12-Jun-2017_rpm770_doc0p005_window_0000,2p5inchStickout/F_12-Jun-2017_rpm770_doc0p005,train,42,1,cv_evaluation,no_chatter,0,-0.06678138707705322
turning,isolation_forest_image_features,anomaly_score,2p5inchStickout_F_12-Jun-2017_rpm770_doc0p005_window_0001,2p5inchStickout/F_12-Jun-2017_rpm770_doc0p005,train,42,1,cv_evaluation,no_chatter,0,0.08877664747796521
turning,isolation_forest_image_features,anomaly_score,2p5inchStickout_F_12-Jun-2017_rpm770_doc0p005_window_0002,2p5inchStickout/F_12-Jun-2017_rpm770_doc0p005,train,42,1,cv_evaluation,no_chatter,0,-0.06713321254032845
turning,isolation_forest_image_features,anomaly_score,2p5inchStickout_F_12-Jun-2017_rpm770_doc0p005_window_0003,2p5inchStickout/F_12-Jun-2017_rpm770_doc0p005,train,42,1,cv_evaluation,no_chatter,0,0.03888979936846615
turning,isolation_forest_image_features,anomaly_score,3p5inchStickout_F_12-Jun-2017_rpm570_doc0p025_window_0000,3p5inchStickout/F_12-Jun-2017_rpm570_doc0p025,validation,42,1,cv_evaluation,no_chatter,0,-0.07907667336750179
turning,isolation_forest_image_features,anomaly_score,3p5inchStickout_F_12-Jun-2017_rpm570_doc0p025_window_0001,3p5inchStickout/F_12-Jun-2017_rpm570_doc0p025,train,42,1,cv_evaluation,no_chatter,0,-0.028821413418182618
turning,isolation_forest_image_features,anomaly_score,3p5inchStickout_F_12-Jun-2017_rpm570_doc0p025_window_0002,3p5inchStickout/F_12-Jun-2017_rpm570_doc0p025,train,42,1,cv_evaluation,no_chatter,0,-0.08095542149602764
turning,isolation_forest_image_features,anomaly_score,3p5inchStickout_F_12-Jun-2017_rpm570_doc0p025_window_0003,3p5inchStickout/F_12-Jun-2017_rpm570_doc0p025,validation,42,1,cv_evaluation,no_chatter,0,-0.056688934285573256
turning,isolation_forest_image_features,anomaly_score,3p5inchStickout_F_12-Jun-2017_rpm570_doc0p025_window_0004,3p5inchStickout/F_12-Jun-2017_rpm570_doc0p025,train,42,1,cv_evaluation,no_chatter,0,-0.061036669288059064
turning,isolation_forest_image_features,anomaly_score,3p5inchStickout_F_12-Jun-2017_rpm570_doc0p025_window_0005,3p5inchStickout/F_12-Jun-2017_rpm570_doc0p025,train,42,1,cv_evaluation,no_chatter,0,-0.011583897467979554
turning,isolation_forest_image_features,anomaly_score,3p5inchStickout_F_12-Jun-2017_rpm570_doc0p025_window_0006,3p5inchStickout/F_12-Jun-2017_rpm570_doc0p025,train,42,1,cv_evaluation,no_chatter,0,-0.01859564028956845
turning,isolation_forest_image_features,anomaly_score,3p5inchStickout_F_12-Jun-2017_rpm570_doc0p025_window_0007,3p5inchStickout/F_12-Jun-2017_rpm570_doc0p025,train,42,1,cv_evaluation,no_chatter,0,-0.03336361781668762
turning,isolation_forest_image_features,anomaly_score,3p5inchStickout_F_12-Jun-2017_rpm570_doc0p025_window_0008,3p5inchStickout/F_12-Jun-2017_rpm570_doc0p025,train,42,1,cv_evaluation,no_chatter,0,-0.057840494793019726
turning,isolation_forest_image_features,anomaly_score,3p5inchStickout_F_12-Jun-2017_rpm570_doc0p025_window_0009,3p5inchStickout/F_12-Jun-2017_rpm570_doc0p025,train,42,1,cv_evaluation,no_chatter,0,-0.0539981997490962
turning,isolation_forest_image_features,anomaly_score,3p5inchStickout_F_14-Jun-2017_rpm1030_doc0p002_window_0000,3p5inchStickout/F_14-Jun-2017_rpm1030_doc0p002,train,42,1,cv_evaluation,no_chatter,0,-0.05971839054259254
turning,isolation_forest_image_features,anomaly_score,3p5inchStickout_F_14-Jun-2017_rpm1030_doc0p002_window_0001,3p5inchStickout/F_14-Jun-2017_rpm1030_doc0p002,train,42,1,cv_evaluation,no_chatter,0,0.21079276126048474
turning,isolation_forest_image_features,anomaly_score,3p5inchStickout_F_14-Jun-2017_rpm1030_doc0p002_window_0002,3p5inchStickout/F_14-Jun-2017_rpm1030_doc0p002,train,42,1,cv_evaluation,no_chatter,0,0.21501777406352374
turning,isolation_forest_image_features,anomaly_score,3p5inchStickout_F_14-Jun-2017_rpm770_doc0p010_window_0000,3p5inchStickout/F_14-Jun-2017_rpm770_doc0p010,train,42,1,cv_evaluation,no_chatter,0,-0.06652166251123764
turning,isolation_forest_image_features,anomaly_score,3p5inchStickout_F_14-Jun-2017_rpm770_doc0p010_window_0001,3p5inchStickout/F_14-Jun-2017_rpm770_doc0p010,train,42,1,cv_evaluation,no_chatter,0,0.0008021781462017596
turning,isolation_forest_image_features,anomaly_score,3p5inchStickout_F_14-Jun-2017_rpm770_doc0p010_window_0002,3p5inchStickout/F_14-Jun-2017_rpm770_doc0p010,train,42,1,cv_evaluation,no_chatter,0,0.050976343903186394
turning,isolation_forest_image_features,anomaly_score,3p5inchStickout_F_14-Jun-2017_rpm770_doc0p010_window_0003,3p5inchStickout/F_14-Jun-2017_rpm770_doc0p010,train,42,1,cv_evaluation,no_chatter,0,0.03805893358340018
turning,isolation_forest_image_features,anomaly_score,4p5inchStickout_F_12-Jun-2017_rpm570_doc0p040_window_0000,4p5inchStickout/F_12-Jun-2017_rpm570_doc0p040,train,42,1,cv_evaluation,no_chatter,0,-0.0806966414284987
turning,isolation_forest_image_features,anomaly_score,4p5inchStickout_F_12-Jun-2017_rpm570_doc0p040_window_0001,4p5inchStickout/F_12-Jun-2017_rpm570_doc0p040,train,42,1,cv_evaluation,no_chatter,0,-0.07784666532285112
turning,isolation_forest_image_features,anomaly_score,4p5inchStickout_F_12-Jun-2017_rpm570_doc0p040_window_0002,4p5inchStickout/F_12-Jun-2017_rpm570_doc0p040,train,42,1,cv_evaluation,no_chatter,0,-0.07062803041340177
turning,isolation_forest_image_features,anomaly_score,4p5inchStickout_F_12-Jun-2017_rpm570_doc0p040_window_0003,4p5inchStickout/F_12-Jun-2017_rpm570_doc0p040,train,42,1,cv_evaluation,no_chatter,0,-0.07578111089990291
turning,isolation_forest_image_features,anomaly_score,4p5inchStickout_F_12-Jun-2017_rpm570_doc0p040_window_0004,4p5inchStickout/F_12-Jun-2017_rpm570_doc0p040,train,42,1,cv_evaluation,no_chatter,0,-0.04336588213749415
turning,isolation_forest_image_features,anomaly_score,4p5inchStickout_F_12-Jun-2017_rpm570_doc0p040_window_0005,4p5inchStickout/F_12-Jun-2017_rpm570_doc0p040,train,42,1,cv_evaluation,no_chatter,0,-0.0667213764976139
turning,isolation_forest_image_features,anomaly_score,4p5inchStickout_F_12-Jun-2017_rpm570_doc0p040_window_0006,4p5inchStickout/F_12-Jun-2017_rpm570_doc0p040,train,42,1,cv_evaluation,no_chatter,0,0.0372711072786871
turning,isolation_forest_image_features,anomaly_score,4p5inchStickout_F_12-Jun-2017_rpm570_doc0p040_window_0007,4p5inchStickout/F_12-Jun-2017_rpm570_doc0p040,train,42,1,cv_evaluation,no_chatter,0,0.08844000932706175
turning,isolation_forest_image_features,anomaly_score,4p5inchStickout_F_12-Jun-2017_rpm570_doc0p040_window_0008,4p5inchStickout/F_12-Jun-2017_rpm570_doc0p040,train,42,1,cv_evaluation,no_chatter,0,0.073786728383057
turning,isolation_forest_image_features,anomaly_score,4p5inchStickout_F_12-Jun-2017_rpm570_doc0p040_window_0009,4p5inchStickout/F_12-Jun-2017_rpm570_doc0p040,train,42,1,cv_evaluation,no_chatter,0,0.03878268198168355
turning,isolation_forest_image_features,anomaly_score,4p5inchStickout_F_12-Jun-2017_rpm570_doc0p040_window_0010,4p5inchStickout/F_12-Jun-2017_rpm570_doc0p040,train,42,1,cv_evaluation,no_chatter,0,-0.013483244613028744
turning,isolation_forest_image_features,anomaly_score,4p5inchStickout_F_12-Jun-2017_rpm570_doc0p040_window_0011,4p5inchStickout/F_12-Jun-2017_rpm570_doc0p040,train,42,1,cv_evaluation,no_chatter,0,-0.059704854276770414
turning,isolation_forest_image_features,anomaly_score,4p5inchStickout_F_13-Jun-2017_rpm1030_doc0p015_window_0000,4p5inchStickout/F_13-Jun-2017_rpm1030_doc0p015,train,42,1,cv_evaluation,no_chatter,0,-0.07668880454588006
turning,isolation_forest_image_features,anomaly_score,4p5inchStickout_F_13-Jun-2017_rpm1030_doc0p015_window_0001,4p5inchStickout/F_13-Jun-2017_rpm1030_doc0p015,train,42,1,cv_evaluation,no_chatter,0,0.07236590271178933
turning,isolation_forest_image_features,anomaly_score,4p5inchStickout_F_13-Jun-2017_rpm1030_doc0p015_window_0002,4p5inchStickout/F_13-Jun-2017_rpm1030_doc0p015,train,42,1,cv_evaluation,no_chatter,0,0.08474374944835461
turning,isolation_forest_image_features,anomaly_score,4p5inchStickout_F_13-Jun-2017_rpm1030_doc0p015_window_0003,4p5inchStickout/F_13-Jun-2017_rpm1030_doc0p015,validation,42,1,cv_evaluation,no_chatter,0,0.09818984156081523
turning,pca_image_reconstruction,reconstruction_mse,2inchStickout_F_08-Jun-2017_rpm1030_doc0p001_window_0000,2inchStickout/F_08-Jun-2017_rpm1030_doc0p001,train,42,1,cv_evaluation,no_chatter,0,0.0007083196542225778
turning,pca_image_reconstruction,reconstruction_mse,2inchStickout_F_08-Jun-2017_rpm1030_doc0p001_window_0001,2inchStickout/F_08-Jun-2017_rpm1030_doc0p001,validation,42,1,cv_evaluation,chatter,1,0.008309301920235157
turning,pca_image_reconstruction,reconstruction_mse,2inchStickout_F_08-Jun-2017_rpm1030_doc0p001_window_0002,2inchStickout/F_08-Jun-2017_rpm1030_doc0p001,validation,42,1,cv_evaluation,chatter,1,0.007037006784230471
turning,pca_image_reconstruction,reconstruction_mse,2inchStickout_F_08-Jun-2017_rpm1030_doc0p001_window_0003,2inchStickout/F_08-Jun-2017_rpm1030_doc0p001,validation,42,1,cv_evaluation,chatter,1,0.007402567658573389
turning,pca_image_reconstruction,reconstruction_mse,2inchStickout_F_08-Jun-2017_rpm320_doc0p010_window_0000,2inchStickout/F_08-Jun-2017_rpm320_doc0p010,train,42,1,cv_evaluation,no_chatter,0,1.4665207345387898e-05
turning,pca_image_reconstruction,reconstruction_mse,2inchStickout_F_08-Jun-2017_rpm320_doc0p010_window_0001,2inchStickout/F_08-Jun-2017_rpm320_doc0p010,train,42,1,cv_evaluation,no_chatter,0,1.5656016330467537e-05
turning,pca_image_reconstruction,reconstruction_mse,2inchStickout_F_08-Jun-2017_rpm320_doc0p010_window_0002,2inchStickout/F_08-Jun-2017_rpm320_doc0p010,train,42,1,cv_evaluation,no_chatter,0,1.5292678654077463e-05
turning,pca_image_reconstruction,reconstruction_mse,2inchStickout_F_08-Jun-2017_rpm320_doc0p010_window_0003,2inchStickout/F_08-Jun-2017_rpm320_doc0p010,train,42,1,cv_evaluation,no_chatter,0,0.00014563208969775587
turning,pca_image_reconstruction,reconstruction_mse,2inchStickout_F_08-Jun-2017_rpm320_doc0p010_window_0004,2inchStickout/F_08-Jun-2017_rpm320_doc0p010,train,42,1,cv_evaluation,no_chatter,0,0.0003045882913284004
turning,pca_image_reconstruction,reconstruction_mse,2inchStickout_F_08-Jun-2017_rpm320_doc0p010_window_0005,2inchStickout/F_08-Jun-2017_rpm320_doc0p010,validation,42,1,cv_evaluation,no_chatter,0,0.0002729396219365299
turning,pca_image_reconstruction,reconstruction_mse,2inchStickout_F_08-Jun-2017_rpm320_doc0p010_window_0006,2inchStickout/F_08-Jun-2017_rpm320_doc0p010,validation,42,1,cv_evaluation,no_chatter,0,0.0002804039977490902
turning,pca_image_reconstruction,reconstruction_mse,2inchStickout_F_08-Jun-2017_rpm320_doc0p010_window_0007,2inchStickout/F_08-Jun-2017_rpm320_doc0p010,train,42,1,cv_evaluation,no_chatter,0,0.00037927983794361353
turning,pca_image_reconstruction,reconstruction_mse,2inchStickout_F_08-Jun-2017_rpm320_doc0p010_window_0008,2inchStickout/F_08-Jun-2017_rpm320_doc0p010,validation,42,1,cv_evaluation,no_chatter,0,0.0007944316021166742
turning,pca_image_reconstruction,reconstruction_mse,2inchStickout_F_08-Jun-2017_rpm320_doc0p010_window_0009,2inchStickout/F_08-Jun-2017_rpm320_doc0p010,train,42,1,cv_evaluation,no_chatter,0,0.001619422691874206
turning,pca_image_reconstruction,reconstruction_mse,2inchStickout_F_08-Jun-2017_rpm320_doc0p010_window_0010,2inchStickout/F_08-Jun-2017_rpm320_doc0p010,train,42,1,cv_evaluation,no_chatter,0,0.0024257495533674955
turning,pca_image_reconstruction,reconstruction_mse,2inchStickout_F_08-Jun-2017_rpm320_doc0p010_window_0011,2inchStickout/F_08-Jun-2017_rpm320_doc0p010,validation,42,1,cv_evaluation,no_chatter,0,0.0024845898151397705
turning,pca_image_reconstruction,reconstruction_mse,2inchStickout_F_08-Jun-2017_rpm320_doc0p010_window_0012,2inchStickout/F_08-Jun-2017_rpm320_doc0p010,train,42,1,cv_evaluation,no_chatter,0,0.00140868010930717
turning,pca_image_reconstruction,reconstruction_mse,2inchStickout_F_08-Jun-2017_rpm320_doc0p010_window_0013,2inchStickout/F_08-Jun-2017_rpm320_doc0p010,validation,42,1,cv_evaluation,no_chatter,0,0.001445756875909865
turning,pca_image_reconstruction,reconstruction_mse,2inchStickout_F_08-Jun-2017_rpm320_doc0p010_window_0014,2inchStickout/F_08-Jun-2017_rpm320_doc0p010,train,42,1,cv_evaluation,no_chatter,0,0.0017183143645524979
turning,pca_image_reconstruction,reconstruction_mse,2inchStickout_F_08-Jun-2017_rpm320_doc0p010_window_0015,2inchStickout/F_08-Jun-2017_rpm320_doc0p010,train,42,1,cv_evaluation,no_chatter,0,0.0014061485417187214
turning,pca_image_reconstruction,reconstruction_mse,2inchStickout_F_08-Jun-2017_rpm320_doc0p010_window_0016,2inchStickout/F_08-Jun-2017_rpm320_doc0p010,train,42,1,cv_evaluation,no_chatter,0,0.0010401986073702574
turning,pca_image_reconstruction,reconstruction_mse,2inchStickout_F_08-Jun-2017_rpm320_doc0p010_window_0017,2inchStickout/F_08-Jun-2017_rpm320_doc0p010,train,42,1,cv_evaluation,no_chatter,0,0.0010127442656084895
turning,pca_image_reconstruction,reconstruction_mse,2inchStickout_F_08-Jun-2017_rpm320_doc0p010_window_0018,2inchStickout/F_08-Jun-2017_rpm320_doc0p010,train,42,1,cv_evaluation,no_chatter,0,0.0013538734056055546
turning,pca_image_reconstruction,reconstruction_mse,2inchStickout_F_08-Jun-2017_rpm320_doc0p010_window_0019,2inchStickout/F_08-Jun-2017_rpm320_doc0p010,train,42,1,cv_evaluation,no_chatter,0,0.0008828940917737782
turning,pca_image_reconstruction,reconstruction_mse,2inchStickout_F_08-Jun-2017_rpm320_doc0p010_window_0020,2inchStickout/F_08-Jun-2017_rpm320_doc0p010,train,42,1,cv_evaluation,no_chatter,0,0.0006399458507075906
turning,pca_image_reconstruction,reconstruction_mse,2inchStickout_F_08-Jun-2017_rpm320_doc0p010_window_0021,2inchStickout/F_08-Jun-2017_rpm320_doc0p010,train,42,1,cv_evaluation,no_chatter,0,0.0009115280117839575
turning,pca_image_reconstruction,reconstruction_mse,2inchStickout_F_08-Jun-2017_rpm320_doc0p010_window_0022,2inchStickout/F_08-Jun-2017_rpm320_doc0p010,train,42,1,cv_evaluation,no_chatter,0,0.0015847241738811135
turning,pca_image_reconstruction,reconstruction_mse,2inchStickout_F_08-Jun-2017_rpm320_doc0p010_window_0023,2inchStickout/F_08-Jun-2017_rpm320_doc0p010,train,42,1,cv_evaluation,no_chatter,0,0.000878991384524852
turning,pca_image_reconstruction,reconstruction_mse,2inchStickout_F_08-Jun-2017_rpm320_doc0p045_window_0000,2inchStickout/F_08-Jun-2017_rpm320_doc0p045,train,42,1,cv_evaluation,no_chatter,0,1.4278250091592781e-05
turning,pca_image_reconstruction,reconstruction_mse,2inchStickout_F_08-Jun-2017_rpm320_doc0p045_window_0001,2inchStickout/F_08-Jun-2017_rpm320_doc0p045,train,42,1,cv_evaluation,no_chatter,0,1.5540714230155572e-05
turning,pca_image_reconstruction,reconstruction_mse,2inchStickout_F_08-Jun-2017_rpm320_doc0p045_window_0002,2inchStickout/F_08-Jun-2017_rpm320_doc0p045,train,42,1,cv_evaluation,no_chatter,0,0.00047207201714627445
turning,pca_image_reconstruction,reconstruction_mse,2inchStickout_F_08-Jun-2017_rpm320_doc0p045_window_0003,2inchStickout/F_08-Jun-2017_rpm320_doc0p045,train,42,1,cv_evaluation,no_chatter,0,0.000467639445560053
turning,pca_image_reconstruction,reconstruction_mse,2inchStickout_F_08-Jun-2017_rpm320_doc0p045_window_0004,2inchStickout/F_08-Jun-2017_rpm320_doc0p045,train,42,1,cv_evaluation,no_chatter,0,0.000295087433187291
turning,pca_image_reconstruction,reconstruction_mse,2inchStickout_F_08-Jun-2017_rpm320_doc0p045_window_0005,2inchStickout/F_08-Jun-2017_rpm320_doc0p045,train,42,1,cv_evaluation,no_chatter,0,0.0002840905508492142
turning,pca_image_reconstruction,reconstruction_mse,2inchStickout_F_08-Jun-2017_rpm320_doc0p045_window_0006,2inchStickout/F_08-Jun-2017_rpm320_doc0p045,train,42,1,cv_evaluation,no_chatter,0,0.0003363675787113607
turning,pca_image_reconstruction,reconstruction_mse,2inchStickout_F_08-Jun-2017_rpm320_doc0p045_window_0007,2inchStickout/F_08-Jun-2017_rpm320_doc0p045,train,42,1,cv_evaluation,no_chatter,0,0.0003461433807387948
turning,pca_image_reconstruction,reconstruction_mse,2inchStickout_F_08-Jun-2017_rpm320_doc0p045_window_0008,2inchStickout/F_08-Jun-2017_rpm320_doc0p045,train,42,1,cv_evaluation,no_chatter,0,0.00035591196501627564
turning,pca_image_reconstruction,reconstruction_mse,2inchStickout_F_08-Jun-2017_rpm320_doc0p045_window_0009,2inchStickout/F_08-Jun-2017_rpm320_doc0p045,validation,42,1,cv_evaluation,no_chatter,0,0.0003194968739990145
turning,pca_image_reconstruction,reconstruction_mse,2inchStickout_F_08-Jun-2017_rpm320_doc0p045_window_0010,2inchStickout/F_08-Jun-2017_rpm320_doc0p045,train,42,1,cv_evaluation,no_chatter,0,0.00031849974766373634
turning,pca_image_reconstruction,reconstruction_mse,2inchStickout_F_08-Jun-2017_rpm320_doc0p045_window_0011,2inchStickout/F_08-Jun-2017_rpm320_doc0p045,train,42,1,cv_evaluation,no_chatter,0,0.0003308816521894187
turning,pca_image_reconstruction,reconstruction_mse,2inchStickout_F_08-Jun-2017_rpm320_doc0p045_window_0012,2inchStickout/F_08-Jun-2017_rpm320_doc0p045,train,42,1,cv_evaluation,no_chatter,0,0.00031101706554181874
turning,pca_image_reconstruction,reconstruction_mse,2inchStickout_F_08-Jun-2017_rpm320_doc0p045_window_0013,2inchStickout/F_08-Jun-2017_rpm320_doc0p045,train,42,1,cv_evaluation,no_chatter,0,0.0003073832776863128
turning,pca_image_reconstruction,reconstruction_mse,2inchStickout_F_08-Jun-2017_rpm320_doc0p045_window_0014,2inchStickout/F_08-Jun-2017_rpm320_doc0p045,train,42,1,cv_evaluation,no_chatter,0,0.00030976301059126854
turning,pca_image_reconstruction,reconstruction_mse,2inchStickout_F_08-Jun-2017_rpm320_doc0p045_window_0015,2inchStickout/F_08-Jun-2017_rpm320_doc0p045,validation,42,1,cv_evaluation,no_chatter,0,0.0003223221283406019
turning,pca_image_reconstruction,reconstruction_mse,2inchStickout_F_08-Jun-2017_rpm320_doc0p045_window_0016,2inchStickout/F_08-Jun-2017_rpm320_doc0p045,validation,42,1,cv_evaluation,no_chatter,0,0.0003574544389266521
turning,pca_image_reconstruction,reconstruction_mse,2inchStickout_F_08-Jun-2017_rpm320_doc0p045_window_0017,2inchStickout/F_08-Jun-2017_rpm320_doc0p045,validation,42,1,cv_evaluation,no_chatter,0,0.0005555613315664232
turning,pca_image_reconstruction,reconstruction_mse,2inchStickout_F_08-Jun-2017_rpm320_doc0p045_window_0018,2inchStickout/F_08-Jun-2017_rpm320_doc0p045,train,42,1,cv_evaluation,no_chatter,0,0.0007259381236508489
turning,pca_image_reconstruction,reconstruction_mse,2inchStickout_F_08-Jun-2017_rpm320_doc0p045_window_0019,2inchStickout/F_08-Jun-2017_rpm320_doc0p045,train,42,1,cv_evaluation,no_chatter,0,0.0009150520781986415
turning,pca_image_reconstruction,reconstruction_mse,2inchStickout_F_08-Jun-2017_rpm320_doc0p045_window_0020,2inchStickout/F_08-Jun-2017_rpm320_doc0p045,train,42,1,cv_evaluation,no_chatter,0,0.0009653952438384295
turning,pca_image_reconstruction,reconstruction_mse,2inchStickout_F_08-Jun-2017_rpm320_doc0p045_window_0021,2inchStickout/F_08-Jun-2017_rpm320_doc0p045,train,42,1,cv_evaluation,no_chatter,0,0.001154994941316545
turning,pca_image_reconstruction,reconstruction_mse,2inchStickout_F_08-Jun-2017_rpm320_doc0p045_window_0022,2inchStickout/F_08-Jun-2017_rpm320_doc0p045,train,42,1,cv_evaluation,no_chatter,0,0.000923289218917489
turning,pca_image_reconstruction,reconstruction_mse,2inchStickout_F_08-Jun-2017_rpm320_doc0p045_window_0023,2inchStickout/F_08-Jun-2017_rpm320_doc0p045,train,42,1,cv_evaluation,no_chatter,0,0.0007672798819839954
turning,pca_image_reconstruction,reconstruction_mse,2inchStickout_F_08-Jun-2017_rpm320_doc0p060_xAccDetached_window_0000,2inchStickout/F_08-Jun-2017_rpm320_doc0p060_xAccDetached,train,42,1,cv_evaluation,no_chatter,0,9.159922228718642e-06
turning,pca_image_reconstruction,reconstruction_mse,2inchStickout_F_08-Jun-2017_rpm320_doc0p060_xAccDetached_window_0001,2inchStickout/F_08-Jun-2017_rpm320_doc0p060_xAccDetached,train,42,1,cv_evaluation,no_chatter,0,4.9062000471167266e-05
turning,pca_image_reconstruction,reconstruction_mse,2inchStickout_F_08-Jun-2017_rpm320_doc0p060_xAccDetached_window_0002,2inchStickout/F_08-Jun-2017_rpm320_doc0p060_xAccDetached,train,42,1,cv_evaluation,no_chatter,0,0.0005456279031932354
turning,pca_image_reconstruction,reconstruction_mse,2inchStickout_F_08-Jun-2017_rpm320_doc0p060_xAccDetached_window_0003,2inchStickout/F_08-Jun-2017_rpm320_doc0p060_xAccDetached,validation,42,1,cv_evaluation,no_chatter,0,0.00019469280960038304
turning,pca_image_reconstruction,reconstruction_mse,2inchStickout_F_08-Jun-2017_rpm320_doc0p060_xAccDetached_window_0004,2inchStickout/F_08-Jun-2017_rpm320_doc0p060_xAccDetached,train,42,1,cv_evaluation,no_chatter,0,0.00026821665233001113
turning,pca_image_reconstruction,reconstruction_mse,2inchStickout_F_08-Jun-2017_rpm320_doc0p060_xAccDetached_window_0005,2inchStickout/F_08-Jun-2017_rpm320_doc0p060_xAccDetached,train,42,1,cv_evaluation,no_chatter,0,0.00024739746004343033
turning,pca_image_reconstruction,reconstruction_mse,2inchStickout_F_08-Jun-2017_rpm320_doc0p060_xAccDetached_window_0006,2inchStickout/F_08-Jun-2017_rpm320_doc0p060_xAccDetached,train,42,1,cv_evaluation,no_chatter,0,0.00033452475327067077
turning,pca_image_reconstruction,reconstruction_mse,2inchStickout_F_08-Jun-2017_rpm320_doc0p060_xAccDetached_window_0007,2inchStickout/F_08-Jun-2017_rpm320_doc0p060_xAccDetached,train,42,1,cv_evaluation,no_chatter,0,0.0003252107708249241
turning,pca_image_reconstruction,reconstruction_mse,2inchStickout_F_08-Jun-2017_rpm320_doc0p060_xAccDetached_window_0008,2inchStickout/F_08-Jun-2017_rpm320_doc0p060_xAccDetached,train,42,1,cv_evaluation,no_chatter,0,0.0003025508485734463
turning,pca_image_reconstruction,reconstruction_mse,2inchStickout_F_08-Jun-2017_rpm320_doc0p060_xAccDetached_window_0009,2inchStickout/F_08-Jun-2017_rpm320_doc0p060_xAccDetached,train,42,1,cv_evaluation,no_chatter,0,0.0002652614493854344
turning,pca_image_reconstruction,reconstruction_mse,2inchStickout_F_08-Jun-2017_rpm320_doc0p060_xAccDetached_window_0010,2inchStickout/F_08-Jun-2017_rpm320_doc0p060_xAccDetached,train,42,1,cv_evaluation,no_chatter,0,0.0003004356985911727
turning,pca_image_reconstruction,reconstruction_mse,2inchStickout_F_08-Jun-2017_rpm320_doc0p060_xAccDetached_window_0011,2inchStickout/F_08-Jun-2017_rpm320_doc0p060_xAccDetached,train,42,1,cv_evaluation,no_chatter,0,0.0002548272896092385
turning,pca_image_reconstruction,reconstruction_mse,2inchStickout_F_08-Jun-2017_rpm425_doc0p025_window_0000,2inchStickout/F_08-Jun-2017_rpm425_doc0p025,train,42,1,cv_evaluation,no_chatter,0,2.0461382518988103e-05
turning,pca_image_reconstruction,reconstruction_mse,2inchStickout_F_08-Jun-2017_rpm425_doc0p025_window_0001,2inchStickout/F_08-Jun-2017_rpm425_doc0p025,train,42,1,cv_evaluation,no_chatter,0,1.897955189633649e-05
turning,pca_image_reconstruction,reconstruction_mse,2inchStickout_F_08-Jun-2017_rpm425_doc0p025_window_0002,2inchStickout/F_08-Jun-2017_rpm425_doc0p025,test,42,1,cv_evaluation,no_chatter,0,0.0005784802488051355
turning,pca_image_reconstruction,reconstruction_mse,2inchStickout_F_08-Jun-2017_rpm425_doc0p025_window_0003,2inchStickout/F_08-Jun-2017_rpm425_doc0p025,train,42,1,cv_evaluation,no_chatter,0,0.0016881752526387572
turning,pca_image_reconstruction,reconstruction_mse,2inchStickout_F_08-Jun-2017_rpm425_doc0p025_window_0004,2inchStickout/F_08-Jun-2017_rpm425_doc0p025,validation,42,1,cv_evaluation,chatter,1,0.001953523838892579
turning,pca_image_reconstruction,reconstruction_mse,2inchStickout_F_08-Jun-2017_rpm425_doc0p025_window_0005,2inchStickout/F_08-Jun-2017_rpm425_doc0p025,validation,42,1,cv_evaluation,chatter,1,0.0018839413532987237
turning,pca_image_reconstruction,reconstruction_mse,2inchStickout_F_08-Jun-2017_rpm425_doc0p025_window_0006,2inchStickout/F_08-Jun-2017_rpm425_doc0p025,validation,42,1,cv_evaluation,chatter,1,0.001764587126672268
turning,pca_image_reconstruction,reconstruction_mse,2inchStickout_F_08-Jun-2017_rpm425_doc0p025_window_0007,2inchStickout/F_08-Jun-2017_rpm425_doc0p025,validation,42,1,cv_evaluation,chatter,1,0.0015841476852074265
turning,pca_image_reconstruction,reconstruction_mse,2inchStickout_F_08-Jun-2017_rpm570_doc0p002_window_0000,2inchStickout/F_08-Jun-2017_rpm570_doc0p002,train,42,1,cv_evaluation,no_chatter,0,2.0621509975171648e-05
turning,pca_image_reconstruction,reconstruction_mse,2inchStickout_F_08-Jun-2017_rpm570_doc0p002_window_0001,2inchStickout/F_08-Jun-2017_rpm570_doc0p002,train,42,1,cv_evaluation,no_chatter,0,0.00047031076974235475
turning,pca_image_reconstruction,reconstruction_mse,2inchStickout_F_08-Jun-2017_rpm570_doc0p002_window_0002,2inchStickout/F_08-Jun-2017_rpm570_doc0p002,test,42,1,cv_evaluation,chatter,1,0.0022920002229511738
turning,pca_image_reconstruction,reconstruction_mse,2inchStickout_F_08-Jun-2017_rpm570_doc0p002_window_0003,2inchStickout/F_08-Jun-2017_rpm570_doc0p002,test,42,1,cv_evaluation,chatter,1,0.003338573034852743
turning,pca_image_reconstruction,reconstruction_mse,2inchStickout_F_08-Jun-2017_rpm570_doc0p002_window_0004,2inchStickout/F_08-Jun-2017_rpm570_doc0p002,train,42,1,cv_evaluation,no_chatter,0,0.0023446029517799616
turning,pca_image_reconstruction,reconstruction_mse,2inchStickout_F_08-Jun-2017_rpm570_doc0p002_window_0005,2inchStickout/F_08-Jun-2017_rpm570_doc0p002,train,42,1,cv_evaluation,no_chatter,0,0.0024077575653791428
turning,pca_image_reconstruction,reconstruction_mse,2inchStickout_F_08-Jun-2017_rpm570_doc0p005_window_0000,2inchStickout/F_08-Jun-2017_rpm570_doc0p005,train,42,1,cv_evaluation,no_chatter,0,2.1210516933933832e-05
turning,pca_image_reconstruction,reconstruction_mse,2inchStickout_F_08-Jun-2017_rpm570_doc0p005_window_0001,2inchStickout/F_08-Jun-2017_rpm570_doc0p005,test,42,1,cv_evaluation,no_chatter,0,0.0004620827967301011
turning,pca_image_reconstruction,reconstruction_mse,2inchStickout_F_08-Jun-2017_rpm570_doc0p005_window_0002,2inchStickout/F_08-Jun-2017_rpm570_doc0p005,test,42,1,cv_evaluation,chatter,1,0.0016287158941850066
turning,pca_image_reconstruction,reconstruction_mse,2inchStickout_F_08-Jun-2017_rpm570_doc0p005_window_0003,2inchStickout/F_08-Jun-2017_rpm570_doc0p005,train,42,1,cv_evaluation,no_chatter,0,0.0014762966893613338
turning,pca_image_reconstruction,reconstruction_mse,2p5inchStickout_F_12-Jun-2017_rpm570_doc0p012_window_0000,2p5inchStickout/F_12-Jun-2017_rpm570_doc0p012,train,42,1,cv_evaluation,no_chatter,0,0.0001162489497801289
turning,pca_image_reconstruction,reconstruction_mse,2p5inchStickout_F_12-Jun-2017_rpm570_doc0p012_window_0001,2p5inchStickout/F_12-Jun-2017_rpm570_doc0p012,train,42,1,cv_evaluation,no_chatter,0,0.0009922742610797286
turning,pca_image_reconstruction,reconstruction_mse,2p5inchStickout_F_12-Jun-2017_rpm570_doc0p012_window_0002,2p5inchStickout/F_12-Jun-2017_rpm570_doc0p012,test,42,1,cv_evaluation,chatter,1,0.0015877491096034646
turning,pca_image_reconstruction,reconstruction_mse,2p5inchStickout_F_12-Jun-2017_rpm570_doc0p012_window_0003,2p5inchStickout/F_12-Jun-2017_rpm570_doc0p012,train,42,1,cv_evaluation,no_chatter,0,0.0008682240732014179
turning,pca_image_reconstruction,reconstruction_mse,2p5inchStickout_F_12-Jun-2017_rpm570_doc0p012_window_0004,2p5inchStickout/F_12-Jun-2017_rpm570_doc0p012,train,42,1,cv_evaluation,no_chatter,0,0.00081113469786942
turning,pca_image_reconstruction,reconstruction_mse,2p5inchStickout_F_12-Jun-2017_rpm570_doc0p012_window_0005,2p5inchStickout/F_12-Jun-2017_rpm570_doc0p012,train,42,1,cv_evaluation,no_chatter,0,0.001207583351060748
turning,pca_image_reconstruction,reconstruction_mse,2p5inchStickout_F_12-Jun-2017_rpm570_doc0p012_window_0006,2p5inchStickout/F_12-Jun-2017_rpm570_doc0p012,validation,42,1,cv_evaluation,no_chatter,0,0.0006419754936359823
turning,pca_image_reconstruction,reconstruction_mse,2p5inchStickout_F_12-Jun-2017_rpm570_doc0p012_window_0007,2p5inchStickout/F_12-Jun-2017_rpm570_doc0p012,train,42,1,cv_evaluation,no_chatter,0,0.0006052753305993974
turning,pca_image_reconstruction,reconstruction_mse,2p5inchStickout_F_12-Jun-2017_rpm570_doc0p012_window_0008,2p5inchStickout/F_12-Jun-2017_rpm570_doc0p012,validation,42,1,cv_evaluation,no_chatter,0,0.00076098000863567
turning,pca_image_reconstruction,reconstruction_mse,2p5inchStickout_F_12-Jun-2017_rpm570_doc0p012_window_0009,2p5inchStickout/F_12-Jun-2017_rpm570_doc0p012,validation,42,1,cv_evaluation,no_chatter,0,0.0009182780049741268
turning,pca_image_reconstruction,reconstruction_mse,2p5inchStickout_F_12-Jun-2017_rpm570_doc0p014_window_0000,2p5inchStickout/F_12-Jun-2017_rpm570_doc0p014,train,42,1,cv_evaluation,no_chatter,0,0.00010734586976468563
turning,pca_image_reconstruction,reconstruction_mse,2p5inchStickout_F_12-Jun-2017_rpm570_doc0p014_window_0001,2p5inchStickout/F_12-Jun-2017_rpm570_doc0p014,train,42,1,cv_evaluation,no_chatter,0,0.0006142386118881404
turning,pca_image_reconstruction,reconstruction_mse,2p5inchStickout_F_12-Jun-2017_rpm570_doc0p014_window_0002,2p5inchStickout/F_12-Jun-2017_rpm570_doc0p014,train,42,1,cv_evaluation,no_chatter,0,0.0014302448835223913
turning,pca_image_reconstruction,reconstruction_mse,2p5inchStickout_F_12-Jun-2017_rpm570_doc0p014_window_0003,2p5inchStickout/F_12-Jun-2017_rpm570_doc0p014,validation,42,1,cv_evaluation,no_chatter,0,0.000659596233163029
turning,pca_image_reconstruction,reconstruction_mse,2p5inchStickout_F_12-Jun-2017_rpm570_doc0p014_window_0004,2p5inchStickout/F_12-Jun-2017_rpm570_doc0p014,validation,42,1,cv_evaluation,no_chatter,0,0.0005450472235679626
turning,pca_image_reconstruction,reconstruction_mse,2p5inchStickout_F_12-Jun-2017_rpm570_doc0p014_window_0005,2p5inchStickout/F_12-Jun-2017_rpm570_doc0p014,validation,42,1,cv_evaluation,no_chatter,0,0.0005211045499891043
turning,pca_image_reconstruction,reconstruction_mse,2p5inchStickout_F_12-Jun-2017_rpm770_doc0p005_window_0000,2p5inchStickout/F_12-Jun-2017_rpm770_doc0p005,train,42,1,cv_evaluation,no_chatter,0,0.00047086557606235147
turning,pca_image_reconstruction,reconstruction_mse,2p5inchStickout_F_12-Jun-2017_rpm770_doc0p005_window_0001,2p5inchStickout/F_12-Jun-2017_rpm770_doc0p005,train,42,1,cv_evaluation,no_chatter,0,0.0025297647807747126
turning,pca_image_reconstruction,reconstruction_mse,2p5inchStickout_F_12-Jun-2017_rpm770_doc0p005_window_0002,2p5inchStickout/F_12-Jun-2017_rpm770_doc0p005,train,42,1,cv_evaluation,no_chatter,0,0.001036729197949171
turning,pca_image_reconstruction,reconstruction_mse,2p5inchStickout_F_12-Jun-2017_rpm770_doc0p005_window_0003,2p5inchStickout/F_12-Jun-2017_rpm770_doc0p005,train,42,1,cv_evaluation,no_chatter,0,0.002129816450178623
turning,pca_image_reconstruction,reconstruction_mse,3p5inchStickout_F_12-Jun-2017_rpm570_doc0p025_window_0000,3p5inchStickout/F_12-Jun-2017_rpm570_doc0p025,validation,42,1,cv_evaluation,no_chatter,0,8.870991223375313e-06
turning,pca_image_reconstruction,reconstruction_mse,3p5inchStickout_F_12-Jun-2017_rpm570_doc0p025_window_0001,3p5inchStickout/F_12-Jun-2017_rpm570_doc0p025,train,42,1,cv_evaluation,no_chatter,0,0.0005521585117094219
turning,pca_image_reconstruction,reconstruction_mse,3p5inchStickout_F_12-Jun-2017_rpm570_doc0p025_window_0002,3p5inchStickout/F_12-Jun-2017_rpm570_doc0p025,train,42,1,cv_evaluation,no_chatter,0,0.00046576495515182614
turning,pca_image_reconstruction,reconstruction_mse,3p5inchStickout_F_12-Jun-2017_rpm570_doc0p025_window_0003,3p5inchStickout/F_12-Jun-2017_rpm570_doc0p025,validation,42,1,cv_evaluation,no_chatter,0,0.0008202858152799308
turning,pca_image_reconstruction,reconstruction_mse,3p5inchStickout_F_12-Jun-2017_rpm570_doc0p025_window_0004,3p5inchStickout/F_12-Jun-2017_rpm570_doc0p025,train,42,1,cv_evaluation,no_chatter,0,0.0006847556214779615
turning,pca_image_reconstruction,reconstruction_mse,3p5inchStickout_F_12-Jun-2017_rpm570_doc0p025_window_0005,3p5inchStickout/F_12-Jun-2017_rpm570_doc0p025,train,42,1,cv_evaluation,no_chatter,0,0.0013249031035229564
turning,pca_image_reconstruction,reconstruction_mse,3p5inchStickout_F_12-Jun-2017_rpm570_doc0p025_window_0006,3p5inchStickout/F_12-Jun-2017_rpm570_doc0p025,train,42,1,cv_evaluation,no_chatter,0,0.0013903137296438217
turning,pca_image_reconstruction,reconstruction_mse,3p5inchStickout_F_12-Jun-2017_rpm570_doc0p025_window_0007,3p5inchStickout/F_12-Jun-2017_rpm570_doc0p025,train,42,1,cv_evaluation,no_chatter,0,0.0009053059038706124
turning,pca_image_reconstruction,reconstruction_mse,3p5inchStickout_F_12-Jun-2017_rpm570_doc0p025_window_0008,3p5inchStickout/F_12-Jun-2017_rpm570_doc0p025,train,42,1,cv_evaluation,no_chatter,0,0.0007711643120273948
turning,pca_image_reconstruction,reconstruction_mse,3p5inchStickout_F_12-Jun-2017_rpm570_doc0p025_window_0009,3p5inchStickout/F_12-Jun-2017_rpm570_doc0p025,train,42,1,cv_evaluation,no_chatter,0,0.0007885426748543978
turning,pca_image_reconstruction,reconstruction_mse,3p5inchStickout_F_14-Jun-2017_rpm1030_doc0p002_window_0000,3p5inchStickout/F_14-Jun-2017_rpm1030_doc0p002,train,42,1,cv_evaluation,no_chatter,0,2.6329180400352925e-05
turning,pca_image_reconstruction,reconstruction_mse,3p5inchStickout_F_14-Jun-2017_rpm1030_doc0p002_window_0001,3p5inchStickout/F_14-Jun-2017_rpm1030_doc0p002,train,42,1,cv_evaluation,no_chatter,0,0.0032364565413445234
turning,pca_image_reconstruction,reconstruction_mse,3p5inchStickout_F_14-Jun-2017_rpm1030_doc0p002_window_0002,3p5inchStickout/F_14-Jun-2017_rpm1030_doc0p002,train,42,1,cv_evaluation,no_chatter,0,0.002047983231022954
turning,pca_image_reconstruction,reconstruction_mse,3p5inchStickout_F_14-Jun-2017_rpm770_doc0p010_window_0000,3p5inchStickout/F_14-Jun-2017_rpm770_doc0p010,train,42,1,cv_evaluation,no_chatter,0,3.0177185180946253e-05
turning,pca_image_reconstruction,reconstruction_mse,3p5inchStickout_F_14-Jun-2017_rpm770_doc0p010_window_0001,3p5inchStickout/F_14-Jun-2017_rpm770_doc0p010,train,42,1,cv_evaluation,no_chatter,0,0.0006624906091019511
turning,pca_image_reconstruction,reconstruction_mse,3p5inchStickout_F_14-Jun-2017_rpm770_doc0p010_window_0002,3p5inchStickout/F_14-Jun-2017_rpm770_doc0p010,train,42,1,cv_evaluation,no_chatter,0,0.0014029010199010372
turning,pca_image_reconstruction,reconstruction_mse,3p5inchStickout_F_14-Jun-2017_rpm770_doc0p010_window_0003,3p5inchStickout/F_14-Jun-2017_rpm770_doc0p010,train,42,1,cv_evaluation,no_chatter,0,0.001310938154347241
turning,pca_image_reconstruction,reconstruction_mse,4p5inchStickout_F_12-Jun-2017_rpm570_doc0p040_window_0000,4p5inchStickout/F_12-Jun-2017_rpm570_doc0p040,train,42,1,cv_evaluation,no_chatter,0,1.14613794721663e-05
turning,pca_image_reconstruction,reconstruction_mse,4p5inchStickout_F_12-Jun-2017_rpm570_doc0p040_window_0001,4p5inchStickout/F_12-Jun-2017_rpm570_doc0p040,train,42,1,cv_evaluation,no_chatter,0,1.0151160495297518e-05
turning,pca_image_reconstruction,reconstruction_mse,4p5inchStickout_F_12-Jun-2017_rpm570_doc0p040_window_0002,4p5inchStickout/F_12-Jun-2017_rpm570_doc0p040,train,42,1,cv_evaluation,no_chatter,0,1.0211600965703838e-05
turning,pca_image_reconstruction,reconstruction_mse,4p5inchStickout_F_12-Jun-2017_rpm570_doc0p040_window_0003,4p5inchStickout/F_12-Jun-2017_rpm570_doc0p040,train,42,1,cv_evaluation,no_chatter,0,9.622552170185372e-06
turning,pca_image_reconstruction,reconstruction_mse,4p5inchStickout_F_12-Jun-2017_rpm570_doc0p040_window_0004,4p5inchStickout/F_12-Jun-2017_rpm570_doc0p040,train,42,1,cv_evaluation,no_chatter,0,0.00039330063736997545
turning,pca_image_reconstruction,reconstruction_mse,4p5inchStickout_F_12-Jun-2017_rpm570_doc0p040_window_0005,4p5inchStickout/F_12-Jun-2017_rpm570_doc0p040,train,42,1,cv_evaluation,no_chatter,0,0.00038116908399388194
turning,pca_image_reconstruction,reconstruction_mse,4p5inchStickout_F_12-Jun-2017_rpm570_doc0p040_window_0006,4p5inchStickout/F_12-Jun-2017_rpm570_doc0p040,train,42,1,cv_evaluation,no_chatter,0,0.000597599137108773
turning,pca_image_reconstruction,reconstruction_mse,4p5inchStickout_F_12-Jun-2017_rpm570_doc0p040_window_0007,4p5inchStickout/F_12-Jun-2017_rpm570_doc0p040,train,42,1,cv_evaluation,no_chatter,0,0.0006622888031415641
turning,pca_image_reconstruction,reconstruction_mse,4p5inchStickout_F_12-Jun-2017_rpm570_doc0p040_window_0008,4p5inchStickout/F_12-Jun-2017_rpm570_doc0p040,train,42,1,cv_evaluation,no_chatter,0,0.0006912362878210843
turning,pca_image_reconstruction,reconstruction_mse,4p5inchStickout_F_12-Jun-2017_rpm570_doc0p040_window_0009,4p5inchStickout/F_12-Jun-2017_rpm570_doc0p040,train,42,1,cv_evaluation,no_chatter,0,0.0007785874186083674
turning,pca_image_reconstruction,reconstruction_mse,4p5inchStickout_F_12-Jun-2017_rpm570_doc0p040_window_0010,4p5inchStickout/F_12-Jun-2017_rpm570_doc0p040,train,42,1,cv_evaluation,no_chatter,0,0.0011013654293492436
turning,pca_image_reconstruction,reconstruction_mse,4p5inchStickout_F_12-Jun-2017_rpm570_doc0p040_window_0011,4p5inchStickout/F_12-Jun-2017_rpm570_doc0p040,train,42,1,cv_evaluation,no_chatter,0,0.000858002866152674
turning,pca_image_reconstruction,reconstruction_mse,4p5inchStickout_F_13-Jun-2017_rpm1030_doc0p015_window_0000,4p5inchStickout/F_13-Jun-2017_rpm1030_doc0p015,train,42,1,cv_evaluation,no_chatter,0,1.0204609679931309e-05
turning,pca_image_reconstruction,reconstruction_mse,4p5inchStickout_F_13-Jun-2017_rpm1030_doc0p015_window_0001,4p5inchStickout/F_13-Jun-2017_rpm1030_doc0p015,train,42,1,cv_evaluation,no_chatter,0,0.0011869852896779776
turning,pca_image_reconstruction,reconstruction_mse,4p5inchStickout_F_13-Jun-2017_rpm1030_doc0p015_window_0002,4p5inchStickout/F_13-Jun-2017_rpm1030_doc0p015,train,42,1,cv_evaluation,no_chatter,0,0.001068323734216392
turning,pca_image_reconstruction,reconstruction_mse,4p5inchStickout_F_13-Jun-2017_rpm1030_doc0p015_window_0003,4p5inchStickout/F_13-Jun-2017_rpm1030_doc0p015,validation,42,1,cv_evaluation,no_chatter,0,0.0011055255308747292
turning,one_class_svm_image_features,anomaly_score,2inchStickout_F_08-Jun-2017_rpm320_doc0p015_window_0000,2inchStickout/F_08-Jun-2017_rpm320_doc0p015,train,42,2,cv_evaluation,no_chatter,0,-0.09967119859003071
turning,one_class_svm_image_features,anomaly_score,2inchStickout_F_08-Jun-2017_rpm320_doc0p015_window_0001,2inchStickout/F_08-Jun-2017_rpm320_doc0p015,validation,42,2,cv_evaluation,no_chatter,0,-0.10153530981815106
turning,one_class_svm_image_features,anomaly_score,2inchStickout_F_08-Jun-2017_rpm320_doc0p015_window_0002,2inchStickout/F_08-Jun-2017_rpm320_doc0p015,train,42,2,cv_evaluation,no_chatter,0,-0.0998274548477982
turning,one_class_svm_image_features,anomaly_score,2inchStickout_F_08-Jun-2017_rpm320_doc0p015_window_0003,2inchStickout/F_08-Jun-2017_rpm320_doc0p015,validation,42,2,cv_evaluation,no_chatter,0,-0.1513144187573019
turning,one_class_svm_image_features,anomaly_score,2inchStickout_F_08-Jun-2017_rpm320_doc0p015_window_0004,2inchStickout/F_08-Jun-2017_rpm320_doc0p015,train,42,2,cv_evaluation,no_chatter,0,-0.30301963874446214
turning,one_class_svm_image_features,anomaly_score,2inchStickout_F_08-Jun-2017_rpm320_doc0p015_window_0005,2inchStickout/F_08-Jun-2017_rpm320_doc0p015,train,42,2,cv_evaluation,no_chatter,0,-0.41240195217040365
turning,one_class_svm_image_features,anomaly_score,2inchStickout_F_08-Jun-2017_rpm320_doc0p015_window_0006,2inchStickout/F_08-Jun-2017_rpm320_doc0p015,train,42,2,cv_evaluation,no_chatter,0,-0.4237781783172583
turning,one_class_svm_image_features,anomaly_score,2inchStickout_F_08-Jun-2017_rpm320_doc0p015_window_0007,2inchStickout/F_08-Jun-2017_rpm320_doc0p015,train,42,2,cv_evaluation,no_chatter,0,-0.3941367557401849
turning,one_class_svm_image_features,anomaly_score,2inchStickout_F_08-Jun-2017_rpm320_doc0p015_window_0008,2inchStickout/F_08-Jun-2017_rpm320_doc0p015,train,42,2,cv_evaluation,no_chatter,0,-0.40260377413927584
turning,one_class_svm_image_features,anomaly_score,2inchStickout_F_08-Jun-2017_rpm320_doc0p015_window_0009,2inchStickout/F_08-Jun-2017_rpm320_doc0p015,train,42,2,cv_evaluation,no_chatter,0,-0.4113128457733555
turning,one_class_svm_image_features,anomaly_score,2inchStickout_F_08-Jun-2017_rpm320_doc0p015_window_0010,2inchStickout/F_08-Jun-2017_rpm320_doc0p015,train,42,2,cv_evaluation,no_chatter,0,-0.4077532667160386
turning,one_class_svm_image_features,anomaly_score,2inchStickout_F_08-Jun-2017_rpm320_doc0p015_window_0011,2inchStickout/F_08-Jun-2017_rpm320_doc0p015,train,42,2,cv_evaluation,no_chatter,0,-0.39680470165616355
turning,one_class_svm_image_features,anomaly_score,2inchStickout_F_08-Jun-2017_rpm320_doc0p015_window_0012,2inchStickout/F_08-Jun-2017_rpm320_doc0p015,train,42,2,cv_evaluation,no_chatter,0,-0.3362087240213687
turning,one_class_svm_image_features,anomaly_score,2inchStickout_F_08-Jun-2017_rpm320_doc0p015_window_0013,2inchStickout/F_08-Jun-2017_rpm320_doc0p015,validation,42,2,cv_evaluation,no_chatter,0,-0.42766447090452653
turning,one_class_svm_image_features,anomaly_score,2inchStickout_F_08-Jun-2017_rpm320_doc0p015_window_0014,2inchStickout/F_08-Jun-2017_rpm320_doc0p015,validation,42,2,cv_evaluation,no_chatter,0,-0.4900354317587956
turning,one_class_svm_image_features,anomaly_score,2inchStickout_F_08-Jun-2017_rpm320_doc0p015_window_0015,2inchStickout/F_08-Jun-2017_rpm320_doc0p015,train,42,2,cv_evaluation,no_chatter,0,-0.38347142064903306
turning,one_class_svm_image_features,anomaly_score,2inchStickout_F_08-Jun-2017_rpm320_doc0p015_window_0016,2inchStickout/F_08-Jun-2017_rpm320_doc0p015,train,42,2,cv_evaluation,no_chatter,0,-0.3989620057276173
turning,one_class_svm_image_features,anomaly_score,2inchStickout_F_08-Jun-2017_rpm320_doc0p015_window_0017,2inchStickout/F_08-Jun-2017_rpm320_doc0p015,train,42,2,cv_evaluation,no_chatter,0,-0.3673652933829965
turning,one_class_svm_image_features,anomaly_score,2inchStickout_F_08-Jun-2017_rpm320_doc0p015_window_0018,2inchStickout/F_08-Jun-2017_rpm320_doc0p015,train,42,2,cv_evaluation,no_chatter,0,-0.42192115459275303
turning,one_class_svm_image_features,anomaly_score,2inchStickout_F_08-Jun-2017_rpm320_doc0p015_window_0019,2inchStickout/F_08-Jun-2017_rpm320_doc0p015,train,42,2,cv_evaluation,no_chatter,0,-0.4497273196010658
turning,one_class_svm_image_features,anomaly_score,2inchStickout_F_08-Jun-2017_rpm320_doc0p015_window_0020,2inchStickout/F_08-Jun-2017_rpm320_doc0p015,train,42,2,cv_evaluation,no_chatter,0,-0.4626114082011128
turning,one_class_svm_image_features,anomaly_score,2inchStickout_F_08-Jun-2017_rpm320_doc0p015_window_0021,2inchStickout/F_08-Jun-2017_rpm320_doc0p015,train,42,2,cv_evaluation,no_chatter,0,-0.4028734398564162
turning,one_class_svm_image_features,anomaly_score,2inchStickout_F_08-Jun-2017_rpm320_doc0p015_window_0022,2inchStickout/F_08-Jun-2017_rpm320_doc0p015,train,42,2,cv_evaluation,no_chatter,0,-0.4001261435956671
turning,one_class_svm_image_features,anomaly_score,2inchStickout_F_08-Jun-2017_rpm320_doc0p015_window_0023,2inchStickout/F_08-Jun-2017_rpm320_doc0p015,train,42,2,cv_evaluation,no_chatter,0,-0.44236293170432806
turning,one_class_svm_image_features,anomaly_score,2inchStickout_F_08-Jun-2017_rpm320_doc0p050_window_0000,2inchStickout/F_08-Jun-2017_rpm320_doc0p050,train,42,2,cv_evaluation,no_chatter,0,-0.09133442248948476
turning,one_class_svm_image_features,anomaly_score,2inchStickout_F_08-Jun-2017_rpm320_doc0p050_window_0001,2inchStickout/F_08-Jun-2017_rpm320_doc0p050,train,42,2,cv_evaluation,no_chatter,0,-0.09743823327426115
turning,one_class_svm_image_features,anomaly_score,2inchStickout_F_08-Jun-2017_rpm320_doc0p050_window_0002,2inchStickout/F_08-Jun-2017_rpm320_doc0p050,train,42,2,cv_evaluation,no_chatter,0,-0.09442962155324475
turning,one_class_svm_image_features,anomaly_score,2inchStickout_F_08-Jun-2017_rpm320_doc0p050_window_0003,2inchStickout/F_08-Jun-2017_rpm320_doc0p050,test,42,2,cv_evaluation,no_chatter,0,0.014880001606693227
turning,one_class_svm_image_features,anomaly_score,2inchStickout_F_08-Jun-2017_rpm320_doc0p050_window_0004,2inchStickout/F_08-Jun-2017_rpm320_doc0p050,train,42,2,cv_evaluation,no_chatter,0,-0.40356829894082424
turning,one_class_svm_image_features,anomaly_score,2inchStickout_F_08-Jun-2017_rpm320_doc0p050_window_0005,2inchStickout/F_08-Jun-2017_rpm320_doc0p050,train,42,2,cv_evaluation,no_chatter,0,-0.37967513438756106
turning,one_class_svm_image_features,anomaly_score,2inchStickout_F_08-Jun-2017_rpm320_doc0p050_window_0006,2inchStickout/F_08-Jun-2017_rpm320_doc0p050,train,42,2,cv_evaluation,no_chatter,0,-0.30670876828968074
turning,one_class_svm_image_features,anomaly_score,2inchStickout_F_08-Jun-2017_rpm320_doc0p050_window_0007,2inchStickout/F_08-Jun-2017_rpm320_doc0p050,train,42,2,cv_evaluation,no_chatter,0,-0.3235241133095519
turning,one_class_svm_image_features,anomaly_score,2inchStickout_F_08-Jun-2017_rpm320_doc0p050_window_0008,2inchStickout/F_08-Jun-2017_rpm320_doc0p050,test,42,2,cv_evaluation,no_chatter,0,-0.4088059064379408
turning,one_class_svm_image_features,anomaly_score,2inchStickout_F_08-Jun-2017_rpm320_doc0p050_window_0009,2inchStickout/F_08-Jun-2017_rpm320_doc0p050,test,42,2,cv_evaluation,no_chatter,0,-0.41871476492877835
turning,one_class_svm_image_features,anomaly_score,2inchStickout_F_08-Jun-2017_rpm320_doc0p050_window_0010,2inchStickout/F_08-Jun-2017_rpm320_doc0p050,train,42,2,cv_evaluation,no_chatter,0,-0.48821341640272387
turning,one_class_svm_image_features,anomaly_score,2inchStickout_F_08-Jun-2017_rpm320_doc0p050_window_0011,2inchStickout/F_08-Jun-2017_rpm320_doc0p050,train,42,2,cv_evaluation,no_chatter,0,-0.43245294988313887
turning,one_class_svm_image_features,anomaly_score,2inchStickout_F_08-Jun-2017_rpm320_doc0p050_window_0012,2inchStickout/F_08-Jun-2017_rpm320_doc0p050,test,42,2,cv_evaluation,no_chatter,0,-0.41298868386087717
turning,one_class_svm_image_features,anomaly_score,2inchStickout_F_08-Jun-2017_rpm320_doc0p050_window_0013,2inchStickout/F_08-Jun-2017_rpm320_doc0p050,test,42,2,cv_evaluation,no_chatter,0,-0.4831487230850948
turning,one_class_svm_image_features,anomaly_score,2inchStickout_F_08-Jun-2017_rpm320_doc0p050_window_0014,2inchStickout/F_08-Jun-2017_rpm320_doc0p050,test,42,2,cv_evaluation,no_chatter,0,-0.5197034498452866
turning,one_class_svm_image_features,anomaly_score,2inchStickout_F_08-Jun-2017_rpm320_doc0p050_window_0015,2inchStickout/F_08-Jun-2017_rpm320_doc0p050,train,42,2,cv_evaluation,no_chatter,0,-0.5097937090615519
turning,one_class_svm_image_features,anomaly_score,2inchStickout_F_08-Jun-2017_rpm320_doc0p050_window_0016,2inchStickout/F_08-Jun-2017_rpm320_doc0p050,train,42,2,cv_evaluation,no_chatter,0,-0.35517898215460253
turning,one_class_svm_image_features,anomaly_score,2inchStickout_F_08-Jun-2017_rpm320_doc0p050_window_0017,2inchStickout/F_08-Jun-2017_rpm320_doc0p050,test,42,2,cv_evaluation,no_chatter,0,-0.44890139859364675
turning,one_class_svm_image_features,anomaly_score,2inchStickout_F_08-Jun-2017_rpm320_doc0p050_window_0018,2inchStickout/F_08-Jun-2017_rpm320_doc0p050,train,42,2,cv_evaluation,no_chatter,0,-0.4136677718018096
turning,one_class_svm_image_features,anomaly_score,2inchStickout_F_08-Jun-2017_rpm320_doc0p050_window_0019,2inchStickout/F_08-Jun-2017_rpm320_doc0p050,train,42,2,cv_evaluation,no_chatter,0,-0.5923026563365195
turning,one_class_svm_image_features,anomaly_score,2inchStickout_F_08-Jun-2017_rpm320_doc0p050_window_0020,2inchStickout/F_08-Jun-2017_rpm320_doc0p050,train,42,2,cv_evaluation,no_chatter,0,-0.43213567337454073
turning,one_class_svm_image_features,anomaly_score,2inchStickout_F_08-Jun-2017_rpm320_doc0p050_window_0021,2inchStickout/F_08-Jun-2017_rpm320_doc0p050,train,42,2,cv_evaluation,no_chatter,0,-0.4613386184842443
turning,one_class_svm_image_features,anomaly_score,2inchStickout_F_08-Jun-2017_rpm320_doc0p050_window_0022,2inchStickout/F_08-Jun-2017_rpm320_doc0p050,test,42,2,cv_evaluation,no_chatter,0,-0.45864420745234113
turning,one_class_svm_image_features,anomaly_score,2inchStickout_F_08-Jun-2017_rpm320_doc0p050_window_0023,2inchStickout/F_08-Jun-2017_rpm320_doc0p050,test,42,2,cv_evaluation,no_chatter,0,-0.5729672771319474
turning,one_class_svm_image_features,anomaly_score,2inchStickout_F_08-Jun-2017_rpm570_doc0p001_window_0000,2inchStickout/F_08-Jun-2017_rpm570_doc0p001,train,42,2,cv_evaluation,no_chatter,0,-0.057878067550229284
turning,one_class_svm_image_features,anomaly_score,2inchStickout_F_08-Jun-2017_rpm570_doc0p001_window_0001,2inchStickout/F_08-Jun-2017_rpm570_doc0p001,validation,42,2,cv_evaluation,no_chatter,0,0.11912586069857034
turning,one_class_svm_image_features,anomaly_score,2inchStickout_F_08-Jun-2017_rpm570_doc0p001_window_0002,2inchStickout/F_08-Jun-2017_rpm570_doc0p001,validation,42,2,cv_evaluation,chatter,1,0.5113923637867681
turning,one_class_svm_image_features,anomaly_score,2inchStickout_F_08-Jun-2017_rpm570_doc0p001_window_0003,2inchStickout/F_08-Jun-2017_rpm570_doc0p001,validation,42,2,cv_evaluation,chatter,1,1.2259667200110298
turning,one_class_svm_image_features,anomaly_score,2inchStickout_F_08-Jun-2017_rpm570_doc0p001_window_0004,2inchStickout/F_08-Jun-2017_rpm570_doc0p001,validation,42,2,cv_evaluation,chatter,1,1.2910058205892982
turning,one_class_svm_image_features,anomaly_score,2inchStickout_F_08-Jun-2017_rpm570_doc0p001_window_0005,2inchStickout/F_08-Jun-2017_rpm570_doc0p001,validation,42,2,cv_evaluation,chatter,1,1.2410443910935578
turning,one_class_svm_image_features,anomaly_score,2inchStickout_F_08-Jun-2017_rpm770_doc0p001_window_0000,2inchStickout/F_08-Jun-2017_rpm770_doc0p001,test,42,2,cv_evaluation,no_chatter,0,-0.05812503019177262
turning,one_class_svm_image_features,anomaly_score,2inchStickout_F_08-Jun-2017_rpm770_doc0p001_window_0001,2inchStickout/F_08-Jun-2017_rpm770_doc0p001,train,42,2,cv_evaluation,no_chatter,0,0.12041819572835277
turning,one_class_svm_image_features,anomaly_score,2inchStickout_F_08-Jun-2017_rpm770_doc0p001_window_0002,2inchStickout/F_08-Jun-2017_rpm770_doc0p001,train,42,2,cv_evaluation,no_chatter,0,0.4145027023319354
turning,one_class_svm_image_features,anomaly_score,2inchStickout_F_08-Jun-2017_rpm770_doc0p001_window_0003,2inchStickout/F_08-Jun-2017_rpm770_doc0p001,train,42,2,cv_evaluation,no_chatter,0,0.7314502999001286
turning,one_class_svm_image_features,anomaly_score,2inchStickout_F_08-Jun-2017_rpm770_doc0p001_window_0004,2inchStickout/F_08-Jun-2017_rpm770_doc0p001,train,42,2,cv_evaluation,no_chatter,0,1.0685714227063303
turning,one_class_svm_image_features,anomaly_score,2inchStickout_F_08-Jun-2017_rpm770_doc0p001_window_0005,2inchStickout/F_08-Jun-2017_rpm770_doc0p001,train,42,2,cv_evaluation,no_chatter,0,1.4117399414391454
turning,one_class_svm_image_features,anomaly_score,2inchStickout_F_08-Jun-2017_rpm770_doc0p001_window_0006,2inchStickout/F_08-Jun-2017_rpm770_doc0p001,test,42,2,cv_evaluation,chatter,1,1.2873225931360237
turning,one_class_svm_image_features,anomaly_score,2inchStickout_F_08-Jun-2017_rpm770_doc0p001_window_0007,2inchStickout/F_08-Jun-2017_rpm770_doc0p001,test,42,2,cv_evaluation,chatter,1,1.5789294193924928
turning,one_class_svm_image_features,anomaly_score,2p5inchStickout_F_12-Jun-2017_rpm570_doc0p003_window_0000,2p5inchStickout/F_12-Jun-2017_rpm570_doc0p003,train,42,2,cv_evaluation,no_chatter,0,-0.11342316395519725
turning,one_class_svm_image_features,anomaly_score,2p5inchStickout_F_12-Jun-2017_rpm570_doc0p003_window_0001,2p5inchStickout/F_12-Jun-2017_rpm570_doc0p003,test,42,2,cv_evaluation,no_chatter,0,-0.1760839521654094
turning,one_class_svm_image_features,anomaly_score,2p5inchStickout_F_12-Jun-2017_rpm570_doc0p003_window_0002,2p5inchStickout/F_12-Jun-2017_rpm570_doc0p003,train,42,2,cv_evaluation,no_chatter,0,-0.36128306085380535
turning,one_class_svm_image_features,anomaly_score,2p5inchStickout_F_12-Jun-2017_rpm570_doc0p003_window_0003,2p5inchStickout/F_12-Jun-2017_rpm570_doc0p003,train,42,2,cv_evaluation,no_chatter,0,-0.23248202984452582
turning,one_class_svm_image_features,anomaly_score,2p5inchStickout_F_12-Jun-2017_rpm570_doc0p003_window_0004,2p5inchStickout/F_12-Jun-2017_rpm570_doc0p003,train,42,2,cv_evaluation,no_chatter,0,-0.4351109670956581
turning,one_class_svm_image_features,anomaly_score,2p5inchStickout_F_12-Jun-2017_rpm570_doc0p003_window_0005,2p5inchStickout/F_12-Jun-2017_rpm570_doc0p003,train,42,2,cv_evaluation,no_chatter,0,-0.3663240123147844
turning,one_class_svm_image_features,anomaly_score,2p5inchStickout_F_12-Jun-2017_rpm570_doc0p003_window_0006,2p5inchStickout/F_12-Jun-2017_rpm570_doc0p003,train,42,2,cv_evaluation,no_chatter,0,-0.3645267055209189
turning,one_class_svm_image_features,anomaly_score,2p5inchStickout_F_12-Jun-2017_rpm570_doc0p003_window_0007,2p5inchStickout/F_12-Jun-2017_rpm570_doc0p003,train,42,2,cv_evaluation,no_chatter,0,-0.34314586097167554
turning,one_class_svm_image_features,anomaly_score,2p5inchStickout_F_12-Jun-2017_rpm570_doc0p003_window_0008,2p5inchStickout/F_12-Jun-2017_rpm570_doc0p003,train,42,2,cv_evaluation,no_chatter,0,0.056362397914637485
turning,one_class_svm_image_features,anomaly_score,2p5inchStickout_F_12-Jun-2017_rpm570_doc0p003_window_0009,2p5inchStickout/F_12-Jun-2017_rpm570_doc0p003,train,42,2,cv_evaluation,no_chatter,0,-0.3586470758243585
turning,one_class_svm_image_features,anomaly_score,2p5inchStickout_F_12-Jun-2017_rpm570_doc0p015_trial2_window_0000,2p5inchStickout/F_12-Jun-2017_rpm570_doc0p015_trial2,train,42,2,cv_evaluation,no_chatter,0,-0.11626252879729582
turning,one_class_svm_image_features,anomaly_score,2p5inchStickout_F_12-Jun-2017_rpm570_doc0p015_trial2_window_0001,2p5inchStickout/F_12-Jun-2017_rpm570_doc0p015_trial2,train,42,2,cv_evaluation,no_chatter,0,-0.07732514551581038
turning,one_class_svm_image_features,anomaly_score,2p5inchStickout_F_12-Jun-2017_rpm570_doc0p015_trial2_window_0002,2p5inchStickout/F_12-Jun-2017_rpm570_doc0p015_trial2,test,42,2,cv_evaluation,chatter,1,1.0061764173488656
turning,one_class_svm_image_features,anomaly_score,2p5inchStickout_F_12-Jun-2017_rpm570_doc0p015_trial2_window_0003,2p5inchStickout/F_12-Jun-2017_rpm570_doc0p015_trial2,test,42,2,cv_evaluation,chatter,1,1.4899374380718788
turning,one_class_svm_image_features,anomaly_score,2p5inchStickout_F_12-Jun-2017_rpm570_doc0p015_trial2_window_0004,2p5inchStickout/F_12-Jun-2017_rpm570_doc0p015_trial2,test,42,2,cv_evaluation,chatter,1,1.4209485509633741
turning,one_class_svm_image_features,anomaly_score,2p5inchStickout_F_12-Jun-2017_rpm570_doc0p015_trial2_window_0005,2p5inchStickout/F_12-Jun-2017_rpm570_doc0p015_trial2,test,42,2,cv_evaluation,chatter,1,1.2222185742157003
turning,one_class_svm_image_features,anomaly_score,3p5inchStickout_F_12-Jun-2017_rpm570_doc0p015_window_0000,3p5inchStickout/F_12-Jun-2017_rpm570_doc0p015,train,42,2,cv_evaluation,no_chatter,0,-0.041579489146514215
turning,one_class_svm_image_features,anomaly_score,3p5inchStickout_F_12-Jun-2017_rpm570_doc0p015_window_0001,3p5inchStickout/F_12-Jun-2017_rpm570_doc0p015,train,42,2,cv_evaluation,no_chatter,0,-0.022416890365414055
turning,one_class_svm_image_features,anomaly_score,3p5inchStickout_F_12-Jun-2017_rpm570_doc0p015_window_0002,3p5inchStickout/F_12-Jun-2017_rpm570_doc0p015,train,42,2,cv_evaluation,no_chatter,0,-0.3980686138605727
turning,one_class_svm_image_features,anomaly_score,3p5inchStickout_F_12-Jun-2017_rpm570_doc0p015_window_0003,3p5inchStickout/F_12-Jun-2017_rpm570_doc0p015,train,42,2,cv_evaluation,no_chatter,0,-0.21550208234358026
turning,one_class_svm_image_features,anomaly_score,3p5inchStickout_F_12-Jun-2017_rpm570_doc0p015_window_0004,3p5inchStickout/F_12-Jun-2017_rpm570_doc0p015,train,42,2,cv_evaluation,no_chatter,0,-0.09348412086783897
turning,one_class_svm_image_features,anomaly_score,3p5inchStickout_F_12-Jun-2017_rpm570_doc0p015_window_0005,3p5inchStickout/F_12-Jun-2017_rpm570_doc0p015,train,42,2,cv_evaluation,no_chatter,0,-0.18218466274101508
turning,one_class_svm_image_features,anomaly_score,3p5inchStickout_F_12-Jun-2017_rpm570_doc0p015_window_0006,3p5inchStickout/F_12-Jun-2017_rpm570_doc0p015,train,42,2,cv_evaluation,no_chatter,0,1.1791584216834
turning,one_class_svm_image_features,anomaly_score,3p5inchStickout_F_12-Jun-2017_rpm570_doc0p015_window_0007,3p5inchStickout/F_12-Jun-2017_rpm570_doc0p015,train,42,2,cv_evaluation,no_chatter,0,0.35329756160750203
turning,one_class_svm_image_features,anomaly_score,3p5inchStickout_F_12-Jun-2017_rpm570_doc0p015_window_0008,3p5inchStickout/F_12-Jun-2017_rpm570_doc0p015,train,42,2,cv_evaluation,no_chatter,0,0.2896863476833649
turning,one_class_svm_image_features,anomaly_score,3p5inchStickout_F_12-Jun-2017_rpm570_doc0p015_window_0009,3p5inchStickout/F_12-Jun-2017_rpm570_doc0p015,train,42,2,cv_evaluation,no_chatter,0,0.30676899047268025
turning,one_class_svm_image_features,anomaly_score,3p5inchStickout_F_12-Jun-2017_rpm570_doc0p030_window_0000,3p5inchStickout/F_12-Jun-2017_rpm570_doc0p030,train,42,2,cv_evaluation,no_chatter,0,-0.03481994548800538
turning,one_class_svm_image_features,anomaly_score,3p5inchStickout_F_12-Jun-2017_rpm570_doc0p030_window_0001,3p5inchStickout/F_12-Jun-2017_rpm570_doc0p030,test,42,2,cv_evaluation,no_chatter,0,-0.039107142008527385
turning,one_class_svm_image_features,anomaly_score,3p5inchStickout_F_12-Jun-2017_rpm570_doc0p030_window_0002,3p5inchStickout/F_12-Jun-2017_rpm570_doc0p030,train,42,2,cv_evaluation,no_chatter,0,0.03700306356735794
turning,one_class_svm_image_features,anomaly_score,3p5inchStickout_F_12-Jun-2017_rpm570_doc0p030_window_0003,3p5inchStickout/F_12-Jun-2017_rpm570_doc0p030,train,42,2,cv_evaluation,no_chatter,0,-0.22414871823660354
turning,one_class_svm_image_features,anomaly_score,3p5inchStickout_F_12-Jun-2017_rpm570_doc0p030_window_0004,3p5inchStickout/F_12-Jun-2017_rpm570_doc0p030,train,42,2,cv_evaluation,no_chatter,0,-0.16580640710296635
turning,one_class_svm_image_features,anomaly_score,3p5inchStickout_F_12-Jun-2017_rpm570_doc0p030_window_0005,3p5inchStickout/F_12-Jun-2017_rpm570_doc0p030,train,42,2,cv_evaluation,no_chatter,0,-0.031901915258486735
turning,one_class_svm_image_features,anomaly_score,3p5inchStickout_F_12-Jun-2017_rpm570_doc0p030_window_0006,3p5inchStickout/F_12-Jun-2017_rpm570_doc0p030,train,42,2,cv_evaluation,no_chatter,0,-0.1248464240009941
turning,one_class_svm_image_features,anomaly_score,3p5inchStickout_F_12-Jun-2017_rpm570_doc0p030_window_0007,3p5inchStickout/F_12-Jun-2017_rpm570_doc0p030,train,42,2,cv_evaluation,no_chatter,0,0.23859680732922373
turning,one_class_svm_image_features,anomaly_score,3p5inchStickout_F_12-Jun-2017_rpm570_doc0p030_window_0008,3p5inchStickout/F_12-Jun-2017_rpm570_doc0p030,train,42,2,cv_evaluation,no_chatter,0,0.9830778464833299
turning,one_class_svm_image_features,anomaly_score,3p5inchStickout_F_12-Jun-2017_rpm570_doc0p030_window_0009,3p5inchStickout/F_12-Jun-2017_rpm570_doc0p030,test,42,2,cv_evaluation,no_chatter,0,0.5121897589020743
turning,one_class_svm_image_features,anomaly_score,3p5inchStickout_F_14-Jun-2017_rpm770_doc0p008_window_0000,3p5inchStickout/F_14-Jun-2017_rpm770_doc0p008,train,42,2,cv_evaluation,no_chatter,0,-0.07008667002994118
turning,one_class_svm_image_features,anomaly_score,3p5inchStickout_F_14-Jun-2017_rpm770_doc0p008_window_0001,3p5inchStickout/F_14-Jun-2017_rpm770_doc0p008,train,42,2,cv_evaluation,no_chatter,0,-0.019327235138998144
turning,one_class_svm_image_features,anomaly_score,3p5inchStickout_F_14-Jun-2017_rpm770_doc0p008_window_0002,3p5inchStickout/F_14-Jun-2017_rpm770_doc0p008,train,42,2,cv_evaluation,no_chatter,0,-0.20794148946041346
turning,one_class_svm_image_features,anomaly_score,3p5inchStickout_F_14-Jun-2017_rpm770_doc0p008_window_0003,3p5inchStickout/F_14-Jun-2017_rpm770_doc0p008,test,42,2,cv_evaluation,no_chatter,0,-0.29731555528898657
turning,one_class_svm_image_features,anomaly_score,3p5inchStickout_F_14-Jun-2017_rpm770_doc0p015_window_0000,3p5inchStickout/F_14-Jun-2017_rpm770_doc0p015,validation,42,2,cv_evaluation,no_chatter,0,-0.08491851123404404
turning,one_class_svm_image_features,anomaly_score,3p5inchStickout_F_14-Jun-2017_rpm770_doc0p015_window_0001,3p5inchStickout/F_14-Jun-2017_rpm770_doc0p015,train,42,2,cv_evaluation,no_chatter,0,-0.02740204068289165
turning,one_class_svm_image_features,anomaly_score,3p5inchStickout_F_14-Jun-2017_rpm770_doc0p015_window_0002,3p5inchStickout/F_14-Jun-2017_rpm770_doc0p015,train,42,2,cv_evaluation,no_chatter,0,0.8154744406371844
turning,one_class_svm_image_features,anomaly_score,3p5inchStickout_F_14-Jun-2017_rpm770_doc0p015_window_0003,3p5inchStickout/F_14-Jun-2017_rpm770_doc0p015,validation,42,2,cv_evaluation,no_chatter,0,0.9205952943908298
turning,one_class_svm_image_features,anomaly_score,4p5inchStickout_F_12-Jun-2017_rpm570_doc0p005_window_0000,4p5inchStickout/F_12-Jun-2017_rpm570_doc0p005,validation,42,2,cv_evaluation,no_chatter,0,0.0021848501237915485
turning,one_class_svm_image_features,anomaly_score,4p5inchStickout_F_12-Jun-2017_rpm570_doc0p005_window_0001,4p5inchStickout/F_12-Jun-2017_rpm570_doc0p005,train,42,2,cv_evaluation,no_chatter,0,0.002100442976816108
turning,one_class_svm_image_features,anomaly_score,4p5inchStickout_F_12-Jun-2017_rpm570_doc0p005_window_0002,4p5inchStickout/F_12-Jun-2017_rpm570_doc0p005,validation,42,2,cv_evaluation,no_chatter,0,-0.00018123497566646662
turning,one_class_svm_image_features,anomaly_score,4p5inchStickout_F_12-Jun-2017_rpm570_doc0p005_window_0003,4p5inchStickout/F_12-Jun-2017_rpm570_doc0p005,train,42,2,cv_evaluation,no_chatter,0,-0.004460850412006057
turning,one_class_svm_image_features,anomaly_score,4p5inchStickout_F_12-Jun-2017_rpm570_doc0p005_window_0004,4p5inchStickout/F_12-Jun-2017_rpm570_doc0p005,train,42,2,cv_evaluation,no_chatter,0,-0.004613830248378914
turning,one_class_svm_image_features,anomaly_score,4p5inchStickout_F_12-Jun-2017_rpm570_doc0p005_window_0005,4p5inchStickout/F_12-Jun-2017_rpm570_doc0p005,validation,42,2,cv_evaluation,no_chatter,0,-0.0004566486941655068
turning,one_class_svm_image_features,anomaly_score,4p5inchStickout_F_12-Jun-2017_rpm570_doc0p005_window_0006,4p5inchStickout/F_12-Jun-2017_rpm570_doc0p005,train,42,2,cv_evaluation,no_chatter,0,-0.14725014861978747
turning,one_class_svm_image_features,anomaly_score,4p5inchStickout_F_12-Jun-2017_rpm570_doc0p005_window_0007,4p5inchStickout/F_12-Jun-2017_rpm570_doc0p005,train,42,2,cv_evaluation,no_chatter,0,-0.14301022840215682
turning,one_class_svm_image_features,anomaly_score,4p5inchStickout_F_12-Jun-2017_rpm570_doc0p005_window_0008,4p5inchStickout/F_12-Jun-2017_rpm570_doc0p005,train,42,2,cv_evaluation,no_chatter,0,-0.1465702662138677
turning,one_class_svm_image_features,anomaly_score,4p5inchStickout_F_12-Jun-2017_rpm570_doc0p005_window_0009,4p5inchStickout/F_12-Jun-2017_rpm570_doc0p005,train,42,2,cv_evaluation,no_chatter,0,-0.11701621264689188
turning,one_class_svm_image_features,anomaly_score,4p5inchStickout_F_12-Jun-2017_rpm570_doc0p005_window_0010,4p5inchStickout/F_12-Jun-2017_rpm570_doc0p005,train,42,2,cv_evaluation,no_chatter,0,-0.1477927433865147
turning,one_class_svm_image_features,anomaly_score,4p5inchStickout_F_12-Jun-2017_rpm570_doc0p005_window_0011,4p5inchStickout/F_12-Jun-2017_rpm570_doc0p005,train,42,2,cv_evaluation,no_chatter,0,-0.11065947694698108
turning,one_class_svm_image_features,anomaly_score,4p5inchStickout_F_13-Jun-2017_rpm1030_doc0p007_window_0000,4p5inchStickout/F_13-Jun-2017_rpm1030_doc0p007,train,42,2,cv_evaluation,no_chatter,0,-0.026634136383664853
turning,one_class_svm_image_features,anomaly_score,4p5inchStickout_F_13-Jun-2017_rpm1030_doc0p007_window_0001,4p5inchStickout/F_13-Jun-2017_rpm1030_doc0p007,train,42,2,cv_evaluation,no_chatter,0,-0.03991609694559495
turning,one_class_svm_image_features,anomaly_score,4p5inchStickout_F_13-Jun-2017_rpm1030_doc0p007_window_0002,4p5inchStickout/F_13-Jun-2017_rpm1030_doc0p007,train,42,2,cv_evaluation,no_chatter,0,-0.12966587280539876
turning,one_class_svm_image_features,anomaly_score,4p5inchStickout_F_13-Jun-2017_rpm1030_doc0p007_window_0003,4p5inchStickout/F_13-Jun-2017_rpm1030_doc0p007,train,42,2,cv_evaluation,no_chatter,0,-0.12763513969355889
turning,one_class_svm_image_features,anomaly_score,4p5inchStickout_F_13-Jun-2017_rpm770_doc0p010_window_0000,4p5inchStickout/F_13-Jun-2017_rpm770_doc0p010,train,42,2,cv_evaluation,no_chatter,0,-0.017330751833879
turning,one_class_svm_image_features,anomaly_score,4p5inchStickout_F_13-Jun-2017_rpm770_doc0p010_window_0001,4p5inchStickout/F_13-Jun-2017_rpm770_doc0p010,train,42,2,cv_evaluation,no_chatter,0,-0.04410579793565206
turning,one_class_svm_image_features,anomaly_score,4p5inchStickout_F_13-Jun-2017_rpm770_doc0p010_window_0002,4p5inchStickout/F_13-Jun-2017_rpm770_doc0p010,train,42,2,cv_evaluation,no_chatter,0,-0.17995485387428167
turning,one_class_svm_image_features,anomaly_score,4p5inchStickout_F_13-Jun-2017_rpm770_doc0p010_window_0003,4p5inchStickout/F_13-Jun-2017_rpm770_doc0p010,test,42,2,cv_evaluation,no_chatter,0,-0.17716284205930166
turning,one_class_svm_image_features,anomaly_score,4p5inchStickout_F_13-Jun-2017_rpm770_doc0p010_window_0004,4p5inchStickout/F_13-Jun-2017_rpm770_doc0p010,train,42,2,cv_evaluation,no_chatter,0,-0.10928769058919685
turning,one_class_svm_image_features,anomaly_score,4p5inchStickout_F_13-Jun-2017_rpm770_doc0p010_window_0005,4p5inchStickout/F_13-Jun-2017_rpm770_doc0p010,train,42,2,cv_evaluation,no_chatter,0,-0.08615001960441937
turning,isolation_forest_image_features,anomaly_score,2inchStickout_F_08-Jun-2017_rpm320_doc0p015_window_0000,2inchStickout/F_08-Jun-2017_rpm320_doc0p015,train,42,2,cv_evaluation,no_chatter,0,-0.12556396328326158
turning,isolation_forest_image_features,anomaly_score,2inchStickout_F_08-Jun-2017_rpm320_doc0p015_window_0001,2inchStickout/F_08-Jun-2017_rpm320_doc0p015,validation,42,2,cv_evaluation,no_chatter,0,-0.12055000049113468
turning,isolation_forest_image_features,anomaly_score,2inchStickout_F_08-Jun-2017_rpm320_doc0p015_window_0002,2inchStickout/F_08-Jun-2017_rpm320_doc0p015,train,42,2,cv_evaluation,no_chatter,0,-0.12644970212007184
turning,isolation_forest_image_features,anomaly_score,2inchStickout_F_08-Jun-2017_rpm320_doc0p015_window_0003,2inchStickout/F_08-Jun-2017_rpm320_doc0p015,validation,42,2,cv_evaluation,no_chatter,0,-0.11105609485767809
turning,isolation_forest_image_features,anomaly_score,2inchStickout_F_08-Jun-2017_rpm320_doc0p015_window_0004,2inchStickout/F_08-Jun-2017_rpm320_doc0p015,train,42,2,cv_evaluation,no_chatter,0,-0.10595975326647872
turning,isolation_forest_image_features,anomaly_score,2inchStickout_F_08-Jun-2017_rpm320_doc0p015_window_0005,2inchStickout/F_08-Jun-2017_rpm320_doc0p015,train,42,2,cv_evaluation,no_chatter,0,-0.12474006025920226
turning,isolation_forest_image_features,anomaly_score,2inchStickout_F_08-Jun-2017_rpm320_doc0p015_window_0006,2inchStickout/F_08-Jun-2017_rpm320_doc0p015,train,42,2,cv_evaluation,no_chatter,0,-0.11907696463291445
turning,isolation_forest_image_features,anomaly_score,2inchStickout_F_08-Jun-2017_rpm320_doc0p015_window_0007,2inchStickout/F_08-Jun-2017_rpm320_doc0p015,train,42,2,cv_evaluation,no_chatter,0,-0.12659611904032947
turning,isolation_forest_image_features,anomaly_score,2inchStickout_F_08-Jun-2017_rpm320_doc0p015_window_0008,2inchStickout/F_08-Jun-2017_rpm320_doc0p015,train,42,2,cv_evaluation,no_chatter,0,-0.12526033773460427
turning,isolation_forest_image_features,anomaly_score,2inchStickout_F_08-Jun-2017_rpm320_doc0p015_window_0009,2inchStickout/F_08-Jun-2017_rpm320_doc0p015,train,42,2,cv_evaluation,no_chatter,0,-0.12347117028067511
turning,isolation_forest_image_features,anomaly_score,2inchStickout_F_08-Jun-2017_rpm320_doc0p015_window_0010,2inchStickout/F_08-Jun-2017_rpm320_doc0p015,train,42,2,cv_evaluation,no_chatter,0,-0.12591712316794323
turning,isolation_forest_image_features,anomaly_score,2inchStickout_F_08-Jun-2017_rpm320_doc0p015_window_0011,2inchStickout/F_08-Jun-2017_rpm320_doc0p015,train,42,2,cv_evaluation,no_chatter,0,-0.126142659725211
turning,isolation_forest_image_features,anomaly_score,2inchStickout_F_08-Jun-2017_rpm320_doc0p015_window_0012,2inchStickout/F_08-Jun-2017_rpm320_doc0p015,train,42,2,cv_evaluation,no_chatter,0,-0.11853566647987734
turning,isolation_forest_image_features,anomaly_score,2inchStickout_F_08-Jun-2017_rpm320_doc0p015_window_0013,2inchStickout/F_08-Jun-2017_rpm320_doc0p015,validation,42,2,cv_evaluation,no_chatter,0,-0.11913339204241047
turning,isolation_forest_image_features,anomaly_score,2inchStickout_F_08-Jun-2017_rpm320_doc0p015_window_0014,2inchStickout/F_08-Jun-2017_rpm320_doc0p015,validation,42,2,cv_evaluation,no_chatter,0,-0.11681023601927804
turning,isolation_forest_image_features,anomaly_score,2inchStickout_F_08-Jun-2017_rpm320_doc0p015_window_0015,2inchStickout/F_08-Jun-2017_rpm320_doc0p015,train,42,2,cv_evaluation,no_chatter,0,-0.11843655255352609
turning,isolation_forest_image_features,anomaly_score,2inchStickout_F_08-Jun-2017_rpm320_doc0p015_window_0016,2inchStickout/F_08-Jun-2017_rpm320_doc0p015,train,42,2,cv_evaluation,no_chatter,0,-0.1176789565334197
turning,isolation_forest_image_features,anomaly_score,2inchStickout_F_08-Jun-2017_rpm320_doc0p015_window_0017,2inchStickout/F_08-Jun-2017_rpm320_doc0p015,train,42,2,cv_evaluation,no_chatter,0,-0.11950464129262806
turning,isolation_forest_image_features,anomaly_score,2inchStickout_F_08-Jun-2017_rpm320_doc0p015_window_0018,2inchStickout/F_08-Jun-2017_rpm320_doc0p015,train,42,2,cv_evaluation,no_chatter,0,-0.11719693843439066
turning,isolation_forest_image_features,anomaly_score,2inchStickout_F_08-Jun-2017_rpm320_doc0p015_window_0019,2inchStickout/F_08-Jun-2017_rpm320_doc0p015,train,42,2,cv_evaluation,no_chatter,0,-0.10890903579955796
turning,isolation_forest_image_features,anomaly_score,2inchStickout_F_08-Jun-2017_rpm320_doc0p015_window_0020,2inchStickout/F_08-Jun-2017_rpm320_doc0p015,train,42,2,cv_evaluation,no_chatter,0,-0.12647043960787502
turning,isolation_forest_image_features,anomaly_score,2inchStickout_F_08-Jun-2017_rpm320_doc0p015_window_0021,2inchStickout/F_08-Jun-2017_rpm320_doc0p015,train,42,2,cv_evaluation,no_chatter,0,-0.12069791680647407
turning,isolation_forest_image_features,anomaly_score,2inchStickout_F_08-Jun-2017_rpm320_doc0p015_window_0022,2inchStickout/F_08-Jun-2017_rpm320_doc0p015,train,42,2,cv_evaluation,no_chatter,0,-0.11624403973647773
turning,isolation_forest_image_features,anomaly_score,2inchStickout_F_08-Jun-2017_rpm320_doc0p015_window_0023,2inchStickout/F_08-Jun-2017_rpm320_doc0p015,train,42,2,cv_evaluation,no_chatter,0,-0.11024283229925852
turning,isolation_forest_image_features,anomaly_score,2inchStickout_F_08-Jun-2017_rpm320_doc0p050_window_0000,2inchStickout/F_08-Jun-2017_rpm320_doc0p050,train,42,2,cv_evaluation,no_chatter,0,-0.12580459148206125
turning,isolation_forest_image_features,anomaly_score,2inchStickout_F_08-Jun-2017_rpm320_doc0p050_window_0001,2inchStickout/F_08-Jun-2017_rpm320_doc0p050,train,42,2,cv_evaluation,no_chatter,0,-0.1278292628385435
turning,isolation_forest_image_features,anomaly_score,2inchStickout_F_08-Jun-2017_rpm320_doc0p050_window_0002,2inchStickout/F_08-Jun-2017_rpm320_doc0p050,train,42,2,cv_evaluation,no_chatter,0,-0.12678697542921258
turning,isolation_forest_image_features,anomaly_score,2inchStickout_F_08-Jun-2017_rpm320_doc0p050_window_0003,2inchStickout/F_08-Jun-2017_rpm320_doc0p050,test,42,2,cv_evaluation,no_chatter,0,-0.06219452615200438
turning,isolation_forest_image_features,anomaly_score,2inchStickout_F_08-Jun-2017_rpm320_doc0p050_window_0004,2inchStickout/F_08-Jun-2017_rpm320_doc0p050,train,42,2,cv_evaluation,no_chatter,0,-0.1282507715201418
turning,isolation_forest_image_features,anomaly_score,2inchStickout_F_08-Jun-2017_rpm320_doc0p050_window_0005,2inchStickout/F_08-Jun-2017_rpm320_doc0p050,train,42,2,cv_evaluation,no_chatter,0,-0.11831936656442321
turning,isolation_forest_image_features,anomaly_score,2inchStickout_F_08-Jun-2017_rpm320_doc0p050_window_0006,2inchStickout/F_08-Jun-2017_rpm320_doc0p050,train,42,2,cv_evaluation,no_chatter,0,-0.11055148461609599
turning,isolation_forest_image_features,anomaly_score,2inchStickout_F_08-Jun-2017_rpm320_doc0p050_window_0007,2inchStickout/F_08-Jun-2017_rpm320_doc0p050,train,42,2,cv_evaluation,no_chatter,0,-0.11607138721890364
turning,isolation_forest_image_features,anomaly_score,2inchStickout_F_08-Jun-2017_rpm320_doc0p050_window_0008,2inchStickout/F_08-Jun-2017_rpm320_doc0p050,test,42,2,cv_evaluation,no_chatter,0,-0.11881069754259249
turning,isolation_forest_image_features,anomaly_score,2inchStickout_F_08-Jun-2017_rpm320_doc0p050_window_0009,2inchStickout/F_08-Jun-2017_rpm320_doc0p050,test,42,2,cv_evaluation,no_chatter,0,-0.11786972154982683
turning,isolation_forest_image_features,anomaly_score,2inchStickout_F_08-Jun-2017_rpm320_doc0p050_window_0010,2inchStickout/F_08-Jun-2017_rpm320_doc0p050,train,42,2,cv_evaluation,no_chatter,0,-0.12178664264006861
turning,isolation_forest_image_features,anomaly_score,2inchStickout_F_08-Jun-2017_rpm320_doc0p050_window_0011,2inchStickout/F_08-Jun-2017_rpm320_doc0p050,train,42,2,cv_evaluation,no_chatter,0,-0.1151042078759561
turning,isolation_forest_image_features,anomaly_score,2inchStickout_F_08-Jun-2017_rpm320_doc0p050_window_0012,2inchStickout/F_08-Jun-2017_rpm320_doc0p050,test,42,2,cv_evaluation,no_chatter,0,-0.12443827166365817
turning,isolation_forest_image_features,anomaly_score,2inchStickout_F_08-Jun-2017_rpm320_doc0p050_window_0013,2inchStickout/F_08-Jun-2017_rpm320_doc0p050,test,42,2,cv_evaluation,no_chatter,0,-0.11328716338111655
turning,isolation_forest_image_features,anomaly_score,2inchStickout_F_08-Jun-2017_rpm320_doc0p050_window_0014,2inchStickout/F_08-Jun-2017_rpm320_doc0p050,test,42,2,cv_evaluation,no_chatter,0,-0.11096599365565007
turning,isolation_forest_image_features,anomaly_score,2inchStickout_F_08-Jun-2017_rpm320_doc0p050_window_0015,2inchStickout/F_08-Jun-2017_rpm320_doc0p050,train,42,2,cv_evaluation,no_chatter,0,-0.10220153898378043
turning,isolation_forest_image_features,anomaly_score,2inchStickout_F_08-Jun-2017_rpm320_doc0p050_window_0016,2inchStickout/F_08-Jun-2017_rpm320_doc0p050,train,42,2,cv_evaluation,no_chatter,0,-0.12130925254117708
turning,isolation_forest_image_features,anomaly_score,2inchStickout_F_08-Jun-2017_rpm320_doc0p050_window_0017,2inchStickout/F_08-Jun-2017_rpm320_doc0p050,test,42,2,cv_evaluation,no_chatter,0,-0.12759842847138125
turning,isolation_forest_image_features,anomaly_score,2inchStickout_F_08-Jun-2017_rpm320_doc0p050_window_0018,2inchStickout/F_08-Jun-2017_rpm320_doc0p050,train,42,2,cv_evaluation,no_chatter,0,-0.11565897531060654
turning,isolation_forest_image_features,anomaly_score,2inchStickout_F_08-Jun-2017_rpm320_doc0p050_window_0019,2inchStickout/F_08-Jun-2017_rpm320_doc0p050,train,42,2,cv_evaluation,no_chatter,0,-0.11104603064794183
turning,isolation_forest_image_features,anomaly_score,2inchStickout_F_08-Jun-2017_rpm320_doc0p050_window_0020,2inchStickout/F_08-Jun-2017_rpm320_doc0p050,train,42,2,cv_evaluation,no_chatter,0,-0.12146014510405356
turning,isolation_forest_image_features,anomaly_score,2inchStickout_F_08-Jun-2017_rpm320_doc0p050_window_0021,2inchStickout/F_08-Jun-2017_rpm320_doc0p050,train,42,2,cv_evaluation,no_chatter,0,-0.11591863083933673
turning,isolation_forest_image_features,anomaly_score,2inchStickout_F_08-Jun-2017_rpm320_doc0p050_window_0022,2inchStickout/F_08-Jun-2017_rpm320_doc0p050,test,42,2,cv_evaluation,no_chatter,0,-0.12886470243571962
turning,isolation_forest_image_features,anomaly_score,2inchStickout_F_08-Jun-2017_rpm320_doc0p050_window_0023,2inchStickout/F_08-Jun-2017_rpm320_doc0p050,test,42,2,cv_evaluation,no_chatter,0,-0.12325691744666806
turning,isolation_forest_image_features,anomaly_score,2inchStickout_F_08-Jun-2017_rpm570_doc0p001_window_0000,2inchStickout/F_08-Jun-2017_rpm570_doc0p001,train,42,2,cv_evaluation,no_chatter,0,-0.11668414372052932
turning,isolation_forest_image_features,anomaly_score,2inchStickout_F_08-Jun-2017_rpm570_doc0p001_window_0001,2inchStickout/F_08-Jun-2017_rpm570_doc0p001,validation,42,2,cv_evaluation,no_chatter,0,-0.04108608059940544
turning,isolation_forest_image_features,anomaly_score,2inchStickout_F_08-Jun-2017_rpm570_doc0p001_window_0002,2inchStickout/F_08-Jun-2017_rpm570_doc0p001,validation,42,2,cv_evaluation,chatter,1,0.10013432399568645
turning,isolation_forest_image_features,anomaly_score,2inchStickout_F_08-Jun-2017_rpm570_doc0p001_window_0003,2inchStickout/F_08-Jun-2017_rpm570_doc0p001,validation,42,2,cv_evaluation,chatter,1,0.1679067873233514
turning,isolation_forest_image_features,anomaly_score,2inchStickout_F_08-Jun-2017_rpm570_doc0p001_window_0004,2inchStickout/F_08-Jun-2017_rpm570_doc0p001,validation,42,2,cv_evaluation,chatter,1,0.18587564681566637
turning,isolation_forest_image_features,anomaly_score,2inchStickout_F_08-Jun-2017_rpm570_doc0p001_window_0005,2inchStickout/F_08-Jun-2017_rpm570_doc0p001,validation,42,2,cv_evaluation,chatter,1,0.19656161956747287
turning,isolation_forest_image_features,anomaly_score,2inchStickout_F_08-Jun-2017_rpm770_doc0p001_window_0000,2inchStickout/F_08-Jun-2017_rpm770_doc0p001,test,42,2,cv_evaluation,no_chatter,0,-0.1142390743152123
turning,isolation_forest_image_features,anomaly_score,2inchStickout_F_08-Jun-2017_rpm770_doc0p001_window_0001,2inchStickout/F_08-Jun-2017_rpm770_doc0p001,train,42,2,cv_evaluation,no_chatter,0,-0.015181618853530643
turning,isolation_forest_image_features,anomaly_score,2inchStickout_F_08-Jun-2017_rpm770_doc0p001_window_0002,2inchStickout/F_08-Jun-2017_rpm770_doc0p001,train,42,2,cv_evaluation,no_chatter,0,0.05867548549238133
turning,isolation_forest_image_features,anomaly_score,2inchStickout_F_08-Jun-2017_rpm770_doc0p001_window_0003,2inchStickout/F_08-Jun-2017_rpm770_doc0p001,train,42,2,cv_evaluation,no_chatter,0,0.0935057546671384
turning,isolation_forest_image_features,anomaly_score,2inchStickout_F_08-Jun-2017_rpm770_doc0p001_window_0004,2inchStickout/F_08-Jun-2017_rpm770_doc0p001,train,42,2,cv_evaluation,no_chatter,0,0.11818866008555962
turning,isolation_forest_image_features,anomaly_score,2inchStickout_F_08-Jun-2017_rpm770_doc0p001_window_0005,2inchStickout/F_08-Jun-2017_rpm770_doc0p001,train,42,2,cv_evaluation,no_chatter,0,0.1593996640338401
turning,isolation_forest_image_features,anomaly_score,2inchStickout_F_08-Jun-2017_rpm770_doc0p001_window_0006,2inchStickout/F_08-Jun-2017_rpm770_doc0p001,test,42,2,cv_evaluation,chatter,1,0.20012349956654418
turning,isolation_forest_image_features,anomaly_score,2inchStickout_F_08-Jun-2017_rpm770_doc0p001_window_0007,2inchStickout/F_08-Jun-2017_rpm770_doc0p001,test,42,2,cv_evaluation,chatter,1,0.22779149566748547
turning,isolation_forest_image_features,anomaly_score,2p5inchStickout_F_12-Jun-2017_rpm570_doc0p003_window_0000,2p5inchStickout/F_12-Jun-2017_rpm570_doc0p003,train,42,2,cv_evaluation,no_chatter,0,-0.11962046773295942
turning,isolation_forest_image_features,anomaly_score,2p5inchStickout_F_12-Jun-2017_rpm570_doc0p003_window_0001,2p5inchStickout/F_12-Jun-2017_rpm570_doc0p003,test,42,2,cv_evaluation,no_chatter,0,-0.08934129647220662
turning,isolation_forest_image_features,anomaly_score,2p5inchStickout_F_12-Jun-2017_rpm570_doc0p003_window_0002,2p5inchStickout/F_12-Jun-2017_rpm570_doc0p003,train,42,2,cv_evaluation,no_chatter,0,-0.09126897399346046
turning,isolation_forest_image_features,anomaly_score,2p5inchStickout_F_12-Jun-2017_rpm570_doc0p003_window_0003,2p5inchStickout/F_12-Jun-2017_rpm570_doc0p003,train,42,2,cv_evaluation,no_chatter,0,-0.06254360383509583
turning,isolation_forest_image_features,anomaly_score,2p5inchStickout_F_12-Jun-2017_rpm570_doc0p003_window_0004,2p5inchStickout/F_12-Jun-2017_rpm570_doc0p003,train,42,2,cv_evaluation,no_chatter,0,-0.07504237469017222
turning,isolation_forest_image_features,anomaly_score,2p5inchStickout_F_12-Jun-2017_rpm570_doc0p003_window_0005,2p5inchStickout/F_12-Jun-2017_rpm570_doc0p003,train,42,2,cv_evaluation,no_chatter,0,-0.09926211409270996
turning,isolation_forest_image_features,anomaly_score,2p5inchStickout_F_12-Jun-2017_rpm570_doc0p003_window_0006,2p5inchStickout/F_12-Jun-2017_rpm570_doc0p003,train,42,2,cv_evaluation,no_chatter,0,-0.06813804879010604
turning,isolation_forest_image_features,anomaly_score,2p5inchStickout_F_12-Jun-2017_rpm570_doc0p003_window_0007,2p5inchStickout/F_12-Jun-2017_rpm570_doc0p003,train,42,2,cv_evaluation,no_chatter,0,-0.048447810589819174
turning,isolation_forest_image_features,anomaly_score,2p5inchStickout_F_12-Jun-2017_rpm570_doc0p003_window_0008,2p5inchStickout/F_12-Jun-2017_rpm570_doc0p003,train,42,2,cv_evaluation,no_chatter,0,-0.05382959473466842
turning,isolation_forest_image_features,anomaly_score,2p5inchStickout_F_12-Jun-2017_rpm570_doc0p003_window_0009,2p5inchStickout/F_12-Jun-2017_rpm570_doc0p003,train,42,2,cv_evaluation,no_chatter,0,-0.08910854158306775
turning,isolation_forest_image_features,anomaly_score,2p5inchStickout_F_12-Jun-2017_rpm570_doc0p015_trial2_window_0000,2p5inchStickout/F_12-Jun-2017_rpm570_doc0p015_trial2,train,42,2,cv_evaluation,no_chatter,0,-0.11504328514970025
turning,isolation_forest_image_features,anomaly_score,2p5inchStickout_F_12-Jun-2017_rpm570_doc0p015_trial2_window_0001,2p5inchStickout/F_12-Jun-2017_rpm570_doc0p015_trial2,train,42,2,cv_evaluation,no_chatter,0,-0.08163447441091537
turning,isolation_forest_image_features,anomaly_score,2p5inchStickout_F_12-Jun-2017_rpm570_doc0p015_trial2_window_0002,2p5inchStickout/F_12-Jun-2017_rpm570_doc0p015_trial2,test,42,2,cv_evaluation,chatter,1,0.11738372784207074
turning,isolation_forest_image_features,anomaly_score,2p5inchStickout_F_12-Jun-2017_rpm570_doc0p015_trial2_window_0003,2p5inchStickout/F_12-Jun-2017_rpm570_doc0p015_trial2,test,42,2,cv_evaluation,chatter,1,0.22020826645986125
turning,isolation_forest_image_features,anomaly_score,2p5inchStickout_F_12-Jun-2017_rpm570_doc0p015_trial2_window_0004,2p5inchStickout/F_12-Jun-2017_rpm570_doc0p015_trial2,test,42,2,cv_evaluation,chatter,1,0.21014364822514198
turning,isolation_forest_image_features,anomaly_score,2p5inchStickout_F_12-Jun-2017_rpm570_doc0p015_trial2_window_0005,2p5inchStickout/F_12-Jun-2017_rpm570_doc0p015_trial2,test,42,2,cv_evaluation,chatter,1,0.18123519759481177
turning,isolation_forest_image_features,anomaly_score,3p5inchStickout_F_12-Jun-2017_rpm570_doc0p015_window_0000,3p5inchStickout/F_12-Jun-2017_rpm570_doc0p015,train,42,2,cv_evaluation,no_chatter,0,-0.059582583687596835
turning,isolation_forest_image_features,anomaly_score,3p5inchStickout_F_12-Jun-2017_rpm570_doc0p015_window_0001,3p5inchStickout/F_12-Jun-2017_rpm570_doc0p015,train,42,2,cv_evaluation,no_chatter,0,-0.006377164444865524
turning,isolation_forest_image_features,anomaly_score,3p5inchStickout_F_12-Jun-2017_rpm570_doc0p015_window_0002,3p5inchStickout/F_12-Jun-2017_rpm570_doc0p015,train,42,2,cv_evaluation,no_chatter,0,-0.04958841902839045
turning,isolation_forest_image_features,anomaly_score,3p5inchStickout_F_12-Jun-2017_rpm570_doc0p015_window_0003,3p5inchStickout/F_12-Jun-2017_rpm570_doc0p015,train,42,2,cv_evaluation,no_chatter,0,-0.02745098345630037
turning,isolation_forest_image_features,anomaly_score,3p5inchStickout_F_12-Jun-2017_rpm570_doc0p015_window_0004,3p5inchStickout/F_12-Jun-2017_rpm570_doc0p015,train,42,2,cv_evaluation,no_chatter,0,-0.03212146771330632
turning,isolation_forest_image_features,anomaly_score,3p5inchStickout_F_12-Jun-2017_rpm570_doc0p015_window_0005,3p5inchStickout/F_12-Jun-2017_rpm570_doc0p015,train,42,2,cv_evaluation,no_chatter,0,-0.027833532591191534
turning,isolation_forest_image_features,anomaly_score,3p5inchStickout_F_12-Jun-2017_rpm570_doc0p015_window_0006,3p5inchStickout/F_12-Jun-2017_rpm570_doc0p015,train,42,2,cv_evaluation,no_chatter,0,0.09864159086072555
turning,isolation_forest_image_features,anomaly_score,3p5inchStickout_F_12-Jun-2017_rpm570_doc0p015_window_0007,3p5inchStickout/F_12-Jun-2017_rpm570_doc0p015,train,42,2,cv_evaluation,no_chatter,0,0.04519526573084531
turning,isolation_forest_image_features,anomaly_score,3p5inchStickout_F_12-Jun-2017_rpm570_doc0p015_window_0008,3p5inchStickout/F_12-Jun-2017_rpm570_doc0p015,train,42,2,cv_evaluation,no_chatter,0,0.02136346793605559
turning,isolation_forest_image_features,anomaly_score,3p5inchStickout_F_12-Jun-2017_rpm570_doc0p015_window_0009,3p5inchStickout/F_12-Jun-2017_rpm570_doc0p015,train,42,2,cv_evaluation,no_chatter,0,0.024769496786975376
turning,isolation_forest_image_features,anomaly_score,3p5inchStickout_F_12-Jun-2017_rpm570_doc0p030_window_0000,3p5inchStickout/F_12-Jun-2017_rpm570_doc0p030,train,42,2,cv_evaluation,no_chatter,0,-0.05966149625862449
turning,isolation_forest_image_features,anomaly_score,3p5inchStickout_F_12-Jun-2017_rpm570_doc0p030_window_0001,3p5inchStickout/F_12-Jun-2017_rpm570_doc0p030,test,42,2,cv_evaluation,no_chatter,0,-0.060535294679690155
turning,isolation_forest_image_features,anomaly_score,3p5inchStickout_F_12-Jun-2017_rpm570_doc0p030_window_0002,3p5inchStickout/F_12-Jun-2017_rpm570_doc0p030,train,42,2,cv_evaluation,no_chatter,0,-0.014770178899743414
turning,isolation_forest_image_features,anomaly_score,3p5inchStickout_F_12-Jun-2017_rpm570_doc0p030_window_0003,3p5inchStickout/F_12-Jun-2017_rpm570_doc0p030,train,42,2,cv_evaluation,no_chatter,0,-0.05907123894776184
turning,isolation_forest_image_features,anomaly_score,3p5inchStickout_F_12-Jun-2017_rpm570_doc0p030_window_0004,3p5inchStickout/F_12-Jun-2017_rpm570_doc0p030,train,42,2,cv_evaluation,no_chatter,0,-0.03682509391729333
turning,isolation_forest_image_features,anomaly_score,3p5inchStickout_F_12-Jun-2017_rpm570_doc0p030_window_0005,3p5inchStickout/F_12-Jun-2017_rpm570_doc0p030,train,42,2,cv_evaluation,no_chatter,0,0.00963374849012244
turning,isolation_forest_image_features,anomaly_score,3p5inchStickout_F_12-Jun-2017_rpm570_doc0p030_window_0006,3p5inchStickout/F_12-Jun-2017_rpm570_doc0p030,train,42,2,cv_evaluation,no_chatter,0,-0.034290418009400914
turning,isolation_forest_image_features,anomaly_score,3p5inchStickout_F_12-Jun-2017_rpm570_doc0p030_window_0007,3p5inchStickout/F_12-Jun-2017_rpm570_doc0p030,train,42,2,cv_evaluation,no_chatter,0,0.007951014440702786
turning,isolation_forest_image_features,anomaly_score,3p5inchStickout_F_12-Jun-2017_rpm570_doc0p030_window_0008,3p5inchStickout/F_12-Jun-2017_rpm570_doc0p030,train,42,2,cv_evaluation,no_chatter,0,0.06852960839955458
turning,isolation_forest_image_features,anomaly_score,3p5inchStickout_F_12-Jun-2017_rpm570_doc0p030_window_0009,3p5inchStickout/F_12-Jun-2017_rpm570_doc0p030,test,42,2,cv_evaluation,no_chatter,0,0.04173628638072724
turning,isolation_forest_image_features,anomaly_score,3p5inchStickout_F_14-Jun-2017_rpm770_doc0p008_window_0000,3p5inchStickout/F_14-Jun-2017_rpm770_doc0p008,train,42,2,cv_evaluation,no_chatter,0,-0.05012917325335242
turning,isolation_forest_image_features,anomaly_score,3p5inchStickout_F_14-Jun-2017_rpm770_doc0p008_window_0001,3p5inchStickout/F_14-Jun-2017_rpm770_doc0p008,train,42,2,cv_evaluation,no_chatter,0,-0.0007124574953565888
turning,isolation_forest_image_features,anomaly_score,3p5inchStickout_F_14-Jun-2017_rpm770_doc0p008_window_0002,3p5inchStickout/F_14-Jun-2017_rpm770_doc0p008,train,42,2,cv_evaluation,no_chatter,0,-0.051509065355778594
turning,isolation_forest_image_features,anomaly_score,3p5inchStickout_F_14-Jun-2017_rpm770_doc0p008_window_0003,3p5inchStickout/F_14-Jun-2017_rpm770_doc0p008,test,42,2,cv_evaluation,no_chatter,0,-0.05870716502787027
turning,isolation_forest_image_features,anomaly_score,3p5inchStickout_F_14-Jun-2017_rpm770_doc0p015_window_0000,3p5inchStickout/F_14-Jun-2017_rpm770_doc0p015,validation,42,2,cv_evaluation,no_chatter,0,-0.05330148181974592
turning,isolation_forest_image_features,anomaly_score,3p5inchStickout_F_14-Jun-2017_rpm770_doc0p015_window_0001,3p5inchStickout/F_14-Jun-2017_rpm770_doc0p015,train,42,2,cv_evaluation,no_chatter,0,-0.017062701855672824
turning,isolation_forest_image_features,anomaly_score,3p5inchStickout_F_14-Jun-2017_rpm770_doc0p015_window_0002,3p5inchStickout/F_14-Jun-2017_rpm770_doc0p015,train,42,2,cv_evaluation,no_chatter,0,0.1120969324115233
turning,isolation_forest_image_features,anomaly_score,3p5inchStickout_F_14-Jun-2017_rpm770_doc0p015_window_0003,3p5inchStickout/F_14-Jun-2017_rpm770_doc0p015,validation,42,2,cv_evaluation,no_chatter,0,0.12536818469918487
turning,isolation_forest_image_features,anomaly_score,4p5inchStickout_F_12-Jun-2017_rpm570_doc0p005_window_0000,4p5inchStickout/F_12-Jun-2017_rpm570_doc0p005,validation,42,2,cv_evaluation,no_chatter,0,-0.060448563374201625
turning,isolation_forest_image_features,anomaly_score,4p5inchStickout_F_12-Jun-2017_rpm570_doc0p005_window_0001,4p5inchStickout/F_12-Jun-2017_rpm570_doc0p005,train,42,2,cv_evaluation,no_chatter,0,-0.05991498898205799
turning,isolation_forest_image_features,anomaly_score,4p5inchStickout_F_12-Jun-2017_rpm570_doc0p005_window_0002,4p5inchStickout/F_12-Jun-2017_rpm570_doc0p005,validation,42,2,cv_evaluation,no_chatter,0,-0.06271115858404419
turning,isolation_forest_image_features,anomaly_score,4p5inchStickout_F_12-Jun-2017_rpm570_doc0p005_window_0003,4p5inchStickout/F_12-Jun-2017_rpm570_doc0p005,train,42,2,cv_evaluation,no_chatter,0,-0.06609266180744933
turning,isolation_forest_image_features,anomaly_score,4p5inchStickout_F_12-Jun-2017_rpm570_doc0p005_window_0004,4p5inchStickout/F_12-Jun-2017_rpm570_doc0p005,train,42,2,cv_evaluation,no_chatter,0,-0.06800017226327737
turning,isolation_forest_image_features,anomaly_score,4p5inchStickout_F_12-Jun-2017_rpm570_doc0p005_window_0005,4p5inchStickout/F_12-Jun-2017_rpm570_doc0p005,validation,42,2,cv_evaluation,no_chatter,0,-0.03577978710915786
turning,isolation_forest_image_features,anomaly_score,4p5inchStickout_F_12-Jun-2017_rpm570_doc0p005_window_0006,4p5inchStickout/F_12-Jun-2017_rpm570_doc0p005,train,42,2,cv_evaluation,no_chatter,0,-0.05339670202909891
turning,isolation_forest_image_features,anomaly_score,4p5inchStickout_F_12-Jun-2017_rpm570_doc0p005_window_0007,4p5inchStickout/F_12-Jun-2017_rpm570_doc0p005,train,42,2,cv_evaluation,no_chatter,0,-0.076133250741727
turning,isolation_forest_image_features,anomaly_score,4p5inchStickout_F_12-Jun-2017_rpm570_doc0p005_window_0008,4p5inchStickout/F_12-Jun-2017_rpm570_doc0p005,train,42,2,cv_evaluation,no_chatter,0,-0.056065792967900374
turning,isolation_forest_image_features,anomaly_score,4p5inchStickout_F_12-Jun-2017_rpm570_doc0p005_window_0009,4p5inchStickout/F_12-Jun-2017_rpm570_doc0p005,train,42,2,cv_evaluation,no_chatter,0,-0.05303350638648857
turning,isolation_forest_image_features,anomaly_score,4p5inchStickout_F_12-Jun-2017_rpm570_doc0p005_window_0010,4p5inchStickout/F_12-Jun-2017_rpm570_doc0p005,train,42,2,cv_evaluation,no_chatter,0,-0.05212052708681869
turning,isolation_forest_image_features,anomaly_score,4p5inchStickout_F_12-Jun-2017_rpm570_doc0p005_window_0011,4p5inchStickout/F_12-Jun-2017_rpm570_doc0p005,train,42,2,cv_evaluation,no_chatter,0,-0.057096159168374794
turning,isolation_forest_image_features,anomaly_score,4p5inchStickout_F_13-Jun-2017_rpm1030_doc0p007_window_0000,4p5inchStickout/F_13-Jun-2017_rpm1030_doc0p007,train,42,2,cv_evaluation,no_chatter,0,-0.06776567830572006
turning,isolation_forest_image_features,anomaly_score,4p5inchStickout_F_13-Jun-2017_rpm1030_doc0p007_window_0001,4p5inchStickout/F_13-Jun-2017_rpm1030_doc0p007,train,42,2,cv_evaluation,no_chatter,0,-0.03269399993774175
turning,isolation_forest_image_features,anomaly_score,4p5inchStickout_F_13-Jun-2017_rpm1030_doc0p007_window_0002,4p5inchStickout/F_13-Jun-2017_rpm1030_doc0p007,train,42,2,cv_evaluation,no_chatter,0,-0.04106469132506285
turning,isolation_forest_image_features,anomaly_score,4p5inchStickout_F_13-Jun-2017_rpm1030_doc0p007_window_0003,4p5inchStickout/F_13-Jun-2017_rpm1030_doc0p007,train,42,2,cv_evaluation,no_chatter,0,-0.03415273583812767
turning,isolation_forest_image_features,anomaly_score,4p5inchStickout_F_13-Jun-2017_rpm770_doc0p010_window_0000,4p5inchStickout/F_13-Jun-2017_rpm770_doc0p010,train,42,2,cv_evaluation,no_chatter,0,-0.06735572747912405
turning,isolation_forest_image_features,anomaly_score,4p5inchStickout_F_13-Jun-2017_rpm770_doc0p010_window_0001,4p5inchStickout/F_13-Jun-2017_rpm770_doc0p010,train,42,2,cv_evaluation,no_chatter,0,-0.04092591654625277
turning,isolation_forest_image_features,anomaly_score,4p5inchStickout_F_13-Jun-2017_rpm770_doc0p010_window_0002,4p5inchStickout/F_13-Jun-2017_rpm770_doc0p010,train,42,2,cv_evaluation,no_chatter,0,-0.057158343513827314
turning,isolation_forest_image_features,anomaly_score,4p5inchStickout_F_13-Jun-2017_rpm770_doc0p010_window_0003,4p5inchStickout/F_13-Jun-2017_rpm770_doc0p010,test,42,2,cv_evaluation,no_chatter,0,-0.050224494213107096
turning,isolation_forest_image_features,anomaly_score,4p5inchStickout_F_13-Jun-2017_rpm770_doc0p010_window_0004,4p5inchStickout/F_13-Jun-2017_rpm770_doc0p010,train,42,2,cv_evaluation,no_chatter,0,-0.052118365614890805
turning,isolation_forest_image_features,anomaly_score,4p5inchStickout_F_13-Jun-2017_rpm770_doc0p010_window_0005,4p5inchStickout/F_13-Jun-2017_rpm770_doc0p010,train,42,2,cv_evaluation,no_chatter,0,-0.04313801213880897
turning,pca_image_reconstruction,reconstruction_mse,2inchStickout_F_08-Jun-2017_rpm320_doc0p015_window_0000,2inchStickout/F_08-Jun-2017_rpm320_doc0p015,train,42,2,cv_evaluation,no_chatter,0,1.5498722859774716e-05
turning,pca_image_reconstruction,reconstruction_mse,2inchStickout_F_08-Jun-2017_rpm320_doc0p015_window_0001,2inchStickout/F_08-Jun-2017_rpm320_doc0p015,validation,42,2,cv_evaluation,no_chatter,0,1.17920526463422e-05
turning,pca_image_reconstruction,reconstruction_mse,2inchStickout_F_08-Jun-2017_rpm320_doc0p015_window_0002,2inchStickout/F_08-Jun-2017_rpm320_doc0p015,train,42,2,cv_evaluation,no_chatter,0,1.4978285435063299e-05
turning,pca_image_reconstruction,reconstruction_mse,2inchStickout_F_08-Jun-2017_rpm320_doc0p015_window_0003,2inchStickout/F_08-Jun-2017_rpm320_doc0p015,validation,42,2,cv_evaluation,no_chatter,0,0.00021869642660021782
turning,pca_image_reconstruction,reconstruction_mse,2inchStickout_F_08-Jun-2017_rpm320_doc0p015_window_0004,2inchStickout/F_08-Jun-2017_rpm320_doc0p015,train,42,2,cv_evaluation,no_chatter,0,0.00044967758003622293
turning,pca_image_reconstruction,reconstruction_mse,2inchStickout_F_08-Jun-2017_rpm320_doc0p015_window_0005,2inchStickout/F_08-Jun-2017_rpm320_doc0p015,train,42,2,cv_evaluation,no_chatter,0,0.0004441670316737145
turning,pca_image_reconstruction,reconstruction_mse,2inchStickout_F_08-Jun-2017_rpm320_doc0p015_window_0006,2inchStickout/F_08-Jun-2017_rpm320_doc0p015,train,42,2,cv_evaluation,no_chatter,0,0.0004260939313098788
turning,pca_image_reconstruction,reconstruction_mse,2inchStickout_F_08-Jun-2017_rpm320_doc0p015_window_0007,2inchStickout/F_08-Jun-2017_rpm320_doc0p015,train,42,2,cv_evaluation,no_chatter,0,0.000254035898251459
turning,pca_image_reconstruction,reconstruction_mse,2inchStickout_F_08-Jun-2017_rpm320_doc0p015_window_0008,2inchStickout/F_08-Jun-2017_rpm320_doc0p015,train,42,2,cv_evaluation,no_chatter,0,0.00029040995286777616
turning,pca_image_reconstruction,reconstruction_mse,2inchStickout_F_08-Jun-2017_rpm320_doc0p015_window_0009,2inchStickout/F_08-Jun-2017_rpm320_doc0p015,train,42,2,cv_evaluation,no_chatter,0,0.0003727446310222149
turning,pca_image_reconstruction,reconstruction_mse,2inchStickout_F_08-Jun-2017_rpm320_doc0p015_window_0010,2inchStickout/F_08-Jun-2017_rpm320_doc0p015,train,42,2,cv_evaluation,no_chatter,0,0.00027734902687370777
turning,pca_image_reconstruction,reconstruction_mse,2inchStickout_F_08-Jun-2017_rpm320_doc0p015_window_0011,2inchStickout/F_08-Jun-2017_rpm320_doc0p015,train,42,2,cv_evaluation,no_chatter,0,0.0002714851580094546
turning,pca_image_reconstruction,reconstruction_mse,2inchStickout_F_08-Jun-2017_rpm320_doc0p015_window_0012,2inchStickout/F_08-Jun-2017_rpm320_doc0p015,train,42,2,cv_evaluation,no_chatter,0,0.00021168790408410132
turning,pca_image_reconstruction,reconstruction_mse,2inchStickout_F_08-Jun-2017_rpm320_doc0p015_window_0013,2inchStickout/F_08-Jun-2017_rpm320_doc0p015,validation,42,2,cv_evaluation,no_chatter,0,0.00026910231099464
turning,pca_image_reconstruction,reconstruction_mse,2inchStickout_F_08-Jun-2017_rpm320_doc0p015_window_0014,2inchStickout/F_08-Jun-2017_rpm320_doc0p015,validation,42,2,cv_evaluation,no_chatter,0,0.0004903750959783792
turning,pca_image_reconstruction,reconstruction_mse,2inchStickout_F_08-Jun-2017_rpm320_doc0p015_window_0015,2inchStickout/F_08-Jun-2017_rpm320_doc0p015,train,42,2,cv_evaluation,no_chatter,0,0.0002630822127684951
turning,pca_image_reconstruction,reconstruction_mse,2inchStickout_F_08-Jun-2017_rpm320_doc0p015_window_0016,2inchStickout/F_08-Jun-2017_rpm320_doc0p015,train,42,2,cv_evaluation,no_chatter,0,0.00029800491756759584
turning,pca_image_reconstruction,reconstruction_mse,2inchStickout_F_08-Jun-2017_rpm320_doc0p015_window_0017,2inchStickout/F_08-Jun-2017_rpm320_doc0p015,train,42,2,cv_evaluation,no_chatter,0,0.000245094473939389
turning,pca_image_reconstruction,reconstruction_mse,2inchStickout_F_08-Jun-2017_rpm320_doc0p015_window_0018,2inchStickout/F_08-Jun-2017_rpm320_doc0p015,train,42,2,cv_evaluation,no_chatter,0,0.0002633569238241762
turning,pca_image_reconstruction,reconstruction_mse,2inchStickout_F_08-Jun-2017_rpm320_doc0p015_window_0019,2inchStickout/F_08-Jun-2017_rpm320_doc0p015,train,42,2,cv_evaluation,no_chatter,0,0.0004035054298583418
turning,pca_image_reconstruction,reconstruction_mse,2inchStickout_F_08-Jun-2017_rpm320_doc0p015_window_0020,2inchStickout/F_08-Jun-2017_rpm320_doc0p015,train,42,2,cv_evaluation,no_chatter,0,0.00034888641675934196
turning,pca_image_reconstruction,reconstruction_mse,2inchStickout_F_08-Jun-2017_rpm320_doc0p015_window_0021,2inchStickout/F_08-Jun-2017_rpm320_doc0p015,train,42,2,cv_evaluation,no_chatter,0,0.00031565106473863125
turning,pca_image_reconstruction,reconstruction_mse,2inchStickout_F_08-Jun-2017_rpm320_doc0p015_window_0022,2inchStickout/F_08-Jun-2017_rpm320_doc0p015,train,42,2,cv_evaluation,no_chatter,0,0.00028977595502510667
turning,pca_image_reconstruction,reconstruction_mse,2inchStickout_F_08-Jun-2017_rpm320_doc0p015_window_0023,2inchStickout/F_08-Jun-2017_rpm320_doc0p015,train,42,2,cv_evaluation,no_chatter,0,0.0005339514464139938
turning,pca_image_reconstruction,reconstruction_mse,2inchStickout_F_08-Jun-2017_rpm320_doc0p050_window_0000,2inchStickout/F_08-Jun-2017_rpm320_doc0p050,train,42,2,cv_evaluation,no_chatter,0,1.694083766778931e-05
turning,pca_image_reconstruction,reconstruction_mse,2inchStickout_F_08-Jun-2017_rpm320_doc0p050_window_0001,2inchStickout/F_08-Jun-2017_rpm320_doc0p050,train,42,2,cv_evaluation,no_chatter,0,1.3479468179866672e-05
turning,pca_image_reconstruction,reconstruction_mse,2inchStickout_F_08-Jun-2017_rpm320_doc0p050_window_0002,2inchStickout/F_08-Jun-2017_rpm320_doc0p050,train,42,2,cv_evaluation,no_chatter,0,1.2935323866258841e-05
turning,pca_image_reconstruction,reconstruction_mse,2inchStickout_F_08-Jun-2017_rpm320_doc0p050_window_0003,2inchStickout/F_08-Jun-2017_rpm320_doc0p050,test,42,2,cv_evaluation,no_chatter,0,0.0011882036924362183
turning,pca_image_reconstruction,reconstruction_mse,2inchStickout_F_08-Jun-2017_rpm320_doc0p050_window_0004,2inchStickout/F_08-Jun-2017_rpm320_doc0p050,train,42,2,cv_evaluation,no_chatter,0,0.00030606635846197605
turning,pca_image_reconstruction,reconstruction_mse,2inchStickout_F_08-Jun-2017_rpm320_doc0p050_window_0005,2inchStickout/F_08-Jun-2017_rpm320_doc0p050,train,42,2,cv_evaluation,no_chatter,0,0.00029607434407807887
turning,pca_image_reconstruction,reconstruction_mse,2inchStickout_F_08-Jun-2017_rpm320_doc0p050_window_0006,2inchStickout/F_08-Jun-2017_rpm320_doc0p050,train,42,2,cv_evaluation,no_chatter,0,0.00029199282289482653
turning,pca_image_reconstruction,reconstruction_mse,2inchStickout_F_08-Jun-2017_rpm320_doc0p050_window_0007,2inchStickout/F_08-Jun-2017_rpm320_doc0p050,train,42,2,cv_evaluation,no_chatter,0,0.0003582326171454042
turning,pca_image_reconstruction,reconstruction_mse,2inchStickout_F_08-Jun-2017_rpm320_doc0p050_window_0008,2inchStickout/F_08-Jun-2017_rpm320_doc0p050,test,42,2,cv_evaluation,no_chatter,0,0.0002717927854973823
turning,pca_image_reconstruction,reconstruction_mse,2inchStickout_F_08-Jun-2017_rpm320_doc0p050_window_0009,2inchStickout/F_08-Jun-2017_rpm320_doc0p050,test,42,2,cv_evaluation,no_chatter,0,0.0003895398695021868
turning,pca_image_reconstruction,reconstruction_mse,2inchStickout_F_08-Jun-2017_rpm320_doc0p050_window_0010,2inchStickout/F_08-Jun-2017_rpm320_doc0p050,train,42,2,cv_evaluation,no_chatter,0,0.00038008939009159803
turning,pca_image_reconstruction,reconstruction_mse,2inchStickout_F_08-Jun-2017_rpm320_doc0p050_window_0011,2inchStickout/F_08-Jun-2017_rpm320_doc0p050,train,42,2,cv_evaluation,no_chatter,0,0.00036781749804504216
turning,pca_image_reconstruction,reconstruction_mse,2inchStickout_F_08-Jun-2017_rpm320_doc0p050_window_0012,2inchStickout/F_08-Jun-2017_rpm320_doc0p050,test,42,2,cv_evaluation,no_chatter,0,0.0002726967795751989
turning,pca_image_reconstruction,reconstruction_mse,2inchStickout_F_08-Jun-2017_rpm320_doc0p050_window_0013,2inchStickout/F_08-Jun-2017_rpm320_doc0p050,test,42,2,cv_evaluation,no_chatter,0,0.0005073679494671524
turning,pca_image_reconstruction,reconstruction_mse,2inchStickout_F_08-Jun-2017_rpm320_doc0p050_window_0014,2inchStickout/F_08-Jun-2017_rpm320_doc0p050,test,42,2,cv_evaluation,no_chatter,0,0.0003938743029721081
turning,pca_image_reconstruction,reconstruction_mse,2inchStickout_F_08-Jun-2017_rpm320_doc0p050_window_0015,2inchStickout/F_08-Jun-2017_rpm320_doc0p050,train,42,2,cv_evaluation,no_chatter,0,0.0005452605546452105
turning,pca_image_reconstruction,reconstruction_mse,2inchStickout_F_08-Jun-2017_rpm320_doc0p050_window_0016,2inchStickout/F_08-Jun-2017_rpm320_doc0p050,train,42,2,cv_evaluation,no_chatter,0,0.0003671234881039709
turning,pca_image_reconstruction,reconstruction_mse,2inchStickout_F_08-Jun-2017_rpm320_doc0p050_window_0017,2inchStickout/F_08-Jun-2017_rpm320_doc0p050,test,42,2,cv_evaluation,no_chatter,0,0.0003718433727044612
turning,pca_image_reconstruction,reconstruction_mse,2inchStickout_F_08-Jun-2017_rpm320_doc0p050_window_0018,2inchStickout/F_08-Jun-2017_rpm320_doc0p050,train,42,2,cv_evaluation,no_chatter,0,0.0003963826457038522
turning,pca_image_reconstruction,reconstruction_mse,2inchStickout_F_08-Jun-2017_rpm320_doc0p050_window_0019,2inchStickout/F_08-Jun-2017_rpm320_doc0p050,train,42,2,cv_evaluation,no_chatter,0,0.0006467160419560969
turning,pca_image_reconstruction,reconstruction_mse,2inchStickout_F_08-Jun-2017_rpm320_doc0p050_window_0020,2inchStickout/F_08-Jun-2017_rpm320_doc0p050,train,42,2,cv_evaluation,no_chatter,0,0.0003359417023602873
turning,pca_image_reconstruction,reconstruction_mse,2inchStickout_F_08-Jun-2017_rpm320_doc0p050_window_0021,2inchStickout/F_08-Jun-2017_rpm320_doc0p050,train,42,2,cv_evaluation,no_chatter,0,0.000389152584830299
turning,pca_image_reconstruction,reconstruction_mse,2inchStickout_F_08-Jun-2017_rpm320_doc0p050_window_0022,2inchStickout/F_08-Jun-2017_rpm320_doc0p050,test,42,2,cv_evaluation,no_chatter,0,0.0003624343953561038
turning,pca_image_reconstruction,reconstruction_mse,2inchStickout_F_08-Jun-2017_rpm320_doc0p050_window_0023,2inchStickout/F_08-Jun-2017_rpm320_doc0p050,test,42,2,cv_evaluation,no_chatter,0,0.0005108085460960865
turning,pca_image_reconstruction,reconstruction_mse,2inchStickout_F_08-Jun-2017_rpm570_doc0p001_window_0000,2inchStickout/F_08-Jun-2017_rpm570_doc0p001,train,42,2,cv_evaluation,no_chatter,0,1.9338162019266747e-05
turning,pca_image_reconstruction,reconstruction_mse,2inchStickout_F_08-Jun-2017_rpm570_doc0p001_window_0001,2inchStickout/F_08-Jun-2017_rpm570_doc0p001,validation,42,2,cv_evaluation,no_chatter,0,0.000711366010364145
turning,pca_image_reconstruction,reconstruction_mse,2inchStickout_F_08-Jun-2017_rpm570_doc0p001_window_0002,2inchStickout/F_08-Jun-2017_rpm570_doc0p001,validation,42,2,cv_evaluation,chatter,1,0.0011817459017038345
turning,pca_image_reconstruction,reconstruction_mse,2inchStickout_F_08-Jun-2017_rpm570_doc0p001_window_0003,2inchStickout/F_08-Jun-2017_rpm570_doc0p001,validation,42,2,cv_evaluation,chatter,1,0.0014607207849621773
turning,pca_image_reconstruction,reconstruction_mse,2inchStickout_F_08-Jun-2017_rpm570_doc0p001_window_0004,2inchStickout/F_08-Jun-2017_rpm570_doc0p001,validation,42,2,cv_evaluation,chatter,1,0.0014217508723959327
turning,pca_image_reconstruction,reconstruction_mse,2inchStickout_F_08-Jun-2017_rpm570_doc0p001_window_0005,2inchStickout/F_08-Jun-2017_rpm570_doc0p001,validation,42,2,cv_evaluation,chatter,1,0.0017654172843322158
turning,pca_image_reconstruction,reconstruction_mse,2inchStickout_F_08-Jun-2017_rpm770_doc0p001_window_0000,2inchStickout/F_08-Jun-2017_rpm770_doc0p001,test,42,2,cv_evaluation,no_chatter,0,2.2146239643916488e-05
turning,pca_image_reconstruction,reconstruction_mse,2inchStickout_F_08-Jun-2017_rpm770_doc0p001_window_0001,2inchStickout/F_08-Jun-2017_rpm770_doc0p001,train,42,2,cv_evaluation,no_chatter,0,0.000858353334479034
turning,pca_image_reconstruction,reconstruction_mse,2inchStickout_F_08-Jun-2017_rpm770_doc0p001_window_0002,2inchStickout/F_08-Jun-2017_rpm770_doc0p001,train,42,2,cv_evaluation,no_chatter,0,0.000897854333743453
turning,pca_image_reconstruction,reconstruction_mse,2inchStickout_F_08-Jun-2017_rpm770_doc0p001_window_0003,2inchStickout/F_08-Jun-2017_rpm770_doc0p001,train,42,2,cv_evaluation,no_chatter,0,0.0007122954702936113
turning,pca_image_reconstruction,reconstruction_mse,2inchStickout_F_08-Jun-2017_rpm770_doc0p001_window_0004,2inchStickout/F_08-Jun-2017_rpm770_doc0p001,train,42,2,cv_evaluation,no_chatter,0,0.0009333054767921567
turning,pca_image_reconstruction,reconstruction_mse,2inchStickout_F_08-Jun-2017_rpm770_doc0p001_window_0005,2inchStickout/F_08-Jun-2017_rpm770_doc0p001,train,42,2,cv_evaluation,no_chatter,0,0.0011584380408748984
turning,pca_image_reconstruction,reconstruction_mse,2inchStickout_F_08-Jun-2017_rpm770_doc0p001_window_0006,2inchStickout/F_08-Jun-2017_rpm770_doc0p001,test,42,2,cv_evaluation,chatter,1,0.002170420018956065
turning,pca_image_reconstruction,reconstruction_mse,2inchStickout_F_08-Jun-2017_rpm770_doc0p001_window_0007,2inchStickout/F_08-Jun-2017_rpm770_doc0p001,test,42,2,cv_evaluation,chatter,1,0.0035182377323508263
turning,pca_image_reconstruction,reconstruction_mse,2p5inchStickout_F_12-Jun-2017_rpm570_doc0p003_window_0000,2p5inchStickout/F_12-Jun-2017_rpm570_doc0p003,train,42,2,cv_evaluation,no_chatter,0,0.00012157393939560279
turning,pca_image_reconstruction,reconstruction_mse,2p5inchStickout_F_12-Jun-2017_rpm570_doc0p003_window_0001,2p5inchStickout/F_12-Jun-2017_rpm570_doc0p003,test,42,2,cv_evaluation,no_chatter,0,0.0003698431537486613
turning,pca_image_reconstruction,reconstruction_mse,2p5inchStickout_F_12-Jun-2017_rpm570_doc0p003_window_0002,2p5inchStickout/F_12-Jun-2017_rpm570_doc0p003,train,42,2,cv_evaluation,no_chatter,0,0.00037745837471447885
turning,pca_image_reconstruction,reconstruction_mse,2p5inchStickout_F_12-Jun-2017_rpm570_doc0p003_window_0003,2p5inchStickout/F_12-Jun-2017_rpm570_doc0p003,train,42,2,cv_evaluation,no_chatter,0,0.0018129972741007805
turning,pca_image_reconstruction,reconstruction_mse,2p5inchStickout_F_12-Jun-2017_rpm570_doc0p003_window_0004,2p5inchStickout/F_12-Jun-2017_rpm570_doc0p003,train,42,2,cv_evaluation,no_chatter,0,0.0011063789715990424
turning,pca_image_reconstruction,reconstruction_mse,2p5inchStickout_F_12-Jun-2017_rpm570_doc0p003_window_0005,2p5inchStickout/F_12-Jun-2017_rpm570_doc0p003,train,42,2,cv_evaluation,no_chatter,0,0.0004428056417964399
turning,pca_image_reconstruction,reconstruction_mse,2p5inchStickout_F_12-Jun-2017_rpm570_doc0p003_window_0006,2p5inchStickout/F_12-Jun-2017_rpm570_doc0p003,train,42,2,cv_evaluation,no_chatter,0,0.00048236572183668613
turning,pca_image_reconstruction,reconstruction_mse,2p5inchStickout_F_12-Jun-2017_rpm570_doc0p003_window_0007,2p5inchStickout/F_12-Jun-2017_rpm570_doc0p003,train,42,2,cv_evaluation,no_chatter,0,0.0011042059632018209
turning,pca_image_reconstruction,reconstruction_mse,2p5inchStickout_F_12-Jun-2017_rpm570_doc0p003_window_0008,2p5inchStickout/F_12-Jun-2017_rpm570_doc0p003,train,42,2,cv_evaluation,no_chatter,0,0.0006175638409331441
turning,pca_image_reconstruction,reconstruction_mse,2p5inchStickout_F_12-Jun-2017_rpm570_doc0p003_window_0009,2p5inchStickout/F_12-Jun-2017_rpm570_doc0p003,train,42,2,cv_evaluation,no_chatter,0,0.000550467986613512
turning,pca_image_reconstruction,reconstruction_mse,2p5inchStickout_F_12-Jun-2017_rpm570_doc0p015_trial2_window_0000,2p5inchStickout/F_12-Jun-2017_rpm570_doc0p015_trial2,train,42,2,cv_evaluation,no_chatter,0,0.00011379130592104048
turning,pca_image_reconstruction,reconstruction_mse,2p5inchStickout_F_12-Jun-2017_rpm570_doc0p015_trial2_window_0001,2p5inchStickout/F_12-Jun-2017_rpm570_doc0p015_trial2,train,42,2,cv_evaluation,no_chatter,0,0.0004886746173724532
turning,pca_image_reconstruction,reconstruction_mse,2p5inchStickout_F_12-Jun-2017_rpm570_doc0p015_trial2_window_0002,2p5inchStickout/F_12-Jun-2017_rpm570_doc0p015_trial2,test,42,2,cv_evaluation,chatter,1,0.001946327742189169
turning,pca_image_reconstruction,reconstruction_mse,2p5inchStickout_F_12-Jun-2017_rpm570_doc0p015_trial2_window_0003,2p5inchStickout/F_12-Jun-2017_rpm570_doc0p015_trial2,test,42,2,cv_evaluation,chatter,1,0.001868469757027924
turning,pca_image_reconstruction,reconstruction_mse,2p5inchStickout_F_12-Jun-2017_rpm570_doc0p015_trial2_window_0004,2p5inchStickout/F_12-Jun-2017_rpm570_doc0p015_trial2,test,42,2,cv_evaluation,chatter,1,0.001995947677642107
turning,pca_image_reconstruction,reconstruction_mse,2p5inchStickout_F_12-Jun-2017_rpm570_doc0p015_trial2_window_0005,2p5inchStickout/F_12-Jun-2017_rpm570_doc0p015_trial2,test,42,2,cv_evaluation,chatter,1,0.0024694849271327257
turning,pca_image_reconstruction,reconstruction_mse,3p5inchStickout_F_12-Jun-2017_rpm570_doc0p015_window_0000,3p5inchStickout/F_12-Jun-2017_rpm570_doc0p015,train,42,2,cv_evaluation,no_chatter,0,1.0698649020923767e-05
turning,pca_image_reconstruction,reconstruction_mse,3p5inchStickout_F_12-Jun-2017_rpm570_doc0p015_window_0001,3p5inchStickout/F_12-Jun-2017_rpm570_doc0p015,train,42,2,cv_evaluation,no_chatter,0,0.0007817765581421554
turning,pca_image_reconstruction,reconstruction_mse,3p5inchStickout_F_12-Jun-2017_rpm570_doc0p015_window_0002,3p5inchStickout/F_12-Jun-2017_rpm570_doc0p015,train,42,2,cv_evaluation,no_chatter,0,0.0008463934645988047
turning,pca_image_reconstruction,reconstruction_mse,3p5inchStickout_F_12-Jun-2017_rpm570_doc0p015_window_0003,3p5inchStickout/F_12-Jun-2017_rpm570_doc0p015,train,42,2,cv_evaluation,no_chatter,0,0.0011423190589994192
turning,pca_image_reconstruction,reconstruction_mse,3p5inchStickout_F_12-Jun-2017_rpm570_doc0p015_window_0004,3p5inchStickout/F_12-Jun-2017_rpm570_doc0p015,train,42,2,cv_evaluation,no_chatter,0,0.000860480300616473
turning,pca_image_reconstruction,reconstruction_mse,3p5inchStickout_F_12-Jun-2017_rpm570_doc0p015_window_0005,3p5inchStickout/F_12-Jun-2017_rpm570_doc0p015,train,42,2,cv_evaluation,no_chatter,0,0.0010956438491120934
turning,pca_image_reconstruction,reconstruction_mse,3p5inchStickout_F_12-Jun-2017_rpm570_doc0p015_window_0006,3p5inchStickout/F_12-Jun-2017_rpm570_doc0p015,train,42,2,cv_evaluation,no_chatter,0,0.004155653528869152
turning,pca_image_reconstruction,reconstruction_mse,3p5inchStickout_F_12-Jun-2017_rpm570_doc0p015_window_0007,3p5inchStickout/F_12-Jun-2017_rpm570_doc0p015,train,42,2,cv_evaluation,no_chatter,0,0.0024534694384783506
turning,pca_image_reconstruction,reconstruction_mse,3p5inchStickout_F_12-Jun-2017_rpm570_doc0p015_window_0008,3p5inchStickout/F_12-Jun-2017_rpm570_doc0p015,train,42,2,cv_evaluation,no_chatter,0,0.0018066734774038196
turning,pca_image_reconstruction,reconstruction_mse,3p5inchStickout_F_12-Jun-2017_rpm570_doc0p015_window_0009,3p5inchStickout/F_12-Jun-2017_rpm570_doc0p015,train,42,2,cv_evaluation,no_chatter,0,0.0019624389242380857
turning,pca_image_reconstruction,reconstruction_mse,3p5inchStickout_F_12-Jun-2017_rpm570_doc0p030_window_0000,3p5inchStickout/F_12-Jun-2017_rpm570_doc0p030,train,42,2,cv_evaluation,no_chatter,0,1.101473480957793e-05
turning,pca_image_reconstruction,reconstruction_mse,3p5inchStickout_F_12-Jun-2017_rpm570_doc0p030_window_0001,3p5inchStickout/F_12-Jun-2017_rpm570_doc0p030,test,42,2,cv_evaluation,no_chatter,0,1.0778475370898377e-05
turning,pca_image_reconstruction,reconstruction_mse,3p5inchStickout_F_12-Jun-2017_rpm570_doc0p030_window_0002,3p5inchStickout/F_12-Jun-2017_rpm570_doc0p030,train,42,2,cv_evaluation,no_chatter,0,0.000996406888589263
turning,pca_image_reconstruction,reconstruction_mse,3p5inchStickout_F_12-Jun-2017_rpm570_doc0p030_window_0003,3p5inchStickout/F_12-Jun-2017_rpm570_doc0p030,train,42,2,cv_evaluation,no_chatter,0,0.0005232355324551463
turning,pca_image_reconstruction,reconstruction_mse,3p5inchStickout_F_12-Jun-2017_rpm570_doc0p030_window_0004,3p5inchStickout/F_12-Jun-2017_rpm570_doc0p030,train,42,2,cv_evaluation,no_chatter,0,0.000820780813228339
turning,pca_image_reconstruction,reconstruction_mse,3p5inchStickout_F_12-Jun-2017_rpm570_doc0p030_window_0005,3p5inchStickout/F_12-Jun-2017_rpm570_doc0p030,train,42,2,cv_evaluation,no_chatter,0,0.0008842164534144104
turning,pca_image_reconstruction,reconstruction_mse,3p5inchStickout_F_12-Jun-2017_rpm570_doc0p030_window_0006,3p5inchStickout/F_12-Jun-2017_rpm570_doc0p030,train,42,2,cv_evaluation,no_chatter,0,0.0007685318123549223
turning,pca_image_reconstruction,reconstruction_mse,3p5inchStickout_F_12-Jun-2017_rpm570_doc0p030_window_0007,3p5inchStickout/F_12-Jun-2017_rpm570_doc0p030,train,42,2,cv_evaluation,no_chatter,0,0.0016226923326030374
turning,pca_image_reconstruction,reconstruction_mse,3p5inchStickout_F_12-Jun-2017_rpm570_doc0p030_window_0008,3p5inchStickout/F_12-Jun-2017_rpm570_doc0p030,train,42,2,cv_evaluation,no_chatter,0,0.0030843806453049183
turning,pca_image_reconstruction,reconstruction_mse,3p5inchStickout_F_12-Jun-2017_rpm570_doc0p030_window_0009,3p5inchStickout/F_12-Jun-2017_rpm570_doc0p030,test,42,2,cv_evaluation,no_chatter,0,0.002142104087397456
turning,pca_image_reconstruction,reconstruction_mse,3p5inchStickout_F_14-Jun-2017_rpm770_doc0p008_window_0000,3p5inchStickout/F_14-Jun-2017_rpm770_doc0p008,train,42,2,cv_evaluation,no_chatter,0,2.376627890043892e-05
turning,pca_image_reconstruction,reconstruction_mse,3p5inchStickout_F_14-Jun-2017_rpm770_doc0p008_window_0001,3p5inchStickout/F_14-Jun-2017_rpm770_doc0p008,train,42,2,cv_evaluation,no_chatter,0,0.0006582894711755216
turning,pca_image_reconstruction,reconstruction_mse,3p5inchStickout_F_14-Jun-2017_rpm770_doc0p008_window_0002,3p5inchStickout/F_14-Jun-2017_rpm770_doc0p008,train,42,2,cv_evaluation,no_chatter,0,0.0007484466768801212
turning,pca_image_reconstruction,reconstruction_mse,3p5inchStickout_F_14-Jun-2017_rpm770_doc0p008_window_0003,3p5inchStickout/F_14-Jun-2017_rpm770_doc0p008,test,42,2,cv_evaluation,no_chatter,0,0.000592854805290699
turning,pca_image_reconstruction,reconstruction_mse,3p5inchStickout_F_14-Jun-2017_rpm770_doc0p015_window_0000,3p5inchStickout/F_14-Jun-2017_rpm770_doc0p015,validation,42,2,cv_evaluation,no_chatter,0,2.7266516553936526e-05
turning,pca_image_reconstruction,reconstruction_mse,3p5inchStickout_F_14-Jun-2017_rpm770_doc0p015_window_0001,3p5inchStickout/F_14-Jun-2017_rpm770_doc0p015,train,42,2,cv_evaluation,no_chatter,0,0.0007668743492104113
turning,pca_image_reconstruction,reconstruction_mse,3p5inchStickout_F_14-Jun-2017_rpm770_doc0p015_window_0002,3p5inchStickout/F_14-Jun-2017_rpm770_doc0p015,train,42,2,cv_evaluation,no_chatter,0,0.0019347673514857888
turning,pca_image_reconstruction,reconstruction_mse,3p5inchStickout_F_14-Jun-2017_rpm770_doc0p015_window_0003,3p5inchStickout/F_14-Jun-2017_rpm770_doc0p015,validation,42,2,cv_evaluation,no_chatter,0,0.002316604135558009
turning,pca_image_reconstruction,reconstruction_mse,4p5inchStickout_F_12-Jun-2017_rpm570_doc0p005_window_0000,4p5inchStickout/F_12-Jun-2017_rpm570_doc0p005,validation,42,2,cv_evaluation,no_chatter,0,1.0562642273725942e-05
turning,pca_image_reconstruction,reconstruction_mse,4p5inchStickout_F_12-Jun-2017_rpm570_doc0p005_window_0001,4p5inchStickout/F_12-Jun-2017_rpm570_doc0p005,train,42,2,cv_evaluation,no_chatter,0,1.0398155609436799e-05
turning,pca_image_reconstruction,reconstruction_mse,4p5inchStickout_F_12-Jun-2017_rpm570_doc0p005_window_0002,4p5inchStickout/F_12-Jun-2017_rpm570_doc0p005,validation,42,2,cv_evaluation,no_chatter,0,1.0159335943171754e-05
turning,pca_image_reconstruction,reconstruction_mse,4p5inchStickout_F_12-Jun-2017_rpm570_doc0p005_window_0003,4p5inchStickout/F_12-Jun-2017_rpm570_doc0p005,train,42,2,cv_evaluation,no_chatter,0,9.583011888025794e-06
turning,pca_image_reconstruction,reconstruction_mse,4p5inchStickout_F_12-Jun-2017_rpm570_doc0p005_window_0004,4p5inchStickout/F_12-Jun-2017_rpm570_doc0p005,train,42,2,cv_evaluation,no_chatter,0,9.570300790073816e-06
turning,pca_image_reconstruction,reconstruction_mse,4p5inchStickout_F_12-Jun-2017_rpm570_doc0p005_window_0005,4p5inchStickout/F_12-Jun-2017_rpm570_doc0p005,validation,42,2,cv_evaluation,no_chatter,0,0.00034242941183038056
turning,pca_image_reconstruction,reconstruction_mse,4p5inchStickout_F_12-Jun-2017_rpm570_doc0p005_window_0006,4p5inchStickout/F_12-Jun-2017_rpm570_doc0p005,train,42,2,cv_evaluation,no_chatter,0,0.0003490364761091769
turning,pca_image_reconstruction,reconstruction_mse,4p5inchStickout_F_12-Jun-2017_rpm570_doc0p005_window_0007,4p5inchStickout/F_12-Jun-2017_rpm570_doc0p005,train,42,2,cv_evaluation,no_chatter,0,0.00037940259790048003
turning,pca_image_reconstruction,reconstruction_mse,4p5inchStickout_F_12-Jun-2017_rpm570_doc0p005_window_0008,4p5inchStickout/F_12-Jun-2017_rpm570_doc0p005,train,42,2,cv_evaluation,no_chatter,0,0.0003699170483741909
turning,pca_image_reconstruction,reconstruction_mse,4p5inchStickout_F_12-Jun-2017_rpm570_doc0p005_window_0009,4p5inchStickout/F_12-Jun-2017_rpm570_doc0p005,train,42,2,cv_evaluation,no_chatter,0,0.0004519385693129152
turning,pca_image_reconstruction,reconstruction_mse,4p5inchStickout_F_12-Jun-2017_rpm570_doc0p005_window_0010,4p5inchStickout/F_12-Jun-2017_rpm570_doc0p005,train,42,2,cv_evaluation,no_chatter,0,0.0005453540943562984
turning,pca_image_reconstruction,reconstruction_mse,4p5inchStickout_F_12-Jun-2017_rpm570_doc0p005_window_0011,4p5inchStickout/F_12-Jun-2017_rpm570_doc0p005,train,42,2,cv_evaluation,no_chatter,0,0.000458105729194358
turning,pca_image_reconstruction,reconstruction_mse,4p5inchStickout_F_13-Jun-2017_rpm1030_doc0p007_window_0000,4p5inchStickout/F_13-Jun-2017_rpm1030_doc0p007,train,42,2,cv_evaluation,no_chatter,0,1.1112755601061508e-05
turning,pca_image_reconstruction,reconstruction_mse,4p5inchStickout_F_13-Jun-2017_rpm1030_doc0p007_window_0001,4p5inchStickout/F_13-Jun-2017_rpm1030_doc0p007,train,42,2,cv_evaluation,no_chatter,0,0.0007064082892611623
turning,pca_image_reconstruction,reconstruction_mse,4p5inchStickout_F_13-Jun-2017_rpm1030_doc0p007_window_0002,4p5inchStickout/F_13-Jun-2017_rpm1030_doc0p007,train,42,2,cv_evaluation,no_chatter,0,0.0007631902699358761
turning,pca_image_reconstruction,reconstruction_mse,4p5inchStickout_F_13-Jun-2017_rpm1030_doc0p007_window_0003,4p5inchStickout/F_13-Jun-2017_rpm1030_doc0p007,train,42,2,cv_evaluation,no_chatter,0,0.001246582018211484
turning,pca_image_reconstruction,reconstruction_mse,4p5inchStickout_F_13-Jun-2017_rpm770_doc0p010_window_0000,4p5inchStickout/F_13-Jun-2017_rpm770_doc0p010,train,42,2,cv_evaluation,no_chatter,0,1.0643432688084431e-05
turning,pca_image_reconstruction,reconstruction_mse,4p5inchStickout_F_13-Jun-2017_rpm770_doc0p010_window_0001,4p5inchStickout/F_13-Jun-2017_rpm770_doc0p010,train,42,2,cv_evaluation,no_chatter,0,2.916053927037865e-05
turning,pca_image_reconstruction,reconstruction_mse,4p5inchStickout_F_13-Jun-2017_rpm770_doc0p010_window_0002,4p5inchStickout/F_13-Jun-2017_rpm770_doc0p010,train,42,2,cv_evaluation,no_chatter,0,0.0006185671081766486
turning,pca_image_reconstruction,reconstruction_mse,4p5inchStickout_F_13-Jun-2017_rpm770_doc0p010_window_0003,4p5inchStickout/F_13-Jun-2017_rpm770_doc0p010,test,42,2,cv_evaluation,no_chatter,0,0.0008174242684617639
turning,pca_image_reconstruction,reconstruction_mse,4p5inchStickout_F_13-Jun-2017_rpm770_doc0p010_window_0004,4p5inchStickout/F_13-Jun-2017_rpm770_doc0p010,train,42,2,cv_evaluation,no_chatter,0,0.0008769477717578411
turning,pca_image_reconstruction,reconstruction_mse,4p5inchStickout_F_13-Jun-2017_rpm770_doc0p010_window_0005,4p5inchStickout/F_13-Jun-2017_rpm770_doc0p010,train,42,2,cv_evaluation,no_chatter,0,0.0006675699260085821
turning,one_class_svm_image_features,anomaly_score,2inchStickout_F_08-Jun-2017_rpm320_doc0p035_window_0000,2inchStickout/F_08-Jun-2017_rpm320_doc0p035,train,42,3,cv_evaluation,no_chatter,0,-0.08364990580243825
turning,one_class_svm_image_features,anomaly_score,2inchStickout_F_08-Jun-2017_rpm320_doc0p035_window_0001,2inchStickout/F_08-Jun-2017_rpm320_doc0p035,train,42,3,cv_evaluation,no_chatter,0,-0.08657186677327666
turning,one_class_svm_image_features,anomaly_score,2inchStickout_F_08-Jun-2017_rpm320_doc0p035_window_0002,2inchStickout/F_08-Jun-2017_rpm320_doc0p035,train,42,3,cv_evaluation,no_chatter,0,-0.09035703417760765
turning,one_class_svm_image_features,anomaly_score,2inchStickout_F_08-Jun-2017_rpm320_doc0p035_window_0003,2inchStickout/F_08-Jun-2017_rpm320_doc0p035,validation,42,3,cv_evaluation,no_chatter,0,-0.15893258936881938
turning,one_class_svm_image_features,anomaly_score,2inchStickout_F_08-Jun-2017_rpm320_doc0p035_window_0004,2inchStickout/F_08-Jun-2017_rpm320_doc0p035,train,42,3,cv_evaluation,no_chatter,0,-0.2699165472882945
turning,one_class_svm_image_features,anomaly_score,2inchStickout_F_08-Jun-2017_rpm320_doc0p035_window_0005,2inchStickout/F_08-Jun-2017_rpm320_doc0p035,train,42,3,cv_evaluation,no_chatter,0,-0.35787519774636234
turning,one_class_svm_image_features,anomaly_score,2inchStickout_F_08-Jun-2017_rpm320_doc0p035_window_0006,2inchStickout/F_08-Jun-2017_rpm320_doc0p035,train,42,3,cv_evaluation,no_chatter,0,-0.3538954854153964
turning,one_class_svm_image_features,anomaly_score,2inchStickout_F_08-Jun-2017_rpm320_doc0p035_window_0007,2inchStickout/F_08-Jun-2017_rpm320_doc0p035,train,42,3,cv_evaluation,no_chatter,0,-0.3524949361568588
turning,one_class_svm_image_features,anomaly_score,2inchStickout_F_08-Jun-2017_rpm320_doc0p035_window_0008,2inchStickout/F_08-Jun-2017_rpm320_doc0p035,train,42,3,cv_evaluation,no_chatter,0,-0.4001096468835037
turning,one_class_svm_image_features,anomaly_score,2inchStickout_F_08-Jun-2017_rpm320_doc0p035_window_0009,2inchStickout/F_08-Jun-2017_rpm320_doc0p035,train,42,3,cv_evaluation,no_chatter,0,-0.3932328327869281
turning,one_class_svm_image_features,anomaly_score,2inchStickout_F_08-Jun-2017_rpm320_doc0p035_window_0010,2inchStickout/F_08-Jun-2017_rpm320_doc0p035,train,42,3,cv_evaluation,no_chatter,0,-0.4360683913536638
turning,one_class_svm_image_features,anomaly_score,2inchStickout_F_08-Jun-2017_rpm320_doc0p035_window_0011,2inchStickout/F_08-Jun-2017_rpm320_doc0p035,train,42,3,cv_evaluation,no_chatter,0,-0.36481966842552227
turning,one_class_svm_image_features,anomaly_score,2inchStickout_F_08-Jun-2017_rpm320_doc0p035_window_0012,2inchStickout/F_08-Jun-2017_rpm320_doc0p035,train,42,3,cv_evaluation,no_chatter,0,-0.30973449773879835
turning,one_class_svm_image_features,anomaly_score,2inchStickout_F_08-Jun-2017_rpm320_doc0p035_window_0013,2inchStickout/F_08-Jun-2017_rpm320_doc0p035,train,42,3,cv_evaluation,no_chatter,0,-0.3837492766661472
turning,one_class_svm_image_features,anomaly_score,2inchStickout_F_08-Jun-2017_rpm320_doc0p035_window_0014,2inchStickout/F_08-Jun-2017_rpm320_doc0p035,train,42,3,cv_evaluation,no_chatter,0,-0.42225862446590545
turning,one_class_svm_image_features,anomaly_score,2inchStickout_F_08-Jun-2017_rpm320_doc0p035_window_0015,2inchStickout/F_08-Jun-2017_rpm320_doc0p035,train,42,3,cv_evaluation,no_chatter,0,-0.4505517117471656
turning,one_class_svm_image_features,anomaly_score,2inchStickout_F_08-Jun-2017_rpm320_doc0p035_window_0016,2inchStickout/F_08-Jun-2017_rpm320_doc0p035,train,42,3,cv_evaluation,no_chatter,0,-0.44685601227432237
turning,one_class_svm_image_features,anomaly_score,2inchStickout_F_08-Jun-2017_rpm320_doc0p035_window_0017,2inchStickout/F_08-Jun-2017_rpm320_doc0p035,train,42,3,cv_evaluation,no_chatter,0,-0.49898044459957713
turning,one_class_svm_image_features,anomaly_score,2inchStickout_F_08-Jun-2017_rpm320_doc0p035_window_0018,2inchStickout/F_08-Jun-2017_rpm320_doc0p035,train,42,3,cv_evaluation,no_chatter,0,-0.5292390932180564
turning,one_class_svm_image_features,anomaly_score,2inchStickout_F_08-Jun-2017_rpm320_doc0p035_window_0019,2inchStickout/F_08-Jun-2017_rpm320_doc0p035,train,42,3,cv_evaluation,no_chatter,0,-0.5386753376233138
turning,one_class_svm_image_features,anomaly_score,2inchStickout_F_08-Jun-2017_rpm320_doc0p035_window_0020,2inchStickout/F_08-Jun-2017_rpm320_doc0p035,validation,42,3,cv_evaluation,no_chatter,0,-0.521996157001563
turning,one_class_svm_image_features,anomaly_score,2inchStickout_F_08-Jun-2017_rpm320_doc0p035_window_0021,2inchStickout/F_08-Jun-2017_rpm320_doc0p035,train,42,3,cv_evaluation,no_chatter,0,-0.5732436309474664
turning,one_class_svm_image_features,anomaly_score,2inchStickout_F_08-Jun-2017_rpm320_doc0p035_window_0022,2inchStickout/F_08-Jun-2017_rpm320_doc0p035,validation,42,3,cv_evaluation,no_chatter,0,-0.622730785863765
turning,one_class_svm_image_features,anomaly_score,2inchStickout_F_08-Jun-2017_rpm320_doc0p035_window_0023,2inchStickout/F_08-Jun-2017_rpm320_doc0p035,train,42,3,cv_evaluation,no_chatter,0,-0.5418787021598974
turning,one_class_svm_image_features,anomaly_score,2inchStickout_F_08-Jun-2017_rpm320_doc0p040_window_0000,2inchStickout/F_08-Jun-2017_rpm320_doc0p040,test,42,3,cv_evaluation,no_chatter,0,-0.08365477333757387
turning,one_class_svm_image_features,anomaly_score,2inchStickout_F_08-Jun-2017_rpm320_doc0p040_window_0001,2inchStickout/F_08-Jun-2017_rpm320_doc0p040,train,42,3,cv_evaluation,no_chatter,0,-0.08109993954169581
turning,one_class_svm_image_features,anomaly_score,2inchStickout_F_08-Jun-2017_rpm320_doc0p040_window_0002,2inchStickout/F_08-Jun-2017_rpm320_doc0p040,train,42,3,cv_evaluation,no_chatter,0,-0.07927394103633456
turning,one_class_svm_image_features,anomaly_score,2inchStickout_F_08-Jun-2017_rpm320_doc0p040_window_0003,2inchStickout/F_08-Jun-2017_rpm320_doc0p040,test,42,3,cv_evaluation,no_chatter,0,-0.053263930977963
turning,one_class_svm_image_features,anomaly_score,2inchStickout_F_08-Jun-2017_rpm320_doc0p040_window_0004,2inchStickout/F_08-Jun-2017_rpm320_doc0p040,test,42,3,cv_evaluation,no_chatter,0,-0.31109645171529143
turning,one_class_svm_image_features,anomaly_score,2inchStickout_F_08-Jun-2017_rpm320_doc0p040_window_0005,2inchStickout/F_08-Jun-2017_rpm320_doc0p040,train,42,3,cv_evaluation,no_chatter,0,-0.37877715849664195
turning,one_class_svm_image_features,anomaly_score,2inchStickout_F_08-Jun-2017_rpm320_doc0p040_window_0006,2inchStickout/F_08-Jun-2017_rpm320_doc0p040,train,42,3,cv_evaluation,no_chatter,0,-0.25580460741332667
turning,one_class_svm_image_features,anomaly_score,2inchStickout_F_08-Jun-2017_rpm320_doc0p040_window_0007,2inchStickout/F_08-Jun-2017_rpm320_doc0p040,train,42,3,cv_evaluation,no_chatter,0,-0.331665909657171
turning,one_class_svm_image_features,anomaly_score,2inchStickout_F_08-Jun-2017_rpm320_doc0p040_window_0008,2inchStickout/F_08-Jun-2017_rpm320_doc0p040,train,42,3,cv_evaluation,no_chatter,0,-0.4710576359170249
turning,one_class_svm_image_features,anomaly_score,2inchStickout_F_08-Jun-2017_rpm320_doc0p040_window_0009,2inchStickout/F_08-Jun-2017_rpm320_doc0p040,train,42,3,cv_evaluation,no_chatter,0,-0.5167017151903037
turning,one_class_svm_image_features,anomaly_score,2inchStickout_F_08-Jun-2017_rpm320_doc0p040_window_0010,2inchStickout/F_08-Jun-2017_rpm320_doc0p040,train,42,3,cv_evaluation,no_chatter,0,-0.5349736666206284
turning,one_class_svm_image_features,anomaly_score,2inchStickout_F_08-Jun-2017_rpm320_doc0p040_window_0011,2inchStickout/F_08-Jun-2017_rpm320_doc0p040,train,42,3,cv_evaluation,no_chatter,0,-0.5008344737737676
turning,one_class_svm_image_features,anomaly_score,2inchStickout_F_08-Jun-2017_rpm320_doc0p040_window_0012,2inchStickout/F_08-Jun-2017_rpm320_doc0p040,test,42,3,cv_evaluation,no_chatter,0,-0.6247376305654155
turning,one_class_svm_image_features,anomaly_score,2inchStickout_F_08-Jun-2017_rpm320_doc0p040_window_0013,2inchStickout/F_08-Jun-2017_rpm320_doc0p040,train,42,3,cv_evaluation,no_chatter,0,-0.5487530696502967
turning,one_class_svm_image_features,anomaly_score,2inchStickout_F_08-Jun-2017_rpm320_doc0p040_window_0014,2inchStickout/F_08-Jun-2017_rpm320_doc0p040,train,42,3,cv_evaluation,no_chatter,0,-0.5682181397183137
turning,one_class_svm_image_features,anomaly_score,2inchStickout_F_08-Jun-2017_rpm320_doc0p040_window_0015,2inchStickout/F_08-Jun-2017_rpm320_doc0p040,train,42,3,cv_evaluation,no_chatter,0,-0.5212402219598107
turning,one_class_svm_image_features,anomaly_score,2inchStickout_F_08-Jun-2017_rpm320_doc0p040_window_0016,2inchStickout/F_08-Jun-2017_rpm320_doc0p040,train,42,3,cv_evaluation,no_chatter,0,-0.4256425430249946
turning,one_class_svm_image_features,anomaly_score,2inchStickout_F_08-Jun-2017_rpm320_doc0p040_window_0017,2inchStickout/F_08-Jun-2017_rpm320_doc0p040,train,42,3,cv_evaluation,no_chatter,0,-0.30331694691787847
turning,one_class_svm_image_features,anomaly_score,2inchStickout_F_08-Jun-2017_rpm320_doc0p040_window_0018,2inchStickout/F_08-Jun-2017_rpm320_doc0p040,train,42,3,cv_evaluation,no_chatter,0,-0.3738646778976302
turning,one_class_svm_image_features,anomaly_score,2inchStickout_F_08-Jun-2017_rpm320_doc0p040_window_0019,2inchStickout/F_08-Jun-2017_rpm320_doc0p040,train,42,3,cv_evaluation,no_chatter,0,-0.42260704257471726
turning,one_class_svm_image_features,anomaly_score,2inchStickout_F_08-Jun-2017_rpm320_doc0p040_window_0020,2inchStickout/F_08-Jun-2017_rpm320_doc0p040,train,42,3,cv_evaluation,no_chatter,0,-0.41510434076513203
turning,one_class_svm_image_features,anomaly_score,2inchStickout_F_08-Jun-2017_rpm320_doc0p040_window_0021,2inchStickout/F_08-Jun-2017_rpm320_doc0p040,train,42,3,cv_evaluation,no_chatter,0,-0.3552153972135441
turning,one_class_svm_image_features,anomaly_score,2inchStickout_F_08-Jun-2017_rpm320_doc0p040_window_0022,2inchStickout/F_08-Jun-2017_rpm320_doc0p040,test,42,3,cv_evaluation,no_chatter,0,-0.39098354422978643
turning,one_class_svm_image_features,anomaly_score,2inchStickout_F_08-Jun-2017_rpm320_doc0p040_window_0023,2inchStickout/F_08-Jun-2017_rpm320_doc0p040,train,42,3,cv_evaluation,no_chatter,0,-0.20399244667115513
turning,one_class_svm_image_features,anomaly_score,2inchStickout_F_08-Jun-2017_rpm425_doc0p005_window_0000,2inchStickout/F_08-Jun-2017_rpm425_doc0p005,train,42,3,cv_evaluation,no_chatter,0,-0.04524939801971217
turning,one_class_svm_image_features,anomaly_score,2inchStickout_F_08-Jun-2017_rpm425_doc0p005_window_0001,2inchStickout/F_08-Jun-2017_rpm425_doc0p005,train,42,3,cv_evaluation,no_chatter,0,-0.044765269395424134
turning,one_class_svm_image_features,anomaly_score,2inchStickout_F_08-Jun-2017_rpm425_doc0p005_window_0002,2inchStickout/F_08-Jun-2017_rpm425_doc0p005,train,42,3,cv_evaluation,no_chatter,0,-0.30616902210101005
turning,one_class_svm_image_features,anomaly_score,2inchStickout_F_08-Jun-2017_rpm425_doc0p005_window_0003,2inchStickout/F_08-Jun-2017_rpm425_doc0p005,test,42,3,cv_evaluation,no_chatter,0,-0.4278201022425878
turning,one_class_svm_image_features,anomaly_score,2inchStickout_F_08-Jun-2017_rpm425_doc0p005_window_0004,2inchStickout/F_08-Jun-2017_rpm425_doc0p005,train,42,3,cv_evaluation,no_chatter,0,-0.4170833477567797
turning,one_class_svm_image_features,anomaly_score,2inchStickout_F_08-Jun-2017_rpm425_doc0p005_window_0005,2inchStickout/F_08-Jun-2017_rpm425_doc0p005,test,42,3,cv_evaluation,no_chatter,0,-0.38741290585106514
turning,one_class_svm_image_features,anomaly_score,2inchStickout_F_08-Jun-2017_rpm425_doc0p005_window_0006,2inchStickout/F_08-Jun-2017_rpm425_doc0p005,train,42,3,cv_evaluation,no_chatter,0,-0.44165852256223914
turning,one_class_svm_image_features,anomaly_score,2inchStickout_F_08-Jun-2017_rpm425_doc0p005_window_0007,2inchStickout/F_08-Jun-2017_rpm425_doc0p005,train,42,3,cv_evaluation,no_chatter,0,-0.41898068797643173
turning,one_class_svm_image_features,anomaly_score,2inchStickout_F_08-Jun-2017_rpm425_doc0p015_window_0000,2inchStickout/F_08-Jun-2017_rpm425_doc0p015,train,42,3,cv_evaluation,no_chatter,0,-0.048322224302887795
turning,one_class_svm_image_features,anomaly_score,2inchStickout_F_08-Jun-2017_rpm425_doc0p015_window_0001,2inchStickout/F_08-Jun-2017_rpm425_doc0p015,train,42,3,cv_evaluation,no_chatter,0,-0.05215066172794258
turning,one_class_svm_image_features,anomaly_score,2inchStickout_F_08-Jun-2017_rpm425_doc0p015_window_0002,2inchStickout/F_08-Jun-2017_rpm425_doc0p015,train,42,3,cv_evaluation,no_chatter,0,-0.34395699056057083
turning,one_class_svm_image_features,anomaly_score,2inchStickout_F_08-Jun-2017_rpm425_doc0p015_window_0003,2inchStickout/F_08-Jun-2017_rpm425_doc0p015,train,42,3,cv_evaluation,no_chatter,0,-0.4685644777512148
turning,one_class_svm_image_features,anomaly_score,2inchStickout_F_08-Jun-2017_rpm425_doc0p015_window_0004,2inchStickout/F_08-Jun-2017_rpm425_doc0p015,train,42,3,cv_evaluation,no_chatter,0,-0.46646817481712066
turning,one_class_svm_image_features,anomaly_score,2inchStickout_F_08-Jun-2017_rpm425_doc0p015_window_0005,2inchStickout/F_08-Jun-2017_rpm425_doc0p015,train,42,3,cv_evaluation,no_chatter,0,-0.47019900195505304
turning,one_class_svm_image_features,anomaly_score,2inchStickout_F_08-Jun-2017_rpm425_doc0p015_window_0006,2inchStickout/F_08-Jun-2017_rpm425_doc0p015,train,42,3,cv_evaluation,no_chatter,0,-0.4609656436142613
turning,one_class_svm_image_features,anomaly_score,2inchStickout_F_08-Jun-2017_rpm425_doc0p015_window_0007,2inchStickout/F_08-Jun-2017_rpm425_doc0p015,validation,42,3,cv_evaluation,no_chatter,0,-0.44892718589294
turning,one_class_svm_image_features,anomaly_score,2inchStickout_F_08-Jun-2017_rpm770_doc0p005_window_0000,2inchStickout/F_08-Jun-2017_rpm770_doc0p005,validation,42,3,cv_evaluation,chatter,1,1.6992055415639717
turning,one_class_svm_image_features,anomaly_score,2inchStickout_F_08-Jun-2017_rpm770_doc0p005_window_0001,2inchStickout/F_08-Jun-2017_rpm770_doc0p005,validation,42,3,cv_evaluation,chatter,1,1.6992057310650548
turning,one_class_svm_image_features,anomaly_score,2inchStickout_F_08-Jun-2017_rpm770_doc0p005_window_0002,2inchStickout/F_08-Jun-2017_rpm770_doc0p005,validation,42,3,cv_evaluation,chatter,1,1.6992057310650548
turning,one_class_svm_image_features,anomaly_score,2inchStickout_F_08-Jun-2017_rpm770_doc0p005_window_0003,2inchStickout/F_08-Jun-2017_rpm770_doc0p005,validation,42,3,cv_evaluation,chatter,1,1.6992057310650548
turning,one_class_svm_image_features,anomaly_score,2inchStickout_F_08-Jun-2017_rpm770_doc0p005_window_0004,2inchStickout/F_08-Jun-2017_rpm770_doc0p005,validation,42,3,cv_evaluation,chatter,1,1.6992057310650548
turning,one_class_svm_image_features,anomaly_score,2inchStickout_F_08-Jun-2017_rpm770_doc0p005_window_0005,2inchStickout/F_08-Jun-2017_rpm770_doc0p005,validation,42,3,cv_evaluation,chatter,1,1.6992057310650548
turning,one_class_svm_image_features,anomaly_score,2inchStickout_F_08-Jun-2017_rpm770_doc0p005_window_0006,2inchStickout/F_08-Jun-2017_rpm770_doc0p005,validation,42,3,cv_evaluation,chatter,1,1.6992057310650548
turning,one_class_svm_image_features,anomaly_score,2inchStickout_F_08-Jun-2017_rpm770_doc0p005_window_0007,2inchStickout/F_08-Jun-2017_rpm770_doc0p005,validation,42,3,cv_evaluation,chatter,1,1.6992057310650548
turning,one_class_svm_image_features,anomaly_score,2inchStickout_F_08-Jun-2017_rpm770_doc0p005_window_0008,2inchStickout/F_08-Jun-2017_rpm770_doc0p005,validation,42,3,cv_evaluation,chatter,1,1.6992057310650548
turning,one_class_svm_image_features,anomaly_score,2inchStickout_F_08-Jun-2017_rpm770_doc0p005_window_0009,2inchStickout/F_08-Jun-2017_rpm770_doc0p005,validation,42,3,cv_evaluation,chatter,1,1.6992057310650548
turning,one_class_svm_image_features,anomaly_score,2inchStickout_F_08-Jun-2017_rpm770_doc0p005_window_0010,2inchStickout/F_08-Jun-2017_rpm770_doc0p005,validation,42,3,cv_evaluation,chatter,1,1.699205729769373
turning,one_class_svm_image_features,anomaly_score,2inchStickout_F_08-Jun-2017_rpm770_doc0p005_window_0011,2inchStickout/F_08-Jun-2017_rpm770_doc0p005,train,42,3,cv_evaluation,no_chatter,0,1.546166430675302
turning,one_class_svm_image_features,anomaly_score,2p5inchStickout_F_12-Jun-2017_rpm570_doc0p015_window_0000,2p5inchStickout/F_12-Jun-2017_rpm570_doc0p015,validation,42,3,cv_evaluation,no_chatter,0,-0.09791512650907963
turning,one_class_svm_image_features,anomaly_score,2p5inchStickout_F_12-Jun-2017_rpm570_doc0p015_window_0001,2p5inchStickout/F_12-Jun-2017_rpm570_doc0p015,train,42,3,cv_evaluation,no_chatter,0,-0.11610212397237918
turning,one_class_svm_image_features,anomaly_score,2p5inchStickout_F_12-Jun-2017_rpm570_doc0p015_window_0002,2p5inchStickout/F_12-Jun-2017_rpm570_doc0p015,train,42,3,cv_evaluation,no_chatter,0,-0.15409048185937846
turning,one_class_svm_image_features,anomaly_score,2p5inchStickout_F_12-Jun-2017_rpm570_doc0p015_window_0003,2p5inchStickout/F_12-Jun-2017_rpm570_doc0p015,train,42,3,cv_evaluation,no_chatter,0,0.6738870146638374
turning,one_class_svm_image_features,anomaly_score,2p5inchStickout_F_12-Jun-2017_rpm570_doc0p015_window_0004,2p5inchStickout/F_12-Jun-2017_rpm570_doc0p015,train,42,3,cv_evaluation,no_chatter,0,-0.5376745321665788
turning,one_class_svm_image_features,anomaly_score,2p5inchStickout_F_12-Jun-2017_rpm570_doc0p015_window_0005,2p5inchStickout/F_12-Jun-2017_rpm570_doc0p015,train,42,3,cv_evaluation,no_chatter,0,0.26098099120719387
turning,one_class_svm_image_features,anomaly_score,2p5inchStickout_F_12-Jun-2017_rpm570_doc0p015_window_0006,2p5inchStickout/F_12-Jun-2017_rpm570_doc0p015,train,42,3,cv_evaluation,no_chatter,0,0.46767620945514565
turning,one_class_svm_image_features,anomaly_score,2p5inchStickout_F_12-Jun-2017_rpm570_doc0p015_window_0007,2p5inchStickout/F_12-Jun-2017_rpm570_doc0p015,train,42,3,cv_evaluation,no_chatter,0,0.18873864795204698
turning,one_class_svm_image_features,anomaly_score,2p5inchStickout_F_12-Jun-2017_rpm570_doc0p015_window_0008,2p5inchStickout/F_12-Jun-2017_rpm570_doc0p015,train,42,3,cv_evaluation,no_chatter,0,-0.4509358289230092
turning,one_class_svm_image_features,anomaly_score,2p5inchStickout_F_12-Jun-2017_rpm570_doc0p015_window_0009,2p5inchStickout/F_12-Jun-2017_rpm570_doc0p015,train,42,3,cv_evaluation,no_chatter,0,1.2740449219625138
turning,one_class_svm_image_features,anomaly_score,2p5inchStickout_F_12-Jun-2017_rpm770_doc0p002_window_0000,2p5inchStickout/F_12-Jun-2017_rpm770_doc0p002,train,42,3,cv_evaluation,no_chatter,0,-0.20028692751279453
turning,one_class_svm_image_features,anomaly_score,2p5inchStickout_F_12-Jun-2017_rpm770_doc0p002_window_0001,2p5inchStickout/F_12-Jun-2017_rpm770_doc0p002,train,42,3,cv_evaluation,no_chatter,0,-0.45885592999950653
turning,one_class_svm_image_features,anomaly_score,2p5inchStickout_F_12-Jun-2017_rpm770_doc0p002_window_0002,2p5inchStickout/F_12-Jun-2017_rpm770_doc0p002,train,42,3,cv_evaluation,no_chatter,0,1.5427798281285754
turning,one_class_svm_image_features,anomaly_score,2p5inchStickout_F_12-Jun-2017_rpm770_doc0p002_window_0003,2p5inchStickout/F_12-Jun-2017_rpm770_doc0p002,train,42,3,cv_evaluation,no_chatter,0,1.3008390107453265
turning,one_class_svm_image_features,anomaly_score,3inchStickout_F_12-Jun-2017_rpm570_doc0p015_window_0000,3inchStickout/F_12-Jun-2017_rpm570_doc0p015,train,42,3,cv_evaluation,no_chatter,0,-0.10416766747046569
turning,one_class_svm_image_features,anomaly_score,3inchStickout_F_12-Jun-2017_rpm570_doc0p015_window_0001,3inchStickout/F_12-Jun-2017_rpm570_doc0p015,test,42,3,cv_evaluation,no_chatter,0,-0.10643711276976364
turning,one_class_svm_image_features,anomaly_score,3inchStickout_F_12-Jun-2017_rpm570_doc0p015_window_0002,3inchStickout/F_12-Jun-2017_rpm570_doc0p015,train,42,3,cv_evaluation,no_chatter,0,-0.1460328869309515
turning,one_class_svm_image_features,anomaly_score,3inchStickout_F_12-Jun-2017_rpm570_doc0p015_window_0003,3inchStickout/F_12-Jun-2017_rpm570_doc0p015,train,42,3,cv_evaluation,no_chatter,0,-0.24236527398241736
turning,one_class_svm_image_features,anomaly_score,3inchStickout_F_12-Jun-2017_rpm570_doc0p015_window_0004,3inchStickout/F_12-Jun-2017_rpm570_doc0p015,train,42,3,cv_evaluation,no_chatter,0,-0.1275385559267832
turning,one_class_svm_image_features,anomaly_score,3inchStickout_F_12-Jun-2017_rpm570_doc0p015_window_0005,3inchStickout/F_12-Jun-2017_rpm570_doc0p015,train,42,3,cv_evaluation,no_chatter,0,-0.13577738479280055
turning,one_class_svm_image_features,anomaly_score,3inchStickout_F_12-Jun-2017_rpm570_doc0p015_window_0006,3inchStickout/F_12-Jun-2017_rpm570_doc0p015,train,42,3,cv_evaluation,no_chatter,0,-0.12208941445657628
turning,one_class_svm_image_features,anomaly_score,3inchStickout_F_12-Jun-2017_rpm570_doc0p015_window_0007,3inchStickout/F_12-Jun-2017_rpm570_doc0p015,train,42,3,cv_evaluation,no_chatter,0,-0.14207399879012805
turning,one_class_svm_image_features,anomaly_score,3inchStickout_F_12-Jun-2017_rpm570_doc0p015_window_0008,3inchStickout/F_12-Jun-2017_rpm570_doc0p015,train,42,3,cv_evaluation,no_chatter,0,-0.12802071298984075
turning,one_class_svm_image_features,anomaly_score,3inchStickout_F_12-Jun-2017_rpm570_doc0p015_window_0009,3inchStickout/F_12-Jun-2017_rpm570_doc0p015,train,42,3,cv_evaluation,no_chatter,0,0.377667054093868
turning,one_class_svm_image_features,anomaly_score,4p5inchStickout_F_12-Jun-2017_rpm570_doc0p010_window_0000,4p5inchStickout/F_12-Jun-2017_rpm570_doc0p010,train,42,3,cv_evaluation,no_chatter,0,-0.013224377523907815
turning,one_class_svm_image_features,anomaly_score,4p5inchStickout_F_12-Jun-2017_rpm570_doc0p010_window_0001,4p5inchStickout/F_12-Jun-2017_rpm570_doc0p010,train,42,3,cv_evaluation,no_chatter,0,-0.003510335388841712
turning,one_class_svm_image_features,anomaly_score,4p5inchStickout_F_12-Jun-2017_rpm570_doc0p010_window_0002,4p5inchStickout/F_12-Jun-2017_rpm570_doc0p010,test,42,3,cv_evaluation,no_chatter,0,-0.0056512106508017634
turning,one_class_svm_image_features,anomaly_score,4p5inchStickout_F_12-Jun-2017_rpm570_doc0p010_window_0003,4p5inchStickout/F_12-Jun-2017_rpm570_doc0p010,train,42,3,cv_evaluation,no_chatter,0,-0.014651481889732754
turning,one_class_svm_image_features,anomaly_score,4p5inchStickout_F_12-Jun-2017_rpm570_doc0p010_window_0004,4p5inchStickout/F_12-Jun-2017_rpm570_doc0p010,train,42,3,cv_evaluation,no_chatter,0,-0.046272191542382046
turning,one_class_svm_image_features,anomaly_score,4p5inchStickout_F_12-Jun-2017_rpm570_doc0p010_window_0005,4p5inchStickout/F_12-Jun-2017_rpm570_doc0p010,train,42,3,cv_evaluation,no_chatter,0,-0.2044605565604256
turning,one_class_svm_image_features,anomaly_score,4p5inchStickout_F_12-Jun-2017_rpm570_doc0p010_window_0006,4p5inchStickout/F_12-Jun-2017_rpm570_doc0p010,train,42,3,cv_evaluation,no_chatter,0,-0.20280949218457356
turning,one_class_svm_image_features,anomaly_score,4p5inchStickout_F_12-Jun-2017_rpm570_doc0p010_window_0007,4p5inchStickout/F_12-Jun-2017_rpm570_doc0p010,train,42,3,cv_evaluation,no_chatter,0,-0.113847874946291
turning,one_class_svm_image_features,anomaly_score,4p5inchStickout_F_12-Jun-2017_rpm570_doc0p010_window_0008,4p5inchStickout/F_12-Jun-2017_rpm570_doc0p010,train,42,3,cv_evaluation,no_chatter,0,-0.18016053939160126
turning,one_class_svm_image_features,anomaly_score,4p5inchStickout_F_12-Jun-2017_rpm570_doc0p010_window_0009,4p5inchStickout/F_12-Jun-2017_rpm570_doc0p010,train,42,3,cv_evaluation,no_chatter,0,-0.01264826951383391
turning,one_class_svm_image_features,anomaly_score,4p5inchStickout_F_12-Jun-2017_rpm570_doc0p010_window_0010,4p5inchStickout/F_12-Jun-2017_rpm570_doc0p010,train,42,3,cv_evaluation,no_chatter,0,-0.13869680369684145
turning,one_class_svm_image_features,anomaly_score,4p5inchStickout_F_12-Jun-2017_rpm570_doc0p010_window_0011,4p5inchStickout/F_12-Jun-2017_rpm570_doc0p010,train,42,3,cv_evaluation,no_chatter,0,-0.17814504593362357
turning,one_class_svm_image_features,anomaly_score,4p5inchStickout_F_13-Jun-2017_rpm1030_doc0p012_window_0000,4p5inchStickout/F_13-Jun-2017_rpm1030_doc0p012,train,42,3,cv_evaluation,no_chatter,0,-0.023888809580162373
turning,one_class_svm_image_features,anomaly_score,4p5inchStickout_F_13-Jun-2017_rpm1030_doc0p012_window_0001,4p5inchStickout/F_13-Jun-2017_rpm1030_doc0p012,train,42,3,cv_evaluation,no_chatter,0,0.12147336540502374
turning,one_class_svm_image_features,anomaly_score,4p5inchStickout_F_13-Jun-2017_rpm1030_doc0p012_window_0002,4p5inchStickout/F_13-Jun-2017_rpm1030_doc0p012,test,42,3,cv_evaluation,no_chatter,0,-0.2104160352406912
turning,one_class_svm_image_features,anomaly_score,4p5inchStickout_F_13-Jun-2017_rpm1030_doc0p012_window_0003,4p5inchStickout/F_13-Jun-2017_rpm1030_doc0p012,train,42,3,cv_evaluation,no_chatter,0,-0.08936204916688051
turning,one_class_svm_image_features,anomaly_score,4p5inchStickout_F_13-Jun-2017_rpm1030_doc0p016_window_0000,4p5inchStickout/F_13-Jun-2017_rpm1030_doc0p016,test,42,3,cv_evaluation,no_chatter,0,-0.051354971195156196
turning,one_class_svm_image_features,anomaly_score,4p5inchStickout_F_13-Jun-2017_rpm1030_doc0p016_window_0001,4p5inchStickout/F_13-Jun-2017_rpm1030_doc0p016,train,42,3,cv_evaluation,no_chatter,0,-0.14620158857733934
turning,one_class_svm_image_features,anomaly_score,4p5inchStickout_F_13-Jun-2017_rpm1030_doc0p016_window_0002,4p5inchStickout/F_13-Jun-2017_rpm1030_doc0p016,train,42,3,cv_evaluation,no_chatter,0,0.02138419114967549
turning,one_class_svm_image_features,anomaly_score,4p5inchStickout_F_13-Jun-2017_rpm1030_doc0p016_window_0003,4p5inchStickout/F_13-Jun-2017_rpm1030_doc0p016,train,42,3,cv_evaluation,no_chatter,0,-0.007404541813198273
turning,isolation_forest_image_features,anomaly_score,2inchStickout_F_08-Jun-2017_rpm320_doc0p035_window_0000,2inchStickout/F_08-Jun-2017_rpm320_doc0p035,train,42,3,cv_evaluation,no_chatter,0,-0.1256534028249549
turning,isolation_forest_image_features,anomaly_score,2inchStickout_F_08-Jun-2017_rpm320_doc0p035_window_0001,2inchStickout/F_08-Jun-2017_rpm320_doc0p035,train,42,3,cv_evaluation,no_chatter,0,-0.12402532238602115
turning,isolation_forest_image_features,anomaly_score,2inchStickout_F_08-Jun-2017_rpm320_doc0p035_window_0002,2inchStickout/F_08-Jun-2017_rpm320_doc0p035,train,42,3,cv_evaluation,no_chatter,0,-0.1244184435423793
turning,isolation_forest_image_features,anomaly_score,2inchStickout_F_08-Jun-2017_rpm320_doc0p035_window_0003,2inchStickout/F_08-Jun-2017_rpm320_doc0p035,validation,42,3,cv_evaluation,no_chatter,0,-0.10969164477841387
turning,isolation_forest_image_features,anomaly_score,2inchStickout_F_08-Jun-2017_rpm320_doc0p035_window_0004,2inchStickout/F_08-Jun-2017_rpm320_doc0p035,train,42,3,cv_evaluation,no_chatter,0,-0.10456228852629917
turning,isolation_forest_image_features,anomaly_score,2inchStickout_F_08-Jun-2017_rpm320_doc0p035_window_0005,2inchStickout/F_08-Jun-2017_rpm320_doc0p035,train,42,3,cv_evaluation,no_chatter,0,-0.11818053382273352
turning,isolation_forest_image_features,anomaly_score,2inchStickout_F_08-Jun-2017_rpm320_doc0p035_window_0006,2inchStickout/F_08-Jun-2017_rpm320_doc0p035,train,42,3,cv_evaluation,no_chatter,0,-0.12831689940804664
turning,isolation_forest_image_features,anomaly_score,2inchStickout_F_08-Jun-2017_rpm320_doc0p035_window_0007,2inchStickout/F_08-Jun-2017_rpm320_doc0p035,train,42,3,cv_evaluation,no_chatter,0,-0.12589366793824086
turning,isolation_forest_image_features,anomaly_score,2inchStickout_F_08-Jun-2017_rpm320_doc0p035_window_0008,2inchStickout/F_08-Jun-2017_rpm320_doc0p035,train,42,3,cv_evaluation,no_chatter,0,-0.12818142965227508
turning,isolation_forest_image_features,anomaly_score,2inchStickout_F_08-Jun-2017_rpm320_doc0p035_window_0009,2inchStickout/F_08-Jun-2017_rpm320_doc0p035,train,42,3,cv_evaluation,no_chatter,0,-0.1171892988446725
turning,isolation_forest_image_features,anomaly_score,2inchStickout_F_08-Jun-2017_rpm320_doc0p035_window_0010,2inchStickout/F_08-Jun-2017_rpm320_doc0p035,train,42,3,cv_evaluation,no_chatter,0,-0.1183293330631186
turning,isolation_forest_image_features,anomaly_score,2inchStickout_F_08-Jun-2017_rpm320_doc0p035_window_0011,2inchStickout/F_08-Jun-2017_rpm320_doc0p035,train,42,3,cv_evaluation,no_chatter,0,-0.12807275433502863
turning,isolation_forest_image_features,anomaly_score,2inchStickout_F_08-Jun-2017_rpm320_doc0p035_window_0012,2inchStickout/F_08-Jun-2017_rpm320_doc0p035,train,42,3,cv_evaluation,no_chatter,0,-0.10812392843060387
turning,isolation_forest_image_features,anomaly_score,2inchStickout_F_08-Jun-2017_rpm320_doc0p035_window_0013,2inchStickout/F_08-Jun-2017_rpm320_doc0p035,train,42,3,cv_evaluation,no_chatter,0,-0.11735640542756487
turning,isolation_forest_image_features,anomaly_score,2inchStickout_F_08-Jun-2017_rpm320_doc0p035_window_0014,2inchStickout/F_08-Jun-2017_rpm320_doc0p035,train,42,3,cv_evaluation,no_chatter,0,-0.12256841814417052
turning,isolation_forest_image_features,anomaly_score,2inchStickout_F_08-Jun-2017_rpm320_doc0p035_window_0015,2inchStickout/F_08-Jun-2017_rpm320_doc0p035,train,42,3,cv_evaluation,no_chatter,0,-0.12120628486775298
turning,isolation_forest_image_features,anomaly_score,2inchStickout_F_08-Jun-2017_rpm320_doc0p035_window_0016,2inchStickout/F_08-Jun-2017_rpm320_doc0p035,train,42,3,cv_evaluation,no_chatter,0,-0.12488498240816148
turning,isolation_forest_image_features,anomaly_score,2inchStickout_F_08-Jun-2017_rpm320_doc0p035_window_0017,2inchStickout/F_08-Jun-2017_rpm320_doc0p035,train,42,3,cv_evaluation,no_chatter,0,-0.12270640333395194
turning,isolation_forest_image_features,anomaly_score,2inchStickout_F_08-Jun-2017_rpm320_doc0p035_window_0018,2inchStickout/F_08-Jun-2017_rpm320_doc0p035,train,42,3,cv_evaluation,no_chatter,0,-0.12255859913326472
turning,isolation_forest_image_features,anomaly_score,2inchStickout_F_08-Jun-2017_rpm320_doc0p035_window_0019,2inchStickout/F_08-Jun-2017_rpm320_doc0p035,train,42,3,cv_evaluation,no_chatter,0,-0.11871398242665893
turning,isolation_forest_image_features,anomaly_score,2inchStickout_F_08-Jun-2017_rpm320_doc0p035_window_0020,2inchStickout/F_08-Jun-2017_rpm320_doc0p035,validation,42,3,cv_evaluation,no_chatter,0,-0.11953455292766973
turning,isolation_forest_image_features,anomaly_score,2inchStickout_F_08-Jun-2017_rpm320_doc0p035_window_0021,2inchStickout/F_08-Jun-2017_rpm320_doc0p035,train,42,3,cv_evaluation,no_chatter,0,-0.11485106173121173
turning,isolation_forest_image_features,anomaly_score,2inchStickout_F_08-Jun-2017_rpm320_doc0p035_window_0022,2inchStickout/F_08-Jun-2017_rpm320_doc0p035,validation,42,3,cv_evaluation,no_chatter,0,-0.11205015268811935
turning,isolation_forest_image_features,anomaly_score,2inchStickout_F_08-Jun-2017_rpm320_doc0p035_window_0023,2inchStickout/F_08-Jun-2017_rpm320_doc0p035,train,42,3,cv_evaluation,no_chatter,0,-0.10383374305522791
turning,isolation_forest_image_features,anomaly_score,2inchStickout_F_08-Jun-2017_rpm320_doc0p040_window_0000,2inchStickout/F_08-Jun-2017_rpm320_doc0p040,test,42,3,cv_evaluation,no_chatter,0,-0.12454465544581833
turning,isolation_forest_image_features,anomaly_score,2inchStickout_F_08-Jun-2017_rpm320_doc0p040_window_0001,2inchStickout/F_08-Jun-2017_rpm320_doc0p040,train,42,3,cv_evaluation,no_chatter,0,-0.12363611949555825
turning,isolation_forest_image_features,anomaly_score,2inchStickout_F_08-Jun-2017_rpm320_doc0p040_window_0002,2inchStickout/F_08-Jun-2017_rpm320_doc0p040,train,42,3,cv_evaluation,no_chatter,0,-0.12326507815302029
turning,isolation_forest_image_features,anomaly_score,2inchStickout_F_08-Jun-2017_rpm320_doc0p040_window_0003,2inchStickout/F_08-Jun-2017_rpm320_doc0p040,test,42,3,cv_evaluation,no_chatter,0,-0.0748907912579671
turning,isolation_forest_image_features,anomaly_score,2inchStickout_F_08-Jun-2017_rpm320_doc0p040_window_0004,2inchStickout/F_08-Jun-2017_rpm320_doc0p040,test,42,3,cv_evaluation,no_chatter,0,-0.12044838209339609
turning,isolation_forest_image_features,anomaly_score,2inchStickout_F_08-Jun-2017_rpm320_doc0p040_window_0005,2inchStickout/F_08-Jun-2017_rpm320_doc0p040,train,42,3,cv_evaluation,no_chatter,0,-0.11169521023764828
turning,isolation_forest_image_features,anomaly_score,2inchStickout_F_08-Jun-2017_rpm320_doc0p040_window_0006,2inchStickout/F_08-Jun-2017_rpm320_doc0p040,train,42,3,cv_evaluation,no_chatter,0,-0.09709569189472816
turning,isolation_forest_image_features,anomaly_score,2inchStickout_F_08-Jun-2017_rpm320_doc0p040_window_0007,2inchStickout/F_08-Jun-2017_rpm320_doc0p040,train,42,3,cv_evaluation,no_chatter,0,-0.09417457348145203
turning,isolation_forest_image_features,anomaly_score,2inchStickout_F_08-Jun-2017_rpm320_doc0p040_window_0008,2inchStickout/F_08-Jun-2017_rpm320_doc0p040,train,42,3,cv_evaluation,no_chatter,0,-0.08829547720810316
turning,isolation_forest_image_features,anomaly_score,2inchStickout_F_08-Jun-2017_rpm320_doc0p040_window_0009,2inchStickout/F_08-Jun-2017_rpm320_doc0p040,train,42,3,cv_evaluation,no_chatter,0,-0.09310611927010698
turning,isolation_forest_image_features,anomaly_score,2inchStickout_F_08-Jun-2017_rpm320_doc0p040_window_0010,2inchStickout/F_08-Jun-2017_rpm320_doc0p040,train,42,3,cv_evaluation,no_chatter,0,-0.1113728032714757
turning,isolation_forest_image_features,anomaly_score,2inchStickout_F_08-Jun-2017_rpm320_doc0p040_window_0011,2inchStickout/F_08-Jun-2017_rpm320_doc0p040,train,42,3,cv_evaluation,no_chatter,0,-0.11628026520213003
turning,isolation_forest_image_features,anomaly_score,2inchStickout_F_08-Jun-2017_rpm320_doc0p040_window_0012,2inchStickout/F_08-Jun-2017_rpm320_doc0p040,test,42,3,cv_evaluation,no_chatter,0,-0.10650943740577112
turning,isolation_forest_image_features,anomaly_score,2inchStickout_F_08-Jun-2017_rpm320_doc0p040_window_0013,2inchStickout/F_08-Jun-2017_rpm320_doc0p040,train,42,3,cv_evaluation,no_chatter,0,-0.1013980668368149
turning,isolation_forest_image_features,anomaly_score,2inchStickout_F_08-Jun-2017_rpm320_doc0p040_window_0014,2inchStickout/F_08-Jun-2017_rpm320_doc0p040,train,42,3,cv_evaluation,no_chatter,0,-0.10248016025059253
turning,isolation_forest_image_features,anomaly_score,2inchStickout_F_08-Jun-2017_rpm320_doc0p040_window_0015,2inchStickout/F_08-Jun-2017_rpm320_doc0p040,train,42,3,cv_evaluation,no_chatter,0,-0.11697542499649011
turning,isolation_forest_image_features,anomaly_score,2inchStickout_F_08-Jun-2017_rpm320_doc0p040_window_0016,2inchStickout/F_08-Jun-2017_rpm320_doc0p040,train,42,3,cv_evaluation,no_chatter,0,-0.11185092218066706
turning,isolation_forest_image_features,anomaly_score,2inchStickout_F_08-Jun-2017_rpm320_doc0p040_window_0017,2inchStickout/F_08-Jun-2017_rpm320_doc0p040,train,42,3,cv_evaluation,no_chatter,0,-0.09985701955150489
turning,isolation_forest_image_features,anomaly_score,2inchStickout_F_08-Jun-2017_rpm320_doc0p040_window_0018,2inchStickout/F_08-Jun-2017_rpm320_doc0p040,train,42,3,cv_evaluation,no_chatter,0,-0.10677813375880985
turning,isolation_forest_image_features,anomaly_score,2inchStickout_F_08-Jun-2017_rpm320_doc0p040_window_0019,2inchStickout/F_08-Jun-2017_rpm320_doc0p040,train,42,3,cv_evaluation,no_chatter,0,-0.10668828395019264
turning,isolation_forest_image_features,anomaly_score,2inchStickout_F_08-Jun-2017_rpm320_doc0p040_window_0020,2inchStickout/F_08-Jun-2017_rpm320_doc0p040,train,42,3,cv_evaluation,no_chatter,0,-0.11239526878614198
turning,isolation_forest_image_features,anomaly_score,2inchStickout_F_08-Jun-2017_rpm320_doc0p040_window_0021,2inchStickout/F_08-Jun-2017_rpm320_doc0p040,train,42,3,cv_evaluation,no_chatter,0,-0.11036001168252368
turning,isolation_forest_image_features,anomaly_score,2inchStickout_F_08-Jun-2017_rpm320_doc0p040_window_0022,2inchStickout/F_08-Jun-2017_rpm320_doc0p040,test,42,3,cv_evaluation,no_chatter,0,-0.09223081524259791
turning,isolation_forest_image_features,anomaly_score,2inchStickout_F_08-Jun-2017_rpm320_doc0p040_window_0023,2inchStickout/F_08-Jun-2017_rpm320_doc0p040,train,42,3,cv_evaluation,no_chatter,0,-0.08933377400642956
turning,isolation_forest_image_features,anomaly_score,2inchStickout_F_08-Jun-2017_rpm425_doc0p005_window_0000,2inchStickout/F_08-Jun-2017_rpm425_doc0p005,train,42,3,cv_evaluation,no_chatter,0,-0.11287547896379452
turning,isolation_forest_image_features,anomaly_score,2inchStickout_F_08-Jun-2017_rpm425_doc0p005_window_0001,2inchStickout/F_08-Jun-2017_rpm425_doc0p005,train,42,3,cv_evaluation,no_chatter,0,-0.11456305183447663
turning,isolation_forest_image_features,anomaly_score,2inchStickout_F_08-Jun-2017_rpm425_doc0p005_window_0002,2inchStickout/F_08-Jun-2017_rpm425_doc0p005,train,42,3,cv_evaluation,no_chatter,0,-0.10575495287346792
turning,isolation_forest_image_features,anomaly_score,2inchStickout_F_08-Jun-2017_rpm425_doc0p005_window_0003,2inchStickout/F_08-Jun-2017_rpm425_doc0p005,test,42,3,cv_evaluation,no_chatter,0,-0.10773900581047863
turning,isolation_forest_image_features,anomaly_score,2inchStickout_F_08-Jun-2017_rpm425_doc0p005_window_0004,2inchStickout/F_08-Jun-2017_rpm425_doc0p005,train,42,3,cv_evaluation,no_chatter,0,-0.10940719681229782
turning,isolation_forest_image_features,anomaly_score,2inchStickout_F_08-Jun-2017_rpm425_doc0p005_window_0005,2inchStickout/F_08-Jun-2017_rpm425_doc0p005,test,42,3,cv_evaluation,no_chatter,0,-0.10796134422843523
turning,isolation_forest_image_features,anomaly_score,2inchStickout_F_08-Jun-2017_rpm425_doc0p005_window_0006,2inchStickout/F_08-Jun-2017_rpm425_doc0p005,train,42,3,cv_evaluation,no_chatter,0,-0.11651474667644801
turning,isolation_forest_image_features,anomaly_score,2inchStickout_F_08-Jun-2017_rpm425_doc0p005_window_0007,2inchStickout/F_08-Jun-2017_rpm425_doc0p005,train,42,3,cv_evaluation,no_chatter,0,-0.10581642094961213
turning,isolation_forest_image_features,anomaly_score,2inchStickout_F_08-Jun-2017_rpm425_doc0p015_window_0000,2inchStickout/F_08-Jun-2017_rpm425_doc0p015,train,42,3,cv_evaluation,no_chatter,0,-0.11478465762062307
turning,isolation_forest_image_features,anomaly_score,2inchStickout_F_08-Jun-2017_rpm425_doc0p015_window_0001,2inchStickout/F_08-Jun-2017_rpm425_doc0p015,train,42,3,cv_evaluation,no_chatter,0,-0.11114402235807708
turning,isolation_forest_image_features,anomaly_score,2inchStickout_F_08-Jun-2017_rpm425_doc0p015_window_0002,2inchStickout/F_08-Jun-2017_rpm425_doc0p015,train,42,3,cv_evaluation,no_chatter,0,-0.09484231056427356
turning,isolation_forest_image_features,anomaly_score,2inchStickout_F_08-Jun-2017_rpm425_doc0p015_window_0003,2inchStickout/F_08-Jun-2017_rpm425_doc0p015,train,42,3,cv_evaluation,no_chatter,0,-0.10398665059723633
turning,isolation_forest_image_features,anomaly_score,2inchStickout_F_08-Jun-2017_rpm425_doc0p015_window_0004,2inchStickout/F_08-Jun-2017_rpm425_doc0p015,train,42,3,cv_evaluation,no_chatter,0,-0.11491319823085061
turning,isolation_forest_image_features,anomaly_score,2inchStickout_F_08-Jun-2017_rpm425_doc0p015_window_0005,2inchStickout/F_08-Jun-2017_rpm425_doc0p015,train,42,3,cv_evaluation,no_chatter,0,-0.10147822068420892
turning,isolation_forest_image_features,anomaly_score,2inchStickout_F_08-Jun-2017_rpm425_doc0p015_window_0006,2inchStickout/F_08-Jun-2017_rpm425_doc0p015,train,42,3,cv_evaluation,no_chatter,0,-0.09840913261079542
turning,isolation_forest_image_features,anomaly_score,2inchStickout_F_08-Jun-2017_rpm425_doc0p015_window_0007,2inchStickout/F_08-Jun-2017_rpm425_doc0p015,validation,42,3,cv_evaluation,no_chatter,0,-0.0781870283814401
turning,isolation_forest_image_features,anomaly_score,2inchStickout_F_08-Jun-2017_rpm770_doc0p005_window_0000,2inchStickout/F_08-Jun-2017_rpm770_doc0p005,validation,42,3,cv_evaluation,chatter,1,0.2260287634536503
turning,isolation_forest_image_features,anomaly_score,2inchStickout_F_08-Jun-2017_rpm770_doc0p005_window_0001,2inchStickout/F_08-Jun-2017_rpm770_doc0p005,validation,42,3,cv_evaluation,chatter,1,0.27695977815410133
turning,isolation_forest_image_features,anomaly_score,2inchStickout_F_08-Jun-2017_rpm770_doc0p005_window_0002,2inchStickout/F_08-Jun-2017_rpm770_doc0p005,validation,42,3,cv_evaluation,chatter,1,0.27695977815410133
turning,isolation_forest_image_features,anomaly_score,2inchStickout_F_08-Jun-2017_rpm770_doc0p005_window_0003,2inchStickout/F_08-Jun-2017_rpm770_doc0p005,validation,42,3,cv_evaluation,chatter,1,0.26900653683354436
turning,isolation_forest_image_features,anomaly_score,2inchStickout_F_08-Jun-2017_rpm770_doc0p005_window_0004,2inchStickout/F_08-Jun-2017_rpm770_doc0p005,validation,42,3,cv_evaluation,chatter,1,0.2695270121859624
turning,isolation_forest_image_features,anomaly_score,2inchStickout_F_08-Jun-2017_rpm770_doc0p005_window_0005,2inchStickout/F_08-Jun-2017_rpm770_doc0p005,validation,42,3,cv_evaluation,chatter,1,0.27265727022956177
turning,isolation_forest_image_features,anomaly_score,2inchStickout_F_08-Jun-2017_rpm770_doc0p005_window_0006,2inchStickout/F_08-Jun-2017_rpm770_doc0p005,validation,42,3,cv_evaluation,chatter,1,0.26485538702074285
turning,isolation_forest_image_features,anomaly_score,2inchStickout_F_08-Jun-2017_rpm770_doc0p005_window_0007,2inchStickout/F_08-Jun-2017_rpm770_doc0p005,validation,42,3,cv_evaluation,chatter,1,0.2700478398040368
turning,isolation_forest_image_features,anomaly_score,2inchStickout_F_08-Jun-2017_rpm770_doc0p005_window_0008,2inchStickout/F_08-Jun-2017_rpm770_doc0p005,validation,42,3,cv_evaluation,chatter,1,0.2768507637148684
turning,isolation_forest_image_features,anomaly_score,2inchStickout_F_08-Jun-2017_rpm770_doc0p005_window_0009,2inchStickout/F_08-Jun-2017_rpm770_doc0p005,validation,42,3,cv_evaluation,chatter,1,0.27318021645402024
turning,isolation_forest_image_features,anomaly_score,2inchStickout_F_08-Jun-2017_rpm770_doc0p005_window_0010,2inchStickout/F_08-Jun-2017_rpm770_doc0p005,validation,42,3,cv_evaluation,chatter,1,0.2527170505000008
turning,isolation_forest_image_features,anomaly_score,2inchStickout_F_08-Jun-2017_rpm770_doc0p005_window_0011,2inchStickout/F_08-Jun-2017_rpm770_doc0p005,train,42,3,cv_evaluation,no_chatter,0,0.20042732087020676
turning,isolation_forest_image_features,anomaly_score,2p5inchStickout_F_12-Jun-2017_rpm570_doc0p015_window_0000,2p5inchStickout/F_12-Jun-2017_rpm570_doc0p015,validation,42,3,cv_evaluation,no_chatter,0,-0.1162135485617401
turning,isolation_forest_image_features,anomaly_score,2p5inchStickout_F_12-Jun-2017_rpm570_doc0p015_window_0001,2p5inchStickout/F_12-Jun-2017_rpm570_doc0p015,train,42,3,cv_evaluation,no_chatter,0,-0.06434526886750314
turning,isolation_forest_image_features,anomaly_score,2p5inchStickout_F_12-Jun-2017_rpm570_doc0p015_window_0002,2p5inchStickout/F_12-Jun-2017_rpm570_doc0p015,train,42,3,cv_evaluation,no_chatter,0,-0.006058674971290368
turning,isolation_forest_image_features,anomaly_score,2p5inchStickout_F_12-Jun-2017_rpm570_doc0p015_window_0003,2p5inchStickout/F_12-Jun-2017_rpm570_doc0p015,train,42,3,cv_evaluation,no_chatter,0,0.0404866219883232
turning,isolation_forest_image_features,anomaly_score,2p5inchStickout_F_12-Jun-2017_rpm570_doc0p015_window_0004,2p5inchStickout/F_12-Jun-2017_rpm570_doc0p015,train,42,3,cv_evaluation,no_chatter,0,-0.07337371498302608
turning,isolation_forest_image_features,anomaly_score,2p5inchStickout_F_12-Jun-2017_rpm570_doc0p015_window_0005,2p5inchStickout/F_12-Jun-2017_rpm570_doc0p015,train,42,3,cv_evaluation,no_chatter,0,0.025482722539277303
turning,isolation_forest_image_features,anomaly_score,2p5inchStickout_F_12-Jun-2017_rpm570_doc0p015_window_0006,2p5inchStickout/F_12-Jun-2017_rpm570_doc0p015,train,42,3,cv_evaluation,no_chatter,0,0.08563081257122596
turning,isolation_forest_image_features,anomaly_score,2p5inchStickout_F_12-Jun-2017_rpm570_doc0p015_window_0007,2p5inchStickout/F_12-Jun-2017_rpm570_doc0p015,train,42,3,cv_evaluation,no_chatter,0,0.007303713184880323
turning,isolation_forest_image_features,anomaly_score,2p5inchStickout_F_12-Jun-2017_rpm570_doc0p015_window_0008,2p5inchStickout/F_12-Jun-2017_rpm570_doc0p015,train,42,3,cv_evaluation,no_chatter,0,-0.03201224376570494
turning,isolation_forest_image_features,anomaly_score,2p5inchStickout_F_12-Jun-2017_rpm570_doc0p015_window_0009,2p5inchStickout/F_12-Jun-2017_rpm570_doc0p015,train,42,3,cv_evaluation,no_chatter,0,0.15485193343193526
turning,isolation_forest_image_features,anomaly_score,2p5inchStickout_F_12-Jun-2017_rpm770_doc0p002_window_0000,2p5inchStickout/F_12-Jun-2017_rpm770_doc0p002,train,42,3,cv_evaluation,no_chatter,0,-0.09460075974981902
turning,isolation_forest_image_features,anomaly_score,2p5inchStickout_F_12-Jun-2017_rpm770_doc0p002_window_0001,2p5inchStickout/F_12-Jun-2017_rpm770_doc0p002,train,42,3,cv_evaluation,no_chatter,0,-0.07149649899084248
turning,isolation_forest_image_features,anomaly_score,2p5inchStickout_F_12-Jun-2017_rpm770_doc0p002_window_0002,2p5inchStickout/F_12-Jun-2017_rpm770_doc0p002,train,42,3,cv_evaluation,no_chatter,0,0.1619697585998794
turning,isolation_forest_image_features,anomaly_score,2p5inchStickout_F_12-Jun-2017_rpm770_doc0p002_window_0003,2p5inchStickout/F_12-Jun-2017_rpm770_doc0p002,train,42,3,cv_evaluation,no_chatter,0,0.16010842882811294
turning,isolation_forest_image_features,anomaly_score,3inchStickout_F_12-Jun-2017_rpm570_doc0p015_window_0000,3inchStickout/F_12-Jun-2017_rpm570_doc0p015,train,42,3,cv_evaluation,no_chatter,0,-0.052717664133195896
turning,isolation_forest_image_features,anomaly_score,3inchStickout_F_12-Jun-2017_rpm570_doc0p015_window_0001,3inchStickout/F_12-Jun-2017_rpm570_doc0p015,test,42,3,cv_evaluation,no_chatter,0,-0.05251758549896496
turning,isolation_forest_image_features,anomaly_score,3inchStickout_F_12-Jun-2017_rpm570_doc0p015_window_0002,3inchStickout/F_12-Jun-2017_rpm570_doc0p015,train,42,3,cv_evaluation,no_chatter,0,-0.04795096284642869
turning,isolation_forest_image_features,anomaly_score,3inchStickout_F_12-Jun-2017_rpm570_doc0p015_window_0003,3inchStickout/F_12-Jun-2017_rpm570_doc0p015,train,42,3,cv_evaluation,no_chatter,0,-0.08638917843276045
turning,isolation_forest_image_features,anomaly_score,3inchStickout_F_12-Jun-2017_rpm570_doc0p015_window_0004,3inchStickout/F_12-Jun-2017_rpm570_doc0p015,train,42,3,cv_evaluation,no_chatter,0,-0.08275693202677387
turning,isolation_forest_image_features,anomaly_score,3inchStickout_F_12-Jun-2017_rpm570_doc0p015_window_0005,3inchStickout/F_12-Jun-2017_rpm570_doc0p015,train,42,3,cv_evaluation,no_chatter,0,-0.07213176325450404
turning,isolation_forest_image_features,anomaly_score,3inchStickout_F_12-Jun-2017_rpm570_doc0p015_window_0006,3inchStickout/F_12-Jun-2017_rpm570_doc0p015,train,42,3,cv_evaluation,no_chatter,0,-0.08067838235814445
turning,isolation_forest_image_features,anomaly_score,3inchStickout_F_12-Jun-2017_rpm570_doc0p015_window_0007,3inchStickout/F_12-Jun-2017_rpm570_doc0p015,train,42,3,cv_evaluation,no_chatter,0,-0.0801429851494686
turning,isolation_forest_image_features,anomaly_score,3inchStickout_F_12-Jun-2017_rpm570_doc0p015_window_0008,3inchStickout/F_12-Jun-2017_rpm570_doc0p015,train,42,3,cv_evaluation,no_chatter,0,-0.08512503401750598
turning,isolation_forest_image_features,anomaly_score,3inchStickout_F_12-Jun-2017_rpm570_doc0p015_window_0009,3inchStickout/F_12-Jun-2017_rpm570_doc0p015,train,42,3,cv_evaluation,no_chatter,0,-0.03685726641010828
turning,isolation_forest_image_features,anomaly_score,4p5inchStickout_F_12-Jun-2017_rpm570_doc0p010_window_0000,4p5inchStickout/F_12-Jun-2017_rpm570_doc0p010,train,42,3,cv_evaluation,no_chatter,0,-0.07796240711299224
turning,isolation_forest_image_features,anomaly_score,4p5inchStickout_F_12-Jun-2017_rpm570_doc0p010_window_0001,4p5inchStickout/F_12-Jun-2017_rpm570_doc0p010,train,42,3,cv_evaluation,no_chatter,0,-0.07025493631184315
turning,isolation_forest_image_features,anomaly_score,4p5inchStickout_F_12-Jun-2017_rpm570_doc0p010_window_0002,4p5inchStickout/F_12-Jun-2017_rpm570_doc0p010,test,42,3,cv_evaluation,no_chatter,0,-0.07027549351643353
turning,isolation_forest_image_features,anomaly_score,4p5inchStickout_F_12-Jun-2017_rpm570_doc0p010_window_0003,4p5inchStickout/F_12-Jun-2017_rpm570_doc0p010,train,42,3,cv_evaluation,no_chatter,0,-0.0786417725631246
turning,isolation_forest_image_features,anomaly_score,4p5inchStickout_F_12-Jun-2017_rpm570_doc0p010_window_0004,4p5inchStickout/F_12-Jun-2017_rpm570_doc0p010,train,42,3,cv_evaluation,no_chatter,0,-0.027629688755658688
turning,isolation_forest_image_features,anomaly_score,4p5inchStickout_F_12-Jun-2017_rpm570_doc0p010_window_0005,4p5inchStickout/F_12-Jun-2017_rpm570_doc0p010,train,42,3,cv_evaluation,no_chatter,0,-0.060295016382549416
turning,isolation_forest_image_features,anomaly_score,4p5inchStickout_F_12-Jun-2017_rpm570_doc0p010_window_0006,4p5inchStickout/F_12-Jun-2017_rpm570_doc0p010,train,42,3,cv_evaluation,no_chatter,0,-0.06344958482644097
turning,isolation_forest_image_features,anomaly_score,4p5inchStickout_F_12-Jun-2017_rpm570_doc0p010_window_0007,4p5inchStickout/F_12-Jun-2017_rpm570_doc0p010,train,42,3,cv_evaluation,no_chatter,0,-0.06984822859638462
turning,isolation_forest_image_features,anomaly_score,4p5inchStickout_F_12-Jun-2017_rpm570_doc0p010_window_0008,4p5inchStickout/F_12-Jun-2017_rpm570_doc0p010,train,42,3,cv_evaluation,no_chatter,0,-0.06343488922437768
turning,isolation_forest_image_features,anomaly_score,4p5inchStickout_F_12-Jun-2017_rpm570_doc0p010_window_0009,4p5inchStickout/F_12-Jun-2017_rpm570_doc0p010,train,42,3,cv_evaluation,no_chatter,0,-0.0411669518612362
turning,isolation_forest_image_features,anomaly_score,4p5inchStickout_F_12-Jun-2017_rpm570_doc0p010_window_0010,4p5inchStickout/F_12-Jun-2017_rpm570_doc0p010,train,42,3,cv_evaluation,no_chatter,0,-0.05319527612579461
turning,isolation_forest_image_features,anomaly_score,4p5inchStickout_F_12-Jun-2017_rpm570_doc0p010_window_0011,4p5inchStickout/F_12-Jun-2017_rpm570_doc0p010,train,42,3,cv_evaluation,no_chatter,0,-0.05713691575621982
turning,isolation_forest_image_features,anomaly_score,4p5inchStickout_F_13-Jun-2017_rpm1030_doc0p012_window_0000,4p5inchStickout/F_13-Jun-2017_rpm1030_doc0p012,train,42,3,cv_evaluation,no_chatter,0,-0.06728266477708339
turning,isolation_forest_image_features,anomaly_score,4p5inchStickout_F_13-Jun-2017_rpm1030_doc0p012_window_0001,4p5inchStickout/F_13-Jun-2017_rpm1030_doc0p012,train,42,3,cv_evaluation,no_chatter,0,0.060352387251227935
turning,isolation_forest_image_features,anomaly_score,4p5inchStickout_F_13-Jun-2017_rpm1030_doc0p012_window_0002,4p5inchStickout/F_13-Jun-2017_rpm1030_doc0p012,test,42,3,cv_evaluation,no_chatter,0,-0.01714134297668657
turning,isolation_forest_image_features,anomaly_score,4p5inchStickout_F_13-Jun-2017_rpm1030_doc0p012_window_0003,4p5inchStickout/F_13-Jun-2017_rpm1030_doc0p012,train,42,3,cv_evaluation,no_chatter,0,-0.03437206128090825
turning,isolation_forest_image_features,anomaly_score,4p5inchStickout_F_13-Jun-2017_rpm1030_doc0p016_window_0000,4p5inchStickout/F_13-Jun-2017_rpm1030_doc0p016,test,42,3,cv_evaluation,no_chatter,0,-0.03761025860370465
turning,isolation_forest_image_features,anomaly_score,4p5inchStickout_F_13-Jun-2017_rpm1030_doc0p016_window_0001,4p5inchStickout/F_13-Jun-2017_rpm1030_doc0p016,train,42,3,cv_evaluation,no_chatter,0,0.022232060996303926
turning,isolation_forest_image_features,anomaly_score,4p5inchStickout_F_13-Jun-2017_rpm1030_doc0p016_window_0002,4p5inchStickout/F_13-Jun-2017_rpm1030_doc0p016,train,42,3,cv_evaluation,no_chatter,0,0.06185302502577539
turning,isolation_forest_image_features,anomaly_score,4p5inchStickout_F_13-Jun-2017_rpm1030_doc0p016_window_0003,4p5inchStickout/F_13-Jun-2017_rpm1030_doc0p016,train,42,3,cv_evaluation,no_chatter,0,0.06562507938256967
turning,pca_image_reconstruction,reconstruction_mse,2inchStickout_F_08-Jun-2017_rpm320_doc0p035_window_0000,2inchStickout/F_08-Jun-2017_rpm320_doc0p035,train,42,3,cv_evaluation,no_chatter,0,1.4045184798305854e-05
turning,pca_image_reconstruction,reconstruction_mse,2inchStickout_F_08-Jun-2017_rpm320_doc0p035_window_0001,2inchStickout/F_08-Jun-2017_rpm320_doc0p035,train,42,3,cv_evaluation,no_chatter,0,1.4476620890491176e-05
turning,pca_image_reconstruction,reconstruction_mse,2inchStickout_F_08-Jun-2017_rpm320_doc0p035_window_0002,2inchStickout/F_08-Jun-2017_rpm320_doc0p035,train,42,3,cv_evaluation,no_chatter,0,1.3866459084965754e-05
turning,pca_image_reconstruction,reconstruction_mse,2inchStickout_F_08-Jun-2017_rpm320_doc0p035_window_0003,2inchStickout/F_08-Jun-2017_rpm320_doc0p035,validation,42,3,cv_evaluation,no_chatter,0,9.911346569424495e-05
turning,pca_image_reconstruction,reconstruction_mse,2inchStickout_F_08-Jun-2017_rpm320_doc0p035_window_0004,2inchStickout/F_08-Jun-2017_rpm320_doc0p035,train,42,3,cv_evaluation,no_chatter,0,0.00046774285146966577
turning,pca_image_reconstruction,reconstruction_mse,2inchStickout_F_08-Jun-2017_rpm320_doc0p035_window_0005,2inchStickout/F_08-Jun-2017_rpm320_doc0p035,train,42,3,cv_evaluation,no_chatter,0,0.0002246628573630005
turning,pca_image_reconstruction,reconstruction_mse,2inchStickout_F_08-Jun-2017_rpm320_doc0p035_window_0006,2inchStickout/F_08-Jun-2017_rpm320_doc0p035,train,42,3,cv_evaluation,no_chatter,0,0.00021507423662114888
turning,pca_image_reconstruction,reconstruction_mse,2inchStickout_F_08-Jun-2017_rpm320_doc0p035_window_0007,2inchStickout/F_08-Jun-2017_rpm320_doc0p035,train,42,3,cv_evaluation,no_chatter,0,0.00023169280029833317
turning,pca_image_reconstruction,reconstruction_mse,2inchStickout_F_08-Jun-2017_rpm320_doc0p035_window_0008,2inchStickout/F_08-Jun-2017_rpm320_doc0p035,train,42,3,cv_evaluation,no_chatter,0,0.00023152565700002015
turning,pca_image_reconstruction,reconstruction_mse,2inchStickout_F_08-Jun-2017_rpm320_doc0p035_window_0009,2inchStickout/F_08-Jun-2017_rpm320_doc0p035,train,42,3,cv_evaluation,no_chatter,0,0.00026221954612992704
turning,pca_image_reconstruction,reconstruction_mse,2inchStickout_F_08-Jun-2017_rpm320_doc0p035_window_0010,2inchStickout/F_08-Jun-2017_rpm320_doc0p035,train,42,3,cv_evaluation,no_chatter,0,0.0003420268767513335
turning,pca_image_reconstruction,reconstruction_mse,2inchStickout_F_08-Jun-2017_rpm320_doc0p035_window_0011,2inchStickout/F_08-Jun-2017_rpm320_doc0p035,train,42,3,cv_evaluation,no_chatter,0,0.0003446312330197543
turning,pca_image_reconstruction,reconstruction_mse,2inchStickout_F_08-Jun-2017_rpm320_doc0p035_window_0012,2inchStickout/F_08-Jun-2017_rpm320_doc0p035,train,42,3,cv_evaluation,no_chatter,0,0.0004188435268588364
turning,pca_image_reconstruction,reconstruction_mse,2inchStickout_F_08-Jun-2017_rpm320_doc0p035_window_0013,2inchStickout/F_08-Jun-2017_rpm320_doc0p035,train,42,3,cv_evaluation,no_chatter,0,0.0004071954172104597
turning,pca_image_reconstruction,reconstruction_mse,2inchStickout_F_08-Jun-2017_rpm320_doc0p035_window_0014,2inchStickout/F_08-Jun-2017_rpm320_doc0p035,train,42,3,cv_evaluation,no_chatter,0,0.0002689165121410042
turning,pca_image_reconstruction,reconstruction_mse,2inchStickout_F_08-Jun-2017_rpm320_doc0p035_window_0015,2inchStickout/F_08-Jun-2017_rpm320_doc0p035,train,42,3,cv_evaluation,no_chatter,0,0.0003510104725137353
turning,pca_image_reconstruction,reconstruction_mse,2inchStickout_F_08-Jun-2017_rpm320_doc0p035_window_0016,2inchStickout/F_08-Jun-2017_rpm320_doc0p035,train,42,3,cv_evaluation,no_chatter,0,0.00038283862522803247
turning,pca_image_reconstruction,reconstruction_mse,2inchStickout_F_08-Jun-2017_rpm320_doc0p035_window_0017,2inchStickout/F_08-Jun-2017_rpm320_doc0p035,train,42,3,cv_evaluation,no_chatter,0,0.0003883735043928027
turning,pca_image_reconstruction,reconstruction_mse,2inchStickout_F_08-Jun-2017_rpm320_doc0p035_window_0018,2inchStickout/F_08-Jun-2017_rpm320_doc0p035,train,42,3,cv_evaluation,no_chatter,0,0.00040538329631090164
turning,pca_image_reconstruction,reconstruction_mse,2inchStickout_F_08-Jun-2017_rpm320_doc0p035_window_0019,2inchStickout/F_08-Jun-2017_rpm320_doc0p035,train,42,3,cv_evaluation,no_chatter,0,0.00040973929571919143
turning,pca_image_reconstruction,reconstruction_mse,2inchStickout_F_08-Jun-2017_rpm320_doc0p035_window_0020,2inchStickout/F_08-Jun-2017_rpm320_doc0p035,validation,42,3,cv_evaluation,no_chatter,0,0.0003993285936303437
turning,pca_image_reconstruction,reconstruction_mse,2inchStickout_F_08-Jun-2017_rpm320_doc0p035_window_0021,2inchStickout/F_08-Jun-2017_rpm320_doc0p035,train,42,3,cv_evaluation,no_chatter,0,0.00043395659304223955
turning,pca_image_reconstruction,reconstruction_mse,2inchStickout_F_08-Jun-2017_rpm320_doc0p035_window_0022,2inchStickout/F_08-Jun-2017_rpm320_doc0p035,validation,42,3,cv_evaluation,no_chatter,0,0.0005148652126081288
turning,pca_image_reconstruction,reconstruction_mse,2inchStickout_F_08-Jun-2017_rpm320_doc0p035_window_0023,2inchStickout/F_08-Jun-2017_rpm320_doc0p035,train,42,3,cv_evaluation,no_chatter,0,0.0005315832095220685
turning,pca_image_reconstruction,reconstruction_mse,2inchStickout_F_08-Jun-2017_rpm320_doc0p040_window_0000,2inchStickout/F_08-Jun-2017_rpm320_doc0p040,test,42,3,cv_evaluation,no_chatter,0,1.4355050552694593e-05
turning,pca_image_reconstruction,reconstruction_mse,2inchStickout_F_08-Jun-2017_rpm320_doc0p040_window_0001,2inchStickout/F_08-Jun-2017_rpm320_doc0p040,train,42,3,cv_evaluation,no_chatter,0,1.1352905858075246e-05
turning,pca_image_reconstruction,reconstruction_mse,2inchStickout_F_08-Jun-2017_rpm320_doc0p040_window_0002,2inchStickout/F_08-Jun-2017_rpm320_doc0p040,train,42,3,cv_evaluation,no_chatter,0,1.1566190551093314e-05
turning,pca_image_reconstruction,reconstruction_mse,2inchStickout_F_08-Jun-2017_rpm320_doc0p040_window_0003,2inchStickout/F_08-Jun-2017_rpm320_doc0p040,test,42,3,cv_evaluation,no_chatter,0,0.0006478595896624029
turning,pca_image_reconstruction,reconstruction_mse,2inchStickout_F_08-Jun-2017_rpm320_doc0p040_window_0004,2inchStickout/F_08-Jun-2017_rpm320_doc0p040,test,42,3,cv_evaluation,no_chatter,0,0.0005038861418142915
turning,pca_image_reconstruction,reconstruction_mse,2inchStickout_F_08-Jun-2017_rpm320_doc0p040_window_0005,2inchStickout/F_08-Jun-2017_rpm320_doc0p040,train,42,3,cv_evaluation,no_chatter,0,0.00024005546583794057
turning,pca_image_reconstruction,reconstruction_mse,2inchStickout_F_08-Jun-2017_rpm320_doc0p040_window_0006,2inchStickout/F_08-Jun-2017_rpm320_doc0p040,train,42,3,cv_evaluation,no_chatter,0,0.00032230030046775937
turning,pca_image_reconstruction,reconstruction_mse,2inchStickout_F_08-Jun-2017_rpm320_doc0p040_window_0007,2inchStickout/F_08-Jun-2017_rpm320_doc0p040,train,42,3,cv_evaluation,no_chatter,0,0.0003815764794126153
turning,pca_image_reconstruction,reconstruction_mse,2inchStickout_F_08-Jun-2017_rpm320_doc0p040_window_0008,2inchStickout/F_08-Jun-2017_rpm320_doc0p040,train,42,3,cv_evaluation,no_chatter,0,0.000627874571364373
turning,pca_image_reconstruction,reconstruction_mse,2inchStickout_F_08-Jun-2017_rpm320_doc0p040_window_0009,2inchStickout/F_08-Jun-2017_rpm320_doc0p040,train,42,3,cv_evaluation,no_chatter,0,0.000690833549015224
turning,pca_image_reconstruction,reconstruction_mse,2inchStickout_F_08-Jun-2017_rpm320_doc0p040_window_0010,2inchStickout/F_08-Jun-2017_rpm320_doc0p040,train,42,3,cv_evaluation,no_chatter,0,0.0006372031639330089
turning,pca_image_reconstruction,reconstruction_mse,2inchStickout_F_08-Jun-2017_rpm320_doc0p040_window_0011,2inchStickout/F_08-Jun-2017_rpm320_doc0p040,train,42,3,cv_evaluation,no_chatter,0,0.0005147041520103812
turning,pca_image_reconstruction,reconstruction_mse,2inchStickout_F_08-Jun-2017_rpm320_doc0p040_window_0012,2inchStickout/F_08-Jun-2017_rpm320_doc0p040,test,42,3,cv_evaluation,no_chatter,0,0.0006291067693382502
turning,pca_image_reconstruction,reconstruction_mse,2inchStickout_F_08-Jun-2017_rpm320_doc0p040_window_0013,2inchStickout/F_08-Jun-2017_rpm320_doc0p040,train,42,3,cv_evaluation,no_chatter,0,0.0007382374606095254
turning,pca_image_reconstruction,reconstruction_mse,2inchStickout_F_08-Jun-2017_rpm320_doc0p040_window_0014,2inchStickout/F_08-Jun-2017_rpm320_doc0p040,train,42,3,cv_evaluation,no_chatter,0,0.0007873297436162829
turning,pca_image_reconstruction,reconstruction_mse,2inchStickout_F_08-Jun-2017_rpm320_doc0p040_window_0015,2inchStickout/F_08-Jun-2017_rpm320_doc0p040,train,42,3,cv_evaluation,no_chatter,0,0.0006229475839063525
turning,pca_image_reconstruction,reconstruction_mse,2inchStickout_F_08-Jun-2017_rpm320_doc0p040_window_0016,2inchStickout/F_08-Jun-2017_rpm320_doc0p040,train,42,3,cv_evaluation,no_chatter,0,0.0004080704238731414
turning,pca_image_reconstruction,reconstruction_mse,2inchStickout_F_08-Jun-2017_rpm320_doc0p040_window_0017,2inchStickout/F_08-Jun-2017_rpm320_doc0p040,train,42,3,cv_evaluation,no_chatter,0,0.0003518576850183308
turning,pca_image_reconstruction,reconstruction_mse,2inchStickout_F_08-Jun-2017_rpm320_doc0p040_window_0018,2inchStickout/F_08-Jun-2017_rpm320_doc0p040,train,42,3,cv_evaluation,no_chatter,0,0.00041089183650910854
turning,pca_image_reconstruction,reconstruction_mse,2inchStickout_F_08-Jun-2017_rpm320_doc0p040_window_0019,2inchStickout/F_08-Jun-2017_rpm320_doc0p040,train,42,3,cv_evaluation,no_chatter,0,0.00041670785867609084
turning,pca_image_reconstruction,reconstruction_mse,2inchStickout_F_08-Jun-2017_rpm320_doc0p040_window_0020,2inchStickout/F_08-Jun-2017_rpm320_doc0p040,train,42,3,cv_evaluation,no_chatter,0,0.0005192706012167037
turning,pca_image_reconstruction,reconstruction_mse,2inchStickout_F_08-Jun-2017_rpm320_doc0p040_window_0021,2inchStickout/F_08-Jun-2017_rpm320_doc0p040,train,42,3,cv_evaluation,no_chatter,0,0.000290096242679283
turning,pca_image_reconstruction,reconstruction_mse,2inchStickout_F_08-Jun-2017_rpm320_doc0p040_window_0022,2inchStickout/F_08-Jun-2017_rpm320_doc0p040,test,42,3,cv_evaluation,no_chatter,0,0.00041087163845077157
turning,pca_image_reconstruction,reconstruction_mse,2inchStickout_F_08-Jun-2017_rpm320_doc0p040_window_0023,2inchStickout/F_08-Jun-2017_rpm320_doc0p040,train,42,3,cv_evaluation,no_chatter,0,0.00029648945201188326
turning,pca_image_reconstruction,reconstruction_mse,2inchStickout_F_08-Jun-2017_rpm425_doc0p005_window_0000,2inchStickout/F_08-Jun-2017_rpm425_doc0p005,train,42,3,cv_evaluation,no_chatter,0,1.977446663659066e-05
turning,pca_image_reconstruction,reconstruction_mse,2inchStickout_F_08-Jun-2017_rpm425_doc0p005_window_0001,2inchStickout/F_08-Jun-2017_rpm425_doc0p005,train,42,3,cv_evaluation,no_chatter,0,1.8006639947998337e-05
turning,pca_image_reconstruction,reconstruction_mse,2inchStickout_F_08-Jun-2017_rpm425_doc0p005_window_0002,2inchStickout/F_08-Jun-2017_rpm425_doc0p005,train,42,3,cv_evaluation,no_chatter,0,0.000318714912282303
turning,pca_image_reconstruction,reconstruction_mse,2inchStickout_F_08-Jun-2017_rpm425_doc0p005_window_0003,2inchStickout/F_08-Jun-2017_rpm425_doc0p005,test,42,3,cv_evaluation,no_chatter,0,0.000436523841926828
turning,pca_image_reconstruction,reconstruction_mse,2inchStickout_F_08-Jun-2017_rpm425_doc0p005_window_0004,2inchStickout/F_08-Jun-2017_rpm425_doc0p005,train,42,3,cv_evaluation,no_chatter,0,0.000440272648120299
turning,pca_image_reconstruction,reconstruction_mse,2inchStickout_F_08-Jun-2017_rpm425_doc0p005_window_0005,2inchStickout/F_08-Jun-2017_rpm425_doc0p005,test,42,3,cv_evaluation,no_chatter,0,0.000451775937108323
turning,pca_image_reconstruction,reconstruction_mse,2inchStickout_F_08-Jun-2017_rpm425_doc0p005_window_0006,2inchStickout/F_08-Jun-2017_rpm425_doc0p005,train,42,3,cv_evaluation,no_chatter,0,0.0004304775793571025
turning,pca_image_reconstruction,reconstruction_mse,2inchStickout_F_08-Jun-2017_rpm425_doc0p005_window_0007,2inchStickout/F_08-Jun-2017_rpm425_doc0p005,train,42,3,cv_evaluation,no_chatter,0,0.0005494420765899122
turning,pca_image_reconstruction,reconstruction_mse,2inchStickout_F_08-Jun-2017_rpm425_doc0p015_window_0000,2inchStickout/F_08-Jun-2017_rpm425_doc0p015,train,42,3,cv_evaluation,no_chatter,0,2.1730917069362476e-05
turning,pca_image_reconstruction,reconstruction_mse,2inchStickout_F_08-Jun-2017_rpm425_doc0p015_window_0001,2inchStickout/F_08-Jun-2017_rpm425_doc0p015,train,42,3,cv_evaluation,no_chatter,0,2.1584764908766374e-05
turning,pca_image_reconstruction,reconstruction_mse,2inchStickout_F_08-Jun-2017_rpm425_doc0p015_window_0002,2inchStickout/F_08-Jun-2017_rpm425_doc0p015,train,42,3,cv_evaluation,no_chatter,0,0.00043956711306236684
turning,pca_image_reconstruction,reconstruction_mse,2inchStickout_F_08-Jun-2017_rpm425_doc0p015_window_0003,2inchStickout/F_08-Jun-2017_rpm425_doc0p015,train,42,3,cv_evaluation,no_chatter,0,0.0004513935709837824
turning,pca_image_reconstruction,reconstruction_mse,2inchStickout_F_08-Jun-2017_rpm425_doc0p015_window_0004,2inchStickout/F_08-Jun-2017_rpm425_doc0p015,train,42,3,cv_evaluation,no_chatter,0,0.0006445219623856246
turning,pca_image_reconstruction,reconstruction_mse,2inchStickout_F_08-Jun-2017_rpm425_doc0p015_window_0005,2inchStickout/F_08-Jun-2017_rpm425_doc0p015,train,42,3,cv_evaluation,no_chatter,0,0.0006929292576387525
turning,pca_image_reconstruction,reconstruction_mse,2inchStickout_F_08-Jun-2017_rpm425_doc0p015_window_0006,2inchStickout/F_08-Jun-2017_rpm425_doc0p015,train,42,3,cv_evaluation,no_chatter,0,0.0010501318611204624
turning,pca_image_reconstruction,reconstruction_mse,2inchStickout_F_08-Jun-2017_rpm425_doc0p015_window_0007,2inchStickout/F_08-Jun-2017_rpm425_doc0p015,validation,42,3,cv_evaluation,no_chatter,0,0.0011156537802889943
turning,pca_image_reconstruction,reconstruction_mse,2inchStickout_F_08-Jun-2017_rpm770_doc0p005_window_0000,2inchStickout/F_08-Jun-2017_rpm770_doc0p005,validation,42,3,cv_evaluation,chatter,1,0.0028803760651499033
turning,pca_image_reconstruction,reconstruction_mse,2inchStickout_F_08-Jun-2017_rpm770_doc0p005_window_0001,2inchStickout/F_08-Jun-2017_rpm770_doc0p005,validation,42,3,cv_evaluation,chatter,1,0.004765126388520002
turning,pca_image_reconstruction,reconstruction_mse,2inchStickout_F_08-Jun-2017_rpm770_doc0p005_window_0002,2inchStickout/F_08-Jun-2017_rpm770_doc0p005,validation,42,3,cv_evaluation,chatter,1,0.005678101442754269
turning,pca_image_reconstruction,reconstruction_mse,2inchStickout_F_08-Jun-2017_rpm770_doc0p005_window_0003,2inchStickout/F_08-Jun-2017_rpm770_doc0p005,validation,42,3,cv_evaluation,chatter,1,0.004458438605070114
turning,pca_image_reconstruction,reconstruction_mse,2inchStickout_F_08-Jun-2017_rpm770_doc0p005_window_0004,2inchStickout/F_08-Jun-2017_rpm770_doc0p005,validation,42,3,cv_evaluation,chatter,1,0.0046943421475589275
turning,pca_image_reconstruction,reconstruction_mse,2inchStickout_F_08-Jun-2017_rpm770_doc0p005_window_0005,2inchStickout/F_08-Jun-2017_rpm770_doc0p005,validation,42,3,cv_evaluation,chatter,1,0.005220443941652775
turning,pca_image_reconstruction,reconstruction_mse,2inchStickout_F_08-Jun-2017_rpm770_doc0p005_window_0006,2inchStickout/F_08-Jun-2017_rpm770_doc0p005,validation,42,3,cv_evaluation,chatter,1,0.005178868304938078
turning,pca_image_reconstruction,reconstruction_mse,2inchStickout_F_08-Jun-2017_rpm770_doc0p005_window_0007,2inchStickout/F_08-Jun-2017_rpm770_doc0p005,validation,42,3,cv_evaluation,chatter,1,0.005246568005532026
turning,pca_image_reconstruction,reconstruction_mse,2inchStickout_F_08-Jun-2017_rpm770_doc0p005_window_0008,2inchStickout/F_08-Jun-2017_rpm770_doc0p005,validation,42,3,cv_evaluation,chatter,1,0.0048436434008181095
turning,pca_image_reconstruction,reconstruction_mse,2inchStickout_F_08-Jun-2017_rpm770_doc0p005_window_0009,2inchStickout/F_08-Jun-2017_rpm770_doc0p005,validation,42,3,cv_evaluation,chatter,1,0.0046356599777936935
turning,pca_image_reconstruction,reconstruction_mse,2inchStickout_F_08-Jun-2017_rpm770_doc0p005_window_0010,2inchStickout/F_08-Jun-2017_rpm770_doc0p005,validation,42,3,cv_evaluation,chatter,1,0.004741961136460304
turning,pca_image_reconstruction,reconstruction_mse,2inchStickout_F_08-Jun-2017_rpm770_doc0p005_window_0011,2inchStickout/F_08-Jun-2017_rpm770_doc0p005,train,42,3,cv_evaluation,no_chatter,0,0.0034363281447440386
turning,pca_image_reconstruction,reconstruction_mse,2p5inchStickout_F_12-Jun-2017_rpm570_doc0p015_window_0000,2p5inchStickout/F_12-Jun-2017_rpm570_doc0p015,validation,42,3,cv_evaluation,no_chatter,0,0.00011181738955201581
turning,pca_image_reconstruction,reconstruction_mse,2p5inchStickout_F_12-Jun-2017_rpm570_doc0p015_window_0001,2p5inchStickout/F_12-Jun-2017_rpm570_doc0p015,train,42,3,cv_evaluation,no_chatter,0,0.0009681879309937358
turning,pca_image_reconstruction,reconstruction_mse,2p5inchStickout_F_12-Jun-2017_rpm570_doc0p015_window_0002,2p5inchStickout/F_12-Jun-2017_rpm570_doc0p015,train,42,3,cv_evaluation,no_chatter,0,0.0018741709645837545
turning,pca_image_reconstruction,reconstruction_mse,2p5inchStickout_F_12-Jun-2017_rpm570_doc0p015_window_0003,2p5inchStickout/F_12-Jun-2017_rpm570_doc0p015,train,42,3,cv_evaluation,no_chatter,0,0.00295306951738894
turning,pca_image_reconstruction,reconstruction_mse,2p5inchStickout_F_12-Jun-2017_rpm570_doc0p015_window_0004,2p5inchStickout/F_12-Jun-2017_rpm570_doc0p015,train,42,3,cv_evaluation,no_chatter,0,0.0010984600521624088
turning,pca_image_reconstruction,reconstruction_mse,2p5inchStickout_F_12-Jun-2017_rpm570_doc0p015_window_0005,2p5inchStickout/F_12-Jun-2017_rpm570_doc0p015,train,42,3,cv_evaluation,no_chatter,0,0.0016748796915635467
turning,pca_image_reconstruction,reconstruction_mse,2p5inchStickout_F_12-Jun-2017_rpm570_doc0p015_window_0006,2p5inchStickout/F_12-Jun-2017_rpm570_doc0p015,train,42,3,cv_evaluation,no_chatter,0,0.002222063485532999
turning,pca_image_reconstruction,reconstruction_mse,2p5inchStickout_F_12-Jun-2017_rpm570_doc0p015_window_0007,2p5inchStickout/F_12-Jun-2017_rpm570_doc0p015,train,42,3,cv_evaluation,no_chatter,0,0.0016983109526336193
turning,pca_image_reconstruction,reconstruction_mse,2p5inchStickout_F_12-Jun-2017_rpm570_doc0p015_window_0008,2p5inchStickout/F_12-Jun-2017_rpm570_doc0p015,train,42,3,cv_evaluation,no_chatter,0,0.002061523264274001
turning,pca_image_reconstruction,reconstruction_mse,2p5inchStickout_F_12-Jun-2017_rpm570_doc0p015_window_0009,2p5inchStickout/F_12-Jun-2017_rpm570_doc0p015,train,42,3,cv_evaluation,no_chatter,0,0.005465052090585232
turning,pca_image_reconstruction,reconstruction_mse,2p5inchStickout_F_12-Jun-2017_rpm770_doc0p002_window_0000,2p5inchStickout/F_12-Jun-2017_rpm770_doc0p002,train,42,3,cv_evaluation,no_chatter,0,0.00020335121371317655
turning,pca_image_reconstruction,reconstruction_mse,2p5inchStickout_F_12-Jun-2017_rpm770_doc0p002_window_0001,2p5inchStickout/F_12-Jun-2017_rpm770_doc0p002,train,42,3,cv_evaluation,no_chatter,0,0.0011324933730065823
turning,pca_image_reconstruction,reconstruction_mse,2p5inchStickout_F_12-Jun-2017_rpm770_doc0p002_window_0002,2p5inchStickout/F_12-Jun-2017_rpm770_doc0p002,train,42,3,cv_evaluation,no_chatter,0,0.006109306123107672
turning,pca_image_reconstruction,reconstruction_mse,2p5inchStickout_F_12-Jun-2017_rpm770_doc0p002_window_0003,2p5inchStickout/F_12-Jun-2017_rpm770_doc0p002,train,42,3,cv_evaluation,no_chatter,0,0.005135982763022184
turning,pca_image_reconstruction,reconstruction_mse,3inchStickout_F_12-Jun-2017_rpm570_doc0p015_window_0000,3inchStickout/F_12-Jun-2017_rpm570_doc0p015,train,42,3,cv_evaluation,no_chatter,0,2.1819669200340286e-05
turning,pca_image_reconstruction,reconstruction_mse,3inchStickout_F_12-Jun-2017_rpm570_doc0p015_window_0001,3inchStickout/F_12-Jun-2017_rpm570_doc0p015,test,42,3,cv_evaluation,no_chatter,0,2.2510101189254783e-05
turning,pca_image_reconstruction,reconstruction_mse,3inchStickout_F_12-Jun-2017_rpm570_doc0p015_window_0002,3inchStickout/F_12-Jun-2017_rpm570_doc0p015,train,42,3,cv_evaluation,no_chatter,0,0.00011996764078503475
turning,pca_image_reconstruction,reconstruction_mse,3inchStickout_F_12-Jun-2017_rpm570_doc0p015_window_0003,3inchStickout/F_12-Jun-2017_rpm570_doc0p015,train,42,3,cv_evaluation,no_chatter,0,0.0005931529449298978
turning,pca_image_reconstruction,reconstruction_mse,3inchStickout_F_12-Jun-2017_rpm570_doc0p015_window_0004,3inchStickout/F_12-Jun-2017_rpm570_doc0p015,train,42,3,cv_evaluation,no_chatter,0,0.0008794520981609821
turning,pca_image_reconstruction,reconstruction_mse,3inchStickout_F_12-Jun-2017_rpm570_doc0p015_window_0005,3inchStickout/F_12-Jun-2017_rpm570_doc0p015,train,42,3,cv_evaluation,no_chatter,0,0.0007856949232518673
turning,pca_image_reconstruction,reconstruction_mse,3inchStickout_F_12-Jun-2017_rpm570_doc0p015_window_0006,3inchStickout/F_12-Jun-2017_rpm570_doc0p015,train,42,3,cv_evaluation,no_chatter,0,0.0009947492508217692
turning,pca_image_reconstruction,reconstruction_mse,3inchStickout_F_12-Jun-2017_rpm570_doc0p015_window_0007,3inchStickout/F_12-Jun-2017_rpm570_doc0p015,train,42,3,cv_evaluation,no_chatter,0,0.0008847334538586438
turning,pca_image_reconstruction,reconstruction_mse,3inchStickout_F_12-Jun-2017_rpm570_doc0p015_window_0008,3inchStickout/F_12-Jun-2017_rpm570_doc0p015,train,42,3,cv_evaluation,no_chatter,0,0.0009597766911610961
turning,pca_image_reconstruction,reconstruction_mse,3inchStickout_F_12-Jun-2017_rpm570_doc0p015_window_0009,3inchStickout/F_12-Jun-2017_rpm570_doc0p015,train,42,3,cv_evaluation,no_chatter,0,0.0025335154496133327
turning,pca_image_reconstruction,reconstruction_mse,4p5inchStickout_F_12-Jun-2017_rpm570_doc0p010_window_0000,4p5inchStickout/F_12-Jun-2017_rpm570_doc0p010,train,42,3,cv_evaluation,no_chatter,0,9.574438990966883e-06
turning,pca_image_reconstruction,reconstruction_mse,4p5inchStickout_F_12-Jun-2017_rpm570_doc0p010_window_0001,4p5inchStickout/F_12-Jun-2017_rpm570_doc0p010,train,42,3,cv_evaluation,no_chatter,0,1.139117193815764e-05
turning,pca_image_reconstruction,reconstruction_mse,4p5inchStickout_F_12-Jun-2017_rpm570_doc0p010_window_0002,4p5inchStickout/F_12-Jun-2017_rpm570_doc0p010,test,42,3,cv_evaluation,no_chatter,0,1.0972235031658784e-05
turning,pca_image_reconstruction,reconstruction_mse,4p5inchStickout_F_12-Jun-2017_rpm570_doc0p010_window_0003,4p5inchStickout/F_12-Jun-2017_rpm570_doc0p010,train,42,3,cv_evaluation,no_chatter,0,9.320904609921854e-06
turning,pca_image_reconstruction,reconstruction_mse,4p5inchStickout_F_12-Jun-2017_rpm570_doc0p010_window_0004,4p5inchStickout/F_12-Jun-2017_rpm570_doc0p010,train,42,3,cv_evaluation,no_chatter,0,4.92121689603664e-05
turning,pca_image_reconstruction,reconstruction_mse,4p5inchStickout_F_12-Jun-2017_rpm570_doc0p010_window_0005,4p5inchStickout/F_12-Jun-2017_rpm570_doc0p010,train,42,3,cv_evaluation,no_chatter,0,0.0002876260259654373
turning,pca_image_reconstruction,reconstruction_mse,4p5inchStickout_F_12-Jun-2017_rpm570_doc0p010_window_0006,4p5inchStickout/F_12-Jun-2017_rpm570_doc0p010,train,42,3,cv_evaluation,no_chatter,0,0.0005093627260066569
turning,pca_image_reconstruction,reconstruction_mse,4p5inchStickout_F_12-Jun-2017_rpm570_doc0p010_window_0007,4p5inchStickout/F_12-Jun-2017_rpm570_doc0p010,train,42,3,cv_evaluation,no_chatter,0,0.0003517253207974136
turning,pca_image_reconstruction,reconstruction_mse,4p5inchStickout_F_12-Jun-2017_rpm570_doc0p010_window_0008,4p5inchStickout/F_12-Jun-2017_rpm570_doc0p010,train,42,3,cv_evaluation,no_chatter,0,0.000396804854972288
turning,pca_image_reconstruction,reconstruction_mse,4p5inchStickout_F_12-Jun-2017_rpm570_doc0p010_window_0009,4p5inchStickout/F_12-Jun-2017_rpm570_doc0p010,train,42,3,cv_evaluation,no_chatter,0,0.0008997280383482575
turning,pca_image_reconstruction,reconstruction_mse,4p5inchStickout_F_12-Jun-2017_rpm570_doc0p010_window_0010,4p5inchStickout/F_12-Jun-2017_rpm570_doc0p010,train,42,3,cv_evaluation,no_chatter,0,0.0004953577881678939
turning,pca_image_reconstruction,reconstruction_mse,4p5inchStickout_F_12-Jun-2017_rpm570_doc0p010_window_0011,4p5inchStickout/F_12-Jun-2017_rpm570_doc0p010,train,42,3,cv_evaluation,no_chatter,0,0.0004974292824044824
turning,pca_image_reconstruction,reconstruction_mse,4p5inchStickout_F_13-Jun-2017_rpm1030_doc0p012_window_0000,4p5inchStickout/F_13-Jun-2017_rpm1030_doc0p012,train,42,3,cv_evaluation,no_chatter,0,1.0229077815893106e-05
turning,pca_image_reconstruction,reconstruction_mse,4p5inchStickout_F_13-Jun-2017_rpm1030_doc0p012_window_0001,4p5inchStickout/F_13-Jun-2017_rpm1030_doc0p012,train,42,3,cv_evaluation,no_chatter,0,0.000978089403361082
turning,pca_image_reconstruction,reconstruction_mse,4p5inchStickout_F_13-Jun-2017_rpm1030_doc0p012_window_0002,4p5inchStickout/F_13-Jun-2017_rpm1030_doc0p012,test,42,3,cv_evaluation,no_chatter,0,0.0007075256435200572
turning,pca_image_reconstruction,reconstruction_mse,4p5inchStickout_F_13-Jun-2017_rpm1030_doc0p012_window_0003,4p5inchStickout/F_13-Jun-2017_rpm1030_doc0p012,train,42,3,cv_evaluation,no_chatter,0,0.0008497403468936682
turning,pca_image_reconstruction,reconstruction_mse,4p5inchStickout_F_13-Jun-2017_rpm1030_doc0p016_window_0000,4p5inchStickout/F_13-Jun-2017_rpm1030_doc0p016,test,42,3,cv_evaluation,no_chatter,0,1.9612611140473746e-05
turning,pca_image_reconstruction,reconstruction_mse,4p5inchStickout_F_13-Jun-2017_rpm1030_doc0p016_window_0001,4p5inchStickout/F_13-Jun-2017_rpm1030_doc0p016,train,42,3,cv_evaluation,no_chatter,0,0.0009351707994937897
turning,pca_image_reconstruction,reconstruction_mse,4p5inchStickout_F_13-Jun-2017_rpm1030_doc0p016_window_0002,4p5inchStickout/F_13-Jun-2017_rpm1030_doc0p016,train,42,3,cv_evaluation,no_chatter,0,0.0007308896165341139
turning,pca_image_reconstruction,reconstruction_mse,4p5inchStickout_F_13-Jun-2017_rpm1030_doc0p016_window_0003,4p5inchStickout/F_13-Jun-2017_rpm1030_doc0p016,train,42,3,cv_evaluation,no_chatter,0,0.00080494413850829
turning,one_class_svm_image_features,anomaly_score,2inchStickout_F_08-Jun-2017_rpm320_doc0p005_window_0000,2inchStickout/F_08-Jun-2017_rpm320_doc0p005,train,42,4,cv_evaluation,no_chatter,0,-0.0596116380582743
turning,one_class_svm_image_features,anomaly_score,2inchStickout_F_08-Jun-2017_rpm320_doc0p005_window_0001,2inchStickout/F_08-Jun-2017_rpm320_doc0p005,train,42,4,cv_evaluation,no_chatter,0,-0.0611108666026936
turning,one_class_svm_image_features,anomaly_score,2inchStickout_F_08-Jun-2017_rpm320_doc0p005_window_0002,2inchStickout/F_08-Jun-2017_rpm320_doc0p005,train,42,4,cv_evaluation,no_chatter,0,-0.05970080059677185
turning,one_class_svm_image_features,anomaly_score,2inchStickout_F_08-Jun-2017_rpm320_doc0p005_window_0003,2inchStickout/F_08-Jun-2017_rpm320_doc0p005,train,42,4,cv_evaluation,no_chatter,0,-0.06376832773205221
turning,one_class_svm_image_features,anomaly_score,2inchStickout_F_08-Jun-2017_rpm320_doc0p005_window_0004,2inchStickout/F_08-Jun-2017_rpm320_doc0p005,train,42,4,cv_evaluation,no_chatter,0,-0.07619845428478911
turning,one_class_svm_image_features,anomaly_score,2inchStickout_F_08-Jun-2017_rpm320_doc0p005_window_0005,2inchStickout/F_08-Jun-2017_rpm320_doc0p005,validation,42,4,cv_evaluation,no_chatter,0,0.9747657965874561
turning,one_class_svm_image_features,anomaly_score,2inchStickout_F_08-Jun-2017_rpm320_doc0p005_window_0006,2inchStickout/F_08-Jun-2017_rpm320_doc0p005,validation,42,4,cv_evaluation,chatter,1,1.2911495243744642
turning,one_class_svm_image_features,anomaly_score,2inchStickout_F_08-Jun-2017_rpm320_doc0p005_window_0007,2inchStickout/F_08-Jun-2017_rpm320_doc0p005,validation,42,4,cv_evaluation,chatter,1,0.7965486116743893
turning,one_class_svm_image_features,anomaly_score,2inchStickout_F_08-Jun-2017_rpm320_doc0p005_window_0008,2inchStickout/F_08-Jun-2017_rpm320_doc0p005,validation,42,4,cv_evaluation,chatter,1,1.4347678529140369
turning,one_class_svm_image_features,anomaly_score,2inchStickout_F_08-Jun-2017_rpm320_doc0p005_window_0009,2inchStickout/F_08-Jun-2017_rpm320_doc0p005,validation,42,4,cv_evaluation,chatter,1,0.6309896213629751
turning,one_class_svm_image_features,anomaly_score,2inchStickout_F_08-Jun-2017_rpm320_doc0p005_window_0010,2inchStickout/F_08-Jun-2017_rpm320_doc0p005,validation,42,4,cv_evaluation,chatter,1,0.3542874329597978
turning,one_class_svm_image_features,anomaly_score,2inchStickout_F_08-Jun-2017_rpm320_doc0p005_window_0011,2inchStickout/F_08-Jun-2017_rpm320_doc0p005,validation,42,4,cv_evaluation,chatter,1,0.355857959974317
turning,one_class_svm_image_features,anomaly_score,2inchStickout_F_08-Jun-2017_rpm320_doc0p005_window_0012,2inchStickout/F_08-Jun-2017_rpm320_doc0p005,train,42,4,cv_evaluation,no_chatter,0,0.20255296059652061
turning,one_class_svm_image_features,anomaly_score,2inchStickout_F_08-Jun-2017_rpm320_doc0p005_window_0013,2inchStickout/F_08-Jun-2017_rpm320_doc0p005,train,42,4,cv_evaluation,no_chatter,0,0.06945342663617105
turning,one_class_svm_image_features,anomaly_score,2inchStickout_F_08-Jun-2017_rpm320_doc0p005_window_0014,2inchStickout/F_08-Jun-2017_rpm320_doc0p005,train,42,4,cv_evaluation,no_chatter,0,0.11099721338766866
turning,one_class_svm_image_features,anomaly_score,2inchStickout_F_08-Jun-2017_rpm320_doc0p005_window_0015,2inchStickout/F_08-Jun-2017_rpm320_doc0p005,train,42,4,cv_evaluation,no_chatter,0,0.06015624128830255
turning,one_class_svm_image_features,anomaly_score,2inchStickout_F_08-Jun-2017_rpm320_doc0p005_window_0016,2inchStickout/F_08-Jun-2017_rpm320_doc0p005,train,42,4,cv_evaluation,no_chatter,0,0.08954474485309816
turning,one_class_svm_image_features,anomaly_score,2inchStickout_F_08-Jun-2017_rpm320_doc0p005_window_0017,2inchStickout/F_08-Jun-2017_rpm320_doc0p005,train,42,4,cv_evaluation,no_chatter,0,0.0385107169498069
turning,one_class_svm_image_features,anomaly_score,2inchStickout_F_08-Jun-2017_rpm320_doc0p005_window_0018,2inchStickout/F_08-Jun-2017_rpm320_doc0p005,train,42,4,cv_evaluation,no_chatter,0,0.006274202131642648
turning,one_class_svm_image_features,anomaly_score,2inchStickout_F_08-Jun-2017_rpm320_doc0p005_window_0019,2inchStickout/F_08-Jun-2017_rpm320_doc0p005,train,42,4,cv_evaluation,no_chatter,0,-0.14591883363381442
turning,one_class_svm_image_features,anomaly_score,2inchStickout_F_08-Jun-2017_rpm320_doc0p005_window_0020,2inchStickout/F_08-Jun-2017_rpm320_doc0p005,train,42,4,cv_evaluation,no_chatter,0,-0.23165176896384176
turning,one_class_svm_image_features,anomaly_score,2inchStickout_F_08-Jun-2017_rpm320_doc0p005_window_0021,2inchStickout/F_08-Jun-2017_rpm320_doc0p005,train,42,4,cv_evaluation,no_chatter,0,-0.2638887925828639
turning,one_class_svm_image_features,anomaly_score,2inchStickout_F_08-Jun-2017_rpm320_doc0p005_window_0022,2inchStickout/F_08-Jun-2017_rpm320_doc0p005,train,42,4,cv_evaluation,no_chatter,0,-0.084221636981332
turning,one_class_svm_image_features,anomaly_score,2inchStickout_F_08-Jun-2017_rpm320_doc0p005_window_0023,2inchStickout/F_08-Jun-2017_rpm320_doc0p005,train,42,4,cv_evaluation,no_chatter,0,-0.2784780960720288
turning,one_class_svm_image_features,anomaly_score,2inchStickout_F_08-Jun-2017_rpm320_doc0p030_window_0000,2inchStickout/F_08-Jun-2017_rpm320_doc0p030,train,42,4,cv_evaluation,no_chatter,0,-0.057337074562535895
turning,one_class_svm_image_features,anomaly_score,2inchStickout_F_08-Jun-2017_rpm320_doc0p030_window_0001,2inchStickout/F_08-Jun-2017_rpm320_doc0p030,train,42,4,cv_evaluation,no_chatter,0,-0.05116863445212161
turning,one_class_svm_image_features,anomaly_score,2inchStickout_F_08-Jun-2017_rpm320_doc0p030_window_0002,2inchStickout/F_08-Jun-2017_rpm320_doc0p030,train,42,4,cv_evaluation,no_chatter,0,-0.05633337990271925
turning,one_class_svm_image_features,anomaly_score,2inchStickout_F_08-Jun-2017_rpm320_doc0p030_window_0003,2inchStickout/F_08-Jun-2017_rpm320_doc0p030,train,42,4,cv_evaluation,no_chatter,0,-0.06034700900064793
turning,one_class_svm_image_features,anomaly_score,2inchStickout_F_08-Jun-2017_rpm320_doc0p030_window_0004,2inchStickout/F_08-Jun-2017_rpm320_doc0p030,train,42,4,cv_evaluation,no_chatter,0,-0.2591018510817793
turning,one_class_svm_image_features,anomaly_score,2inchStickout_F_08-Jun-2017_rpm320_doc0p030_window_0005,2inchStickout/F_08-Jun-2017_rpm320_doc0p030,train,42,4,cv_evaluation,no_chatter,0,-0.3135837979861986
turning,one_class_svm_image_features,anomaly_score,2inchStickout_F_08-Jun-2017_rpm320_doc0p030_window_0006,2inchStickout/F_08-Jun-2017_rpm320_doc0p030,train,42,4,cv_evaluation,no_chatter,0,-0.31425974906423204
turning,one_class_svm_image_features,anomaly_score,2inchStickout_F_08-Jun-2017_rpm320_doc0p030_window_0007,2inchStickout/F_08-Jun-2017_rpm320_doc0p030,train,42,4,cv_evaluation,no_chatter,0,-0.2981578481075511
turning,one_class_svm_image_features,anomaly_score,2inchStickout_F_08-Jun-2017_rpm320_doc0p030_window_0008,2inchStickout/F_08-Jun-2017_rpm320_doc0p030,train,42,4,cv_evaluation,no_chatter,0,-0.34260269955725375
turning,one_class_svm_image_features,anomaly_score,2inchStickout_F_08-Jun-2017_rpm320_doc0p030_window_0009,2inchStickout/F_08-Jun-2017_rpm320_doc0p030,train,42,4,cv_evaluation,no_chatter,0,-0.3837565207417084
turning,one_class_svm_image_features,anomaly_score,2inchStickout_F_08-Jun-2017_rpm320_doc0p030_window_0010,2inchStickout/F_08-Jun-2017_rpm320_doc0p030,train,42,4,cv_evaluation,no_chatter,0,-0.3419403665141294
turning,one_class_svm_image_features,anomaly_score,2inchStickout_F_08-Jun-2017_rpm320_doc0p030_window_0011,2inchStickout/F_08-Jun-2017_rpm320_doc0p030,validation,42,4,cv_evaluation,no_chatter,0,-0.3559121553959901
turning,one_class_svm_image_features,anomaly_score,2inchStickout_F_08-Jun-2017_rpm320_doc0p030_window_0012,2inchStickout/F_08-Jun-2017_rpm320_doc0p030,validation,42,4,cv_evaluation,no_chatter,0,-0.33979009122728154
turning,one_class_svm_image_features,anomaly_score,2inchStickout_F_08-Jun-2017_rpm320_doc0p030_window_0013,2inchStickout/F_08-Jun-2017_rpm320_doc0p030,train,42,4,cv_evaluation,no_chatter,0,-0.406817066521032
turning,one_class_svm_image_features,anomaly_score,2inchStickout_F_08-Jun-2017_rpm320_doc0p030_window_0014,2inchStickout/F_08-Jun-2017_rpm320_doc0p030,train,42,4,cv_evaluation,no_chatter,0,-0.3475163019590164
turning,one_class_svm_image_features,anomaly_score,2inchStickout_F_08-Jun-2017_rpm320_doc0p030_window_0015,2inchStickout/F_08-Jun-2017_rpm320_doc0p030,train,42,4,cv_evaluation,no_chatter,0,-0.3594543722614323
turning,one_class_svm_image_features,anomaly_score,2inchStickout_F_08-Jun-2017_rpm320_doc0p030_window_0016,2inchStickout/F_08-Jun-2017_rpm320_doc0p030,train,42,4,cv_evaluation,no_chatter,0,-0.31533103136828644
turning,one_class_svm_image_features,anomaly_score,2inchStickout_F_08-Jun-2017_rpm320_doc0p030_window_0017,2inchStickout/F_08-Jun-2017_rpm320_doc0p030,train,42,4,cv_evaluation,no_chatter,0,-0.35451832079159473
turning,one_class_svm_image_features,anomaly_score,2inchStickout_F_08-Jun-2017_rpm320_doc0p030_window_0018,2inchStickout/F_08-Jun-2017_rpm320_doc0p030,train,42,4,cv_evaluation,no_chatter,0,-0.28527409852149765
turning,one_class_svm_image_features,anomaly_score,2inchStickout_F_08-Jun-2017_rpm320_doc0p030_window_0019,2inchStickout/F_08-Jun-2017_rpm320_doc0p030,validation,42,4,cv_evaluation,no_chatter,0,-0.1427897007789003
turning,one_class_svm_image_features,anomaly_score,2inchStickout_F_08-Jun-2017_rpm320_doc0p030_window_0020,2inchStickout/F_08-Jun-2017_rpm320_doc0p030,validation,42,4,cv_evaluation,no_chatter,0,-0.09254631363980148
turning,one_class_svm_image_features,anomaly_score,2inchStickout_F_08-Jun-2017_rpm320_doc0p030_window_0021,2inchStickout/F_08-Jun-2017_rpm320_doc0p030,train,42,4,cv_evaluation,no_chatter,0,-0.12715690106134447
turning,one_class_svm_image_features,anomaly_score,2inchStickout_F_08-Jun-2017_rpm320_doc0p030_window_0022,2inchStickout/F_08-Jun-2017_rpm320_doc0p030,train,42,4,cv_evaluation,no_chatter,0,0.059602619537731716
turning,one_class_svm_image_features,anomaly_score,2inchStickout_F_08-Jun-2017_rpm320_doc0p030_window_0023,2inchStickout/F_08-Jun-2017_rpm320_doc0p030,train,42,4,cv_evaluation,no_chatter,0,0.014606421338277498
turning,one_class_svm_image_features,anomaly_score,2inchStickout_F_08-Jun-2017_rpm425_doc0p017_window_0000,2inchStickout/F_08-Jun-2017_rpm425_doc0p017,train,42,4,cv_evaluation,no_chatter,0,-0.041310384866593886
turning,one_class_svm_image_features,anomaly_score,2inchStickout_F_08-Jun-2017_rpm425_doc0p017_window_0001,2inchStickout/F_08-Jun-2017_rpm425_doc0p017,train,42,4,cv_evaluation,no_chatter,0,-0.16010694831315697
turning,one_class_svm_image_features,anomaly_score,2inchStickout_F_08-Jun-2017_rpm425_doc0p017_window_0002,2inchStickout/F_08-Jun-2017_rpm425_doc0p017,validation,42,4,cv_evaluation,no_chatter,0,-0.4111799099976907
turning,one_class_svm_image_features,anomaly_score,2inchStickout_F_08-Jun-2017_rpm425_doc0p017_window_0003,2inchStickout/F_08-Jun-2017_rpm425_doc0p017,validation,42,4,cv_evaluation,no_chatter,0,-0.4334926348111021
turning,one_class_svm_image_features,anomaly_score,2inchStickout_F_08-Jun-2017_rpm425_doc0p017_window_0004,2inchStickout/F_08-Jun-2017_rpm425_doc0p017,validation,42,4,cv_evaluation,no_chatter,0,-0.2788108160901317
turning,one_class_svm_image_features,anomaly_score,2inchStickout_F_08-Jun-2017_rpm425_doc0p017_window_0005,2inchStickout/F_08-Jun-2017_rpm425_doc0p017,validation,42,4,cv_evaluation,no_chatter,0,-0.3428659133433165
turning,one_class_svm_image_features,anomaly_score,2inchStickout_F_08-Jun-2017_rpm425_doc0p017_window_0006,2inchStickout/F_08-Jun-2017_rpm425_doc0p017,train,42,4,cv_evaluation,no_chatter,0,-0.5314652790924235
turning,one_class_svm_image_features,anomaly_score,2inchStickout_F_08-Jun-2017_rpm425_doc0p017_window_0007,2inchStickout/F_08-Jun-2017_rpm425_doc0p017,train,42,4,cv_evaluation,no_chatter,0,-0.02782361016072432
turning,one_class_svm_image_features,anomaly_score,2inchStickout_F_08-Jun-2017_rpm570_doc0p010_window_0000,2inchStickout/F_08-Jun-2017_rpm570_doc0p010,test,42,4,cv_evaluation,no_chatter,0,-0.01926174053850227
turning,one_class_svm_image_features,anomaly_score,2inchStickout_F_08-Jun-2017_rpm570_doc0p010_window_0001,2inchStickout/F_08-Jun-2017_rpm570_doc0p010,test,42,4,cv_evaluation,no_chatter,0,-0.2000371046742424
turning,one_class_svm_image_features,anomaly_score,2inchStickout_F_08-Jun-2017_rpm570_doc0p010_window_0002,2inchStickout/F_08-Jun-2017_rpm570_doc0p010,test,42,4,cv_evaluation,chatter,1,0.5956962822517001
turning,one_class_svm_image_features,anomaly_score,2inchStickout_F_08-Jun-2017_rpm570_doc0p010_window_0003,2inchStickout/F_08-Jun-2017_rpm570_doc0p010,test,42,4,cv_evaluation,chatter,1,0.335281056191586
turning,one_class_svm_image_features,anomaly_score,2inchStickout_F_08-Jun-2017_rpm570_doc0p010_window_0004,2inchStickout/F_08-Jun-2017_rpm570_doc0p010,test,42,4,cv_evaluation,chatter,1,1.423699636906788
turning,one_class_svm_image_features,anomaly_score,2inchStickout_F_08-Jun-2017_rpm570_doc0p010_window_0005,2inchStickout/F_08-Jun-2017_rpm570_doc0p010,test,42,4,cv_evaluation,chatter,1,1.455085700834667
turning,one_class_svm_image_features,anomaly_score,2inchStickout_F_08-Jun-2017_rpm770_doc0p002_window_0000,2inchStickout/F_08-Jun-2017_rpm770_doc0p002,train,42,4,cv_evaluation,no_chatter,0,-0.08090086189902457
turning,one_class_svm_image_features,anomaly_score,2inchStickout_F_08-Jun-2017_rpm770_doc0p002_window_0001,2inchStickout/F_08-Jun-2017_rpm770_doc0p002,validation,42,4,cv_evaluation,chatter,1,1.2817366758498694
turning,one_class_svm_image_features,anomaly_score,2inchStickout_F_08-Jun-2017_rpm770_doc0p002_window_0002,2inchStickout/F_08-Jun-2017_rpm770_doc0p002,validation,42,4,cv_evaluation,chatter,1,1.4551084815783206
turning,one_class_svm_image_features,anomaly_score,2inchStickout_F_08-Jun-2017_rpm770_doc0p002_window_0003,2inchStickout/F_08-Jun-2017_rpm770_doc0p002,train,42,4,cv_evaluation,no_chatter,0,0.05521312491268948
turning,one_class_svm_image_features,anomaly_score,2inchStickout_F_08-Jun-2017_rpm770_doc0p002_window_0004,2inchStickout/F_08-Jun-2017_rpm770_doc0p002,validation,42,4,cv_evaluation,chatter,1,-0.10925366441059348
turning,one_class_svm_image_features,anomaly_score,2inchStickout_F_08-Jun-2017_rpm770_doc0p002_window_0005,2inchStickout/F_08-Jun-2017_rpm770_doc0p002,train,42,4,cv_evaluation,no_chatter,0,-0.14613150950955012
turning,one_class_svm_image_features,anomaly_score,2inchStickout_F_08-Jun-2017_rpm770_doc0p002_window_0006,2inchStickout/F_08-Jun-2017_rpm770_doc0p002,train,42,4,cv_evaluation,no_chatter,0,1.4193797105934975
turning,one_class_svm_image_features,anomaly_score,2inchStickout_F_08-Jun-2017_rpm770_doc0p002_window_0007,2inchStickout/F_08-Jun-2017_rpm770_doc0p002,validation,42,4,cv_evaluation,chatter,1,1.2800296543024827
turning,one_class_svm_image_features,anomaly_score,2p5inchStickout_F_12-Jun-2017_rpm570_doc0p005_window_0000,2p5inchStickout/F_12-Jun-2017_rpm570_doc0p005,test,42,4,cv_evaluation,no_chatter,0,-0.07340691389657938
turning,one_class_svm_image_features,anomaly_score,2p5inchStickout_F_12-Jun-2017_rpm570_doc0p005_window_0001,2p5inchStickout/F_12-Jun-2017_rpm570_doc0p005,train,42,4,cv_evaluation,no_chatter,0,-0.07534233446917593
turning,one_class_svm_image_features,anomaly_score,2p5inchStickout_F_12-Jun-2017_rpm570_doc0p005_window_0002,2p5inchStickout/F_12-Jun-2017_rpm570_doc0p005,train,42,4,cv_evaluation,no_chatter,0,-0.36298799380935276
turning,one_class_svm_image_features,anomaly_score,2p5inchStickout_F_12-Jun-2017_rpm570_doc0p005_window_0003,2p5inchStickout/F_12-Jun-2017_rpm570_doc0p005,train,42,4,cv_evaluation,no_chatter,0,-0.40592436323891956
turning,one_class_svm_image_features,anomaly_score,2p5inchStickout_F_12-Jun-2017_rpm570_doc0p005_window_0004,2p5inchStickout/F_12-Jun-2017_rpm570_doc0p005,test,42,4,cv_evaluation,no_chatter,0,-0.3108596701477224
turning,one_class_svm_image_features,anomaly_score,2p5inchStickout_F_12-Jun-2017_rpm570_doc0p005_window_0005,2p5inchStickout/F_12-Jun-2017_rpm570_doc0p005,train,42,4,cv_evaluation,no_chatter,0,-0.22482453217207898
turning,one_class_svm_image_features,anomaly_score,2p5inchStickout_F_12-Jun-2017_rpm570_doc0p005_window_0006,2p5inchStickout/F_12-Jun-2017_rpm570_doc0p005,train,42,4,cv_evaluation,no_chatter,0,-0.3730858947131115
turning,one_class_svm_image_features,anomaly_score,2p5inchStickout_F_12-Jun-2017_rpm570_doc0p005_window_0007,2p5inchStickout/F_12-Jun-2017_rpm570_doc0p005,train,42,4,cv_evaluation,no_chatter,0,-0.38629481546726163
turning,one_class_svm_image_features,anomaly_score,2p5inchStickout_F_12-Jun-2017_rpm570_doc0p005_window_0008,2p5inchStickout/F_12-Jun-2017_rpm570_doc0p005,test,42,4,cv_evaluation,no_chatter,0,0.15922462973576246
turning,one_class_svm_image_features,anomaly_score,2p5inchStickout_F_12-Jun-2017_rpm570_doc0p005_window_0009,2p5inchStickout/F_12-Jun-2017_rpm570_doc0p005,train,42,4,cv_evaluation,no_chatter,0,-0.012634180212129031
turning,one_class_svm_image_features,anomaly_score,2p5inchStickout_F_12-Jun-2017_rpm570_doc0p010_window_0000,2p5inchStickout/F_12-Jun-2017_rpm570_doc0p010,train,42,4,cv_evaluation,no_chatter,0,-0.1253174640069592
turning,one_class_svm_image_features,anomaly_score,2p5inchStickout_F_12-Jun-2017_rpm570_doc0p010_window_0001,2p5inchStickout/F_12-Jun-2017_rpm570_doc0p010,train,42,4,cv_evaluation,no_chatter,0,-0.2980433270738394
turning,one_class_svm_image_features,anomaly_score,2p5inchStickout_F_12-Jun-2017_rpm570_doc0p010_window_0002,2p5inchStickout/F_12-Jun-2017_rpm570_doc0p010,train,42,4,cv_evaluation,no_chatter,0,-0.39283012242605286
turning,one_class_svm_image_features,anomaly_score,2p5inchStickout_F_12-Jun-2017_rpm570_doc0p010_window_0003,2p5inchStickout/F_12-Jun-2017_rpm570_doc0p010,test,42,4,cv_evaluation,no_chatter,0,-0.3827475924749435
turning,one_class_svm_image_features,anomaly_score,2p5inchStickout_F_12-Jun-2017_rpm570_doc0p010_window_0004,2p5inchStickout/F_12-Jun-2017_rpm570_doc0p010,train,42,4,cv_evaluation,no_chatter,0,-0.3959183370416881
turning,one_class_svm_image_features,anomaly_score,2p5inchStickout_F_12-Jun-2017_rpm570_doc0p010_window_0005,2p5inchStickout/F_12-Jun-2017_rpm570_doc0p010,train,42,4,cv_evaluation,no_chatter,0,-0.40338128920724303
turning,one_class_svm_image_features,anomaly_score,2p5inchStickout_F_12-Jun-2017_rpm570_doc0p010_window_0006,2p5inchStickout/F_12-Jun-2017_rpm570_doc0p010,test,42,4,cv_evaluation,no_chatter,0,-0.23237283599362524
turning,one_class_svm_image_features,anomaly_score,2p5inchStickout_F_12-Jun-2017_rpm570_doc0p010_window_0007,2p5inchStickout/F_12-Jun-2017_rpm570_doc0p010,train,42,4,cv_evaluation,no_chatter,0,-0.3858306198770136
turning,one_class_svm_image_features,anomaly_score,2p5inchStickout_F_12-Jun-2017_rpm570_doc0p010_window_0008,2p5inchStickout/F_12-Jun-2017_rpm570_doc0p010,train,42,4,cv_evaluation,no_chatter,0,-0.4452307110447249
turning,one_class_svm_image_features,anomaly_score,2p5inchStickout_F_12-Jun-2017_rpm570_doc0p010_window_0009,2p5inchStickout/F_12-Jun-2017_rpm570_doc0p010,test,42,4,cv_evaluation,no_chatter,0,-0.4173813809323279
turning,one_class_svm_image_features,anomaly_score,3p5inchStickout_F_14-Jun-2017_rpm770_doc0p005_window_0000,3p5inchStickout/F_14-Jun-2017_rpm770_doc0p005,validation,42,4,cv_evaluation,no_chatter,0,-0.07011338039261306
turning,one_class_svm_image_features,anomaly_score,3p5inchStickout_F_14-Jun-2017_rpm770_doc0p005_window_0001,3p5inchStickout/F_14-Jun-2017_rpm770_doc0p005,train,42,4,cv_evaluation,no_chatter,0,0.051655598144518144
turning,one_class_svm_image_features,anomaly_score,3p5inchStickout_F_14-Jun-2017_rpm770_doc0p005_window_0002,3p5inchStickout/F_14-Jun-2017_rpm770_doc0p005,train,42,4,cv_evaluation,no_chatter,0,-0.2530497643319476
turning,one_class_svm_image_features,anomaly_score,3p5inchStickout_F_14-Jun-2017_rpm770_doc0p005_window_0003,3p5inchStickout/F_14-Jun-2017_rpm770_doc0p005,train,42,4,cv_evaluation,no_chatter,0,-0.10973194272276499
turning,one_class_svm_image_features,anomaly_score,4p5inchStickout_F_12-Jun-2017_rpm570_doc0p015_window_0000,4p5inchStickout/F_12-Jun-2017_rpm570_doc0p015,train,42,4,cv_evaluation,no_chatter,0,-0.005785128374760529
turning,one_class_svm_image_features,anomaly_score,4p5inchStickout_F_12-Jun-2017_rpm570_doc0p015_window_0001,4p5inchStickout/F_12-Jun-2017_rpm570_doc0p015,train,42,4,cv_evaluation,no_chatter,0,-0.00749103031799625
turning,one_class_svm_image_features,anomaly_score,4p5inchStickout_F_12-Jun-2017_rpm570_doc0p015_window_0002,4p5inchStickout/F_12-Jun-2017_rpm570_doc0p015,train,42,4,cv_evaluation,no_chatter,0,-0.01007673548111887
turning,one_class_svm_image_features,anomaly_score,4p5inchStickout_F_12-Jun-2017_rpm570_doc0p015_window_0003,4p5inchStickout/F_12-Jun-2017_rpm570_doc0p015,train,42,4,cv_evaluation,no_chatter,0,-0.007312802046420597
turning,one_class_svm_image_features,anomaly_score,4p5inchStickout_F_12-Jun-2017_rpm570_doc0p015_window_0004,4p5inchStickout/F_12-Jun-2017_rpm570_doc0p015,train,42,4,cv_evaluation,no_chatter,0,-0.03284925412822326
turning,one_class_svm_image_features,anomaly_score,4p5inchStickout_F_12-Jun-2017_rpm570_doc0p015_window_0005,4p5inchStickout/F_12-Jun-2017_rpm570_doc0p015,train,42,4,cv_evaluation,no_chatter,0,-0.22073259297987002
turning,one_class_svm_image_features,anomaly_score,4p5inchStickout_F_12-Jun-2017_rpm570_doc0p015_window_0006,4p5inchStickout/F_12-Jun-2017_rpm570_doc0p015,train,42,4,cv_evaluation,no_chatter,0,-0.1628826703332764
turning,one_class_svm_image_features,anomaly_score,4p5inchStickout_F_12-Jun-2017_rpm570_doc0p015_window_0007,4p5inchStickout/F_12-Jun-2017_rpm570_doc0p015,train,42,4,cv_evaluation,no_chatter,0,-0.13266969648170135
turning,one_class_svm_image_features,anomaly_score,4p5inchStickout_F_12-Jun-2017_rpm570_doc0p015_window_0008,4p5inchStickout/F_12-Jun-2017_rpm570_doc0p015,train,42,4,cv_evaluation,no_chatter,0,-0.19718144428667617
turning,one_class_svm_image_features,anomaly_score,4p5inchStickout_F_12-Jun-2017_rpm570_doc0p015_window_0009,4p5inchStickout/F_12-Jun-2017_rpm570_doc0p015,train,42,4,cv_evaluation,no_chatter,0,-0.24108678477194956
turning,one_class_svm_image_features,anomaly_score,4p5inchStickout_F_12-Jun-2017_rpm570_doc0p015_window_0010,4p5inchStickout/F_12-Jun-2017_rpm570_doc0p015,train,42,4,cv_evaluation,no_chatter,0,-0.16555136111826152
turning,one_class_svm_image_features,anomaly_score,4p5inchStickout_F_12-Jun-2017_rpm570_doc0p015_window_0011,4p5inchStickout/F_12-Jun-2017_rpm570_doc0p015,train,42,4,cv_evaluation,no_chatter,0,-0.1269950787565124
turning,one_class_svm_image_features,anomaly_score,4p5inchStickout_F_12-Jun-2017_rpm570_doc0p025_window_0000,4p5inchStickout/F_12-Jun-2017_rpm570_doc0p025,train,42,4,cv_evaluation,no_chatter,0,-0.00872258764837186
turning,one_class_svm_image_features,anomaly_score,4p5inchStickout_F_12-Jun-2017_rpm570_doc0p025_window_0001,4p5inchStickout/F_12-Jun-2017_rpm570_doc0p025,train,42,4,cv_evaluation,no_chatter,0,-0.005010293821023248
turning,one_class_svm_image_features,anomaly_score,4p5inchStickout_F_12-Jun-2017_rpm570_doc0p025_window_0002,4p5inchStickout/F_12-Jun-2017_rpm570_doc0p025,train,42,4,cv_evaluation,no_chatter,0,-0.007744221254227135
turning,one_class_svm_image_features,anomaly_score,4p5inchStickout_F_12-Jun-2017_rpm570_doc0p025_window_0003,4p5inchStickout/F_12-Jun-2017_rpm570_doc0p025,train,42,4,cv_evaluation,no_chatter,0,-0.01074898176084882
turning,one_class_svm_image_features,anomaly_score,4p5inchStickout_F_12-Jun-2017_rpm570_doc0p025_window_0004,4p5inchStickout/F_12-Jun-2017_rpm570_doc0p025,train,42,4,cv_evaluation,no_chatter,0,-0.04839640128381295
turning,one_class_svm_image_features,anomaly_score,4p5inchStickout_F_12-Jun-2017_rpm570_doc0p025_window_0005,4p5inchStickout/F_12-Jun-2017_rpm570_doc0p025,train,42,4,cv_evaluation,no_chatter,0,-0.14473520766168257
turning,one_class_svm_image_features,anomaly_score,4p5inchStickout_F_12-Jun-2017_rpm570_doc0p025_window_0006,4p5inchStickout/F_12-Jun-2017_rpm570_doc0p025,test,42,4,cv_evaluation,no_chatter,0,-0.19079188459040242
turning,one_class_svm_image_features,anomaly_score,4p5inchStickout_F_12-Jun-2017_rpm570_doc0p025_window_0007,4p5inchStickout/F_12-Jun-2017_rpm570_doc0p025,train,42,4,cv_evaluation,no_chatter,0,-0.1907783936879719
turning,one_class_svm_image_features,anomaly_score,4p5inchStickout_F_12-Jun-2017_rpm570_doc0p025_window_0008,4p5inchStickout/F_12-Jun-2017_rpm570_doc0p025,train,42,4,cv_evaluation,no_chatter,0,-0.19015815532662983
turning,one_class_svm_image_features,anomaly_score,4p5inchStickout_F_12-Jun-2017_rpm570_doc0p025_window_0009,4p5inchStickout/F_12-Jun-2017_rpm570_doc0p025,train,42,4,cv_evaluation,no_chatter,0,-0.16777864322121694
turning,one_class_svm_image_features,anomaly_score,4p5inchStickout_F_12-Jun-2017_rpm570_doc0p025_window_0010,4p5inchStickout/F_12-Jun-2017_rpm570_doc0p025,train,42,4,cv_evaluation,no_chatter,0,-0.19200922269329723
turning,one_class_svm_image_features,anomaly_score,4p5inchStickout_F_12-Jun-2017_rpm570_doc0p025_window_0011,4p5inchStickout/F_12-Jun-2017_rpm570_doc0p025,train,42,4,cv_evaluation,no_chatter,0,-0.21624530231409977
turning,one_class_svm_image_features,anomaly_score,4p5inchStickout_F_13-Jun-2017_rpm1030_doc0p010_window_0000,4p5inchStickout/F_13-Jun-2017_rpm1030_doc0p010,train,42,4,cv_evaluation,no_chatter,0,-0.0221228310324193
turning,one_class_svm_image_features,anomaly_score,4p5inchStickout_F_13-Jun-2017_rpm1030_doc0p010_window_0001,4p5inchStickout/F_13-Jun-2017_rpm1030_doc0p010,test,42,4,cv_evaluation,no_chatter,0,0.025969908704253752
turning,one_class_svm_image_features,anomaly_score,4p5inchStickout_F_13-Jun-2017_rpm1030_doc0p010_window_0002,4p5inchStickout/F_13-Jun-2017_rpm1030_doc0p010,train,42,4,cv_evaluation,no_chatter,0,-0.22211230934917015
turning,one_class_svm_image_features,anomaly_score,4p5inchStickout_F_13-Jun-2017_rpm1030_doc0p010_window_0003,4p5inchStickout/F_13-Jun-2017_rpm1030_doc0p010,train,42,4,cv_evaluation,no_chatter,0,-0.13810661195389473
turning,one_class_svm_image_features,anomaly_score,4p5inchStickout_F_13-Jun-2017_rpm1030_doc0p013_window_0000,4p5inchStickout/F_13-Jun-2017_rpm1030_doc0p013,test,42,4,cv_evaluation,no_chatter,0,-0.01759437707554401
turning,one_class_svm_image_features,anomaly_score,4p5inchStickout_F_13-Jun-2017_rpm1030_doc0p013_window_0001,4p5inchStickout/F_13-Jun-2017_rpm1030_doc0p013,train,42,4,cv_evaluation,no_chatter,0,-0.08874880432310461
turning,one_class_svm_image_features,anomaly_score,4p5inchStickout_F_13-Jun-2017_rpm1030_doc0p013_window_0002,4p5inchStickout/F_13-Jun-2017_rpm1030_doc0p013,test,42,4,cv_evaluation,no_chatter,0,-0.08941875383862019
turning,one_class_svm_image_features,anomaly_score,4p5inchStickout_F_13-Jun-2017_rpm1030_doc0p013_window_0003,4p5inchStickout/F_13-Jun-2017_rpm1030_doc0p013,train,42,4,cv_evaluation,no_chatter,0,-0.10674886416465101
turning,one_class_svm_image_features,anomaly_score,4p5inchStickout_F_13-Jun-2017_rpm770_doc0p020_window_0000,4p5inchStickout/F_13-Jun-2017_rpm770_doc0p020,train,42,4,cv_evaluation,no_chatter,0,-0.014774179770735252
turning,one_class_svm_image_features,anomaly_score,4p5inchStickout_F_13-Jun-2017_rpm770_doc0p020_window_0001,4p5inchStickout/F_13-Jun-2017_rpm770_doc0p020,train,42,4,cv_evaluation,no_chatter,0,-0.02007922832336151
turning,one_class_svm_image_features,anomaly_score,4p5inchStickout_F_13-Jun-2017_rpm770_doc0p020_window_0002,4p5inchStickout/F_13-Jun-2017_rpm770_doc0p020,test,42,4,cv_evaluation,no_chatter,0,-0.2042596791842497
turning,one_class_svm_image_features,anomaly_score,4p5inchStickout_F_13-Jun-2017_rpm770_doc0p020_window_0003,4p5inchStickout/F_13-Jun-2017_rpm770_doc0p020,train,42,4,cv_evaluation,no_chatter,0,-0.19139813665138594
turning,one_class_svm_image_features,anomaly_score,4p5inchStickout_F_13-Jun-2017_rpm770_doc0p020_window_0004,4p5inchStickout/F_13-Jun-2017_rpm770_doc0p020,train,42,4,cv_evaluation,no_chatter,0,-0.1791248964369212
turning,one_class_svm_image_features,anomaly_score,4p5inchStickout_F_13-Jun-2017_rpm770_doc0p020_window_0005,4p5inchStickout/F_13-Jun-2017_rpm770_doc0p020,train,42,4,cv_evaluation,no_chatter,0,-0.11279919540671401
turning,isolation_forest_image_features,anomaly_score,2inchStickout_F_08-Jun-2017_rpm320_doc0p005_window_0000,2inchStickout/F_08-Jun-2017_rpm320_doc0p005,train,42,4,cv_evaluation,no_chatter,0,-0.12017479351340382
turning,isolation_forest_image_features,anomaly_score,2inchStickout_F_08-Jun-2017_rpm320_doc0p005_window_0001,2inchStickout/F_08-Jun-2017_rpm320_doc0p005,train,42,4,cv_evaluation,no_chatter,0,-0.12243009891092316
turning,isolation_forest_image_features,anomaly_score,2inchStickout_F_08-Jun-2017_rpm320_doc0p005_window_0002,2inchStickout/F_08-Jun-2017_rpm320_doc0p005,train,42,4,cv_evaluation,no_chatter,0,-0.11871787161951536
turning,isolation_forest_image_features,anomaly_score,2inchStickout_F_08-Jun-2017_rpm320_doc0p005_window_0003,2inchStickout/F_08-Jun-2017_rpm320_doc0p005,train,42,4,cv_evaluation,no_chatter,0,-0.1200845765868756
turning,isolation_forest_image_features,anomaly_score,2inchStickout_F_08-Jun-2017_rpm320_doc0p005_window_0004,2inchStickout/F_08-Jun-2017_rpm320_doc0p005,train,42,4,cv_evaluation,no_chatter,0,-0.09928846160152471
turning,isolation_forest_image_features,anomaly_score,2inchStickout_F_08-Jun-2017_rpm320_doc0p005_window_0005,2inchStickout/F_08-Jun-2017_rpm320_doc0p005,validation,42,4,cv_evaluation,no_chatter,0,0.08706757487946681
turning,isolation_forest_image_features,anomaly_score,2inchStickout_F_08-Jun-2017_rpm320_doc0p005_window_0006,2inchStickout/F_08-Jun-2017_rpm320_doc0p005,validation,42,4,cv_evaluation,chatter,1,0.12199629091582476
turning,isolation_forest_image_features,anomaly_score,2inchStickout_F_08-Jun-2017_rpm320_doc0p005_window_0007,2inchStickout/F_08-Jun-2017_rpm320_doc0p005,validation,42,4,cv_evaluation,chatter,1,0.1382027694301502
turning,isolation_forest_image_features,anomaly_score,2inchStickout_F_08-Jun-2017_rpm320_doc0p005_window_0008,2inchStickout/F_08-Jun-2017_rpm320_doc0p005,validation,42,4,cv_evaluation,chatter,1,0.11601372406430843
turning,isolation_forest_image_features,anomaly_score,2inchStickout_F_08-Jun-2017_rpm320_doc0p005_window_0009,2inchStickout/F_08-Jun-2017_rpm320_doc0p005,validation,42,4,cv_evaluation,chatter,1,0.07997942673860792
turning,isolation_forest_image_features,anomaly_score,2inchStickout_F_08-Jun-2017_rpm320_doc0p005_window_0010,2inchStickout/F_08-Jun-2017_rpm320_doc0p005,validation,42,4,cv_evaluation,chatter,1,0.0440481325941503
turning,isolation_forest_image_features,anomaly_score,2inchStickout_F_08-Jun-2017_rpm320_doc0p005_window_0011,2inchStickout/F_08-Jun-2017_rpm320_doc0p005,validation,42,4,cv_evaluation,chatter,1,0.043229591260155464
turning,isolation_forest_image_features,anomaly_score,2inchStickout_F_08-Jun-2017_rpm320_doc0p005_window_0012,2inchStickout/F_08-Jun-2017_rpm320_doc0p005,train,42,4,cv_evaluation,no_chatter,0,0.0010626717919326456
turning,isolation_forest_image_features,anomaly_score,2inchStickout_F_08-Jun-2017_rpm320_doc0p005_window_0013,2inchStickout/F_08-Jun-2017_rpm320_doc0p005,train,42,4,cv_evaluation,no_chatter,0,-0.05802227408254401
turning,isolation_forest_image_features,anomaly_score,2inchStickout_F_08-Jun-2017_rpm320_doc0p005_window_0014,2inchStickout/F_08-Jun-2017_rpm320_doc0p005,train,42,4,cv_evaluation,no_chatter,0,-0.07630466182124707
turning,isolation_forest_image_features,anomaly_score,2inchStickout_F_08-Jun-2017_rpm320_doc0p005_window_0015,2inchStickout/F_08-Jun-2017_rpm320_doc0p005,train,42,4,cv_evaluation,no_chatter,0,-0.07430966740282496
turning,isolation_forest_image_features,anomaly_score,2inchStickout_F_08-Jun-2017_rpm320_doc0p005_window_0016,2inchStickout/F_08-Jun-2017_rpm320_doc0p005,train,42,4,cv_evaluation,no_chatter,0,-0.06592297685932114
turning,isolation_forest_image_features,anomaly_score,2inchStickout_F_08-Jun-2017_rpm320_doc0p005_window_0017,2inchStickout/F_08-Jun-2017_rpm320_doc0p005,train,42,4,cv_evaluation,no_chatter,0,-0.08122310189770549
turning,isolation_forest_image_features,anomaly_score,2inchStickout_F_08-Jun-2017_rpm320_doc0p005_window_0018,2inchStickout/F_08-Jun-2017_rpm320_doc0p005,train,42,4,cv_evaluation,no_chatter,0,-0.0831233355366861
turning,isolation_forest_image_features,anomaly_score,2inchStickout_F_08-Jun-2017_rpm320_doc0p005_window_0019,2inchStickout/F_08-Jun-2017_rpm320_doc0p005,train,42,4,cv_evaluation,no_chatter,0,-0.09481224671039351
turning,isolation_forest_image_features,anomaly_score,2inchStickout_F_08-Jun-2017_rpm320_doc0p005_window_0020,2inchStickout/F_08-Jun-2017_rpm320_doc0p005,train,42,4,cv_evaluation,no_chatter,0,-0.0943337868074976
turning,isolation_forest_image_features,anomaly_score,2inchStickout_F_08-Jun-2017_rpm320_doc0p005_window_0021,2inchStickout/F_08-Jun-2017_rpm320_doc0p005,train,42,4,cv_evaluation,no_chatter,0,-0.0880992226291441
turning,isolation_forest_image_features,anomaly_score,2inchStickout_F_08-Jun-2017_rpm320_doc0p005_window_0022,2inchStickout/F_08-Jun-2017_rpm320_doc0p005,train,42,4,cv_evaluation,no_chatter,0,-0.010221307267754776
turning,isolation_forest_image_features,anomaly_score,2inchStickout_F_08-Jun-2017_rpm320_doc0p005_window_0023,2inchStickout/F_08-Jun-2017_rpm320_doc0p005,train,42,4,cv_evaluation,no_chatter,0,-0.04579326184790339
turning,isolation_forest_image_features,anomaly_score,2inchStickout_F_08-Jun-2017_rpm320_doc0p030_window_0000,2inchStickout/F_08-Jun-2017_rpm320_doc0p030,train,42,4,cv_evaluation,no_chatter,0,-0.12400904219930581
turning,isolation_forest_image_features,anomaly_score,2inchStickout_F_08-Jun-2017_rpm320_doc0p030_window_0001,2inchStickout/F_08-Jun-2017_rpm320_doc0p030,train,42,4,cv_evaluation,no_chatter,0,-0.12430125551243404
turning,isolation_forest_image_features,anomaly_score,2inchStickout_F_08-Jun-2017_rpm320_doc0p030_window_0002,2inchStickout/F_08-Jun-2017_rpm320_doc0p030,train,42,4,cv_evaluation,no_chatter,0,-0.12037408735088789
turning,isolation_forest_image_features,anomaly_score,2inchStickout_F_08-Jun-2017_rpm320_doc0p030_window_0003,2inchStickout/F_08-Jun-2017_rpm320_doc0p030,train,42,4,cv_evaluation,no_chatter,0,-0.0858085698230947
turning,isolation_forest_image_features,anomaly_score,2inchStickout_F_08-Jun-2017_rpm320_doc0p030_window_0004,2inchStickout/F_08-Jun-2017_rpm320_doc0p030,train,42,4,cv_evaluation,no_chatter,0,-0.12144696335977079
turning,isolation_forest_image_features,anomaly_score,2inchStickout_F_08-Jun-2017_rpm320_doc0p030_window_0005,2inchStickout/F_08-Jun-2017_rpm320_doc0p030,train,42,4,cv_evaluation,no_chatter,0,-0.12891317010525
turning,isolation_forest_image_features,anomaly_score,2inchStickout_F_08-Jun-2017_rpm320_doc0p030_window_0006,2inchStickout/F_08-Jun-2017_rpm320_doc0p030,train,42,4,cv_evaluation,no_chatter,0,-0.13300798440437595
turning,isolation_forest_image_features,anomaly_score,2inchStickout_F_08-Jun-2017_rpm320_doc0p030_window_0007,2inchStickout/F_08-Jun-2017_rpm320_doc0p030,train,42,4,cv_evaluation,no_chatter,0,-0.1328840357040707
turning,isolation_forest_image_features,anomaly_score,2inchStickout_F_08-Jun-2017_rpm320_doc0p030_window_0008,2inchStickout/F_08-Jun-2017_rpm320_doc0p030,train,42,4,cv_evaluation,no_chatter,0,-0.12688089770529815
turning,isolation_forest_image_features,anomaly_score,2inchStickout_F_08-Jun-2017_rpm320_doc0p030_window_0009,2inchStickout/F_08-Jun-2017_rpm320_doc0p030,train,42,4,cv_evaluation,no_chatter,0,-0.1301799894036842
turning,isolation_forest_image_features,anomaly_score,2inchStickout_F_08-Jun-2017_rpm320_doc0p030_window_0010,2inchStickout/F_08-Jun-2017_rpm320_doc0p030,train,42,4,cv_evaluation,no_chatter,0,-0.13131989105549213
turning,isolation_forest_image_features,anomaly_score,2inchStickout_F_08-Jun-2017_rpm320_doc0p030_window_0011,2inchStickout/F_08-Jun-2017_rpm320_doc0p030,validation,42,4,cv_evaluation,no_chatter,0,-0.12251892303739176
turning,isolation_forest_image_features,anomaly_score,2inchStickout_F_08-Jun-2017_rpm320_doc0p030_window_0012,2inchStickout/F_08-Jun-2017_rpm320_doc0p030,validation,42,4,cv_evaluation,no_chatter,0,-0.13253914702344244
turning,isolation_forest_image_features,anomaly_score,2inchStickout_F_08-Jun-2017_rpm320_doc0p030_window_0013,2inchStickout/F_08-Jun-2017_rpm320_doc0p030,train,42,4,cv_evaluation,no_chatter,0,-0.13128882117835644
turning,isolation_forest_image_features,anomaly_score,2inchStickout_F_08-Jun-2017_rpm320_doc0p030_window_0014,2inchStickout/F_08-Jun-2017_rpm320_doc0p030,train,42,4,cv_evaluation,no_chatter,0,-0.11692331273805101
turning,isolation_forest_image_features,anomaly_score,2inchStickout_F_08-Jun-2017_rpm320_doc0p030_window_0015,2inchStickout/F_08-Jun-2017_rpm320_doc0p030,train,42,4,cv_evaluation,no_chatter,0,-0.11885585483072897
turning,isolation_forest_image_features,anomaly_score,2inchStickout_F_08-Jun-2017_rpm320_doc0p030_window_0016,2inchStickout/F_08-Jun-2017_rpm320_doc0p030,train,42,4,cv_evaluation,no_chatter,0,-0.12570553542166446
turning,isolation_forest_image_features,anomaly_score,2inchStickout_F_08-Jun-2017_rpm320_doc0p030_window_0017,2inchStickout/F_08-Jun-2017_rpm320_doc0p030,train,42,4,cv_evaluation,no_chatter,0,-0.10083262673770593
turning,isolation_forest_image_features,anomaly_score,2inchStickout_F_08-Jun-2017_rpm320_doc0p030_window_0018,2inchStickout/F_08-Jun-2017_rpm320_doc0p030,train,42,4,cv_evaluation,no_chatter,0,-0.10265370827073217
turning,isolation_forest_image_features,anomaly_score,2inchStickout_F_08-Jun-2017_rpm320_doc0p030_window_0019,2inchStickout/F_08-Jun-2017_rpm320_doc0p030,validation,42,4,cv_evaluation,no_chatter,0,-0.0759139786987495
turning,isolation_forest_image_features,anomaly_score,2inchStickout_F_08-Jun-2017_rpm320_doc0p030_window_0020,2inchStickout/F_08-Jun-2017_rpm320_doc0p030,validation,42,4,cv_evaluation,no_chatter,0,-0.05209638548923834
turning,isolation_forest_image_features,anomaly_score,2inchStickout_F_08-Jun-2017_rpm320_doc0p030_window_0021,2inchStickout/F_08-Jun-2017_rpm320_doc0p030,train,42,4,cv_evaluation,no_chatter,0,-0.07658524246313281
turning,isolation_forest_image_features,anomaly_score,2inchStickout_F_08-Jun-2017_rpm320_doc0p030_window_0022,2inchStickout/F_08-Jun-2017_rpm320_doc0p030,train,42,4,cv_evaluation,no_chatter,0,-0.032990915733149606
turning,isolation_forest_image_features,anomaly_score,2inchStickout_F_08-Jun-2017_rpm320_doc0p030_window_0023,2inchStickout/F_08-Jun-2017_rpm320_doc0p030,train,42,4,cv_evaluation,no_chatter,0,-0.021587382403106536
turning,isolation_forest_image_features,anomaly_score,2inchStickout_F_08-Jun-2017_rpm425_doc0p017_window_0000,2inchStickout/F_08-Jun-2017_rpm425_doc0p017,train,42,4,cv_evaluation,no_chatter,0,-0.12061490355780807
turning,isolation_forest_image_features,anomaly_score,2inchStickout_F_08-Jun-2017_rpm425_doc0p017_window_0001,2inchStickout/F_08-Jun-2017_rpm425_doc0p017,train,42,4,cv_evaluation,no_chatter,0,-0.11726106273973413
turning,isolation_forest_image_features,anomaly_score,2inchStickout_F_08-Jun-2017_rpm425_doc0p017_window_0002,2inchStickout/F_08-Jun-2017_rpm425_doc0p017,validation,42,4,cv_evaluation,no_chatter,0,-0.11948931346737268
turning,isolation_forest_image_features,anomaly_score,2inchStickout_F_08-Jun-2017_rpm425_doc0p017_window_0003,2inchStickout/F_08-Jun-2017_rpm425_doc0p017,validation,42,4,cv_evaluation,no_chatter,0,-0.10349336519206975
turning,isolation_forest_image_features,anomaly_score,2inchStickout_F_08-Jun-2017_rpm425_doc0p017_window_0004,2inchStickout/F_08-Jun-2017_rpm425_doc0p017,validation,42,4,cv_evaluation,no_chatter,0,-0.013268970174442951
turning,isolation_forest_image_features,anomaly_score,2inchStickout_F_08-Jun-2017_rpm425_doc0p017_window_0005,2inchStickout/F_08-Jun-2017_rpm425_doc0p017,validation,42,4,cv_evaluation,no_chatter,0,-0.03139212794506446
turning,isolation_forest_image_features,anomaly_score,2inchStickout_F_08-Jun-2017_rpm425_doc0p017_window_0006,2inchStickout/F_08-Jun-2017_rpm425_doc0p017,train,42,4,cv_evaluation,no_chatter,0,-0.10711645279198329
turning,isolation_forest_image_features,anomaly_score,2inchStickout_F_08-Jun-2017_rpm425_doc0p017_window_0007,2inchStickout/F_08-Jun-2017_rpm425_doc0p017,train,42,4,cv_evaluation,no_chatter,0,0.01814579661229132
turning,isolation_forest_image_features,anomaly_score,2inchStickout_F_08-Jun-2017_rpm570_doc0p010_window_0000,2inchStickout/F_08-Jun-2017_rpm570_doc0p010,test,42,4,cv_evaluation,no_chatter,0,-0.12178300046694301
turning,isolation_forest_image_features,anomaly_score,2inchStickout_F_08-Jun-2017_rpm570_doc0p010_window_0001,2inchStickout/F_08-Jun-2017_rpm570_doc0p010,test,42,4,cv_evaluation,no_chatter,0,-0.06336220813771343
turning,isolation_forest_image_features,anomaly_score,2inchStickout_F_08-Jun-2017_rpm570_doc0p010_window_0002,2inchStickout/F_08-Jun-2017_rpm570_doc0p010,test,42,4,cv_evaluation,chatter,1,0.1505268345728914
turning,isolation_forest_image_features,anomaly_score,2inchStickout_F_08-Jun-2017_rpm570_doc0p010_window_0003,2inchStickout/F_08-Jun-2017_rpm570_doc0p010,test,42,4,cv_evaluation,chatter,1,0.12644745476862018
turning,isolation_forest_image_features,anomaly_score,2inchStickout_F_08-Jun-2017_rpm570_doc0p010_window_0004,2inchStickout/F_08-Jun-2017_rpm570_doc0p010,test,42,4,cv_evaluation,chatter,1,0.17420840613010624
turning,isolation_forest_image_features,anomaly_score,2inchStickout_F_08-Jun-2017_rpm570_doc0p010_window_0005,2inchStickout/F_08-Jun-2017_rpm570_doc0p010,test,42,4,cv_evaluation,chatter,1,0.21067499824564928
turning,isolation_forest_image_features,anomaly_score,2inchStickout_F_08-Jun-2017_rpm770_doc0p002_window_0000,2inchStickout/F_08-Jun-2017_rpm770_doc0p002,train,42,4,cv_evaluation,no_chatter,0,-0.10905985379753352
turning,isolation_forest_image_features,anomaly_score,2inchStickout_F_08-Jun-2017_rpm770_doc0p002_window_0001,2inchStickout/F_08-Jun-2017_rpm770_doc0p002,validation,42,4,cv_evaluation,chatter,1,0.14733382223139835
turning,isolation_forest_image_features,anomaly_score,2inchStickout_F_08-Jun-2017_rpm770_doc0p002_window_0002,2inchStickout/F_08-Jun-2017_rpm770_doc0p002,validation,42,4,cv_evaluation,chatter,1,0.251623740775185
turning,isolation_forest_image_features,anomaly_score,2inchStickout_F_08-Jun-2017_rpm770_doc0p002_window_0003,2inchStickout/F_08-Jun-2017_rpm770_doc0p002,train,42,4,cv_evaluation,no_chatter,0,0.0909436176730335
turning,isolation_forest_image_features,anomaly_score,2inchStickout_F_08-Jun-2017_rpm770_doc0p002_window_0004,2inchStickout/F_08-Jun-2017_rpm770_doc0p002,validation,42,4,cv_evaluation,chatter,1,0.07283720756889589
turning,isolation_forest_image_features,anomaly_score,2inchStickout_F_08-Jun-2017_rpm770_doc0p002_window_0005,2inchStickout/F_08-Jun-2017_rpm770_doc0p002,train,42,4,cv_evaluation,no_chatter,0,0.06243102673502465
turning,isolation_forest_image_features,anomaly_score,2inchStickout_F_08-Jun-2017_rpm770_doc0p002_window_0006,2inchStickout/F_08-Jun-2017_rpm770_doc0p002,train,42,4,cv_evaluation,no_chatter,0,0.21385151265697522
turning,isolation_forest_image_features,anomaly_score,2inchStickout_F_08-Jun-2017_rpm770_doc0p002_window_0007,2inchStickout/F_08-Jun-2017_rpm770_doc0p002,validation,42,4,cv_evaluation,chatter,1,0.18843920139967751
turning,isolation_forest_image_features,anomaly_score,2p5inchStickout_F_12-Jun-2017_rpm570_doc0p005_window_0000,2p5inchStickout/F_12-Jun-2017_rpm570_doc0p005,test,42,4,cv_evaluation,no_chatter,0,-0.11796772190416499
turning,isolation_forest_image_features,anomaly_score,2p5inchStickout_F_12-Jun-2017_rpm570_doc0p005_window_0001,2p5inchStickout/F_12-Jun-2017_rpm570_doc0p005,train,42,4,cv_evaluation,no_chatter,0,-0.06873800830191135
turning,isolation_forest_image_features,anomaly_score,2p5inchStickout_F_12-Jun-2017_rpm570_doc0p005_window_0002,2p5inchStickout/F_12-Jun-2017_rpm570_doc0p005,train,42,4,cv_evaluation,no_chatter,0,-0.09024847102116523
turning,isolation_forest_image_features,anomaly_score,2p5inchStickout_F_12-Jun-2017_rpm570_doc0p005_window_0003,2p5inchStickout/F_12-Jun-2017_rpm570_doc0p005,train,42,4,cv_evaluation,no_chatter,0,-0.07328865568837833
turning,isolation_forest_image_features,anomaly_score,2p5inchStickout_F_12-Jun-2017_rpm570_doc0p005_window_0004,2p5inchStickout/F_12-Jun-2017_rpm570_doc0p005,test,42,4,cv_evaluation,no_chatter,0,-0.0241854797210711
turning,isolation_forest_image_features,anomaly_score,2p5inchStickout_F_12-Jun-2017_rpm570_doc0p005_window_0005,2p5inchStickout/F_12-Jun-2017_rpm570_doc0p005,train,42,4,cv_evaluation,no_chatter,0,-0.009565980472687141
turning,isolation_forest_image_features,anomaly_score,2p5inchStickout_F_12-Jun-2017_rpm570_doc0p005_window_0006,2p5inchStickout/F_12-Jun-2017_rpm570_doc0p005,train,42,4,cv_evaluation,no_chatter,0,-0.08764184643562617
turning,isolation_forest_image_features,anomaly_score,2p5inchStickout_F_12-Jun-2017_rpm570_doc0p005_window_0007,2p5inchStickout/F_12-Jun-2017_rpm570_doc0p005,train,42,4,cv_evaluation,no_chatter,0,-0.08543928039351933
turning,isolation_forest_image_features,anomaly_score,2p5inchStickout_F_12-Jun-2017_rpm570_doc0p005_window_0008,2p5inchStickout/F_12-Jun-2017_rpm570_doc0p005,test,42,4,cv_evaluation,no_chatter,0,-0.01779384763989339
turning,isolation_forest_image_features,anomaly_score,2p5inchStickout_F_12-Jun-2017_rpm570_doc0p005_window_0009,2p5inchStickout/F_12-Jun-2017_rpm570_doc0p005,train,42,4,cv_evaluation,no_chatter,0,-0.01111873762257376
turning,isolation_forest_image_features,anomaly_score,2p5inchStickout_F_12-Jun-2017_rpm570_doc0p010_window_0000,2p5inchStickout/F_12-Jun-2017_rpm570_doc0p010,train,42,4,cv_evaluation,no_chatter,0,-0.07872743255644749
turning,isolation_forest_image_features,anomaly_score,2p5inchStickout_F_12-Jun-2017_rpm570_doc0p010_window_0001,2p5inchStickout/F_12-Jun-2017_rpm570_doc0p010,train,42,4,cv_evaluation,no_chatter,0,-0.04060180016436271
turning,isolation_forest_image_features,anomaly_score,2p5inchStickout_F_12-Jun-2017_rpm570_doc0p010_window_0002,2p5inchStickout/F_12-Jun-2017_rpm570_doc0p010,train,42,4,cv_evaluation,no_chatter,0,-0.07040211558626364
turning,isolation_forest_image_features,anomaly_score,2p5inchStickout_F_12-Jun-2017_rpm570_doc0p010_window_0003,2p5inchStickout/F_12-Jun-2017_rpm570_doc0p010,test,42,4,cv_evaluation,no_chatter,0,-0.0699768022440429
turning,isolation_forest_image_features,anomaly_score,2p5inchStickout_F_12-Jun-2017_rpm570_doc0p010_window_0004,2p5inchStickout/F_12-Jun-2017_rpm570_doc0p010,train,42,4,cv_evaluation,no_chatter,0,-0.07640057710918863
turning,isolation_forest_image_features,anomaly_score,2p5inchStickout_F_12-Jun-2017_rpm570_doc0p010_window_0005,2p5inchStickout/F_12-Jun-2017_rpm570_doc0p010,train,42,4,cv_evaluation,no_chatter,0,-0.05646703616690829
turning,isolation_forest_image_features,anomaly_score,2p5inchStickout_F_12-Jun-2017_rpm570_doc0p010_window_0006,2p5inchStickout/F_12-Jun-2017_rpm570_doc0p010,test,42,4,cv_evaluation,no_chatter,0,-0.03117507890339727
turning,isolation_forest_image_features,anomaly_score,2p5inchStickout_F_12-Jun-2017_rpm570_doc0p010_window_0007,2p5inchStickout/F_12-Jun-2017_rpm570_doc0p010,train,42,4,cv_evaluation,no_chatter,0,-0.09052719715315444
turning,isolation_forest_image_features,anomaly_score,2p5inchStickout_F_12-Jun-2017_rpm570_doc0p010_window_0008,2p5inchStickout/F_12-Jun-2017_rpm570_doc0p010,train,42,4,cv_evaluation,no_chatter,0,-0.09188195335733185
turning,isolation_forest_image_features,anomaly_score,2p5inchStickout_F_12-Jun-2017_rpm570_doc0p010_window_0009,2p5inchStickout/F_12-Jun-2017_rpm570_doc0p010,test,42,4,cv_evaluation,no_chatter,0,-0.07691798214464529
turning,isolation_forest_image_features,anomaly_score,3p5inchStickout_F_14-Jun-2017_rpm770_doc0p005_window_0000,3p5inchStickout/F_14-Jun-2017_rpm770_doc0p005,validation,42,4,cv_evaluation,no_chatter,0,-0.059652607950186065
turning,isolation_forest_image_features,anomaly_score,3p5inchStickout_F_14-Jun-2017_rpm770_doc0p005_window_0001,3p5inchStickout/F_14-Jun-2017_rpm770_doc0p005,train,42,4,cv_evaluation,no_chatter,0,-0.0061440313544365854
turning,isolation_forest_image_features,anomaly_score,3p5inchStickout_F_14-Jun-2017_rpm770_doc0p005_window_0002,3p5inchStickout/F_14-Jun-2017_rpm770_doc0p005,train,42,4,cv_evaluation,no_chatter,0,-0.05610764246212169
turning,isolation_forest_image_features,anomaly_score,3p5inchStickout_F_14-Jun-2017_rpm770_doc0p005_window_0003,3p5inchStickout/F_14-Jun-2017_rpm770_doc0p005,train,42,4,cv_evaluation,no_chatter,0,0.007127559271367878
turning,isolation_forest_image_features,anomaly_score,4p5inchStickout_F_12-Jun-2017_rpm570_doc0p015_window_0000,4p5inchStickout/F_12-Jun-2017_rpm570_doc0p015,train,42,4,cv_evaluation,no_chatter,0,-0.06291078336420675
turning,isolation_forest_image_features,anomaly_score,4p5inchStickout_F_12-Jun-2017_rpm570_doc0p015_window_0001,4p5inchStickout/F_12-Jun-2017_rpm570_doc0p015,train,42,4,cv_evaluation,no_chatter,0,-0.06962920293001562
turning,isolation_forest_image_features,anomaly_score,4p5inchStickout_F_12-Jun-2017_rpm570_doc0p015_window_0002,4p5inchStickout/F_12-Jun-2017_rpm570_doc0p015,train,42,4,cv_evaluation,no_chatter,0,-0.06846345779725577
turning,isolation_forest_image_features,anomaly_score,4p5inchStickout_F_12-Jun-2017_rpm570_doc0p015_window_0003,4p5inchStickout/F_12-Jun-2017_rpm570_doc0p015,train,42,4,cv_evaluation,no_chatter,0,-0.06882487844366636
turning,isolation_forest_image_features,anomaly_score,4p5inchStickout_F_12-Jun-2017_rpm570_doc0p015_window_0004,4p5inchStickout/F_12-Jun-2017_rpm570_doc0p015,train,42,4,cv_evaluation,no_chatter,0,-0.009337521872303078
turning,isolation_forest_image_features,anomaly_score,4p5inchStickout_F_12-Jun-2017_rpm570_doc0p015_window_0005,4p5inchStickout/F_12-Jun-2017_rpm570_doc0p015,train,42,4,cv_evaluation,no_chatter,0,-0.056120432699534095
turning,isolation_forest_image_features,anomaly_score,4p5inchStickout_F_12-Jun-2017_rpm570_doc0p015_window_0006,4p5inchStickout/F_12-Jun-2017_rpm570_doc0p015,train,42,4,cv_evaluation,no_chatter,0,-0.06843580940152355
turning,isolation_forest_image_features,anomaly_score,4p5inchStickout_F_12-Jun-2017_rpm570_doc0p015_window_0007,4p5inchStickout/F_12-Jun-2017_rpm570_doc0p015,train,42,4,cv_evaluation,no_chatter,0,-0.0501849762922047
turning,isolation_forest_image_features,anomaly_score,4p5inchStickout_F_12-Jun-2017_rpm570_doc0p015_window_0008,4p5inchStickout/F_12-Jun-2017_rpm570_doc0p015,train,42,4,cv_evaluation,no_chatter,0,-0.06806500701830759
turning,isolation_forest_image_features,anomaly_score,4p5inchStickout_F_12-Jun-2017_rpm570_doc0p015_window_0009,4p5inchStickout/F_12-Jun-2017_rpm570_doc0p015,train,42,4,cv_evaluation,no_chatter,0,-0.06655049314790651
turning,isolation_forest_image_features,anomaly_score,4p5inchStickout_F_12-Jun-2017_rpm570_doc0p015_window_0010,4p5inchStickout/F_12-Jun-2017_rpm570_doc0p015,train,42,4,cv_evaluation,no_chatter,0,-0.02307608781949899
turning,isolation_forest_image_features,anomaly_score,4p5inchStickout_F_12-Jun-2017_rpm570_doc0p015_window_0011,4p5inchStickout/F_12-Jun-2017_rpm570_doc0p015,train,42,4,cv_evaluation,no_chatter,0,-0.05140618538131003
turning,isolation_forest_image_features,anomaly_score,4p5inchStickout_F_12-Jun-2017_rpm570_doc0p025_window_0000,4p5inchStickout/F_12-Jun-2017_rpm570_doc0p025,train,42,4,cv_evaluation,no_chatter,0,-0.06528225824820538
turning,isolation_forest_image_features,anomaly_score,4p5inchStickout_F_12-Jun-2017_rpm570_doc0p025_window_0001,4p5inchStickout/F_12-Jun-2017_rpm570_doc0p025,train,42,4,cv_evaluation,no_chatter,0,-0.06313094934057334
turning,isolation_forest_image_features,anomaly_score,4p5inchStickout_F_12-Jun-2017_rpm570_doc0p025_window_0002,4p5inchStickout/F_12-Jun-2017_rpm570_doc0p025,train,42,4,cv_evaluation,no_chatter,0,-0.06661110211715837
turning,isolation_forest_image_features,anomaly_score,4p5inchStickout_F_12-Jun-2017_rpm570_doc0p025_window_0003,4p5inchStickout/F_12-Jun-2017_rpm570_doc0p025,train,42,4,cv_evaluation,no_chatter,0,-0.06822214340962135
turning,isolation_forest_image_features,anomaly_score,4p5inchStickout_F_12-Jun-2017_rpm570_doc0p025_window_0004,4p5inchStickout/F_12-Jun-2017_rpm570_doc0p025,train,42,4,cv_evaluation,no_chatter,0,-0.01824593940042224
turning,isolation_forest_image_features,anomaly_score,4p5inchStickout_F_12-Jun-2017_rpm570_doc0p025_window_0005,4p5inchStickout/F_12-Jun-2017_rpm570_doc0p025,train,42,4,cv_evaluation,no_chatter,0,-0.067559164494093
turning,isolation_forest_image_features,anomaly_score,4p5inchStickout_F_12-Jun-2017_rpm570_doc0p025_window_0006,4p5inchStickout/F_12-Jun-2017_rpm570_doc0p025,test,42,4,cv_evaluation,no_chatter,0,-0.06642664458858888
turning,isolation_forest_image_features,anomaly_score,4p5inchStickout_F_12-Jun-2017_rpm570_doc0p025_window_0007,4p5inchStickout/F_12-Jun-2017_rpm570_doc0p025,train,42,4,cv_evaluation,no_chatter,0,-0.07441878436363036
turning,isolation_forest_image_features,anomaly_score,4p5inchStickout_F_12-Jun-2017_rpm570_doc0p025_window_0008,4p5inchStickout/F_12-Jun-2017_rpm570_doc0p025,train,42,4,cv_evaluation,no_chatter,0,-0.06700214613562544
turning,isolation_forest_image_features,anomaly_score,4p5inchStickout_F_12-Jun-2017_rpm570_doc0p025_window_0009,4p5inchStickout/F_12-Jun-2017_rpm570_doc0p025,train,42,4,cv_evaluation,no_chatter,0,-0.056043354395183376
turning,isolation_forest_image_features,anomaly_score,4p5inchStickout_F_12-Jun-2017_rpm570_doc0p025_window_0010,4p5inchStickout/F_12-Jun-2017_rpm570_doc0p025,train,42,4,cv_evaluation,no_chatter,0,-0.04831647761137198
turning,isolation_forest_image_features,anomaly_score,4p5inchStickout_F_12-Jun-2017_rpm570_doc0p025_window_0011,4p5inchStickout/F_12-Jun-2017_rpm570_doc0p025,train,42,4,cv_evaluation,no_chatter,0,-0.06716249554923154
turning,isolation_forest_image_features,anomaly_score,4p5inchStickout_F_13-Jun-2017_rpm1030_doc0p010_window_0000,4p5inchStickout/F_13-Jun-2017_rpm1030_doc0p010,train,42,4,cv_evaluation,no_chatter,0,-0.0675090344583324
turning,isolation_forest_image_features,anomaly_score,4p5inchStickout_F_13-Jun-2017_rpm1030_doc0p010_window_0001,4p5inchStickout/F_13-Jun-2017_rpm1030_doc0p010,test,42,4,cv_evaluation,no_chatter,0,0.06788070347714503
turning,isolation_forest_image_features,anomaly_score,4p5inchStickout_F_13-Jun-2017_rpm1030_doc0p010_window_0002,4p5inchStickout/F_13-Jun-2017_rpm1030_doc0p010,train,42,4,cv_evaluation,no_chatter,0,-0.01188851855895634
turning,isolation_forest_image_features,anomaly_score,4p5inchStickout_F_13-Jun-2017_rpm1030_doc0p010_window_0003,4p5inchStickout/F_13-Jun-2017_rpm1030_doc0p010,train,42,4,cv_evaluation,no_chatter,0,-0.015130909046333463
turning,isolation_forest_image_features,anomaly_score,4p5inchStickout_F_13-Jun-2017_rpm1030_doc0p013_window_0000,4p5inchStickout/F_13-Jun-2017_rpm1030_doc0p013,test,42,4,cv_evaluation,no_chatter,0,-0.06675526751557098
turning,isolation_forest_image_features,anomaly_score,4p5inchStickout_F_13-Jun-2017_rpm1030_doc0p013_window_0001,4p5inchStickout/F_13-Jun-2017_rpm1030_doc0p013,train,42,4,cv_evaluation,no_chatter,0,0.023703389501561034
turning,isolation_forest_image_features,anomaly_score,4p5inchStickout_F_13-Jun-2017_rpm1030_doc0p013_window_0002,4p5inchStickout/F_13-Jun-2017_rpm1030_doc0p013,test,42,4,cv_evaluation,no_chatter,0,-0.0180538881923189
turning,isolation_forest_image_features,anomaly_score,4p5inchStickout_F_13-Jun-2017_rpm1030_doc0p013_window_0003,4p5inchStickout/F_13-Jun-2017_rpm1030_doc0p013,train,42,4,cv_evaluation,no_chatter,0,-0.03190875561691364
turning,isolation_forest_image_features,anomaly_score,4p5inchStickout_F_13-Jun-2017_rpm770_doc0p020_window_0000,4p5inchStickout/F_13-Jun-2017_rpm770_doc0p020,train,42,4,cv_evaluation,no_chatter,0,-0.06788958659672178
turning,isolation_forest_image_features,anomaly_score,4p5inchStickout_F_13-Jun-2017_rpm770_doc0p020_window_0001,4p5inchStickout/F_13-Jun-2017_rpm770_doc0p020,train,42,4,cv_evaluation,no_chatter,0,-0.012152271301608064
turning,isolation_forest_image_features,anomaly_score,4p5inchStickout_F_13-Jun-2017_rpm770_doc0p020_window_0002,4p5inchStickout/F_13-Jun-2017_rpm770_doc0p020,test,42,4,cv_evaluation,no_chatter,0,-0.06767610011706282
turning,isolation_forest_image_features,anomaly_score,4p5inchStickout_F_13-Jun-2017_rpm770_doc0p020_window_0003,4p5inchStickout/F_13-Jun-2017_rpm770_doc0p020,train,42,4,cv_evaluation,no_chatter,0,-0.05190916556302577
turning,isolation_forest_image_features,anomaly_score,4p5inchStickout_F_13-Jun-2017_rpm770_doc0p020_window_0004,4p5inchStickout/F_13-Jun-2017_rpm770_doc0p020,train,42,4,cv_evaluation,no_chatter,0,-0.051668749864566654
turning,isolation_forest_image_features,anomaly_score,4p5inchStickout_F_13-Jun-2017_rpm770_doc0p020_window_0005,4p5inchStickout/F_13-Jun-2017_rpm770_doc0p020,train,42,4,cv_evaluation,no_chatter,0,-0.028305761698650178
turning,pca_image_reconstruction,reconstruction_mse,2inchStickout_F_08-Jun-2017_rpm320_doc0p005_window_0000,2inchStickout/F_08-Jun-2017_rpm320_doc0p005,train,42,4,cv_evaluation,no_chatter,0,2.0497975128819235e-05
turning,pca_image_reconstruction,reconstruction_mse,2inchStickout_F_08-Jun-2017_rpm320_doc0p005_window_0001,2inchStickout/F_08-Jun-2017_rpm320_doc0p005,train,42,4,cv_evaluation,no_chatter,0,1.878003058664035e-05
turning,pca_image_reconstruction,reconstruction_mse,2inchStickout_F_08-Jun-2017_rpm320_doc0p005_window_0002,2inchStickout/F_08-Jun-2017_rpm320_doc0p005,train,42,4,cv_evaluation,no_chatter,0,1.6779351426521316e-05
turning,pca_image_reconstruction,reconstruction_mse,2inchStickout_F_08-Jun-2017_rpm320_doc0p005_window_0003,2inchStickout/F_08-Jun-2017_rpm320_doc0p005,train,42,4,cv_evaluation,no_chatter,0,1.685866118350532e-05
turning,pca_image_reconstruction,reconstruction_mse,2inchStickout_F_08-Jun-2017_rpm320_doc0p005_window_0004,2inchStickout/F_08-Jun-2017_rpm320_doc0p005,train,42,4,cv_evaluation,no_chatter,0,0.0001349031226709485
turning,pca_image_reconstruction,reconstruction_mse,2inchStickout_F_08-Jun-2017_rpm320_doc0p005_window_0005,2inchStickout/F_08-Jun-2017_rpm320_doc0p005,validation,42,4,cv_evaluation,no_chatter,0,0.001523258164525032
turning,pca_image_reconstruction,reconstruction_mse,2inchStickout_F_08-Jun-2017_rpm320_doc0p005_window_0006,2inchStickout/F_08-Jun-2017_rpm320_doc0p005,validation,42,4,cv_evaluation,chatter,1,0.002045468892902136
turning,pca_image_reconstruction,reconstruction_mse,2inchStickout_F_08-Jun-2017_rpm320_doc0p005_window_0007,2inchStickout/F_08-Jun-2017_rpm320_doc0p005,validation,42,4,cv_evaluation,chatter,1,0.0015100286109372973
turning,pca_image_reconstruction,reconstruction_mse,2inchStickout_F_08-Jun-2017_rpm320_doc0p005_window_0008,2inchStickout/F_08-Jun-2017_rpm320_doc0p005,validation,42,4,cv_evaluation,chatter,1,0.0023020871449261904
turning,pca_image_reconstruction,reconstruction_mse,2inchStickout_F_08-Jun-2017_rpm320_doc0p005_window_0009,2inchStickout/F_08-Jun-2017_rpm320_doc0p005,validation,42,4,cv_evaluation,chatter,1,0.0015540900640189648
turning,pca_image_reconstruction,reconstruction_mse,2inchStickout_F_08-Jun-2017_rpm320_doc0p005_window_0010,2inchStickout/F_08-Jun-2017_rpm320_doc0p005,validation,42,4,cv_evaluation,chatter,1,0.0012669620336964726
turning,pca_image_reconstruction,reconstruction_mse,2inchStickout_F_08-Jun-2017_rpm320_doc0p005_window_0011,2inchStickout/F_08-Jun-2017_rpm320_doc0p005,validation,42,4,cv_evaluation,chatter,1,0.0012188899563625455
turning,pca_image_reconstruction,reconstruction_mse,2inchStickout_F_08-Jun-2017_rpm320_doc0p005_window_0012,2inchStickout/F_08-Jun-2017_rpm320_doc0p005,train,42,4,cv_evaluation,no_chatter,0,0.0007980411755852401
turning,pca_image_reconstruction,reconstruction_mse,2inchStickout_F_08-Jun-2017_rpm320_doc0p005_window_0013,2inchStickout/F_08-Jun-2017_rpm320_doc0p005,train,42,4,cv_evaluation,no_chatter,0,0.0006977034499868751
turning,pca_image_reconstruction,reconstruction_mse,2inchStickout_F_08-Jun-2017_rpm320_doc0p005_window_0014,2inchStickout/F_08-Jun-2017_rpm320_doc0p005,train,42,4,cv_evaluation,no_chatter,0,0.000461905961856246
turning,pca_image_reconstruction,reconstruction_mse,2inchStickout_F_08-Jun-2017_rpm320_doc0p005_window_0015,2inchStickout/F_08-Jun-2017_rpm320_doc0p005,train,42,4,cv_evaluation,no_chatter,0,0.0004421464691404253
turning,pca_image_reconstruction,reconstruction_mse,2inchStickout_F_08-Jun-2017_rpm320_doc0p005_window_0016,2inchStickout/F_08-Jun-2017_rpm320_doc0p005,train,42,4,cv_evaluation,no_chatter,0,0.000548792420886457
turning,pca_image_reconstruction,reconstruction_mse,2inchStickout_F_08-Jun-2017_rpm320_doc0p005_window_0017,2inchStickout/F_08-Jun-2017_rpm320_doc0p005,train,42,4,cv_evaluation,no_chatter,0,0.00045967131154611707
turning,pca_image_reconstruction,reconstruction_mse,2inchStickout_F_08-Jun-2017_rpm320_doc0p005_window_0018,2inchStickout/F_08-Jun-2017_rpm320_doc0p005,train,42,4,cv_evaluation,no_chatter,0,0.00042262268834747374
turning,pca_image_reconstruction,reconstruction_mse,2inchStickout_F_08-Jun-2017_rpm320_doc0p005_window_0019,2inchStickout/F_08-Jun-2017_rpm320_doc0p005,train,42,4,cv_evaluation,no_chatter,0,0.000516916683409363
turning,pca_image_reconstruction,reconstruction_mse,2inchStickout_F_08-Jun-2017_rpm320_doc0p005_window_0020,2inchStickout/F_08-Jun-2017_rpm320_doc0p005,train,42,4,cv_evaluation,no_chatter,0,0.00048355315811932087
turning,pca_image_reconstruction,reconstruction_mse,2inchStickout_F_08-Jun-2017_rpm320_doc0p005_window_0021,2inchStickout/F_08-Jun-2017_rpm320_doc0p005,train,42,4,cv_evaluation,no_chatter,0,0.0011768130352720618
turning,pca_image_reconstruction,reconstruction_mse,2inchStickout_F_08-Jun-2017_rpm320_doc0p005_window_0022,2inchStickout/F_08-Jun-2017_rpm320_doc0p005,train,42,4,cv_evaluation,no_chatter,0,0.001696613966487348
turning,pca_image_reconstruction,reconstruction_mse,2inchStickout_F_08-Jun-2017_rpm320_doc0p005_window_0023,2inchStickout/F_08-Jun-2017_rpm320_doc0p005,train,42,4,cv_evaluation,no_chatter,0,0.0011860134545713663
turning,pca_image_reconstruction,reconstruction_mse,2inchStickout_F_08-Jun-2017_rpm320_doc0p030_window_0000,2inchStickout/F_08-Jun-2017_rpm320_doc0p030,train,42,4,cv_evaluation,no_chatter,0,1.3280381608637981e-05
turning,pca_image_reconstruction,reconstruction_mse,2inchStickout_F_08-Jun-2017_rpm320_doc0p030_window_0001,2inchStickout/F_08-Jun-2017_rpm320_doc0p030,train,42,4,cv_evaluation,no_chatter,0,1.4336601452669129e-05
turning,pca_image_reconstruction,reconstruction_mse,2inchStickout_F_08-Jun-2017_rpm320_doc0p030_window_0002,2inchStickout/F_08-Jun-2017_rpm320_doc0p030,train,42,4,cv_evaluation,no_chatter,0,1.281887489312794e-05
turning,pca_image_reconstruction,reconstruction_mse,2inchStickout_F_08-Jun-2017_rpm320_doc0p030_window_0003,2inchStickout/F_08-Jun-2017_rpm320_doc0p030,train,42,4,cv_evaluation,no_chatter,0,0.0004612224583979696
turning,pca_image_reconstruction,reconstruction_mse,2inchStickout_F_08-Jun-2017_rpm320_doc0p030_window_0004,2inchStickout/F_08-Jun-2017_rpm320_doc0p030,train,42,4,cv_evaluation,no_chatter,0,0.0004332144744694233
turning,pca_image_reconstruction,reconstruction_mse,2inchStickout_F_08-Jun-2017_rpm320_doc0p030_window_0005,2inchStickout/F_08-Jun-2017_rpm320_doc0p030,train,42,4,cv_evaluation,no_chatter,0,0.0002170128282159567
turning,pca_image_reconstruction,reconstruction_mse,2inchStickout_F_08-Jun-2017_rpm320_doc0p030_window_0006,2inchStickout/F_08-Jun-2017_rpm320_doc0p030,train,42,4,cv_evaluation,no_chatter,0,0.00027530480292625725
turning,pca_image_reconstruction,reconstruction_mse,2inchStickout_F_08-Jun-2017_rpm320_doc0p030_window_0007,2inchStickout/F_08-Jun-2017_rpm320_doc0p030,train,42,4,cv_evaluation,no_chatter,0,0.00034021009923890233
turning,pca_image_reconstruction,reconstruction_mse,2inchStickout_F_08-Jun-2017_rpm320_doc0p030_window_0008,2inchStickout/F_08-Jun-2017_rpm320_doc0p030,train,42,4,cv_evaluation,no_chatter,0,0.00032358866883441806
turning,pca_image_reconstruction,reconstruction_mse,2inchStickout_F_08-Jun-2017_rpm320_doc0p030_window_0009,2inchStickout/F_08-Jun-2017_rpm320_doc0p030,train,42,4,cv_evaluation,no_chatter,0,0.00035550809116102755
turning,pca_image_reconstruction,reconstruction_mse,2inchStickout_F_08-Jun-2017_rpm320_doc0p030_window_0010,2inchStickout/F_08-Jun-2017_rpm320_doc0p030,train,42,4,cv_evaluation,no_chatter,0,0.00028676172951236367
turning,pca_image_reconstruction,reconstruction_mse,2inchStickout_F_08-Jun-2017_rpm320_doc0p030_window_0011,2inchStickout/F_08-Jun-2017_rpm320_doc0p030,validation,42,4,cv_evaluation,no_chatter,0,0.00036383807309903204
turning,pca_image_reconstruction,reconstruction_mse,2inchStickout_F_08-Jun-2017_rpm320_doc0p030_window_0012,2inchStickout/F_08-Jun-2017_rpm320_doc0p030,validation,42,4,cv_evaluation,no_chatter,0,0.0002407409338047728
turning,pca_image_reconstruction,reconstruction_mse,2inchStickout_F_08-Jun-2017_rpm320_doc0p030_window_0013,2inchStickout/F_08-Jun-2017_rpm320_doc0p030,train,42,4,cv_evaluation,no_chatter,0,0.0003323710698168725
turning,pca_image_reconstruction,reconstruction_mse,2inchStickout_F_08-Jun-2017_rpm320_doc0p030_window_0014,2inchStickout/F_08-Jun-2017_rpm320_doc0p030,train,42,4,cv_evaluation,no_chatter,0,0.00039634996210224926
turning,pca_image_reconstruction,reconstruction_mse,2inchStickout_F_08-Jun-2017_rpm320_doc0p030_window_0015,2inchStickout/F_08-Jun-2017_rpm320_doc0p030,train,42,4,cv_evaluation,no_chatter,0,0.0003585840458981693
turning,pca_image_reconstruction,reconstruction_mse,2inchStickout_F_08-Jun-2017_rpm320_doc0p030_window_0016,2inchStickout/F_08-Jun-2017_rpm320_doc0p030,train,42,4,cv_evaluation,no_chatter,0,0.00034819450229406357
turning,pca_image_reconstruction,reconstruction_mse,2inchStickout_F_08-Jun-2017_rpm320_doc0p030_window_0017,2inchStickout/F_08-Jun-2017_rpm320_doc0p030,train,42,4,cv_evaluation,no_chatter,0,0.00042528900667093694
turning,pca_image_reconstruction,reconstruction_mse,2inchStickout_F_08-Jun-2017_rpm320_doc0p030_window_0018,2inchStickout/F_08-Jun-2017_rpm320_doc0p030,train,42,4,cv_evaluation,no_chatter,0,0.0005613398971036077
turning,pca_image_reconstruction,reconstruction_mse,2inchStickout_F_08-Jun-2017_rpm320_doc0p030_window_0019,2inchStickout/F_08-Jun-2017_rpm320_doc0p030,validation,42,4,cv_evaluation,no_chatter,0,0.0006875116378068924
turning,pca_image_reconstruction,reconstruction_mse,2inchStickout_F_08-Jun-2017_rpm320_doc0p030_window_0020,2inchStickout/F_08-Jun-2017_rpm320_doc0p030,validation,42,4,cv_evaluation,no_chatter,0,0.0007900300552137196
turning,pca_image_reconstruction,reconstruction_mse,2inchStickout_F_08-Jun-2017_rpm320_doc0p030_window_0021,2inchStickout/F_08-Jun-2017_rpm320_doc0p030,train,42,4,cv_evaluation,no_chatter,0,0.0009751769248396158
turning,pca_image_reconstruction,reconstruction_mse,2inchStickout_F_08-Jun-2017_rpm320_doc0p030_window_0022,2inchStickout/F_08-Jun-2017_rpm320_doc0p030,train,42,4,cv_evaluation,no_chatter,0,0.0010871161939576268
turning,pca_image_reconstruction,reconstruction_mse,2inchStickout_F_08-Jun-2017_rpm320_doc0p030_window_0023,2inchStickout/F_08-Jun-2017_rpm320_doc0p030,train,42,4,cv_evaluation,no_chatter,0,0.0009411302162334323
turning,pca_image_reconstruction,reconstruction_mse,2inchStickout_F_08-Jun-2017_rpm425_doc0p017_window_0000,2inchStickout/F_08-Jun-2017_rpm425_doc0p017,train,42,4,cv_evaluation,no_chatter,0,1.72067666426301e-05
turning,pca_image_reconstruction,reconstruction_mse,2inchStickout_F_08-Jun-2017_rpm425_doc0p017_window_0001,2inchStickout/F_08-Jun-2017_rpm425_doc0p017,train,42,4,cv_evaluation,no_chatter,0,0.0001282388693653047
turning,pca_image_reconstruction,reconstruction_mse,2inchStickout_F_08-Jun-2017_rpm425_doc0p017_window_0002,2inchStickout/F_08-Jun-2017_rpm425_doc0p017,validation,42,4,cv_evaluation,no_chatter,0,0.0005741973873227835
turning,pca_image_reconstruction,reconstruction_mse,2inchStickout_F_08-Jun-2017_rpm425_doc0p017_window_0003,2inchStickout/F_08-Jun-2017_rpm425_doc0p017,validation,42,4,cv_evaluation,no_chatter,0,0.0008760291384533048
turning,pca_image_reconstruction,reconstruction_mse,2inchStickout_F_08-Jun-2017_rpm425_doc0p017_window_0004,2inchStickout/F_08-Jun-2017_rpm425_doc0p017,validation,42,4,cv_evaluation,no_chatter,0,0.001153550110757351
turning,pca_image_reconstruction,reconstruction_mse,2inchStickout_F_08-Jun-2017_rpm425_doc0p017_window_0005,2inchStickout/F_08-Jun-2017_rpm425_doc0p017,validation,42,4,cv_evaluation,no_chatter,0,0.0008942809072323143
turning,pca_image_reconstruction,reconstruction_mse,2inchStickout_F_08-Jun-2017_rpm425_doc0p017_window_0006,2inchStickout/F_08-Jun-2017_rpm425_doc0p017,train,42,4,cv_evaluation,no_chatter,0,0.0007271228241734207
turning,pca_image_reconstruction,reconstruction_mse,2inchStickout_F_08-Jun-2017_rpm425_doc0p017_window_0007,2inchStickout/F_08-Jun-2017_rpm425_doc0p017,train,42,4,cv_evaluation,no_chatter,0,0.0016925695817917585
turning,pca_image_reconstruction,reconstruction_mse,2inchStickout_F_08-Jun-2017_rpm570_doc0p010_window_0000,2inchStickout/F_08-Jun-2017_rpm570_doc0p010,test,42,4,cv_evaluation,no_chatter,0,1.684186099737417e-05
turning,pca_image_reconstruction,reconstruction_mse,2inchStickout_F_08-Jun-2017_rpm570_doc0p010_window_0001,2inchStickout/F_08-Jun-2017_rpm570_doc0p010,test,42,4,cv_evaluation,no_chatter,0,0.0007931381114758551
turning,pca_image_reconstruction,reconstruction_mse,2inchStickout_F_08-Jun-2017_rpm570_doc0p010_window_0002,2inchStickout/F_08-Jun-2017_rpm570_doc0p010,test,42,4,cv_evaluation,chatter,1,0.0019120731158182025
turning,pca_image_reconstruction,reconstruction_mse,2inchStickout_F_08-Jun-2017_rpm570_doc0p010_window_0003,2inchStickout/F_08-Jun-2017_rpm570_doc0p010,test,42,4,cv_evaluation,chatter,1,0.001765602850355208
turning,pca_image_reconstruction,reconstruction_mse,2inchStickout_F_08-Jun-2017_rpm570_doc0p010_window_0004,2inchStickout/F_08-Jun-2017_rpm570_doc0p010,test,42,4,cv_evaluation,chatter,1,0.0017347775865346193
turning,pca_image_reconstruction,reconstruction_mse,2inchStickout_F_08-Jun-2017_rpm570_doc0p010_window_0005,2inchStickout/F_08-Jun-2017_rpm570_doc0p010,test,42,4,cv_evaluation,chatter,1,0.0022390251979231834
turning,pca_image_reconstruction,reconstruction_mse,2inchStickout_F_08-Jun-2017_rpm770_doc0p002_window_0000,2inchStickout/F_08-Jun-2017_rpm770_doc0p002,train,42,4,cv_evaluation,no_chatter,0,4.1506071283947676e-05
turning,pca_image_reconstruction,reconstruction_mse,2inchStickout_F_08-Jun-2017_rpm770_doc0p002_window_0001,2inchStickout/F_08-Jun-2017_rpm770_doc0p002,validation,42,4,cv_evaluation,chatter,1,0.002658432349562645
turning,pca_image_reconstruction,reconstruction_mse,2inchStickout_F_08-Jun-2017_rpm770_doc0p002_window_0002,2inchStickout/F_08-Jun-2017_rpm770_doc0p002,validation,42,4,cv_evaluation,chatter,1,0.007415574975311756
turning,pca_image_reconstruction,reconstruction_mse,2inchStickout_F_08-Jun-2017_rpm770_doc0p002_window_0003,2inchStickout/F_08-Jun-2017_rpm770_doc0p002,train,42,4,cv_evaluation,no_chatter,0,0.0028530913405120373
turning,pca_image_reconstruction,reconstruction_mse,2inchStickout_F_08-Jun-2017_rpm770_doc0p002_window_0004,2inchStickout/F_08-Jun-2017_rpm770_doc0p002,validation,42,4,cv_evaluation,chatter,1,0.0026238674763590097
turning,pca_image_reconstruction,reconstruction_mse,2inchStickout_F_08-Jun-2017_rpm770_doc0p002_window_0005,2inchStickout/F_08-Jun-2017_rpm770_doc0p002,train,42,4,cv_evaluation,no_chatter,0,0.002342748688533902
turning,pca_image_reconstruction,reconstruction_mse,2inchStickout_F_08-Jun-2017_rpm770_doc0p002_window_0006,2inchStickout/F_08-Jun-2017_rpm770_doc0p002,train,42,4,cv_evaluation,no_chatter,0,0.006121243815869093
turning,pca_image_reconstruction,reconstruction_mse,2inchStickout_F_08-Jun-2017_rpm770_doc0p002_window_0007,2inchStickout/F_08-Jun-2017_rpm770_doc0p002,validation,42,4,cv_evaluation,chatter,1,0.002950731897726655
turning,pca_image_reconstruction,reconstruction_mse,2p5inchStickout_F_12-Jun-2017_rpm570_doc0p005_window_0000,2p5inchStickout/F_12-Jun-2017_rpm570_doc0p005,test,42,4,cv_evaluation,no_chatter,0,0.00011881770478794351
turning,pca_image_reconstruction,reconstruction_mse,2p5inchStickout_F_12-Jun-2017_rpm570_doc0p005_window_0001,2p5inchStickout/F_12-Jun-2017_rpm570_doc0p005,train,42,4,cv_evaluation,no_chatter,0,0.0005971173522993922
turning,pca_image_reconstruction,reconstruction_mse,2p5inchStickout_F_12-Jun-2017_rpm570_doc0p005_window_0002,2p5inchStickout/F_12-Jun-2017_rpm570_doc0p005,train,42,4,cv_evaluation,no_chatter,0,0.0004384139319881797
turning,pca_image_reconstruction,reconstruction_mse,2p5inchStickout_F_12-Jun-2017_rpm570_doc0p005_window_0003,2p5inchStickout/F_12-Jun-2017_rpm570_doc0p005,train,42,4,cv_evaluation,no_chatter,0,0.0006944300839677453
turning,pca_image_reconstruction,reconstruction_mse,2p5inchStickout_F_12-Jun-2017_rpm570_doc0p005_window_0004,2p5inchStickout/F_12-Jun-2017_rpm570_doc0p005,test,42,4,cv_evaluation,no_chatter,0,0.0012570115504786372
turning,pca_image_reconstruction,reconstruction_mse,2p5inchStickout_F_12-Jun-2017_rpm570_doc0p005_window_0005,2p5inchStickout/F_12-Jun-2017_rpm570_doc0p005,train,42,4,cv_evaluation,no_chatter,0,0.002374781295657158
turning,pca_image_reconstruction,reconstruction_mse,2p5inchStickout_F_12-Jun-2017_rpm570_doc0p005_window_0006,2p5inchStickout/F_12-Jun-2017_rpm570_doc0p005,train,42,4,cv_evaluation,no_chatter,0,0.0005561484140343964
turning,pca_image_reconstruction,reconstruction_mse,2p5inchStickout_F_12-Jun-2017_rpm570_doc0p005_window_0007,2p5inchStickout/F_12-Jun-2017_rpm570_doc0p005,train,42,4,cv_evaluation,no_chatter,0,0.00042234547436237335
turning,pca_image_reconstruction,reconstruction_mse,2p5inchStickout_F_12-Jun-2017_rpm570_doc0p005_window_0008,2p5inchStickout/F_12-Jun-2017_rpm570_doc0p005,test,42,4,cv_evaluation,no_chatter,0,0.0024941337760537863
turning,pca_image_reconstruction,reconstruction_mse,2p5inchStickout_F_12-Jun-2017_rpm570_doc0p005_window_0009,2p5inchStickout/F_12-Jun-2017_rpm570_doc0p005,train,42,4,cv_evaluation,no_chatter,0,0.0027290324214845896
turning,pca_image_reconstruction,reconstruction_mse,2p5inchStickout_F_12-Jun-2017_rpm570_doc0p010_window_0000,2p5inchStickout/F_12-Jun-2017_rpm570_doc0p010,train,42,4,cv_evaluation,no_chatter,0,0.0002804857213050127
turning,pca_image_reconstruction,reconstruction_mse,2p5inchStickout_F_12-Jun-2017_rpm570_doc0p010_window_0001,2p5inchStickout/F_12-Jun-2017_rpm570_doc0p010,train,42,4,cv_evaluation,no_chatter,0,0.0006420653662644327
turning,pca_image_reconstruction,reconstruction_mse,2p5inchStickout_F_12-Jun-2017_rpm570_doc0p010_window_0002,2p5inchStickout/F_12-Jun-2017_rpm570_doc0p010,train,42,4,cv_evaluation,no_chatter,0,0.0005086348974145949
turning,pca_image_reconstruction,reconstruction_mse,2p5inchStickout_F_12-Jun-2017_rpm570_doc0p010_window_0003,2p5inchStickout/F_12-Jun-2017_rpm570_doc0p010,test,42,4,cv_evaluation,no_chatter,0,0.0003986335068475455
turning,pca_image_reconstruction,reconstruction_mse,2p5inchStickout_F_12-Jun-2017_rpm570_doc0p010_window_0004,2p5inchStickout/F_12-Jun-2017_rpm570_doc0p010,train,42,4,cv_evaluation,no_chatter,0,0.0005151703371666372
turning,pca_image_reconstruction,reconstruction_mse,2p5inchStickout_F_12-Jun-2017_rpm570_doc0p010_window_0005,2p5inchStickout/F_12-Jun-2017_rpm570_doc0p010,train,42,4,cv_evaluation,no_chatter,0,0.0005850943271070719
turning,pca_image_reconstruction,reconstruction_mse,2p5inchStickout_F_12-Jun-2017_rpm570_doc0p010_window_0006,2p5inchStickout/F_12-Jun-2017_rpm570_doc0p010,test,42,4,cv_evaluation,no_chatter,0,0.0008334587910212576
turning,pca_image_reconstruction,reconstruction_mse,2p5inchStickout_F_12-Jun-2017_rpm570_doc0p010_window_0007,2p5inchStickout/F_12-Jun-2017_rpm570_doc0p010,train,42,4,cv_evaluation,no_chatter,0,0.0005553483497351408
turning,pca_image_reconstruction,reconstruction_mse,2p5inchStickout_F_12-Jun-2017_rpm570_doc0p010_window_0008,2p5inchStickout/F_12-Jun-2017_rpm570_doc0p010,train,42,4,cv_evaluation,no_chatter,0,0.00048469813191331923
turning,pca_image_reconstruction,reconstruction_mse,2p5inchStickout_F_12-Jun-2017_rpm570_doc0p010_window_0009,2p5inchStickout/F_12-Jun-2017_rpm570_doc0p010,test,42,4,cv_evaluation,no_chatter,0,0.0004380149766802788
turning,pca_image_reconstruction,reconstruction_mse,3p5inchStickout_F_14-Jun-2017_rpm770_doc0p005_window_0000,3p5inchStickout/F_14-Jun-2017_rpm770_doc0p005,validation,42,4,cv_evaluation,no_chatter,0,2.9827830076101236e-05
turning,pca_image_reconstruction,reconstruction_mse,3p5inchStickout_F_14-Jun-2017_rpm770_doc0p005_window_0001,3p5inchStickout/F_14-Jun-2017_rpm770_doc0p005,train,42,4,cv_evaluation,no_chatter,0,0.0005365259130485356
turning,pca_image_reconstruction,reconstruction_mse,3p5inchStickout_F_14-Jun-2017_rpm770_doc0p005_window_0002,3p5inchStickout/F_14-Jun-2017_rpm770_doc0p005,train,42,4,cv_evaluation,no_chatter,0,0.0006415700190700591
turning,pca_image_reconstruction,reconstruction_mse,3p5inchStickout_F_14-Jun-2017_rpm770_doc0p005_window_0003,3p5inchStickout/F_14-Jun-2017_rpm770_doc0p005,train,42,4,cv_evaluation,no_chatter,0,0.0013311280636116862
turning,pca_image_reconstruction,reconstruction_mse,4p5inchStickout_F_12-Jun-2017_rpm570_doc0p015_window_0000,4p5inchStickout/F_12-Jun-2017_rpm570_doc0p015,train,42,4,cv_evaluation,no_chatter,0,8.951627933129203e-06
turning,pca_image_reconstruction,reconstruction_mse,4p5inchStickout_F_12-Jun-2017_rpm570_doc0p015_window_0001,4p5inchStickout/F_12-Jun-2017_rpm570_doc0p015,train,42,4,cv_evaluation,no_chatter,0,8.386052286368795e-06
turning,pca_image_reconstruction,reconstruction_mse,4p5inchStickout_F_12-Jun-2017_rpm570_doc0p015_window_0002,4p5inchStickout/F_12-Jun-2017_rpm570_doc0p015,train,42,4,cv_evaluation,no_chatter,0,8.218402399506886e-06
turning,pca_image_reconstruction,reconstruction_mse,4p5inchStickout_F_12-Jun-2017_rpm570_doc0p015_window_0003,4p5inchStickout/F_12-Jun-2017_rpm570_doc0p015,train,42,4,cv_evaluation,no_chatter,0,8.656084901303984e-06
turning,pca_image_reconstruction,reconstruction_mse,4p5inchStickout_F_12-Jun-2017_rpm570_doc0p015_window_0004,4p5inchStickout/F_12-Jun-2017_rpm570_doc0p015,train,42,4,cv_evaluation,no_chatter,0,0.00023870839504525065
turning,pca_image_reconstruction,reconstruction_mse,4p5inchStickout_F_12-Jun-2017_rpm570_doc0p015_window_0005,4p5inchStickout/F_12-Jun-2017_rpm570_doc0p015,train,42,4,cv_evaluation,no_chatter,0,0.0005506376619450748
turning,pca_image_reconstruction,reconstruction_mse,4p5inchStickout_F_12-Jun-2017_rpm570_doc0p015_window_0006,4p5inchStickout/F_12-Jun-2017_rpm570_doc0p015,train,42,4,cv_evaluation,no_chatter,0,0.00032972951885312796
turning,pca_image_reconstruction,reconstruction_mse,4p5inchStickout_F_12-Jun-2017_rpm570_doc0p015_window_0007,4p5inchStickout/F_12-Jun-2017_rpm570_doc0p015,train,42,4,cv_evaluation,no_chatter,0,0.0005065870354883373
turning,pca_image_reconstruction,reconstruction_mse,4p5inchStickout_F_12-Jun-2017_rpm570_doc0p015_window_0008,4p5inchStickout/F_12-Jun-2017_rpm570_doc0p015,train,42,4,cv_evaluation,no_chatter,0,0.0004898227634839714
turning,pca_image_reconstruction,reconstruction_mse,4p5inchStickout_F_12-Jun-2017_rpm570_doc0p015_window_0009,4p5inchStickout/F_12-Jun-2017_rpm570_doc0p015,train,42,4,cv_evaluation,no_chatter,0,0.0007769656949676573
turning,pca_image_reconstruction,reconstruction_mse,4p5inchStickout_F_12-Jun-2017_rpm570_doc0p015_window_0010,4p5inchStickout/F_12-Jun-2017_rpm570_doc0p015,train,42,4,cv_evaluation,no_chatter,0,0.0008761471835896373
turning,pca_image_reconstruction,reconstruction_mse,4p5inchStickout_F_12-Jun-2017_rpm570_doc0p015_window_0011,4p5inchStickout/F_12-Jun-2017_rpm570_doc0p015,train,42,4,cv_evaluation,no_chatter,0,0.001069298479706049
turning,pca_image_reconstruction,reconstruction_mse,4p5inchStickout_F_12-Jun-2017_rpm570_doc0p025_window_0000,4p5inchStickout/F_12-Jun-2017_rpm570_doc0p025,train,42,4,cv_evaluation,no_chatter,0,9.900941222440451e-06
turning,pca_image_reconstruction,reconstruction_mse,4p5inchStickout_F_12-Jun-2017_rpm570_doc0p025_window_0001,4p5inchStickout/F_12-Jun-2017_rpm570_doc0p025,train,42,4,cv_evaluation,no_chatter,0,9.782739653019235e-06
turning,pca_image_reconstruction,reconstruction_mse,4p5inchStickout_F_12-Jun-2017_rpm570_doc0p025_window_0002,4p5inchStickout/F_12-Jun-2017_rpm570_doc0p025,train,42,4,cv_evaluation,no_chatter,0,9.711030543257948e-06
turning,pca_image_reconstruction,reconstruction_mse,4p5inchStickout_F_12-Jun-2017_rpm570_doc0p025_window_0003,4p5inchStickout/F_12-Jun-2017_rpm570_doc0p025,train,42,4,cv_evaluation,no_chatter,0,8.858321962179616e-06
turning,pca_image_reconstruction,reconstruction_mse,4p5inchStickout_F_12-Jun-2017_rpm570_doc0p025_window_0004,4p5inchStickout/F_12-Jun-2017_rpm570_doc0p025,train,42,4,cv_evaluation,no_chatter,0,0.0002596234844531864
turning,pca_image_reconstruction,reconstruction_mse,4p5inchStickout_F_12-Jun-2017_rpm570_doc0p025_window_0005,4p5inchStickout/F_12-Jun-2017_rpm570_doc0p025,train,42,4,cv_evaluation,no_chatter,0,0.0003048764483537525
turning,pca_image_reconstruction,reconstruction_mse,4p5inchStickout_F_12-Jun-2017_rpm570_doc0p025_window_0006,4p5inchStickout/F_12-Jun-2017_rpm570_doc0p025,test,42,4,cv_evaluation,no_chatter,0,0.0003422523441258818
turning,pca_image_reconstruction,reconstruction_mse,4p5inchStickout_F_12-Jun-2017_rpm570_doc0p025_window_0007,4p5inchStickout/F_12-Jun-2017_rpm570_doc0p025,train,42,4,cv_evaluation,no_chatter,0,0.0004433740978129208
turning,pca_image_reconstruction,reconstruction_mse,4p5inchStickout_F_12-Jun-2017_rpm570_doc0p025_window_0008,4p5inchStickout/F_12-Jun-2017_rpm570_doc0p025,train,42,4,cv_evaluation,no_chatter,0,0.0006564302602782845
turning,pca_image_reconstruction,reconstruction_mse,4p5inchStickout_F_12-Jun-2017_rpm570_doc0p025_window_0009,4p5inchStickout/F_12-Jun-2017_rpm570_doc0p025,train,42,4,cv_evaluation,no_chatter,0,0.0008355220197699964
turning,pca_image_reconstruction,reconstruction_mse,4p5inchStickout_F_12-Jun-2017_rpm570_doc0p025_window_0010,4p5inchStickout/F_12-Jun-2017_rpm570_doc0p025,train,42,4,cv_evaluation,no_chatter,0,0.0009073659894056618
turning,pca_image_reconstruction,reconstruction_mse,4p5inchStickout_F_12-Jun-2017_rpm570_doc0p025_window_0011,4p5inchStickout/F_12-Jun-2017_rpm570_doc0p025,train,42,4,cv_evaluation,no_chatter,0,0.0006566022057086229
turning,pca_image_reconstruction,reconstruction_mse,4p5inchStickout_F_13-Jun-2017_rpm1030_doc0p010_window_0000,4p5inchStickout/F_13-Jun-2017_rpm1030_doc0p010,train,42,4,cv_evaluation,no_chatter,0,1.2817182323487941e-05
turning,pca_image_reconstruction,reconstruction_mse,4p5inchStickout_F_13-Jun-2017_rpm1030_doc0p010_window_0001,4p5inchStickout/F_13-Jun-2017_rpm1030_doc0p010,test,42,4,cv_evaluation,no_chatter,0,0.001047615660354495
turning,pca_image_reconstruction,reconstruction_mse,4p5inchStickout_F_13-Jun-2017_rpm1030_doc0p010_window_0002,4p5inchStickout/F_13-Jun-2017_rpm1030_doc0p010,train,42,4,cv_evaluation,no_chatter,0,0.0013273674994707108
turning,pca_image_reconstruction,reconstruction_mse,4p5inchStickout_F_13-Jun-2017_rpm1030_doc0p010_window_0003,4p5inchStickout/F_13-Jun-2017_rpm1030_doc0p010,train,42,4,cv_evaluation,no_chatter,0,0.0007272144430316985
turning,pca_image_reconstruction,reconstruction_mse,4p5inchStickout_F_13-Jun-2017_rpm1030_doc0p013_window_0000,4p5inchStickout/F_13-Jun-2017_rpm1030_doc0p013,test,42,4,cv_evaluation,no_chatter,0,9.99991698336089e-06
turning,pca_image_reconstruction,reconstruction_mse,4p5inchStickout_F_13-Jun-2017_rpm1030_doc0p013_window_0001,4p5inchStickout/F_13-Jun-2017_rpm1030_doc0p013,train,42,4,cv_evaluation,no_chatter,0,0.0005856439820490777
turning,pca_image_reconstruction,reconstruction_mse,4p5inchStickout_F_13-Jun-2017_rpm1030_doc0p013_window_0002,4p5inchStickout/F_13-Jun-2017_rpm1030_doc0p013,test,42,4,cv_evaluation,no_chatter,0,0.0009102780022658408
turning,pca_image_reconstruction,reconstruction_mse,4p5inchStickout_F_13-Jun-2017_rpm1030_doc0p013_window_0003,4p5inchStickout/F_13-Jun-2017_rpm1030_doc0p013,train,42,4,cv_evaluation,no_chatter,0,0.0009655553731136024
turning,pca_image_reconstruction,reconstruction_mse,4p5inchStickout_F_13-Jun-2017_rpm770_doc0p020_window_0000,4p5inchStickout/F_13-Jun-2017_rpm770_doc0p020,train,42,4,cv_evaluation,no_chatter,0,8.882442671165336e-06
turning,pca_image_reconstruction,reconstruction_mse,4p5inchStickout_F_13-Jun-2017_rpm770_doc0p020_window_0001,4p5inchStickout/F_13-Jun-2017_rpm770_doc0p020,train,42,4,cv_evaluation,no_chatter,0,0.00028235575882717967
turning,pca_image_reconstruction,reconstruction_mse,4p5inchStickout_F_13-Jun-2017_rpm770_doc0p020_window_0002,4p5inchStickout/F_13-Jun-2017_rpm770_doc0p020,test,42,4,cv_evaluation,no_chatter,0,0.0005488086026161909
turning,pca_image_reconstruction,reconstruction_mse,4p5inchStickout_F_13-Jun-2017_rpm770_doc0p020_window_0003,4p5inchStickout/F_13-Jun-2017_rpm770_doc0p020,train,42,4,cv_evaluation,no_chatter,0,0.0007960406364873052
turning,pca_image_reconstruction,reconstruction_mse,4p5inchStickout_F_13-Jun-2017_rpm770_doc0p020_window_0004,4p5inchStickout/F_13-Jun-2017_rpm770_doc0p020,train,42,4,cv_evaluation,no_chatter,0,0.0006999337347224355
turning,pca_image_reconstruction,reconstruction_mse,4p5inchStickout_F_13-Jun-2017_rpm770_doc0p020_window_0005,4p5inchStickout/F_13-Jun-2017_rpm770_doc0p020,train,42,4,cv_evaluation,no_chatter,0,0.0012076945276930928
