source_dataset,process,stickout,source_run,rpm,doc,window,sample_id,label,original_image_split,npz_path,image_path,split
turning,turning,2inchStickout,2inchStickout/F_08-Jun-2017_rpm1030_doc0p001,1030.0,0p001,0,2inchStickout_F_08-Jun-2017_rpm1030_doc0p001_window_0000,no_chatter,train,"data/01_windowed_labeled_2,5s/2inchStickout/F_08-Jun-2017_rpm1030_doc0p001/F_08-Jun-2017_rpm1030_doc0p001_window_0000.npz",data/02_spectrograms_150x100px_dataset/train/no_chatter/2inchStickout_F_08-Jun-2017_rpm1030_doc0p001_window_0000_no_chatter.png,train
turning,turning,2inchStickout,2inchStickout/F_08-Jun-2017_rpm1030_doc0p001,1030.0,0p001,1,2inchStickout_F_08-Jun-2017_rpm1030_doc0p001_window_0001,chatter,validation,"data/01_windowed_labeled_2,5s/2inchStickout/F_08-Jun-2017_rpm1030_doc0p001/F_08-Jun-2017_rpm1030_doc0p001_window_0001.npz",data/02_spectrograms_150x100px_dataset/validation/chatter/2inchStickout_F_08-Jun-2017_rpm1030_doc0p001_window_0001_chatter.png,validation
turning,turning,2inchStickout,2inchStickout/F_08-Jun-2017_rpm1030_doc0p001,1030.0,0p001,2,2inchStickout_F_08-Jun-2017_rpm1030_doc0p001_window_0002,chatter,validation,"data/01_windowed_labeled_2,5s/2inchStickout/F_08-Jun-2017_rpm1030_doc0p001/F_08-Jun-2017_rpm1030_doc0p001_window_0002.npz",data/02_spectrograms_150x100px_dataset/validation/chatter/2inchStickout_F_08-Jun-2017_rpm1030_doc0p001_window_0002_chatter.png,validation
turning,turning,2inchStickout,2inchStickout/F_08-Jun-2017_rpm1030_doc0p001,1030.0,0p001,3,2inchStickout_F_08-Jun-2017_rpm1030_doc0p001_window_0003,chatter,validation,"data/01_windowed_labeled_2,5s/2inchStickout/F_08-Jun-2017_rpm1030_doc0p001/F_08-Jun-2017_rpm1030_doc0p001_window_0003.npz",data/02_spectrograms_150x100px_dataset/validation/chatter/2inchStickout_F_08-Jun-2017_rpm1030_doc0p001_window_0003_chatter.png,validation
turning,turning,2inchStickout,2inchStickout/F_08-Jun-2017_rpm320_doc0p005,320.0,0p005,0,2inchStickout_F_08-Jun-2017_rpm320_doc0p005_window_0000,no_chatter,train,"data/01_windowed_labeled_2,5s/2inchStickout/F_08-Jun-2017_rpm320_doc0p005/F_08-Jun-2017_rpm320_doc0p005_window_0000.npz",data/02_spectrograms_150x100px_dataset/train/no_chatter/2inchStickout_F_08-Jun-2017_rpm320_doc0p005_window_0000_no_chatter.png,train
turning,turning,2inchStickout,2inchStickout/F_08-Jun-2017_rpm320_doc0p005,320.0,0p005,1,2inchStickout_F_08-Jun-2017_rpm320_doc0p005_window_0001,no_chatter,train,"data/01_windowed_labeled_2,5s/2inchStickout/F_08-Jun-2017_rpm320_doc0p005/F_08-Jun-2017_rpm320_doc0p005_window_0001.npz",data/02_spectrograms_150x100px_dataset/train/no_chatter/2inchStickout_F_08-Jun-2017_rpm320_doc0p005_window_0001_no_chatter.png,train
turning,turning,2inchStickout,2inchStickout/F_08-Jun-2017_rpm320_doc0p005,320.0,0p005,2,2inchStickout_F_08-Jun-2017_rpm320_doc0p005_window_0002,no_chatter,train,"data/01_windowed_labeled_2,5s/2inchStickout/F_08-Jun-2017_rpm320_doc0p005/F_08-Jun-2017_rpm320_doc0p005_window_0002.npz",data/02_spectrograms_150x100px_dataset/train/no_chatter/2inchStickout_F_08-Jun-2017_rpm320_doc0p005_window_0002_no_chatter.png,train
turning,turning,2inchStickout,2inchStickout/F_08-Jun-2017_rpm320_doc0p005,320.0,0p005,3,2inchStickout_F_08-Jun-2017_rpm320_doc0p005_window_0003,no_chatter,train,"data/01_windowed_labeled_2,5s/2inchStickout/F_08-Jun-2017_rpm320_doc0p005/F_08-Jun-2017_rpm320_doc0p005_window_0003.npz",data/02_spectrograms_150x100px_dataset/train/no_chatter/2inchStickout_F_08-Jun-2017_rpm320_doc0p005_window_0003_no_chatter.png,train
turning,turning,2inchStickout,2inchStickout/F_08-Jun-2017_rpm320_doc0p005,320.0,0p005,4,2inchStickout_F_08-Jun-2017_rpm320_doc0p005_window_0004,no_chatter,train,"data/01_windowed_labeled_2,5s/2inchStickout/F_08-Jun-2017_rpm320_doc0p005/F_08-Jun-2017_rpm320_doc0p005_window_0004.npz",data/02_spectrograms_150x100px_dataset/train/no_chatter/2inchStickout_F_08-Jun-2017_rpm320_doc0p005_window_0004_no_chatter.png,train
turning,turning,2inchStickout,2inchStickout/F_08-Jun-2017_rpm320_doc0p005,320.0,0p005,5,2inchStickout_F_08-Jun-2017_rpm320_doc0p005_window_0005,no_chatter,validation,"data/01_windowed_labeled_2,5s/2inchStickout/F_08-Jun-2017_rpm320_doc0p005/F_08-Jun-2017_rpm320_doc0p005_window_0005.npz",data/02_spectrograms_150x100px_dataset/validation/no_chatter/2inchStickout_F_08-Jun-2017_rpm320_doc0p005_window_0005_no_chatter.png,validation
turning,turning,2inchStickout,2inchStickout/F_08-Jun-2017_rpm320_doc0p005,320.0,0p005,6,2inchStickout_F_08-Jun-2017_rpm320_doc0p005_window_0006,chatter,validation,"data/01_windowed_labeled_2,5s/2inchStickout/F_08-Jun-2017_rpm320_doc0p005/F_08-Jun-2017_rpm320_doc0p005_window_0006.npz",data/02_spectrograms_150x100px_dataset/validation/chatter/2inchStickout_F_08-Jun-2017_rpm320_doc0p005_window_0006_chatter.png,validation
turning,turning,2inchStickout,2inchStickout/F_08-Jun-2017_rpm320_doc0p005,320.0,0p005,7,2inchStickout_F_08-Jun-2017_rpm320_doc0p005_window_0007,chatter,validation,"data/01_windowed_labeled_2,5s/2inchStickout/F_08-Jun-2017_rpm320_doc0p005/F_08-Jun-2017_rpm320_doc0p005_window_0007.npz",data/02_spectrograms_150x100px_dataset/validation/chatter/2inchStickout_F_08-Jun-2017_rpm320_doc0p005_window_0007_chatter.png,validation
turning,turning,2inchStickout,2inchStickout/F_08-Jun-2017_rpm320_doc0p005,320.0,0p005,8,2inchStickout_F_08-Jun-2017_rpm320_doc0p005_window_0008,chatter,validation,"data/01_windowed_labeled_2,5s/2inchStickout/F_08-Jun-2017_rpm320_doc0p005/F_08-Jun-2017_rpm320_doc0p005_window_0008.npz",data/02_spectrograms_150x100px_dataset/validation/chatter/2inchStickout_F_08-Jun-2017_rpm320_doc0p005_window_0008_chatter.png,validation
turning,turning,2inchStickout,2inchStickout/F_08-Jun-2017_rpm320_doc0p005,320.0,0p005,9,2inchStickout_F_08-Jun-2017_rpm320_doc0p005_window_0009,chatter,validation,"data/01_windowed_labeled_2,5s/2inchStickout/F_08-Jun-2017_rpm320_doc0p005/F_08-Jun-2017_rpm320_doc0p005_window_0009.npz",data/02_spectrograms_150x100px_dataset/validation/chatter/2inchStickout_F_08-Jun-2017_rpm320_doc0p005_window_0009_chatter.png,validation
turning,turning,2inchStickout,2inchStickout/F_08-Jun-2017_rpm320_doc0p005,320.0,0p005,10,2inchStickout_F_08-Jun-2017_rpm320_doc0p005_window_0010,chatter,validation,"data/01_windowed_labeled_2,5s/2inchStickout/F_08-Jun-2017_rpm320_doc0p005/F_08-Jun-2017_rpm320_doc0p005_window_0010.npz",data/02_spectrograms_150x100px_dataset/validation/chatter/2inchStickout_F_08-Jun-2017_rpm320_doc0p005_window_0010_chatter.png,validation
turning,turning,2inchStickout,2inchStickout/F_08-Jun-2017_rpm320_doc0p005,320.0,0p005,11,2inchStickout_F_08-Jun-2017_rpm320_doc0p005_window_0011,chatter,validation,"data/01_windowed_labeled_2,5s/2inchStickout/F_08-Jun-2017_rpm320_doc0p005/F_08-Jun-2017_rpm320_doc0p005_window_0011.npz",data/02_spectrograms_150x100px_dataset/validation/chatter/2inchStickout_F_08-Jun-2017_rpm320_doc0p005_window_0011_chatter.png,validation
turning,turning,2inchStickout,2inchStickout/F_08-Jun-2017_rpm320_doc0p005,320.0,0p005,12,2inchStickout_F_08-Jun-2017_rpm320_doc0p005_window_0012,no_chatter,train,"data/01_windowed_labeled_2,5s/2inchStickout/F_08-Jun-2017_rpm320_doc0p005/F_08-Jun-2017_rpm320_doc0p005_window_0012.npz",data/02_spectrograms_150x100px_dataset/train/no_chatter/2inchStickout_F_08-Jun-2017_rpm320_doc0p005_window_0012_no_chatter.png,train
turning,turning,2inchStickout,2inchStickout/F_08-Jun-2017_rpm320_doc0p005,320.0,0p005,13,2inchStickout_F_08-Jun-2017_rpm320_doc0p005_window_0013,no_chatter,train,"data/01_windowed_labeled_2,5s/2inchStickout/F_08-Jun-2017_rpm320_doc0p005/F_08-Jun-2017_rpm320_doc0p005_window_0013.npz",data/02_spectrograms_150x100px_dataset/train/no_chatter/2inchStickout_F_08-Jun-2017_rpm320_doc0p005_window_0013_no_chatter.png,train
turning,turning,2inchStickout,2inchStickout/F_08-Jun-2017_rpm320_doc0p005,320.0,0p005,14,2inchStickout_F_08-Jun-2017_rpm320_doc0p005_window_0014,no_chatter,train,"data/01_windowed_labeled_2,5s/2inchStickout/F_08-Jun-2017_rpm320_doc0p005/F_08-Jun-2017_rpm320_doc0p005_window_0014.npz",data/02_spectrograms_150x100px_dataset/train/no_chatter/2inchStickout_F_08-Jun-2017_rpm320_doc0p005_window_0014_no_chatter.png,train
turning,turning,2inchStickout,2inchStickout/F_08-Jun-2017_rpm320_doc0p005,320.0,0p005,15,2inchStickout_F_08-Jun-2017_rpm320_doc0p005_window_0015,no_chatter,train,"data/01_windowed_labeled_2,5s/2inchStickout/F_08-Jun-2017_rpm320_doc0p005/F_08-Jun-2017_rpm320_doc0p005_window_0015.npz",data/02_spectrograms_150x100px_dataset/train/no_chatter/2inchStickout_F_08-Jun-2017_rpm320_doc0p005_window_0015_no_chatter.png,train
turning,turning,2inchStickout,2inchStickout/F_08-Jun-2017_rpm320_doc0p005,320.0,0p005,16,2inchStickout_F_08-Jun-2017_rpm320_doc0p005_window_0016,no_chatter,train,"data/01_windowed_labeled_2,5s/2inchStickout/F_08-Jun-2017_rpm320_doc0p005/F_08-Jun-2017_rpm320_doc0p005_window_0016.npz",data/02_spectrograms_150x100px_dataset/train/no_chatter/2inchStickout_F_08-Jun-2017_rpm320_doc0p005_window_0016_no_chatter.png,train
turning,turning,2inchStickout,2inchStickout/F_08-Jun-2017_rpm320_doc0p005,320.0,0p005,17,2inchStickout_F_08-Jun-2017_rpm320_doc0p005_window_0017,no_chatter,train,"data/01_windowed_labeled_2,5s/2inchStickout/F_08-Jun-2017_rpm320_doc0p005/F_08-Jun-2017_rpm320_doc0p005_window_0017.npz",data/02_spectrograms_150x100px_dataset/train/no_chatter/2inchStickout_F_08-Jun-2017_rpm320_doc0p005_window_0017_no_chatter.png,train
turning,turning,2inchStickout,2inchStickout/F_08-Jun-2017_rpm320_doc0p005,320.0,0p005,18,2inchStickout_F_08-Jun-2017_rpm320_doc0p005_window_0018,no_chatter,train,"data/01_windowed_labeled_2,5s/2inchStickout/F_08-Jun-2017_rpm320_doc0p005/F_08-Jun-2017_rpm320_doc0p005_window_0018.npz",data/02_spectrograms_150x100px_dataset/train/no_chatter/2inchStickout_F_08-Jun-2017_rpm320_doc0p005_window_0018_no_chatter.png,train
turning,turning,2inchStickout,2inchStickout/F_08-Jun-2017_rpm320_doc0p005,320.0,0p005,19,2inchStickout_F_08-Jun-2017_rpm320_doc0p005_window_0019,no_chatter,train,"data/01_windowed_labeled_2,5s/2inchStickout/F_08-Jun-2017_rpm320_doc0p005/F_08-Jun-2017_rpm320_doc0p005_window_0019.npz",data/02_spectrograms_150x100px_dataset/train/no_chatter/2inchStickout_F_08-Jun-2017_rpm320_doc0p005_window_0019_no_chatter.png,train
turning,turning,2inchStickout,2inchStickout/F_08-Jun-2017_rpm320_doc0p005,320.0,0p005,20,2inchStickout_F_08-Jun-2017_rpm320_doc0p005_window_0020,no_chatter,train,"data/01_windowed_labeled_2,5s/2inchStickout/F_08-Jun-2017_rpm320_doc0p005/F_08-Jun-2017_rpm320_doc0p005_window_0020.npz",data/02_spectrograms_150x100px_dataset/train/no_chatter/2inchStickout_F_08-Jun-2017_rpm320_doc0p005_window_0020_no_chatter.png,train
turning,turning,2inchStickout,2inchStickout/F_08-Jun-2017_rpm320_doc0p005,320.0,0p005,21,2inchStickout_F_08-Jun-2017_rpm320_doc0p005_window_0021,no_chatter,train,"data/01_windowed_labeled_2,5s/2inchStickout/F_08-Jun-2017_rpm320_doc0p005/F_08-Jun-2017_rpm320_doc0p005_window_0021.npz",data/02_spectrograms_150x100px_dataset/train/no_chatter/2inchStickout_F_08-Jun-2017_rpm320_doc0p005_window_0021_no_chatter.png,train
turning,turning,2inchStickout,2inchStickout/F_08-Jun-2017_rpm320_doc0p005,320.0,0p005,22,2inchStickout_F_08-Jun-2017_rpm320_doc0p005_window_0022,no_chatter,train,"data/01_windowed_labeled_2,5s/2inchStickout/F_08-Jun-2017_rpm320_doc0p005/F_08-Jun-2017_rpm320_doc0p005_window_0022.npz",data/02_spectrograms_150x100px_dataset/train/no_chatter/2inchStickout_F_08-Jun-2017_rpm320_doc0p005_window_0022_no_chatter.png,train
turning,turning,2inchStickout,2inchStickout/F_08-Jun-2017_rpm320_doc0p005,320.0,0p005,23,2inchStickout_F_08-Jun-2017_rpm320_doc0p005_window_0023,no_chatter,train,"data/01_windowed_labeled_2,5s/2inchStickout/F_08-Jun-2017_rpm320_doc0p005/F_08-Jun-2017_rpm320_doc0p005_window_0023.npz",data/02_spectrograms_150x100px_dataset/train/no_chatter/2inchStickout_F_08-Jun-2017_rpm320_doc0p005_window_0023_no_chatter.png,train
turning,turning,2inchStickout,2inchStickout/F_08-Jun-2017_rpm320_doc0p010,320.0,0p010,0,2inchStickout_F_08-Jun-2017_rpm320_doc0p010_window_0000,no_chatter,train,"data/01_windowed_labeled_2,5s/2inchStickout/F_08-Jun-2017_rpm320_doc0p010/F_08-Jun-2017_rpm320_doc0p010_window_0000.npz",data/02_spectrograms_150x100px_dataset/train/no_chatter/2inchStickout_F_08-Jun-2017_rpm320_doc0p010_window_0000_no_chatter.png,train
turning,turning,2inchStickout,2inchStickout/F_08-Jun-2017_rpm320_doc0p010,320.0,0p010,1,2inchStickout_F_08-Jun-2017_rpm320_doc0p010_window_0001,no_chatter,train,"data/01_windowed_labeled_2,5s/2inchStickout/F_08-Jun-2017_rpm320_doc0p010/F_08-Jun-2017_rpm320_doc0p010_window_0001.npz",data/02_spectrograms_150x100px_dataset/train/no_chatter/2inchStickout_F_08-Jun-2017_rpm320_doc0p010_window_0001_no_chatter.png,train
turning,turning,2inchStickout,2inchStickout/F_08-Jun-2017_rpm320_doc0p010,320.0,0p010,2,2inchStickout_F_08-Jun-2017_rpm320_doc0p010_window_0002,no_chatter,train,"data/01_windowed_labeled_2,5s/2inchStickout/F_08-Jun-2017_rpm320_doc0p010/F_08-Jun-2017_rpm320_doc0p010_window_0002.npz",data/02_spectrograms_150x100px_dataset/train/no_chatter/2inchStickout_F_08-Jun-2017_rpm320_doc0p010_window_0002_no_chatter.png,train
turning,turning,2inchStickout,2inchStickout/F_08-Jun-2017_rpm320_doc0p010,320.0,0p010,3,2inchStickout_F_08-Jun-2017_rpm320_doc0p010_window_0003,no_chatter,train,"data/01_windowed_labeled_2,5s/2inchStickout/F_08-Jun-2017_rpm320_doc0p010/F_08-Jun-2017_rpm320_doc0p010_window_0003.npz",data/02_spectrograms_150x100px_dataset/train/no_chatter/2inchStickout_F_08-Jun-2017_rpm320_doc0p010_window_0003_no_chatter.png,train
turning,turning,2inchStickout,2inchStickout/F_08-Jun-2017_rpm320_doc0p010,320.0,0p010,4,2inchStickout_F_08-Jun-2017_rpm320_doc0p010_window_0004,no_chatter,train,"data/01_windowed_labeled_2,5s/2inchStickout/F_08-Jun-2017_rpm320_doc0p010/F_08-Jun-2017_rpm320_doc0p010_window_0004.npz",data/02_spectrograms_150x100px_dataset/train/no_chatter/2inchStickout_F_08-Jun-2017_rpm320_doc0p010_window_0004_no_chatter.png,train
turning,turning,2inchStickout,2inchStickout/F_08-Jun-2017_rpm320_doc0p010,320.0,0p010,5,2inchStickout_F_08-Jun-2017_rpm320_doc0p010_window_0005,no_chatter,validation,"data/01_windowed_labeled_2,5s/2inchStickout/F_08-Jun-2017_rpm320_doc0p010/F_08-Jun-2017_rpm320_doc0p010_window_0005.npz",data/02_spectrograms_150x100px_dataset/validation/no_chatter/2inchStickout_F_08-Jun-2017_rpm320_doc0p010_window_0005_no_chatter.png,validation
turning,turning,2inchStickout,2inchStickout/F_08-Jun-2017_rpm320_doc0p010,320.0,0p010,6,2inchStickout_F_08-Jun-2017_rpm320_doc0p010_window_0006,no_chatter,validation,"data/01_windowed_labeled_2,5s/2inchStickout/F_08-Jun-2017_rpm320_doc0p010/F_08-Jun-2017_rpm320_doc0p010_window_0006.npz",data/02_spectrograms_150x100px_dataset/validation/no_chatter/2inchStickout_F_08-Jun-2017_rpm320_doc0p010_window_0006_no_chatter.png,validation
turning,turning,2inchStickout,2inchStickout/F_08-Jun-2017_rpm320_doc0p010,320.0,0p010,7,2inchStickout_F_08-Jun-2017_rpm320_doc0p010_window_0007,no_chatter,train,"data/01_windowed_labeled_2,5s/2inchStickout/F_08-Jun-2017_rpm320_doc0p010/F_08-Jun-2017_rpm320_doc0p010_window_0007.npz",data/02_spectrograms_150x100px_dataset/train/no_chatter/2inchStickout_F_08-Jun-2017_rpm320_doc0p010_window_0007_no_chatter.png,train
turning,turning,2inchStickout,2inchStickout/F_08-Jun-2017_rpm320_doc0p010,320.0,0p010,8,2inchStickout_F_08-Jun-2017_rpm320_doc0p010_window_0008,no_chatter,validation,"data/01_windowed_labeled_2,5s/2inchStickout/F_08-Jun-2017_rpm320_doc0p010/F_08-Jun-2017_rpm320_doc0p010_window_0008.npz",data/02_spectrograms_150x100px_dataset/validation/no_chatter/2inchStickout_F_08-Jun-2017_rpm320_doc0p010_window_0008_no_chatter.png,validation
turning,turning,2inchStickout,2inchStickout/F_08-Jun-2017_rpm320_doc0p010,320.0,0p010,9,2inchStickout_F_08-Jun-2017_rpm320_doc0p010_window_0009,no_chatter,train,"data/01_windowed_labeled_2,5s/2inchStickout/F_08-Jun-2017_rpm320_doc0p010/F_08-Jun-2017_rpm320_doc0p010_window_0009.npz",data/02_spectrograms_150x100px_dataset/train/no_chatter/2inchStickout_F_08-Jun-2017_rpm320_doc0p010_window_0009_no_chatter.png,train
turning,turning,2inchStickout,2inchStickout/F_08-Jun-2017_rpm320_doc0p010,320.0,0p010,10,2inchStickout_F_08-Jun-2017_rpm320_doc0p010_window_0010,no_chatter,train,"data/01_windowed_labeled_2,5s/2inchStickout/F_08-Jun-2017_rpm320_doc0p010/F_08-Jun-2017_rpm320_doc0p010_window_0010.npz",data/02_spectrograms_150x100px_dataset/train/no_chatter/2inchStickout_F_08-Jun-2017_rpm320_doc0p010_window_0010_no_chatter.png,train
turning,turning,2inchStickout,2inchStickout/F_08-Jun-2017_rpm320_doc0p010,320.0,0p010,11,2inchStickout_F_08-Jun-2017_rpm320_doc0p010_window_0011,no_chatter,validation,"data/01_windowed_labeled_2,5s/2inchStickout/F_08-Jun-2017_rpm320_doc0p010/F_08-Jun-2017_rpm320_doc0p010_window_0011.npz",data/02_spectrograms_150x100px_dataset/validation/no_chatter/2inchStickout_F_08-Jun-2017_rpm320_doc0p010_window_0011_no_chatter.png,validation
turning,turning,2inchStickout,2inchStickout/F_08-Jun-2017_rpm320_doc0p010,320.0,0p010,12,2inchStickout_F_08-Jun-2017_rpm320_doc0p010_window_0012,no_chatter,train,"data/01_windowed_labeled_2,5s/2inchStickout/F_08-Jun-2017_rpm320_doc0p010/F_08-Jun-2017_rpm320_doc0p010_window_0012.npz",data/02_spectrograms_150x100px_dataset/train/no_chatter/2inchStickout_F_08-Jun-2017_rpm320_doc0p010_window_0012_no_chatter.png,train
turning,turning,2inchStickout,2inchStickout/F_08-Jun-2017_rpm320_doc0p010,320.0,0p010,13,2inchStickout_F_08-Jun-2017_rpm320_doc0p010_window_0013,no_chatter,validation,"data/01_windowed_labeled_2,5s/2inchStickout/F_08-Jun-2017_rpm320_doc0p010/F_08-Jun-2017_rpm320_doc0p010_window_0013.npz",data/02_spectrograms_150x100px_dataset/validation/no_chatter/2inchStickout_F_08-Jun-2017_rpm320_doc0p010_window_0013_no_chatter.png,validation
turning,turning,2inchStickout,2inchStickout/F_08-Jun-2017_rpm320_doc0p010,320.0,0p010,14,2inchStickout_F_08-Jun-2017_rpm320_doc0p010_window_0014,no_chatter,train,"data/01_windowed_labeled_2,5s/2inchStickout/F_08-Jun-2017_rpm320_doc0p010/F_08-Jun-2017_rpm320_doc0p010_window_0014.npz",data/02_spectrograms_150x100px_dataset/train/no_chatter/2inchStickout_F_08-Jun-2017_rpm320_doc0p010_window_0014_no_chatter.png,train
turning,turning,2inchStickout,2inchStickout/F_08-Jun-2017_rpm320_doc0p010,320.0,0p010,15,2inchStickout_F_08-Jun-2017_rpm320_doc0p010_window_0015,no_chatter,train,"data/01_windowed_labeled_2,5s/2inchStickout/F_08-Jun-2017_rpm320_doc0p010/F_08-Jun-2017_rpm320_doc0p010_window_0015.npz",data/02_spectrograms_150x100px_dataset/train/no_chatter/2inchStickout_F_08-Jun-2017_rpm320_doc0p010_window_0015_no_chatter.png,train
turning,turning,2inchStickout,2inchStickout/F_08-Jun-2017_rpm320_doc0p010,320.0,0p010,16,2inchStickout_F_08-Jun-2017_rpm320_doc0p010_window_0016,no_chatter,train,"data/01_windowed_labeled_2,5s/2inchStickout/F_08-Jun-2017_rpm320_doc0p010/F_08-Jun-2017_rpm320_doc0p010_window_0016.npz",data/02_spectrograms_150x100px_dataset/train/no_chatter/2inchStickout_F_08-Jun-2017_rpm320_doc0p010_window_0016_no_chatter.png,train
turning,turning,2inchStickout,2inchStickout/F_08-Jun-2017_rpm320_doc0p010,320.0,0p010,17,2inchStickout_F_08-Jun-2017_rpm320_doc0p010_window_0017,no_chatter,train,"data/01_windowed_labeled_2,5s/2inchStickout/F_08-Jun-2017_rpm320_doc0p010/F_08-Jun-2017_rpm320_doc0p010_window_0017.npz",data/02_spectrograms_150x100px_dataset/train/no_chatter/2inchStickout_F_08-Jun-2017_rpm320_doc0p010_window_0017_no_chatter.png,train
turning,turning,2inchStickout,2inchStickout/F_08-Jun-2017_rpm320_doc0p010,320.0,0p010,18,2inchStickout_F_08-Jun-2017_rpm320_doc0p010_window_0018,no_chatter,train,"data/01_windowed_labeled_2,5s/2inchStickout/F_08-Jun-2017_rpm320_doc0p010/F_08-Jun-2017_rpm320_doc0p010_window_0018.npz",data/02_spectrograms_150x100px_dataset/train/no_chatter/2inchStickout_F_08-Jun-2017_rpm320_doc0p010_window_0018_no_chatter.png,train
turning,turning,2inchStickout,2inchStickout/F_08-Jun-2017_rpm320_doc0p010,320.0,0p010,19,2inchStickout_F_08-Jun-2017_rpm320_doc0p010_window_0019,no_chatter,train,"data/01_windowed_labeled_2,5s/2inchStickout/F_08-Jun-2017_rpm320_doc0p010/F_08-Jun-2017_rpm320_doc0p010_window_0019.npz",data/02_spectrograms_150x100px_dataset/train/no_chatter/2inchStickout_F_08-Jun-2017_rpm320_doc0p010_window_0019_no_chatter.png,train
turning,turning,2inchStickout,2inchStickout/F_08-Jun-2017_rpm320_doc0p010,320.0,0p010,20,2inchStickout_F_08-Jun-2017_rpm320_doc0p010_window_0020,no_chatter,train,"data/01_windowed_labeled_2,5s/2inchStickout/F_08-Jun-2017_rpm320_doc0p010/F_08-Jun-2017_rpm320_doc0p010_window_0020.npz",data/02_spectrograms_150x100px_dataset/train/no_chatter/2inchStickout_F_08-Jun-2017_rpm320_doc0p010_window_0020_no_chatter.png,train
turning,turning,2inchStickout,2inchStickout/F_08-Jun-2017_rpm320_doc0p010,320.0,0p010,21,2inchStickout_F_08-Jun-2017_rpm320_doc0p010_window_0021,no_chatter,train,"data/01_windowed_labeled_2,5s/2inchStickout/F_08-Jun-2017_rpm320_doc0p010/F_08-Jun-2017_rpm320_doc0p010_window_0021.npz",data/02_spectrograms_150x100px_dataset/train/no_chatter/2inchStickout_F_08-Jun-2017_rpm320_doc0p010_window_0021_no_chatter.png,train
turning,turning,2inchStickout,2inchStickout/F_08-Jun-2017_rpm320_doc0p010,320.0,0p010,22,2inchStickout_F_08-Jun-2017_rpm320_doc0p010_window_0022,no_chatter,train,"data/01_windowed_labeled_2,5s/2inchStickout/F_08-Jun-2017_rpm320_doc0p010/F_08-Jun-2017_rpm320_doc0p010_window_0022.npz",data/02_spectrograms_150x100px_dataset/train/no_chatter/2inchStickout_F_08-Jun-2017_rpm320_doc0p010_window_0022_no_chatter.png,train
turning,turning,2inchStickout,2inchStickout/F_08-Jun-2017_rpm320_doc0p010,320.0,0p010,23,2inchStickout_F_08-Jun-2017_rpm320_doc0p010_window_0023,no_chatter,train,"data/01_windowed_labeled_2,5s/2inchStickout/F_08-Jun-2017_rpm320_doc0p010/F_08-Jun-2017_rpm320_doc0p010_window_0023.npz",data/02_spectrograms_150x100px_dataset/train/no_chatter/2inchStickout_F_08-Jun-2017_rpm320_doc0p010_window_0023_no_chatter.png,train
turning,turning,2inchStickout,2inchStickout/F_08-Jun-2017_rpm320_doc0p015,320.0,0p015,0,2inchStickout_F_08-Jun-2017_rpm320_doc0p015_window_0000,no_chatter,train,"data/01_windowed_labeled_2,5s/2inchStickout/F_08-Jun-2017_rpm320_doc0p015/F_08-Jun-2017_rpm320_doc0p015_window_0000.npz",data/02_spectrograms_150x100px_dataset/train/no_chatter/2inchStickout_F_08-Jun-2017_rpm320_doc0p015_window_0000_no_chatter.png,train
turning,turning,2inchStickout,2inchStickout/F_08-Jun-2017_rpm320_doc0p015,320.0,0p015,1,2inchStickout_F_08-Jun-2017_rpm320_doc0p015_window_0001,no_chatter,validation,"data/01_windowed_labeled_2,5s/2inchStickout/F_08-Jun-2017_rpm320_doc0p015/F_08-Jun-2017_rpm320_doc0p015_window_0001.npz",data/02_spectrograms_150x100px_dataset/validation/no_chatter/2inchStickout_F_08-Jun-2017_rpm320_doc0p015_window_0001_no_chatter.png,validation
turning,turning,2inchStickout,2inchStickout/F_08-Jun-2017_rpm320_doc0p015,320.0,0p015,2,2inchStickout_F_08-Jun-2017_rpm320_doc0p015_window_0002,no_chatter,train,"data/01_windowed_labeled_2,5s/2inchStickout/F_08-Jun-2017_rpm320_doc0p015/F_08-Jun-2017_rpm320_doc0p015_window_0002.npz",data/02_spectrograms_150x100px_dataset/train/no_chatter/2inchStickout_F_08-Jun-2017_rpm320_doc0p015_window_0002_no_chatter.png,train
turning,turning,2inchStickout,2inchStickout/F_08-Jun-2017_rpm320_doc0p015,320.0,0p015,3,2inchStickout_F_08-Jun-2017_rpm320_doc0p015_window_0003,no_chatter,validation,"data/01_windowed_labeled_2,5s/2inchStickout/F_08-Jun-2017_rpm320_doc0p015/F_08-Jun-2017_rpm320_doc0p015_window_0003.npz",data/02_spectrograms_150x100px_dataset/validation/no_chatter/2inchStickout_F_08-Jun-2017_rpm320_doc0p015_window_0003_no_chatter.png,validation
turning,turning,2inchStickout,2inchStickout/F_08-Jun-2017_rpm320_doc0p015,320.0,0p015,4,2inchStickout_F_08-Jun-2017_rpm320_doc0p015_window_0004,no_chatter,train,"data/01_windowed_labeled_2,5s/2inchStickout/F_08-Jun-2017_rpm320_doc0p015/F_08-Jun-2017_rpm320_doc0p015_window_0004.npz",data/02_spectrograms_150x100px_dataset/train/no_chatter/2inchStickout_F_08-Jun-2017_rpm320_doc0p015_window_0004_no_chatter.png,train
turning,turning,2inchStickout,2inchStickout/F_08-Jun-2017_rpm320_doc0p015,320.0,0p015,5,2inchStickout_F_08-Jun-2017_rpm320_doc0p015_window_0005,no_chatter,train,"data/01_windowed_labeled_2,5s/2inchStickout/F_08-Jun-2017_rpm320_doc0p015/F_08-Jun-2017_rpm320_doc0p015_window_0005.npz",data/02_spectrograms_150x100px_dataset/train/no_chatter/2inchStickout_F_08-Jun-2017_rpm320_doc0p015_window_0005_no_chatter.png,train
turning,turning,2inchStickout,2inchStickout/F_08-Jun-2017_rpm320_doc0p015,320.0,0p015,6,2inchStickout_F_08-Jun-2017_rpm320_doc0p015_window_0006,no_chatter,train,"data/01_windowed_labeled_2,5s/2inchStickout/F_08-Jun-2017_rpm320_doc0p015/F_08-Jun-2017_rpm320_doc0p015_window_0006.npz",data/02_spectrograms_150x100px_dataset/train/no_chatter/2inchStickout_F_08-Jun-2017_rpm320_doc0p015_window_0006_no_chatter.png,train
turning,turning,2inchStickout,2inchStickout/F_08-Jun-2017_rpm320_doc0p015,320.0,0p015,7,2inchStickout_F_08-Jun-2017_rpm320_doc0p015_window_0007,no_chatter,train,"data/01_windowed_labeled_2,5s/2inchStickout/F_08-Jun-2017_rpm320_doc0p015/F_08-Jun-2017_rpm320_doc0p015_window_0007.npz",data/02_spectrograms_150x100px_dataset/train/no_chatter/2inchStickout_F_08-Jun-2017_rpm320_doc0p015_window_0007_no_chatter.png,train
turning,turning,2inchStickout,2inchStickout/F_08-Jun-2017_rpm320_doc0p015,320.0,0p015,8,2inchStickout_F_08-Jun-2017_rpm320_doc0p015_window_0008,no_chatter,train,"data/01_windowed_labeled_2,5s/2inchStickout/F_08-Jun-2017_rpm320_doc0p015/F_08-Jun-2017_rpm320_doc0p015_window_0008.npz",data/02_spectrograms_150x100px_dataset/train/no_chatter/2inchStickout_F_08-Jun-2017_rpm320_doc0p015_window_0008_no_chatter.png,train
turning,turning,2inchStickout,2inchStickout/F_08-Jun-2017_rpm320_doc0p015,320.0,0p015,9,2inchStickout_F_08-Jun-2017_rpm320_doc0p015_window_0009,no_chatter,train,"data/01_windowed_labeled_2,5s/2inchStickout/F_08-Jun-2017_rpm320_doc0p015/F_08-Jun-2017_rpm320_doc0p015_window_0009.npz",data/02_spectrograms_150x100px_dataset/train/no_chatter/2inchStickout_F_08-Jun-2017_rpm320_doc0p015_window_0009_no_chatter.png,train
turning,turning,2inchStickout,2inchStickout/F_08-Jun-2017_rpm320_doc0p015,320.0,0p015,10,2inchStickout_F_08-Jun-2017_rpm320_doc0p015_window_0010,no_chatter,train,"data/01_windowed_labeled_2,5s/2inchStickout/F_08-Jun-2017_rpm320_doc0p015/F_08-Jun-2017_rpm320_doc0p015_window_0010.npz",data/02_spectrograms_150x100px_dataset/train/no_chatter/2inchStickout_F_08-Jun-2017_rpm320_doc0p015_window_0010_no_chatter.png,train
turning,turning,2inchStickout,2inchStickout/F_08-Jun-2017_rpm320_doc0p015,320.0,0p015,11,2inchStickout_F_08-Jun-2017_rpm320_doc0p015_window_0011,no_chatter,train,"data/01_windowed_labeled_2,5s/2inchStickout/F_08-Jun-2017_rpm320_doc0p015/F_08-Jun-2017_rpm320_doc0p015_window_0011.npz",data/02_spectrograms_150x100px_dataset/train/no_chatter/2inchStickout_F_08-Jun-2017_rpm320_doc0p015_window_0011_no_chatter.png,train
turning,turning,2inchStickout,2inchStickout/F_08-Jun-2017_rpm320_doc0p015,320.0,0p015,12,2inchStickout_F_08-Jun-2017_rpm320_doc0p015_window_0012,no_chatter,train,"data/01_windowed_labeled_2,5s/2inchStickout/F_08-Jun-2017_rpm320_doc0p015/F_08-Jun-2017_rpm320_doc0p015_window_0012.npz",data/02_spectrograms_150x100px_dataset/train/no_chatter/2inchStickout_F_08-Jun-2017_rpm320_doc0p015_window_0012_no_chatter.png,train
turning,turning,2inchStickout,2inchStickout/F_08-Jun-2017_rpm320_doc0p015,320.0,0p015,13,2inchStickout_F_08-Jun-2017_rpm320_doc0p015_window_0013,no_chatter,validation,"data/01_windowed_labeled_2,5s/2inchStickout/F_08-Jun-2017_rpm320_doc0p015/F_08-Jun-2017_rpm320_doc0p015_window_0013.npz",data/02_spectrograms_150x100px_dataset/validation/no_chatter/2inchStickout_F_08-Jun-2017_rpm320_doc0p015_window_0013_no_chatter.png,validation
turning,turning,2inchStickout,2inchStickout/F_08-Jun-2017_rpm320_doc0p015,320.0,0p015,14,2inchStickout_F_08-Jun-2017_rpm320_doc0p015_window_0014,no_chatter,validation,"data/01_windowed_labeled_2,5s/2inchStickout/F_08-Jun-2017_rpm320_doc0p015/F_08-Jun-2017_rpm320_doc0p015_window_0014.npz",data/02_spectrograms_150x100px_dataset/validation/no_chatter/2inchStickout_F_08-Jun-2017_rpm320_doc0p015_window_0014_no_chatter.png,validation
turning,turning,2inchStickout,2inchStickout/F_08-Jun-2017_rpm320_doc0p015,320.0,0p015,15,2inchStickout_F_08-Jun-2017_rpm320_doc0p015_window_0015,no_chatter,train,"data/01_windowed_labeled_2,5s/2inchStickout/F_08-Jun-2017_rpm320_doc0p015/F_08-Jun-2017_rpm320_doc0p015_window_0015.npz",data/02_spectrograms_150x100px_dataset/train/no_chatter/2inchStickout_F_08-Jun-2017_rpm320_doc0p015_window_0015_no_chatter.png,train
turning,turning,2inchStickout,2inchStickout/F_08-Jun-2017_rpm320_doc0p015,320.0,0p015,16,2inchStickout_F_08-Jun-2017_rpm320_doc0p015_window_0016,no_chatter,train,"data/01_windowed_labeled_2,5s/2inchStickout/F_08-Jun-2017_rpm320_doc0p015/F_08-Jun-2017_rpm320_doc0p015_window_0016.npz",data/02_spectrograms_150x100px_dataset/train/no_chatter/2inchStickout_F_08-Jun-2017_rpm320_doc0p015_window_0016_no_chatter.png,train
turning,turning,2inchStickout,2inchStickout/F_08-Jun-2017_rpm320_doc0p015,320.0,0p015,17,2inchStickout_F_08-Jun-2017_rpm320_doc0p015_window_0017,no_chatter,train,"data/01_windowed_labeled_2,5s/2inchStickout/F_08-Jun-2017_rpm320_doc0p015/F_08-Jun-2017_rpm320_doc0p015_window_0017.npz",data/02_spectrograms_150x100px_dataset/train/no_chatter/2inchStickout_F_08-Jun-2017_rpm320_doc0p015_window_0017_no_chatter.png,train
turning,turning,2inchStickout,2inchStickout/F_08-Jun-2017_rpm320_doc0p015,320.0,0p015,18,2inchStickout_F_08-Jun-2017_rpm320_doc0p015_window_0018,no_chatter,train,"data/01_windowed_labeled_2,5s/2inchStickout/F_08-Jun-2017_rpm320_doc0p015/F_08-Jun-2017_rpm320_doc0p015_window_0018.npz",data/02_spectrograms_150x100px_dataset/train/no_chatter/2inchStickout_F_08-Jun-2017_rpm320_doc0p015_window_0018_no_chatter.png,train
turning,turning,2inchStickout,2inchStickout/F_08-Jun-2017_rpm320_doc0p015,320.0,0p015,19,2inchStickout_F_08-Jun-2017_rpm320_doc0p015_window_0019,no_chatter,train,"data/01_windowed_labeled_2,5s/2inchStickout/F_08-Jun-2017_rpm320_doc0p015/F_08-Jun-2017_rpm320_doc0p015_window_0019.npz",data/02_spectrograms_150x100px_dataset/train/no_chatter/2inchStickout_F_08-Jun-2017_rpm320_doc0p015_window_0019_no_chatter.png,train
turning,turning,2inchStickout,2inchStickout/F_08-Jun-2017_rpm320_doc0p015,320.0,0p015,20,2inchStickout_F_08-Jun-2017_rpm320_doc0p015_window_0020,no_chatter,train,"data/01_windowed_labeled_2,5s/2inchStickout/F_08-Jun-2017_rpm320_doc0p015/F_08-Jun-2017_rpm320_doc0p015_window_0020.npz",data/02_spectrograms_150x100px_dataset/train/no_chatter/2inchStickout_F_08-Jun-2017_rpm320_doc0p015_window_0020_no_chatter.png,train
turning,turning,2inchStickout,2inchStickout/F_08-Jun-2017_rpm320_doc0p015,320.0,0p015,21,2inchStickout_F_08-Jun-2017_rpm320_doc0p015_window_0021,no_chatter,train,"data/01_windowed_labeled_2,5s/2inchStickout/F_08-Jun-2017_rpm320_doc0p015/F_08-Jun-2017_rpm320_doc0p015_window_0021.npz",data/02_spectrograms_150x100px_dataset/train/no_chatter/2inchStickout_F_08-Jun-2017_rpm320_doc0p015_window_0021_no_chatter.png,train
turning,turning,2inchStickout,2inchStickout/F_08-Jun-2017_rpm320_doc0p015,320.0,0p015,22,2inchStickout_F_08-Jun-2017_rpm320_doc0p015_window_0022,no_chatter,train,"data/01_windowed_labeled_2,5s/2inchStickout/F_08-Jun-2017_rpm320_doc0p015/F_08-Jun-2017_rpm320_doc0p015_window_0022.npz",data/02_spectrograms_150x100px_dataset/train/no_chatter/2inchStickout_F_08-Jun-2017_rpm320_doc0p015_window_0022_no_chatter.png,train
turning,turning,2inchStickout,2inchStickout/F_08-Jun-2017_rpm320_doc0p015,320.0,0p015,23,2inchStickout_F_08-Jun-2017_rpm320_doc0p015_window_0023,no_chatter,train,"data/01_windowed_labeled_2,5s/2inchStickout/F_08-Jun-2017_rpm320_doc0p015/F_08-Jun-2017_rpm320_doc0p015_window_0023.npz",data/02_spectrograms_150x100px_dataset/train/no_chatter/2inchStickout_F_08-Jun-2017_rpm320_doc0p015_window_0023_no_chatter.png,train
turning,turning,2inchStickout,2inchStickout/F_08-Jun-2017_rpm320_doc0p020,320.0,0p020,0,2inchStickout_F_08-Jun-2017_rpm320_doc0p020_window_0000,no_chatter,validation,"data/01_windowed_labeled_2,5s/2inchStickout/F_08-Jun-2017_rpm320_doc0p020/F_08-Jun-2017_rpm320_doc0p020_window_0000.npz",data/02_spectrograms_150x100px_dataset/validation/no_chatter/2inchStickout_F_08-Jun-2017_rpm320_doc0p020_window_0000_no_chatter.png,validation
turning,turning,2inchStickout,2inchStickout/F_08-Jun-2017_rpm320_doc0p020,320.0,0p020,1,2inchStickout_F_08-Jun-2017_rpm320_doc0p020_window_0001,no_chatter,train,"data/01_windowed_labeled_2,5s/2inchStickout/F_08-Jun-2017_rpm320_doc0p020/F_08-Jun-2017_rpm320_doc0p020_window_0001.npz",data/02_spectrograms_150x100px_dataset/train/no_chatter/2inchStickout_F_08-Jun-2017_rpm320_doc0p020_window_0001_no_chatter.png,train
turning,turning,2inchStickout,2inchStickout/F_08-Jun-2017_rpm320_doc0p020,320.0,0p020,2,2inchStickout_F_08-Jun-2017_rpm320_doc0p020_window_0002,no_chatter,train,"data/01_windowed_labeled_2,5s/2inchStickout/F_08-Jun-2017_rpm320_doc0p020/F_08-Jun-2017_rpm320_doc0p020_window_0002.npz",data/02_spectrograms_150x100px_dataset/train/no_chatter/2inchStickout_F_08-Jun-2017_rpm320_doc0p020_window_0002_no_chatter.png,train
turning,turning,2inchStickout,2inchStickout/F_08-Jun-2017_rpm320_doc0p020,320.0,0p020,3,2inchStickout_F_08-Jun-2017_rpm320_doc0p020_window_0003,no_chatter,validation,"data/01_windowed_labeled_2,5s/2inchStickout/F_08-Jun-2017_rpm320_doc0p020/F_08-Jun-2017_rpm320_doc0p020_window_0003.npz",data/02_spectrograms_150x100px_dataset/validation/no_chatter/2inchStickout_F_08-Jun-2017_rpm320_doc0p020_window_0003_no_chatter.png,validation
turning,turning,2inchStickout,2inchStickout/F_08-Jun-2017_rpm320_doc0p020,320.0,0p020,4,2inchStickout_F_08-Jun-2017_rpm320_doc0p020_window_0004,no_chatter,validation,"data/01_windowed_labeled_2,5s/2inchStickout/F_08-Jun-2017_rpm320_doc0p020/F_08-Jun-2017_rpm320_doc0p020_window_0004.npz",data/02_spectrograms_150x100px_dataset/validation/no_chatter/2inchStickout_F_08-Jun-2017_rpm320_doc0p020_window_0004_no_chatter.png,validation
turning,turning,2inchStickout,2inchStickout/F_08-Jun-2017_rpm320_doc0p020,320.0,0p020,5,2inchStickout_F_08-Jun-2017_rpm320_doc0p020_window_0005,no_chatter,train,"data/01_windowed_labeled_2,5s/2inchStickout/F_08-Jun-2017_rpm320_doc0p020/F_08-Jun-2017_rpm320_doc0p020_window_0005.npz",data/02_spectrograms_150x100px_dataset/train/no_chatter/2inchStickout_F_08-Jun-2017_rpm320_doc0p020_window_0005_no_chatter.png,train
turning,turning,2inchStickout,2inchStickout/F_08-Jun-2017_rpm320_doc0p020,320.0,0p020,6,2inchStickout_F_08-Jun-2017_rpm320_doc0p020_window_0006,no_chatter,validation,"data/01_windowed_labeled_2,5s/2inchStickout/F_08-Jun-2017_rpm320_doc0p020/F_08-Jun-2017_rpm320_doc0p020_window_0006.npz",data/02_spectrograms_150x100px_dataset/validation/no_chatter/2inchStickout_F_08-Jun-2017_rpm320_doc0p020_window_0006_no_chatter.png,validation
turning,turning,2inchStickout,2inchStickout/F_08-Jun-2017_rpm320_doc0p020,320.0,0p020,7,2inchStickout_F_08-Jun-2017_rpm320_doc0p020_window_0007,no_chatter,train,"data/01_windowed_labeled_2,5s/2inchStickout/F_08-Jun-2017_rpm320_doc0p020/F_08-Jun-2017_rpm320_doc0p020_window_0007.npz",data/02_spectrograms_150x100px_dataset/train/no_chatter/2inchStickout_F_08-Jun-2017_rpm320_doc0p020_window_0007_no_chatter.png,train
turning,turning,2inchStickout,2inchStickout/F_08-Jun-2017_rpm320_doc0p020,320.0,0p020,8,2inchStickout_F_08-Jun-2017_rpm320_doc0p020_window_0008,no_chatter,train,"data/01_windowed_labeled_2,5s/2inchStickout/F_08-Jun-2017_rpm320_doc0p020/F_08-Jun-2017_rpm320_doc0p020_window_0008.npz",data/02_spectrograms_150x100px_dataset/train/no_chatter/2inchStickout_F_08-Jun-2017_rpm320_doc0p020_window_0008_no_chatter.png,train
turning,turning,2inchStickout,2inchStickout/F_08-Jun-2017_rpm320_doc0p020,320.0,0p020,9,2inchStickout_F_08-Jun-2017_rpm320_doc0p020_window_0009,no_chatter,train,"data/01_windowed_labeled_2,5s/2inchStickout/F_08-Jun-2017_rpm320_doc0p020/F_08-Jun-2017_rpm320_doc0p020_window_0009.npz",data/02_spectrograms_150x100px_dataset/train/no_chatter/2inchStickout_F_08-Jun-2017_rpm320_doc0p020_window_0009_no_chatter.png,train
turning,turning,2inchStickout,2inchStickout/F_08-Jun-2017_rpm320_doc0p020,320.0,0p020,10,2inchStickout_F_08-Jun-2017_rpm320_doc0p020_window_0010,no_chatter,train,"data/01_windowed_labeled_2,5s/2inchStickout/F_08-Jun-2017_rpm320_doc0p020/F_08-Jun-2017_rpm320_doc0p020_window_0010.npz",data/02_spectrograms_150x100px_dataset/train/no_chatter/2inchStickout_F_08-Jun-2017_rpm320_doc0p020_window_0010_no_chatter.png,train
turning,turning,2inchStickout,2inchStickout/F_08-Jun-2017_rpm320_doc0p020,320.0,0p020,11,2inchStickout_F_08-Jun-2017_rpm320_doc0p020_window_0011,no_chatter,train,"data/01_windowed_labeled_2,5s/2inchStickout/F_08-Jun-2017_rpm320_doc0p020/F_08-Jun-2017_rpm320_doc0p020_window_0011.npz",data/02_spectrograms_150x100px_dataset/train/no_chatter/2inchStickout_F_08-Jun-2017_rpm320_doc0p020_window_0011_no_chatter.png,train
turning,turning,2inchStickout,2inchStickout/F_08-Jun-2017_rpm320_doc0p020,320.0,0p020,12,2inchStickout_F_08-Jun-2017_rpm320_doc0p020_window_0012,no_chatter,train,"data/01_windowed_labeled_2,5s/2inchStickout/F_08-Jun-2017_rpm320_doc0p020/F_08-Jun-2017_rpm320_doc0p020_window_0012.npz",data/02_spectrograms_150x100px_dataset/train/no_chatter/2inchStickout_F_08-Jun-2017_rpm320_doc0p020_window_0012_no_chatter.png,train
turning,turning,2inchStickout,2inchStickout/F_08-Jun-2017_rpm320_doc0p020,320.0,0p020,13,2inchStickout_F_08-Jun-2017_rpm320_doc0p020_window_0013,no_chatter,validation,"data/01_windowed_labeled_2,5s/2inchStickout/F_08-Jun-2017_rpm320_doc0p020/F_08-Jun-2017_rpm320_doc0p020_window_0013.npz",data/02_spectrograms_150x100px_dataset/validation/no_chatter/2inchStickout_F_08-Jun-2017_rpm320_doc0p020_window_0013_no_chatter.png,validation
turning,turning,2inchStickout,2inchStickout/F_08-Jun-2017_rpm320_doc0p020,320.0,0p020,14,2inchStickout_F_08-Jun-2017_rpm320_doc0p020_window_0014,no_chatter,validation,"data/01_windowed_labeled_2,5s/2inchStickout/F_08-Jun-2017_rpm320_doc0p020/F_08-Jun-2017_rpm320_doc0p020_window_0014.npz",data/02_spectrograms_150x100px_dataset/validation/no_chatter/2inchStickout_F_08-Jun-2017_rpm320_doc0p020_window_0014_no_chatter.png,validation
turning,turning,2inchStickout,2inchStickout/F_08-Jun-2017_rpm320_doc0p020,320.0,0p020,15,2inchStickout_F_08-Jun-2017_rpm320_doc0p020_window_0015,no_chatter,train,"data/01_windowed_labeled_2,5s/2inchStickout/F_08-Jun-2017_rpm320_doc0p020/F_08-Jun-2017_rpm320_doc0p020_window_0015.npz",data/02_spectrograms_150x100px_dataset/train/no_chatter/2inchStickout_F_08-Jun-2017_rpm320_doc0p020_window_0015_no_chatter.png,train
turning,turning,2inchStickout,2inchStickout/F_08-Jun-2017_rpm320_doc0p020,320.0,0p020,16,2inchStickout_F_08-Jun-2017_rpm320_doc0p020_window_0016,no_chatter,train,"data/01_windowed_labeled_2,5s/2inchStickout/F_08-Jun-2017_rpm320_doc0p020/F_08-Jun-2017_rpm320_doc0p020_window_0016.npz",data/02_spectrograms_150x100px_dataset/train/no_chatter/2inchStickout_F_08-Jun-2017_rpm320_doc0p020_window_0016_no_chatter.png,train
turning,turning,2inchStickout,2inchStickout/F_08-Jun-2017_rpm320_doc0p020,320.0,0p020,17,2inchStickout_F_08-Jun-2017_rpm320_doc0p020_window_0017,no_chatter,train,"data/01_windowed_labeled_2,5s/2inchStickout/F_08-Jun-2017_rpm320_doc0p020/F_08-Jun-2017_rpm320_doc0p020_window_0017.npz",data/02_spectrograms_150x100px_dataset/train/no_chatter/2inchStickout_F_08-Jun-2017_rpm320_doc0p020_window_0017_no_chatter.png,train
turning,turning,2inchStickout,2inchStickout/F_08-Jun-2017_rpm320_doc0p020,320.0,0p020,18,2inchStickout_F_08-Jun-2017_rpm320_doc0p020_window_0018,no_chatter,train,"data/01_windowed_labeled_2,5s/2inchStickout/F_08-Jun-2017_rpm320_doc0p020/F_08-Jun-2017_rpm320_doc0p020_window_0018.npz",data/02_spectrograms_150x100px_dataset/train/no_chatter/2inchStickout_F_08-Jun-2017_rpm320_doc0p020_window_0018_no_chatter.png,train
turning,turning,2inchStickout,2inchStickout/F_08-Jun-2017_rpm320_doc0p020,320.0,0p020,19,2inchStickout_F_08-Jun-2017_rpm320_doc0p020_window_0019,no_chatter,train,"data/01_windowed_labeled_2,5s/2inchStickout/F_08-Jun-2017_rpm320_doc0p020/F_08-Jun-2017_rpm320_doc0p020_window_0019.npz",data/02_spectrograms_150x100px_dataset/train/no_chatter/2inchStickout_F_08-Jun-2017_rpm320_doc0p020_window_0019_no_chatter.png,train
turning,turning,2inchStickout,2inchStickout/F_08-Jun-2017_rpm320_doc0p020,320.0,0p020,20,2inchStickout_F_08-Jun-2017_rpm320_doc0p020_window_0020,no_chatter,train,"data/01_windowed_labeled_2,5s/2inchStickout/F_08-Jun-2017_rpm320_doc0p020/F_08-Jun-2017_rpm320_doc0p020_window_0020.npz",data/02_spectrograms_150x100px_dataset/train/no_chatter/2inchStickout_F_08-Jun-2017_rpm320_doc0p020_window_0020_no_chatter.png,train
turning,turning,2inchStickout,2inchStickout/F_08-Jun-2017_rpm320_doc0p020,320.0,0p020,21,2inchStickout_F_08-Jun-2017_rpm320_doc0p020_window_0021,no_chatter,train,"data/01_windowed_labeled_2,5s/2inchStickout/F_08-Jun-2017_rpm320_doc0p020/F_08-Jun-2017_rpm320_doc0p020_window_0021.npz",data/02_spectrograms_150x100px_dataset/train/no_chatter/2inchStickout_F_08-Jun-2017_rpm320_doc0p020_window_0021_no_chatter.png,train
turning,turning,2inchStickout,2inchStickout/F_08-Jun-2017_rpm320_doc0p020,320.0,0p020,22,2inchStickout_F_08-Jun-2017_rpm320_doc0p020_window_0022,no_chatter,validation,"data/01_windowed_labeled_2,5s/2inchStickout/F_08-Jun-2017_rpm320_doc0p020/F_08-Jun-2017_rpm320_doc0p020_window_0022.npz",data/02_spectrograms_150x100px_dataset/validation/no_chatter/2inchStickout_F_08-Jun-2017_rpm320_doc0p020_window_0022_no_chatter.png,validation
turning,turning,2inchStickout,2inchStickout/F_08-Jun-2017_rpm320_doc0p020,320.0,0p020,23,2inchStickout_F_08-Jun-2017_rpm320_doc0p020_window_0023,no_chatter,train,"data/01_windowed_labeled_2,5s/2inchStickout/F_08-Jun-2017_rpm320_doc0p020/F_08-Jun-2017_rpm320_doc0p020_window_0023.npz",data/02_spectrograms_150x100px_dataset/train/no_chatter/2inchStickout_F_08-Jun-2017_rpm320_doc0p020_window_0023_no_chatter.png,train
turning,turning,2inchStickout,2inchStickout/F_08-Jun-2017_rpm320_doc0p025,320.0,0p025,0,2inchStickout_F_08-Jun-2017_rpm320_doc0p025_window_0000,no_chatter,train,"data/01_windowed_labeled_2,5s/2inchStickout/F_08-Jun-2017_rpm320_doc0p025/F_08-Jun-2017_rpm320_doc0p025_window_0000.npz",data/02_spectrograms_150x100px_dataset/train/no_chatter/2inchStickout_F_08-Jun-2017_rpm320_doc0p025_window_0000_no_chatter.png,train
turning,turning,2inchStickout,2inchStickout/F_08-Jun-2017_rpm320_doc0p025,320.0,0p025,1,2inchStickout_F_08-Jun-2017_rpm320_doc0p025_window_0001,no_chatter,train,"data/01_windowed_labeled_2,5s/2inchStickout/F_08-Jun-2017_rpm320_doc0p025/F_08-Jun-2017_rpm320_doc0p025_window_0001.npz",data/02_spectrograms_150x100px_dataset/train/no_chatter/2inchStickout_F_08-Jun-2017_rpm320_doc0p025_window_0001_no_chatter.png,train
turning,turning,2inchStickout,2inchStickout/F_08-Jun-2017_rpm320_doc0p025,320.0,0p025,2,2inchStickout_F_08-Jun-2017_rpm320_doc0p025_window_0002,no_chatter,train,"data/01_windowed_labeled_2,5s/2inchStickout/F_08-Jun-2017_rpm320_doc0p025/F_08-Jun-2017_rpm320_doc0p025_window_0002.npz",data/02_spectrograms_150x100px_dataset/train/no_chatter/2inchStickout_F_08-Jun-2017_rpm320_doc0p025_window_0002_no_chatter.png,train
turning,turning,2inchStickout,2inchStickout/F_08-Jun-2017_rpm320_doc0p025,320.0,0p025,3,2inchStickout_F_08-Jun-2017_rpm320_doc0p025_window_0003,no_chatter,validation,"data/01_windowed_labeled_2,5s/2inchStickout/F_08-Jun-2017_rpm320_doc0p025/F_08-Jun-2017_rpm320_doc0p025_window_0003.npz",data/02_spectrograms_150x100px_dataset/validation/no_chatter/2inchStickout_F_08-Jun-2017_rpm320_doc0p025_window_0003_no_chatter.png,validation
turning,turning,2inchStickout,2inchStickout/F_08-Jun-2017_rpm320_doc0p025,320.0,0p025,4,2inchStickout_F_08-Jun-2017_rpm320_doc0p025_window_0004,no_chatter,validation,"data/01_windowed_labeled_2,5s/2inchStickout/F_08-Jun-2017_rpm320_doc0p025/F_08-Jun-2017_rpm320_doc0p025_window_0004.npz",data/02_spectrograms_150x100px_dataset/validation/no_chatter/2inchStickout_F_08-Jun-2017_rpm320_doc0p025_window_0004_no_chatter.png,validation
turning,turning,2inchStickout,2inchStickout/F_08-Jun-2017_rpm320_doc0p025,320.0,0p025,5,2inchStickout_F_08-Jun-2017_rpm320_doc0p025_window_0005,no_chatter,train,"data/01_windowed_labeled_2,5s/2inchStickout/F_08-Jun-2017_rpm320_doc0p025/F_08-Jun-2017_rpm320_doc0p025_window_0005.npz",data/02_spectrograms_150x100px_dataset/train/no_chatter/2inchStickout_F_08-Jun-2017_rpm320_doc0p025_window_0005_no_chatter.png,train
turning,turning,2inchStickout,2inchStickout/F_08-Jun-2017_rpm320_doc0p025,320.0,0p025,6,2inchStickout_F_08-Jun-2017_rpm320_doc0p025_window_0006,no_chatter,train,"data/01_windowed_labeled_2,5s/2inchStickout/F_08-Jun-2017_rpm320_doc0p025/F_08-Jun-2017_rpm320_doc0p025_window_0006.npz",data/02_spectrograms_150x100px_dataset/train/no_chatter/2inchStickout_F_08-Jun-2017_rpm320_doc0p025_window_0006_no_chatter.png,train
turning,turning,2inchStickout,2inchStickout/F_08-Jun-2017_rpm320_doc0p025,320.0,0p025,7,2inchStickout_F_08-Jun-2017_rpm320_doc0p025_window_0007,no_chatter,train,"data/01_windowed_labeled_2,5s/2inchStickout/F_08-Jun-2017_rpm320_doc0p025/F_08-Jun-2017_rpm320_doc0p025_window_0007.npz",data/02_spectrograms_150x100px_dataset/train/no_chatter/2inchStickout_F_08-Jun-2017_rpm320_doc0p025_window_0007_no_chatter.png,train
turning,turning,2inchStickout,2inchStickout/F_08-Jun-2017_rpm320_doc0p025,320.0,0p025,8,2inchStickout_F_08-Jun-2017_rpm320_doc0p025_window_0008,no_chatter,validation,"data/01_windowed_labeled_2,5s/2inchStickout/F_08-Jun-2017_rpm320_doc0p025/F_08-Jun-2017_rpm320_doc0p025_window_0008.npz",data/02_spectrograms_150x100px_dataset/validation/no_chatter/2inchStickout_F_08-Jun-2017_rpm320_doc0p025_window_0008_no_chatter.png,validation
turning,turning,2inchStickout,2inchStickout/F_08-Jun-2017_rpm320_doc0p025,320.0,0p025,9,2inchStickout_F_08-Jun-2017_rpm320_doc0p025_window_0009,no_chatter,train,"data/01_windowed_labeled_2,5s/2inchStickout/F_08-Jun-2017_rpm320_doc0p025/F_08-Jun-2017_rpm320_doc0p025_window_0009.npz",data/02_spectrograms_150x100px_dataset/train/no_chatter/2inchStickout_F_08-Jun-2017_rpm320_doc0p025_window_0009_no_chatter.png,train
turning,turning,2inchStickout,2inchStickout/F_08-Jun-2017_rpm320_doc0p025,320.0,0p025,10,2inchStickout_F_08-Jun-2017_rpm320_doc0p025_window_0010,no_chatter,train,"data/01_windowed_labeled_2,5s/2inchStickout/F_08-Jun-2017_rpm320_doc0p025/F_08-Jun-2017_rpm320_doc0p025_window_0010.npz",data/02_spectrograms_150x100px_dataset/train/no_chatter/2inchStickout_F_08-Jun-2017_rpm320_doc0p025_window_0010_no_chatter.png,train
turning,turning,2inchStickout,2inchStickout/F_08-Jun-2017_rpm320_doc0p025,320.0,0p025,11,2inchStickout_F_08-Jun-2017_rpm320_doc0p025_window_0011,no_chatter,train,"data/01_windowed_labeled_2,5s/2inchStickout/F_08-Jun-2017_rpm320_doc0p025/F_08-Jun-2017_rpm320_doc0p025_window_0011.npz",data/02_spectrograms_150x100px_dataset/train/no_chatter/2inchStickout_F_08-Jun-2017_rpm320_doc0p025_window_0011_no_chatter.png,train
turning,turning,2inchStickout,2inchStickout/F_08-Jun-2017_rpm320_doc0p025,320.0,0p025,12,2inchStickout_F_08-Jun-2017_rpm320_doc0p025_window_0012,no_chatter,validation,"data/01_windowed_labeled_2,5s/2inchStickout/F_08-Jun-2017_rpm320_doc0p025/F_08-Jun-2017_rpm320_doc0p025_window_0012.npz",data/02_spectrograms_150x100px_dataset/validation/no_chatter/2inchStickout_F_08-Jun-2017_rpm320_doc0p025_window_0012_no_chatter.png,validation
turning,turning,2inchStickout,2inchStickout/F_08-Jun-2017_rpm320_doc0p025,320.0,0p025,13,2inchStickout_F_08-Jun-2017_rpm320_doc0p025_window_0013,no_chatter,validation,"data/01_windowed_labeled_2,5s/2inchStickout/F_08-Jun-2017_rpm320_doc0p025/F_08-Jun-2017_rpm320_doc0p025_window_0013.npz",data/02_spectrograms_150x100px_dataset/validation/no_chatter/2inchStickout_F_08-Jun-2017_rpm320_doc0p025_window_0013_no_chatter.png,validation
turning,turning,2inchStickout,2inchStickout/F_08-Jun-2017_rpm320_doc0p025,320.0,0p025,14,2inchStickout_F_08-Jun-2017_rpm320_doc0p025_window_0014,no_chatter,train,"data/01_windowed_labeled_2,5s/2inchStickout/F_08-Jun-2017_rpm320_doc0p025/F_08-Jun-2017_rpm320_doc0p025_window_0014.npz",data/02_spectrograms_150x100px_dataset/train/no_chatter/2inchStickout_F_08-Jun-2017_rpm320_doc0p025_window_0014_no_chatter.png,train
turning,turning,2inchStickout,2inchStickout/F_08-Jun-2017_rpm320_doc0p025,320.0,0p025,15,2inchStickout_F_08-Jun-2017_rpm320_doc0p025_window_0015,no_chatter,train,"data/01_windowed_labeled_2,5s/2inchStickout/F_08-Jun-2017_rpm320_doc0p025/F_08-Jun-2017_rpm320_doc0p025_window_0015.npz",data/02_spectrograms_150x100px_dataset/train/no_chatter/2inchStickout_F_08-Jun-2017_rpm320_doc0p025_window_0015_no_chatter.png,train
turning,turning,2inchStickout,2inchStickout/F_08-Jun-2017_rpm320_doc0p025,320.0,0p025,16,2inchStickout_F_08-Jun-2017_rpm320_doc0p025_window_0016,no_chatter,train,"data/01_windowed_labeled_2,5s/2inchStickout/F_08-Jun-2017_rpm320_doc0p025/F_08-Jun-2017_rpm320_doc0p025_window_0016.npz",data/02_spectrograms_150x100px_dataset/train/no_chatter/2inchStickout_F_08-Jun-2017_rpm320_doc0p025_window_0016_no_chatter.png,train
turning,turning,2inchStickout,2inchStickout/F_08-Jun-2017_rpm320_doc0p025,320.0,0p025,17,2inchStickout_F_08-Jun-2017_rpm320_doc0p025_window_0017,no_chatter,validation,"data/01_windowed_labeled_2,5s/2inchStickout/F_08-Jun-2017_rpm320_doc0p025/F_08-Jun-2017_rpm320_doc0p025_window_0017.npz",data/02_spectrograms_150x100px_dataset/validation/no_chatter/2inchStickout_F_08-Jun-2017_rpm320_doc0p025_window_0017_no_chatter.png,validation
turning,turning,2inchStickout,2inchStickout/F_08-Jun-2017_rpm320_doc0p025,320.0,0p025,18,2inchStickout_F_08-Jun-2017_rpm320_doc0p025_window_0018,no_chatter,train,"data/01_windowed_labeled_2,5s/2inchStickout/F_08-Jun-2017_rpm320_doc0p025/F_08-Jun-2017_rpm320_doc0p025_window_0018.npz",data/02_spectrograms_150x100px_dataset/train/no_chatter/2inchStickout_F_08-Jun-2017_rpm320_doc0p025_window_0018_no_chatter.png,train
turning,turning,2inchStickout,2inchStickout/F_08-Jun-2017_rpm320_doc0p025,320.0,0p025,19,2inchStickout_F_08-Jun-2017_rpm320_doc0p025_window_0019,no_chatter,train,"data/01_windowed_labeled_2,5s/2inchStickout/F_08-Jun-2017_rpm320_doc0p025/F_08-Jun-2017_rpm320_doc0p025_window_0019.npz",data/02_spectrograms_150x100px_dataset/train/no_chatter/2inchStickout_F_08-Jun-2017_rpm320_doc0p025_window_0019_no_chatter.png,train
turning,turning,2inchStickout,2inchStickout/F_08-Jun-2017_rpm320_doc0p025,320.0,0p025,20,2inchStickout_F_08-Jun-2017_rpm320_doc0p025_window_0020,no_chatter,train,"data/01_windowed_labeled_2,5s/2inchStickout/F_08-Jun-2017_rpm320_doc0p025/F_08-Jun-2017_rpm320_doc0p025_window_0020.npz",data/02_spectrograms_150x100px_dataset/train/no_chatter/2inchStickout_F_08-Jun-2017_rpm320_doc0p025_window_0020_no_chatter.png,train
turning,turning,2inchStickout,2inchStickout/F_08-Jun-2017_rpm320_doc0p025,320.0,0p025,21,2inchStickout_F_08-Jun-2017_rpm320_doc0p025_window_0021,no_chatter,validation,"data/01_windowed_labeled_2,5s/2inchStickout/F_08-Jun-2017_rpm320_doc0p025/F_08-Jun-2017_rpm320_doc0p025_window_0021.npz",data/02_spectrograms_150x100px_dataset/validation/no_chatter/2inchStickout_F_08-Jun-2017_rpm320_doc0p025_window_0021_no_chatter.png,validation
turning,turning,2inchStickout,2inchStickout/F_08-Jun-2017_rpm320_doc0p025,320.0,0p025,22,2inchStickout_F_08-Jun-2017_rpm320_doc0p025_window_0022,no_chatter,train,"data/01_windowed_labeled_2,5s/2inchStickout/F_08-Jun-2017_rpm320_doc0p025/F_08-Jun-2017_rpm320_doc0p025_window_0022.npz",data/02_spectrograms_150x100px_dataset/train/no_chatter/2inchStickout_F_08-Jun-2017_rpm320_doc0p025_window_0022_no_chatter.png,train
turning,turning,2inchStickout,2inchStickout/F_08-Jun-2017_rpm320_doc0p025,320.0,0p025,23,2inchStickout_F_08-Jun-2017_rpm320_doc0p025_window_0023,no_chatter,validation,"data/01_windowed_labeled_2,5s/2inchStickout/F_08-Jun-2017_rpm320_doc0p025/F_08-Jun-2017_rpm320_doc0p025_window_0023.npz",data/02_spectrograms_150x100px_dataset/validation/no_chatter/2inchStickout_F_08-Jun-2017_rpm320_doc0p025_window_0023_no_chatter.png,validation
turning,turning,2inchStickout,2inchStickout/F_08-Jun-2017_rpm320_doc0p030,320.0,0p030,0,2inchStickout_F_08-Jun-2017_rpm320_doc0p030_window_0000,no_chatter,train,"data/01_windowed_labeled_2,5s/2inchStickout/F_08-Jun-2017_rpm320_doc0p030/F_08-Jun-2017_rpm320_doc0p030_window_0000.npz",data/02_spectrograms_150x100px_dataset/train/no_chatter/2inchStickout_F_08-Jun-2017_rpm320_doc0p030_window_0000_no_chatter.png,train
turning,turning,2inchStickout,2inchStickout/F_08-Jun-2017_rpm320_doc0p030,320.0,0p030,1,2inchStickout_F_08-Jun-2017_rpm320_doc0p030_window_0001,no_chatter,train,"data/01_windowed_labeled_2,5s/2inchStickout/F_08-Jun-2017_rpm320_doc0p030/F_08-Jun-2017_rpm320_doc0p030_window_0001.npz",data/02_spectrograms_150x100px_dataset/train/no_chatter/2inchStickout_F_08-Jun-2017_rpm320_doc0p030_window_0001_no_chatter.png,train
turning,turning,2inchStickout,2inchStickout/F_08-Jun-2017_rpm320_doc0p030,320.0,0p030,2,2inchStickout_F_08-Jun-2017_rpm320_doc0p030_window_0002,no_chatter,train,"data/01_windowed_labeled_2,5s/2inchStickout/F_08-Jun-2017_rpm320_doc0p030/F_08-Jun-2017_rpm320_doc0p030_window_0002.npz",data/02_spectrograms_150x100px_dataset/train/no_chatter/2inchStickout_F_08-Jun-2017_rpm320_doc0p030_window_0002_no_chatter.png,train
turning,turning,2inchStickout,2inchStickout/F_08-Jun-2017_rpm320_doc0p030,320.0,0p030,3,2inchStickout_F_08-Jun-2017_rpm320_doc0p030_window_0003,no_chatter,train,"data/01_windowed_labeled_2,5s/2inchStickout/F_08-Jun-2017_rpm320_doc0p030/F_08-Jun-2017_rpm320_doc0p030_window_0003.npz",data/02_spectrograms_150x100px_dataset/train/no_chatter/2inchStickout_F_08-Jun-2017_rpm320_doc0p030_window_0003_no_chatter.png,train
turning,turning,2inchStickout,2inchStickout/F_08-Jun-2017_rpm320_doc0p030,320.0,0p030,4,2inchStickout_F_08-Jun-2017_rpm320_doc0p030_window_0004,no_chatter,train,"data/01_windowed_labeled_2,5s/2inchStickout/F_08-Jun-2017_rpm320_doc0p030/F_08-Jun-2017_rpm320_doc0p030_window_0004.npz",data/02_spectrograms_150x100px_dataset/train/no_chatter/2inchStickout_F_08-Jun-2017_rpm320_doc0p030_window_0004_no_chatter.png,train
turning,turning,2inchStickout,2inchStickout/F_08-Jun-2017_rpm320_doc0p030,320.0,0p030,5,2inchStickout_F_08-Jun-2017_rpm320_doc0p030_window_0005,no_chatter,train,"data/01_windowed_labeled_2,5s/2inchStickout/F_08-Jun-2017_rpm320_doc0p030/F_08-Jun-2017_rpm320_doc0p030_window_0005.npz",data/02_spectrograms_150x100px_dataset/train/no_chatter/2inchStickout_F_08-Jun-2017_rpm320_doc0p030_window_0005_no_chatter.png,train
turning,turning,2inchStickout,2inchStickout/F_08-Jun-2017_rpm320_doc0p030,320.0,0p030,6,2inchStickout_F_08-Jun-2017_rpm320_doc0p030_window_0006,no_chatter,train,"data/01_windowed_labeled_2,5s/2inchStickout/F_08-Jun-2017_rpm320_doc0p030/F_08-Jun-2017_rpm320_doc0p030_window_0006.npz",data/02_spectrograms_150x100px_dataset/train/no_chatter/2inchStickout_F_08-Jun-2017_rpm320_doc0p030_window_0006_no_chatter.png,train
turning,turning,2inchStickout,2inchStickout/F_08-Jun-2017_rpm320_doc0p030,320.0,0p030,7,2inchStickout_F_08-Jun-2017_rpm320_doc0p030_window_0007,no_chatter,train,"data/01_windowed_labeled_2,5s/2inchStickout/F_08-Jun-2017_rpm320_doc0p030/F_08-Jun-2017_rpm320_doc0p030_window_0007.npz",data/02_spectrograms_150x100px_dataset/train/no_chatter/2inchStickout_F_08-Jun-2017_rpm320_doc0p030_window_0007_no_chatter.png,train
turning,turning,2inchStickout,2inchStickout/F_08-Jun-2017_rpm320_doc0p030,320.0,0p030,8,2inchStickout_F_08-Jun-2017_rpm320_doc0p030_window_0008,no_chatter,train,"data/01_windowed_labeled_2,5s/2inchStickout/F_08-Jun-2017_rpm320_doc0p030/F_08-Jun-2017_rpm320_doc0p030_window_0008.npz",data/02_spectrograms_150x100px_dataset/train/no_chatter/2inchStickout_F_08-Jun-2017_rpm320_doc0p030_window_0008_no_chatter.png,train
turning,turning,2inchStickout,2inchStickout/F_08-Jun-2017_rpm320_doc0p030,320.0,0p030,9,2inchStickout_F_08-Jun-2017_rpm320_doc0p030_window_0009,no_chatter,train,"data/01_windowed_labeled_2,5s/2inchStickout/F_08-Jun-2017_rpm320_doc0p030/F_08-Jun-2017_rpm320_doc0p030_window_0009.npz",data/02_spectrograms_150x100px_dataset/train/no_chatter/2inchStickout_F_08-Jun-2017_rpm320_doc0p030_window_0009_no_chatter.png,train
turning,turning,2inchStickout,2inchStickout/F_08-Jun-2017_rpm320_doc0p030,320.0,0p030,10,2inchStickout_F_08-Jun-2017_rpm320_doc0p030_window_0010,no_chatter,train,"data/01_windowed_labeled_2,5s/2inchStickout/F_08-Jun-2017_rpm320_doc0p030/F_08-Jun-2017_rpm320_doc0p030_window_0010.npz",data/02_spectrograms_150x100px_dataset/train/no_chatter/2inchStickout_F_08-Jun-2017_rpm320_doc0p030_window_0010_no_chatter.png,train
turning,turning,2inchStickout,2inchStickout/F_08-Jun-2017_rpm320_doc0p030,320.0,0p030,11,2inchStickout_F_08-Jun-2017_rpm320_doc0p030_window_0011,no_chatter,validation,"data/01_windowed_labeled_2,5s/2inchStickout/F_08-Jun-2017_rpm320_doc0p030/F_08-Jun-2017_rpm320_doc0p030_window_0011.npz",data/02_spectrograms_150x100px_dataset/validation/no_chatter/2inchStickout_F_08-Jun-2017_rpm320_doc0p030_window_0011_no_chatter.png,validation
turning,turning,2inchStickout,2inchStickout/F_08-Jun-2017_rpm320_doc0p030,320.0,0p030,12,2inchStickout_F_08-Jun-2017_rpm320_doc0p030_window_0012,no_chatter,validation,"data/01_windowed_labeled_2,5s/2inchStickout/F_08-Jun-2017_rpm320_doc0p030/F_08-Jun-2017_rpm320_doc0p030_window_0012.npz",data/02_spectrograms_150x100px_dataset/validation/no_chatter/2inchStickout_F_08-Jun-2017_rpm320_doc0p030_window_0012_no_chatter.png,validation
turning,turning,2inchStickout,2inchStickout/F_08-Jun-2017_rpm320_doc0p030,320.0,0p030,13,2inchStickout_F_08-Jun-2017_rpm320_doc0p030_window_0013,no_chatter,train,"data/01_windowed_labeled_2,5s/2inchStickout/F_08-Jun-2017_rpm320_doc0p030/F_08-Jun-2017_rpm320_doc0p030_window_0013.npz",data/02_spectrograms_150x100px_dataset/train/no_chatter/2inchStickout_F_08-Jun-2017_rpm320_doc0p030_window_0013_no_chatter.png,train
turning,turning,2inchStickout,2inchStickout/F_08-Jun-2017_rpm320_doc0p030,320.0,0p030,14,2inchStickout_F_08-Jun-2017_rpm320_doc0p030_window_0014,no_chatter,train,"data/01_windowed_labeled_2,5s/2inchStickout/F_08-Jun-2017_rpm320_doc0p030/F_08-Jun-2017_rpm320_doc0p030_window_0014.npz",data/02_spectrograms_150x100px_dataset/train/no_chatter/2inchStickout_F_08-Jun-2017_rpm320_doc0p030_window_0014_no_chatter.png,train
turning,turning,2inchStickout,2inchStickout/F_08-Jun-2017_rpm320_doc0p030,320.0,0p030,15,2inchStickout_F_08-Jun-2017_rpm320_doc0p030_window_0015,no_chatter,train,"data/01_windowed_labeled_2,5s/2inchStickout/F_08-Jun-2017_rpm320_doc0p030/F_08-Jun-2017_rpm320_doc0p030_window_0015.npz",data/02_spectrograms_150x100px_dataset/train/no_chatter/2inchStickout_F_08-Jun-2017_rpm320_doc0p030_window_0015_no_chatter.png,train
turning,turning,2inchStickout,2inchStickout/F_08-Jun-2017_rpm320_doc0p030,320.0,0p030,16,2inchStickout_F_08-Jun-2017_rpm320_doc0p030_window_0016,no_chatter,train,"data/01_windowed_labeled_2,5s/2inchStickout/F_08-Jun-2017_rpm320_doc0p030/F_08-Jun-2017_rpm320_doc0p030_window_0016.npz",data/02_spectrograms_150x100px_dataset/train/no_chatter/2inchStickout_F_08-Jun-2017_rpm320_doc0p030_window_0016_no_chatter.png,train
turning,turning,2inchStickout,2inchStickout/F_08-Jun-2017_rpm320_doc0p030,320.0,0p030,17,2inchStickout_F_08-Jun-2017_rpm320_doc0p030_window_0017,no_chatter,train,"data/01_windowed_labeled_2,5s/2inchStickout/F_08-Jun-2017_rpm320_doc0p030/F_08-Jun-2017_rpm320_doc0p030_window_0017.npz",data/02_spectrograms_150x100px_dataset/train/no_chatter/2inchStickout_F_08-Jun-2017_rpm320_doc0p030_window_0017_no_chatter.png,train
turning,turning,2inchStickout,2inchStickout/F_08-Jun-2017_rpm320_doc0p030,320.0,0p030,18,2inchStickout_F_08-Jun-2017_rpm320_doc0p030_window_0018,no_chatter,train,"data/01_windowed_labeled_2,5s/2inchStickout/F_08-Jun-2017_rpm320_doc0p030/F_08-Jun-2017_rpm320_doc0p030_window_0018.npz",data/02_spectrograms_150x100px_dataset/train/no_chatter/2inchStickout_F_08-Jun-2017_rpm320_doc0p030_window_0018_no_chatter.png,train
turning,turning,2inchStickout,2inchStickout/F_08-Jun-2017_rpm320_doc0p030,320.0,0p030,19,2inchStickout_F_08-Jun-2017_rpm320_doc0p030_window_0019,no_chatter,validation,"data/01_windowed_labeled_2,5s/2inchStickout/F_08-Jun-2017_rpm320_doc0p030/F_08-Jun-2017_rpm320_doc0p030_window_0019.npz",data/02_spectrograms_150x100px_dataset/validation/no_chatter/2inchStickout_F_08-Jun-2017_rpm320_doc0p030_window_0019_no_chatter.png,validation
turning,turning,2inchStickout,2inchStickout/F_08-Jun-2017_rpm320_doc0p030,320.0,0p030,20,2inchStickout_F_08-Jun-2017_rpm320_doc0p030_window_0020,no_chatter,validation,"data/01_windowed_labeled_2,5s/2inchStickout/F_08-Jun-2017_rpm320_doc0p030/F_08-Jun-2017_rpm320_doc0p030_window_0020.npz",data/02_spectrograms_150x100px_dataset/validation/no_chatter/2inchStickout_F_08-Jun-2017_rpm320_doc0p030_window_0020_no_chatter.png,validation
turning,turning,2inchStickout,2inchStickout/F_08-Jun-2017_rpm320_doc0p030,320.0,0p030,21,2inchStickout_F_08-Jun-2017_rpm320_doc0p030_window_0021,no_chatter,train,"data/01_windowed_labeled_2,5s/2inchStickout/F_08-Jun-2017_rpm320_doc0p030/F_08-Jun-2017_rpm320_doc0p030_window_0021.npz",data/02_spectrograms_150x100px_dataset/train/no_chatter/2inchStickout_F_08-Jun-2017_rpm320_doc0p030_window_0021_no_chatter.png,train
turning,turning,2inchStickout,2inchStickout/F_08-Jun-2017_rpm320_doc0p030,320.0,0p030,22,2inchStickout_F_08-Jun-2017_rpm320_doc0p030_window_0022,no_chatter,train,"data/01_windowed_labeled_2,5s/2inchStickout/F_08-Jun-2017_rpm320_doc0p030/F_08-Jun-2017_rpm320_doc0p030_window_0022.npz",data/02_spectrograms_150x100px_dataset/train/no_chatter/2inchStickout_F_08-Jun-2017_rpm320_doc0p030_window_0022_no_chatter.png,train
turning,turning,2inchStickout,2inchStickout/F_08-Jun-2017_rpm320_doc0p030,320.0,0p030,23,2inchStickout_F_08-Jun-2017_rpm320_doc0p030_window_0023,no_chatter,train,"data/01_windowed_labeled_2,5s/2inchStickout/F_08-Jun-2017_rpm320_doc0p030/F_08-Jun-2017_rpm320_doc0p030_window_0023.npz",data/02_spectrograms_150x100px_dataset/train/no_chatter/2inchStickout_F_08-Jun-2017_rpm320_doc0p030_window_0023_no_chatter.png,train
turning,turning,2inchStickout,2inchStickout/F_08-Jun-2017_rpm320_doc0p035,320.0,0p035,0,2inchStickout_F_08-Jun-2017_rpm320_doc0p035_window_0000,no_chatter,train,"data/01_windowed_labeled_2,5s/2inchStickout/F_08-Jun-2017_rpm320_doc0p035/F_08-Jun-2017_rpm320_doc0p035_window_0000.npz",data/02_spectrograms_150x100px_dataset/train/no_chatter/2inchStickout_F_08-Jun-2017_rpm320_doc0p035_window_0000_no_chatter.png,train
turning,turning,2inchStickout,2inchStickout/F_08-Jun-2017_rpm320_doc0p035,320.0,0p035,1,2inchStickout_F_08-Jun-2017_rpm320_doc0p035_window_0001,no_chatter,train,"data/01_windowed_labeled_2,5s/2inchStickout/F_08-Jun-2017_rpm320_doc0p035/F_08-Jun-2017_rpm320_doc0p035_window_0001.npz",data/02_spectrograms_150x100px_dataset/train/no_chatter/2inchStickout_F_08-Jun-2017_rpm320_doc0p035_window_0001_no_chatter.png,train
turning,turning,2inchStickout,2inchStickout/F_08-Jun-2017_rpm320_doc0p035,320.0,0p035,2,2inchStickout_F_08-Jun-2017_rpm320_doc0p035_window_0002,no_chatter,train,"data/01_windowed_labeled_2,5s/2inchStickout/F_08-Jun-2017_rpm320_doc0p035/F_08-Jun-2017_rpm320_doc0p035_window_0002.npz",data/02_spectrograms_150x100px_dataset/train/no_chatter/2inchStickout_F_08-Jun-2017_rpm320_doc0p035_window_0002_no_chatter.png,train
turning,turning,2inchStickout,2inchStickout/F_08-Jun-2017_rpm320_doc0p035,320.0,0p035,3,2inchStickout_F_08-Jun-2017_rpm320_doc0p035_window_0003,no_chatter,validation,"data/01_windowed_labeled_2,5s/2inchStickout/F_08-Jun-2017_rpm320_doc0p035/F_08-Jun-2017_rpm320_doc0p035_window_0003.npz",data/02_spectrograms_150x100px_dataset/validation/no_chatter/2inchStickout_F_08-Jun-2017_rpm320_doc0p035_window_0003_no_chatter.png,validation
turning,turning,2inchStickout,2inchStickout/F_08-Jun-2017_rpm320_doc0p035,320.0,0p035,4,2inchStickout_F_08-Jun-2017_rpm320_doc0p035_window_0004,no_chatter,train,"data/01_windowed_labeled_2,5s/2inchStickout/F_08-Jun-2017_rpm320_doc0p035/F_08-Jun-2017_rpm320_doc0p035_window_0004.npz",data/02_spectrograms_150x100px_dataset/train/no_chatter/2inchStickout_F_08-Jun-2017_rpm320_doc0p035_window_0004_no_chatter.png,train
turning,turning,2inchStickout,2inchStickout/F_08-Jun-2017_rpm320_doc0p035,320.0,0p035,5,2inchStickout_F_08-Jun-2017_rpm320_doc0p035_window_0005,no_chatter,train,"data/01_windowed_labeled_2,5s/2inchStickout/F_08-Jun-2017_rpm320_doc0p035/F_08-Jun-2017_rpm320_doc0p035_window_0005.npz",data/02_spectrograms_150x100px_dataset/train/no_chatter/2inchStickout_F_08-Jun-2017_rpm320_doc0p035_window_0005_no_chatter.png,train
turning,turning,2inchStickout,2inchStickout/F_08-Jun-2017_rpm320_doc0p035,320.0,0p035,6,2inchStickout_F_08-Jun-2017_rpm320_doc0p035_window_0006,no_chatter,train,"data/01_windowed_labeled_2,5s/2inchStickout/F_08-Jun-2017_rpm320_doc0p035/F_08-Jun-2017_rpm320_doc0p035_window_0006.npz",data/02_spectrograms_150x100px_dataset/train/no_chatter/2inchStickout_F_08-Jun-2017_rpm320_doc0p035_window_0006_no_chatter.png,train
turning,turning,2inchStickout,2inchStickout/F_08-Jun-2017_rpm320_doc0p035,320.0,0p035,7,2inchStickout_F_08-Jun-2017_rpm320_doc0p035_window_0007,no_chatter,train,"data/01_windowed_labeled_2,5s/2inchStickout/F_08-Jun-2017_rpm320_doc0p035/F_08-Jun-2017_rpm320_doc0p035_window_0007.npz",data/02_spectrograms_150x100px_dataset/train/no_chatter/2inchStickout_F_08-Jun-2017_rpm320_doc0p035_window_0007_no_chatter.png,train
turning,turning,2inchStickout,2inchStickout/F_08-Jun-2017_rpm320_doc0p035,320.0,0p035,8,2inchStickout_F_08-Jun-2017_rpm320_doc0p035_window_0008,no_chatter,train,"data/01_windowed_labeled_2,5s/2inchStickout/F_08-Jun-2017_rpm320_doc0p035/F_08-Jun-2017_rpm320_doc0p035_window_0008.npz",data/02_spectrograms_150x100px_dataset/train/no_chatter/2inchStickout_F_08-Jun-2017_rpm320_doc0p035_window_0008_no_chatter.png,train
turning,turning,2inchStickout,2inchStickout/F_08-Jun-2017_rpm320_doc0p035,320.0,0p035,9,2inchStickout_F_08-Jun-2017_rpm320_doc0p035_window_0009,no_chatter,train,"data/01_windowed_labeled_2,5s/2inchStickout/F_08-Jun-2017_rpm320_doc0p035/F_08-Jun-2017_rpm320_doc0p035_window_0009.npz",data/02_spectrograms_150x100px_dataset/train/no_chatter/2inchStickout_F_08-Jun-2017_rpm320_doc0p035_window_0009_no_chatter.png,train
turning,turning,2inchStickout,2inchStickout/F_08-Jun-2017_rpm320_doc0p035,320.0,0p035,10,2inchStickout_F_08-Jun-2017_rpm320_doc0p035_window_0010,no_chatter,train,"data/01_windowed_labeled_2,5s/2inchStickout/F_08-Jun-2017_rpm320_doc0p035/F_08-Jun-2017_rpm320_doc0p035_window_0010.npz",data/02_spectrograms_150x100px_dataset/train/no_chatter/2inchStickout_F_08-Jun-2017_rpm320_doc0p035_window_0010_no_chatter.png,train
turning,turning,2inchStickout,2inchStickout/F_08-Jun-2017_rpm320_doc0p035,320.0,0p035,11,2inchStickout_F_08-Jun-2017_rpm320_doc0p035_window_0011,no_chatter,train,"data/01_windowed_labeled_2,5s/2inchStickout/F_08-Jun-2017_rpm320_doc0p035/F_08-Jun-2017_rpm320_doc0p035_window_0011.npz",data/02_spectrograms_150x100px_dataset/train/no_chatter/2inchStickout_F_08-Jun-2017_rpm320_doc0p035_window_0011_no_chatter.png,train
turning,turning,2inchStickout,2inchStickout/F_08-Jun-2017_rpm320_doc0p035,320.0,0p035,12,2inchStickout_F_08-Jun-2017_rpm320_doc0p035_window_0012,no_chatter,train,"data/01_windowed_labeled_2,5s/2inchStickout/F_08-Jun-2017_rpm320_doc0p035/F_08-Jun-2017_rpm320_doc0p035_window_0012.npz",data/02_spectrograms_150x100px_dataset/train/no_chatter/2inchStickout_F_08-Jun-2017_rpm320_doc0p035_window_0012_no_chatter.png,train
turning,turning,2inchStickout,2inchStickout/F_08-Jun-2017_rpm320_doc0p035,320.0,0p035,13,2inchStickout_F_08-Jun-2017_rpm320_doc0p035_window_0013,no_chatter,train,"data/01_windowed_labeled_2,5s/2inchStickout/F_08-Jun-2017_rpm320_doc0p035/F_08-Jun-2017_rpm320_doc0p035_window_0013.npz",data/02_spectrograms_150x100px_dataset/train/no_chatter/2inchStickout_F_08-Jun-2017_rpm320_doc0p035_window_0013_no_chatter.png,train
turning,turning,2inchStickout,2inchStickout/F_08-Jun-2017_rpm320_doc0p035,320.0,0p035,14,2inchStickout_F_08-Jun-2017_rpm320_doc0p035_window_0014,no_chatter,train,"data/01_windowed_labeled_2,5s/2inchStickout/F_08-Jun-2017_rpm320_doc0p035/F_08-Jun-2017_rpm320_doc0p035_window_0014.npz",data/02_spectrograms_150x100px_dataset/train/no_chatter/2inchStickout_F_08-Jun-2017_rpm320_doc0p035_window_0014_no_chatter.png,train
turning,turning,2inchStickout,2inchStickout/F_08-Jun-2017_rpm320_doc0p035,320.0,0p035,15,2inchStickout_F_08-Jun-2017_rpm320_doc0p035_window_0015,no_chatter,train,"data/01_windowed_labeled_2,5s/2inchStickout/F_08-Jun-2017_rpm320_doc0p035/F_08-Jun-2017_rpm320_doc0p035_window_0015.npz",data/02_spectrograms_150x100px_dataset/train/no_chatter/2inchStickout_F_08-Jun-2017_rpm320_doc0p035_window_0015_no_chatter.png,train
turning,turning,2inchStickout,2inchStickout/F_08-Jun-2017_rpm320_doc0p035,320.0,0p035,16,2inchStickout_F_08-Jun-2017_rpm320_doc0p035_window_0016,no_chatter,train,"data/01_windowed_labeled_2,5s/2inchStickout/F_08-Jun-2017_rpm320_doc0p035/F_08-Jun-2017_rpm320_doc0p035_window_0016.npz",data/02_spectrograms_150x100px_dataset/train/no_chatter/2inchStickout_F_08-Jun-2017_rpm320_doc0p035_window_0016_no_chatter.png,train
turning,turning,2inchStickout,2inchStickout/F_08-Jun-2017_rpm320_doc0p035,320.0,0p035,17,2inchStickout_F_08-Jun-2017_rpm320_doc0p035_window_0017,no_chatter,train,"data/01_windowed_labeled_2,5s/2inchStickout/F_08-Jun-2017_rpm320_doc0p035/F_08-Jun-2017_rpm320_doc0p035_window_0017.npz",data/02_spectrograms_150x100px_dataset/train/no_chatter/2inchStickout_F_08-Jun-2017_rpm320_doc0p035_window_0017_no_chatter.png,train
turning,turning,2inchStickout,2inchStickout/F_08-Jun-2017_rpm320_doc0p035,320.0,0p035,18,2inchStickout_F_08-Jun-2017_rpm320_doc0p035_window_0018,no_chatter,train,"data/01_windowed_labeled_2,5s/2inchStickout/F_08-Jun-2017_rpm320_doc0p035/F_08-Jun-2017_rpm320_doc0p035_window_0018.npz",data/02_spectrograms_150x100px_dataset/train/no_chatter/2inchStickout_F_08-Jun-2017_rpm320_doc0p035_window_0018_no_chatter.png,train
turning,turning,2inchStickout,2inchStickout/F_08-Jun-2017_rpm320_doc0p035,320.0,0p035,19,2inchStickout_F_08-Jun-2017_rpm320_doc0p035_window_0019,no_chatter,train,"data/01_windowed_labeled_2,5s/2inchStickout/F_08-Jun-2017_rpm320_doc0p035/F_08-Jun-2017_rpm320_doc0p035_window_0019.npz",data/02_spectrograms_150x100px_dataset/train/no_chatter/2inchStickout_F_08-Jun-2017_rpm320_doc0p035_window_0019_no_chatter.png,train
turning,turning,2inchStickout,2inchStickout/F_08-Jun-2017_rpm320_doc0p035,320.0,0p035,20,2inchStickout_F_08-Jun-2017_rpm320_doc0p035_window_0020,no_chatter,validation,"data/01_windowed_labeled_2,5s/2inchStickout/F_08-Jun-2017_rpm320_doc0p035/F_08-Jun-2017_rpm320_doc0p035_window_0020.npz",data/02_spectrograms_150x100px_dataset/validation/no_chatter/2inchStickout_F_08-Jun-2017_rpm320_doc0p035_window_0020_no_chatter.png,validation
turning,turning,2inchStickout,2inchStickout/F_08-Jun-2017_rpm320_doc0p035,320.0,0p035,21,2inchStickout_F_08-Jun-2017_rpm320_doc0p035_window_0021,no_chatter,train,"data/01_windowed_labeled_2,5s/2inchStickout/F_08-Jun-2017_rpm320_doc0p035/F_08-Jun-2017_rpm320_doc0p035_window_0021.npz",data/02_spectrograms_150x100px_dataset/train/no_chatter/2inchStickout_F_08-Jun-2017_rpm320_doc0p035_window_0021_no_chatter.png,train
turning,turning,2inchStickout,2inchStickout/F_08-Jun-2017_rpm320_doc0p035,320.0,0p035,22,2inchStickout_F_08-Jun-2017_rpm320_doc0p035_window_0022,no_chatter,validation,"data/01_windowed_labeled_2,5s/2inchStickout/F_08-Jun-2017_rpm320_doc0p035/F_08-Jun-2017_rpm320_doc0p035_window_0022.npz",data/02_spectrograms_150x100px_dataset/validation/no_chatter/2inchStickout_F_08-Jun-2017_rpm320_doc0p035_window_0022_no_chatter.png,validation
turning,turning,2inchStickout,2inchStickout/F_08-Jun-2017_rpm320_doc0p035,320.0,0p035,23,2inchStickout_F_08-Jun-2017_rpm320_doc0p035_window_0023,no_chatter,train,"data/01_windowed_labeled_2,5s/2inchStickout/F_08-Jun-2017_rpm320_doc0p035/F_08-Jun-2017_rpm320_doc0p035_window_0023.npz",data/02_spectrograms_150x100px_dataset/train/no_chatter/2inchStickout_F_08-Jun-2017_rpm320_doc0p035_window_0023_no_chatter.png,train
turning,turning,2inchStickout,2inchStickout/F_08-Jun-2017_rpm320_doc0p040,320.0,0p040,0,2inchStickout_F_08-Jun-2017_rpm320_doc0p040_window_0000,no_chatter,validation,"data/01_windowed_labeled_2,5s/2inchStickout/F_08-Jun-2017_rpm320_doc0p040/F_08-Jun-2017_rpm320_doc0p040_window_0000.npz",data/02_spectrograms_150x100px_dataset/test/no_chatter/2inchStickout_F_08-Jun-2017_rpm320_doc0p040_window_0000_no_chatter.png,test
turning,turning,2inchStickout,2inchStickout/F_08-Jun-2017_rpm320_doc0p040,320.0,0p040,1,2inchStickout_F_08-Jun-2017_rpm320_doc0p040_window_0001,no_chatter,train,"data/01_windowed_labeled_2,5s/2inchStickout/F_08-Jun-2017_rpm320_doc0p040/F_08-Jun-2017_rpm320_doc0p040_window_0001.npz",data/02_spectrograms_150x100px_dataset/train/no_chatter/2inchStickout_F_08-Jun-2017_rpm320_doc0p040_window_0001_no_chatter.png,train
turning,turning,2inchStickout,2inchStickout/F_08-Jun-2017_rpm320_doc0p040,320.0,0p040,2,2inchStickout_F_08-Jun-2017_rpm320_doc0p040_window_0002,no_chatter,train,"data/01_windowed_labeled_2,5s/2inchStickout/F_08-Jun-2017_rpm320_doc0p040/F_08-Jun-2017_rpm320_doc0p040_window_0002.npz",data/02_spectrograms_150x100px_dataset/train/no_chatter/2inchStickout_F_08-Jun-2017_rpm320_doc0p040_window_0002_no_chatter.png,train
turning,turning,2inchStickout,2inchStickout/F_08-Jun-2017_rpm320_doc0p040,320.0,0p040,3,2inchStickout_F_08-Jun-2017_rpm320_doc0p040_window_0003,no_chatter,validation,"data/01_windowed_labeled_2,5s/2inchStickout/F_08-Jun-2017_rpm320_doc0p040/F_08-Jun-2017_rpm320_doc0p040_window_0003.npz",data/02_spectrograms_150x100px_dataset/test/no_chatter/2inchStickout_F_08-Jun-2017_rpm320_doc0p040_window_0003_no_chatter.png,test
turning,turning,2inchStickout,2inchStickout/F_08-Jun-2017_rpm320_doc0p040,320.0,0p040,4,2inchStickout_F_08-Jun-2017_rpm320_doc0p040_window_0004,no_chatter,validation,"data/01_windowed_labeled_2,5s/2inchStickout/F_08-Jun-2017_rpm320_doc0p040/F_08-Jun-2017_rpm320_doc0p040_window_0004.npz",data/02_spectrograms_150x100px_dataset/test/no_chatter/2inchStickout_F_08-Jun-2017_rpm320_doc0p040_window_0004_no_chatter.png,test
turning,turning,2inchStickout,2inchStickout/F_08-Jun-2017_rpm320_doc0p040,320.0,0p040,5,2inchStickout_F_08-Jun-2017_rpm320_doc0p040_window_0005,no_chatter,train,"data/01_windowed_labeled_2,5s/2inchStickout/F_08-Jun-2017_rpm320_doc0p040/F_08-Jun-2017_rpm320_doc0p040_window_0005.npz",data/02_spectrograms_150x100px_dataset/train/no_chatter/2inchStickout_F_08-Jun-2017_rpm320_doc0p040_window_0005_no_chatter.png,train
turning,turning,2inchStickout,2inchStickout/F_08-Jun-2017_rpm320_doc0p040,320.0,0p040,6,2inchStickout_F_08-Jun-2017_rpm320_doc0p040_window_0006,no_chatter,train,"data/01_windowed_labeled_2,5s/2inchStickout/F_08-Jun-2017_rpm320_doc0p040/F_08-Jun-2017_rpm320_doc0p040_window_0006.npz",data/02_spectrograms_150x100px_dataset/train/no_chatter/2inchStickout_F_08-Jun-2017_rpm320_doc0p040_window_0006_no_chatter.png,train
turning,turning,2inchStickout,2inchStickout/F_08-Jun-2017_rpm320_doc0p040,320.0,0p040,7,2inchStickout_F_08-Jun-2017_rpm320_doc0p040_window_0007,no_chatter,train,"data/01_windowed_labeled_2,5s/2inchStickout/F_08-Jun-2017_rpm320_doc0p040/F_08-Jun-2017_rpm320_doc0p040_window_0007.npz",data/02_spectrograms_150x100px_dataset/train/no_chatter/2inchStickout_F_08-Jun-2017_rpm320_doc0p040_window_0007_no_chatter.png,train
turning,turning,2inchStickout,2inchStickout/F_08-Jun-2017_rpm320_doc0p040,320.0,0p040,8,2inchStickout_F_08-Jun-2017_rpm320_doc0p040_window_0008,no_chatter,train,"data/01_windowed_labeled_2,5s/2inchStickout/F_08-Jun-2017_rpm320_doc0p040/F_08-Jun-2017_rpm320_doc0p040_window_0008.npz",data/02_spectrograms_150x100px_dataset/train/no_chatter/2inchStickout_F_08-Jun-2017_rpm320_doc0p040_window_0008_no_chatter.png,train
turning,turning,2inchStickout,2inchStickout/F_08-Jun-2017_rpm320_doc0p040,320.0,0p040,9,2inchStickout_F_08-Jun-2017_rpm320_doc0p040_window_0009,no_chatter,train,"data/01_windowed_labeled_2,5s/2inchStickout/F_08-Jun-2017_rpm320_doc0p040/F_08-Jun-2017_rpm320_doc0p040_window_0009.npz",data/02_spectrograms_150x100px_dataset/train/no_chatter/2inchStickout_F_08-Jun-2017_rpm320_doc0p040_window_0009_no_chatter.png,train
turning,turning,2inchStickout,2inchStickout/F_08-Jun-2017_rpm320_doc0p040,320.0,0p040,10,2inchStickout_F_08-Jun-2017_rpm320_doc0p040_window_0010,no_chatter,train,"data/01_windowed_labeled_2,5s/2inchStickout/F_08-Jun-2017_rpm320_doc0p040/F_08-Jun-2017_rpm320_doc0p040_window_0010.npz",data/02_spectrograms_150x100px_dataset/train/no_chatter/2inchStickout_F_08-Jun-2017_rpm320_doc0p040_window_0010_no_chatter.png,train
turning,turning,2inchStickout,2inchStickout/F_08-Jun-2017_rpm320_doc0p040,320.0,0p040,11,2inchStickout_F_08-Jun-2017_rpm320_doc0p040_window_0011,no_chatter,train,"data/01_windowed_labeled_2,5s/2inchStickout/F_08-Jun-2017_rpm320_doc0p040/F_08-Jun-2017_rpm320_doc0p040_window_0011.npz",data/02_spectrograms_150x100px_dataset/train/no_chatter/2inchStickout_F_08-Jun-2017_rpm320_doc0p040_window_0011_no_chatter.png,train
turning,turning,2inchStickout,2inchStickout/F_08-Jun-2017_rpm320_doc0p040,320.0,0p040,12,2inchStickout_F_08-Jun-2017_rpm320_doc0p040_window_0012,no_chatter,validation,"data/01_windowed_labeled_2,5s/2inchStickout/F_08-Jun-2017_rpm320_doc0p040/F_08-Jun-2017_rpm320_doc0p040_window_0012.npz",data/02_spectrograms_150x100px_dataset/test/no_chatter/2inchStickout_F_08-Jun-2017_rpm320_doc0p040_window_0012_no_chatter.png,test
turning,turning,2inchStickout,2inchStickout/F_08-Jun-2017_rpm320_doc0p040,320.0,0p040,13,2inchStickout_F_08-Jun-2017_rpm320_doc0p040_window_0013,no_chatter,train,"data/01_windowed_labeled_2,5s/2inchStickout/F_08-Jun-2017_rpm320_doc0p040/F_08-Jun-2017_rpm320_doc0p040_window_0013.npz",data/02_spectrograms_150x100px_dataset/train/no_chatter/2inchStickout_F_08-Jun-2017_rpm320_doc0p040_window_0013_no_chatter.png,train
turning,turning,2inchStickout,2inchStickout/F_08-Jun-2017_rpm320_doc0p040,320.0,0p040,14,2inchStickout_F_08-Jun-2017_rpm320_doc0p040_window_0014,no_chatter,train,"data/01_windowed_labeled_2,5s/2inchStickout/F_08-Jun-2017_rpm320_doc0p040/F_08-Jun-2017_rpm320_doc0p040_window_0014.npz",data/02_spectrograms_150x100px_dataset/train/no_chatter/2inchStickout_F_08-Jun-2017_rpm320_doc0p040_window_0014_no_chatter.png,train
turning,turning,2inchStickout,2inchStickout/F_08-Jun-2017_rpm320_doc0p040,320.0,0p040,15,2inchStickout_F_08-Jun-2017_rpm320_doc0p040_window_0015,no_chatter,train,"data/01_windowed_labeled_2,5s/2inchStickout/F_08-Jun-2017_rpm320_doc0p040/F_08-Jun-2017_rpm320_doc0p040_window_0015.npz",data/02_spectrograms_150x100px_dataset/train/no_chatter/2inchStickout_F_08-Jun-2017_rpm320_doc0p040_window_0015_no_chatter.png,train
turning,turning,2inchStickout,2inchStickout/F_08-Jun-2017_rpm320_doc0p040,320.0,0p040,16,2inchStickout_F_08-Jun-2017_rpm320_doc0p040_window_0016,no_chatter,train,"data/01_windowed_labeled_2,5s/2inchStickout/F_08-Jun-2017_rpm320_doc0p040/F_08-Jun-2017_rpm320_doc0p040_window_0016.npz",data/02_spectrograms_150x100px_dataset/train/no_chatter/2inchStickout_F_08-Jun-2017_rpm320_doc0p040_window_0016_no_chatter.png,train
turning,turning,2inchStickout,2inchStickout/F_08-Jun-2017_rpm320_doc0p040,320.0,0p040,17,2inchStickout_F_08-Jun-2017_rpm320_doc0p040_window_0017,no_chatter,train,"data/01_windowed_labeled_2,5s/2inchStickout/F_08-Jun-2017_rpm320_doc0p040/F_08-Jun-2017_rpm320_doc0p040_window_0017.npz",data/02_spectrograms_150x100px_dataset/train/no_chatter/2inchStickout_F_08-Jun-2017_rpm320_doc0p040_window_0017_no_chatter.png,train
turning,turning,2inchStickout,2inchStickout/F_08-Jun-2017_rpm320_doc0p040,320.0,0p040,18,2inchStickout_F_08-Jun-2017_rpm320_doc0p040_window_0018,no_chatter,train,"data/01_windowed_labeled_2,5s/2inchStickout/F_08-Jun-2017_rpm320_doc0p040/F_08-Jun-2017_rpm320_doc0p040_window_0018.npz",data/02_spectrograms_150x100px_dataset/train/no_chatter/2inchStickout_F_08-Jun-2017_rpm320_doc0p040_window_0018_no_chatter.png,train
turning,turning,2inchStickout,2inchStickout/F_08-Jun-2017_rpm320_doc0p040,320.0,0p040,19,2inchStickout_F_08-Jun-2017_rpm320_doc0p040_window_0019,no_chatter,train,"data/01_windowed_labeled_2,5s/2inchStickout/F_08-Jun-2017_rpm320_doc0p040/F_08-Jun-2017_rpm320_doc0p040_window_0019.npz",data/02_spectrograms_150x100px_dataset/train/no_chatter/2inchStickout_F_08-Jun-2017_rpm320_doc0p040_window_0019_no_chatter.png,train
turning,turning,2inchStickout,2inchStickout/F_08-Jun-2017_rpm320_doc0p040,320.0,0p040,20,2inchStickout_F_08-Jun-2017_rpm320_doc0p040_window_0020,no_chatter,train,"data/01_windowed_labeled_2,5s/2inchStickout/F_08-Jun-2017_rpm320_doc0p040/F_08-Jun-2017_rpm320_doc0p040_window_0020.npz",data/02_spectrograms_150x100px_dataset/train/no_chatter/2inchStickout_F_08-Jun-2017_rpm320_doc0p040_window_0020_no_chatter.png,train
turning,turning,2inchStickout,2inchStickout/F_08-Jun-2017_rpm320_doc0p040,320.0,0p040,21,2inchStickout_F_08-Jun-2017_rpm320_doc0p040_window_0021,no_chatter,train,"data/01_windowed_labeled_2,5s/2inchStickout/F_08-Jun-2017_rpm320_doc0p040/F_08-Jun-2017_rpm320_doc0p040_window_0021.npz",data/02_spectrograms_150x100px_dataset/train/no_chatter/2inchStickout_F_08-Jun-2017_rpm320_doc0p040_window_0021_no_chatter.png,train
turning,turning,2inchStickout,2inchStickout/F_08-Jun-2017_rpm320_doc0p040,320.0,0p040,22,2inchStickout_F_08-Jun-2017_rpm320_doc0p040_window_0022,no_chatter,validation,"data/01_windowed_labeled_2,5s/2inchStickout/F_08-Jun-2017_rpm320_doc0p040/F_08-Jun-2017_rpm320_doc0p040_window_0022.npz",data/02_spectrograms_150x100px_dataset/test/no_chatter/2inchStickout_F_08-Jun-2017_rpm320_doc0p040_window_0022_no_chatter.png,test
turning,turning,2inchStickout,2inchStickout/F_08-Jun-2017_rpm320_doc0p040,320.0,0p040,23,2inchStickout_F_08-Jun-2017_rpm320_doc0p040_window_0023,no_chatter,train,"data/01_windowed_labeled_2,5s/2inchStickout/F_08-Jun-2017_rpm320_doc0p040/F_08-Jun-2017_rpm320_doc0p040_window_0023.npz",data/02_spectrograms_150x100px_dataset/train/no_chatter/2inchStickout_F_08-Jun-2017_rpm320_doc0p040_window_0023_no_chatter.png,train
turning,turning,2inchStickout,2inchStickout/F_08-Jun-2017_rpm320_doc0p045,320.0,0p045,0,2inchStickout_F_08-Jun-2017_rpm320_doc0p045_window_0000,no_chatter,train,"data/01_windowed_labeled_2,5s/2inchStickout/F_08-Jun-2017_rpm320_doc0p045/F_08-Jun-2017_rpm320_doc0p045_window_0000.npz",data/02_spectrograms_150x100px_dataset/train/no_chatter/2inchStickout_F_08-Jun-2017_rpm320_doc0p045_window_0000_no_chatter.png,train
turning,turning,2inchStickout,2inchStickout/F_08-Jun-2017_rpm320_doc0p045,320.0,0p045,1,2inchStickout_F_08-Jun-2017_rpm320_doc0p045_window_0001,no_chatter,train,"data/01_windowed_labeled_2,5s/2inchStickout/F_08-Jun-2017_rpm320_doc0p045/F_08-Jun-2017_rpm320_doc0p045_window_0001.npz",data/02_spectrograms_150x100px_dataset/train/no_chatter/2inchStickout_F_08-Jun-2017_rpm320_doc0p045_window_0001_no_chatter.png,train
turning,turning,2inchStickout,2inchStickout/F_08-Jun-2017_rpm320_doc0p045,320.0,0p045,2,2inchStickout_F_08-Jun-2017_rpm320_doc0p045_window_0002,no_chatter,train,"data/01_windowed_labeled_2,5s/2inchStickout/F_08-Jun-2017_rpm320_doc0p045/F_08-Jun-2017_rpm320_doc0p045_window_0002.npz",data/02_spectrograms_150x100px_dataset/train/no_chatter/2inchStickout_F_08-Jun-2017_rpm320_doc0p045_window_0002_no_chatter.png,train
turning,turning,2inchStickout,2inchStickout/F_08-Jun-2017_rpm320_doc0p045,320.0,0p045,3,2inchStickout_F_08-Jun-2017_rpm320_doc0p045_window_0003,no_chatter,train,"data/01_windowed_labeled_2,5s/2inchStickout/F_08-Jun-2017_rpm320_doc0p045/F_08-Jun-2017_rpm320_doc0p045_window_0003.npz",data/02_spectrograms_150x100px_dataset/train/no_chatter/2inchStickout_F_08-Jun-2017_rpm320_doc0p045_window_0003_no_chatter.png,train
turning,turning,2inchStickout,2inchStickout/F_08-Jun-2017_rpm320_doc0p045,320.0,0p045,4,2inchStickout_F_08-Jun-2017_rpm320_doc0p045_window_0004,no_chatter,train,"data/01_windowed_labeled_2,5s/2inchStickout/F_08-Jun-2017_rpm320_doc0p045/F_08-Jun-2017_rpm320_doc0p045_window_0004.npz",data/02_spectrograms_150x100px_dataset/train/no_chatter/2inchStickout_F_08-Jun-2017_rpm320_doc0p045_window_0004_no_chatter.png,train
turning,turning,2inchStickout,2inchStickout/F_08-Jun-2017_rpm320_doc0p045,320.0,0p045,5,2inchStickout_F_08-Jun-2017_rpm320_doc0p045_window_0005,no_chatter,train,"data/01_windowed_labeled_2,5s/2inchStickout/F_08-Jun-2017_rpm320_doc0p045/F_08-Jun-2017_rpm320_doc0p045_window_0005.npz",data/02_spectrograms_150x100px_dataset/train/no_chatter/2inchStickout_F_08-Jun-2017_rpm320_doc0p045_window_0005_no_chatter.png,train
turning,turning,2inchStickout,2inchStickout/F_08-Jun-2017_rpm320_doc0p045,320.0,0p045,6,2inchStickout_F_08-Jun-2017_rpm320_doc0p045_window_0006,no_chatter,train,"data/01_windowed_labeled_2,5s/2inchStickout/F_08-Jun-2017_rpm320_doc0p045/F_08-Jun-2017_rpm320_doc0p045_window_0006.npz",data/02_spectrograms_150x100px_dataset/train/no_chatter/2inchStickout_F_08-Jun-2017_rpm320_doc0p045_window_0006_no_chatter.png,train
turning,turning,2inchStickout,2inchStickout/F_08-Jun-2017_rpm320_doc0p045,320.0,0p045,7,2inchStickout_F_08-Jun-2017_rpm320_doc0p045_window_0007,no_chatter,train,"data/01_windowed_labeled_2,5s/2inchStickout/F_08-Jun-2017_rpm320_doc0p045/F_08-Jun-2017_rpm320_doc0p045_window_0007.npz",data/02_spectrograms_150x100px_dataset/train/no_chatter/2inchStickout_F_08-Jun-2017_rpm320_doc0p045_window_0007_no_chatter.png,train
turning,turning,2inchStickout,2inchStickout/F_08-Jun-2017_rpm320_doc0p045,320.0,0p045,8,2inchStickout_F_08-Jun-2017_rpm320_doc0p045_window_0008,no_chatter,train,"data/01_windowed_labeled_2,5s/2inchStickout/F_08-Jun-2017_rpm320_doc0p045/F_08-Jun-2017_rpm320_doc0p045_window_0008.npz",data/02_spectrograms_150x100px_dataset/train/no_chatter/2inchStickout_F_08-Jun-2017_rpm320_doc0p045_window_0008_no_chatter.png,train
turning,turning,2inchStickout,2inchStickout/F_08-Jun-2017_rpm320_doc0p045,320.0,0p045,9,2inchStickout_F_08-Jun-2017_rpm320_doc0p045_window_0009,no_chatter,validation,"data/01_windowed_labeled_2,5s/2inchStickout/F_08-Jun-2017_rpm320_doc0p045/F_08-Jun-2017_rpm320_doc0p045_window_0009.npz",data/02_spectrograms_150x100px_dataset/validation/no_chatter/2inchStickout_F_08-Jun-2017_rpm320_doc0p045_window_0009_no_chatter.png,validation
turning,turning,2inchStickout,2inchStickout/F_08-Jun-2017_rpm320_doc0p045,320.0,0p045,10,2inchStickout_F_08-Jun-2017_rpm320_doc0p045_window_0010,no_chatter,train,"data/01_windowed_labeled_2,5s/2inchStickout/F_08-Jun-2017_rpm320_doc0p045/F_08-Jun-2017_rpm320_doc0p045_window_0010.npz",data/02_spectrograms_150x100px_dataset/train/no_chatter/2inchStickout_F_08-Jun-2017_rpm320_doc0p045_window_0010_no_chatter.png,train
turning,turning,2inchStickout,2inchStickout/F_08-Jun-2017_rpm320_doc0p045,320.0,0p045,11,2inchStickout_F_08-Jun-2017_rpm320_doc0p045_window_0011,no_chatter,train,"data/01_windowed_labeled_2,5s/2inchStickout/F_08-Jun-2017_rpm320_doc0p045/F_08-Jun-2017_rpm320_doc0p045_window_0011.npz",data/02_spectrograms_150x100px_dataset/train/no_chatter/2inchStickout_F_08-Jun-2017_rpm320_doc0p045_window_0011_no_chatter.png,train
turning,turning,2inchStickout,2inchStickout/F_08-Jun-2017_rpm320_doc0p045,320.0,0p045,12,2inchStickout_F_08-Jun-2017_rpm320_doc0p045_window_0012,no_chatter,train,"data/01_windowed_labeled_2,5s/2inchStickout/F_08-Jun-2017_rpm320_doc0p045/F_08-Jun-2017_rpm320_doc0p045_window_0012.npz",data/02_spectrograms_150x100px_dataset/train/no_chatter/2inchStickout_F_08-Jun-2017_rpm320_doc0p045_window_0012_no_chatter.png,train
turning,turning,2inchStickout,2inchStickout/F_08-Jun-2017_rpm320_doc0p045,320.0,0p045,13,2inchStickout_F_08-Jun-2017_rpm320_doc0p045_window_0013,no_chatter,train,"data/01_windowed_labeled_2,5s/2inchStickout/F_08-Jun-2017_rpm320_doc0p045/F_08-Jun-2017_rpm320_doc0p045_window_0013.npz",data/02_spectrograms_150x100px_dataset/train/no_chatter/2inchStickout_F_08-Jun-2017_rpm320_doc0p045_window_0013_no_chatter.png,train
turning,turning,2inchStickout,2inchStickout/F_08-Jun-2017_rpm320_doc0p045,320.0,0p045,14,2inchStickout_F_08-Jun-2017_rpm320_doc0p045_window_0014,no_chatter,train,"data/01_windowed_labeled_2,5s/2inchStickout/F_08-Jun-2017_rpm320_doc0p045/F_08-Jun-2017_rpm320_doc0p045_window_0014.npz",data/02_spectrograms_150x100px_dataset/train/no_chatter/2inchStickout_F_08-Jun-2017_rpm320_doc0p045_window_0014_no_chatter.png,train
turning,turning,2inchStickout,2inchStickout/F_08-Jun-2017_rpm320_doc0p045,320.0,0p045,15,2inchStickout_F_08-Jun-2017_rpm320_doc0p045_window_0015,no_chatter,validation,"data/01_windowed_labeled_2,5s/2inchStickout/F_08-Jun-2017_rpm320_doc0p045/F_08-Jun-2017_rpm320_doc0p045_window_0015.npz",data/02_spectrograms_150x100px_dataset/validation/no_chatter/2inchStickout_F_08-Jun-2017_rpm320_doc0p045_window_0015_no_chatter.png,validation
turning,turning,2inchStickout,2inchStickout/F_08-Jun-2017_rpm320_doc0p045,320.0,0p045,16,2inchStickout_F_08-Jun-2017_rpm320_doc0p045_window_0016,no_chatter,validation,"data/01_windowed_labeled_2,5s/2inchStickout/F_08-Jun-2017_rpm320_doc0p045/F_08-Jun-2017_rpm320_doc0p045_window_0016.npz",data/02_spectrograms_150x100px_dataset/validation/no_chatter/2inchStickout_F_08-Jun-2017_rpm320_doc0p045_window_0016_no_chatter.png,validation
turning,turning,2inchStickout,2inchStickout/F_08-Jun-2017_rpm320_doc0p045,320.0,0p045,17,2inchStickout_F_08-Jun-2017_rpm320_doc0p045_window_0017,no_chatter,validation,"data/01_windowed_labeled_2,5s/2inchStickout/F_08-Jun-2017_rpm320_doc0p045/F_08-Jun-2017_rpm320_doc0p045_window_0017.npz",data/02_spectrograms_150x100px_dataset/validation/no_chatter/2inchStickout_F_08-Jun-2017_rpm320_doc0p045_window_0017_no_chatter.png,validation
turning,turning,2inchStickout,2inchStickout/F_08-Jun-2017_rpm320_doc0p045,320.0,0p045,18,2inchStickout_F_08-Jun-2017_rpm320_doc0p045_window_0018,no_chatter,train,"data/01_windowed_labeled_2,5s/2inchStickout/F_08-Jun-2017_rpm320_doc0p045/F_08-Jun-2017_rpm320_doc0p045_window_0018.npz",data/02_spectrograms_150x100px_dataset/train/no_chatter/2inchStickout_F_08-Jun-2017_rpm320_doc0p045_window_0018_no_chatter.png,train
turning,turning,2inchStickout,2inchStickout/F_08-Jun-2017_rpm320_doc0p045,320.0,0p045,19,2inchStickout_F_08-Jun-2017_rpm320_doc0p045_window_0019,no_chatter,train,"data/01_windowed_labeled_2,5s/2inchStickout/F_08-Jun-2017_rpm320_doc0p045/F_08-Jun-2017_rpm320_doc0p045_window_0019.npz",data/02_spectrograms_150x100px_dataset/train/no_chatter/2inchStickout_F_08-Jun-2017_rpm320_doc0p045_window_0019_no_chatter.png,train
turning,turning,2inchStickout,2inchStickout/F_08-Jun-2017_rpm320_doc0p045,320.0,0p045,20,2inchStickout_F_08-Jun-2017_rpm320_doc0p045_window_0020,no_chatter,train,"data/01_windowed_labeled_2,5s/2inchStickout/F_08-Jun-2017_rpm320_doc0p045/F_08-Jun-2017_rpm320_doc0p045_window_0020.npz",data/02_spectrograms_150x100px_dataset/train/no_chatter/2inchStickout_F_08-Jun-2017_rpm320_doc0p045_window_0020_no_chatter.png,train
turning,turning,2inchStickout,2inchStickout/F_08-Jun-2017_rpm320_doc0p045,320.0,0p045,21,2inchStickout_F_08-Jun-2017_rpm320_doc0p045_window_0021,no_chatter,train,"data/01_windowed_labeled_2,5s/2inchStickout/F_08-Jun-2017_rpm320_doc0p045/F_08-Jun-2017_rpm320_doc0p045_window_0021.npz",data/02_spectrograms_150x100px_dataset/train/no_chatter/2inchStickout_F_08-Jun-2017_rpm320_doc0p045_window_0021_no_chatter.png,train
turning,turning,2inchStickout,2inchStickout/F_08-Jun-2017_rpm320_doc0p045,320.0,0p045,22,2inchStickout_F_08-Jun-2017_rpm320_doc0p045_window_0022,no_chatter,train,"data/01_windowed_labeled_2,5s/2inchStickout/F_08-Jun-2017_rpm320_doc0p045/F_08-Jun-2017_rpm320_doc0p045_window_0022.npz",data/02_spectrograms_150x100px_dataset/train/no_chatter/2inchStickout_F_08-Jun-2017_rpm320_doc0p045_window_0022_no_chatter.png,train
turning,turning,2inchStickout,2inchStickout/F_08-Jun-2017_rpm320_doc0p045,320.0,0p045,23,2inchStickout_F_08-Jun-2017_rpm320_doc0p045_window_0023,no_chatter,train,"data/01_windowed_labeled_2,5s/2inchStickout/F_08-Jun-2017_rpm320_doc0p045/F_08-Jun-2017_rpm320_doc0p045_window_0023.npz",data/02_spectrograms_150x100px_dataset/train/no_chatter/2inchStickout_F_08-Jun-2017_rpm320_doc0p045_window_0023_no_chatter.png,train
turning,turning,2inchStickout,2inchStickout/F_08-Jun-2017_rpm320_doc0p050,320.0,0p050,0,2inchStickout_F_08-Jun-2017_rpm320_doc0p050_window_0000,no_chatter,train,"data/01_windowed_labeled_2,5s/2inchStickout/F_08-Jun-2017_rpm320_doc0p050/F_08-Jun-2017_rpm320_doc0p050_window_0000.npz",data/02_spectrograms_150x100px_dataset/train/no_chatter/2inchStickout_F_08-Jun-2017_rpm320_doc0p050_window_0000_no_chatter.png,train
turning,turning,2inchStickout,2inchStickout/F_08-Jun-2017_rpm320_doc0p050,320.0,0p050,1,2inchStickout_F_08-Jun-2017_rpm320_doc0p050_window_0001,no_chatter,train,"data/01_windowed_labeled_2,5s/2inchStickout/F_08-Jun-2017_rpm320_doc0p050/F_08-Jun-2017_rpm320_doc0p050_window_0001.npz",data/02_spectrograms_150x100px_dataset/train/no_chatter/2inchStickout_F_08-Jun-2017_rpm320_doc0p050_window_0001_no_chatter.png,train
turning,turning,2inchStickout,2inchStickout/F_08-Jun-2017_rpm320_doc0p050,320.0,0p050,2,2inchStickout_F_08-Jun-2017_rpm320_doc0p050_window_0002,no_chatter,train,"data/01_windowed_labeled_2,5s/2inchStickout/F_08-Jun-2017_rpm320_doc0p050/F_08-Jun-2017_rpm320_doc0p050_window_0002.npz",data/02_spectrograms_150x100px_dataset/train/no_chatter/2inchStickout_F_08-Jun-2017_rpm320_doc0p050_window_0002_no_chatter.png,train
turning,turning,2inchStickout,2inchStickout/F_08-Jun-2017_rpm320_doc0p050,320.0,0p050,3,2inchStickout_F_08-Jun-2017_rpm320_doc0p050_window_0003,no_chatter,validation,"data/01_windowed_labeled_2,5s/2inchStickout/F_08-Jun-2017_rpm320_doc0p050/F_08-Jun-2017_rpm320_doc0p050_window_0003.npz",data/02_spectrograms_150x100px_dataset/test/no_chatter/2inchStickout_F_08-Jun-2017_rpm320_doc0p050_window_0003_no_chatter.png,test
turning,turning,2inchStickout,2inchStickout/F_08-Jun-2017_rpm320_doc0p050,320.0,0p050,4,2inchStickout_F_08-Jun-2017_rpm320_doc0p050_window_0004,no_chatter,train,"data/01_windowed_labeled_2,5s/2inchStickout/F_08-Jun-2017_rpm320_doc0p050/F_08-Jun-2017_rpm320_doc0p050_window_0004.npz",data/02_spectrograms_150x100px_dataset/train/no_chatter/2inchStickout_F_08-Jun-2017_rpm320_doc0p050_window_0004_no_chatter.png,train
turning,turning,2inchStickout,2inchStickout/F_08-Jun-2017_rpm320_doc0p050,320.0,0p050,5,2inchStickout_F_08-Jun-2017_rpm320_doc0p050_window_0005,no_chatter,train,"data/01_windowed_labeled_2,5s/2inchStickout/F_08-Jun-2017_rpm320_doc0p050/F_08-Jun-2017_rpm320_doc0p050_window_0005.npz",data/02_spectrograms_150x100px_dataset/train/no_chatter/2inchStickout_F_08-Jun-2017_rpm320_doc0p050_window_0005_no_chatter.png,train
turning,turning,2inchStickout,2inchStickout/F_08-Jun-2017_rpm320_doc0p050,320.0,0p050,6,2inchStickout_F_08-Jun-2017_rpm320_doc0p050_window_0006,no_chatter,train,"data/01_windowed_labeled_2,5s/2inchStickout/F_08-Jun-2017_rpm320_doc0p050/F_08-Jun-2017_rpm320_doc0p050_window_0006.npz",data/02_spectrograms_150x100px_dataset/train/no_chatter/2inchStickout_F_08-Jun-2017_rpm320_doc0p050_window_0006_no_chatter.png,train
turning,turning,2inchStickout,2inchStickout/F_08-Jun-2017_rpm320_doc0p050,320.0,0p050,7,2inchStickout_F_08-Jun-2017_rpm320_doc0p050_window_0007,no_chatter,train,"data/01_windowed_labeled_2,5s/2inchStickout/F_08-Jun-2017_rpm320_doc0p050/F_08-Jun-2017_rpm320_doc0p050_window_0007.npz",data/02_spectrograms_150x100px_dataset/train/no_chatter/2inchStickout_F_08-Jun-2017_rpm320_doc0p050_window_0007_no_chatter.png,train
turning,turning,2inchStickout,2inchStickout/F_08-Jun-2017_rpm320_doc0p050,320.0,0p050,8,2inchStickout_F_08-Jun-2017_rpm320_doc0p050_window_0008,no_chatter,validation,"data/01_windowed_labeled_2,5s/2inchStickout/F_08-Jun-2017_rpm320_doc0p050/F_08-Jun-2017_rpm320_doc0p050_window_0008.npz",data/02_spectrograms_150x100px_dataset/test/no_chatter/2inchStickout_F_08-Jun-2017_rpm320_doc0p050_window_0008_no_chatter.png,test
turning,turning,2inchStickout,2inchStickout/F_08-Jun-2017_rpm320_doc0p050,320.0,0p050,9,2inchStickout_F_08-Jun-2017_rpm320_doc0p050_window_0009,no_chatter,validation,"data/01_windowed_labeled_2,5s/2inchStickout/F_08-Jun-2017_rpm320_doc0p050/F_08-Jun-2017_rpm320_doc0p050_window_0009.npz",data/02_spectrograms_150x100px_dataset/test/no_chatter/2inchStickout_F_08-Jun-2017_rpm320_doc0p050_window_0009_no_chatter.png,test
turning,turning,2inchStickout,2inchStickout/F_08-Jun-2017_rpm320_doc0p050,320.0,0p050,10,2inchStickout_F_08-Jun-2017_rpm320_doc0p050_window_0010,no_chatter,train,"data/01_windowed_labeled_2,5s/2inchStickout/F_08-Jun-2017_rpm320_doc0p050/F_08-Jun-2017_rpm320_doc0p050_window_0010.npz",data/02_spectrograms_150x100px_dataset/train/no_chatter/2inchStickout_F_08-Jun-2017_rpm320_doc0p050_window_0010_no_chatter.png,train
turning,turning,2inchStickout,2inchStickout/F_08-Jun-2017_rpm320_doc0p050,320.0,0p050,11,2inchStickout_F_08-Jun-2017_rpm320_doc0p050_window_0011,no_chatter,train,"data/01_windowed_labeled_2,5s/2inchStickout/F_08-Jun-2017_rpm320_doc0p050/F_08-Jun-2017_rpm320_doc0p050_window_0011.npz",data/02_spectrograms_150x100px_dataset/train/no_chatter/2inchStickout_F_08-Jun-2017_rpm320_doc0p050_window_0011_no_chatter.png,train
turning,turning,2inchStickout,2inchStickout/F_08-Jun-2017_rpm320_doc0p050,320.0,0p050,12,2inchStickout_F_08-Jun-2017_rpm320_doc0p050_window_0012,no_chatter,validation,"data/01_windowed_labeled_2,5s/2inchStickout/F_08-Jun-2017_rpm320_doc0p050/F_08-Jun-2017_rpm320_doc0p050_window_0012.npz",data/02_spectrograms_150x100px_dataset/test/no_chatter/2inchStickout_F_08-Jun-2017_rpm320_doc0p050_window_0012_no_chatter.png,test
turning,turning,2inchStickout,2inchStickout/F_08-Jun-2017_rpm320_doc0p050,320.0,0p050,13,2inchStickout_F_08-Jun-2017_rpm320_doc0p050_window_0013,no_chatter,validation,"data/01_windowed_labeled_2,5s/2inchStickout/F_08-Jun-2017_rpm320_doc0p050/F_08-Jun-2017_rpm320_doc0p050_window_0013.npz",data/02_spectrograms_150x100px_dataset/test/no_chatter/2inchStickout_F_08-Jun-2017_rpm320_doc0p050_window_0013_no_chatter.png,test
turning,turning,2inchStickout,2inchStickout/F_08-Jun-2017_rpm320_doc0p050,320.0,0p050,14,2inchStickout_F_08-Jun-2017_rpm320_doc0p050_window_0014,no_chatter,validation,"data/01_windowed_labeled_2,5s/2inchStickout/F_08-Jun-2017_rpm320_doc0p050/F_08-Jun-2017_rpm320_doc0p050_window_0014.npz",data/02_spectrograms_150x100px_dataset/test/no_chatter/2inchStickout_F_08-Jun-2017_rpm320_doc0p050_window_0014_no_chatter.png,test
turning,turning,2inchStickout,2inchStickout/F_08-Jun-2017_rpm320_doc0p050,320.0,0p050,15,2inchStickout_F_08-Jun-2017_rpm320_doc0p050_window_0015,no_chatter,train,"data/01_windowed_labeled_2,5s/2inchStickout/F_08-Jun-2017_rpm320_doc0p050/F_08-Jun-2017_rpm320_doc0p050_window_0015.npz",data/02_spectrograms_150x100px_dataset/train/no_chatter/2inchStickout_F_08-Jun-2017_rpm320_doc0p050_window_0015_no_chatter.png,train
turning,turning,2inchStickout,2inchStickout/F_08-Jun-2017_rpm320_doc0p050,320.0,0p050,16,2inchStickout_F_08-Jun-2017_rpm320_doc0p050_window_0016,no_chatter,train,"data/01_windowed_labeled_2,5s/2inchStickout/F_08-Jun-2017_rpm320_doc0p050/F_08-Jun-2017_rpm320_doc0p050_window_0016.npz",data/02_spectrograms_150x100px_dataset/train/no_chatter/2inchStickout_F_08-Jun-2017_rpm320_doc0p050_window_0016_no_chatter.png,train
turning,turning,2inchStickout,2inchStickout/F_08-Jun-2017_rpm320_doc0p050,320.0,0p050,17,2inchStickout_F_08-Jun-2017_rpm320_doc0p050_window_0017,no_chatter,validation,"data/01_windowed_labeled_2,5s/2inchStickout/F_08-Jun-2017_rpm320_doc0p050/F_08-Jun-2017_rpm320_doc0p050_window_0017.npz",data/02_spectrograms_150x100px_dataset/test/no_chatter/2inchStickout_F_08-Jun-2017_rpm320_doc0p050_window_0017_no_chatter.png,test
turning,turning,2inchStickout,2inchStickout/F_08-Jun-2017_rpm320_doc0p050,320.0,0p050,18,2inchStickout_F_08-Jun-2017_rpm320_doc0p050_window_0018,no_chatter,train,"data/01_windowed_labeled_2,5s/2inchStickout/F_08-Jun-2017_rpm320_doc0p050/F_08-Jun-2017_rpm320_doc0p050_window_0018.npz",data/02_spectrograms_150x100px_dataset/train/no_chatter/2inchStickout_F_08-Jun-2017_rpm320_doc0p050_window_0018_no_chatter.png,train
turning,turning,2inchStickout,2inchStickout/F_08-Jun-2017_rpm320_doc0p050,320.0,0p050,19,2inchStickout_F_08-Jun-2017_rpm320_doc0p050_window_0019,no_chatter,train,"data/01_windowed_labeled_2,5s/2inchStickout/F_08-Jun-2017_rpm320_doc0p050/F_08-Jun-2017_rpm320_doc0p050_window_0019.npz",data/02_spectrograms_150x100px_dataset/train/no_chatter/2inchStickout_F_08-Jun-2017_rpm320_doc0p050_window_0019_no_chatter.png,train
turning,turning,2inchStickout,2inchStickout/F_08-Jun-2017_rpm320_doc0p050,320.0,0p050,20,2inchStickout_F_08-Jun-2017_rpm320_doc0p050_window_0020,no_chatter,train,"data/01_windowed_labeled_2,5s/2inchStickout/F_08-Jun-2017_rpm320_doc0p050/F_08-Jun-2017_rpm320_doc0p050_window_0020.npz",data/02_spectrograms_150x100px_dataset/train/no_chatter/2inchStickout_F_08-Jun-2017_rpm320_doc0p050_window_0020_no_chatter.png,train
turning,turning,2inchStickout,2inchStickout/F_08-Jun-2017_rpm320_doc0p050,320.0,0p050,21,2inchStickout_F_08-Jun-2017_rpm320_doc0p050_window_0021,no_chatter,train,"data/01_windowed_labeled_2,5s/2inchStickout/F_08-Jun-2017_rpm320_doc0p050/F_08-Jun-2017_rpm320_doc0p050_window_0021.npz",data/02_spectrograms_150x100px_dataset/train/no_chatter/2inchStickout_F_08-Jun-2017_rpm320_doc0p050_window_0021_no_chatter.png,train
turning,turning,2inchStickout,2inchStickout/F_08-Jun-2017_rpm320_doc0p050,320.0,0p050,22,2inchStickout_F_08-Jun-2017_rpm320_doc0p050_window_0022,no_chatter,validation,"data/01_windowed_labeled_2,5s/2inchStickout/F_08-Jun-2017_rpm320_doc0p050/F_08-Jun-2017_rpm320_doc0p050_window_0022.npz",data/02_spectrograms_150x100px_dataset/test/no_chatter/2inchStickout_F_08-Jun-2017_rpm320_doc0p050_window_0022_no_chatter.png,test
turning,turning,2inchStickout,2inchStickout/F_08-Jun-2017_rpm320_doc0p050,320.0,0p050,23,2inchStickout_F_08-Jun-2017_rpm320_doc0p050_window_0023,no_chatter,validation,"data/01_windowed_labeled_2,5s/2inchStickout/F_08-Jun-2017_rpm320_doc0p050/F_08-Jun-2017_rpm320_doc0p050_window_0023.npz",data/02_spectrograms_150x100px_dataset/test/no_chatter/2inchStickout_F_08-Jun-2017_rpm320_doc0p050_window_0023_no_chatter.png,test
turning,turning,2inchStickout,2inchStickout/F_08-Jun-2017_rpm320_doc0p060_xAccDetached,320.0,0p060,0,2inchStickout_F_08-Jun-2017_rpm320_doc0p060_xAccDetached_window_0000,no_chatter,train,"data/01_windowed_labeled_2,5s/2inchStickout/F_08-Jun-2017_rpm320_doc0p060_xAccDetached/F_08-Jun-2017_rpm320_doc0p060_xAccDetached_window_0000.npz",data/02_spectrograms_150x100px_dataset/train/no_chatter/2inchStickout_F_08-Jun-2017_rpm320_doc0p060_xAccDetached_window_0000_no_chatter.png,train
turning,turning,2inchStickout,2inchStickout/F_08-Jun-2017_rpm320_doc0p060_xAccDetached,320.0,0p060,1,2inchStickout_F_08-Jun-2017_rpm320_doc0p060_xAccDetached_window_0001,no_chatter,train,"data/01_windowed_labeled_2,5s/2inchStickout/F_08-Jun-2017_rpm320_doc0p060_xAccDetached/F_08-Jun-2017_rpm320_doc0p060_xAccDetached_window_0001.npz",data/02_spectrograms_150x100px_dataset/train/no_chatter/2inchStickout_F_08-Jun-2017_rpm320_doc0p060_xAccDetached_window_0001_no_chatter.png,train
turning,turning,2inchStickout,2inchStickout/F_08-Jun-2017_rpm320_doc0p060_xAccDetached,320.0,0p060,2,2inchStickout_F_08-Jun-2017_rpm320_doc0p060_xAccDetached_window_0002,no_chatter,train,"data/01_windowed_labeled_2,5s/2inchStickout/F_08-Jun-2017_rpm320_doc0p060_xAccDetached/F_08-Jun-2017_rpm320_doc0p060_xAccDetached_window_0002.npz",data/02_spectrograms_150x100px_dataset/train/no_chatter/2inchStickout_F_08-Jun-2017_rpm320_doc0p060_xAccDetached_window_0002_no_chatter.png,train
turning,turning,2inchStickout,2inchStickout/F_08-Jun-2017_rpm320_doc0p060_xAccDetached,320.0,0p060,3,2inchStickout_F_08-Jun-2017_rpm320_doc0p060_xAccDetached_window_0003,no_chatter,validation,"data/01_windowed_labeled_2,5s/2inchStickout/F_08-Jun-2017_rpm320_doc0p060_xAccDetached/F_08-Jun-2017_rpm320_doc0p060_xAccDetached_window_0003.npz",data/02_spectrograms_150x100px_dataset/validation/no_chatter/2inchStickout_F_08-Jun-2017_rpm320_doc0p060_xAccDetached_window_0003_no_chatter.png,validation
turning,turning,2inchStickout,2inchStickout/F_08-Jun-2017_rpm320_doc0p060_xAccDetached,320.0,0p060,4,2inchStickout_F_08-Jun-2017_rpm320_doc0p060_xAccDetached_window_0004,no_chatter,train,"data/01_windowed_labeled_2,5s/2inchStickout/F_08-Jun-2017_rpm320_doc0p060_xAccDetached/F_08-Jun-2017_rpm320_doc0p060_xAccDetached_window_0004.npz",data/02_spectrograms_150x100px_dataset/train/no_chatter/2inchStickout_F_08-Jun-2017_rpm320_doc0p060_xAccDetached_window_0004_no_chatter.png,train
turning,turning,2inchStickout,2inchStickout/F_08-Jun-2017_rpm320_doc0p060_xAccDetached,320.0,0p060,5,2inchStickout_F_08-Jun-2017_rpm320_doc0p060_xAccDetached_window_0005,no_chatter,train,"data/01_windowed_labeled_2,5s/2inchStickout/F_08-Jun-2017_rpm320_doc0p060_xAccDetached/F_08-Jun-2017_rpm320_doc0p060_xAccDetached_window_0005.npz",data/02_spectrograms_150x100px_dataset/train/no_chatter/2inchStickout_F_08-Jun-2017_rpm320_doc0p060_xAccDetached_window_0005_no_chatter.png,train
turning,turning,2inchStickout,2inchStickout/F_08-Jun-2017_rpm320_doc0p060_xAccDetached,320.0,0p060,6,2inchStickout_F_08-Jun-2017_rpm320_doc0p060_xAccDetached_window_0006,no_chatter,train,"data/01_windowed_labeled_2,5s/2inchStickout/F_08-Jun-2017_rpm320_doc0p060_xAccDetached/F_08-Jun-2017_rpm320_doc0p060_xAccDetached_window_0006.npz",data/02_spectrograms_150x100px_dataset/train/no_chatter/2inchStickout_F_08-Jun-2017_rpm320_doc0p060_xAccDetached_window_0006_no_chatter.png,train
turning,turning,2inchStickout,2inchStickout/F_08-Jun-2017_rpm320_doc0p060_xAccDetached,320.0,0p060,7,2inchStickout_F_08-Jun-2017_rpm320_doc0p060_xAccDetached_window_0007,no_chatter,train,"data/01_windowed_labeled_2,5s/2inchStickout/F_08-Jun-2017_rpm320_doc0p060_xAccDetached/F_08-Jun-2017_rpm320_doc0p060_xAccDetached_window_0007.npz",data/02_spectrograms_150x100px_dataset/train/no_chatter/2inchStickout_F_08-Jun-2017_rpm320_doc0p060_xAccDetached_window_0007_no_chatter.png,train
turning,turning,2inchStickout,2inchStickout/F_08-Jun-2017_rpm320_doc0p060_xAccDetached,320.0,0p060,8,2inchStickout_F_08-Jun-2017_rpm320_doc0p060_xAccDetached_window_0008,no_chatter,train,"data/01_windowed_labeled_2,5s/2inchStickout/F_08-Jun-2017_rpm320_doc0p060_xAccDetached/F_08-Jun-2017_rpm320_doc0p060_xAccDetached_window_0008.npz",data/02_spectrograms_150x100px_dataset/train/no_chatter/2inchStickout_F_08-Jun-2017_rpm320_doc0p060_xAccDetached_window_0008_no_chatter.png,train
turning,turning,2inchStickout,2inchStickout/F_08-Jun-2017_rpm320_doc0p060_xAccDetached,320.0,0p060,9,2inchStickout_F_08-Jun-2017_rpm320_doc0p060_xAccDetached_window_0009,no_chatter,train,"data/01_windowed_labeled_2,5s/2inchStickout/F_08-Jun-2017_rpm320_doc0p060_xAccDetached/F_08-Jun-2017_rpm320_doc0p060_xAccDetached_window_0009.npz",data/02_spectrograms_150x100px_dataset/train/no_chatter/2inchStickout_F_08-Jun-2017_rpm320_doc0p060_xAccDetached_window_0009_no_chatter.png,train
turning,turning,2inchStickout,2inchStickout/F_08-Jun-2017_rpm320_doc0p060_xAccDetached,320.0,0p060,10,2inchStickout_F_08-Jun-2017_rpm320_doc0p060_xAccDetached_window_0010,no_chatter,train,"data/01_windowed_labeled_2,5s/2inchStickout/F_08-Jun-2017_rpm320_doc0p060_xAccDetached/F_08-Jun-2017_rpm320_doc0p060_xAccDetached_window_0010.npz",data/02_spectrograms_150x100px_dataset/train/no_chatter/2inchStickout_F_08-Jun-2017_rpm320_doc0p060_xAccDetached_window_0010_no_chatter.png,train
turning,turning,2inchStickout,2inchStickout/F_08-Jun-2017_rpm320_doc0p060_xAccDetached,320.0,0p060,11,2inchStickout_F_08-Jun-2017_rpm320_doc0p060_xAccDetached_window_0011,no_chatter,train,"data/01_windowed_labeled_2,5s/2inchStickout/F_08-Jun-2017_rpm320_doc0p060_xAccDetached/F_08-Jun-2017_rpm320_doc0p060_xAccDetached_window_0011.npz",data/02_spectrograms_150x100px_dataset/train/no_chatter/2inchStickout_F_08-Jun-2017_rpm320_doc0p060_xAccDetached_window_0011_no_chatter.png,train
turning,turning,2inchStickout,2inchStickout/F_08-Jun-2017_rpm425_doc0p005,425.0,0p005,0,2inchStickout_F_08-Jun-2017_rpm425_doc0p005_window_0000,no_chatter,train,"data/01_windowed_labeled_2,5s/2inchStickout/F_08-Jun-2017_rpm425_doc0p005/F_08-Jun-2017_rpm425_doc0p005_window_0000.npz",data/02_spectrograms_150x100px_dataset/train/no_chatter/2inchStickout_F_08-Jun-2017_rpm425_doc0p005_window_0000_no_chatter.png,train
turning,turning,2inchStickout,2inchStickout/F_08-Jun-2017_rpm425_doc0p005,425.0,0p005,1,2inchStickout_F_08-Jun-2017_rpm425_doc0p005_window_0001,no_chatter,train,"data/01_windowed_labeled_2,5s/2inchStickout/F_08-Jun-2017_rpm425_doc0p005/F_08-Jun-2017_rpm425_doc0p005_window_0001.npz",data/02_spectrograms_150x100px_dataset/train/no_chatter/2inchStickout_F_08-Jun-2017_rpm425_doc0p005_window_0001_no_chatter.png,train
turning,turning,2inchStickout,2inchStickout/F_08-Jun-2017_rpm425_doc0p005,425.0,0p005,2,2inchStickout_F_08-Jun-2017_rpm425_doc0p005_window_0002,no_chatter,train,"data/01_windowed_labeled_2,5s/2inchStickout/F_08-Jun-2017_rpm425_doc0p005/F_08-Jun-2017_rpm425_doc0p005_window_0002.npz",data/02_spectrograms_150x100px_dataset/train/no_chatter/2inchStickout_F_08-Jun-2017_rpm425_doc0p005_window_0002_no_chatter.png,train
turning,turning,2inchStickout,2inchStickout/F_08-Jun-2017_rpm425_doc0p005,425.0,0p005,3,2inchStickout_F_08-Jun-2017_rpm425_doc0p005_window_0003,no_chatter,validation,"data/01_windowed_labeled_2,5s/2inchStickout/F_08-Jun-2017_rpm425_doc0p005/F_08-Jun-2017_rpm425_doc0p005_window_0003.npz",data/02_spectrograms_150x100px_dataset/test/no_chatter/2inchStickout_F_08-Jun-2017_rpm425_doc0p005_window_0003_no_chatter.png,test
turning,turning,2inchStickout,2inchStickout/F_08-Jun-2017_rpm425_doc0p005,425.0,0p005,4,2inchStickout_F_08-Jun-2017_rpm425_doc0p005_window_0004,no_chatter,train,"data/01_windowed_labeled_2,5s/2inchStickout/F_08-Jun-2017_rpm425_doc0p005/F_08-Jun-2017_rpm425_doc0p005_window_0004.npz",data/02_spectrograms_150x100px_dataset/train/no_chatter/2inchStickout_F_08-Jun-2017_rpm425_doc0p005_window_0004_no_chatter.png,train
turning,turning,2inchStickout,2inchStickout/F_08-Jun-2017_rpm425_doc0p005,425.0,0p005,5,2inchStickout_F_08-Jun-2017_rpm425_doc0p005_window_0005,no_chatter,validation,"data/01_windowed_labeled_2,5s/2inchStickout/F_08-Jun-2017_rpm425_doc0p005/F_08-Jun-2017_rpm425_doc0p005_window_0005.npz",data/02_spectrograms_150x100px_dataset/test/no_chatter/2inchStickout_F_08-Jun-2017_rpm425_doc0p005_window_0005_no_chatter.png,test
turning,turning,2inchStickout,2inchStickout/F_08-Jun-2017_rpm425_doc0p005,425.0,0p005,6,2inchStickout_F_08-Jun-2017_rpm425_doc0p005_window_0006,no_chatter,train,"data/01_windowed_labeled_2,5s/2inchStickout/F_08-Jun-2017_rpm425_doc0p005/F_08-Jun-2017_rpm425_doc0p005_window_0006.npz",data/02_spectrograms_150x100px_dataset/train/no_chatter/2inchStickout_F_08-Jun-2017_rpm425_doc0p005_window_0006_no_chatter.png,train
turning,turning,2inchStickout,2inchStickout/F_08-Jun-2017_rpm425_doc0p005,425.0,0p005,7,2inchStickout_F_08-Jun-2017_rpm425_doc0p005_window_0007,no_chatter,train,"data/01_windowed_labeled_2,5s/2inchStickout/F_08-Jun-2017_rpm425_doc0p005/F_08-Jun-2017_rpm425_doc0p005_window_0007.npz",data/02_spectrograms_150x100px_dataset/train/no_chatter/2inchStickout_F_08-Jun-2017_rpm425_doc0p005_window_0007_no_chatter.png,train
turning,turning,2inchStickout,2inchStickout/F_08-Jun-2017_rpm425_doc0p010,425.0,0p010,0,2inchStickout_F_08-Jun-2017_rpm425_doc0p010_window_0000,no_chatter,validation,"data/01_windowed_labeled_2,5s/2inchStickout/F_08-Jun-2017_rpm425_doc0p010/F_08-Jun-2017_rpm425_doc0p010_window_0000.npz",data/02_spectrograms_150x100px_dataset/validation/no_chatter/2inchStickout_F_08-Jun-2017_rpm425_doc0p010_window_0000_no_chatter.png,validation
turning,turning,2inchStickout,2inchStickout/F_08-Jun-2017_rpm425_doc0p010,425.0,0p010,1,2inchStickout_F_08-Jun-2017_rpm425_doc0p010_window_0001,no_chatter,train,"data/01_windowed_labeled_2,5s/2inchStickout/F_08-Jun-2017_rpm425_doc0p010/F_08-Jun-2017_rpm425_doc0p010_window_0001.npz",data/02_spectrograms_150x100px_dataset/train/no_chatter/2inchStickout_F_08-Jun-2017_rpm425_doc0p010_window_0001_no_chatter.png,train
turning,turning,2inchStickout,2inchStickout/F_08-Jun-2017_rpm425_doc0p010,425.0,0p010,2,2inchStickout_F_08-Jun-2017_rpm425_doc0p010_window_0002,no_chatter,train,"data/01_windowed_labeled_2,5s/2inchStickout/F_08-Jun-2017_rpm425_doc0p010/F_08-Jun-2017_rpm425_doc0p010_window_0002.npz",data/02_spectrograms_150x100px_dataset/train/no_chatter/2inchStickout_F_08-Jun-2017_rpm425_doc0p010_window_0002_no_chatter.png,train
turning,turning,2inchStickout,2inchStickout/F_08-Jun-2017_rpm425_doc0p010,425.0,0p010,3,2inchStickout_F_08-Jun-2017_rpm425_doc0p010_window_0003,no_chatter,train,"data/01_windowed_labeled_2,5s/2inchStickout/F_08-Jun-2017_rpm425_doc0p010/F_08-Jun-2017_rpm425_doc0p010_window_0003.npz",data/02_spectrograms_150x100px_dataset/train/no_chatter/2inchStickout_F_08-Jun-2017_rpm425_doc0p010_window_0003_no_chatter.png,train
turning,turning,2inchStickout,2inchStickout/F_08-Jun-2017_rpm425_doc0p010,425.0,0p010,4,2inchStickout_F_08-Jun-2017_rpm425_doc0p010_window_0004,no_chatter,train,"data/01_windowed_labeled_2,5s/2inchStickout/F_08-Jun-2017_rpm425_doc0p010/F_08-Jun-2017_rpm425_doc0p010_window_0004.npz",data/02_spectrograms_150x100px_dataset/train/no_chatter/2inchStickout_F_08-Jun-2017_rpm425_doc0p010_window_0004_no_chatter.png,train
turning,turning,2inchStickout,2inchStickout/F_08-Jun-2017_rpm425_doc0p010,425.0,0p010,5,2inchStickout_F_08-Jun-2017_rpm425_doc0p010_window_0005,no_chatter,validation,"data/01_windowed_labeled_2,5s/2inchStickout/F_08-Jun-2017_rpm425_doc0p010/F_08-Jun-2017_rpm425_doc0p010_window_0005.npz",data/02_spectrograms_150x100px_dataset/validation/no_chatter/2inchStickout_F_08-Jun-2017_rpm425_doc0p010_window_0005_no_chatter.png,validation
turning,turning,2inchStickout,2inchStickout/F_08-Jun-2017_rpm425_doc0p010,425.0,0p010,6,2inchStickout_F_08-Jun-2017_rpm425_doc0p010_window_0006,no_chatter,train,"data/01_windowed_labeled_2,5s/2inchStickout/F_08-Jun-2017_rpm425_doc0p010/F_08-Jun-2017_rpm425_doc0p010_window_0006.npz",data/02_spectrograms_150x100px_dataset/train/no_chatter/2inchStickout_F_08-Jun-2017_rpm425_doc0p010_window_0006_no_chatter.png,train
turning,turning,2inchStickout,2inchStickout/F_08-Jun-2017_rpm425_doc0p010,425.0,0p010,7,2inchStickout_F_08-Jun-2017_rpm425_doc0p010_window_0007,no_chatter,train,"data/01_windowed_labeled_2,5s/2inchStickout/F_08-Jun-2017_rpm425_doc0p010/F_08-Jun-2017_rpm425_doc0p010_window_0007.npz",data/02_spectrograms_150x100px_dataset/train/no_chatter/2inchStickout_F_08-Jun-2017_rpm425_doc0p010_window_0007_no_chatter.png,train
turning,turning,2inchStickout,2inchStickout/F_08-Jun-2017_rpm425_doc0p015,425.0,0p015,0,2inchStickout_F_08-Jun-2017_rpm425_doc0p015_window_0000,no_chatter,train,"data/01_windowed_labeled_2,5s/2inchStickout/F_08-Jun-2017_rpm425_doc0p015/F_08-Jun-2017_rpm425_doc0p015_window_0000.npz",data/02_spectrograms_150x100px_dataset/train/no_chatter/2inchStickout_F_08-Jun-2017_rpm425_doc0p015_window_0000_no_chatter.png,train
turning,turning,2inchStickout,2inchStickout/F_08-Jun-2017_rpm425_doc0p015,425.0,0p015,1,2inchStickout_F_08-Jun-2017_rpm425_doc0p015_window_0001,no_chatter,train,"data/01_windowed_labeled_2,5s/2inchStickout/F_08-Jun-2017_rpm425_doc0p015/F_08-Jun-2017_rpm425_doc0p015_window_0001.npz",data/02_spectrograms_150x100px_dataset/train/no_chatter/2inchStickout_F_08-Jun-2017_rpm425_doc0p015_window_0001_no_chatter.png,train
turning,turning,2inchStickout,2inchStickout/F_08-Jun-2017_rpm425_doc0p015,425.0,0p015,2,2inchStickout_F_08-Jun-2017_rpm425_doc0p015_window_0002,no_chatter,train,"data/01_windowed_labeled_2,5s/2inchStickout/F_08-Jun-2017_rpm425_doc0p015/F_08-Jun-2017_rpm425_doc0p015_window_0002.npz",data/02_spectrograms_150x100px_dataset/train/no_chatter/2inchStickout_F_08-Jun-2017_rpm425_doc0p015_window_0002_no_chatter.png,train
turning,turning,2inchStickout,2inchStickout/F_08-Jun-2017_rpm425_doc0p015,425.0,0p015,3,2inchStickout_F_08-Jun-2017_rpm425_doc0p015_window_0003,no_chatter,train,"data/01_windowed_labeled_2,5s/2inchStickout/F_08-Jun-2017_rpm425_doc0p015/F_08-Jun-2017_rpm425_doc0p015_window_0003.npz",data/02_spectrograms_150x100px_dataset/train/no_chatter/2inchStickout_F_08-Jun-2017_rpm425_doc0p015_window_0003_no_chatter.png,train
turning,turning,2inchStickout,2inchStickout/F_08-Jun-2017_rpm425_doc0p015,425.0,0p015,4,2inchStickout_F_08-Jun-2017_rpm425_doc0p015_window_0004,no_chatter,train,"data/01_windowed_labeled_2,5s/2inchStickout/F_08-Jun-2017_rpm425_doc0p015/F_08-Jun-2017_rpm425_doc0p015_window_0004.npz",data/02_spectrograms_150x100px_dataset/train/no_chatter/2inchStickout_F_08-Jun-2017_rpm425_doc0p015_window_0004_no_chatter.png,train
turning,turning,2inchStickout,2inchStickout/F_08-Jun-2017_rpm425_doc0p015,425.0,0p015,5,2inchStickout_F_08-Jun-2017_rpm425_doc0p015_window_0005,no_chatter,train,"data/01_windowed_labeled_2,5s/2inchStickout/F_08-Jun-2017_rpm425_doc0p015/F_08-Jun-2017_rpm425_doc0p015_window_0005.npz",data/02_spectrograms_150x100px_dataset/train/no_chatter/2inchStickout_F_08-Jun-2017_rpm425_doc0p015_window_0005_no_chatter.png,train
turning,turning,2inchStickout,2inchStickout/F_08-Jun-2017_rpm425_doc0p015,425.0,0p015,6,2inchStickout_F_08-Jun-2017_rpm425_doc0p015_window_0006,no_chatter,train,"data/01_windowed_labeled_2,5s/2inchStickout/F_08-Jun-2017_rpm425_doc0p015/F_08-Jun-2017_rpm425_doc0p015_window_0006.npz",data/02_spectrograms_150x100px_dataset/train/no_chatter/2inchStickout_F_08-Jun-2017_rpm425_doc0p015_window_0006_no_chatter.png,train
turning,turning,2inchStickout,2inchStickout/F_08-Jun-2017_rpm425_doc0p015,425.0,0p015,7,2inchStickout_F_08-Jun-2017_rpm425_doc0p015_window_0007,no_chatter,validation,"data/01_windowed_labeled_2,5s/2inchStickout/F_08-Jun-2017_rpm425_doc0p015/F_08-Jun-2017_rpm425_doc0p015_window_0007.npz",data/02_spectrograms_150x100px_dataset/validation/no_chatter/2inchStickout_F_08-Jun-2017_rpm425_doc0p015_window_0007_no_chatter.png,validation
turning,turning,2inchStickout,2inchStickout/F_08-Jun-2017_rpm425_doc0p017,425.0,0p017,0,2inchStickout_F_08-Jun-2017_rpm425_doc0p017_window_0000,no_chatter,train,"data/01_windowed_labeled_2,5s/2inchStickout/F_08-Jun-2017_rpm425_doc0p017/F_08-Jun-2017_rpm425_doc0p017_window_0000.npz",data/02_spectrograms_150x100px_dataset/train/no_chatter/2inchStickout_F_08-Jun-2017_rpm425_doc0p017_window_0000_no_chatter.png,train
turning,turning,2inchStickout,2inchStickout/F_08-Jun-2017_rpm425_doc0p017,425.0,0p017,1,2inchStickout_F_08-Jun-2017_rpm425_doc0p017_window_0001,no_chatter,train,"data/01_windowed_labeled_2,5s/2inchStickout/F_08-Jun-2017_rpm425_doc0p017/F_08-Jun-2017_rpm425_doc0p017_window_0001.npz",data/02_spectrograms_150x100px_dataset/train/no_chatter/2inchStickout_F_08-Jun-2017_rpm425_doc0p017_window_0001_no_chatter.png,train
turning,turning,2inchStickout,2inchStickout/F_08-Jun-2017_rpm425_doc0p017,425.0,0p017,2,2inchStickout_F_08-Jun-2017_rpm425_doc0p017_window_0002,no_chatter,validation,"data/01_windowed_labeled_2,5s/2inchStickout/F_08-Jun-2017_rpm425_doc0p017/F_08-Jun-2017_rpm425_doc0p017_window_0002.npz",data/02_spectrograms_150x100px_dataset/validation/no_chatter/2inchStickout_F_08-Jun-2017_rpm425_doc0p017_window_0002_no_chatter.png,validation
turning,turning,2inchStickout,2inchStickout/F_08-Jun-2017_rpm425_doc0p017,425.0,0p017,3,2inchStickout_F_08-Jun-2017_rpm425_doc0p017_window_0003,no_chatter,validation,"data/01_windowed_labeled_2,5s/2inchStickout/F_08-Jun-2017_rpm425_doc0p017/F_08-Jun-2017_rpm425_doc0p017_window_0003.npz",data/02_spectrograms_150x100px_dataset/validation/no_chatter/2inchStickout_F_08-Jun-2017_rpm425_doc0p017_window_0003_no_chatter.png,validation
turning,turning,2inchStickout,2inchStickout/F_08-Jun-2017_rpm425_doc0p017,425.0,0p017,4,2inchStickout_F_08-Jun-2017_rpm425_doc0p017_window_0004,no_chatter,validation,"data/01_windowed_labeled_2,5s/2inchStickout/F_08-Jun-2017_rpm425_doc0p017/F_08-Jun-2017_rpm425_doc0p017_window_0004.npz",data/02_spectrograms_150x100px_dataset/validation/no_chatter/2inchStickout_F_08-Jun-2017_rpm425_doc0p017_window_0004_no_chatter.png,validation
turning,turning,2inchStickout,2inchStickout/F_08-Jun-2017_rpm425_doc0p017,425.0,0p017,5,2inchStickout_F_08-Jun-2017_rpm425_doc0p017_window_0005,no_chatter,validation,"data/01_windowed_labeled_2,5s/2inchStickout/F_08-Jun-2017_rpm425_doc0p017/F_08-Jun-2017_rpm425_doc0p017_window_0005.npz",data/02_spectrograms_150x100px_dataset/validation/no_chatter/2inchStickout_F_08-Jun-2017_rpm425_doc0p017_window_0005_no_chatter.png,validation
turning,turning,2inchStickout,2inchStickout/F_08-Jun-2017_rpm425_doc0p017,425.0,0p017,6,2inchStickout_F_08-Jun-2017_rpm425_doc0p017_window_0006,no_chatter,train,"data/01_windowed_labeled_2,5s/2inchStickout/F_08-Jun-2017_rpm425_doc0p017/F_08-Jun-2017_rpm425_doc0p017_window_0006.npz",data/02_spectrograms_150x100px_dataset/train/no_chatter/2inchStickout_F_08-Jun-2017_rpm425_doc0p017_window_0006_no_chatter.png,train
turning,turning,2inchStickout,2inchStickout/F_08-Jun-2017_rpm425_doc0p017,425.0,0p017,7,2inchStickout_F_08-Jun-2017_rpm425_doc0p017_window_0007,no_chatter,train,"data/01_windowed_labeled_2,5s/2inchStickout/F_08-Jun-2017_rpm425_doc0p017/F_08-Jun-2017_rpm425_doc0p017_window_0007.npz",data/02_spectrograms_150x100px_dataset/train/no_chatter/2inchStickout_F_08-Jun-2017_rpm425_doc0p017_window_0007_no_chatter.png,train
turning,turning,2inchStickout,2inchStickout/F_08-Jun-2017_rpm425_doc0p020,425.0,0p020,0,2inchStickout_F_08-Jun-2017_rpm425_doc0p020_window_0000,no_chatter,train,"data/01_windowed_labeled_2,5s/2inchStickout/F_08-Jun-2017_rpm425_doc0p020/F_08-Jun-2017_rpm425_doc0p020_window_0000.npz",data/02_spectrograms_150x100px_dataset/train/no_chatter/2inchStickout_F_08-Jun-2017_rpm425_doc0p020_window_0000_no_chatter.png,train
turning,turning,2inchStickout,2inchStickout/F_08-Jun-2017_rpm425_doc0p020,425.0,0p020,1,2inchStickout_F_08-Jun-2017_rpm425_doc0p020_window_0001,no_chatter,train,"data/01_windowed_labeled_2,5s/2inchStickout/F_08-Jun-2017_rpm425_doc0p020/F_08-Jun-2017_rpm425_doc0p020_window_0001.npz",data/02_spectrograms_150x100px_dataset/train/no_chatter/2inchStickout_F_08-Jun-2017_rpm425_doc0p020_window_0001_no_chatter.png,train
turning,turning,2inchStickout,2inchStickout/F_08-Jun-2017_rpm425_doc0p020,425.0,0p020,2,2inchStickout_F_08-Jun-2017_rpm425_doc0p020_window_0002,no_chatter,validation,"data/01_windowed_labeled_2,5s/2inchStickout/F_08-Jun-2017_rpm425_doc0p020/F_08-Jun-2017_rpm425_doc0p020_window_0002.npz",data/02_spectrograms_150x100px_dataset/test/no_chatter/2inchStickout_F_08-Jun-2017_rpm425_doc0p020_window_0002_no_chatter.png,test
turning,turning,2inchStickout,2inchStickout/F_08-Jun-2017_rpm425_doc0p020,425.0,0p020,3,2inchStickout_F_08-Jun-2017_rpm425_doc0p020_window_0003,no_chatter,train,"data/01_windowed_labeled_2,5s/2inchStickout/F_08-Jun-2017_rpm425_doc0p020/F_08-Jun-2017_rpm425_doc0p020_window_0003.npz",data/02_spectrograms_150x100px_dataset/train/no_chatter/2inchStickout_F_08-Jun-2017_rpm425_doc0p020_window_0003_no_chatter.png,train
turning,turning,2inchStickout,2inchStickout/F_08-Jun-2017_rpm425_doc0p020,425.0,0p020,4,2inchStickout_F_08-Jun-2017_rpm425_doc0p020_window_0004,no_chatter,train,"data/01_windowed_labeled_2,5s/2inchStickout/F_08-Jun-2017_rpm425_doc0p020/F_08-Jun-2017_rpm425_doc0p020_window_0004.npz",data/02_spectrograms_150x100px_dataset/train/no_chatter/2inchStickout_F_08-Jun-2017_rpm425_doc0p020_window_0004_no_chatter.png,train
turning,turning,2inchStickout,2inchStickout/F_08-Jun-2017_rpm425_doc0p020,425.0,0p020,5,2inchStickout_F_08-Jun-2017_rpm425_doc0p020_window_0005,no_chatter,validation,"data/01_windowed_labeled_2,5s/2inchStickout/F_08-Jun-2017_rpm425_doc0p020/F_08-Jun-2017_rpm425_doc0p020_window_0005.npz",data/02_spectrograms_150x100px_dataset/test/no_chatter/2inchStickout_F_08-Jun-2017_rpm425_doc0p020_window_0005_no_chatter.png,test
turning,turning,2inchStickout,2inchStickout/F_08-Jun-2017_rpm425_doc0p020,425.0,0p020,6,2inchStickout_F_08-Jun-2017_rpm425_doc0p020_window_0006,chatter,validation,"data/01_windowed_labeled_2,5s/2inchStickout/F_08-Jun-2017_rpm425_doc0p020/F_08-Jun-2017_rpm425_doc0p020_window_0006.npz",data/02_spectrograms_150x100px_dataset/validation/chatter/2inchStickout_F_08-Jun-2017_rpm425_doc0p020_window_0006_chatter.png,validation
turning,turning,2inchStickout,2inchStickout/F_08-Jun-2017_rpm425_doc0p020,425.0,0p020,7,2inchStickout_F_08-Jun-2017_rpm425_doc0p020_window_0007,chatter,validation,"data/01_windowed_labeled_2,5s/2inchStickout/F_08-Jun-2017_rpm425_doc0p020/F_08-Jun-2017_rpm425_doc0p020_window_0007.npz",data/02_spectrograms_150x100px_dataset/validation/chatter/2inchStickout_F_08-Jun-2017_rpm425_doc0p020_window_0007_chatter.png,validation
turning,turning,2inchStickout,2inchStickout/F_08-Jun-2017_rpm425_doc0p025,425.0,0p025,0,2inchStickout_F_08-Jun-2017_rpm425_doc0p025_window_0000,no_chatter,train,"data/01_windowed_labeled_2,5s/2inchStickout/F_08-Jun-2017_rpm425_doc0p025/F_08-Jun-2017_rpm425_doc0p025_window_0000.npz",data/02_spectrograms_150x100px_dataset/train/no_chatter/2inchStickout_F_08-Jun-2017_rpm425_doc0p025_window_0000_no_chatter.png,train
turning,turning,2inchStickout,2inchStickout/F_08-Jun-2017_rpm425_doc0p025,425.0,0p025,1,2inchStickout_F_08-Jun-2017_rpm425_doc0p025_window_0001,no_chatter,train,"data/01_windowed_labeled_2,5s/2inchStickout/F_08-Jun-2017_rpm425_doc0p025/F_08-Jun-2017_rpm425_doc0p025_window_0001.npz",data/02_spectrograms_150x100px_dataset/train/no_chatter/2inchStickout_F_08-Jun-2017_rpm425_doc0p025_window_0001_no_chatter.png,train
turning,turning,2inchStickout,2inchStickout/F_08-Jun-2017_rpm425_doc0p025,425.0,0p025,2,2inchStickout_F_08-Jun-2017_rpm425_doc0p025_window_0002,no_chatter,validation,"data/01_windowed_labeled_2,5s/2inchStickout/F_08-Jun-2017_rpm425_doc0p025/F_08-Jun-2017_rpm425_doc0p025_window_0002.npz",data/02_spectrograms_150x100px_dataset/test/no_chatter/2inchStickout_F_08-Jun-2017_rpm425_doc0p025_window_0002_no_chatter.png,test
turning,turning,2inchStickout,2inchStickout/F_08-Jun-2017_rpm425_doc0p025,425.0,0p025,3,2inchStickout_F_08-Jun-2017_rpm425_doc0p025_window_0003,no_chatter,train,"data/01_windowed_labeled_2,5s/2inchStickout/F_08-Jun-2017_rpm425_doc0p025/F_08-Jun-2017_rpm425_doc0p025_window_0003.npz",data/02_spectrograms_150x100px_dataset/train/no_chatter/2inchStickout_F_08-Jun-2017_rpm425_doc0p025_window_0003_no_chatter.png,train
turning,turning,2inchStickout,2inchStickout/F_08-Jun-2017_rpm425_doc0p025,425.0,0p025,4,2inchStickout_F_08-Jun-2017_rpm425_doc0p025_window_0004,chatter,validation,"data/01_windowed_labeled_2,5s/2inchStickout/F_08-Jun-2017_rpm425_doc0p025/F_08-Jun-2017_rpm425_doc0p025_window_0004.npz",data/02_spectrograms_150x100px_dataset/validation/chatter/2inchStickout_F_08-Jun-2017_rpm425_doc0p025_window_0004_chatter.png,validation
turning,turning,2inchStickout,2inchStickout/F_08-Jun-2017_rpm425_doc0p025,425.0,0p025,5,2inchStickout_F_08-Jun-2017_rpm425_doc0p025_window_0005,chatter,validation,"data/01_windowed_labeled_2,5s/2inchStickout/F_08-Jun-2017_rpm425_doc0p025/F_08-Jun-2017_rpm425_doc0p025_window_0005.npz",data/02_spectrograms_150x100px_dataset/validation/chatter/2inchStickout_F_08-Jun-2017_rpm425_doc0p025_window_0005_chatter.png,validation
turning,turning,2inchStickout,2inchStickout/F_08-Jun-2017_rpm425_doc0p025,425.0,0p025,6,2inchStickout_F_08-Jun-2017_rpm425_doc0p025_window_0006,chatter,validation,"data/01_windowed_labeled_2,5s/2inchStickout/F_08-Jun-2017_rpm425_doc0p025/F_08-Jun-2017_rpm425_doc0p025_window_0006.npz",data/02_spectrograms_150x100px_dataset/validation/chatter/2inchStickout_F_08-Jun-2017_rpm425_doc0p025_window_0006_chatter.png,validation
turning,turning,2inchStickout,2inchStickout/F_08-Jun-2017_rpm425_doc0p025,425.0,0p025,7,2inchStickout_F_08-Jun-2017_rpm425_doc0p025_window_0007,chatter,validation,"data/01_windowed_labeled_2,5s/2inchStickout/F_08-Jun-2017_rpm425_doc0p025/F_08-Jun-2017_rpm425_doc0p025_window_0007.npz",data/02_spectrograms_150x100px_dataset/validation/chatter/2inchStickout_F_08-Jun-2017_rpm425_doc0p025_window_0007_chatter.png,validation
turning,turning,2inchStickout,2inchStickout/F_08-Jun-2017_rpm570_doc0p001,570.0,0p001,0,2inchStickout_F_08-Jun-2017_rpm570_doc0p001_window_0000,no_chatter,train,"data/01_windowed_labeled_2,5s/2inchStickout/F_08-Jun-2017_rpm570_doc0p001/F_08-Jun-2017_rpm570_doc0p001_window_0000.npz",data/02_spectrograms_150x100px_dataset/train/no_chatter/2inchStickout_F_08-Jun-2017_rpm570_doc0p001_window_0000_no_chatter.png,train
turning,turning,2inchStickout,2inchStickout/F_08-Jun-2017_rpm570_doc0p001,570.0,0p001,1,2inchStickout_F_08-Jun-2017_rpm570_doc0p001_window_0001,no_chatter,validation,"data/01_windowed_labeled_2,5s/2inchStickout/F_08-Jun-2017_rpm570_doc0p001/F_08-Jun-2017_rpm570_doc0p001_window_0001.npz",data/02_spectrograms_150x100px_dataset/validation/no_chatter/2inchStickout_F_08-Jun-2017_rpm570_doc0p001_window_0001_no_chatter.png,validation
turning,turning,2inchStickout,2inchStickout/F_08-Jun-2017_rpm570_doc0p001,570.0,0p001,2,2inchStickout_F_08-Jun-2017_rpm570_doc0p001_window_0002,chatter,validation,"data/01_windowed_labeled_2,5s/2inchStickout/F_08-Jun-2017_rpm570_doc0p001/F_08-Jun-2017_rpm570_doc0p001_window_0002.npz",data/02_spectrograms_150x100px_dataset/validation/chatter/2inchStickout_F_08-Jun-2017_rpm570_doc0p001_window_0002_chatter.png,validation
turning,turning,2inchStickout,2inchStickout/F_08-Jun-2017_rpm570_doc0p001,570.0,0p001,3,2inchStickout_F_08-Jun-2017_rpm570_doc0p001_window_0003,chatter,validation,"data/01_windowed_labeled_2,5s/2inchStickout/F_08-Jun-2017_rpm570_doc0p001/F_08-Jun-2017_rpm570_doc0p001_window_0003.npz",data/02_spectrograms_150x100px_dataset/validation/chatter/2inchStickout_F_08-Jun-2017_rpm570_doc0p001_window_0003_chatter.png,validation
turning,turning,2inchStickout,2inchStickout/F_08-Jun-2017_rpm570_doc0p001,570.0,0p001,4,2inchStickout_F_08-Jun-2017_rpm570_doc0p001_window_0004,chatter,validation,"data/01_windowed_labeled_2,5s/2inchStickout/F_08-Jun-2017_rpm570_doc0p001/F_08-Jun-2017_rpm570_doc0p001_window_0004.npz",data/02_spectrograms_150x100px_dataset/validation/chatter/2inchStickout_F_08-Jun-2017_rpm570_doc0p001_window_0004_chatter.png,validation
turning,turning,2inchStickout,2inchStickout/F_08-Jun-2017_rpm570_doc0p001,570.0,0p001,5,2inchStickout_F_08-Jun-2017_rpm570_doc0p001_window_0005,chatter,validation,"data/01_windowed_labeled_2,5s/2inchStickout/F_08-Jun-2017_rpm570_doc0p001/F_08-Jun-2017_rpm570_doc0p001_window_0005.npz",data/02_spectrograms_150x100px_dataset/validation/chatter/2inchStickout_F_08-Jun-2017_rpm570_doc0p001_window_0005_chatter.png,validation
turning,turning,2inchStickout,2inchStickout/F_08-Jun-2017_rpm570_doc0p002,570.0,0p002,0,2inchStickout_F_08-Jun-2017_rpm570_doc0p002_window_0000,no_chatter,train,"data/01_windowed_labeled_2,5s/2inchStickout/F_08-Jun-2017_rpm570_doc0p002/F_08-Jun-2017_rpm570_doc0p002_window_0000.npz",data/02_spectrograms_150x100px_dataset/train/no_chatter/2inchStickout_F_08-Jun-2017_rpm570_doc0p002_window_0000_no_chatter.png,train
turning,turning,2inchStickout,2inchStickout/F_08-Jun-2017_rpm570_doc0p002,570.0,0p002,1,2inchStickout_F_08-Jun-2017_rpm570_doc0p002_window_0001,no_chatter,train,"data/01_windowed_labeled_2,5s/2inchStickout/F_08-Jun-2017_rpm570_doc0p002/F_08-Jun-2017_rpm570_doc0p002_window_0001.npz",data/02_spectrograms_150x100px_dataset/train/no_chatter/2inchStickout_F_08-Jun-2017_rpm570_doc0p002_window_0001_no_chatter.png,train
turning,turning,2inchStickout,2inchStickout/F_08-Jun-2017_rpm570_doc0p002,570.0,0p002,2,2inchStickout_F_08-Jun-2017_rpm570_doc0p002_window_0002,chatter,validation,"data/01_windowed_labeled_2,5s/2inchStickout/F_08-Jun-2017_rpm570_doc0p002/F_08-Jun-2017_rpm570_doc0p002_window_0002.npz",data/02_spectrograms_150x100px_dataset/test/chatter/2inchStickout_F_08-Jun-2017_rpm570_doc0p002_window_0002_chatter.png,test
turning,turning,2inchStickout,2inchStickout/F_08-Jun-2017_rpm570_doc0p002,570.0,0p002,3,2inchStickout_F_08-Jun-2017_rpm570_doc0p002_window_0003,chatter,validation,"data/01_windowed_labeled_2,5s/2inchStickout/F_08-Jun-2017_rpm570_doc0p002/F_08-Jun-2017_rpm570_doc0p002_window_0003.npz",data/02_spectrograms_150x100px_dataset/test/chatter/2inchStickout_F_08-Jun-2017_rpm570_doc0p002_window_0003_chatter.png,test
turning,turning,2inchStickout,2inchStickout/F_08-Jun-2017_rpm570_doc0p002,570.0,0p002,4,2inchStickout_F_08-Jun-2017_rpm570_doc0p002_window_0004,no_chatter,train,"data/01_windowed_labeled_2,5s/2inchStickout/F_08-Jun-2017_rpm570_doc0p002/F_08-Jun-2017_rpm570_doc0p002_window_0004.npz",data/02_spectrograms_150x100px_dataset/train/no_chatter/2inchStickout_F_08-Jun-2017_rpm570_doc0p002_window_0004_no_chatter.png,train
turning,turning,2inchStickout,2inchStickout/F_08-Jun-2017_rpm570_doc0p002,570.0,0p002,5,2inchStickout_F_08-Jun-2017_rpm570_doc0p002_window_0005,no_chatter,train,"data/01_windowed_labeled_2,5s/2inchStickout/F_08-Jun-2017_rpm570_doc0p002/F_08-Jun-2017_rpm570_doc0p002_window_0005.npz",data/02_spectrograms_150x100px_dataset/train/no_chatter/2inchStickout_F_08-Jun-2017_rpm570_doc0p002_window_0005_no_chatter.png,train
turning,turning,2inchStickout,2inchStickout/F_08-Jun-2017_rpm570_doc0p005,570.0,0p005,0,2inchStickout_F_08-Jun-2017_rpm570_doc0p005_window_0000,no_chatter,train,"data/01_windowed_labeled_2,5s/2inchStickout/F_08-Jun-2017_rpm570_doc0p005/F_08-Jun-2017_rpm570_doc0p005_window_0000.npz",data/02_spectrograms_150x100px_dataset/train/no_chatter/2inchStickout_F_08-Jun-2017_rpm570_doc0p005_window_0000_no_chatter.png,train
turning,turning,2inchStickout,2inchStickout/F_08-Jun-2017_rpm570_doc0p005,570.0,0p005,1,2inchStickout_F_08-Jun-2017_rpm570_doc0p005_window_0001,no_chatter,validation,"data/01_windowed_labeled_2,5s/2inchStickout/F_08-Jun-2017_rpm570_doc0p005/F_08-Jun-2017_rpm570_doc0p005_window_0001.npz",data/02_spectrograms_150x100px_dataset/test/no_chatter/2inchStickout_F_08-Jun-2017_rpm570_doc0p005_window_0001_no_chatter.png,test
turning,turning,2inchStickout,2inchStickout/F_08-Jun-2017_rpm570_doc0p005,570.0,0p005,2,2inchStickout_F_08-Jun-2017_rpm570_doc0p005_window_0002,chatter,validation,"data/01_windowed_labeled_2,5s/2inchStickout/F_08-Jun-2017_rpm570_doc0p005/F_08-Jun-2017_rpm570_doc0p005_window_0002.npz",data/02_spectrograms_150x100px_dataset/test/chatter/2inchStickout_F_08-Jun-2017_rpm570_doc0p005_window_0002_chatter.png,test
turning,turning,2inchStickout,2inchStickout/F_08-Jun-2017_rpm570_doc0p005,570.0,0p005,3,2inchStickout_F_08-Jun-2017_rpm570_doc0p005_window_0003,no_chatter,train,"data/01_windowed_labeled_2,5s/2inchStickout/F_08-Jun-2017_rpm570_doc0p005/F_08-Jun-2017_rpm570_doc0p005_window_0003.npz",data/02_spectrograms_150x100px_dataset/train/no_chatter/2inchStickout_F_08-Jun-2017_rpm570_doc0p005_window_0003_no_chatter.png,train
turning,turning,2inchStickout,2inchStickout/F_08-Jun-2017_rpm570_doc0p010,570.0,0p010,0,2inchStickout_F_08-Jun-2017_rpm570_doc0p010_window_0000,no_chatter,validation,"data/01_windowed_labeled_2,5s/2inchStickout/F_08-Jun-2017_rpm570_doc0p010/F_08-Jun-2017_rpm570_doc0p010_window_0000.npz",data/02_spectrograms_150x100px_dataset/test/no_chatter/2inchStickout_F_08-Jun-2017_rpm570_doc0p010_window_0000_no_chatter.png,test
turning,turning,2inchStickout,2inchStickout/F_08-Jun-2017_rpm570_doc0p010,570.0,0p010,1,2inchStickout_F_08-Jun-2017_rpm570_doc0p010_window_0001,no_chatter,validation,"data/01_windowed_labeled_2,5s/2inchStickout/F_08-Jun-2017_rpm570_doc0p010/F_08-Jun-2017_rpm570_doc0p010_window_0001.npz",data/02_spectrograms_150x100px_dataset/test/no_chatter/2inchStickout_F_08-Jun-2017_rpm570_doc0p010_window_0001_no_chatter.png,test
turning,turning,2inchStickout,2inchStickout/F_08-Jun-2017_rpm570_doc0p010,570.0,0p010,2,2inchStickout_F_08-Jun-2017_rpm570_doc0p010_window_0002,chatter,validation,"data/01_windowed_labeled_2,5s/2inchStickout/F_08-Jun-2017_rpm570_doc0p010/F_08-Jun-2017_rpm570_doc0p010_window_0002.npz",data/02_spectrograms_150x100px_dataset/test/chatter/2inchStickout_F_08-Jun-2017_rpm570_doc0p010_window_0002_chatter.png,test
turning,turning,2inchStickout,2inchStickout/F_08-Jun-2017_rpm570_doc0p010,570.0,0p010,3,2inchStickout_F_08-Jun-2017_rpm570_doc0p010_window_0003,chatter,validation,"data/01_windowed_labeled_2,5s/2inchStickout/F_08-Jun-2017_rpm570_doc0p010/F_08-Jun-2017_rpm570_doc0p010_window_0003.npz",data/02_spectrograms_150x100px_dataset/test/chatter/2inchStickout_F_08-Jun-2017_rpm570_doc0p010_window_0003_chatter.png,test
turning,turning,2inchStickout,2inchStickout/F_08-Jun-2017_rpm570_doc0p010,570.0,0p010,4,2inchStickout_F_08-Jun-2017_rpm570_doc0p010_window_0004,chatter,validation,"data/01_windowed_labeled_2,5s/2inchStickout/F_08-Jun-2017_rpm570_doc0p010/F_08-Jun-2017_rpm570_doc0p010_window_0004.npz",data/02_spectrograms_150x100px_dataset/test/chatter/2inchStickout_F_08-Jun-2017_rpm570_doc0p010_window_0004_chatter.png,test
turning,turning,2inchStickout,2inchStickout/F_08-Jun-2017_rpm570_doc0p010,570.0,0p010,5,2inchStickout_F_08-Jun-2017_rpm570_doc0p010_window_0005,chatter,validation,"data/01_windowed_labeled_2,5s/2inchStickout/F_08-Jun-2017_rpm570_doc0p010/F_08-Jun-2017_rpm570_doc0p010_window_0005.npz",data/02_spectrograms_150x100px_dataset/test/chatter/2inchStickout_F_08-Jun-2017_rpm570_doc0p010_window_0005_chatter.png,test
turning,turning,2inchStickout,2inchStickout/F_08-Jun-2017_rpm770_doc0p001,770.0,0p001,0,2inchStickout_F_08-Jun-2017_rpm770_doc0p001_window_0000,no_chatter,validation,"data/01_windowed_labeled_2,5s/2inchStickout/F_08-Jun-2017_rpm770_doc0p001/F_08-Jun-2017_rpm770_doc0p001_window_0000.npz",data/02_spectrograms_150x100px_dataset/test/no_chatter/2inchStickout_F_08-Jun-2017_rpm770_doc0p001_window_0000_no_chatter.png,test
turning,turning,2inchStickout,2inchStickout/F_08-Jun-2017_rpm770_doc0p001,770.0,0p001,1,2inchStickout_F_08-Jun-2017_rpm770_doc0p001_window_0001,no_chatter,train,"data/01_windowed_labeled_2,5s/2inchStickout/F_08-Jun-2017_rpm770_doc0p001/F_08-Jun-2017_rpm770_doc0p001_window_0001.npz",data/02_spectrograms_150x100px_dataset/train/no_chatter/2inchStickout_F_08-Jun-2017_rpm770_doc0p001_window_0001_no_chatter.png,train
turning,turning,2inchStickout,2inchStickout/F_08-Jun-2017_rpm770_doc0p001,770.0,0p001,2,2inchStickout_F_08-Jun-2017_rpm770_doc0p001_window_0002,no_chatter,train,"data/01_windowed_labeled_2,5s/2inchStickout/F_08-Jun-2017_rpm770_doc0p001/F_08-Jun-2017_rpm770_doc0p001_window_0002.npz",data/02_spectrograms_150x100px_dataset/train/no_chatter/2inchStickout_F_08-Jun-2017_rpm770_doc0p001_window_0002_no_chatter.png,train
turning,turning,2inchStickout,2inchStickout/F_08-Jun-2017_rpm770_doc0p001,770.0,0p001,3,2inchStickout_F_08-Jun-2017_rpm770_doc0p001_window_0003,no_chatter,train,"data/01_windowed_labeled_2,5s/2inchStickout/F_08-Jun-2017_rpm770_doc0p001/F_08-Jun-2017_rpm770_doc0p001_window_0003.npz",data/02_spectrograms_150x100px_dataset/train/no_chatter/2inchStickout_F_08-Jun-2017_rpm770_doc0p001_window_0003_no_chatter.png,train
turning,turning,2inchStickout,2inchStickout/F_08-Jun-2017_rpm770_doc0p001,770.0,0p001,4,2inchStickout_F_08-Jun-2017_rpm770_doc0p001_window_0004,no_chatter,train,"data/01_windowed_labeled_2,5s/2inchStickout/F_08-Jun-2017_rpm770_doc0p001/F_08-Jun-2017_rpm770_doc0p001_window_0004.npz",data/02_spectrograms_150x100px_dataset/train/no_chatter/2inchStickout_F_08-Jun-2017_rpm770_doc0p001_window_0004_no_chatter.png,train
turning,turning,2inchStickout,2inchStickout/F_08-Jun-2017_rpm770_doc0p001,770.0,0p001,5,2inchStickout_F_08-Jun-2017_rpm770_doc0p001_window_0005,no_chatter,train,"data/01_windowed_labeled_2,5s/2inchStickout/F_08-Jun-2017_rpm770_doc0p001/F_08-Jun-2017_rpm770_doc0p001_window_0005.npz",data/02_spectrograms_150x100px_dataset/train/no_chatter/2inchStickout_F_08-Jun-2017_rpm770_doc0p001_window_0005_no_chatter.png,train
turning,turning,2inchStickout,2inchStickout/F_08-Jun-2017_rpm770_doc0p001,770.0,0p001,6,2inchStickout_F_08-Jun-2017_rpm770_doc0p001_window_0006,chatter,validation,"data/01_windowed_labeled_2,5s/2inchStickout/F_08-Jun-2017_rpm770_doc0p001/F_08-Jun-2017_rpm770_doc0p001_window_0006.npz",data/02_spectrograms_150x100px_dataset/test/chatter/2inchStickout_F_08-Jun-2017_rpm770_doc0p001_window_0006_chatter.png,test
turning,turning,2inchStickout,2inchStickout/F_08-Jun-2017_rpm770_doc0p001,770.0,0p001,7,2inchStickout_F_08-Jun-2017_rpm770_doc0p001_window_0007,chatter,validation,"data/01_windowed_labeled_2,5s/2inchStickout/F_08-Jun-2017_rpm770_doc0p001/F_08-Jun-2017_rpm770_doc0p001_window_0007.npz",data/02_spectrograms_150x100px_dataset/test/chatter/2inchStickout_F_08-Jun-2017_rpm770_doc0p001_window_0007_chatter.png,test
turning,turning,2inchStickout,2inchStickout/F_08-Jun-2017_rpm770_doc0p002,770.0,0p002,0,2inchStickout_F_08-Jun-2017_rpm770_doc0p002_window_0000,no_chatter,train,"data/01_windowed_labeled_2,5s/2inchStickout/F_08-Jun-2017_rpm770_doc0p002/F_08-Jun-2017_rpm770_doc0p002_window_0000.npz",data/02_spectrograms_150x100px_dataset/train/no_chatter/2inchStickout_F_08-Jun-2017_rpm770_doc0p002_window_0000_no_chatter.png,train
turning,turning,2inchStickout,2inchStickout/F_08-Jun-2017_rpm770_doc0p002,770.0,0p002,1,2inchStickout_F_08-Jun-2017_rpm770_doc0p002_window_0001,chatter,validation,"data/01_windowed_labeled_2,5s/2inchStickout/F_08-Jun-2017_rpm770_doc0p002/F_08-Jun-2017_rpm770_doc0p002_window_0001.npz",data/02_spectrograms_150x100px_dataset/validation/chatter/2inchStickout_F_08-Jun-2017_rpm770_doc0p002_window_0001_chatter.png,validation
turning,turning,2inchStickout,2inchStickout/F_08-Jun-2017_rpm770_doc0p002,770.0,0p002,2,2inchStickout_F_08-Jun-2017_rpm770_doc0p002_window_0002,chatter,validation,"data/01_windowed_labeled_2,5s/2inchStickout/F_08-Jun-2017_rpm770_doc0p002/F_08-Jun-2017_rpm770_doc0p002_window_0002.npz",data/02_spectrograms_150x100px_dataset/validation/chatter/2inchStickout_F_08-Jun-2017_rpm770_doc0p002_window_0002_chatter.png,validation
turning,turning,2inchStickout,2inchStickout/F_08-Jun-2017_rpm770_doc0p002,770.0,0p002,3,2inchStickout_F_08-Jun-2017_rpm770_doc0p002_window_0003,no_chatter,train,"data/01_windowed_labeled_2,5s/2inchStickout/F_08-Jun-2017_rpm770_doc0p002/F_08-Jun-2017_rpm770_doc0p002_window_0003.npz",data/02_spectrograms_150x100px_dataset/train/no_chatter/2inchStickout_F_08-Jun-2017_rpm770_doc0p002_window_0003_no_chatter.png,train
turning,turning,2inchStickout,2inchStickout/F_08-Jun-2017_rpm770_doc0p002,770.0,0p002,4,2inchStickout_F_08-Jun-2017_rpm770_doc0p002_window_0004,chatter,validation,"data/01_windowed_labeled_2,5s/2inchStickout/F_08-Jun-2017_rpm770_doc0p002/F_08-Jun-2017_rpm770_doc0p002_window_0004.npz",data/02_spectrograms_150x100px_dataset/validation/chatter/2inchStickout_F_08-Jun-2017_rpm770_doc0p002_window_0004_chatter.png,validation
turning,turning,2inchStickout,2inchStickout/F_08-Jun-2017_rpm770_doc0p002,770.0,0p002,5,2inchStickout_F_08-Jun-2017_rpm770_doc0p002_window_0005,no_chatter,train,"data/01_windowed_labeled_2,5s/2inchStickout/F_08-Jun-2017_rpm770_doc0p002/F_08-Jun-2017_rpm770_doc0p002_window_0005.npz",data/02_spectrograms_150x100px_dataset/train/no_chatter/2inchStickout_F_08-Jun-2017_rpm770_doc0p002_window_0005_no_chatter.png,train
turning,turning,2inchStickout,2inchStickout/F_08-Jun-2017_rpm770_doc0p002,770.0,0p002,6,2inchStickout_F_08-Jun-2017_rpm770_doc0p002_window_0006,no_chatter,train,"data/01_windowed_labeled_2,5s/2inchStickout/F_08-Jun-2017_rpm770_doc0p002/F_08-Jun-2017_rpm770_doc0p002_window_0006.npz",data/02_spectrograms_150x100px_dataset/train/no_chatter/2inchStickout_F_08-Jun-2017_rpm770_doc0p002_window_0006_no_chatter.png,train
turning,turning,2inchStickout,2inchStickout/F_08-Jun-2017_rpm770_doc0p002,770.0,0p002,7,2inchStickout_F_08-Jun-2017_rpm770_doc0p002_window_0007,chatter,validation,"data/01_windowed_labeled_2,5s/2inchStickout/F_08-Jun-2017_rpm770_doc0p002/F_08-Jun-2017_rpm770_doc0p002_window_0007.npz",data/02_spectrograms_150x100px_dataset/validation/chatter/2inchStickout_F_08-Jun-2017_rpm770_doc0p002_window_0007_chatter.png,validation
turning,turning,2inchStickout,2inchStickout/F_08-Jun-2017_rpm770_doc0p005,770.0,0p005,0,2inchStickout_F_08-Jun-2017_rpm770_doc0p005_window_0000,chatter,validation,"data/01_windowed_labeled_2,5s/2inchStickout/F_08-Jun-2017_rpm770_doc0p005/F_08-Jun-2017_rpm770_doc0p005_window_0000.npz",data/02_spectrograms_150x100px_dataset/validation/chatter/2inchStickout_F_08-Jun-2017_rpm770_doc0p005_window_0000_chatter.png,validation
turning,turning,2inchStickout,2inchStickout/F_08-Jun-2017_rpm770_doc0p005,770.0,0p005,1,2inchStickout_F_08-Jun-2017_rpm770_doc0p005_window_0001,chatter,validation,"data/01_windowed_labeled_2,5s/2inchStickout/F_08-Jun-2017_rpm770_doc0p005/F_08-Jun-2017_rpm770_doc0p005_window_0001.npz",data/02_spectrograms_150x100px_dataset/validation/chatter/2inchStickout_F_08-Jun-2017_rpm770_doc0p005_window_0001_chatter.png,validation
turning,turning,2inchStickout,2inchStickout/F_08-Jun-2017_rpm770_doc0p005,770.0,0p005,2,2inchStickout_F_08-Jun-2017_rpm770_doc0p005_window_0002,chatter,validation,"data/01_windowed_labeled_2,5s/2inchStickout/F_08-Jun-2017_rpm770_doc0p005/F_08-Jun-2017_rpm770_doc0p005_window_0002.npz",data/02_spectrograms_150x100px_dataset/validation/chatter/2inchStickout_F_08-Jun-2017_rpm770_doc0p005_window_0002_chatter.png,validation
turning,turning,2inchStickout,2inchStickout/F_08-Jun-2017_rpm770_doc0p005,770.0,0p005,3,2inchStickout_F_08-Jun-2017_rpm770_doc0p005_window_0003,chatter,validation,"data/01_windowed_labeled_2,5s/2inchStickout/F_08-Jun-2017_rpm770_doc0p005/F_08-Jun-2017_rpm770_doc0p005_window_0003.npz",data/02_spectrograms_150x100px_dataset/validation/chatter/2inchStickout_F_08-Jun-2017_rpm770_doc0p005_window_0003_chatter.png,validation
turning,turning,2inchStickout,2inchStickout/F_08-Jun-2017_rpm770_doc0p005,770.0,0p005,4,2inchStickout_F_08-Jun-2017_rpm770_doc0p005_window_0004,chatter,validation,"data/01_windowed_labeled_2,5s/2inchStickout/F_08-Jun-2017_rpm770_doc0p005/F_08-Jun-2017_rpm770_doc0p005_window_0004.npz",data/02_spectrograms_150x100px_dataset/validation/chatter/2inchStickout_F_08-Jun-2017_rpm770_doc0p005_window_0004_chatter.png,validation
turning,turning,2inchStickout,2inchStickout/F_08-Jun-2017_rpm770_doc0p005,770.0,0p005,5,2inchStickout_F_08-Jun-2017_rpm770_doc0p005_window_0005,chatter,validation,"data/01_windowed_labeled_2,5s/2inchStickout/F_08-Jun-2017_rpm770_doc0p005/F_08-Jun-2017_rpm770_doc0p005_window_0005.npz",data/02_spectrograms_150x100px_dataset/validation/chatter/2inchStickout_F_08-Jun-2017_rpm770_doc0p005_window_0005_chatter.png,validation
turning,turning,2inchStickout,2inchStickout/F_08-Jun-2017_rpm770_doc0p005,770.0,0p005,6,2inchStickout_F_08-Jun-2017_rpm770_doc0p005_window_0006,chatter,validation,"data/01_windowed_labeled_2,5s/2inchStickout/F_08-Jun-2017_rpm770_doc0p005/F_08-Jun-2017_rpm770_doc0p005_window_0006.npz",data/02_spectrograms_150x100px_dataset/validation/chatter/2inchStickout_F_08-Jun-2017_rpm770_doc0p005_window_0006_chatter.png,validation
turning,turning,2inchStickout,2inchStickout/F_08-Jun-2017_rpm770_doc0p005,770.0,0p005,7,2inchStickout_F_08-Jun-2017_rpm770_doc0p005_window_0007,chatter,validation,"data/01_windowed_labeled_2,5s/2inchStickout/F_08-Jun-2017_rpm770_doc0p005/F_08-Jun-2017_rpm770_doc0p005_window_0007.npz",data/02_spectrograms_150x100px_dataset/validation/chatter/2inchStickout_F_08-Jun-2017_rpm770_doc0p005_window_0007_chatter.png,validation
turning,turning,2inchStickout,2inchStickout/F_08-Jun-2017_rpm770_doc0p005,770.0,0p005,8,2inchStickout_F_08-Jun-2017_rpm770_doc0p005_window_0008,chatter,validation,"data/01_windowed_labeled_2,5s/2inchStickout/F_08-Jun-2017_rpm770_doc0p005/F_08-Jun-2017_rpm770_doc0p005_window_0008.npz",data/02_spectrograms_150x100px_dataset/validation/chatter/2inchStickout_F_08-Jun-2017_rpm770_doc0p005_window_0008_chatter.png,validation
turning,turning,2inchStickout,2inchStickout/F_08-Jun-2017_rpm770_doc0p005,770.0,0p005,9,2inchStickout_F_08-Jun-2017_rpm770_doc0p005_window_0009,chatter,validation,"data/01_windowed_labeled_2,5s/2inchStickout/F_08-Jun-2017_rpm770_doc0p005/F_08-Jun-2017_rpm770_doc0p005_window_0009.npz",data/02_spectrograms_150x100px_dataset/validation/chatter/2inchStickout_F_08-Jun-2017_rpm770_doc0p005_window_0009_chatter.png,validation
turning,turning,2inchStickout,2inchStickout/F_08-Jun-2017_rpm770_doc0p005,770.0,0p005,10,2inchStickout_F_08-Jun-2017_rpm770_doc0p005_window_0010,chatter,validation,"data/01_windowed_labeled_2,5s/2inchStickout/F_08-Jun-2017_rpm770_doc0p005/F_08-Jun-2017_rpm770_doc0p005_window_0010.npz",data/02_spectrograms_150x100px_dataset/validation/chatter/2inchStickout_F_08-Jun-2017_rpm770_doc0p005_window_0010_chatter.png,validation
turning,turning,2inchStickout,2inchStickout/F_08-Jun-2017_rpm770_doc0p005,770.0,0p005,11,2inchStickout_F_08-Jun-2017_rpm770_doc0p005_window_0011,no_chatter,train,"data/01_windowed_labeled_2,5s/2inchStickout/F_08-Jun-2017_rpm770_doc0p005/F_08-Jun-2017_rpm770_doc0p005_window_0011.npz",data/02_spectrograms_150x100px_dataset/train/no_chatter/2inchStickout_F_08-Jun-2017_rpm770_doc0p005_window_0011_no_chatter.png,train
turning,turning,2inchStickout,2inchStickout/F_08-Jun-2017_rpm770_doc0p010,770.0,0p010,0,2inchStickout_F_08-Jun-2017_rpm770_doc0p010_window_0000,no_chatter,train,"data/01_windowed_labeled_2,5s/2inchStickout/F_08-Jun-2017_rpm770_doc0p010/F_08-Jun-2017_rpm770_doc0p010_window_0000.npz",data/02_spectrograms_150x100px_dataset/train/no_chatter/2inchStickout_F_08-Jun-2017_rpm770_doc0p010_window_0000_no_chatter.png,train
turning,turning,2inchStickout,2inchStickout/F_08-Jun-2017_rpm770_doc0p010,770.0,0p010,1,2inchStickout_F_08-Jun-2017_rpm770_doc0p010_window_0001,chatter,validation,"data/01_windowed_labeled_2,5s/2inchStickout/F_08-Jun-2017_rpm770_doc0p010/F_08-Jun-2017_rpm770_doc0p010_window_0001.npz",data/02_spectrograms_150x100px_dataset/test/chatter/2inchStickout_F_08-Jun-2017_rpm770_doc0p010_window_0001_chatter.png,test
turning,turning,2inchStickout,2inchStickout/F_08-Jun-2017_rpm770_doc0p010,770.0,0p010,2,2inchStickout_F_08-Jun-2017_rpm770_doc0p010_window_0002,chatter,validation,"data/01_windowed_labeled_2,5s/2inchStickout/F_08-Jun-2017_rpm770_doc0p010/F_08-Jun-2017_rpm770_doc0p010_window_0002.npz",data/02_spectrograms_150x100px_dataset/test/chatter/2inchStickout_F_08-Jun-2017_rpm770_doc0p010_window_0002_chatter.png,test
turning,turning,2inchStickout,2inchStickout/F_08-Jun-2017_rpm770_doc0p010,770.0,0p010,3,2inchStickout_F_08-Jun-2017_rpm770_doc0p010_window_0003,chatter,validation,"data/01_windowed_labeled_2,5s/2inchStickout/F_08-Jun-2017_rpm770_doc0p010/F_08-Jun-2017_rpm770_doc0p010_window_0003.npz",data/02_spectrograms_150x100px_dataset/test/chatter/2inchStickout_F_08-Jun-2017_rpm770_doc0p010_window_0003_chatter.png,test
turning,turning,2inchStickout,2inchStickout/F_08-Jun-2017_rpm770_doc0p010,770.0,0p010,4,2inchStickout_F_08-Jun-2017_rpm770_doc0p010_window_0004,chatter,validation,"data/01_windowed_labeled_2,5s/2inchStickout/F_08-Jun-2017_rpm770_doc0p010/F_08-Jun-2017_rpm770_doc0p010_window_0004.npz",data/02_spectrograms_150x100px_dataset/test/chatter/2inchStickout_F_08-Jun-2017_rpm770_doc0p010_window_0004_chatter.png,test
turning,turning,2inchStickout,2inchStickout/F_08-Jun-2017_rpm770_doc0p010,770.0,0p010,5,2inchStickout_F_08-Jun-2017_rpm770_doc0p010_window_0005,chatter,validation,"data/01_windowed_labeled_2,5s/2inchStickout/F_08-Jun-2017_rpm770_doc0p010/F_08-Jun-2017_rpm770_doc0p010_window_0005.npz",data/02_spectrograms_150x100px_dataset/test/chatter/2inchStickout_F_08-Jun-2017_rpm770_doc0p010_window_0005_chatter.png,test
turning,turning,2inchStickout,2inchStickout/F_08-Jun-2017_rpm770_doc0p010,770.0,0p010,6,2inchStickout_F_08-Jun-2017_rpm770_doc0p010_window_0006,chatter,validation,"data/01_windowed_labeled_2,5s/2inchStickout/F_08-Jun-2017_rpm770_doc0p010/F_08-Jun-2017_rpm770_doc0p010_window_0006.npz",data/02_spectrograms_150x100px_dataset/test/chatter/2inchStickout_F_08-Jun-2017_rpm770_doc0p010_window_0006_chatter.png,test
turning,turning,2inchStickout,2inchStickout/F_08-Jun-2017_rpm770_doc0p010,770.0,0p010,7,2inchStickout_F_08-Jun-2017_rpm770_doc0p010_window_0007,chatter,validation,"data/01_windowed_labeled_2,5s/2inchStickout/F_08-Jun-2017_rpm770_doc0p010/F_08-Jun-2017_rpm770_doc0p010_window_0007.npz",data/02_spectrograms_150x100px_dataset/test/chatter/2inchStickout_F_08-Jun-2017_rpm770_doc0p010_window_0007_chatter.png,test
turning,turning,2inchStickout,2inchStickout/F_08-Jun-2017_rpm770_doc0p010,770.0,0p010,8,2inchStickout_F_08-Jun-2017_rpm770_doc0p010_window_0008,chatter,validation,"data/01_windowed_labeled_2,5s/2inchStickout/F_08-Jun-2017_rpm770_doc0p010/F_08-Jun-2017_rpm770_doc0p010_window_0008.npz",data/02_spectrograms_150x100px_dataset/test/chatter/2inchStickout_F_08-Jun-2017_rpm770_doc0p010_window_0008_chatter.png,test
turning,turning,2inchStickout,2inchStickout/F_08-Jun-2017_rpm770_doc0p010,770.0,0p010,9,2inchStickout_F_08-Jun-2017_rpm770_doc0p010_window_0009,chatter,validation,"data/01_windowed_labeled_2,5s/2inchStickout/F_08-Jun-2017_rpm770_doc0p010/F_08-Jun-2017_rpm770_doc0p010_window_0009.npz",data/02_spectrograms_150x100px_dataset/test/chatter/2inchStickout_F_08-Jun-2017_rpm770_doc0p010_window_0009_chatter.png,test
turning,turning,2inchStickout,2inchStickout/F_08-Jun-2017_rpm770_doc0p010,770.0,0p010,10,2inchStickout_F_08-Jun-2017_rpm770_doc0p010_window_0010,chatter,validation,"data/01_windowed_labeled_2,5s/2inchStickout/F_08-Jun-2017_rpm770_doc0p010/F_08-Jun-2017_rpm770_doc0p010_window_0010.npz",data/02_spectrograms_150x100px_dataset/test/chatter/2inchStickout_F_08-Jun-2017_rpm770_doc0p010_window_0010_chatter.png,test
turning,turning,2inchStickout,2inchStickout/F_08-Jun-2017_rpm770_doc0p010,770.0,0p010,11,2inchStickout_F_08-Jun-2017_rpm770_doc0p010_window_0011,chatter,validation,"data/01_windowed_labeled_2,5s/2inchStickout/F_08-Jun-2017_rpm770_doc0p010/F_08-Jun-2017_rpm770_doc0p010_window_0011.npz",data/02_spectrograms_150x100px_dataset/test/chatter/2inchStickout_F_08-Jun-2017_rpm770_doc0p010_window_0011_chatter.png,test
turning,turning,2inchStickout,2inchStickout/F_08-Jun-2017_rpm770_doc0p010,770.0,0p010,12,2inchStickout_F_08-Jun-2017_rpm770_doc0p010_window_0012,chatter,validation,"data/01_windowed_labeled_2,5s/2inchStickout/F_08-Jun-2017_rpm770_doc0p010/F_08-Jun-2017_rpm770_doc0p010_window_0012.npz",data/02_spectrograms_150x100px_dataset/test/chatter/2inchStickout_F_08-Jun-2017_rpm770_doc0p010_window_0012_chatter.png,test
turning,turning,2inchStickout,2inchStickout/F_08-Jun-2017_rpm770_doc0p010,770.0,0p010,13,2inchStickout_F_08-Jun-2017_rpm770_doc0p010_window_0013,chatter,validation,"data/01_windowed_labeled_2,5s/2inchStickout/F_08-Jun-2017_rpm770_doc0p010/F_08-Jun-2017_rpm770_doc0p010_window_0013.npz",data/02_spectrograms_150x100px_dataset/test/chatter/2inchStickout_F_08-Jun-2017_rpm770_doc0p010_window_0013_chatter.png,test
turning,turning,2inchStickout,2inchStickout/F_08-Jun-2017_rpm770_doc0p010,770.0,0p010,14,2inchStickout_F_08-Jun-2017_rpm770_doc0p010_window_0014,no_chatter,train,"data/01_windowed_labeled_2,5s/2inchStickout/F_08-Jun-2017_rpm770_doc0p010/F_08-Jun-2017_rpm770_doc0p010_window_0014.npz",data/02_spectrograms_150x100px_dataset/train/no_chatter/2inchStickout_F_08-Jun-2017_rpm770_doc0p010_window_0014_no_chatter.png,train
turning,turning,2inchStickout,2inchStickout/F_08-Jun-2017_rpm770_doc0p010,770.0,0p010,15,2inchStickout_F_08-Jun-2017_rpm770_doc0p010_window_0015,no_chatter,train,"data/01_windowed_labeled_2,5s/2inchStickout/F_08-Jun-2017_rpm770_doc0p010/F_08-Jun-2017_rpm770_doc0p010_window_0015.npz",data/02_spectrograms_150x100px_dataset/train/no_chatter/2inchStickout_F_08-Jun-2017_rpm770_doc0p010_window_0015_no_chatter.png,train
turning,turning,2inchStickout,2inchStickout/F_08-Jun-2017_rpm770_doc0p010,770.0,0p010,16,2inchStickout_F_08-Jun-2017_rpm770_doc0p010_window_0016,no_chatter,train,"data/01_windowed_labeled_2,5s/2inchStickout/F_08-Jun-2017_rpm770_doc0p010/F_08-Jun-2017_rpm770_doc0p010_window_0016.npz",data/02_spectrograms_150x100px_dataset/train/no_chatter/2inchStickout_F_08-Jun-2017_rpm770_doc0p010_window_0016_no_chatter.png,train
turning,turning,2inchStickout,2inchStickout/F_08-Jun-2017_rpm770_doc0p010,770.0,0p010,17,2inchStickout_F_08-Jun-2017_rpm770_doc0p010_window_0017,no_chatter,train,"data/01_windowed_labeled_2,5s/2inchStickout/F_08-Jun-2017_rpm770_doc0p010/F_08-Jun-2017_rpm770_doc0p010_window_0017.npz",data/02_spectrograms_150x100px_dataset/train/no_chatter/2inchStickout_F_08-Jun-2017_rpm770_doc0p010_window_0017_no_chatter.png,train
turning,turning,2inchStickout,2inchStickout/F_08-Jun-2017_rpm770_doc0p010,770.0,0p010,18,2inchStickout_F_08-Jun-2017_rpm770_doc0p010_window_0018,no_chatter,train,"data/01_windowed_labeled_2,5s/2inchStickout/F_08-Jun-2017_rpm770_doc0p010/F_08-Jun-2017_rpm770_doc0p010_window_0018.npz",data/02_spectrograms_150x100px_dataset/train/no_chatter/2inchStickout_F_08-Jun-2017_rpm770_doc0p010_window_0018_no_chatter.png,train
turning,turning,2inchStickout,2inchStickout/F_08-Jun-2017_rpm770_doc0p010,770.0,0p010,19,2inchStickout_F_08-Jun-2017_rpm770_doc0p010_window_0019,no_chatter,train,"data/01_windowed_labeled_2,5s/2inchStickout/F_08-Jun-2017_rpm770_doc0p010/F_08-Jun-2017_rpm770_doc0p010_window_0019.npz",data/02_spectrograms_150x100px_dataset/train/no_chatter/2inchStickout_F_08-Jun-2017_rpm770_doc0p010_window_0019_no_chatter.png,train
turning,turning,2inchStickout,2inchStickout/F_08-Jun-2017_rpm770_doc0p010,770.0,0p010,20,2inchStickout_F_08-Jun-2017_rpm770_doc0p010_window_0020,no_chatter,train,"data/01_windowed_labeled_2,5s/2inchStickout/F_08-Jun-2017_rpm770_doc0p010/F_08-Jun-2017_rpm770_doc0p010_window_0020.npz",data/02_spectrograms_150x100px_dataset/train/no_chatter/2inchStickout_F_08-Jun-2017_rpm770_doc0p010_window_0020_no_chatter.png,train
turning,turning,2inchStickout,2inchStickout/F_08-Jun-2017_rpm770_doc0p010,770.0,0p010,21,2inchStickout_F_08-Jun-2017_rpm770_doc0p010_window_0021,no_chatter,train,"data/01_windowed_labeled_2,5s/2inchStickout/F_08-Jun-2017_rpm770_doc0p010/F_08-Jun-2017_rpm770_doc0p010_window_0021.npz",data/02_spectrograms_150x100px_dataset/train/no_chatter/2inchStickout_F_08-Jun-2017_rpm770_doc0p010_window_0021_no_chatter.png,train
turning,turning,2inchStickout,2inchStickout/F_08-Jun-2017_rpm770_doc0p010,770.0,0p010,22,2inchStickout_F_08-Jun-2017_rpm770_doc0p010_window_0022,no_chatter,train,"data/01_windowed_labeled_2,5s/2inchStickout/F_08-Jun-2017_rpm770_doc0p010/F_08-Jun-2017_rpm770_doc0p010_window_0022.npz",data/02_spectrograms_150x100px_dataset/train/no_chatter/2inchStickout_F_08-Jun-2017_rpm770_doc0p010_window_0022_no_chatter.png,train
turning,turning,2inchStickout,2inchStickout/F_08-Jun-2017_rpm770_doc0p010,770.0,0p010,23,2inchStickout_F_08-Jun-2017_rpm770_doc0p010_window_0023,no_chatter,train,"data/01_windowed_labeled_2,5s/2inchStickout/F_08-Jun-2017_rpm770_doc0p010/F_08-Jun-2017_rpm770_doc0p010_window_0023.npz",data/02_spectrograms_150x100px_dataset/train/no_chatter/2inchStickout_F_08-Jun-2017_rpm770_doc0p010_window_0023_no_chatter.png,train
turning,turning,2inchStickout,2inchStickout/F_08-Jun-2017_smoothingCut2_noChatter,,,0,2inchStickout_F_08-Jun-2017_smoothingCut2_noChatter_window_0000,no_chatter,train,"data/01_windowed_labeled_2,5s/2inchStickout/F_08-Jun-2017_smoothingCut2_noChatter/F_08-Jun-2017_smoothingCut2_noChatter_window_0000.npz",data/02_spectrograms_150x100px_dataset/train/no_chatter/2inchStickout_F_08-Jun-2017_smoothingCut2_noChatter_window_0000_no_chatter.png,train
turning,turning,2inchStickout,2inchStickout/F_08-Jun-2017_smoothingCut2_noChatter,,,1,2inchStickout_F_08-Jun-2017_smoothingCut2_noChatter_window_0001,no_chatter,validation,"data/01_windowed_labeled_2,5s/2inchStickout/F_08-Jun-2017_smoothingCut2_noChatter/F_08-Jun-2017_smoothingCut2_noChatter_window_0001.npz",data/02_spectrograms_150x100px_dataset/test/no_chatter/2inchStickout_F_08-Jun-2017_smoothingCut2_noChatter_window_0001_no_chatter.png,test
turning,turning,2inchStickout,2inchStickout/F_08-Jun-2017_smoothingCut2_noChatter,,,2,2inchStickout_F_08-Jun-2017_smoothingCut2_noChatter_window_0002,no_chatter,train,"data/01_windowed_labeled_2,5s/2inchStickout/F_08-Jun-2017_smoothingCut2_noChatter/F_08-Jun-2017_smoothingCut2_noChatter_window_0002.npz",data/02_spectrograms_150x100px_dataset/train/no_chatter/2inchStickout_F_08-Jun-2017_smoothingCut2_noChatter_window_0002_no_chatter.png,train
turning,turning,2inchStickout,2inchStickout/F_08-Jun-2017_smoothingCut2_noChatter,,,3,2inchStickout_F_08-Jun-2017_smoothingCut2_noChatter_window_0003,no_chatter,train,"data/01_windowed_labeled_2,5s/2inchStickout/F_08-Jun-2017_smoothingCut2_noChatter/F_08-Jun-2017_smoothingCut2_noChatter_window_0003.npz",data/02_spectrograms_150x100px_dataset/train/no_chatter/2inchStickout_F_08-Jun-2017_smoothingCut2_noChatter_window_0003_no_chatter.png,train
turning,turning,2inchStickout,2inchStickout/F_08-Jun-2017_smoothingCut2_noChatter,,,4,2inchStickout_F_08-Jun-2017_smoothingCut2_noChatter_window_0004,no_chatter,train,"data/01_windowed_labeled_2,5s/2inchStickout/F_08-Jun-2017_smoothingCut2_noChatter/F_08-Jun-2017_smoothingCut2_noChatter_window_0004.npz",data/02_spectrograms_150x100px_dataset/train/no_chatter/2inchStickout_F_08-Jun-2017_smoothingCut2_noChatter_window_0004_no_chatter.png,train
turning,turning,2inchStickout,2inchStickout/F_08-Jun-2017_smoothingCut2_noChatter,,,5,2inchStickout_F_08-Jun-2017_smoothingCut2_noChatter_window_0005,no_chatter,train,"data/01_windowed_labeled_2,5s/2inchStickout/F_08-Jun-2017_smoothingCut2_noChatter/F_08-Jun-2017_smoothingCut2_noChatter_window_0005.npz",data/02_spectrograms_150x100px_dataset/train/no_chatter/2inchStickout_F_08-Jun-2017_smoothingCut2_noChatter_window_0005_no_chatter.png,train
turning,turning,2inchStickout,2inchStickout/F_08-Jun-2017_smoothingCut2_noChatter,,,6,2inchStickout_F_08-Jun-2017_smoothingCut2_noChatter_window_0006,no_chatter,train,"data/01_windowed_labeled_2,5s/2inchStickout/F_08-Jun-2017_smoothingCut2_noChatter/F_08-Jun-2017_smoothingCut2_noChatter_window_0006.npz",data/02_spectrograms_150x100px_dataset/train/no_chatter/2inchStickout_F_08-Jun-2017_smoothingCut2_noChatter_window_0006_no_chatter.png,train
turning,turning,2inchStickout,2inchStickout/F_08-Jun-2017_smoothingCut2_noChatter,,,7,2inchStickout_F_08-Jun-2017_smoothingCut2_noChatter_window_0007,no_chatter,validation,"data/01_windowed_labeled_2,5s/2inchStickout/F_08-Jun-2017_smoothingCut2_noChatter/F_08-Jun-2017_smoothingCut2_noChatter_window_0007.npz",data/02_spectrograms_150x100px_dataset/test/no_chatter/2inchStickout_F_08-Jun-2017_smoothingCut2_noChatter_window_0007_no_chatter.png,test
turning,turning,2inchStickout,2inchStickout/F_08-Jun-2017_smoothingCut2_noChatter,,,8,2inchStickout_F_08-Jun-2017_smoothingCut2_noChatter_window_0008,no_chatter,train,"data/01_windowed_labeled_2,5s/2inchStickout/F_08-Jun-2017_smoothingCut2_noChatter/F_08-Jun-2017_smoothingCut2_noChatter_window_0008.npz",data/02_spectrograms_150x100px_dataset/train/no_chatter/2inchStickout_F_08-Jun-2017_smoothingCut2_noChatter_window_0008_no_chatter.png,train
turning,turning,2inchStickout,2inchStickout/F_08-Jun-2017_smoothingCut2_noChatter,,,9,2inchStickout_F_08-Jun-2017_smoothingCut2_noChatter_window_0009,no_chatter,train,"data/01_windowed_labeled_2,5s/2inchStickout/F_08-Jun-2017_smoothingCut2_noChatter/F_08-Jun-2017_smoothingCut2_noChatter_window_0009.npz",data/02_spectrograms_150x100px_dataset/train/no_chatter/2inchStickout_F_08-Jun-2017_smoothingCut2_noChatter_window_0009_no_chatter.png,train
turning,turning,2inchStickout,2inchStickout/F_08-Jun-2017_smoothingCut2_noChatter,,,10,2inchStickout_F_08-Jun-2017_smoothingCut2_noChatter_window_0010,no_chatter,validation,"data/01_windowed_labeled_2,5s/2inchStickout/F_08-Jun-2017_smoothingCut2_noChatter/F_08-Jun-2017_smoothingCut2_noChatter_window_0010.npz",data/02_spectrograms_150x100px_dataset/test/no_chatter/2inchStickout_F_08-Jun-2017_smoothingCut2_noChatter_window_0010_no_chatter.png,test
turning,turning,2inchStickout,2inchStickout/F_08-Jun-2017_smoothingCut2_noChatter,,,11,2inchStickout_F_08-Jun-2017_smoothingCut2_noChatter_window_0011,no_chatter,train,"data/01_windowed_labeled_2,5s/2inchStickout/F_08-Jun-2017_smoothingCut2_noChatter/F_08-Jun-2017_smoothingCut2_noChatter_window_0011.npz",data/02_spectrograms_150x100px_dataset/train/no_chatter/2inchStickout_F_08-Jun-2017_smoothingCut2_noChatter_window_0011_no_chatter.png,train
turning,turning,2p5inchStickout,2p5inchStickout/F_12-Jun-2017_rpm570_doc0p003,570.0,0p003,0,2p5inchStickout_F_12-Jun-2017_rpm570_doc0p003_window_0000,no_chatter,train,"data/01_windowed_labeled_2,5s/2p5inchStickout/F_12-Jun-2017_rpm570_doc0p003/F_12-Jun-2017_rpm570_doc0p003_window_0000.npz",data/02_spectrograms_150x100px_dataset/train/no_chatter/2p5inchStickout_F_12-Jun-2017_rpm570_doc0p003_window_0000_no_chatter.png,train
turning,turning,2p5inchStickout,2p5inchStickout/F_12-Jun-2017_rpm570_doc0p003,570.0,0p003,1,2p5inchStickout_F_12-Jun-2017_rpm570_doc0p003_window_0001,no_chatter,validation,"data/01_windowed_labeled_2,5s/2p5inchStickout/F_12-Jun-2017_rpm570_doc0p003/F_12-Jun-2017_rpm570_doc0p003_window_0001.npz",data/02_spectrograms_150x100px_dataset/test/no_chatter/2p5inchStickout_F_12-Jun-2017_rpm570_doc0p003_window_0001_no_chatter.png,test
turning,turning,2p5inchStickout,2p5inchStickout/F_12-Jun-2017_rpm570_doc0p003,570.0,0p003,2,2p5inchStickout_F_12-Jun-2017_rpm570_doc0p003_window_0002,no_chatter,train,"data/01_windowed_labeled_2,5s/2p5inchStickout/F_12-Jun-2017_rpm570_doc0p003/F_12-Jun-2017_rpm570_doc0p003_window_0002.npz",data/02_spectrograms_150x100px_dataset/train/no_chatter/2p5inchStickout_F_12-Jun-2017_rpm570_doc0p003_window_0002_no_chatter.png,train
turning,turning,2p5inchStickout,2p5inchStickout/F_12-Jun-2017_rpm570_doc0p003,570.0,0p003,3,2p5inchStickout_F_12-Jun-2017_rpm570_doc0p003_window_0003,no_chatter,train,"data/01_windowed_labeled_2,5s/2p5inchStickout/F_12-Jun-2017_rpm570_doc0p003/F_12-Jun-2017_rpm570_doc0p003_window_0003.npz",data/02_spectrograms_150x100px_dataset/train/no_chatter/2p5inchStickout_F_12-Jun-2017_rpm570_doc0p003_window_0003_no_chatter.png,train
turning,turning,2p5inchStickout,2p5inchStickout/F_12-Jun-2017_rpm570_doc0p003,570.0,0p003,4,2p5inchStickout_F_12-Jun-2017_rpm570_doc0p003_window_0004,no_chatter,train,"data/01_windowed_labeled_2,5s/2p5inchStickout/F_12-Jun-2017_rpm570_doc0p003/F_12-Jun-2017_rpm570_doc0p003_window_0004.npz",data/02_spectrograms_150x100px_dataset/train/no_chatter/2p5inchStickout_F_12-Jun-2017_rpm570_doc0p003_window_0004_no_chatter.png,train
turning,turning,2p5inchStickout,2p5inchStickout/F_12-Jun-2017_rpm570_doc0p003,570.0,0p003,5,2p5inchStickout_F_12-Jun-2017_rpm570_doc0p003_window_0005,no_chatter,train,"data/01_windowed_labeled_2,5s/2p5inchStickout/F_12-Jun-2017_rpm570_doc0p003/F_12-Jun-2017_rpm570_doc0p003_window_0005.npz",data/02_spectrograms_150x100px_dataset/train/no_chatter/2p5inchStickout_F_12-Jun-2017_rpm570_doc0p003_window_0005_no_chatter.png,train
turning,turning,2p5inchStickout,2p5inchStickout/F_12-Jun-2017_rpm570_doc0p003,570.0,0p003,6,2p5inchStickout_F_12-Jun-2017_rpm570_doc0p003_window_0006,no_chatter,train,"data/01_windowed_labeled_2,5s/2p5inchStickout/F_12-Jun-2017_rpm570_doc0p003/F_12-Jun-2017_rpm570_doc0p003_window_0006.npz",data/02_spectrograms_150x100px_dataset/train/no_chatter/2p5inchStickout_F_12-Jun-2017_rpm570_doc0p003_window_0006_no_chatter.png,train
turning,turning,2p5inchStickout,2p5inchStickout/F_12-Jun-2017_rpm570_doc0p003,570.0,0p003,7,2p5inchStickout_F_12-Jun-2017_rpm570_doc0p003_window_0007,no_chatter,train,"data/01_windowed_labeled_2,5s/2p5inchStickout/F_12-Jun-2017_rpm570_doc0p003/F_12-Jun-2017_rpm570_doc0p003_window_0007.npz",data/02_spectrograms_150x100px_dataset/train/no_chatter/2p5inchStickout_F_12-Jun-2017_rpm570_doc0p003_window_0007_no_chatter.png,train
turning,turning,2p5inchStickout,2p5inchStickout/F_12-Jun-2017_rpm570_doc0p003,570.0,0p003,8,2p5inchStickout_F_12-Jun-2017_rpm570_doc0p003_window_0008,no_chatter,train,"data/01_windowed_labeled_2,5s/2p5inchStickout/F_12-Jun-2017_rpm570_doc0p003/F_12-Jun-2017_rpm570_doc0p003_window_0008.npz",data/02_spectrograms_150x100px_dataset/train/no_chatter/2p5inchStickout_F_12-Jun-2017_rpm570_doc0p003_window_0008_no_chatter.png,train
turning,turning,2p5inchStickout,2p5inchStickout/F_12-Jun-2017_rpm570_doc0p003,570.0,0p003,9,2p5inchStickout_F_12-Jun-2017_rpm570_doc0p003_window_0009,no_chatter,train,"data/01_windowed_labeled_2,5s/2p5inchStickout/F_12-Jun-2017_rpm570_doc0p003/F_12-Jun-2017_rpm570_doc0p003_window_0009.npz",data/02_spectrograms_150x100px_dataset/train/no_chatter/2p5inchStickout_F_12-Jun-2017_rpm570_doc0p003_window_0009_no_chatter.png,train
turning,turning,2p5inchStickout,2p5inchStickout/F_12-Jun-2017_rpm570_doc0p005,570.0,0p005,0,2p5inchStickout_F_12-Jun-2017_rpm570_doc0p005_window_0000,no_chatter,validation,"data/01_windowed_labeled_2,5s/2p5inchStickout/F_12-Jun-2017_rpm570_doc0p005/F_12-Jun-2017_rpm570_doc0p005_window_0000.npz",data/02_spectrograms_150x100px_dataset/test/no_chatter/2p5inchStickout_F_12-Jun-2017_rpm570_doc0p005_window_0000_no_chatter.png,test
turning,turning,2p5inchStickout,2p5inchStickout/F_12-Jun-2017_rpm570_doc0p005,570.0,0p005,1,2p5inchStickout_F_12-Jun-2017_rpm570_doc0p005_window_0001,no_chatter,train,"data/01_windowed_labeled_2,5s/2p5inchStickout/F_12-Jun-2017_rpm570_doc0p005/F_12-Jun-2017_rpm570_doc0p005_window_0001.npz",data/02_spectrograms_150x100px_dataset/train/no_chatter/2p5inchStickout_F_12-Jun-2017_rpm570_doc0p005_window_0001_no_chatter.png,train
turning,turning,2p5inchStickout,2p5inchStickout/F_12-Jun-2017_rpm570_doc0p005,570.0,0p005,2,2p5inchStickout_F_12-Jun-2017_rpm570_doc0p005_window_0002,no_chatter,train,"data/01_windowed_labeled_2,5s/2p5inchStickout/F_12-Jun-2017_rpm570_doc0p005/F_12-Jun-2017_rpm570_doc0p005_window_0002.npz",data/02_spectrograms_150x100px_dataset/train/no_chatter/2p5inchStickout_F_12-Jun-2017_rpm570_doc0p005_window_0002_no_chatter.png,train
turning,turning,2p5inchStickout,2p5inchStickout/F_12-Jun-2017_rpm570_doc0p005,570.0,0p005,3,2p5inchStickout_F_12-Jun-2017_rpm570_doc0p005_window_0003,no_chatter,train,"data/01_windowed_labeled_2,5s/2p5inchStickout/F_12-Jun-2017_rpm570_doc0p005/F_12-Jun-2017_rpm570_doc0p005_window_0003.npz",data/02_spectrograms_150x100px_dataset/train/no_chatter/2p5inchStickout_F_12-Jun-2017_rpm570_doc0p005_window_0003_no_chatter.png,train
turning,turning,2p5inchStickout,2p5inchStickout/F_12-Jun-2017_rpm570_doc0p005,570.0,0p005,4,2p5inchStickout_F_12-Jun-2017_rpm570_doc0p005_window_0004,no_chatter,validation,"data/01_windowed_labeled_2,5s/2p5inchStickout/F_12-Jun-2017_rpm570_doc0p005/F_12-Jun-2017_rpm570_doc0p005_window_0004.npz",data/02_spectrograms_150x100px_dataset/test/no_chatter/2p5inchStickout_F_12-Jun-2017_rpm570_doc0p005_window_0004_no_chatter.png,test
turning,turning,2p5inchStickout,2p5inchStickout/F_12-Jun-2017_rpm570_doc0p005,570.0,0p005,5,2p5inchStickout_F_12-Jun-2017_rpm570_doc0p005_window_0005,no_chatter,train,"data/01_windowed_labeled_2,5s/2p5inchStickout/F_12-Jun-2017_rpm570_doc0p005/F_12-Jun-2017_rpm570_doc0p005_window_0005.npz",data/02_spectrograms_150x100px_dataset/train/no_chatter/2p5inchStickout_F_12-Jun-2017_rpm570_doc0p005_window_0005_no_chatter.png,train
turning,turning,2p5inchStickout,2p5inchStickout/F_12-Jun-2017_rpm570_doc0p005,570.0,0p005,6,2p5inchStickout_F_12-Jun-2017_rpm570_doc0p005_window_0006,no_chatter,train,"data/01_windowed_labeled_2,5s/2p5inchStickout/F_12-Jun-2017_rpm570_doc0p005/F_12-Jun-2017_rpm570_doc0p005_window_0006.npz",data/02_spectrograms_150x100px_dataset/train/no_chatter/2p5inchStickout_F_12-Jun-2017_rpm570_doc0p005_window_0006_no_chatter.png,train
turning,turning,2p5inchStickout,2p5inchStickout/F_12-Jun-2017_rpm570_doc0p005,570.0,0p005,7,2p5inchStickout_F_12-Jun-2017_rpm570_doc0p005_window_0007,no_chatter,train,"data/01_windowed_labeled_2,5s/2p5inchStickout/F_12-Jun-2017_rpm570_doc0p005/F_12-Jun-2017_rpm570_doc0p005_window_0007.npz",data/02_spectrograms_150x100px_dataset/train/no_chatter/2p5inchStickout_F_12-Jun-2017_rpm570_doc0p005_window_0007_no_chatter.png,train
turning,turning,2p5inchStickout,2p5inchStickout/F_12-Jun-2017_rpm570_doc0p005,570.0,0p005,8,2p5inchStickout_F_12-Jun-2017_rpm570_doc0p005_window_0008,no_chatter,validation,"data/01_windowed_labeled_2,5s/2p5inchStickout/F_12-Jun-2017_rpm570_doc0p005/F_12-Jun-2017_rpm570_doc0p005_window_0008.npz",data/02_spectrograms_150x100px_dataset/test/no_chatter/2p5inchStickout_F_12-Jun-2017_rpm570_doc0p005_window_0008_no_chatter.png,test
turning,turning,2p5inchStickout,2p5inchStickout/F_12-Jun-2017_rpm570_doc0p005,570.0,0p005,9,2p5inchStickout_F_12-Jun-2017_rpm570_doc0p005_window_0009,no_chatter,train,"data/01_windowed_labeled_2,5s/2p5inchStickout/F_12-Jun-2017_rpm570_doc0p005/F_12-Jun-2017_rpm570_doc0p005_window_0009.npz",data/02_spectrograms_150x100px_dataset/train/no_chatter/2p5inchStickout_F_12-Jun-2017_rpm570_doc0p005_window_0009_no_chatter.png,train
turning,turning,2p5inchStickout,2p5inchStickout/F_12-Jun-2017_rpm570_doc0p008,570.0,0p008,0,2p5inchStickout_F_12-Jun-2017_rpm570_doc0p008_window_0000,no_chatter,train,"data/01_windowed_labeled_2,5s/2p5inchStickout/F_12-Jun-2017_rpm570_doc0p008/F_12-Jun-2017_rpm570_doc0p008_window_0000.npz",data/02_spectrograms_150x100px_dataset/train/no_chatter/2p5inchStickout_F_12-Jun-2017_rpm570_doc0p008_window_0000_no_chatter.png,train
turning,turning,2p5inchStickout,2p5inchStickout/F_12-Jun-2017_rpm570_doc0p008,570.0,0p008,1,2p5inchStickout_F_12-Jun-2017_rpm570_doc0p008_window_0001,no_chatter,train,"data/01_windowed_labeled_2,5s/2p5inchStickout/F_12-Jun-2017_rpm570_doc0p008/F_12-Jun-2017_rpm570_doc0p008_window_0001.npz",data/02_spectrograms_150x100px_dataset/train/no_chatter/2p5inchStickout_F_12-Jun-2017_rpm570_doc0p008_window_0001_no_chatter.png,train
turning,turning,2p5inchStickout,2p5inchStickout/F_12-Jun-2017_rpm570_doc0p008,570.0,0p008,2,2p5inchStickout_F_12-Jun-2017_rpm570_doc0p008_window_0002,no_chatter,train,"data/01_windowed_labeled_2,5s/2p5inchStickout/F_12-Jun-2017_rpm570_doc0p008/F_12-Jun-2017_rpm570_doc0p008_window_0002.npz",data/02_spectrograms_150x100px_dataset/train/no_chatter/2p5inchStickout_F_12-Jun-2017_rpm570_doc0p008_window_0002_no_chatter.png,train
turning,turning,2p5inchStickout,2p5inchStickout/F_12-Jun-2017_rpm570_doc0p008,570.0,0p008,3,2p5inchStickout_F_12-Jun-2017_rpm570_doc0p008_window_0003,no_chatter,train,"data/01_windowed_labeled_2,5s/2p5inchStickout/F_12-Jun-2017_rpm570_doc0p008/F_12-Jun-2017_rpm570_doc0p008_window_0003.npz",data/02_spectrograms_150x100px_dataset/train/no_chatter/2p5inchStickout_F_12-Jun-2017_rpm570_doc0p008_window_0003_no_chatter.png,train
turning,turning,2p5inchStickout,2p5inchStickout/F_12-Jun-2017_rpm570_doc0p008,570.0,0p008,4,2p5inchStickout_F_12-Jun-2017_rpm570_doc0p008_window_0004,no_chatter,train,"data/01_windowed_labeled_2,5s/2p5inchStickout/F_12-Jun-2017_rpm570_doc0p008/F_12-Jun-2017_rpm570_doc0p008_window_0004.npz",data/02_spectrograms_150x100px_dataset/train/no_chatter/2p5inchStickout_F_12-Jun-2017_rpm570_doc0p008_window_0004_no_chatter.png,train
turning,turning,2p5inchStickout,2p5inchStickout/F_12-Jun-2017_rpm570_doc0p008,570.0,0p008,5,2p5inchStickout_F_12-Jun-2017_rpm570_doc0p008_window_0005,no_chatter,train,"data/01_windowed_labeled_2,5s/2p5inchStickout/F_12-Jun-2017_rpm570_doc0p008/F_12-Jun-2017_rpm570_doc0p008_window_0005.npz",data/02_spectrograms_150x100px_dataset/train/no_chatter/2p5inchStickout_F_12-Jun-2017_rpm570_doc0p008_window_0005_no_chatter.png,train
turning,turning,2p5inchStickout,2p5inchStickout/F_12-Jun-2017_rpm570_doc0p008,570.0,0p008,6,2p5inchStickout_F_12-Jun-2017_rpm570_doc0p008_window_0006,no_chatter,train,"data/01_windowed_labeled_2,5s/2p5inchStickout/F_12-Jun-2017_rpm570_doc0p008/F_12-Jun-2017_rpm570_doc0p008_window_0006.npz",data/02_spectrograms_150x100px_dataset/train/no_chatter/2p5inchStickout_F_12-Jun-2017_rpm570_doc0p008_window_0006_no_chatter.png,train
turning,turning,2p5inchStickout,2p5inchStickout/F_12-Jun-2017_rpm570_doc0p008,570.0,0p008,7,2p5inchStickout_F_12-Jun-2017_rpm570_doc0p008_window_0007,no_chatter,train,"data/01_windowed_labeled_2,5s/2p5inchStickout/F_12-Jun-2017_rpm570_doc0p008/F_12-Jun-2017_rpm570_doc0p008_window_0007.npz",data/02_spectrograms_150x100px_dataset/train/no_chatter/2p5inchStickout_F_12-Jun-2017_rpm570_doc0p008_window_0007_no_chatter.png,train
turning,turning,2p5inchStickout,2p5inchStickout/F_12-Jun-2017_rpm570_doc0p008,570.0,0p008,8,2p5inchStickout_F_12-Jun-2017_rpm570_doc0p008_window_0008,no_chatter,train,"data/01_windowed_labeled_2,5s/2p5inchStickout/F_12-Jun-2017_rpm570_doc0p008/F_12-Jun-2017_rpm570_doc0p008_window_0008.npz",data/02_spectrograms_150x100px_dataset/train/no_chatter/2p5inchStickout_F_12-Jun-2017_rpm570_doc0p008_window_0008_no_chatter.png,train
turning,turning,2p5inchStickout,2p5inchStickout/F_12-Jun-2017_rpm570_doc0p008,570.0,0p008,9,2p5inchStickout_F_12-Jun-2017_rpm570_doc0p008_window_0009,no_chatter,validation,"data/01_windowed_labeled_2,5s/2p5inchStickout/F_12-Jun-2017_rpm570_doc0p008/F_12-Jun-2017_rpm570_doc0p008_window_0009.npz",data/02_spectrograms_150x100px_dataset/validation/no_chatter/2p5inchStickout_F_12-Jun-2017_rpm570_doc0p008_window_0009_no_chatter.png,validation
turning,turning,2p5inchStickout,2p5inchStickout/F_12-Jun-2017_rpm570_doc0p010,570.0,0p010,0,2p5inchStickout_F_12-Jun-2017_rpm570_doc0p010_window_0000,no_chatter,train,"data/01_windowed_labeled_2,5s/2p5inchStickout/F_12-Jun-2017_rpm570_doc0p010/F_12-Jun-2017_rpm570_doc0p010_window_0000.npz",data/02_spectrograms_150x100px_dataset/train/no_chatter/2p5inchStickout_F_12-Jun-2017_rpm570_doc0p010_window_0000_no_chatter.png,train
turning,turning,2p5inchStickout,2p5inchStickout/F_12-Jun-2017_rpm570_doc0p010,570.0,0p010,1,2p5inchStickout_F_12-Jun-2017_rpm570_doc0p010_window_0001,no_chatter,train,"data/01_windowed_labeled_2,5s/2p5inchStickout/F_12-Jun-2017_rpm570_doc0p010/F_12-Jun-2017_rpm570_doc0p010_window_0001.npz",data/02_spectrograms_150x100px_dataset/train/no_chatter/2p5inchStickout_F_12-Jun-2017_rpm570_doc0p010_window_0001_no_chatter.png,train
turning,turning,2p5inchStickout,2p5inchStickout/F_12-Jun-2017_rpm570_doc0p010,570.0,0p010,2,2p5inchStickout_F_12-Jun-2017_rpm570_doc0p010_window_0002,no_chatter,train,"data/01_windowed_labeled_2,5s/2p5inchStickout/F_12-Jun-2017_rpm570_doc0p010/F_12-Jun-2017_rpm570_doc0p010_window_0002.npz",data/02_spectrograms_150x100px_dataset/train/no_chatter/2p5inchStickout_F_12-Jun-2017_rpm570_doc0p010_window_0002_no_chatter.png,train
turning,turning,2p5inchStickout,2p5inchStickout/F_12-Jun-2017_rpm570_doc0p010,570.0,0p010,3,2p5inchStickout_F_12-Jun-2017_rpm570_doc0p010_window_0003,no_chatter,validation,"data/01_windowed_labeled_2,5s/2p5inchStickout/F_12-Jun-2017_rpm570_doc0p010/F_12-Jun-2017_rpm570_doc0p010_window_0003.npz",data/02_spectrograms_150x100px_dataset/test/no_chatter/2p5inchStickout_F_12-Jun-2017_rpm570_doc0p010_window_0003_no_chatter.png,test
turning,turning,2p5inchStickout,2p5inchStickout/F_12-Jun-2017_rpm570_doc0p010,570.0,0p010,4,2p5inchStickout_F_12-Jun-2017_rpm570_doc0p010_window_0004,no_chatter,train,"data/01_windowed_labeled_2,5s/2p5inchStickout/F_12-Jun-2017_rpm570_doc0p010/F_12-Jun-2017_rpm570_doc0p010_window_0004.npz",data/02_spectrograms_150x100px_dataset/train/no_chatter/2p5inchStickout_F_12-Jun-2017_rpm570_doc0p010_window_0004_no_chatter.png,train
turning,turning,2p5inchStickout,2p5inchStickout/F_12-Jun-2017_rpm570_doc0p010,570.0,0p010,5,2p5inchStickout_F_12-Jun-2017_rpm570_doc0p010_window_0005,no_chatter,train,"data/01_windowed_labeled_2,5s/2p5inchStickout/F_12-Jun-2017_rpm570_doc0p010/F_12-Jun-2017_rpm570_doc0p010_window_0005.npz",data/02_spectrograms_150x100px_dataset/train/no_chatter/2p5inchStickout_F_12-Jun-2017_rpm570_doc0p010_window_0005_no_chatter.png,train
turning,turning,2p5inchStickout,2p5inchStickout/F_12-Jun-2017_rpm570_doc0p010,570.0,0p010,6,2p5inchStickout_F_12-Jun-2017_rpm570_doc0p010_window_0006,no_chatter,validation,"data/01_windowed_labeled_2,5s/2p5inchStickout/F_12-Jun-2017_rpm570_doc0p010/F_12-Jun-2017_rpm570_doc0p010_window_0006.npz",data/02_spectrograms_150x100px_dataset/test/no_chatter/2p5inchStickout_F_12-Jun-2017_rpm570_doc0p010_window_0006_no_chatter.png,test
turning,turning,2p5inchStickout,2p5inchStickout/F_12-Jun-2017_rpm570_doc0p010,570.0,0p010,7,2p5inchStickout_F_12-Jun-2017_rpm570_doc0p010_window_0007,no_chatter,train,"data/01_windowed_labeled_2,5s/2p5inchStickout/F_12-Jun-2017_rpm570_doc0p010/F_12-Jun-2017_rpm570_doc0p010_window_0007.npz",data/02_spectrograms_150x100px_dataset/train/no_chatter/2p5inchStickout_F_12-Jun-2017_rpm570_doc0p010_window_0007_no_chatter.png,train
turning,turning,2p5inchStickout,2p5inchStickout/F_12-Jun-2017_rpm570_doc0p010,570.0,0p010,8,2p5inchStickout_F_12-Jun-2017_rpm570_doc0p010_window_0008,no_chatter,train,"data/01_windowed_labeled_2,5s/2p5inchStickout/F_12-Jun-2017_rpm570_doc0p010/F_12-Jun-2017_rpm570_doc0p010_window_0008.npz",data/02_spectrograms_150x100px_dataset/train/no_chatter/2p5inchStickout_F_12-Jun-2017_rpm570_doc0p010_window_0008_no_chatter.png,train
turning,turning,2p5inchStickout,2p5inchStickout/F_12-Jun-2017_rpm570_doc0p010,570.0,0p010,9,2p5inchStickout_F_12-Jun-2017_rpm570_doc0p010_window_0009,no_chatter,validation,"data/01_windowed_labeled_2,5s/2p5inchStickout/F_12-Jun-2017_rpm570_doc0p010/F_12-Jun-2017_rpm570_doc0p010_window_0009.npz",data/02_spectrograms_150x100px_dataset/test/no_chatter/2p5inchStickout_F_12-Jun-2017_rpm570_doc0p010_window_0009_no_chatter.png,test
turning,turning,2p5inchStickout,2p5inchStickout/F_12-Jun-2017_rpm570_doc0p012,570.0,0p012,0,2p5inchStickout_F_12-Jun-2017_rpm570_doc0p012_window_0000,no_chatter,train,"data/01_windowed_labeled_2,5s/2p5inchStickout/F_12-Jun-2017_rpm570_doc0p012/F_12-Jun-2017_rpm570_doc0p012_window_0000.npz",data/02_spectrograms_150x100px_dataset/train/no_chatter/2p5inchStickout_F_12-Jun-2017_rpm570_doc0p012_window_0000_no_chatter.png,train
turning,turning,2p5inchStickout,2p5inchStickout/F_12-Jun-2017_rpm570_doc0p012,570.0,0p012,1,2p5inchStickout_F_12-Jun-2017_rpm570_doc0p012_window_0001,no_chatter,train,"data/01_windowed_labeled_2,5s/2p5inchStickout/F_12-Jun-2017_rpm570_doc0p012/F_12-Jun-2017_rpm570_doc0p012_window_0001.npz",data/02_spectrograms_150x100px_dataset/train/no_chatter/2p5inchStickout_F_12-Jun-2017_rpm570_doc0p012_window_0001_no_chatter.png,train
turning,turning,2p5inchStickout,2p5inchStickout/F_12-Jun-2017_rpm570_doc0p012,570.0,0p012,2,2p5inchStickout_F_12-Jun-2017_rpm570_doc0p012_window_0002,chatter,validation,"data/01_windowed_labeled_2,5s/2p5inchStickout/F_12-Jun-2017_rpm570_doc0p012/F_12-Jun-2017_rpm570_doc0p012_window_0002.npz",data/02_spectrograms_150x100px_dataset/test/chatter/2p5inchStickout_F_12-Jun-2017_rpm570_doc0p012_window_0002_chatter.png,test
turning,turning,2p5inchStickout,2p5inchStickout/F_12-Jun-2017_rpm570_doc0p012,570.0,0p012,3,2p5inchStickout_F_12-Jun-2017_rpm570_doc0p012_window_0003,no_chatter,train,"data/01_windowed_labeled_2,5s/2p5inchStickout/F_12-Jun-2017_rpm570_doc0p012/F_12-Jun-2017_rpm570_doc0p012_window_0003.npz",data/02_spectrograms_150x100px_dataset/train/no_chatter/2p5inchStickout_F_12-Jun-2017_rpm570_doc0p012_window_0003_no_chatter.png,train
turning,turning,2p5inchStickout,2p5inchStickout/F_12-Jun-2017_rpm570_doc0p012,570.0,0p012,4,2p5inchStickout_F_12-Jun-2017_rpm570_doc0p012_window_0004,no_chatter,train,"data/01_windowed_labeled_2,5s/2p5inchStickout/F_12-Jun-2017_rpm570_doc0p012/F_12-Jun-2017_rpm570_doc0p012_window_0004.npz",data/02_spectrograms_150x100px_dataset/train/no_chatter/2p5inchStickout_F_12-Jun-2017_rpm570_doc0p012_window_0004_no_chatter.png,train
turning,turning,2p5inchStickout,2p5inchStickout/F_12-Jun-2017_rpm570_doc0p012,570.0,0p012,5,2p5inchStickout_F_12-Jun-2017_rpm570_doc0p012_window_0005,no_chatter,train,"data/01_windowed_labeled_2,5s/2p5inchStickout/F_12-Jun-2017_rpm570_doc0p012/F_12-Jun-2017_rpm570_doc0p012_window_0005.npz",data/02_spectrograms_150x100px_dataset/train/no_chatter/2p5inchStickout_F_12-Jun-2017_rpm570_doc0p012_window_0005_no_chatter.png,train
turning,turning,2p5inchStickout,2p5inchStickout/F_12-Jun-2017_rpm570_doc0p012,570.0,0p012,6,2p5inchStickout_F_12-Jun-2017_rpm570_doc0p012_window_0006,no_chatter,validation,"data/01_windowed_labeled_2,5s/2p5inchStickout/F_12-Jun-2017_rpm570_doc0p012/F_12-Jun-2017_rpm570_doc0p012_window_0006.npz",data/02_spectrograms_150x100px_dataset/validation/no_chatter/2p5inchStickout_F_12-Jun-2017_rpm570_doc0p012_window_0006_no_chatter.png,validation
turning,turning,2p5inchStickout,2p5inchStickout/F_12-Jun-2017_rpm570_doc0p012,570.0,0p012,7,2p5inchStickout_F_12-Jun-2017_rpm570_doc0p012_window_0007,no_chatter,train,"data/01_windowed_labeled_2,5s/2p5inchStickout/F_12-Jun-2017_rpm570_doc0p012/F_12-Jun-2017_rpm570_doc0p012_window_0007.npz",data/02_spectrograms_150x100px_dataset/train/no_chatter/2p5inchStickout_F_12-Jun-2017_rpm570_doc0p012_window_0007_no_chatter.png,train
turning,turning,2p5inchStickout,2p5inchStickout/F_12-Jun-2017_rpm570_doc0p012,570.0,0p012,8,2p5inchStickout_F_12-Jun-2017_rpm570_doc0p012_window_0008,no_chatter,validation,"data/01_windowed_labeled_2,5s/2p5inchStickout/F_12-Jun-2017_rpm570_doc0p012/F_12-Jun-2017_rpm570_doc0p012_window_0008.npz",data/02_spectrograms_150x100px_dataset/validation/no_chatter/2p5inchStickout_F_12-Jun-2017_rpm570_doc0p012_window_0008_no_chatter.png,validation
turning,turning,2p5inchStickout,2p5inchStickout/F_12-Jun-2017_rpm570_doc0p012,570.0,0p012,9,2p5inchStickout_F_12-Jun-2017_rpm570_doc0p012_window_0009,no_chatter,validation,"data/01_windowed_labeled_2,5s/2p5inchStickout/F_12-Jun-2017_rpm570_doc0p012/F_12-Jun-2017_rpm570_doc0p012_window_0009.npz",data/02_spectrograms_150x100px_dataset/validation/no_chatter/2p5inchStickout_F_12-Jun-2017_rpm570_doc0p012_window_0009_no_chatter.png,validation
turning,turning,2p5inchStickout,2p5inchStickout/F_12-Jun-2017_rpm570_doc0p014,570.0,0p014,0,2p5inchStickout_F_12-Jun-2017_rpm570_doc0p014_window_0000,no_chatter,train,"data/01_windowed_labeled_2,5s/2p5inchStickout/F_12-Jun-2017_rpm570_doc0p014/F_12-Jun-2017_rpm570_doc0p014_window_0000.npz",data/02_spectrograms_150x100px_dataset/train/no_chatter/2p5inchStickout_F_12-Jun-2017_rpm570_doc0p014_window_0000_no_chatter.png,train
turning,turning,2p5inchStickout,2p5inchStickout/F_12-Jun-2017_rpm570_doc0p014,570.0,0p014,1,2p5inchStickout_F_12-Jun-2017_rpm570_doc0p014_window_0001,no_chatter,train,"data/01_windowed_labeled_2,5s/2p5inchStickout/F_12-Jun-2017_rpm570_doc0p014/F_12-Jun-2017_rpm570_doc0p014_window_0001.npz",data/02_spectrograms_150x100px_dataset/train/no_chatter/2p5inchStickout_F_12-Jun-2017_rpm570_doc0p014_window_0001_no_chatter.png,train
turning,turning,2p5inchStickout,2p5inchStickout/F_12-Jun-2017_rpm570_doc0p014,570.0,0p014,2,2p5inchStickout_F_12-Jun-2017_rpm570_doc0p014_window_0002,no_chatter,train,"data/01_windowed_labeled_2,5s/2p5inchStickout/F_12-Jun-2017_rpm570_doc0p014/F_12-Jun-2017_rpm570_doc0p014_window_0002.npz",data/02_spectrograms_150x100px_dataset/train/no_chatter/2p5inchStickout_F_12-Jun-2017_rpm570_doc0p014_window_0002_no_chatter.png,train
turning,turning,2p5inchStickout,2p5inchStickout/F_12-Jun-2017_rpm570_doc0p014,570.0,0p014,3,2p5inchStickout_F_12-Jun-2017_rpm570_doc0p014_window_0003,no_chatter,validation,"data/01_windowed_labeled_2,5s/2p5inchStickout/F_12-Jun-2017_rpm570_doc0p014/F_12-Jun-2017_rpm570_doc0p014_window_0003.npz",data/02_spectrograms_150x100px_dataset/validation/no_chatter/2p5inchStickout_F_12-Jun-2017_rpm570_doc0p014_window_0003_no_chatter.png,validation
turning,turning,2p5inchStickout,2p5inchStickout/F_12-Jun-2017_rpm570_doc0p014,570.0,0p014,4,2p5inchStickout_F_12-Jun-2017_rpm570_doc0p014_window_0004,no_chatter,validation,"data/01_windowed_labeled_2,5s/2p5inchStickout/F_12-Jun-2017_rpm570_doc0p014/F_12-Jun-2017_rpm570_doc0p014_window_0004.npz",data/02_spectrograms_150x100px_dataset/validation/no_chatter/2p5inchStickout_F_12-Jun-2017_rpm570_doc0p014_window_0004_no_chatter.png,validation
turning,turning,2p5inchStickout,2p5inchStickout/F_12-Jun-2017_rpm570_doc0p014,570.0,0p014,5,2p5inchStickout_F_12-Jun-2017_rpm570_doc0p014_window_0005,no_chatter,validation,"data/01_windowed_labeled_2,5s/2p5inchStickout/F_12-Jun-2017_rpm570_doc0p014/F_12-Jun-2017_rpm570_doc0p014_window_0005.npz",data/02_spectrograms_150x100px_dataset/validation/no_chatter/2p5inchStickout_F_12-Jun-2017_rpm570_doc0p014_window_0005_no_chatter.png,validation
turning,turning,2p5inchStickout,2p5inchStickout/F_12-Jun-2017_rpm570_doc0p015,570.0,0p015,0,2p5inchStickout_F_12-Jun-2017_rpm570_doc0p015_window_0000,no_chatter,validation,"data/01_windowed_labeled_2,5s/2p5inchStickout/F_12-Jun-2017_rpm570_doc0p015/F_12-Jun-2017_rpm570_doc0p015_window_0000.npz",data/02_spectrograms_150x100px_dataset/validation/no_chatter/2p5inchStickout_F_12-Jun-2017_rpm570_doc0p015_window_0000_no_chatter.png,validation
turning,turning,2p5inchStickout,2p5inchStickout/F_12-Jun-2017_rpm570_doc0p015,570.0,0p015,1,2p5inchStickout_F_12-Jun-2017_rpm570_doc0p015_window_0001,no_chatter,train,"data/01_windowed_labeled_2,5s/2p5inchStickout/F_12-Jun-2017_rpm570_doc0p015/F_12-Jun-2017_rpm570_doc0p015_window_0001.npz",data/02_spectrograms_150x100px_dataset/train/no_chatter/2p5inchStickout_F_12-Jun-2017_rpm570_doc0p015_window_0001_no_chatter.png,train
turning,turning,2p5inchStickout,2p5inchStickout/F_12-Jun-2017_rpm570_doc0p015,570.0,0p015,2,2p5inchStickout_F_12-Jun-2017_rpm570_doc0p015_window_0002,no_chatter,train,"data/01_windowed_labeled_2,5s/2p5inchStickout/F_12-Jun-2017_rpm570_doc0p015/F_12-Jun-2017_rpm570_doc0p015_window_0002.npz",data/02_spectrograms_150x100px_dataset/train/no_chatter/2p5inchStickout_F_12-Jun-2017_rpm570_doc0p015_window_0002_no_chatter.png,train
turning,turning,2p5inchStickout,2p5inchStickout/F_12-Jun-2017_rpm570_doc0p015,570.0,0p015,3,2p5inchStickout_F_12-Jun-2017_rpm570_doc0p015_window_0003,no_chatter,train,"data/01_windowed_labeled_2,5s/2p5inchStickout/F_12-Jun-2017_rpm570_doc0p015/F_12-Jun-2017_rpm570_doc0p015_window_0003.npz",data/02_spectrograms_150x100px_dataset/train/no_chatter/2p5inchStickout_F_12-Jun-2017_rpm570_doc0p015_window_0003_no_chatter.png,train
turning,turning,2p5inchStickout,2p5inchStickout/F_12-Jun-2017_rpm570_doc0p015,570.0,0p015,4,2p5inchStickout_F_12-Jun-2017_rpm570_doc0p015_window_0004,no_chatter,train,"data/01_windowed_labeled_2,5s/2p5inchStickout/F_12-Jun-2017_rpm570_doc0p015/F_12-Jun-2017_rpm570_doc0p015_window_0004.npz",data/02_spectrograms_150x100px_dataset/train/no_chatter/2p5inchStickout_F_12-Jun-2017_rpm570_doc0p015_window_0004_no_chatter.png,train
turning,turning,2p5inchStickout,2p5inchStickout/F_12-Jun-2017_rpm570_doc0p015,570.0,0p015,5,2p5inchStickout_F_12-Jun-2017_rpm570_doc0p015_window_0005,no_chatter,train,"data/01_windowed_labeled_2,5s/2p5inchStickout/F_12-Jun-2017_rpm570_doc0p015/F_12-Jun-2017_rpm570_doc0p015_window_0005.npz",data/02_spectrograms_150x100px_dataset/train/no_chatter/2p5inchStickout_F_12-Jun-2017_rpm570_doc0p015_window_0005_no_chatter.png,train
turning,turning,2p5inchStickout,2p5inchStickout/F_12-Jun-2017_rpm570_doc0p015,570.0,0p015,6,2p5inchStickout_F_12-Jun-2017_rpm570_doc0p015_window_0006,no_chatter,train,"data/01_windowed_labeled_2,5s/2p5inchStickout/F_12-Jun-2017_rpm570_doc0p015/F_12-Jun-2017_rpm570_doc0p015_window_0006.npz",data/02_spectrograms_150x100px_dataset/train/no_chatter/2p5inchStickout_F_12-Jun-2017_rpm570_doc0p015_window_0006_no_chatter.png,train
turning,turning,2p5inchStickout,2p5inchStickout/F_12-Jun-2017_rpm570_doc0p015,570.0,0p015,7,2p5inchStickout_F_12-Jun-2017_rpm570_doc0p015_window_0007,no_chatter,train,"data/01_windowed_labeled_2,5s/2p5inchStickout/F_12-Jun-2017_rpm570_doc0p015/F_12-Jun-2017_rpm570_doc0p015_window_0007.npz",data/02_spectrograms_150x100px_dataset/train/no_chatter/2p5inchStickout_F_12-Jun-2017_rpm570_doc0p015_window_0007_no_chatter.png,train
turning,turning,2p5inchStickout,2p5inchStickout/F_12-Jun-2017_rpm570_doc0p015,570.0,0p015,8,2p5inchStickout_F_12-Jun-2017_rpm570_doc0p015_window_0008,no_chatter,train,"data/01_windowed_labeled_2,5s/2p5inchStickout/F_12-Jun-2017_rpm570_doc0p015/F_12-Jun-2017_rpm570_doc0p015_window_0008.npz",data/02_spectrograms_150x100px_dataset/train/no_chatter/2p5inchStickout_F_12-Jun-2017_rpm570_doc0p015_window_0008_no_chatter.png,train
turning,turning,2p5inchStickout,2p5inchStickout/F_12-Jun-2017_rpm570_doc0p015,570.0,0p015,9,2p5inchStickout_F_12-Jun-2017_rpm570_doc0p015_window_0009,no_chatter,train,"data/01_windowed_labeled_2,5s/2p5inchStickout/F_12-Jun-2017_rpm570_doc0p015/F_12-Jun-2017_rpm570_doc0p015_window_0009.npz",data/02_spectrograms_150x100px_dataset/train/no_chatter/2p5inchStickout_F_12-Jun-2017_rpm570_doc0p015_window_0009_no_chatter.png,train
turning,turning,2p5inchStickout,2p5inchStickout/F_12-Jun-2017_rpm570_doc0p015_trial2,570.0,0p015,0,2p5inchStickout_F_12-Jun-2017_rpm570_doc0p015_trial2_window_0000,no_chatter,train,"data/01_windowed_labeled_2,5s/2p5inchStickout/F_12-Jun-2017_rpm570_doc0p015_trial2/F_12-Jun-2017_rpm570_doc0p015_trial2_window_0000.npz",data/02_spectrograms_150x100px_dataset/train/no_chatter/2p5inchStickout_F_12-Jun-2017_rpm570_doc0p015_trial2_window_0000_no_chatter.png,train
turning,turning,2p5inchStickout,2p5inchStickout/F_12-Jun-2017_rpm570_doc0p015_trial2,570.0,0p015,1,2p5inchStickout_F_12-Jun-2017_rpm570_doc0p015_trial2_window_0001,no_chatter,train,"data/01_windowed_labeled_2,5s/2p5inchStickout/F_12-Jun-2017_rpm570_doc0p015_trial2/F_12-Jun-2017_rpm570_doc0p015_trial2_window_0001.npz",data/02_spectrograms_150x100px_dataset/train/no_chatter/2p5inchStickout_F_12-Jun-2017_rpm570_doc0p015_trial2_window_0001_no_chatter.png,train
turning,turning,2p5inchStickout,2p5inchStickout/F_12-Jun-2017_rpm570_doc0p015_trial2,570.0,0p015,2,2p5inchStickout_F_12-Jun-2017_rpm570_doc0p015_trial2_window_0002,chatter,validation,"data/01_windowed_labeled_2,5s/2p5inchStickout/F_12-Jun-2017_rpm570_doc0p015_trial2/F_12-Jun-2017_rpm570_doc0p015_trial2_window_0002.npz",data/02_spectrograms_150x100px_dataset/test/chatter/2p5inchStickout_F_12-Jun-2017_rpm570_doc0p015_trial2_window_0002_chatter.png,test
turning,turning,2p5inchStickout,2p5inchStickout/F_12-Jun-2017_rpm570_doc0p015_trial2,570.0,0p015,3,2p5inchStickout_F_12-Jun-2017_rpm570_doc0p015_trial2_window_0003,chatter,validation,"data/01_windowed_labeled_2,5s/2p5inchStickout/F_12-Jun-2017_rpm570_doc0p015_trial2/F_12-Jun-2017_rpm570_doc0p015_trial2_window_0003.npz",data/02_spectrograms_150x100px_dataset/test/chatter/2p5inchStickout_F_12-Jun-2017_rpm570_doc0p015_trial2_window_0003_chatter.png,test
turning,turning,2p5inchStickout,2p5inchStickout/F_12-Jun-2017_rpm570_doc0p015_trial2,570.0,0p015,4,2p5inchStickout_F_12-Jun-2017_rpm570_doc0p015_trial2_window_0004,chatter,validation,"data/01_windowed_labeled_2,5s/2p5inchStickout/F_12-Jun-2017_rpm570_doc0p015_trial2/F_12-Jun-2017_rpm570_doc0p015_trial2_window_0004.npz",data/02_spectrograms_150x100px_dataset/test/chatter/2p5inchStickout_F_12-Jun-2017_rpm570_doc0p015_trial2_window_0004_chatter.png,test
turning,turning,2p5inchStickout,2p5inchStickout/F_12-Jun-2017_rpm570_doc0p015_trial2,570.0,0p015,5,2p5inchStickout_F_12-Jun-2017_rpm570_doc0p015_trial2_window_0005,chatter,validation,"data/01_windowed_labeled_2,5s/2p5inchStickout/F_12-Jun-2017_rpm570_doc0p015_trial2/F_12-Jun-2017_rpm570_doc0p015_trial2_window_0005.npz",data/02_spectrograms_150x100px_dataset/test/chatter/2p5inchStickout_F_12-Jun-2017_rpm570_doc0p015_trial2_window_0005_chatter.png,test
turning,turning,2p5inchStickout,2p5inchStickout/F_12-Jun-2017_rpm770_doc0p002,770.0,0p002,0,2p5inchStickout_F_12-Jun-2017_rpm770_doc0p002_window_0000,no_chatter,train,"data/01_windowed_labeled_2,5s/2p5inchStickout/F_12-Jun-2017_rpm770_doc0p002/F_12-Jun-2017_rpm770_doc0p002_window_0000.npz",data/02_spectrograms_150x100px_dataset/train/no_chatter/2p5inchStickout_F_12-Jun-2017_rpm770_doc0p002_window_0000_no_chatter.png,train
turning,turning,2p5inchStickout,2p5inchStickout/F_12-Jun-2017_rpm770_doc0p002,770.0,0p002,1,2p5inchStickout_F_12-Jun-2017_rpm770_doc0p002_window_0001,no_chatter,train,"data/01_windowed_labeled_2,5s/2p5inchStickout/F_12-Jun-2017_rpm770_doc0p002/F_12-Jun-2017_rpm770_doc0p002_window_0001.npz",data/02_spectrograms_150x100px_dataset/train/no_chatter/2p5inchStickout_F_12-Jun-2017_rpm770_doc0p002_window_0001_no_chatter.png,train
turning,turning,2p5inchStickout,2p5inchStickout/F_12-Jun-2017_rpm770_doc0p002,770.0,0p002,2,2p5inchStickout_F_12-Jun-2017_rpm770_doc0p002_window_0002,no_chatter,train,"data/01_windowed_labeled_2,5s/2p5inchStickout/F_12-Jun-2017_rpm770_doc0p002/F_12-Jun-2017_rpm770_doc0p002_window_0002.npz",data/02_spectrograms_150x100px_dataset/train/no_chatter/2p5inchStickout_F_12-Jun-2017_rpm770_doc0p002_window_0002_no_chatter.png,train
turning,turning,2p5inchStickout,2p5inchStickout/F_12-Jun-2017_rpm770_doc0p002,770.0,0p002,3,2p5inchStickout_F_12-Jun-2017_rpm770_doc0p002_window_0003,no_chatter,train,"data/01_windowed_labeled_2,5s/2p5inchStickout/F_12-Jun-2017_rpm770_doc0p002/F_12-Jun-2017_rpm770_doc0p002_window_0003.npz",data/02_spectrograms_150x100px_dataset/train/no_chatter/2p5inchStickout_F_12-Jun-2017_rpm770_doc0p002_window_0003_no_chatter.png,train
turning,turning,2p5inchStickout,2p5inchStickout/F_12-Jun-2017_rpm770_doc0p005,770.0,0p005,0,2p5inchStickout_F_12-Jun-2017_rpm770_doc0p005_window_0000,no_chatter,train,"data/01_windowed_labeled_2,5s/2p5inchStickout/F_12-Jun-2017_rpm770_doc0p005/F_12-Jun-2017_rpm770_doc0p005_window_0000.npz",data/02_spectrograms_150x100px_dataset/train/no_chatter/2p5inchStickout_F_12-Jun-2017_rpm770_doc0p005_window_0000_no_chatter.png,train
turning,turning,2p5inchStickout,2p5inchStickout/F_12-Jun-2017_rpm770_doc0p005,770.0,0p005,1,2p5inchStickout_F_12-Jun-2017_rpm770_doc0p005_window_0001,no_chatter,train,"data/01_windowed_labeled_2,5s/2p5inchStickout/F_12-Jun-2017_rpm770_doc0p005/F_12-Jun-2017_rpm770_doc0p005_window_0001.npz",data/02_spectrograms_150x100px_dataset/train/no_chatter/2p5inchStickout_F_12-Jun-2017_rpm770_doc0p005_window_0001_no_chatter.png,train
turning,turning,2p5inchStickout,2p5inchStickout/F_12-Jun-2017_rpm770_doc0p005,770.0,0p005,2,2p5inchStickout_F_12-Jun-2017_rpm770_doc0p005_window_0002,no_chatter,train,"data/01_windowed_labeled_2,5s/2p5inchStickout/F_12-Jun-2017_rpm770_doc0p005/F_12-Jun-2017_rpm770_doc0p005_window_0002.npz",data/02_spectrograms_150x100px_dataset/train/no_chatter/2p5inchStickout_F_12-Jun-2017_rpm770_doc0p005_window_0002_no_chatter.png,train
turning,turning,2p5inchStickout,2p5inchStickout/F_12-Jun-2017_rpm770_doc0p005,770.0,0p005,3,2p5inchStickout_F_12-Jun-2017_rpm770_doc0p005_window_0003,no_chatter,train,"data/01_windowed_labeled_2,5s/2p5inchStickout/F_12-Jun-2017_rpm770_doc0p005/F_12-Jun-2017_rpm770_doc0p005_window_0003.npz",data/02_spectrograms_150x100px_dataset/train/no_chatter/2p5inchStickout_F_12-Jun-2017_rpm770_doc0p005_window_0003_no_chatter.png,train
turning,turning,3inchStickout,3inchStickout/F_12-Jun-2017_rpm570_doc0p015,570.0,0p015,0,3inchStickout_F_12-Jun-2017_rpm570_doc0p015_window_0000,no_chatter,train,"data/01_windowed_labeled_2,5s/3inchStickout/F_12-Jun-2017_rpm570_doc0p015/F_12-Jun-2017_rpm570_doc0p015_window_0000.npz",data/02_spectrograms_150x100px_dataset/train/no_chatter/3inchStickout_F_12-Jun-2017_rpm570_doc0p015_window_0000_no_chatter.png,train
turning,turning,3inchStickout,3inchStickout/F_12-Jun-2017_rpm570_doc0p015,570.0,0p015,1,3inchStickout_F_12-Jun-2017_rpm570_doc0p015_window_0001,no_chatter,validation,"data/01_windowed_labeled_2,5s/3inchStickout/F_12-Jun-2017_rpm570_doc0p015/F_12-Jun-2017_rpm570_doc0p015_window_0001.npz",data/02_spectrograms_150x100px_dataset/test/no_chatter/3inchStickout_F_12-Jun-2017_rpm570_doc0p015_window_0001_no_chatter.png,test
turning,turning,3inchStickout,3inchStickout/F_12-Jun-2017_rpm570_doc0p015,570.0,0p015,2,3inchStickout_F_12-Jun-2017_rpm570_doc0p015_window_0002,no_chatter,train,"data/01_windowed_labeled_2,5s/3inchStickout/F_12-Jun-2017_rpm570_doc0p015/F_12-Jun-2017_rpm570_doc0p015_window_0002.npz",data/02_spectrograms_150x100px_dataset/train/no_chatter/3inchStickout_F_12-Jun-2017_rpm570_doc0p015_window_0002_no_chatter.png,train
turning,turning,3inchStickout,3inchStickout/F_12-Jun-2017_rpm570_doc0p015,570.0,0p015,3,3inchStickout_F_12-Jun-2017_rpm570_doc0p015_window_0003,no_chatter,train,"data/01_windowed_labeled_2,5s/3inchStickout/F_12-Jun-2017_rpm570_doc0p015/F_12-Jun-2017_rpm570_doc0p015_window_0003.npz",data/02_spectrograms_150x100px_dataset/train/no_chatter/3inchStickout_F_12-Jun-2017_rpm570_doc0p015_window_0003_no_chatter.png,train
turning,turning,3inchStickout,3inchStickout/F_12-Jun-2017_rpm570_doc0p015,570.0,0p015,4,3inchStickout_F_12-Jun-2017_rpm570_doc0p015_window_0004,no_chatter,train,"data/01_windowed_labeled_2,5s/3inchStickout/F_12-Jun-2017_rpm570_doc0p015/F_12-Jun-2017_rpm570_doc0p015_window_0004.npz",data/02_spectrograms_150x100px_dataset/train/no_chatter/3inchStickout_F_12-Jun-2017_rpm570_doc0p015_window_0004_no_chatter.png,train
turning,turning,3inchStickout,3inchStickout/F_12-Jun-2017_rpm570_doc0p015,570.0,0p015,5,3inchStickout_F_12-Jun-2017_rpm570_doc0p015_window_0005,no_chatter,train,"data/01_windowed_labeled_2,5s/3inchStickout/F_12-Jun-2017_rpm570_doc0p015/F_12-Jun-2017_rpm570_doc0p015_window_0005.npz",data/02_spectrograms_150x100px_dataset/train/no_chatter/3inchStickout_F_12-Jun-2017_rpm570_doc0p015_window_0005_no_chatter.png,train
turning,turning,3inchStickout,3inchStickout/F_12-Jun-2017_rpm570_doc0p015,570.0,0p015,6,3inchStickout_F_12-Jun-2017_rpm570_doc0p015_window_0006,no_chatter,train,"data/01_windowed_labeled_2,5s/3inchStickout/F_12-Jun-2017_rpm570_doc0p015/F_12-Jun-2017_rpm570_doc0p015_window_0006.npz",data/02_spectrograms_150x100px_dataset/train/no_chatter/3inchStickout_F_12-Jun-2017_rpm570_doc0p015_window_0006_no_chatter.png,train
turning,turning,3inchStickout,3inchStickout/F_12-Jun-2017_rpm570_doc0p015,570.0,0p015,7,3inchStickout_F_12-Jun-2017_rpm570_doc0p015_window_0007,no_chatter,train,"data/01_windowed_labeled_2,5s/3inchStickout/F_12-Jun-2017_rpm570_doc0p015/F_12-Jun-2017_rpm570_doc0p015_window_0007.npz",data/02_spectrograms_150x100px_dataset/train/no_chatter/3inchStickout_F_12-Jun-2017_rpm570_doc0p015_window_0007_no_chatter.png,train
turning,turning,3inchStickout,3inchStickout/F_12-Jun-2017_rpm570_doc0p015,570.0,0p015,8,3inchStickout_F_12-Jun-2017_rpm570_doc0p015_window_0008,no_chatter,train,"data/01_windowed_labeled_2,5s/3inchStickout/F_12-Jun-2017_rpm570_doc0p015/F_12-Jun-2017_rpm570_doc0p015_window_0008.npz",data/02_spectrograms_150x100px_dataset/train/no_chatter/3inchStickout_F_12-Jun-2017_rpm570_doc0p015_window_0008_no_chatter.png,train
turning,turning,3inchStickout,3inchStickout/F_12-Jun-2017_rpm570_doc0p015,570.0,0p015,9,3inchStickout_F_12-Jun-2017_rpm570_doc0p015_window_0009,no_chatter,train,"data/01_windowed_labeled_2,5s/3inchStickout/F_12-Jun-2017_rpm570_doc0p015/F_12-Jun-2017_rpm570_doc0p015_window_0009.npz",data/02_spectrograms_150x100px_dataset/train/no_chatter/3inchStickout_F_12-Jun-2017_rpm570_doc0p015_window_0009_no_chatter.png,train
turning,turning,3p5inchStickout,3p5inchStickout/F_12-Jun-2017_rpm570_doc0p015,570.0,0p015,0,3p5inchStickout_F_12-Jun-2017_rpm570_doc0p015_window_0000,no_chatter,train,"data/01_windowed_labeled_2,5s/3p5inchStickout/F_12-Jun-2017_rpm570_doc0p015/F_12-Jun-2017_rpm570_doc0p015_window_0000.npz",data/02_spectrograms_150x100px_dataset/train/no_chatter/3p5inchStickout_F_12-Jun-2017_rpm570_doc0p015_window_0000_no_chatter.png,train
turning,turning,3p5inchStickout,3p5inchStickout/F_12-Jun-2017_rpm570_doc0p015,570.0,0p015,1,3p5inchStickout_F_12-Jun-2017_rpm570_doc0p015_window_0001,no_chatter,train,"data/01_windowed_labeled_2,5s/3p5inchStickout/F_12-Jun-2017_rpm570_doc0p015/F_12-Jun-2017_rpm570_doc0p015_window_0001.npz",data/02_spectrograms_150x100px_dataset/train/no_chatter/3p5inchStickout_F_12-Jun-2017_rpm570_doc0p015_window_0001_no_chatter.png,train
turning,turning,3p5inchStickout,3p5inchStickout/F_12-Jun-2017_rpm570_doc0p015,570.0,0p015,2,3p5inchStickout_F_12-Jun-2017_rpm570_doc0p015_window_0002,no_chatter,train,"data/01_windowed_labeled_2,5s/3p5inchStickout/F_12-Jun-2017_rpm570_doc0p015/F_12-Jun-2017_rpm570_doc0p015_window_0002.npz",data/02_spectrograms_150x100px_dataset/train/no_chatter/3p5inchStickout_F_12-Jun-2017_rpm570_doc0p015_window_0002_no_chatter.png,train
turning,turning,3p5inchStickout,3p5inchStickout/F_12-Jun-2017_rpm570_doc0p015,570.0,0p015,3,3p5inchStickout_F_12-Jun-2017_rpm570_doc0p015_window_0003,no_chatter,train,"data/01_windowed_labeled_2,5s/3p5inchStickout/F_12-Jun-2017_rpm570_doc0p015/F_12-Jun-2017_rpm570_doc0p015_window_0003.npz",data/02_spectrograms_150x100px_dataset/train/no_chatter/3p5inchStickout_F_12-Jun-2017_rpm570_doc0p015_window_0003_no_chatter.png,train
turning,turning,3p5inchStickout,3p5inchStickout/F_12-Jun-2017_rpm570_doc0p015,570.0,0p015,4,3p5inchStickout_F_12-Jun-2017_rpm570_doc0p015_window_0004,no_chatter,train,"data/01_windowed_labeled_2,5s/3p5inchStickout/F_12-Jun-2017_rpm570_doc0p015/F_12-Jun-2017_rpm570_doc0p015_window_0004.npz",data/02_spectrograms_150x100px_dataset/train/no_chatter/3p5inchStickout_F_12-Jun-2017_rpm570_doc0p015_window_0004_no_chatter.png,train
turning,turning,3p5inchStickout,3p5inchStickout/F_12-Jun-2017_rpm570_doc0p015,570.0,0p015,5,3p5inchStickout_F_12-Jun-2017_rpm570_doc0p015_window_0005,no_chatter,train,"data/01_windowed_labeled_2,5s/3p5inchStickout/F_12-Jun-2017_rpm570_doc0p015/F_12-Jun-2017_rpm570_doc0p015_window_0005.npz",data/02_spectrograms_150x100px_dataset/train/no_chatter/3p5inchStickout_F_12-Jun-2017_rpm570_doc0p015_window_0005_no_chatter.png,train
turning,turning,3p5inchStickout,3p5inchStickout/F_12-Jun-2017_rpm570_doc0p015,570.0,0p015,6,3p5inchStickout_F_12-Jun-2017_rpm570_doc0p015_window_0006,no_chatter,train,"data/01_windowed_labeled_2,5s/3p5inchStickout/F_12-Jun-2017_rpm570_doc0p015/F_12-Jun-2017_rpm570_doc0p015_window_0006.npz",data/02_spectrograms_150x100px_dataset/train/no_chatter/3p5inchStickout_F_12-Jun-2017_rpm570_doc0p015_window_0006_no_chatter.png,train
turning,turning,3p5inchStickout,3p5inchStickout/F_12-Jun-2017_rpm570_doc0p015,570.0,0p015,7,3p5inchStickout_F_12-Jun-2017_rpm570_doc0p015_window_0007,no_chatter,train,"data/01_windowed_labeled_2,5s/3p5inchStickout/F_12-Jun-2017_rpm570_doc0p015/F_12-Jun-2017_rpm570_doc0p015_window_0007.npz",data/02_spectrograms_150x100px_dataset/train/no_chatter/3p5inchStickout_F_12-Jun-2017_rpm570_doc0p015_window_0007_no_chatter.png,train
turning,turning,3p5inchStickout,3p5inchStickout/F_12-Jun-2017_rpm570_doc0p015,570.0,0p015,8,3p5inchStickout_F_12-Jun-2017_rpm570_doc0p015_window_0008,no_chatter,train,"data/01_windowed_labeled_2,5s/3p5inchStickout/F_12-Jun-2017_rpm570_doc0p015/F_12-Jun-2017_rpm570_doc0p015_window_0008.npz",data/02_spectrograms_150x100px_dataset/train/no_chatter/3p5inchStickout_F_12-Jun-2017_rpm570_doc0p015_window_0008_no_chatter.png,train
turning,turning,3p5inchStickout,3p5inchStickout/F_12-Jun-2017_rpm570_doc0p015,570.0,0p015,9,3p5inchStickout_F_12-Jun-2017_rpm570_doc0p015_window_0009,no_chatter,train,"data/01_windowed_labeled_2,5s/3p5inchStickout/F_12-Jun-2017_rpm570_doc0p015/F_12-Jun-2017_rpm570_doc0p015_window_0009.npz",data/02_spectrograms_150x100px_dataset/train/no_chatter/3p5inchStickout_F_12-Jun-2017_rpm570_doc0p015_window_0009_no_chatter.png,train
turning,turning,3p5inchStickout,3p5inchStickout/F_12-Jun-2017_rpm570_doc0p025,570.0,0p025,0,3p5inchStickout_F_12-Jun-2017_rpm570_doc0p025_window_0000,no_chatter,validation,"data/01_windowed_labeled_2,5s/3p5inchStickout/F_12-Jun-2017_rpm570_doc0p025/F_12-Jun-2017_rpm570_doc0p025_window_0000.npz",data/02_spectrograms_150x100px_dataset/validation/no_chatter/3p5inchStickout_F_12-Jun-2017_rpm570_doc0p025_window_0000_no_chatter.png,validation
turning,turning,3p5inchStickout,3p5inchStickout/F_12-Jun-2017_rpm570_doc0p025,570.0,0p025,1,3p5inchStickout_F_12-Jun-2017_rpm570_doc0p025_window_0001,no_chatter,train,"data/01_windowed_labeled_2,5s/3p5inchStickout/F_12-Jun-2017_rpm570_doc0p025/F_12-Jun-2017_rpm570_doc0p025_window_0001.npz",data/02_spectrograms_150x100px_dataset/train/no_chatter/3p5inchStickout_F_12-Jun-2017_rpm570_doc0p025_window_0001_no_chatter.png,train
turning,turning,3p5inchStickout,3p5inchStickout/F_12-Jun-2017_rpm570_doc0p025,570.0,0p025,2,3p5inchStickout_F_12-Jun-2017_rpm570_doc0p025_window_0002,no_chatter,train,"data/01_windowed_labeled_2,5s/3p5inchStickout/F_12-Jun-2017_rpm570_doc0p025/F_12-Jun-2017_rpm570_doc0p025_window_0002.npz",data/02_spectrograms_150x100px_dataset/train/no_chatter/3p5inchStickout_F_12-Jun-2017_rpm570_doc0p025_window_0002_no_chatter.png,train
turning,turning,3p5inchStickout,3p5inchStickout/F_12-Jun-2017_rpm570_doc0p025,570.0,0p025,3,3p5inchStickout_F_12-Jun-2017_rpm570_doc0p025_window_0003,no_chatter,validation,"data/01_windowed_labeled_2,5s/3p5inchStickout/F_12-Jun-2017_rpm570_doc0p025/F_12-Jun-2017_rpm570_doc0p025_window_0003.npz",data/02_spectrograms_150x100px_dataset/validation/no_chatter/3p5inchStickout_F_12-Jun-2017_rpm570_doc0p025_window_0003_no_chatter.png,validation
turning,turning,3p5inchStickout,3p5inchStickout/F_12-Jun-2017_rpm570_doc0p025,570.0,0p025,4,3p5inchStickout_F_12-Jun-2017_rpm570_doc0p025_window_0004,no_chatter,train,"data/01_windowed_labeled_2,5s/3p5inchStickout/F_12-Jun-2017_rpm570_doc0p025/F_12-Jun-2017_rpm570_doc0p025_window_0004.npz",data/02_spectrograms_150x100px_dataset/train/no_chatter/3p5inchStickout_F_12-Jun-2017_rpm570_doc0p025_window_0004_no_chatter.png,train
turning,turning,3p5inchStickout,3p5inchStickout/F_12-Jun-2017_rpm570_doc0p025,570.0,0p025,5,3p5inchStickout_F_12-Jun-2017_rpm570_doc0p025_window_0005,no_chatter,train,"data/01_windowed_labeled_2,5s/3p5inchStickout/F_12-Jun-2017_rpm570_doc0p025/F_12-Jun-2017_rpm570_doc0p025_window_0005.npz",data/02_spectrograms_150x100px_dataset/train/no_chatter/3p5inchStickout_F_12-Jun-2017_rpm570_doc0p025_window_0005_no_chatter.png,train
turning,turning,3p5inchStickout,3p5inchStickout/F_12-Jun-2017_rpm570_doc0p025,570.0,0p025,6,3p5inchStickout_F_12-Jun-2017_rpm570_doc0p025_window_0006,no_chatter,train,"data/01_windowed_labeled_2,5s/3p5inchStickout/F_12-Jun-2017_rpm570_doc0p025/F_12-Jun-2017_rpm570_doc0p025_window_0006.npz",data/02_spectrograms_150x100px_dataset/train/no_chatter/3p5inchStickout_F_12-Jun-2017_rpm570_doc0p025_window_0006_no_chatter.png,train
turning,turning,3p5inchStickout,3p5inchStickout/F_12-Jun-2017_rpm570_doc0p025,570.0,0p025,7,3p5inchStickout_F_12-Jun-2017_rpm570_doc0p025_window_0007,no_chatter,train,"data/01_windowed_labeled_2,5s/3p5inchStickout/F_12-Jun-2017_rpm570_doc0p025/F_12-Jun-2017_rpm570_doc0p025_window_0007.npz",data/02_spectrograms_150x100px_dataset/train/no_chatter/3p5inchStickout_F_12-Jun-2017_rpm570_doc0p025_window_0007_no_chatter.png,train
turning,turning,3p5inchStickout,3p5inchStickout/F_12-Jun-2017_rpm570_doc0p025,570.0,0p025,8,3p5inchStickout_F_12-Jun-2017_rpm570_doc0p025_window_0008,no_chatter,train,"data/01_windowed_labeled_2,5s/3p5inchStickout/F_12-Jun-2017_rpm570_doc0p025/F_12-Jun-2017_rpm570_doc0p025_window_0008.npz",data/02_spectrograms_150x100px_dataset/train/no_chatter/3p5inchStickout_F_12-Jun-2017_rpm570_doc0p025_window_0008_no_chatter.png,train
turning,turning,3p5inchStickout,3p5inchStickout/F_12-Jun-2017_rpm570_doc0p025,570.0,0p025,9,3p5inchStickout_F_12-Jun-2017_rpm570_doc0p025_window_0009,no_chatter,train,"data/01_windowed_labeled_2,5s/3p5inchStickout/F_12-Jun-2017_rpm570_doc0p025/F_12-Jun-2017_rpm570_doc0p025_window_0009.npz",data/02_spectrograms_150x100px_dataset/train/no_chatter/3p5inchStickout_F_12-Jun-2017_rpm570_doc0p025_window_0009_no_chatter.png,train
turning,turning,3p5inchStickout,3p5inchStickout/F_12-Jun-2017_rpm570_doc0p030,570.0,0p030,0,3p5inchStickout_F_12-Jun-2017_rpm570_doc0p030_window_0000,no_chatter,train,"data/01_windowed_labeled_2,5s/3p5inchStickout/F_12-Jun-2017_rpm570_doc0p030/F_12-Jun-2017_rpm570_doc0p030_window_0000.npz",data/02_spectrograms_150x100px_dataset/train/no_chatter/3p5inchStickout_F_12-Jun-2017_rpm570_doc0p030_window_0000_no_chatter.png,train
turning,turning,3p5inchStickout,3p5inchStickout/F_12-Jun-2017_rpm570_doc0p030,570.0,0p030,1,3p5inchStickout_F_12-Jun-2017_rpm570_doc0p030_window_0001,no_chatter,validation,"data/01_windowed_labeled_2,5s/3p5inchStickout/F_12-Jun-2017_rpm570_doc0p030/F_12-Jun-2017_rpm570_doc0p030_window_0001.npz",data/02_spectrograms_150x100px_dataset/test/no_chatter/3p5inchStickout_F_12-Jun-2017_rpm570_doc0p030_window_0001_no_chatter.png,test
turning,turning,3p5inchStickout,3p5inchStickout/F_12-Jun-2017_rpm570_doc0p030,570.0,0p030,2,3p5inchStickout_F_12-Jun-2017_rpm570_doc0p030_window_0002,no_chatter,train,"data/01_windowed_labeled_2,5s/3p5inchStickout/F_12-Jun-2017_rpm570_doc0p030/F_12-Jun-2017_rpm570_doc0p030_window_0002.npz",data/02_spectrograms_150x100px_dataset/train/no_chatter/3p5inchStickout_F_12-Jun-2017_rpm570_doc0p030_window_0002_no_chatter.png,train
turning,turning,3p5inchStickout,3p5inchStickout/F_12-Jun-2017_rpm570_doc0p030,570.0,0p030,3,3p5inchStickout_F_12-Jun-2017_rpm570_doc0p030_window_0003,no_chatter,train,"data/01_windowed_labeled_2,5s/3p5inchStickout/F_12-Jun-2017_rpm570_doc0p030/F_12-Jun-2017_rpm570_doc0p030_window_0003.npz",data/02_spectrograms_150x100px_dataset/train/no_chatter/3p5inchStickout_F_12-Jun-2017_rpm570_doc0p030_window_0003_no_chatter.png,train
turning,turning,3p5inchStickout,3p5inchStickout/F_12-Jun-2017_rpm570_doc0p030,570.0,0p030,4,3p5inchStickout_F_12-Jun-2017_rpm570_doc0p030_window_0004,no_chatter,train,"data/01_windowed_labeled_2,5s/3p5inchStickout/F_12-Jun-2017_rpm570_doc0p030/F_12-Jun-2017_rpm570_doc0p030_window_0004.npz",data/02_spectrograms_150x100px_dataset/train/no_chatter/3p5inchStickout_F_12-Jun-2017_rpm570_doc0p030_window_0004_no_chatter.png,train
turning,turning,3p5inchStickout,3p5inchStickout/F_12-Jun-2017_rpm570_doc0p030,570.0,0p030,5,3p5inchStickout_F_12-Jun-2017_rpm570_doc0p030_window_0005,no_chatter,train,"data/01_windowed_labeled_2,5s/3p5inchStickout/F_12-Jun-2017_rpm570_doc0p030/F_12-Jun-2017_rpm570_doc0p030_window_0005.npz",data/02_spectrograms_150x100px_dataset/train/no_chatter/3p5inchStickout_F_12-Jun-2017_rpm570_doc0p030_window_0005_no_chatter.png,train
turning,turning,3p5inchStickout,3p5inchStickout/F_12-Jun-2017_rpm570_doc0p030,570.0,0p030,6,3p5inchStickout_F_12-Jun-2017_rpm570_doc0p030_window_0006,no_chatter,train,"data/01_windowed_labeled_2,5s/3p5inchStickout/F_12-Jun-2017_rpm570_doc0p030/F_12-Jun-2017_rpm570_doc0p030_window_0006.npz",data/02_spectrograms_150x100px_dataset/train/no_chatter/3p5inchStickout_F_12-Jun-2017_rpm570_doc0p030_window_0006_no_chatter.png,train
turning,turning,3p5inchStickout,3p5inchStickout/F_12-Jun-2017_rpm570_doc0p030,570.0,0p030,7,3p5inchStickout_F_12-Jun-2017_rpm570_doc0p030_window_0007,no_chatter,train,"data/01_windowed_labeled_2,5s/3p5inchStickout/F_12-Jun-2017_rpm570_doc0p030/F_12-Jun-2017_rpm570_doc0p030_window_0007.npz",data/02_spectrograms_150x100px_dataset/train/no_chatter/3p5inchStickout_F_12-Jun-2017_rpm570_doc0p030_window_0007_no_chatter.png,train
turning,turning,3p5inchStickout,3p5inchStickout/F_12-Jun-2017_rpm570_doc0p030,570.0,0p030,8,3p5inchStickout_F_12-Jun-2017_rpm570_doc0p030_window_0008,no_chatter,train,"data/01_windowed_labeled_2,5s/3p5inchStickout/F_12-Jun-2017_rpm570_doc0p030/F_12-Jun-2017_rpm570_doc0p030_window_0008.npz",data/02_spectrograms_150x100px_dataset/train/no_chatter/3p5inchStickout_F_12-Jun-2017_rpm570_doc0p030_window_0008_no_chatter.png,train
turning,turning,3p5inchStickout,3p5inchStickout/F_12-Jun-2017_rpm570_doc0p030,570.0,0p030,9,3p5inchStickout_F_12-Jun-2017_rpm570_doc0p030_window_0009,no_chatter,validation,"data/01_windowed_labeled_2,5s/3p5inchStickout/F_12-Jun-2017_rpm570_doc0p030/F_12-Jun-2017_rpm570_doc0p030_window_0009.npz",data/02_spectrograms_150x100px_dataset/test/no_chatter/3p5inchStickout_F_12-Jun-2017_rpm570_doc0p030_window_0009_no_chatter.png,test
turning,turning,3p5inchStickout,3p5inchStickout/F_14-Jun-2017_rpm1030_doc0p002,1030.0,0p002,0,3p5inchStickout_F_14-Jun-2017_rpm1030_doc0p002_window_0000,no_chatter,train,"data/01_windowed_labeled_2,5s/3p5inchStickout/F_14-Jun-2017_rpm1030_doc0p002/F_14-Jun-2017_rpm1030_doc0p002_window_0000.npz",data/02_spectrograms_150x100px_dataset/train/no_chatter/3p5inchStickout_F_14-Jun-2017_rpm1030_doc0p002_window_0000_no_chatter.png,train
turning,turning,3p5inchStickout,3p5inchStickout/F_14-Jun-2017_rpm1030_doc0p002,1030.0,0p002,1,3p5inchStickout_F_14-Jun-2017_rpm1030_doc0p002_window_0001,no_chatter,train,"data/01_windowed_labeled_2,5s/3p5inchStickout/F_14-Jun-2017_rpm1030_doc0p002/F_14-Jun-2017_rpm1030_doc0p002_window_0001.npz",data/02_spectrograms_150x100px_dataset/train/no_chatter/3p5inchStickout_F_14-Jun-2017_rpm1030_doc0p002_window_0001_no_chatter.png,train
turning,turning,3p5inchStickout,3p5inchStickout/F_14-Jun-2017_rpm1030_doc0p002,1030.0,0p002,2,3p5inchStickout_F_14-Jun-2017_rpm1030_doc0p002_window_0002,no_chatter,train,"data/01_windowed_labeled_2,5s/3p5inchStickout/F_14-Jun-2017_rpm1030_doc0p002/F_14-Jun-2017_rpm1030_doc0p002_window_0002.npz",data/02_spectrograms_150x100px_dataset/train/no_chatter/3p5inchStickout_F_14-Jun-2017_rpm1030_doc0p002_window_0002_no_chatter.png,train
turning,turning,3p5inchStickout,3p5inchStickout/F_14-Jun-2017_rpm770_doc0p005,770.0,0p005,0,3p5inchStickout_F_14-Jun-2017_rpm770_doc0p005_window_0000,no_chatter,validation,"data/01_windowed_labeled_2,5s/3p5inchStickout/F_14-Jun-2017_rpm770_doc0p005/F_14-Jun-2017_rpm770_doc0p005_window_0000.npz",data/02_spectrograms_150x100px_dataset/validation/no_chatter/3p5inchStickout_F_14-Jun-2017_rpm770_doc0p005_window_0000_no_chatter.png,validation
turning,turning,3p5inchStickout,3p5inchStickout/F_14-Jun-2017_rpm770_doc0p005,770.0,0p005,1,3p5inchStickout_F_14-Jun-2017_rpm770_doc0p005_window_0001,no_chatter,train,"data/01_windowed_labeled_2,5s/3p5inchStickout/F_14-Jun-2017_rpm770_doc0p005/F_14-Jun-2017_rpm770_doc0p005_window_0001.npz",data/02_spectrograms_150x100px_dataset/train/no_chatter/3p5inchStickout_F_14-Jun-2017_rpm770_doc0p005_window_0001_no_chatter.png,train
turning,turning,3p5inchStickout,3p5inchStickout/F_14-Jun-2017_rpm770_doc0p005,770.0,0p005,2,3p5inchStickout_F_14-Jun-2017_rpm770_doc0p005_window_0002,no_chatter,train,"data/01_windowed_labeled_2,5s/3p5inchStickout/F_14-Jun-2017_rpm770_doc0p005/F_14-Jun-2017_rpm770_doc0p005_window_0002.npz",data/02_spectrograms_150x100px_dataset/train/no_chatter/3p5inchStickout_F_14-Jun-2017_rpm770_doc0p005_window_0002_no_chatter.png,train
turning,turning,3p5inchStickout,3p5inchStickout/F_14-Jun-2017_rpm770_doc0p005,770.0,0p005,3,3p5inchStickout_F_14-Jun-2017_rpm770_doc0p005_window_0003,no_chatter,train,"data/01_windowed_labeled_2,5s/3p5inchStickout/F_14-Jun-2017_rpm770_doc0p005/F_14-Jun-2017_rpm770_doc0p005_window_0003.npz",data/02_spectrograms_150x100px_dataset/train/no_chatter/3p5inchStickout_F_14-Jun-2017_rpm770_doc0p005_window_0003_no_chatter.png,train
turning,turning,3p5inchStickout,3p5inchStickout/F_14-Jun-2017_rpm770_doc0p008,770.0,0p008,0,3p5inchStickout_F_14-Jun-2017_rpm770_doc0p008_window_0000,no_chatter,train,"data/01_windowed_labeled_2,5s/3p5inchStickout/F_14-Jun-2017_rpm770_doc0p008/F_14-Jun-2017_rpm770_doc0p008_window_0000.npz",data/02_spectrograms_150x100px_dataset/train/no_chatter/3p5inchStickout_F_14-Jun-2017_rpm770_doc0p008_window_0000_no_chatter.png,train
turning,turning,3p5inchStickout,3p5inchStickout/F_14-Jun-2017_rpm770_doc0p008,770.0,0p008,1,3p5inchStickout_F_14-Jun-2017_rpm770_doc0p008_window_0001,no_chatter,train,"data/01_windowed_labeled_2,5s/3p5inchStickout/F_14-Jun-2017_rpm770_doc0p008/F_14-Jun-2017_rpm770_doc0p008_window_0001.npz",data/02_spectrograms_150x100px_dataset/train/no_chatter/3p5inchStickout_F_14-Jun-2017_rpm770_doc0p008_window_0001_no_chatter.png,train
turning,turning,3p5inchStickout,3p5inchStickout/F_14-Jun-2017_rpm770_doc0p008,770.0,0p008,2,3p5inchStickout_F_14-Jun-2017_rpm770_doc0p008_window_0002,no_chatter,train,"data/01_windowed_labeled_2,5s/3p5inchStickout/F_14-Jun-2017_rpm770_doc0p008/F_14-Jun-2017_rpm770_doc0p008_window_0002.npz",data/02_spectrograms_150x100px_dataset/train/no_chatter/3p5inchStickout_F_14-Jun-2017_rpm770_doc0p008_window_0002_no_chatter.png,train
turning,turning,3p5inchStickout,3p5inchStickout/F_14-Jun-2017_rpm770_doc0p008,770.0,0p008,3,3p5inchStickout_F_14-Jun-2017_rpm770_doc0p008_window_0003,no_chatter,validation,"data/01_windowed_labeled_2,5s/3p5inchStickout/F_14-Jun-2017_rpm770_doc0p008/F_14-Jun-2017_rpm770_doc0p008_window_0003.npz",data/02_spectrograms_150x100px_dataset/test/no_chatter/3p5inchStickout_F_14-Jun-2017_rpm770_doc0p008_window_0003_no_chatter.png,test
turning,turning,3p5inchStickout,3p5inchStickout/F_14-Jun-2017_rpm770_doc0p010,770.0,0p010,0,3p5inchStickout_F_14-Jun-2017_rpm770_doc0p010_window_0000,no_chatter,train,"data/01_windowed_labeled_2,5s/3p5inchStickout/F_14-Jun-2017_rpm770_doc0p010/F_14-Jun-2017_rpm770_doc0p010_window_0000.npz",data/02_spectrograms_150x100px_dataset/train/no_chatter/3p5inchStickout_F_14-Jun-2017_rpm770_doc0p010_window_0000_no_chatter.png,train
turning,turning,3p5inchStickout,3p5inchStickout/F_14-Jun-2017_rpm770_doc0p010,770.0,0p010,1,3p5inchStickout_F_14-Jun-2017_rpm770_doc0p010_window_0001,no_chatter,train,"data/01_windowed_labeled_2,5s/3p5inchStickout/F_14-Jun-2017_rpm770_doc0p010/F_14-Jun-2017_rpm770_doc0p010_window_0001.npz",data/02_spectrograms_150x100px_dataset/train/no_chatter/3p5inchStickout_F_14-Jun-2017_rpm770_doc0p010_window_0001_no_chatter.png,train
turning,turning,3p5inchStickout,3p5inchStickout/F_14-Jun-2017_rpm770_doc0p010,770.0,0p010,2,3p5inchStickout_F_14-Jun-2017_rpm770_doc0p010_window_0002,no_chatter,train,"data/01_windowed_labeled_2,5s/3p5inchStickout/F_14-Jun-2017_rpm770_doc0p010/F_14-Jun-2017_rpm770_doc0p010_window_0002.npz",data/02_spectrograms_150x100px_dataset/train/no_chatter/3p5inchStickout_F_14-Jun-2017_rpm770_doc0p010_window_0002_no_chatter.png,train
turning,turning,3p5inchStickout,3p5inchStickout/F_14-Jun-2017_rpm770_doc0p010,770.0,0p010,3,3p5inchStickout_F_14-Jun-2017_rpm770_doc0p010_window_0003,no_chatter,train,"data/01_windowed_labeled_2,5s/3p5inchStickout/F_14-Jun-2017_rpm770_doc0p010/F_14-Jun-2017_rpm770_doc0p010_window_0003.npz",data/02_spectrograms_150x100px_dataset/train/no_chatter/3p5inchStickout_F_14-Jun-2017_rpm770_doc0p010_window_0003_no_chatter.png,train
turning,turning,3p5inchStickout,3p5inchStickout/F_14-Jun-2017_rpm770_doc0p015,770.0,0p015,0,3p5inchStickout_F_14-Jun-2017_rpm770_doc0p015_window_0000,no_chatter,validation,"data/01_windowed_labeled_2,5s/3p5inchStickout/F_14-Jun-2017_rpm770_doc0p015/F_14-Jun-2017_rpm770_doc0p015_window_0000.npz",data/02_spectrograms_150x100px_dataset/validation/no_chatter/3p5inchStickout_F_14-Jun-2017_rpm770_doc0p015_window_0000_no_chatter.png,validation
turning,turning,3p5inchStickout,3p5inchStickout/F_14-Jun-2017_rpm770_doc0p015,770.0,0p015,1,3p5inchStickout_F_14-Jun-2017_rpm770_doc0p015_window_0001,no_chatter,train,"data/01_windowed_labeled_2,5s/3p5inchStickout/F_14-Jun-2017_rpm770_doc0p015/F_14-Jun-2017_rpm770_doc0p015_window_0001.npz",data/02_spectrograms_150x100px_dataset/train/no_chatter/3p5inchStickout_F_14-Jun-2017_rpm770_doc0p015_window_0001_no_chatter.png,train
turning,turning,3p5inchStickout,3p5inchStickout/F_14-Jun-2017_rpm770_doc0p015,770.0,0p015,2,3p5inchStickout_F_14-Jun-2017_rpm770_doc0p015_window_0002,no_chatter,train,"data/01_windowed_labeled_2,5s/3p5inchStickout/F_14-Jun-2017_rpm770_doc0p015/F_14-Jun-2017_rpm770_doc0p015_window_0002.npz",data/02_spectrograms_150x100px_dataset/train/no_chatter/3p5inchStickout_F_14-Jun-2017_rpm770_doc0p015_window_0002_no_chatter.png,train
turning,turning,3p5inchStickout,3p5inchStickout/F_14-Jun-2017_rpm770_doc0p015,770.0,0p015,3,3p5inchStickout_F_14-Jun-2017_rpm770_doc0p015_window_0003,no_chatter,validation,"data/01_windowed_labeled_2,5s/3p5inchStickout/F_14-Jun-2017_rpm770_doc0p015/F_14-Jun-2017_rpm770_doc0p015_window_0003.npz",data/02_spectrograms_150x100px_dataset/validation/no_chatter/3p5inchStickout_F_14-Jun-2017_rpm770_doc0p015_window_0003_no_chatter.png,validation
turning,turning,4p5inchStickout,4p5inchStickout/F_12-Jun-2017_rpm570_doc0p005,570.0,0p005,0,4p5inchStickout_F_12-Jun-2017_rpm570_doc0p005_window_0000,no_chatter,validation,"data/01_windowed_labeled_2,5s/4p5inchStickout/F_12-Jun-2017_rpm570_doc0p005/F_12-Jun-2017_rpm570_doc0p005_window_0000.npz",data/02_spectrograms_150x100px_dataset/validation/no_chatter/4p5inchStickout_F_12-Jun-2017_rpm570_doc0p005_window_0000_no_chatter.png,validation
turning,turning,4p5inchStickout,4p5inchStickout/F_12-Jun-2017_rpm570_doc0p005,570.0,0p005,1,4p5inchStickout_F_12-Jun-2017_rpm570_doc0p005_window_0001,no_chatter,train,"data/01_windowed_labeled_2,5s/4p5inchStickout/F_12-Jun-2017_rpm570_doc0p005/F_12-Jun-2017_rpm570_doc0p005_window_0001.npz",data/02_spectrograms_150x100px_dataset/train/no_chatter/4p5inchStickout_F_12-Jun-2017_rpm570_doc0p005_window_0001_no_chatter.png,train
turning,turning,4p5inchStickout,4p5inchStickout/F_12-Jun-2017_rpm570_doc0p005,570.0,0p005,2,4p5inchStickout_F_12-Jun-2017_rpm570_doc0p005_window_0002,no_chatter,validation,"data/01_windowed_labeled_2,5s/4p5inchStickout/F_12-Jun-2017_rpm570_doc0p005/F_12-Jun-2017_rpm570_doc0p005_window_0002.npz",data/02_spectrograms_150x100px_dataset/validation/no_chatter/4p5inchStickout_F_12-Jun-2017_rpm570_doc0p005_window_0002_no_chatter.png,validation
turning,turning,4p5inchStickout,4p5inchStickout/F_12-Jun-2017_rpm570_doc0p005,570.0,0p005,3,4p5inchStickout_F_12-Jun-2017_rpm570_doc0p005_window_0003,no_chatter,train,"data/01_windowed_labeled_2,5s/4p5inchStickout/F_12-Jun-2017_rpm570_doc0p005/F_12-Jun-2017_rpm570_doc0p005_window_0003.npz",data/02_spectrograms_150x100px_dataset/train/no_chatter/4p5inchStickout_F_12-Jun-2017_rpm570_doc0p005_window_0003_no_chatter.png,train
turning,turning,4p5inchStickout,4p5inchStickout/F_12-Jun-2017_rpm570_doc0p005,570.0,0p005,4,4p5inchStickout_F_12-Jun-2017_rpm570_doc0p005_window_0004,no_chatter,train,"data/01_windowed_labeled_2,5s/4p5inchStickout/F_12-Jun-2017_rpm570_doc0p005/F_12-Jun-2017_rpm570_doc0p005_window_0004.npz",data/02_spectrograms_150x100px_dataset/train/no_chatter/4p5inchStickout_F_12-Jun-2017_rpm570_doc0p005_window_0004_no_chatter.png,train
turning,turning,4p5inchStickout,4p5inchStickout/F_12-Jun-2017_rpm570_doc0p005,570.0,0p005,5,4p5inchStickout_F_12-Jun-2017_rpm570_doc0p005_window_0005,no_chatter,validation,"data/01_windowed_labeled_2,5s/4p5inchStickout/F_12-Jun-2017_rpm570_doc0p005/F_12-Jun-2017_rpm570_doc0p005_window_0005.npz",data/02_spectrograms_150x100px_dataset/validation/no_chatter/4p5inchStickout_F_12-Jun-2017_rpm570_doc0p005_window_0005_no_chatter.png,validation
turning,turning,4p5inchStickout,4p5inchStickout/F_12-Jun-2017_rpm570_doc0p005,570.0,0p005,6,4p5inchStickout_F_12-Jun-2017_rpm570_doc0p005_window_0006,no_chatter,train,"data/01_windowed_labeled_2,5s/4p5inchStickout/F_12-Jun-2017_rpm570_doc0p005/F_12-Jun-2017_rpm570_doc0p005_window_0006.npz",data/02_spectrograms_150x100px_dataset/train/no_chatter/4p5inchStickout_F_12-Jun-2017_rpm570_doc0p005_window_0006_no_chatter.png,train
turning,turning,4p5inchStickout,4p5inchStickout/F_12-Jun-2017_rpm570_doc0p005,570.0,0p005,7,4p5inchStickout_F_12-Jun-2017_rpm570_doc0p005_window_0007,no_chatter,train,"data/01_windowed_labeled_2,5s/4p5inchStickout/F_12-Jun-2017_rpm570_doc0p005/F_12-Jun-2017_rpm570_doc0p005_window_0007.npz",data/02_spectrograms_150x100px_dataset/train/no_chatter/4p5inchStickout_F_12-Jun-2017_rpm570_doc0p005_window_0007_no_chatter.png,train
turning,turning,4p5inchStickout,4p5inchStickout/F_12-Jun-2017_rpm570_doc0p005,570.0,0p005,8,4p5inchStickout_F_12-Jun-2017_rpm570_doc0p005_window_0008,no_chatter,train,"data/01_windowed_labeled_2,5s/4p5inchStickout/F_12-Jun-2017_rpm570_doc0p005/F_12-Jun-2017_rpm570_doc0p005_window_0008.npz",data/02_spectrograms_150x100px_dataset/train/no_chatter/4p5inchStickout_F_12-Jun-2017_rpm570_doc0p005_window_0008_no_chatter.png,train
turning,turning,4p5inchStickout,4p5inchStickout/F_12-Jun-2017_rpm570_doc0p005,570.0,0p005,9,4p5inchStickout_F_12-Jun-2017_rpm570_doc0p005_window_0009,no_chatter,train,"data/01_windowed_labeled_2,5s/4p5inchStickout/F_12-Jun-2017_rpm570_doc0p005/F_12-Jun-2017_rpm570_doc0p005_window_0009.npz",data/02_spectrograms_150x100px_dataset/train/no_chatter/4p5inchStickout_F_12-Jun-2017_rpm570_doc0p005_window_0009_no_chatter.png,train
turning,turning,4p5inchStickout,4p5inchStickout/F_12-Jun-2017_rpm570_doc0p005,570.0,0p005,10,4p5inchStickout_F_12-Jun-2017_rpm570_doc0p005_window_0010,no_chatter,train,"data/01_windowed_labeled_2,5s/4p5inchStickout/F_12-Jun-2017_rpm570_doc0p005/F_12-Jun-2017_rpm570_doc0p005_window_0010.npz",data/02_spectrograms_150x100px_dataset/train/no_chatter/4p5inchStickout_F_12-Jun-2017_rpm570_doc0p005_window_0010_no_chatter.png,train
turning,turning,4p5inchStickout,4p5inchStickout/F_12-Jun-2017_rpm570_doc0p005,570.0,0p005,11,4p5inchStickout_F_12-Jun-2017_rpm570_doc0p005_window_0011,no_chatter,train,"data/01_windowed_labeled_2,5s/4p5inchStickout/F_12-Jun-2017_rpm570_doc0p005/F_12-Jun-2017_rpm570_doc0p005_window_0011.npz",data/02_spectrograms_150x100px_dataset/train/no_chatter/4p5inchStickout_F_12-Jun-2017_rpm570_doc0p005_window_0011_no_chatter.png,train
turning,turning,4p5inchStickout,4p5inchStickout/F_12-Jun-2017_rpm570_doc0p010,570.0,0p010,0,4p5inchStickout_F_12-Jun-2017_rpm570_doc0p010_window_0000,no_chatter,train,"data/01_windowed_labeled_2,5s/4p5inchStickout/F_12-Jun-2017_rpm570_doc0p010/F_12-Jun-2017_rpm570_doc0p010_window_0000.npz",data/02_spectrograms_150x100px_dataset/train/no_chatter/4p5inchStickout_F_12-Jun-2017_rpm570_doc0p010_window_0000_no_chatter.png,train
turning,turning,4p5inchStickout,4p5inchStickout/F_12-Jun-2017_rpm570_doc0p010,570.0,0p010,1,4p5inchStickout_F_12-Jun-2017_rpm570_doc0p010_window_0001,no_chatter,train,"data/01_windowed_labeled_2,5s/4p5inchStickout/F_12-Jun-2017_rpm570_doc0p010/F_12-Jun-2017_rpm570_doc0p010_window_0001.npz",data/02_spectrograms_150x100px_dataset/train/no_chatter/4p5inchStickout_F_12-Jun-2017_rpm570_doc0p010_window_0001_no_chatter.png,train
turning,turning,4p5inchStickout,4p5inchStickout/F_12-Jun-2017_rpm570_doc0p010,570.0,0p010,2,4p5inchStickout_F_12-Jun-2017_rpm570_doc0p010_window_0002,no_chatter,validation,"data/01_windowed_labeled_2,5s/4p5inchStickout/F_12-Jun-2017_rpm570_doc0p010/F_12-Jun-2017_rpm570_doc0p010_window_0002.npz",data/02_spectrograms_150x100px_dataset/test/no_chatter/4p5inchStickout_F_12-Jun-2017_rpm570_doc0p010_window_0002_no_chatter.png,test
turning,turning,4p5inchStickout,4p5inchStickout/F_12-Jun-2017_rpm570_doc0p010,570.0,0p010,3,4p5inchStickout_F_12-Jun-2017_rpm570_doc0p010_window_0003,no_chatter,train,"data/01_windowed_labeled_2,5s/4p5inchStickout/F_12-Jun-2017_rpm570_doc0p010/F_12-Jun-2017_rpm570_doc0p010_window_0003.npz",data/02_spectrograms_150x100px_dataset/train/no_chatter/4p5inchStickout_F_12-Jun-2017_rpm570_doc0p010_window_0003_no_chatter.png,train
turning,turning,4p5inchStickout,4p5inchStickout/F_12-Jun-2017_rpm570_doc0p010,570.0,0p010,4,4p5inchStickout_F_12-Jun-2017_rpm570_doc0p010_window_0004,no_chatter,train,"data/01_windowed_labeled_2,5s/4p5inchStickout/F_12-Jun-2017_rpm570_doc0p010/F_12-Jun-2017_rpm570_doc0p010_window_0004.npz",data/02_spectrograms_150x100px_dataset/train/no_chatter/4p5inchStickout_F_12-Jun-2017_rpm570_doc0p010_window_0004_no_chatter.png,train
turning,turning,4p5inchStickout,4p5inchStickout/F_12-Jun-2017_rpm570_doc0p010,570.0,0p010,5,4p5inchStickout_F_12-Jun-2017_rpm570_doc0p010_window_0005,no_chatter,train,"data/01_windowed_labeled_2,5s/4p5inchStickout/F_12-Jun-2017_rpm570_doc0p010/F_12-Jun-2017_rpm570_doc0p010_window_0005.npz",data/02_spectrograms_150x100px_dataset/train/no_chatter/4p5inchStickout_F_12-Jun-2017_rpm570_doc0p010_window_0005_no_chatter.png,train
turning,turning,4p5inchStickout,4p5inchStickout/F_12-Jun-2017_rpm570_doc0p010,570.0,0p010,6,4p5inchStickout_F_12-Jun-2017_rpm570_doc0p010_window_0006,no_chatter,train,"data/01_windowed_labeled_2,5s/4p5inchStickout/F_12-Jun-2017_rpm570_doc0p010/F_12-Jun-2017_rpm570_doc0p010_window_0006.npz",data/02_spectrograms_150x100px_dataset/train/no_chatter/4p5inchStickout_F_12-Jun-2017_rpm570_doc0p010_window_0006_no_chatter.png,train
turning,turning,4p5inchStickout,4p5inchStickout/F_12-Jun-2017_rpm570_doc0p010,570.0,0p010,7,4p5inchStickout_F_12-Jun-2017_rpm570_doc0p010_window_0007,no_chatter,train,"data/01_windowed_labeled_2,5s/4p5inchStickout/F_12-Jun-2017_rpm570_doc0p010/F_12-Jun-2017_rpm570_doc0p010_window_0007.npz",data/02_spectrograms_150x100px_dataset/train/no_chatter/4p5inchStickout_F_12-Jun-2017_rpm570_doc0p010_window_0007_no_chatter.png,train
turning,turning,4p5inchStickout,4p5inchStickout/F_12-Jun-2017_rpm570_doc0p010,570.0,0p010,8,4p5inchStickout_F_12-Jun-2017_rpm570_doc0p010_window_0008,no_chatter,train,"data/01_windowed_labeled_2,5s/4p5inchStickout/F_12-Jun-2017_rpm570_doc0p010/F_12-Jun-2017_rpm570_doc0p010_window_0008.npz",data/02_spectrograms_150x100px_dataset/train/no_chatter/4p5inchStickout_F_12-Jun-2017_rpm570_doc0p010_window_0008_no_chatter.png,train
turning,turning,4p5inchStickout,4p5inchStickout/F_12-Jun-2017_rpm570_doc0p010,570.0,0p010,9,4p5inchStickout_F_12-Jun-2017_rpm570_doc0p010_window_0009,no_chatter,train,"data/01_windowed_labeled_2,5s/4p5inchStickout/F_12-Jun-2017_rpm570_doc0p010/F_12-Jun-2017_rpm570_doc0p010_window_0009.npz",data/02_spectrograms_150x100px_dataset/train/no_chatter/4p5inchStickout_F_12-Jun-2017_rpm570_doc0p010_window_0009_no_chatter.png,train
turning,turning,4p5inchStickout,4p5inchStickout/F_12-Jun-2017_rpm570_doc0p010,570.0,0p010,10,4p5inchStickout_F_12-Jun-2017_rpm570_doc0p010_window_0010,no_chatter,train,"data/01_windowed_labeled_2,5s/4p5inchStickout/F_12-Jun-2017_rpm570_doc0p010/F_12-Jun-2017_rpm570_doc0p010_window_0010.npz",data/02_spectrograms_150x100px_dataset/train/no_chatter/4p5inchStickout_F_12-Jun-2017_rpm570_doc0p010_window_0010_no_chatter.png,train
turning,turning,4p5inchStickout,4p5inchStickout/F_12-Jun-2017_rpm570_doc0p010,570.0,0p010,11,4p5inchStickout_F_12-Jun-2017_rpm570_doc0p010_window_0011,no_chatter,train,"data/01_windowed_labeled_2,5s/4p5inchStickout/F_12-Jun-2017_rpm570_doc0p010/F_12-Jun-2017_rpm570_doc0p010_window_0011.npz",data/02_spectrograms_150x100px_dataset/train/no_chatter/4p5inchStickout_F_12-Jun-2017_rpm570_doc0p010_window_0011_no_chatter.png,train
turning,turning,4p5inchStickout,4p5inchStickout/F_12-Jun-2017_rpm570_doc0p015,570.0,0p015,0,4p5inchStickout_F_12-Jun-2017_rpm570_doc0p015_window_0000,no_chatter,train,"data/01_windowed_labeled_2,5s/4p5inchStickout/F_12-Jun-2017_rpm570_doc0p015/F_12-Jun-2017_rpm570_doc0p015_window_0000.npz",data/02_spectrograms_150x100px_dataset/train/no_chatter/4p5inchStickout_F_12-Jun-2017_rpm570_doc0p015_window_0000_no_chatter.png,train
turning,turning,4p5inchStickout,4p5inchStickout/F_12-Jun-2017_rpm570_doc0p015,570.0,0p015,1,4p5inchStickout_F_12-Jun-2017_rpm570_doc0p015_window_0001,no_chatter,train,"data/01_windowed_labeled_2,5s/4p5inchStickout/F_12-Jun-2017_rpm570_doc0p015/F_12-Jun-2017_rpm570_doc0p015_window_0001.npz",data/02_spectrograms_150x100px_dataset/train/no_chatter/4p5inchStickout_F_12-Jun-2017_rpm570_doc0p015_window_0001_no_chatter.png,train
turning,turning,4p5inchStickout,4p5inchStickout/F_12-Jun-2017_rpm570_doc0p015,570.0,0p015,2,4p5inchStickout_F_12-Jun-2017_rpm570_doc0p015_window_0002,no_chatter,train,"data/01_windowed_labeled_2,5s/4p5inchStickout/F_12-Jun-2017_rpm570_doc0p015/F_12-Jun-2017_rpm570_doc0p015_window_0002.npz",data/02_spectrograms_150x100px_dataset/train/no_chatter/4p5inchStickout_F_12-Jun-2017_rpm570_doc0p015_window_0002_no_chatter.png,train
turning,turning,4p5inchStickout,4p5inchStickout/F_12-Jun-2017_rpm570_doc0p015,570.0,0p015,3,4p5inchStickout_F_12-Jun-2017_rpm570_doc0p015_window_0003,no_chatter,train,"data/01_windowed_labeled_2,5s/4p5inchStickout/F_12-Jun-2017_rpm570_doc0p015/F_12-Jun-2017_rpm570_doc0p015_window_0003.npz",data/02_spectrograms_150x100px_dataset/train/no_chatter/4p5inchStickout_F_12-Jun-2017_rpm570_doc0p015_window_0003_no_chatter.png,train
turning,turning,4p5inchStickout,4p5inchStickout/F_12-Jun-2017_rpm570_doc0p015,570.0,0p015,4,4p5inchStickout_F_12-Jun-2017_rpm570_doc0p015_window_0004,no_chatter,train,"data/01_windowed_labeled_2,5s/4p5inchStickout/F_12-Jun-2017_rpm570_doc0p015/F_12-Jun-2017_rpm570_doc0p015_window_0004.npz",data/02_spectrograms_150x100px_dataset/train/no_chatter/4p5inchStickout_F_12-Jun-2017_rpm570_doc0p015_window_0004_no_chatter.png,train
turning,turning,4p5inchStickout,4p5inchStickout/F_12-Jun-2017_rpm570_doc0p015,570.0,0p015,5,4p5inchStickout_F_12-Jun-2017_rpm570_doc0p015_window_0005,no_chatter,train,"data/01_windowed_labeled_2,5s/4p5inchStickout/F_12-Jun-2017_rpm570_doc0p015/F_12-Jun-2017_rpm570_doc0p015_window_0005.npz",data/02_spectrograms_150x100px_dataset/train/no_chatter/4p5inchStickout_F_12-Jun-2017_rpm570_doc0p015_window_0005_no_chatter.png,train
turning,turning,4p5inchStickout,4p5inchStickout/F_12-Jun-2017_rpm570_doc0p015,570.0,0p015,6,4p5inchStickout_F_12-Jun-2017_rpm570_doc0p015_window_0006,no_chatter,train,"data/01_windowed_labeled_2,5s/4p5inchStickout/F_12-Jun-2017_rpm570_doc0p015/F_12-Jun-2017_rpm570_doc0p015_window_0006.npz",data/02_spectrograms_150x100px_dataset/train/no_chatter/4p5inchStickout_F_12-Jun-2017_rpm570_doc0p015_window_0006_no_chatter.png,train
turning,turning,4p5inchStickout,4p5inchStickout/F_12-Jun-2017_rpm570_doc0p015,570.0,0p015,7,4p5inchStickout_F_12-Jun-2017_rpm570_doc0p015_window_0007,no_chatter,train,"data/01_windowed_labeled_2,5s/4p5inchStickout/F_12-Jun-2017_rpm570_doc0p015/F_12-Jun-2017_rpm570_doc0p015_window_0007.npz",data/02_spectrograms_150x100px_dataset/train/no_chatter/4p5inchStickout_F_12-Jun-2017_rpm570_doc0p015_window_0007_no_chatter.png,train
turning,turning,4p5inchStickout,4p5inchStickout/F_12-Jun-2017_rpm570_doc0p015,570.0,0p015,8,4p5inchStickout_F_12-Jun-2017_rpm570_doc0p015_window_0008,no_chatter,train,"data/01_windowed_labeled_2,5s/4p5inchStickout/F_12-Jun-2017_rpm570_doc0p015/F_12-Jun-2017_rpm570_doc0p015_window_0008.npz",data/02_spectrograms_150x100px_dataset/train/no_chatter/4p5inchStickout_F_12-Jun-2017_rpm570_doc0p015_window_0008_no_chatter.png,train
turning,turning,4p5inchStickout,4p5inchStickout/F_12-Jun-2017_rpm570_doc0p015,570.0,0p015,9,4p5inchStickout_F_12-Jun-2017_rpm570_doc0p015_window_0009,no_chatter,train,"data/01_windowed_labeled_2,5s/4p5inchStickout/F_12-Jun-2017_rpm570_doc0p015/F_12-Jun-2017_rpm570_doc0p015_window_0009.npz",data/02_spectrograms_150x100px_dataset/train/no_chatter/4p5inchStickout_F_12-Jun-2017_rpm570_doc0p015_window_0009_no_chatter.png,train
turning,turning,4p5inchStickout,4p5inchStickout/F_12-Jun-2017_rpm570_doc0p015,570.0,0p015,10,4p5inchStickout_F_12-Jun-2017_rpm570_doc0p015_window_0010,no_chatter,train,"data/01_windowed_labeled_2,5s/4p5inchStickout/F_12-Jun-2017_rpm570_doc0p015/F_12-Jun-2017_rpm570_doc0p015_window_0010.npz",data/02_spectrograms_150x100px_dataset/train/no_chatter/4p5inchStickout_F_12-Jun-2017_rpm570_doc0p015_window_0010_no_chatter.png,train
turning,turning,4p5inchStickout,4p5inchStickout/F_12-Jun-2017_rpm570_doc0p015,570.0,0p015,11,4p5inchStickout_F_12-Jun-2017_rpm570_doc0p015_window_0011,no_chatter,train,"data/01_windowed_labeled_2,5s/4p5inchStickout/F_12-Jun-2017_rpm570_doc0p015/F_12-Jun-2017_rpm570_doc0p015_window_0011.npz",data/02_spectrograms_150x100px_dataset/train/no_chatter/4p5inchStickout_F_12-Jun-2017_rpm570_doc0p015_window_0011_no_chatter.png,train
turning,turning,4p5inchStickout,4p5inchStickout/F_12-Jun-2017_rpm570_doc0p025,570.0,0p025,0,4p5inchStickout_F_12-Jun-2017_rpm570_doc0p025_window_0000,no_chatter,train,"data/01_windowed_labeled_2,5s/4p5inchStickout/F_12-Jun-2017_rpm570_doc0p025/F_12-Jun-2017_rpm570_doc0p025_window_0000.npz",data/02_spectrograms_150x100px_dataset/train/no_chatter/4p5inchStickout_F_12-Jun-2017_rpm570_doc0p025_window_0000_no_chatter.png,train
turning,turning,4p5inchStickout,4p5inchStickout/F_12-Jun-2017_rpm570_doc0p025,570.0,0p025,1,4p5inchStickout_F_12-Jun-2017_rpm570_doc0p025_window_0001,no_chatter,train,"data/01_windowed_labeled_2,5s/4p5inchStickout/F_12-Jun-2017_rpm570_doc0p025/F_12-Jun-2017_rpm570_doc0p025_window_0001.npz",data/02_spectrograms_150x100px_dataset/train/no_chatter/4p5inchStickout_F_12-Jun-2017_rpm570_doc0p025_window_0001_no_chatter.png,train
turning,turning,4p5inchStickout,4p5inchStickout/F_12-Jun-2017_rpm570_doc0p025,570.0,0p025,2,4p5inchStickout_F_12-Jun-2017_rpm570_doc0p025_window_0002,no_chatter,train,"data/01_windowed_labeled_2,5s/4p5inchStickout/F_12-Jun-2017_rpm570_doc0p025/F_12-Jun-2017_rpm570_doc0p025_window_0002.npz",data/02_spectrograms_150x100px_dataset/train/no_chatter/4p5inchStickout_F_12-Jun-2017_rpm570_doc0p025_window_0002_no_chatter.png,train
turning,turning,4p5inchStickout,4p5inchStickout/F_12-Jun-2017_rpm570_doc0p025,570.0,0p025,3,4p5inchStickout_F_12-Jun-2017_rpm570_doc0p025_window_0003,no_chatter,train,"data/01_windowed_labeled_2,5s/4p5inchStickout/F_12-Jun-2017_rpm570_doc0p025/F_12-Jun-2017_rpm570_doc0p025_window_0003.npz",data/02_spectrograms_150x100px_dataset/train/no_chatter/4p5inchStickout_F_12-Jun-2017_rpm570_doc0p025_window_0003_no_chatter.png,train
turning,turning,4p5inchStickout,4p5inchStickout/F_12-Jun-2017_rpm570_doc0p025,570.0,0p025,4,4p5inchStickout_F_12-Jun-2017_rpm570_doc0p025_window_0004,no_chatter,train,"data/01_windowed_labeled_2,5s/4p5inchStickout/F_12-Jun-2017_rpm570_doc0p025/F_12-Jun-2017_rpm570_doc0p025_window_0004.npz",data/02_spectrograms_150x100px_dataset/train/no_chatter/4p5inchStickout_F_12-Jun-2017_rpm570_doc0p025_window_0004_no_chatter.png,train
turning,turning,4p5inchStickout,4p5inchStickout/F_12-Jun-2017_rpm570_doc0p025,570.0,0p025,5,4p5inchStickout_F_12-Jun-2017_rpm570_doc0p025_window_0005,no_chatter,train,"data/01_windowed_labeled_2,5s/4p5inchStickout/F_12-Jun-2017_rpm570_doc0p025/F_12-Jun-2017_rpm570_doc0p025_window_0005.npz",data/02_spectrograms_150x100px_dataset/train/no_chatter/4p5inchStickout_F_12-Jun-2017_rpm570_doc0p025_window_0005_no_chatter.png,train
turning,turning,4p5inchStickout,4p5inchStickout/F_12-Jun-2017_rpm570_doc0p025,570.0,0p025,6,4p5inchStickout_F_12-Jun-2017_rpm570_doc0p025_window_0006,no_chatter,validation,"data/01_windowed_labeled_2,5s/4p5inchStickout/F_12-Jun-2017_rpm570_doc0p025/F_12-Jun-2017_rpm570_doc0p025_window_0006.npz",data/02_spectrograms_150x100px_dataset/test/no_chatter/4p5inchStickout_F_12-Jun-2017_rpm570_doc0p025_window_0006_no_chatter.png,test
turning,turning,4p5inchStickout,4p5inchStickout/F_12-Jun-2017_rpm570_doc0p025,570.0,0p025,7,4p5inchStickout_F_12-Jun-2017_rpm570_doc0p025_window_0007,no_chatter,train,"data/01_windowed_labeled_2,5s/4p5inchStickout/F_12-Jun-2017_rpm570_doc0p025/F_12-Jun-2017_rpm570_doc0p025_window_0007.npz",data/02_spectrograms_150x100px_dataset/train/no_chatter/4p5inchStickout_F_12-Jun-2017_rpm570_doc0p025_window_0007_no_chatter.png,train
turning,turning,4p5inchStickout,4p5inchStickout/F_12-Jun-2017_rpm570_doc0p025,570.0,0p025,8,4p5inchStickout_F_12-Jun-2017_rpm570_doc0p025_window_0008,no_chatter,train,"data/01_windowed_labeled_2,5s/4p5inchStickout/F_12-Jun-2017_rpm570_doc0p025/F_12-Jun-2017_rpm570_doc0p025_window_0008.npz",data/02_spectrograms_150x100px_dataset/train/no_chatter/4p5inchStickout_F_12-Jun-2017_rpm570_doc0p025_window_0008_no_chatter.png,train
turning,turning,4p5inchStickout,4p5inchStickout/F_12-Jun-2017_rpm570_doc0p025,570.0,0p025,9,4p5inchStickout_F_12-Jun-2017_rpm570_doc0p025_window_0009,no_chatter,train,"data/01_windowed_labeled_2,5s/4p5inchStickout/F_12-Jun-2017_rpm570_doc0p025/F_12-Jun-2017_rpm570_doc0p025_window_0009.npz",data/02_spectrograms_150x100px_dataset/train/no_chatter/4p5inchStickout_F_12-Jun-2017_rpm570_doc0p025_window_0009_no_chatter.png,train
turning,turning,4p5inchStickout,4p5inchStickout/F_12-Jun-2017_rpm570_doc0p025,570.0,0p025,10,4p5inchStickout_F_12-Jun-2017_rpm570_doc0p025_window_0010,no_chatter,train,"data/01_windowed_labeled_2,5s/4p5inchStickout/F_12-Jun-2017_rpm570_doc0p025/F_12-Jun-2017_rpm570_doc0p025_window_0010.npz",data/02_spectrograms_150x100px_dataset/train/no_chatter/4p5inchStickout_F_12-Jun-2017_rpm570_doc0p025_window_0010_no_chatter.png,train
turning,turning,4p5inchStickout,4p5inchStickout/F_12-Jun-2017_rpm570_doc0p025,570.0,0p025,11,4p5inchStickout_F_12-Jun-2017_rpm570_doc0p025_window_0011,no_chatter,train,"data/01_windowed_labeled_2,5s/4p5inchStickout/F_12-Jun-2017_rpm570_doc0p025/F_12-Jun-2017_rpm570_doc0p025_window_0011.npz",data/02_spectrograms_150x100px_dataset/train/no_chatter/4p5inchStickout_F_12-Jun-2017_rpm570_doc0p025_window_0011_no_chatter.png,train
turning,turning,4p5inchStickout,4p5inchStickout/F_12-Jun-2017_rpm570_doc0p035,570.0,0p035,0,4p5inchStickout_F_12-Jun-2017_rpm570_doc0p035_window_0000,no_chatter,validation,"data/01_windowed_labeled_2,5s/4p5inchStickout/F_12-Jun-2017_rpm570_doc0p035/F_12-Jun-2017_rpm570_doc0p035_window_0000.npz",data/02_spectrograms_150x100px_dataset/validation/no_chatter/4p5inchStickout_F_12-Jun-2017_rpm570_doc0p035_window_0000_no_chatter.png,validation
turning,turning,4p5inchStickout,4p5inchStickout/F_12-Jun-2017_rpm570_doc0p035,570.0,0p035,1,4p5inchStickout_F_12-Jun-2017_rpm570_doc0p035_window_0001,no_chatter,validation,"data/01_windowed_labeled_2,5s/4p5inchStickout/F_12-Jun-2017_rpm570_doc0p035/F_12-Jun-2017_rpm570_doc0p035_window_0001.npz",data/02_spectrograms_150x100px_dataset/validation/no_chatter/4p5inchStickout_F_12-Jun-2017_rpm570_doc0p035_window_0001_no_chatter.png,validation
turning,turning,4p5inchStickout,4p5inchStickout/F_12-Jun-2017_rpm570_doc0p035,570.0,0p035,2,4p5inchStickout_F_12-Jun-2017_rpm570_doc0p035_window_0002,no_chatter,train,"data/01_windowed_labeled_2,5s/4p5inchStickout/F_12-Jun-2017_rpm570_doc0p035/F_12-Jun-2017_rpm570_doc0p035_window_0002.npz",data/02_spectrograms_150x100px_dataset/train/no_chatter/4p5inchStickout_F_12-Jun-2017_rpm570_doc0p035_window_0002_no_chatter.png,train
turning,turning,4p5inchStickout,4p5inchStickout/F_12-Jun-2017_rpm570_doc0p035,570.0,0p035,3,4p5inchStickout_F_12-Jun-2017_rpm570_doc0p035_window_0003,no_chatter,train,"data/01_windowed_labeled_2,5s/4p5inchStickout/F_12-Jun-2017_rpm570_doc0p035/F_12-Jun-2017_rpm570_doc0p035_window_0003.npz",data/02_spectrograms_150x100px_dataset/train/no_chatter/4p5inchStickout_F_12-Jun-2017_rpm570_doc0p035_window_0003_no_chatter.png,train
turning,turning,4p5inchStickout,4p5inchStickout/F_12-Jun-2017_rpm570_doc0p035,570.0,0p035,4,4p5inchStickout_F_12-Jun-2017_rpm570_doc0p035_window_0004,no_chatter,train,"data/01_windowed_labeled_2,5s/4p5inchStickout/F_12-Jun-2017_rpm570_doc0p035/F_12-Jun-2017_rpm570_doc0p035_window_0004.npz",data/02_spectrograms_150x100px_dataset/train/no_chatter/4p5inchStickout_F_12-Jun-2017_rpm570_doc0p035_window_0004_no_chatter.png,train
turning,turning,4p5inchStickout,4p5inchStickout/F_12-Jun-2017_rpm570_doc0p035,570.0,0p035,5,4p5inchStickout_F_12-Jun-2017_rpm570_doc0p035_window_0005,no_chatter,train,"data/01_windowed_labeled_2,5s/4p5inchStickout/F_12-Jun-2017_rpm570_doc0p035/F_12-Jun-2017_rpm570_doc0p035_window_0005.npz",data/02_spectrograms_150x100px_dataset/train/no_chatter/4p5inchStickout_F_12-Jun-2017_rpm570_doc0p035_window_0005_no_chatter.png,train
turning,turning,4p5inchStickout,4p5inchStickout/F_12-Jun-2017_rpm570_doc0p035,570.0,0p035,6,4p5inchStickout_F_12-Jun-2017_rpm570_doc0p035_window_0006,no_chatter,train,"data/01_windowed_labeled_2,5s/4p5inchStickout/F_12-Jun-2017_rpm570_doc0p035/F_12-Jun-2017_rpm570_doc0p035_window_0006.npz",data/02_spectrograms_150x100px_dataset/train/no_chatter/4p5inchStickout_F_12-Jun-2017_rpm570_doc0p035_window_0006_no_chatter.png,train
turning,turning,4p5inchStickout,4p5inchStickout/F_12-Jun-2017_rpm570_doc0p035,570.0,0p035,7,4p5inchStickout_F_12-Jun-2017_rpm570_doc0p035_window_0007,no_chatter,train,"data/01_windowed_labeled_2,5s/4p5inchStickout/F_12-Jun-2017_rpm570_doc0p035/F_12-Jun-2017_rpm570_doc0p035_window_0007.npz",data/02_spectrograms_150x100px_dataset/train/no_chatter/4p5inchStickout_F_12-Jun-2017_rpm570_doc0p035_window_0007_no_chatter.png,train
turning,turning,4p5inchStickout,4p5inchStickout/F_12-Jun-2017_rpm570_doc0p035,570.0,0p035,8,4p5inchStickout_F_12-Jun-2017_rpm570_doc0p035_window_0008,no_chatter,train,"data/01_windowed_labeled_2,5s/4p5inchStickout/F_12-Jun-2017_rpm570_doc0p035/F_12-Jun-2017_rpm570_doc0p035_window_0008.npz",data/02_spectrograms_150x100px_dataset/train/no_chatter/4p5inchStickout_F_12-Jun-2017_rpm570_doc0p035_window_0008_no_chatter.png,train
turning,turning,4p5inchStickout,4p5inchStickout/F_12-Jun-2017_rpm570_doc0p035,570.0,0p035,9,4p5inchStickout_F_12-Jun-2017_rpm570_doc0p035_window_0009,no_chatter,train,"data/01_windowed_labeled_2,5s/4p5inchStickout/F_12-Jun-2017_rpm570_doc0p035/F_12-Jun-2017_rpm570_doc0p035_window_0009.npz",data/02_spectrograms_150x100px_dataset/train/no_chatter/4p5inchStickout_F_12-Jun-2017_rpm570_doc0p035_window_0009_no_chatter.png,train
turning,turning,4p5inchStickout,4p5inchStickout/F_12-Jun-2017_rpm570_doc0p035,570.0,0p035,10,4p5inchStickout_F_12-Jun-2017_rpm570_doc0p035_window_0010,no_chatter,validation,"data/01_windowed_labeled_2,5s/4p5inchStickout/F_12-Jun-2017_rpm570_doc0p035/F_12-Jun-2017_rpm570_doc0p035_window_0010.npz",data/02_spectrograms_150x100px_dataset/validation/no_chatter/4p5inchStickout_F_12-Jun-2017_rpm570_doc0p035_window_0010_no_chatter.png,validation
turning,turning,4p5inchStickout,4p5inchStickout/F_12-Jun-2017_rpm570_doc0p035,570.0,0p035,11,4p5inchStickout_F_12-Jun-2017_rpm570_doc0p035_window_0011,no_chatter,train,"data/01_windowed_labeled_2,5s/4p5inchStickout/F_12-Jun-2017_rpm570_doc0p035/F_12-Jun-2017_rpm570_doc0p035_window_0011.npz",data/02_spectrograms_150x100px_dataset/train/no_chatter/4p5inchStickout_F_12-Jun-2017_rpm570_doc0p035_window_0011_no_chatter.png,train
turning,turning,4p5inchStickout,4p5inchStickout/F_12-Jun-2017_rpm570_doc0p040,570.0,0p040,0,4p5inchStickout_F_12-Jun-2017_rpm570_doc0p040_window_0000,no_chatter,train,"data/01_windowed_labeled_2,5s/4p5inchStickout/F_12-Jun-2017_rpm570_doc0p040/F_12-Jun-2017_rpm570_doc0p040_window_0000.npz",data/02_spectrograms_150x100px_dataset/train/no_chatter/4p5inchStickout_F_12-Jun-2017_rpm570_doc0p040_window_0000_no_chatter.png,train
turning,turning,4p5inchStickout,4p5inchStickout/F_12-Jun-2017_rpm570_doc0p040,570.0,0p040,1,4p5inchStickout_F_12-Jun-2017_rpm570_doc0p040_window_0001,no_chatter,train,"data/01_windowed_labeled_2,5s/4p5inchStickout/F_12-Jun-2017_rpm570_doc0p040/F_12-Jun-2017_rpm570_doc0p040_window_0001.npz",data/02_spectrograms_150x100px_dataset/train/no_chatter/4p5inchStickout_F_12-Jun-2017_rpm570_doc0p040_window_0001_no_chatter.png,train
turning,turning,4p5inchStickout,4p5inchStickout/F_12-Jun-2017_rpm570_doc0p040,570.0,0p040,2,4p5inchStickout_F_12-Jun-2017_rpm570_doc0p040_window_0002,no_chatter,train,"data/01_windowed_labeled_2,5s/4p5inchStickout/F_12-Jun-2017_rpm570_doc0p040/F_12-Jun-2017_rpm570_doc0p040_window_0002.npz",data/02_spectrograms_150x100px_dataset/train/no_chatter/4p5inchStickout_F_12-Jun-2017_rpm570_doc0p040_window_0002_no_chatter.png,train
turning,turning,4p5inchStickout,4p5inchStickout/F_12-Jun-2017_rpm570_doc0p040,570.0,0p040,3,4p5inchStickout_F_12-Jun-2017_rpm570_doc0p040_window_0003,no_chatter,train,"data/01_windowed_labeled_2,5s/4p5inchStickout/F_12-Jun-2017_rpm570_doc0p040/F_12-Jun-2017_rpm570_doc0p040_window_0003.npz",data/02_spectrograms_150x100px_dataset/train/no_chatter/4p5inchStickout_F_12-Jun-2017_rpm570_doc0p040_window_0003_no_chatter.png,train
turning,turning,4p5inchStickout,4p5inchStickout/F_12-Jun-2017_rpm570_doc0p040,570.0,0p040,4,4p5inchStickout_F_12-Jun-2017_rpm570_doc0p040_window_0004,no_chatter,train,"data/01_windowed_labeled_2,5s/4p5inchStickout/F_12-Jun-2017_rpm570_doc0p040/F_12-Jun-2017_rpm570_doc0p040_window_0004.npz",data/02_spectrograms_150x100px_dataset/train/no_chatter/4p5inchStickout_F_12-Jun-2017_rpm570_doc0p040_window_0004_no_chatter.png,train
turning,turning,4p5inchStickout,4p5inchStickout/F_12-Jun-2017_rpm570_doc0p040,570.0,0p040,5,4p5inchStickout_F_12-Jun-2017_rpm570_doc0p040_window_0005,no_chatter,train,"data/01_windowed_labeled_2,5s/4p5inchStickout/F_12-Jun-2017_rpm570_doc0p040/F_12-Jun-2017_rpm570_doc0p040_window_0005.npz",data/02_spectrograms_150x100px_dataset/train/no_chatter/4p5inchStickout_F_12-Jun-2017_rpm570_doc0p040_window_0005_no_chatter.png,train
turning,turning,4p5inchStickout,4p5inchStickout/F_12-Jun-2017_rpm570_doc0p040,570.0,0p040,6,4p5inchStickout_F_12-Jun-2017_rpm570_doc0p040_window_0006,no_chatter,train,"data/01_windowed_labeled_2,5s/4p5inchStickout/F_12-Jun-2017_rpm570_doc0p040/F_12-Jun-2017_rpm570_doc0p040_window_0006.npz",data/02_spectrograms_150x100px_dataset/train/no_chatter/4p5inchStickout_F_12-Jun-2017_rpm570_doc0p040_window_0006_no_chatter.png,train
turning,turning,4p5inchStickout,4p5inchStickout/F_12-Jun-2017_rpm570_doc0p040,570.0,0p040,7,4p5inchStickout_F_12-Jun-2017_rpm570_doc0p040_window_0007,no_chatter,train,"data/01_windowed_labeled_2,5s/4p5inchStickout/F_12-Jun-2017_rpm570_doc0p040/F_12-Jun-2017_rpm570_doc0p040_window_0007.npz",data/02_spectrograms_150x100px_dataset/train/no_chatter/4p5inchStickout_F_12-Jun-2017_rpm570_doc0p040_window_0007_no_chatter.png,train
turning,turning,4p5inchStickout,4p5inchStickout/F_12-Jun-2017_rpm570_doc0p040,570.0,0p040,8,4p5inchStickout_F_12-Jun-2017_rpm570_doc0p040_window_0008,no_chatter,train,"data/01_windowed_labeled_2,5s/4p5inchStickout/F_12-Jun-2017_rpm570_doc0p040/F_12-Jun-2017_rpm570_doc0p040_window_0008.npz",data/02_spectrograms_150x100px_dataset/train/no_chatter/4p5inchStickout_F_12-Jun-2017_rpm570_doc0p040_window_0008_no_chatter.png,train
turning,turning,4p5inchStickout,4p5inchStickout/F_12-Jun-2017_rpm570_doc0p040,570.0,0p040,9,4p5inchStickout_F_12-Jun-2017_rpm570_doc0p040_window_0009,no_chatter,train,"data/01_windowed_labeled_2,5s/4p5inchStickout/F_12-Jun-2017_rpm570_doc0p040/F_12-Jun-2017_rpm570_doc0p040_window_0009.npz",data/02_spectrograms_150x100px_dataset/train/no_chatter/4p5inchStickout_F_12-Jun-2017_rpm570_doc0p040_window_0009_no_chatter.png,train
turning,turning,4p5inchStickout,4p5inchStickout/F_12-Jun-2017_rpm570_doc0p040,570.0,0p040,10,4p5inchStickout_F_12-Jun-2017_rpm570_doc0p040_window_0010,no_chatter,train,"data/01_windowed_labeled_2,5s/4p5inchStickout/F_12-Jun-2017_rpm570_doc0p040/F_12-Jun-2017_rpm570_doc0p040_window_0010.npz",data/02_spectrograms_150x100px_dataset/train/no_chatter/4p5inchStickout_F_12-Jun-2017_rpm570_doc0p040_window_0010_no_chatter.png,train
turning,turning,4p5inchStickout,4p5inchStickout/F_12-Jun-2017_rpm570_doc0p040,570.0,0p040,11,4p5inchStickout_F_12-Jun-2017_rpm570_doc0p040_window_0011,no_chatter,train,"data/01_windowed_labeled_2,5s/4p5inchStickout/F_12-Jun-2017_rpm570_doc0p040/F_12-Jun-2017_rpm570_doc0p040_window_0011.npz",data/02_spectrograms_150x100px_dataset/train/no_chatter/4p5inchStickout_F_12-Jun-2017_rpm570_doc0p040_window_0011_no_chatter.png,train
turning,turning,4p5inchStickout,4p5inchStickout/F_13-Jun-2017_rpm1030_doc0p005,1030.0,0p005,0,4p5inchStickout_F_13-Jun-2017_rpm1030_doc0p005_window_0000,no_chatter,train,"data/01_windowed_labeled_2,5s/4p5inchStickout/F_13-Jun-2017_rpm1030_doc0p005/F_13-Jun-2017_rpm1030_doc0p005_window_0000.npz",data/02_spectrograms_150x100px_dataset/train/no_chatter/4p5inchStickout_F_13-Jun-2017_rpm1030_doc0p005_window_0000_no_chatter.png,train
turning,turning,4p5inchStickout,4p5inchStickout/F_13-Jun-2017_rpm1030_doc0p005,1030.0,0p005,1,4p5inchStickout_F_13-Jun-2017_rpm1030_doc0p005_window_0001,no_chatter,validation,"data/01_windowed_labeled_2,5s/4p5inchStickout/F_13-Jun-2017_rpm1030_doc0p005/F_13-Jun-2017_rpm1030_doc0p005_window_0001.npz",data/02_spectrograms_150x100px_dataset/test/no_chatter/4p5inchStickout_F_13-Jun-2017_rpm1030_doc0p005_window_0001_no_chatter.png,test
turning,turning,4p5inchStickout,4p5inchStickout/F_13-Jun-2017_rpm1030_doc0p005,1030.0,0p005,2,4p5inchStickout_F_13-Jun-2017_rpm1030_doc0p005_window_0002,no_chatter,validation,"data/01_windowed_labeled_2,5s/4p5inchStickout/F_13-Jun-2017_rpm1030_doc0p005/F_13-Jun-2017_rpm1030_doc0p005_window_0002.npz",data/02_spectrograms_150x100px_dataset/test/no_chatter/4p5inchStickout_F_13-Jun-2017_rpm1030_doc0p005_window_0002_no_chatter.png,test
turning,turning,4p5inchStickout,4p5inchStickout/F_13-Jun-2017_rpm1030_doc0p005,1030.0,0p005,3,4p5inchStickout_F_13-Jun-2017_rpm1030_doc0p005_window_0003,no_chatter,train,"data/01_windowed_labeled_2,5s/4p5inchStickout/F_13-Jun-2017_rpm1030_doc0p005/F_13-Jun-2017_rpm1030_doc0p005_window_0003.npz",data/02_spectrograms_150x100px_dataset/train/no_chatter/4p5inchStickout_F_13-Jun-2017_rpm1030_doc0p005_window_0003_no_chatter.png,train
turning,turning,4p5inchStickout,4p5inchStickout/F_13-Jun-2017_rpm1030_doc0p007,1030.0,0p007,0,4p5inchStickout_F_13-Jun-2017_rpm1030_doc0p007_window_0000,no_chatter,train,"data/01_windowed_labeled_2,5s/4p5inchStickout/F_13-Jun-2017_rpm1030_doc0p007/F_13-Jun-2017_rpm1030_doc0p007_window_0000.npz",data/02_spectrograms_150x100px_dataset/train/no_chatter/4p5inchStickout_F_13-Jun-2017_rpm1030_doc0p007_window_0000_no_chatter.png,train
turning,turning,4p5inchStickout,4p5inchStickout/F_13-Jun-2017_rpm1030_doc0p007,1030.0,0p007,1,4p5inchStickout_F_13-Jun-2017_rpm1030_doc0p007_window_0001,no_chatter,train,"data/01_windowed_labeled_2,5s/4p5inchStickout/F_13-Jun-2017_rpm1030_doc0p007/F_13-Jun-2017_rpm1030_doc0p007_window_0001.npz",data/02_spectrograms_150x100px_dataset/train/no_chatter/4p5inchStickout_F_13-Jun-2017_rpm1030_doc0p007_window_0001_no_chatter.png,train
turning,turning,4p5inchStickout,4p5inchStickout/F_13-Jun-2017_rpm1030_doc0p007,1030.0,0p007,2,4p5inchStickout_F_13-Jun-2017_rpm1030_doc0p007_window_0002,no_chatter,train,"data/01_windowed_labeled_2,5s/4p5inchStickout/F_13-Jun-2017_rpm1030_doc0p007/F_13-Jun-2017_rpm1030_doc0p007_window_0002.npz",data/02_spectrograms_150x100px_dataset/train/no_chatter/4p5inchStickout_F_13-Jun-2017_rpm1030_doc0p007_window_0002_no_chatter.png,train
turning,turning,4p5inchStickout,4p5inchStickout/F_13-Jun-2017_rpm1030_doc0p007,1030.0,0p007,3,4p5inchStickout_F_13-Jun-2017_rpm1030_doc0p007_window_0003,no_chatter,train,"data/01_windowed_labeled_2,5s/4p5inchStickout/F_13-Jun-2017_rpm1030_doc0p007/F_13-Jun-2017_rpm1030_doc0p007_window_0003.npz",data/02_spectrograms_150x100px_dataset/train/no_chatter/4p5inchStickout_F_13-Jun-2017_rpm1030_doc0p007_window_0003_no_chatter.png,train
turning,turning,4p5inchStickout,4p5inchStickout/F_13-Jun-2017_rpm1030_doc0p010,1030.0,0p010,0,4p5inchStickout_F_13-Jun-2017_rpm1030_doc0p010_window_0000,no_chatter,train,"data/01_windowed_labeled_2,5s/4p5inchStickout/F_13-Jun-2017_rpm1030_doc0p010/F_13-Jun-2017_rpm1030_doc0p010_window_0000.npz",data/02_spectrograms_150x100px_dataset/train/no_chatter/4p5inchStickout_F_13-Jun-2017_rpm1030_doc0p010_window_0000_no_chatter.png,train
turning,turning,4p5inchStickout,4p5inchStickout/F_13-Jun-2017_rpm1030_doc0p010,1030.0,0p010,1,4p5inchStickout_F_13-Jun-2017_rpm1030_doc0p010_window_0001,no_chatter,validation,"data/01_windowed_labeled_2,5s/4p5inchStickout/F_13-Jun-2017_rpm1030_doc0p010/F_13-Jun-2017_rpm1030_doc0p010_window_0001.npz",data/02_spectrograms_150x100px_dataset/test/no_chatter/4p5inchStickout_F_13-Jun-2017_rpm1030_doc0p010_window_0001_no_chatter.png,test
turning,turning,4p5inchStickout,4p5inchStickout/F_13-Jun-2017_rpm1030_doc0p010,1030.0,0p010,2,4p5inchStickout_F_13-Jun-2017_rpm1030_doc0p010_window_0002,no_chatter,train,"data/01_windowed_labeled_2,5s/4p5inchStickout/F_13-Jun-2017_rpm1030_doc0p010/F_13-Jun-2017_rpm1030_doc0p010_window_0002.npz",data/02_spectrograms_150x100px_dataset/train/no_chatter/4p5inchStickout_F_13-Jun-2017_rpm1030_doc0p010_window_0002_no_chatter.png,train
turning,turning,4p5inchStickout,4p5inchStickout/F_13-Jun-2017_rpm1030_doc0p010,1030.0,0p010,3,4p5inchStickout_F_13-Jun-2017_rpm1030_doc0p010_window_0003,no_chatter,train,"data/01_windowed_labeled_2,5s/4p5inchStickout/F_13-Jun-2017_rpm1030_doc0p010/F_13-Jun-2017_rpm1030_doc0p010_window_0003.npz",data/02_spectrograms_150x100px_dataset/train/no_chatter/4p5inchStickout_F_13-Jun-2017_rpm1030_doc0p010_window_0003_no_chatter.png,train
turning,turning,4p5inchStickout,4p5inchStickout/F_13-Jun-2017_rpm1030_doc0p012,1030.0,0p012,0,4p5inchStickout_F_13-Jun-2017_rpm1030_doc0p012_window_0000,no_chatter,train,"data/01_windowed_labeled_2,5s/4p5inchStickout/F_13-Jun-2017_rpm1030_doc0p012/F_13-Jun-2017_rpm1030_doc0p012_window_0000.npz",data/02_spectrograms_150x100px_dataset/train/no_chatter/4p5inchStickout_F_13-Jun-2017_rpm1030_doc0p012_window_0000_no_chatter.png,train
turning,turning,4p5inchStickout,4p5inchStickout/F_13-Jun-2017_rpm1030_doc0p012,1030.0,0p012,1,4p5inchStickout_F_13-Jun-2017_rpm1030_doc0p012_window_0001,no_chatter,train,"data/01_windowed_labeled_2,5s/4p5inchStickout/F_13-Jun-2017_rpm1030_doc0p012/F_13-Jun-2017_rpm1030_doc0p012_window_0001.npz",data/02_spectrograms_150x100px_dataset/train/no_chatter/4p5inchStickout_F_13-Jun-2017_rpm1030_doc0p012_window_0001_no_chatter.png,train
turning,turning,4p5inchStickout,4p5inchStickout/F_13-Jun-2017_rpm1030_doc0p012,1030.0,0p012,2,4p5inchStickout_F_13-Jun-2017_rpm1030_doc0p012_window_0002,no_chatter,validation,"data/01_windowed_labeled_2,5s/4p5inchStickout/F_13-Jun-2017_rpm1030_doc0p012/F_13-Jun-2017_rpm1030_doc0p012_window_0002.npz",data/02_spectrograms_150x100px_dataset/test/no_chatter/4p5inchStickout_F_13-Jun-2017_rpm1030_doc0p012_window_0002_no_chatter.png,test
turning,turning,4p5inchStickout,4p5inchStickout/F_13-Jun-2017_rpm1030_doc0p012,1030.0,0p012,3,4p5inchStickout_F_13-Jun-2017_rpm1030_doc0p012_window_0003,no_chatter,train,"data/01_windowed_labeled_2,5s/4p5inchStickout/F_13-Jun-2017_rpm1030_doc0p012/F_13-Jun-2017_rpm1030_doc0p012_window_0003.npz",data/02_spectrograms_150x100px_dataset/train/no_chatter/4p5inchStickout_F_13-Jun-2017_rpm1030_doc0p012_window_0003_no_chatter.png,train
turning,turning,4p5inchStickout,4p5inchStickout/F_13-Jun-2017_rpm1030_doc0p013,1030.0,0p013,0,4p5inchStickout_F_13-Jun-2017_rpm1030_doc0p013_window_0000,no_chatter,validation,"data/01_windowed_labeled_2,5s/4p5inchStickout/F_13-Jun-2017_rpm1030_doc0p013/F_13-Jun-2017_rpm1030_doc0p013_window_0000.npz",data/02_spectrograms_150x100px_dataset/test/no_chatter/4p5inchStickout_F_13-Jun-2017_rpm1030_doc0p013_window_0000_no_chatter.png,test
turning,turning,4p5inchStickout,4p5inchStickout/F_13-Jun-2017_rpm1030_doc0p013,1030.0,0p013,1,4p5inchStickout_F_13-Jun-2017_rpm1030_doc0p013_window_0001,no_chatter,train,"data/01_windowed_labeled_2,5s/4p5inchStickout/F_13-Jun-2017_rpm1030_doc0p013/F_13-Jun-2017_rpm1030_doc0p013_window_0001.npz",data/02_spectrograms_150x100px_dataset/train/no_chatter/4p5inchStickout_F_13-Jun-2017_rpm1030_doc0p013_window_0001_no_chatter.png,train
turning,turning,4p5inchStickout,4p5inchStickout/F_13-Jun-2017_rpm1030_doc0p013,1030.0,0p013,2,4p5inchStickout_F_13-Jun-2017_rpm1030_doc0p013_window_0002,no_chatter,validation,"data/01_windowed_labeled_2,5s/4p5inchStickout/F_13-Jun-2017_rpm1030_doc0p013/F_13-Jun-2017_rpm1030_doc0p013_window_0002.npz",data/02_spectrograms_150x100px_dataset/test/no_chatter/4p5inchStickout_F_13-Jun-2017_rpm1030_doc0p013_window_0002_no_chatter.png,test
turning,turning,4p5inchStickout,4p5inchStickout/F_13-Jun-2017_rpm1030_doc0p013,1030.0,0p013,3,4p5inchStickout_F_13-Jun-2017_rpm1030_doc0p013_window_0003,no_chatter,train,"data/01_windowed_labeled_2,5s/4p5inchStickout/F_13-Jun-2017_rpm1030_doc0p013/F_13-Jun-2017_rpm1030_doc0p013_window_0003.npz",data/02_spectrograms_150x100px_dataset/train/no_chatter/4p5inchStickout_F_13-Jun-2017_rpm1030_doc0p013_window_0003_no_chatter.png,train
turning,turning,4p5inchStickout,4p5inchStickout/F_13-Jun-2017_rpm1030_doc0p014,1030.0,0p014,0,4p5inchStickout_F_13-Jun-2017_rpm1030_doc0p014_window_0000,no_chatter,train,"data/01_windowed_labeled_2,5s/4p5inchStickout/F_13-Jun-2017_rpm1030_doc0p014/F_13-Jun-2017_rpm1030_doc0p014_window_0000.npz",data/02_spectrograms_150x100px_dataset/train/no_chatter/4p5inchStickout_F_13-Jun-2017_rpm1030_doc0p014_window_0000_no_chatter.png,train
turning,turning,4p5inchStickout,4p5inchStickout/F_13-Jun-2017_rpm1030_doc0p014,1030.0,0p014,1,4p5inchStickout_F_13-Jun-2017_rpm1030_doc0p014_window_0001,no_chatter,train,"data/01_windowed_labeled_2,5s/4p5inchStickout/F_13-Jun-2017_rpm1030_doc0p014/F_13-Jun-2017_rpm1030_doc0p014_window_0001.npz",data/02_spectrograms_150x100px_dataset/train/no_chatter/4p5inchStickout_F_13-Jun-2017_rpm1030_doc0p014_window_0001_no_chatter.png,train
turning,turning,4p5inchStickout,4p5inchStickout/F_13-Jun-2017_rpm1030_doc0p014,1030.0,0p014,2,4p5inchStickout_F_13-Jun-2017_rpm1030_doc0p014_window_0002,no_chatter,validation,"data/01_windowed_labeled_2,5s/4p5inchStickout/F_13-Jun-2017_rpm1030_doc0p014/F_13-Jun-2017_rpm1030_doc0p014_window_0002.npz",data/02_spectrograms_150x100px_dataset/validation/no_chatter/4p5inchStickout_F_13-Jun-2017_rpm1030_doc0p014_window_0002_no_chatter.png,validation
turning,turning,4p5inchStickout,4p5inchStickout/F_13-Jun-2017_rpm1030_doc0p014,1030.0,0p014,3,4p5inchStickout_F_13-Jun-2017_rpm1030_doc0p014_window_0003,no_chatter,train,"data/01_windowed_labeled_2,5s/4p5inchStickout/F_13-Jun-2017_rpm1030_doc0p014/F_13-Jun-2017_rpm1030_doc0p014_window_0003.npz",data/02_spectrograms_150x100px_dataset/train/no_chatter/4p5inchStickout_F_13-Jun-2017_rpm1030_doc0p014_window_0003_no_chatter.png,train
turning,turning,4p5inchStickout,4p5inchStickout/F_13-Jun-2017_rpm1030_doc0p015,1030.0,0p015,0,4p5inchStickout_F_13-Jun-2017_rpm1030_doc0p015_window_0000,no_chatter,train,"data/01_windowed_labeled_2,5s/4p5inchStickout/F_13-Jun-2017_rpm1030_doc0p015/F_13-Jun-2017_rpm1030_doc0p015_window_0000.npz",data/02_spectrograms_150x100px_dataset/train/no_chatter/4p5inchStickout_F_13-Jun-2017_rpm1030_doc0p015_window_0000_no_chatter.png,train
turning,turning,4p5inchStickout,4p5inchStickout/F_13-Jun-2017_rpm1030_doc0p015,1030.0,0p015,1,4p5inchStickout_F_13-Jun-2017_rpm1030_doc0p015_window_0001,no_chatter,train,"data/01_windowed_labeled_2,5s/4p5inchStickout/F_13-Jun-2017_rpm1030_doc0p015/F_13-Jun-2017_rpm1030_doc0p015_window_0001.npz",data/02_spectrograms_150x100px_dataset/train/no_chatter/4p5inchStickout_F_13-Jun-2017_rpm1030_doc0p015_window_0001_no_chatter.png,train
turning,turning,4p5inchStickout,4p5inchStickout/F_13-Jun-2017_rpm1030_doc0p015,1030.0,0p015,2,4p5inchStickout_F_13-Jun-2017_rpm1030_doc0p015_window_0002,no_chatter,train,"data/01_windowed_labeled_2,5s/4p5inchStickout/F_13-Jun-2017_rpm1030_doc0p015/F_13-Jun-2017_rpm1030_doc0p015_window_0002.npz",data/02_spectrograms_150x100px_dataset/train/no_chatter/4p5inchStickout_F_13-Jun-2017_rpm1030_doc0p015_window_0002_no_chatter.png,train
turning,turning,4p5inchStickout,4p5inchStickout/F_13-Jun-2017_rpm1030_doc0p015,1030.0,0p015,3,4p5inchStickout_F_13-Jun-2017_rpm1030_doc0p015_window_0003,no_chatter,validation,"data/01_windowed_labeled_2,5s/4p5inchStickout/F_13-Jun-2017_rpm1030_doc0p015/F_13-Jun-2017_rpm1030_doc0p015_window_0003.npz",data/02_spectrograms_150x100px_dataset/validation/no_chatter/4p5inchStickout_F_13-Jun-2017_rpm1030_doc0p015_window_0003_no_chatter.png,validation
turning,turning,4p5inchStickout,4p5inchStickout/F_13-Jun-2017_rpm1030_doc0p016,1030.0,0p016,0,4p5inchStickout_F_13-Jun-2017_rpm1030_doc0p016_window_0000,no_chatter,validation,"data/01_windowed_labeled_2,5s/4p5inchStickout/F_13-Jun-2017_rpm1030_doc0p016/F_13-Jun-2017_rpm1030_doc0p016_window_0000.npz",data/02_spectrograms_150x100px_dataset/test/no_chatter/4p5inchStickout_F_13-Jun-2017_rpm1030_doc0p016_window_0000_no_chatter.png,test
turning,turning,4p5inchStickout,4p5inchStickout/F_13-Jun-2017_rpm1030_doc0p016,1030.0,0p016,1,4p5inchStickout_F_13-Jun-2017_rpm1030_doc0p016_window_0001,no_chatter,train,"data/01_windowed_labeled_2,5s/4p5inchStickout/F_13-Jun-2017_rpm1030_doc0p016/F_13-Jun-2017_rpm1030_doc0p016_window_0001.npz",data/02_spectrograms_150x100px_dataset/train/no_chatter/4p5inchStickout_F_13-Jun-2017_rpm1030_doc0p016_window_0001_no_chatter.png,train
turning,turning,4p5inchStickout,4p5inchStickout/F_13-Jun-2017_rpm1030_doc0p016,1030.0,0p016,2,4p5inchStickout_F_13-Jun-2017_rpm1030_doc0p016_window_0002,no_chatter,train,"data/01_windowed_labeled_2,5s/4p5inchStickout/F_13-Jun-2017_rpm1030_doc0p016/F_13-Jun-2017_rpm1030_doc0p016_window_0002.npz",data/02_spectrograms_150x100px_dataset/train/no_chatter/4p5inchStickout_F_13-Jun-2017_rpm1030_doc0p016_window_0002_no_chatter.png,train
turning,turning,4p5inchStickout,4p5inchStickout/F_13-Jun-2017_rpm1030_doc0p016,1030.0,0p016,3,4p5inchStickout_F_13-Jun-2017_rpm1030_doc0p016_window_0003,no_chatter,train,"data/01_windowed_labeled_2,5s/4p5inchStickout/F_13-Jun-2017_rpm1030_doc0p016/F_13-Jun-2017_rpm1030_doc0p016_window_0003.npz",data/02_spectrograms_150x100px_dataset/train/no_chatter/4p5inchStickout_F_13-Jun-2017_rpm1030_doc0p016_window_0003_no_chatter.png,train
turning,turning,4p5inchStickout,4p5inchStickout/F_13-Jun-2017_rpm770_doc0p010,770.0,0p010,0,4p5inchStickout_F_13-Jun-2017_rpm770_doc0p010_window_0000,no_chatter,train,"data/01_windowed_labeled_2,5s/4p5inchStickout/F_13-Jun-2017_rpm770_doc0p010/F_13-Jun-2017_rpm770_doc0p010_window_0000.npz",data/02_spectrograms_150x100px_dataset/train/no_chatter/4p5inchStickout_F_13-Jun-2017_rpm770_doc0p010_window_0000_no_chatter.png,train
turning,turning,4p5inchStickout,4p5inchStickout/F_13-Jun-2017_rpm770_doc0p010,770.0,0p010,1,4p5inchStickout_F_13-Jun-2017_rpm770_doc0p010_window_0001,no_chatter,train,"data/01_windowed_labeled_2,5s/4p5inchStickout/F_13-Jun-2017_rpm770_doc0p010/F_13-Jun-2017_rpm770_doc0p010_window_0001.npz",data/02_spectrograms_150x100px_dataset/train/no_chatter/4p5inchStickout_F_13-Jun-2017_rpm770_doc0p010_window_0001_no_chatter.png,train
turning,turning,4p5inchStickout,4p5inchStickout/F_13-Jun-2017_rpm770_doc0p010,770.0,0p010,2,4p5inchStickout_F_13-Jun-2017_rpm770_doc0p010_window_0002,no_chatter,train,"data/01_windowed_labeled_2,5s/4p5inchStickout/F_13-Jun-2017_rpm770_doc0p010/F_13-Jun-2017_rpm770_doc0p010_window_0002.npz",data/02_spectrograms_150x100px_dataset/train/no_chatter/4p5inchStickout_F_13-Jun-2017_rpm770_doc0p010_window_0002_no_chatter.png,train
turning,turning,4p5inchStickout,4p5inchStickout/F_13-Jun-2017_rpm770_doc0p010,770.0,0p010,3,4p5inchStickout_F_13-Jun-2017_rpm770_doc0p010_window_0003,no_chatter,validation,"data/01_windowed_labeled_2,5s/4p5inchStickout/F_13-Jun-2017_rpm770_doc0p010/F_13-Jun-2017_rpm770_doc0p010_window_0003.npz",data/02_spectrograms_150x100px_dataset/test/no_chatter/4p5inchStickout_F_13-Jun-2017_rpm770_doc0p010_window_0003_no_chatter.png,test
turning,turning,4p5inchStickout,4p5inchStickout/F_13-Jun-2017_rpm770_doc0p010,770.0,0p010,4,4p5inchStickout_F_13-Jun-2017_rpm770_doc0p010_window_0004,no_chatter,train,"data/01_windowed_labeled_2,5s/4p5inchStickout/F_13-Jun-2017_rpm770_doc0p010/F_13-Jun-2017_rpm770_doc0p010_window_0004.npz",data/02_spectrograms_150x100px_dataset/train/no_chatter/4p5inchStickout_F_13-Jun-2017_rpm770_doc0p010_window_0004_no_chatter.png,train
turning,turning,4p5inchStickout,4p5inchStickout/F_13-Jun-2017_rpm770_doc0p010,770.0,0p010,5,4p5inchStickout_F_13-Jun-2017_rpm770_doc0p010_window_0005,no_chatter,train,"data/01_windowed_labeled_2,5s/4p5inchStickout/F_13-Jun-2017_rpm770_doc0p010/F_13-Jun-2017_rpm770_doc0p010_window_0005.npz",data/02_spectrograms_150x100px_dataset/train/no_chatter/4p5inchStickout_F_13-Jun-2017_rpm770_doc0p010_window_0005_no_chatter.png,train
turning,turning,4p5inchStickout,4p5inchStickout/F_13-Jun-2017_rpm770_doc0p015,770.0,0p015,0,4p5inchStickout_F_13-Jun-2017_rpm770_doc0p015_window_0000,no_chatter,train,"data/01_windowed_labeled_2,5s/4p5inchStickout/F_13-Jun-2017_rpm770_doc0p015/F_13-Jun-2017_rpm770_doc0p015_window_0000.npz",data/02_spectrograms_150x100px_dataset/train/no_chatter/4p5inchStickout_F_13-Jun-2017_rpm770_doc0p015_window_0000_no_chatter.png,train
turning,turning,4p5inchStickout,4p5inchStickout/F_13-Jun-2017_rpm770_doc0p015,770.0,0p015,1,4p5inchStickout_F_13-Jun-2017_rpm770_doc0p015_window_0001,no_chatter,validation,"data/01_windowed_labeled_2,5s/4p5inchStickout/F_13-Jun-2017_rpm770_doc0p015/F_13-Jun-2017_rpm770_doc0p015_window_0001.npz",data/02_spectrograms_150x100px_dataset/validation/no_chatter/4p5inchStickout_F_13-Jun-2017_rpm770_doc0p015_window_0001_no_chatter.png,validation
turning,turning,4p5inchStickout,4p5inchStickout/F_13-Jun-2017_rpm770_doc0p015,770.0,0p015,2,4p5inchStickout_F_13-Jun-2017_rpm770_doc0p015_window_0002,no_chatter,validation,"data/01_windowed_labeled_2,5s/4p5inchStickout/F_13-Jun-2017_rpm770_doc0p015/F_13-Jun-2017_rpm770_doc0p015_window_0002.npz",data/02_spectrograms_150x100px_dataset/validation/no_chatter/4p5inchStickout_F_13-Jun-2017_rpm770_doc0p015_window_0002_no_chatter.png,validation
turning,turning,4p5inchStickout,4p5inchStickout/F_13-Jun-2017_rpm770_doc0p015,770.0,0p015,3,4p5inchStickout_F_13-Jun-2017_rpm770_doc0p015_window_0003,no_chatter,train,"data/01_windowed_labeled_2,5s/4p5inchStickout/F_13-Jun-2017_rpm770_doc0p015/F_13-Jun-2017_rpm770_doc0p015_window_0003.npz",data/02_spectrograms_150x100px_dataset/train/no_chatter/4p5inchStickout_F_13-Jun-2017_rpm770_doc0p015_window_0003_no_chatter.png,train
turning,turning,4p5inchStickout,4p5inchStickout/F_13-Jun-2017_rpm770_doc0p015,770.0,0p015,4,4p5inchStickout_F_13-Jun-2017_rpm770_doc0p015_window_0004,no_chatter,validation,"data/01_windowed_labeled_2,5s/4p5inchStickout/F_13-Jun-2017_rpm770_doc0p015/F_13-Jun-2017_rpm770_doc0p015_window_0004.npz",data/02_spectrograms_150x100px_dataset/validation/no_chatter/4p5inchStickout_F_13-Jun-2017_rpm770_doc0p015_window_0004_no_chatter.png,validation
turning,turning,4p5inchStickout,4p5inchStickout/F_13-Jun-2017_rpm770_doc0p015,770.0,0p015,5,4p5inchStickout_F_13-Jun-2017_rpm770_doc0p015_window_0005,no_chatter,validation,"data/01_windowed_labeled_2,5s/4p5inchStickout/F_13-Jun-2017_rpm770_doc0p015/F_13-Jun-2017_rpm770_doc0p015_window_0005.npz",data/02_spectrograms_150x100px_dataset/validation/no_chatter/4p5inchStickout_F_13-Jun-2017_rpm770_doc0p015_window_0005_no_chatter.png,validation
turning,turning,4p5inchStickout,4p5inchStickout/F_13-Jun-2017_rpm770_doc0p020,770.0,0p020,0,4p5inchStickout_F_13-Jun-2017_rpm770_doc0p020_window_0000,no_chatter,train,"data/01_windowed_labeled_2,5s/4p5inchStickout/F_13-Jun-2017_rpm770_doc0p020/F_13-Jun-2017_rpm770_doc0p020_window_0000.npz",data/02_spectrograms_150x100px_dataset/train/no_chatter/4p5inchStickout_F_13-Jun-2017_rpm770_doc0p020_window_0000_no_chatter.png,train
turning,turning,4p5inchStickout,4p5inchStickout/F_13-Jun-2017_rpm770_doc0p020,770.0,0p020,1,4p5inchStickout_F_13-Jun-2017_rpm770_doc0p020_window_0001,no_chatter,train,"data/01_windowed_labeled_2,5s/4p5inchStickout/F_13-Jun-2017_rpm770_doc0p020/F_13-Jun-2017_rpm770_doc0p020_window_0001.npz",data/02_spectrograms_150x100px_dataset/train/no_chatter/4p5inchStickout_F_13-Jun-2017_rpm770_doc0p020_window_0001_no_chatter.png,train
turning,turning,4p5inchStickout,4p5inchStickout/F_13-Jun-2017_rpm770_doc0p020,770.0,0p020,2,4p5inchStickout_F_13-Jun-2017_rpm770_doc0p020_window_0002,no_chatter,validation,"data/01_windowed_labeled_2,5s/4p5inchStickout/F_13-Jun-2017_rpm770_doc0p020/F_13-Jun-2017_rpm770_doc0p020_window_0002.npz",data/02_spectrograms_150x100px_dataset/test/no_chatter/4p5inchStickout_F_13-Jun-2017_rpm770_doc0p020_window_0002_no_chatter.png,test
turning,turning,4p5inchStickout,4p5inchStickout/F_13-Jun-2017_rpm770_doc0p020,770.0,0p020,3,4p5inchStickout_F_13-Jun-2017_rpm770_doc0p020_window_0003,no_chatter,train,"data/01_windowed_labeled_2,5s/4p5inchStickout/F_13-Jun-2017_rpm770_doc0p020/F_13-Jun-2017_rpm770_doc0p020_window_0003.npz",data/02_spectrograms_150x100px_dataset/train/no_chatter/4p5inchStickout_F_13-Jun-2017_rpm770_doc0p020_window_0003_no_chatter.png,train
turning,turning,4p5inchStickout,4p5inchStickout/F_13-Jun-2017_rpm770_doc0p020,770.0,0p020,4,4p5inchStickout_F_13-Jun-2017_rpm770_doc0p020_window_0004,no_chatter,train,"data/01_windowed_labeled_2,5s/4p5inchStickout/F_13-Jun-2017_rpm770_doc0p020/F_13-Jun-2017_rpm770_doc0p020_window_0004.npz",data/02_spectrograms_150x100px_dataset/train/no_chatter/4p5inchStickout_F_13-Jun-2017_rpm770_doc0p020_window_0004_no_chatter.png,train
turning,turning,4p5inchStickout,4p5inchStickout/F_13-Jun-2017_rpm770_doc0p020,770.0,0p020,5,4p5inchStickout_F_13-Jun-2017_rpm770_doc0p020_window_0005,no_chatter,train,"data/01_windowed_labeled_2,5s/4p5inchStickout/F_13-Jun-2017_rpm770_doc0p020/F_13-Jun-2017_rpm770_doc0p020_window_0005.npz",data/02_spectrograms_150x100px_dataset/train/no_chatter/4p5inchStickout_F_13-Jun-2017_rpm770_doc0p020_window_0005_no_chatter.png,train
