dataset,method,score,sample_id,source_run,source_split,cv_seed,cv_fold,split,label,target,score_value,bottleneck_dim
turning,cnn_ae,global_mse,2inchStickout_F_08-Jun-2017_rpm320_doc0p020_window_0000,2inchStickout/F_08-Jun-2017_rpm320_doc0p020,validation,42,0,cv_evaluation,no_chatter,0,0.0030225844,8
turning,cnn_ae,global_mse,2inchStickout_F_08-Jun-2017_rpm320_doc0p020_window_0001,2inchStickout/F_08-Jun-2017_rpm320_doc0p020,train,42,0,cv_evaluation,no_chatter,0,0.0030051493,8
turning,cnn_ae,global_mse,2inchStickout_F_08-Jun-2017_rpm320_doc0p020_window_0002,2inchStickout/F_08-Jun-2017_rpm320_doc0p020,train,42,0,cv_evaluation,no_chatter,0,0.0030005267,8
turning,cnn_ae,global_mse,2inchStickout_F_08-Jun-2017_rpm320_doc0p020_window_0003,2inchStickout/F_08-Jun-2017_rpm320_doc0p020,validation,42,0,cv_evaluation,no_chatter,0,0.0029932177,8
turning,cnn_ae,global_mse,2inchStickout_F_08-Jun-2017_rpm320_doc0p020_window_0004,2inchStickout/F_08-Jun-2017_rpm320_doc0p020,validation,42,0,cv_evaluation,no_chatter,0,0.0023245038,8
turning,cnn_ae,global_mse,2inchStickout_F_08-Jun-2017_rpm320_doc0p020_window_0005,2inchStickout/F_08-Jun-2017_rpm320_doc0p020,train,42,0,cv_evaluation,no_chatter,0,0.0020897577,8
turning,cnn_ae,global_mse,2inchStickout_F_08-Jun-2017_rpm320_doc0p020_window_0006,2inchStickout/F_08-Jun-2017_rpm320_doc0p020,validation,42,0,cv_evaluation,no_chatter,0,0.0019302985,8
turning,cnn_ae,global_mse,2inchStickout_F_08-Jun-2017_rpm320_doc0p020_window_0007,2inchStickout/F_08-Jun-2017_rpm320_doc0p020,train,42,0,cv_evaluation,no_chatter,0,0.0018256907,8
turning,cnn_ae,global_mse,2inchStickout_F_08-Jun-2017_rpm320_doc0p020_window_0008,2inchStickout/F_08-Jun-2017_rpm320_doc0p020,train,42,0,cv_evaluation,no_chatter,0,0.0026608037,8
turning,cnn_ae,global_mse,2inchStickout_F_08-Jun-2017_rpm320_doc0p020_window_0009,2inchStickout/F_08-Jun-2017_rpm320_doc0p020,train,42,0,cv_evaluation,no_chatter,0,0.0034476921,8
turning,cnn_ae,global_mse,2inchStickout_F_08-Jun-2017_rpm320_doc0p020_window_0010,2inchStickout/F_08-Jun-2017_rpm320_doc0p020,train,42,0,cv_evaluation,no_chatter,0,0.0047899466,8
turning,cnn_ae,global_mse,2inchStickout_F_08-Jun-2017_rpm320_doc0p020_window_0011,2inchStickout/F_08-Jun-2017_rpm320_doc0p020,train,42,0,cv_evaluation,no_chatter,0,0.0066438974,8
turning,cnn_ae,global_mse,2inchStickout_F_08-Jun-2017_rpm320_doc0p020_window_0012,2inchStickout/F_08-Jun-2017_rpm320_doc0p020,train,42,0,cv_evaluation,no_chatter,0,0.004614595,8
turning,cnn_ae,global_mse,2inchStickout_F_08-Jun-2017_rpm320_doc0p020_window_0013,2inchStickout/F_08-Jun-2017_rpm320_doc0p020,validation,42,0,cv_evaluation,no_chatter,0,0.001980356,8
turning,cnn_ae,global_mse,2inchStickout_F_08-Jun-2017_rpm320_doc0p020_window_0014,2inchStickout/F_08-Jun-2017_rpm320_doc0p020,validation,42,0,cv_evaluation,no_chatter,0,0.0021587028,8
turning,cnn_ae,global_mse,2inchStickout_F_08-Jun-2017_rpm320_doc0p020_window_0015,2inchStickout/F_08-Jun-2017_rpm320_doc0p020,train,42,0,cv_evaluation,no_chatter,0,0.0020886213,8
turning,cnn_ae,global_mse,2inchStickout_F_08-Jun-2017_rpm320_doc0p020_window_0016,2inchStickout/F_08-Jun-2017_rpm320_doc0p020,train,42,0,cv_evaluation,no_chatter,0,0.0019743606,8
turning,cnn_ae,global_mse,2inchStickout_F_08-Jun-2017_rpm320_doc0p020_window_0017,2inchStickout/F_08-Jun-2017_rpm320_doc0p020,train,42,0,cv_evaluation,no_chatter,0,0.0019268508,8
turning,cnn_ae,global_mse,2inchStickout_F_08-Jun-2017_rpm320_doc0p020_window_0018,2inchStickout/F_08-Jun-2017_rpm320_doc0p020,train,42,0,cv_evaluation,no_chatter,0,0.0020015046,8
turning,cnn_ae,global_mse,2inchStickout_F_08-Jun-2017_rpm320_doc0p020_window_0019,2inchStickout/F_08-Jun-2017_rpm320_doc0p020,train,42,0,cv_evaluation,no_chatter,0,0.001966693,8
turning,cnn_ae,global_mse,2inchStickout_F_08-Jun-2017_rpm320_doc0p020_window_0020,2inchStickout/F_08-Jun-2017_rpm320_doc0p020,train,42,0,cv_evaluation,no_chatter,0,0.0020605265,8
turning,cnn_ae,global_mse,2inchStickout_F_08-Jun-2017_rpm320_doc0p020_window_0021,2inchStickout/F_08-Jun-2017_rpm320_doc0p020,train,42,0,cv_evaluation,no_chatter,0,0.0021335238,8
turning,cnn_ae,global_mse,2inchStickout_F_08-Jun-2017_rpm320_doc0p020_window_0022,2inchStickout/F_08-Jun-2017_rpm320_doc0p020,validation,42,0,cv_evaluation,no_chatter,0,0.0021810795,8
turning,cnn_ae,global_mse,2inchStickout_F_08-Jun-2017_rpm320_doc0p020_window_0023,2inchStickout/F_08-Jun-2017_rpm320_doc0p020,train,42,0,cv_evaluation,no_chatter,0,0.0017665778,8
turning,cnn_ae,global_mse,2inchStickout_F_08-Jun-2017_rpm320_doc0p025_window_0000,2inchStickout/F_08-Jun-2017_rpm320_doc0p025,train,42,0,cv_evaluation,no_chatter,0,0.0030072522,8
turning,cnn_ae,global_mse,2inchStickout_F_08-Jun-2017_rpm320_doc0p025_window_0001,2inchStickout/F_08-Jun-2017_rpm320_doc0p025,train,42,0,cv_evaluation,no_chatter,0,0.0029977087,8
turning,cnn_ae,global_mse,2inchStickout_F_08-Jun-2017_rpm320_doc0p025_window_0002,2inchStickout/F_08-Jun-2017_rpm320_doc0p025,train,42,0,cv_evaluation,no_chatter,0,0.0029484506,8
turning,cnn_ae,global_mse,2inchStickout_F_08-Jun-2017_rpm320_doc0p025_window_0003,2inchStickout/F_08-Jun-2017_rpm320_doc0p025,validation,42,0,cv_evaluation,no_chatter,0,0.0021133581,8
turning,cnn_ae,global_mse,2inchStickout_F_08-Jun-2017_rpm320_doc0p025_window_0004,2inchStickout/F_08-Jun-2017_rpm320_doc0p025,validation,42,0,cv_evaluation,no_chatter,0,0.0014906528,8
turning,cnn_ae,global_mse,2inchStickout_F_08-Jun-2017_rpm320_doc0p025_window_0005,2inchStickout/F_08-Jun-2017_rpm320_doc0p025,train,42,0,cv_evaluation,no_chatter,0,0.0013519683,8
turning,cnn_ae,global_mse,2inchStickout_F_08-Jun-2017_rpm320_doc0p025_window_0006,2inchStickout/F_08-Jun-2017_rpm320_doc0p025,train,42,0,cv_evaluation,no_chatter,0,0.001178665,8
turning,cnn_ae,global_mse,2inchStickout_F_08-Jun-2017_rpm320_doc0p025_window_0007,2inchStickout/F_08-Jun-2017_rpm320_doc0p025,train,42,0,cv_evaluation,no_chatter,0,0.001214081,8
turning,cnn_ae,global_mse,2inchStickout_F_08-Jun-2017_rpm320_doc0p025_window_0008,2inchStickout/F_08-Jun-2017_rpm320_doc0p025,validation,42,0,cv_evaluation,no_chatter,0,0.0011166611,8
turning,cnn_ae,global_mse,2inchStickout_F_08-Jun-2017_rpm320_doc0p025_window_0009,2inchStickout/F_08-Jun-2017_rpm320_doc0p025,train,42,0,cv_evaluation,no_chatter,0,0.0011640477,8
turning,cnn_ae,global_mse,2inchStickout_F_08-Jun-2017_rpm320_doc0p025_window_0010,2inchStickout/F_08-Jun-2017_rpm320_doc0p025,train,42,0,cv_evaluation,no_chatter,0,0.0011711917,8
turning,cnn_ae,global_mse,2inchStickout_F_08-Jun-2017_rpm320_doc0p025_window_0011,2inchStickout/F_08-Jun-2017_rpm320_doc0p025,train,42,0,cv_evaluation,no_chatter,0,0.0012433795,8
turning,cnn_ae,global_mse,2inchStickout_F_08-Jun-2017_rpm320_doc0p025_window_0012,2inchStickout/F_08-Jun-2017_rpm320_doc0p025,validation,42,0,cv_evaluation,no_chatter,0,0.0030032655,8
turning,cnn_ae,global_mse,2inchStickout_F_08-Jun-2017_rpm320_doc0p025_window_0013,2inchStickout/F_08-Jun-2017_rpm320_doc0p025,validation,42,0,cv_evaluation,no_chatter,0,0.004230764,8
turning,cnn_ae,global_mse,2inchStickout_F_08-Jun-2017_rpm320_doc0p025_window_0014,2inchStickout/F_08-Jun-2017_rpm320_doc0p025,train,42,0,cv_evaluation,no_chatter,0,0.0060362103,8
turning,cnn_ae,global_mse,2inchStickout_F_08-Jun-2017_rpm320_doc0p025_window_0015,2inchStickout/F_08-Jun-2017_rpm320_doc0p025,train,42,0,cv_evaluation,no_chatter,0,0.007865667,8
turning,cnn_ae,global_mse,2inchStickout_F_08-Jun-2017_rpm320_doc0p025_window_0016,2inchStickout/F_08-Jun-2017_rpm320_doc0p025,train,42,0,cv_evaluation,no_chatter,0,0.0045788884,8
turning,cnn_ae,global_mse,2inchStickout_F_08-Jun-2017_rpm320_doc0p025_window_0017,2inchStickout/F_08-Jun-2017_rpm320_doc0p025,validation,42,0,cv_evaluation,no_chatter,0,0.0031009493,8
turning,cnn_ae,global_mse,2inchStickout_F_08-Jun-2017_rpm320_doc0p025_window_0018,2inchStickout/F_08-Jun-2017_rpm320_doc0p025,train,42,0,cv_evaluation,no_chatter,0,0.0035338714,8
turning,cnn_ae,global_mse,2inchStickout_F_08-Jun-2017_rpm320_doc0p025_window_0019,2inchStickout/F_08-Jun-2017_rpm320_doc0p025,train,42,0,cv_evaluation,no_chatter,0,0.003157147,8
turning,cnn_ae,global_mse,2inchStickout_F_08-Jun-2017_rpm320_doc0p025_window_0020,2inchStickout/F_08-Jun-2017_rpm320_doc0p025,train,42,0,cv_evaluation,no_chatter,0,0.0032322046,8
turning,cnn_ae,global_mse,2inchStickout_F_08-Jun-2017_rpm320_doc0p025_window_0021,2inchStickout/F_08-Jun-2017_rpm320_doc0p025,validation,42,0,cv_evaluation,no_chatter,0,0.0022305234,8
turning,cnn_ae,global_mse,2inchStickout_F_08-Jun-2017_rpm320_doc0p025_window_0022,2inchStickout/F_08-Jun-2017_rpm320_doc0p025,train,42,0,cv_evaluation,no_chatter,0,0.0015329103,8
turning,cnn_ae,global_mse,2inchStickout_F_08-Jun-2017_rpm320_doc0p025_window_0023,2inchStickout/F_08-Jun-2017_rpm320_doc0p025,validation,42,0,cv_evaluation,no_chatter,0,0.002158782,8
turning,cnn_ae,global_mse,2inchStickout_F_08-Jun-2017_rpm425_doc0p010_window_0000,2inchStickout/F_08-Jun-2017_rpm425_doc0p010,validation,42,0,cv_evaluation,no_chatter,0,0.0030159855,8
turning,cnn_ae,global_mse,2inchStickout_F_08-Jun-2017_rpm425_doc0p010_window_0001,2inchStickout/F_08-Jun-2017_rpm425_doc0p010,train,42,0,cv_evaluation,no_chatter,0,0.002889394,8
turning,cnn_ae,global_mse,2inchStickout_F_08-Jun-2017_rpm425_doc0p010_window_0002,2inchStickout/F_08-Jun-2017_rpm425_doc0p010,train,42,0,cv_evaluation,no_chatter,0,0.0018284078,8
turning,cnn_ae,global_mse,2inchStickout_F_08-Jun-2017_rpm425_doc0p010_window_0003,2inchStickout/F_08-Jun-2017_rpm425_doc0p010,train,42,0,cv_evaluation,no_chatter,0,0.0018337272,8
turning,cnn_ae,global_mse,2inchStickout_F_08-Jun-2017_rpm425_doc0p010_window_0004,2inchStickout/F_08-Jun-2017_rpm425_doc0p010,train,42,0,cv_evaluation,no_chatter,0,0.0018893543,8
turning,cnn_ae,global_mse,2inchStickout_F_08-Jun-2017_rpm425_doc0p010_window_0005,2inchStickout/F_08-Jun-2017_rpm425_doc0p010,validation,42,0,cv_evaluation,no_chatter,0,0.0020490042,8
turning,cnn_ae,global_mse,2inchStickout_F_08-Jun-2017_rpm425_doc0p010_window_0006,2inchStickout/F_08-Jun-2017_rpm425_doc0p010,train,42,0,cv_evaluation,no_chatter,0,0.002559451,8
turning,cnn_ae,global_mse,2inchStickout_F_08-Jun-2017_rpm425_doc0p010_window_0007,2inchStickout/F_08-Jun-2017_rpm425_doc0p010,train,42,0,cv_evaluation,no_chatter,0,0.0029511678,8
turning,cnn_ae,global_mse,2inchStickout_F_08-Jun-2017_rpm425_doc0p020_window_0000,2inchStickout/F_08-Jun-2017_rpm425_doc0p020,train,42,0,cv_evaluation,no_chatter,0,0.003051929,8
turning,cnn_ae,global_mse,2inchStickout_F_08-Jun-2017_rpm425_doc0p020_window_0001,2inchStickout/F_08-Jun-2017_rpm425_doc0p020,train,42,0,cv_evaluation,no_chatter,0,0.0028951375,8
turning,cnn_ae,global_mse,2inchStickout_F_08-Jun-2017_rpm425_doc0p020_window_0002,2inchStickout/F_08-Jun-2017_rpm425_doc0p020,test,42,0,cv_evaluation,no_chatter,0,0.0018004191,8
turning,cnn_ae,global_mse,2inchStickout_F_08-Jun-2017_rpm425_doc0p020_window_0003,2inchStickout/F_08-Jun-2017_rpm425_doc0p020,train,42,0,cv_evaluation,no_chatter,0,0.0021286632,8
turning,cnn_ae,global_mse,2inchStickout_F_08-Jun-2017_rpm425_doc0p020_window_0004,2inchStickout/F_08-Jun-2017_rpm425_doc0p020,train,42,0,cv_evaluation,no_chatter,0,0.003430389,8
turning,cnn_ae,global_mse,2inchStickout_F_08-Jun-2017_rpm425_doc0p020_window_0005,2inchStickout/F_08-Jun-2017_rpm425_doc0p020,test,42,0,cv_evaluation,no_chatter,0,0.009112415,8
turning,cnn_ae,global_mse,2inchStickout_F_08-Jun-2017_rpm425_doc0p020_window_0006,2inchStickout/F_08-Jun-2017_rpm425_doc0p020,validation,42,0,cv_evaluation,chatter,1,0.018230205,8
turning,cnn_ae,global_mse,2inchStickout_F_08-Jun-2017_rpm425_doc0p020_window_0007,2inchStickout/F_08-Jun-2017_rpm425_doc0p020,validation,42,0,cv_evaluation,chatter,1,0.014953358,8
turning,cnn_ae,global_mse,2inchStickout_F_08-Jun-2017_rpm770_doc0p010_window_0000,2inchStickout/F_08-Jun-2017_rpm770_doc0p010,train,42,0,cv_evaluation,no_chatter,0,0.0030788258,8
turning,cnn_ae,global_mse,2inchStickout_F_08-Jun-2017_rpm770_doc0p010_window_0001,2inchStickout/F_08-Jun-2017_rpm770_doc0p010,test,42,0,cv_evaluation,chatter,1,0.02441868,8
turning,cnn_ae,global_mse,2inchStickout_F_08-Jun-2017_rpm770_doc0p010_window_0002,2inchStickout/F_08-Jun-2017_rpm770_doc0p010,test,42,0,cv_evaluation,chatter,1,0.05817384,8
turning,cnn_ae,global_mse,2inchStickout_F_08-Jun-2017_rpm770_doc0p010_window_0003,2inchStickout/F_08-Jun-2017_rpm770_doc0p010,test,42,0,cv_evaluation,chatter,1,0.06154541,8
turning,cnn_ae,global_mse,2inchStickout_F_08-Jun-2017_rpm770_doc0p010_window_0004,2inchStickout/F_08-Jun-2017_rpm770_doc0p010,test,42,0,cv_evaluation,chatter,1,0.06419244,8
turning,cnn_ae,global_mse,2inchStickout_F_08-Jun-2017_rpm770_doc0p010_window_0005,2inchStickout/F_08-Jun-2017_rpm770_doc0p010,test,42,0,cv_evaluation,chatter,1,0.06689341,8
turning,cnn_ae,global_mse,2inchStickout_F_08-Jun-2017_rpm770_doc0p010_window_0006,2inchStickout/F_08-Jun-2017_rpm770_doc0p010,test,42,0,cv_evaluation,chatter,1,0.06761619,8
turning,cnn_ae,global_mse,2inchStickout_F_08-Jun-2017_rpm770_doc0p010_window_0007,2inchStickout/F_08-Jun-2017_rpm770_doc0p010,test,42,0,cv_evaluation,chatter,1,0.064198084,8
turning,cnn_ae,global_mse,2inchStickout_F_08-Jun-2017_rpm770_doc0p010_window_0008,2inchStickout/F_08-Jun-2017_rpm770_doc0p010,test,42,0,cv_evaluation,chatter,1,0.06757507,8
turning,cnn_ae,global_mse,2inchStickout_F_08-Jun-2017_rpm770_doc0p010_window_0009,2inchStickout/F_08-Jun-2017_rpm770_doc0p010,test,42,0,cv_evaluation,chatter,1,0.07076892,8
turning,cnn_ae,global_mse,2inchStickout_F_08-Jun-2017_rpm770_doc0p010_window_0010,2inchStickout/F_08-Jun-2017_rpm770_doc0p010,test,42,0,cv_evaluation,chatter,1,0.08228307,8
turning,cnn_ae,global_mse,2inchStickout_F_08-Jun-2017_rpm770_doc0p010_window_0011,2inchStickout/F_08-Jun-2017_rpm770_doc0p010,test,42,0,cv_evaluation,chatter,1,0.07971038,8
turning,cnn_ae,global_mse,2inchStickout_F_08-Jun-2017_rpm770_doc0p010_window_0012,2inchStickout/F_08-Jun-2017_rpm770_doc0p010,test,42,0,cv_evaluation,chatter,1,0.0657632,8
turning,cnn_ae,global_mse,2inchStickout_F_08-Jun-2017_rpm770_doc0p010_window_0013,2inchStickout/F_08-Jun-2017_rpm770_doc0p010,test,42,0,cv_evaluation,chatter,1,0.046523735,8
turning,cnn_ae,global_mse,2inchStickout_F_08-Jun-2017_rpm770_doc0p010_window_0014,2inchStickout/F_08-Jun-2017_rpm770_doc0p010,train,42,0,cv_evaluation,no_chatter,0,0.012072648,8
turning,cnn_ae,global_mse,2inchStickout_F_08-Jun-2017_rpm770_doc0p010_window_0015,2inchStickout/F_08-Jun-2017_rpm770_doc0p010,train,42,0,cv_evaluation,no_chatter,0,0.003088299,8
turning,cnn_ae,global_mse,2inchStickout_F_08-Jun-2017_rpm770_doc0p010_window_0016,2inchStickout/F_08-Jun-2017_rpm770_doc0p010,train,42,0,cv_evaluation,no_chatter,0,0.0030851443,8
turning,cnn_ae,global_mse,2inchStickout_F_08-Jun-2017_rpm770_doc0p010_window_0017,2inchStickout/F_08-Jun-2017_rpm770_doc0p010,train,42,0,cv_evaluation,no_chatter,0,0.0030920617,8
turning,cnn_ae,global_mse,2inchStickout_F_08-Jun-2017_rpm770_doc0p010_window_0018,2inchStickout/F_08-Jun-2017_rpm770_doc0p010,train,42,0,cv_evaluation,no_chatter,0,0.0031567384,8
turning,cnn_ae,global_mse,2inchStickout_F_08-Jun-2017_rpm770_doc0p010_window_0019,2inchStickout/F_08-Jun-2017_rpm770_doc0p010,train,42,0,cv_evaluation,no_chatter,0,0.003194904,8
turning,cnn_ae,global_mse,2inchStickout_F_08-Jun-2017_rpm770_doc0p010_window_0020,2inchStickout/F_08-Jun-2017_rpm770_doc0p010,train,42,0,cv_evaluation,no_chatter,0,0.0032031701,8
turning,cnn_ae,global_mse,2inchStickout_F_08-Jun-2017_rpm770_doc0p010_window_0021,2inchStickout/F_08-Jun-2017_rpm770_doc0p010,train,42,0,cv_evaluation,no_chatter,0,0.003181036,8
turning,cnn_ae,global_mse,2inchStickout_F_08-Jun-2017_rpm770_doc0p010_window_0022,2inchStickout/F_08-Jun-2017_rpm770_doc0p010,train,42,0,cv_evaluation,no_chatter,0,0.0031521919,8
turning,cnn_ae,global_mse,2inchStickout_F_08-Jun-2017_rpm770_doc0p010_window_0023,2inchStickout/F_08-Jun-2017_rpm770_doc0p010,train,42,0,cv_evaluation,no_chatter,0,0.0031662516,8
turning,cnn_ae,global_mse,2inchStickout_F_08-Jun-2017_smoothingCut2_noChatter_window_0000,2inchStickout/F_08-Jun-2017_smoothingCut2_noChatter,train,42,0,cv_evaluation,no_chatter,0,0.0029704492,8
turning,cnn_ae,global_mse,2inchStickout_F_08-Jun-2017_smoothingCut2_noChatter_window_0001,2inchStickout/F_08-Jun-2017_smoothingCut2_noChatter,test,42,0,cv_evaluation,no_chatter,0,0.0027634238,8
turning,cnn_ae,global_mse,2inchStickout_F_08-Jun-2017_smoothingCut2_noChatter_window_0002,2inchStickout/F_08-Jun-2017_smoothingCut2_noChatter,train,42,0,cv_evaluation,no_chatter,0,0.005324863,8
turning,cnn_ae,global_mse,2inchStickout_F_08-Jun-2017_smoothingCut2_noChatter_window_0003,2inchStickout/F_08-Jun-2017_smoothingCut2_noChatter,train,42,0,cv_evaluation,no_chatter,0,0.0032287317,8
turning,cnn_ae,global_mse,2inchStickout_F_08-Jun-2017_smoothingCut2_noChatter_window_0004,2inchStickout/F_08-Jun-2017_smoothingCut2_noChatter,train,42,0,cv_evaluation,no_chatter,0,0.002311563,8
turning,cnn_ae,global_mse,2inchStickout_F_08-Jun-2017_smoothingCut2_noChatter_window_0005,2inchStickout/F_08-Jun-2017_smoothingCut2_noChatter,train,42,0,cv_evaluation,no_chatter,0,0.001895204,8
turning,cnn_ae,global_mse,2inchStickout_F_08-Jun-2017_smoothingCut2_noChatter_window_0006,2inchStickout/F_08-Jun-2017_smoothingCut2_noChatter,train,42,0,cv_evaluation,no_chatter,0,0.0018617291,8
turning,cnn_ae,global_mse,2inchStickout_F_08-Jun-2017_smoothingCut2_noChatter_window_0007,2inchStickout/F_08-Jun-2017_smoothingCut2_noChatter,test,42,0,cv_evaluation,no_chatter,0,0.0018195349,8
turning,cnn_ae,global_mse,2inchStickout_F_08-Jun-2017_smoothingCut2_noChatter_window_0008,2inchStickout/F_08-Jun-2017_smoothingCut2_noChatter,train,42,0,cv_evaluation,no_chatter,0,0.0016940756,8
turning,cnn_ae,global_mse,2inchStickout_F_08-Jun-2017_smoothingCut2_noChatter_window_0009,2inchStickout/F_08-Jun-2017_smoothingCut2_noChatter,train,42,0,cv_evaluation,no_chatter,0,0.0018116598,8
turning,cnn_ae,global_mse,2inchStickout_F_08-Jun-2017_smoothingCut2_noChatter_window_0010,2inchStickout/F_08-Jun-2017_smoothingCut2_noChatter,test,42,0,cv_evaluation,no_chatter,0,0.0017849588,8
turning,cnn_ae,global_mse,2inchStickout_F_08-Jun-2017_smoothingCut2_noChatter_window_0011,2inchStickout/F_08-Jun-2017_smoothingCut2_noChatter,train,42,0,cv_evaluation,no_chatter,0,0.0018579334,8
turning,cnn_ae,global_mse,2p5inchStickout_F_12-Jun-2017_rpm570_doc0p008_window_0000,2p5inchStickout/F_12-Jun-2017_rpm570_doc0p008,train,42,0,cv_evaluation,no_chatter,0,0.0026078254,8
turning,cnn_ae,global_mse,2p5inchStickout_F_12-Jun-2017_rpm570_doc0p008_window_0001,2p5inchStickout/F_12-Jun-2017_rpm570_doc0p008,train,42,0,cv_evaluation,no_chatter,0,0.0037339614,8
turning,cnn_ae,global_mse,2p5inchStickout_F_12-Jun-2017_rpm570_doc0p008_window_0002,2p5inchStickout/F_12-Jun-2017_rpm570_doc0p008,train,42,0,cv_evaluation,no_chatter,0,0.0044677346,8
turning,cnn_ae,global_mse,2p5inchStickout_F_12-Jun-2017_rpm570_doc0p008_window_0003,2p5inchStickout/F_12-Jun-2017_rpm570_doc0p008,train,42,0,cv_evaluation,no_chatter,0,0.0064709983,8
turning,cnn_ae,global_mse,2p5inchStickout_F_12-Jun-2017_rpm570_doc0p008_window_0004,2p5inchStickout/F_12-Jun-2017_rpm570_doc0p008,train,42,0,cv_evaluation,no_chatter,0,0.0045138253,8
turning,cnn_ae,global_mse,2p5inchStickout_F_12-Jun-2017_rpm570_doc0p008_window_0005,2p5inchStickout/F_12-Jun-2017_rpm570_doc0p008,train,42,0,cv_evaluation,no_chatter,0,0.007815577,8
turning,cnn_ae,global_mse,2p5inchStickout_F_12-Jun-2017_rpm570_doc0p008_window_0006,2p5inchStickout/F_12-Jun-2017_rpm570_doc0p008,train,42,0,cv_evaluation,no_chatter,0,0.0037088108,8
turning,cnn_ae,global_mse,2p5inchStickout_F_12-Jun-2017_rpm570_doc0p008_window_0007,2p5inchStickout/F_12-Jun-2017_rpm570_doc0p008,train,42,0,cv_evaluation,no_chatter,0,0.00466245,8
turning,cnn_ae,global_mse,2p5inchStickout_F_12-Jun-2017_rpm570_doc0p008_window_0008,2p5inchStickout/F_12-Jun-2017_rpm570_doc0p008,train,42,0,cv_evaluation,no_chatter,0,0.0046503325,8
turning,cnn_ae,global_mse,2p5inchStickout_F_12-Jun-2017_rpm570_doc0p008_window_0009,2p5inchStickout/F_12-Jun-2017_rpm570_doc0p008,validation,42,0,cv_evaluation,no_chatter,0,0.0044497414,8
turning,cnn_ae,global_mse,4p5inchStickout_F_12-Jun-2017_rpm570_doc0p035_window_0000,4p5inchStickout/F_12-Jun-2017_rpm570_doc0p035,validation,42,0,cv_evaluation,no_chatter,0,0.005036995,8
turning,cnn_ae,global_mse,4p5inchStickout_F_12-Jun-2017_rpm570_doc0p035_window_0001,4p5inchStickout/F_12-Jun-2017_rpm570_doc0p035,validation,42,0,cv_evaluation,no_chatter,0,0.007332857,8
turning,cnn_ae,global_mse,4p5inchStickout_F_12-Jun-2017_rpm570_doc0p035_window_0002,4p5inchStickout/F_12-Jun-2017_rpm570_doc0p035,train,42,0,cv_evaluation,no_chatter,0,0.008126608,8
turning,cnn_ae,global_mse,4p5inchStickout_F_12-Jun-2017_rpm570_doc0p035_window_0003,4p5inchStickout/F_12-Jun-2017_rpm570_doc0p035,train,42,0,cv_evaluation,no_chatter,0,0.0067431233,8
turning,cnn_ae,global_mse,4p5inchStickout_F_12-Jun-2017_rpm570_doc0p035_window_0004,4p5inchStickout/F_12-Jun-2017_rpm570_doc0p035,train,42,0,cv_evaluation,no_chatter,0,0.00620199,8
turning,cnn_ae,global_mse,4p5inchStickout_F_12-Jun-2017_rpm570_doc0p035_window_0005,4p5inchStickout/F_12-Jun-2017_rpm570_doc0p035,train,42,0,cv_evaluation,no_chatter,0,0.005667293,8
turning,cnn_ae,global_mse,4p5inchStickout_F_12-Jun-2017_rpm570_doc0p035_window_0006,4p5inchStickout/F_12-Jun-2017_rpm570_doc0p035,train,42,0,cv_evaluation,no_chatter,0,0.0054823747,8
turning,cnn_ae,global_mse,4p5inchStickout_F_12-Jun-2017_rpm570_doc0p035_window_0007,4p5inchStickout/F_12-Jun-2017_rpm570_doc0p035,train,42,0,cv_evaluation,no_chatter,0,0.00531076,8
turning,cnn_ae,global_mse,4p5inchStickout_F_12-Jun-2017_rpm570_doc0p035_window_0008,4p5inchStickout/F_12-Jun-2017_rpm570_doc0p035,train,42,0,cv_evaluation,no_chatter,0,0.0049480875,8
turning,cnn_ae,global_mse,4p5inchStickout_F_12-Jun-2017_rpm570_doc0p035_window_0009,4p5inchStickout/F_12-Jun-2017_rpm570_doc0p035,train,42,0,cv_evaluation,no_chatter,0,0.0051895417,8
turning,cnn_ae,global_mse,4p5inchStickout_F_12-Jun-2017_rpm570_doc0p035_window_0010,4p5inchStickout/F_12-Jun-2017_rpm570_doc0p035,validation,42,0,cv_evaluation,no_chatter,0,0.003951216,8
turning,cnn_ae,global_mse,4p5inchStickout_F_12-Jun-2017_rpm570_doc0p035_window_0011,4p5inchStickout/F_12-Jun-2017_rpm570_doc0p035,train,42,0,cv_evaluation,no_chatter,0,0.0039986405,8
turning,cnn_ae,global_mse,4p5inchStickout_F_13-Jun-2017_rpm1030_doc0p005_window_0000,4p5inchStickout/F_13-Jun-2017_rpm1030_doc0p005,train,42,0,cv_evaluation,no_chatter,0,0.003979287,8
turning,cnn_ae,global_mse,4p5inchStickout_F_13-Jun-2017_rpm1030_doc0p005_window_0001,4p5inchStickout/F_13-Jun-2017_rpm1030_doc0p005,test,42,0,cv_evaluation,no_chatter,0,0.008216341,8
turning,cnn_ae,global_mse,4p5inchStickout_F_13-Jun-2017_rpm1030_doc0p005_window_0002,4p5inchStickout/F_13-Jun-2017_rpm1030_doc0p005,test,42,0,cv_evaluation,no_chatter,0,0.009100114,8
turning,cnn_ae,global_mse,4p5inchStickout_F_13-Jun-2017_rpm1030_doc0p005_window_0003,4p5inchStickout/F_13-Jun-2017_rpm1030_doc0p005,train,42,0,cv_evaluation,no_chatter,0,0.010054448,8
turning,cnn_ae,global_mse,4p5inchStickout_F_13-Jun-2017_rpm1030_doc0p014_window_0000,4p5inchStickout/F_13-Jun-2017_rpm1030_doc0p014,train,42,0,cv_evaluation,no_chatter,0,0.004021369,8
turning,cnn_ae,global_mse,4p5inchStickout_F_13-Jun-2017_rpm1030_doc0p014_window_0001,4p5inchStickout/F_13-Jun-2017_rpm1030_doc0p014,train,42,0,cv_evaluation,no_chatter,0,0.009780177,8
turning,cnn_ae,global_mse,4p5inchStickout_F_13-Jun-2017_rpm1030_doc0p014_window_0002,4p5inchStickout/F_13-Jun-2017_rpm1030_doc0p014,validation,42,0,cv_evaluation,no_chatter,0,0.009878456,8
turning,cnn_ae,global_mse,4p5inchStickout_F_13-Jun-2017_rpm1030_doc0p014_window_0003,4p5inchStickout/F_13-Jun-2017_rpm1030_doc0p014,train,42,0,cv_evaluation,no_chatter,0,0.008143864,8
turning,cnn_ae,global_mse,4p5inchStickout_F_13-Jun-2017_rpm770_doc0p015_window_0000,4p5inchStickout/F_13-Jun-2017_rpm770_doc0p015,train,42,0,cv_evaluation,no_chatter,0,0.003950658,8
turning,cnn_ae,global_mse,4p5inchStickout_F_13-Jun-2017_rpm770_doc0p015_window_0001,4p5inchStickout/F_13-Jun-2017_rpm770_doc0p015,validation,42,0,cv_evaluation,no_chatter,0,0.003786403,8
turning,cnn_ae,global_mse,4p5inchStickout_F_13-Jun-2017_rpm770_doc0p015_window_0002,4p5inchStickout/F_13-Jun-2017_rpm770_doc0p015,validation,42,0,cv_evaluation,no_chatter,0,0.004922866,8
turning,cnn_ae,global_mse,4p5inchStickout_F_13-Jun-2017_rpm770_doc0p015_window_0003,4p5inchStickout/F_13-Jun-2017_rpm770_doc0p015,train,42,0,cv_evaluation,no_chatter,0,0.00556539,8
turning,cnn_ae,global_mse,4p5inchStickout_F_13-Jun-2017_rpm770_doc0p015_window_0004,4p5inchStickout/F_13-Jun-2017_rpm770_doc0p015,validation,42,0,cv_evaluation,no_chatter,0,0.0064239176,8
turning,cnn_ae,global_mse,4p5inchStickout_F_13-Jun-2017_rpm770_doc0p015_window_0005,4p5inchStickout/F_13-Jun-2017_rpm770_doc0p015,validation,42,0,cv_evaluation,no_chatter,0,0.004708986,8
turning,cnn_ae,global_mae,2inchStickout_F_08-Jun-2017_rpm320_doc0p020_window_0000,2inchStickout/F_08-Jun-2017_rpm320_doc0p020,validation,42,0,cv_evaluation,no_chatter,0,0.038241435,8
turning,cnn_ae,global_mae,2inchStickout_F_08-Jun-2017_rpm320_doc0p020_window_0001,2inchStickout/F_08-Jun-2017_rpm320_doc0p020,train,42,0,cv_evaluation,no_chatter,0,0.038303792,8
turning,cnn_ae,global_mae,2inchStickout_F_08-Jun-2017_rpm320_doc0p020_window_0002,2inchStickout/F_08-Jun-2017_rpm320_doc0p020,train,42,0,cv_evaluation,no_chatter,0,0.03820525,8
turning,cnn_ae,global_mae,2inchStickout_F_08-Jun-2017_rpm320_doc0p020_window_0003,2inchStickout/F_08-Jun-2017_rpm320_doc0p020,validation,42,0,cv_evaluation,no_chatter,0,0.038165886,8
turning,cnn_ae,global_mae,2inchStickout_F_08-Jun-2017_rpm320_doc0p020_window_0004,2inchStickout/F_08-Jun-2017_rpm320_doc0p020,validation,42,0,cv_evaluation,no_chatter,0,0.033670362,8
turning,cnn_ae,global_mae,2inchStickout_F_08-Jun-2017_rpm320_doc0p020_window_0005,2inchStickout/F_08-Jun-2017_rpm320_doc0p020,train,42,0,cv_evaluation,no_chatter,0,0.031064147,8
turning,cnn_ae,global_mae,2inchStickout_F_08-Jun-2017_rpm320_doc0p020_window_0006,2inchStickout/F_08-Jun-2017_rpm320_doc0p020,validation,42,0,cv_evaluation,no_chatter,0,0.030285688,8
turning,cnn_ae,global_mae,2inchStickout_F_08-Jun-2017_rpm320_doc0p020_window_0007,2inchStickout/F_08-Jun-2017_rpm320_doc0p020,train,42,0,cv_evaluation,no_chatter,0,0.029557604,8
turning,cnn_ae,global_mae,2inchStickout_F_08-Jun-2017_rpm320_doc0p020_window_0008,2inchStickout/F_08-Jun-2017_rpm320_doc0p020,train,42,0,cv_evaluation,no_chatter,0,0.03251887,8
turning,cnn_ae,global_mae,2inchStickout_F_08-Jun-2017_rpm320_doc0p020_window_0009,2inchStickout/F_08-Jun-2017_rpm320_doc0p020,train,42,0,cv_evaluation,no_chatter,0,0.03516211,8
turning,cnn_ae,global_mae,2inchStickout_F_08-Jun-2017_rpm320_doc0p020_window_0010,2inchStickout/F_08-Jun-2017_rpm320_doc0p020,train,42,0,cv_evaluation,no_chatter,0,0.037986845,8
turning,cnn_ae,global_mae,2inchStickout_F_08-Jun-2017_rpm320_doc0p020_window_0011,2inchStickout/F_08-Jun-2017_rpm320_doc0p020,train,42,0,cv_evaluation,no_chatter,0,0.04264377,8
turning,cnn_ae,global_mae,2inchStickout_F_08-Jun-2017_rpm320_doc0p020_window_0012,2inchStickout/F_08-Jun-2017_rpm320_doc0p020,train,42,0,cv_evaluation,no_chatter,0,0.038119942,8
turning,cnn_ae,global_mae,2inchStickout_F_08-Jun-2017_rpm320_doc0p020_window_0013,2inchStickout/F_08-Jun-2017_rpm320_doc0p020,validation,42,0,cv_evaluation,no_chatter,0,0.03051409,8
turning,cnn_ae,global_mae,2inchStickout_F_08-Jun-2017_rpm320_doc0p020_window_0014,2inchStickout/F_08-Jun-2017_rpm320_doc0p020,validation,42,0,cv_evaluation,no_chatter,0,0.0318003,8
turning,cnn_ae,global_mae,2inchStickout_F_08-Jun-2017_rpm320_doc0p020_window_0015,2inchStickout/F_08-Jun-2017_rpm320_doc0p020,train,42,0,cv_evaluation,no_chatter,0,0.031637404,8
turning,cnn_ae,global_mae,2inchStickout_F_08-Jun-2017_rpm320_doc0p020_window_0016,2inchStickout/F_08-Jun-2017_rpm320_doc0p020,train,42,0,cv_evaluation,no_chatter,0,0.030543394,8
turning,cnn_ae,global_mae,2inchStickout_F_08-Jun-2017_rpm320_doc0p020_window_0017,2inchStickout/F_08-Jun-2017_rpm320_doc0p020,train,42,0,cv_evaluation,no_chatter,0,0.030112375,8
turning,cnn_ae,global_mae,2inchStickout_F_08-Jun-2017_rpm320_doc0p020_window_0018,2inchStickout/F_08-Jun-2017_rpm320_doc0p020,train,42,0,cv_evaluation,no_chatter,0,0.03049961,8
turning,cnn_ae,global_mae,2inchStickout_F_08-Jun-2017_rpm320_doc0p020_window_0019,2inchStickout/F_08-Jun-2017_rpm320_doc0p020,train,42,0,cv_evaluation,no_chatter,0,0.030279253,8
turning,cnn_ae,global_mae,2inchStickout_F_08-Jun-2017_rpm320_doc0p020_window_0020,2inchStickout/F_08-Jun-2017_rpm320_doc0p020,train,42,0,cv_evaluation,no_chatter,0,0.030861331,8
turning,cnn_ae,global_mae,2inchStickout_F_08-Jun-2017_rpm320_doc0p020_window_0021,2inchStickout/F_08-Jun-2017_rpm320_doc0p020,train,42,0,cv_evaluation,no_chatter,0,0.031444922,8
turning,cnn_ae,global_mae,2inchStickout_F_08-Jun-2017_rpm320_doc0p020_window_0022,2inchStickout/F_08-Jun-2017_rpm320_doc0p020,validation,42,0,cv_evaluation,no_chatter,0,0.031734902,8
turning,cnn_ae,global_mae,2inchStickout_F_08-Jun-2017_rpm320_doc0p020_window_0023,2inchStickout/F_08-Jun-2017_rpm320_doc0p020,train,42,0,cv_evaluation,no_chatter,0,0.028195385,8
turning,cnn_ae,global_mae,2inchStickout_F_08-Jun-2017_rpm320_doc0p025_window_0000,2inchStickout/F_08-Jun-2017_rpm320_doc0p025,train,42,0,cv_evaluation,no_chatter,0,0.038252335,8
turning,cnn_ae,global_mae,2inchStickout_F_08-Jun-2017_rpm320_doc0p025_window_0001,2inchStickout/F_08-Jun-2017_rpm320_doc0p025,train,42,0,cv_evaluation,no_chatter,0,0.038181197,8
turning,cnn_ae,global_mae,2inchStickout_F_08-Jun-2017_rpm320_doc0p025_window_0002,2inchStickout/F_08-Jun-2017_rpm320_doc0p025,train,42,0,cv_evaluation,no_chatter,0,0.037794,8
turning,cnn_ae,global_mae,2inchStickout_F_08-Jun-2017_rpm320_doc0p025_window_0003,2inchStickout/F_08-Jun-2017_rpm320_doc0p025,validation,42,0,cv_evaluation,no_chatter,0,0.031078836,8
turning,cnn_ae,global_mae,2inchStickout_F_08-Jun-2017_rpm320_doc0p025_window_0004,2inchStickout/F_08-Jun-2017_rpm320_doc0p025,validation,42,0,cv_evaluation,no_chatter,0,0.02598648,8
turning,cnn_ae,global_mae,2inchStickout_F_08-Jun-2017_rpm320_doc0p025_window_0005,2inchStickout/F_08-Jun-2017_rpm320_doc0p025,train,42,0,cv_evaluation,no_chatter,0,0.02476609,8
turning,cnn_ae,global_mae,2inchStickout_F_08-Jun-2017_rpm320_doc0p025_window_0006,2inchStickout/F_08-Jun-2017_rpm320_doc0p025,train,42,0,cv_evaluation,no_chatter,0,0.023404166,8
turning,cnn_ae,global_mae,2inchStickout_F_08-Jun-2017_rpm320_doc0p025_window_0007,2inchStickout/F_08-Jun-2017_rpm320_doc0p025,train,42,0,cv_evaluation,no_chatter,0,0.023629148,8
turning,cnn_ae,global_mae,2inchStickout_F_08-Jun-2017_rpm320_doc0p025_window_0008,2inchStickout/F_08-Jun-2017_rpm320_doc0p025,validation,42,0,cv_evaluation,no_chatter,0,0.022637976,8
turning,cnn_ae,global_mae,2inchStickout_F_08-Jun-2017_rpm320_doc0p025_window_0009,2inchStickout/F_08-Jun-2017_rpm320_doc0p025,train,42,0,cv_evaluation,no_chatter,0,0.023155654,8
turning,cnn_ae,global_mae,2inchStickout_F_08-Jun-2017_rpm320_doc0p025_window_0010,2inchStickout/F_08-Jun-2017_rpm320_doc0p025,train,42,0,cv_evaluation,no_chatter,0,0.023167823,8
turning,cnn_ae,global_mae,2inchStickout_F_08-Jun-2017_rpm320_doc0p025_window_0011,2inchStickout/F_08-Jun-2017_rpm320_doc0p025,train,42,0,cv_evaluation,no_chatter,0,0.023438262,8
turning,cnn_ae,global_mae,2inchStickout_F_08-Jun-2017_rpm320_doc0p025_window_0012,2inchStickout/F_08-Jun-2017_rpm320_doc0p025,validation,42,0,cv_evaluation,no_chatter,0,0.029926581,8
turning,cnn_ae,global_mae,2inchStickout_F_08-Jun-2017_rpm320_doc0p025_window_0013,2inchStickout/F_08-Jun-2017_rpm320_doc0p025,validation,42,0,cv_evaluation,no_chatter,0,0.03335915,8
turning,cnn_ae,global_mae,2inchStickout_F_08-Jun-2017_rpm320_doc0p025_window_0014,2inchStickout/F_08-Jun-2017_rpm320_doc0p025,train,42,0,cv_evaluation,no_chatter,0,0.038176883,8
turning,cnn_ae,global_mae,2inchStickout_F_08-Jun-2017_rpm320_doc0p025_window_0015,2inchStickout/F_08-Jun-2017_rpm320_doc0p025,train,42,0,cv_evaluation,no_chatter,0,0.04182728,8
turning,cnn_ae,global_mae,2inchStickout_F_08-Jun-2017_rpm320_doc0p025_window_0016,2inchStickout/F_08-Jun-2017_rpm320_doc0p025,train,42,0,cv_evaluation,no_chatter,0,0.03454989,8
turning,cnn_ae,global_mae,2inchStickout_F_08-Jun-2017_rpm320_doc0p025_window_0017,2inchStickout/F_08-Jun-2017_rpm320_doc0p025,validation,42,0,cv_evaluation,no_chatter,0,0.03067143,8
turning,cnn_ae,global_mae,2inchStickout_F_08-Jun-2017_rpm320_doc0p025_window_0018,2inchStickout/F_08-Jun-2017_rpm320_doc0p025,train,42,0,cv_evaluation,no_chatter,0,0.03220264,8
turning,cnn_ae,global_mae,2inchStickout_F_08-Jun-2017_rpm320_doc0p025_window_0019,2inchStickout/F_08-Jun-2017_rpm320_doc0p025,train,42,0,cv_evaluation,no_chatter,0,0.031128874,8
turning,cnn_ae,global_mae,2inchStickout_F_08-Jun-2017_rpm320_doc0p025_window_0020,2inchStickout/F_08-Jun-2017_rpm320_doc0p025,train,42,0,cv_evaluation,no_chatter,0,0.031562857,8
turning,cnn_ae,global_mae,2inchStickout_F_08-Jun-2017_rpm320_doc0p025_window_0021,2inchStickout/F_08-Jun-2017_rpm320_doc0p025,validation,42,0,cv_evaluation,no_chatter,0,0.02858386,8
turning,cnn_ae,global_mae,2inchStickout_F_08-Jun-2017_rpm320_doc0p025_window_0022,2inchStickout/F_08-Jun-2017_rpm320_doc0p025,train,42,0,cv_evaluation,no_chatter,0,0.024903229,8
turning,cnn_ae,global_mae,2inchStickout_F_08-Jun-2017_rpm320_doc0p025_window_0023,2inchStickout/F_08-Jun-2017_rpm320_doc0p025,validation,42,0,cv_evaluation,no_chatter,0,0.027624685,8
turning,cnn_ae,global_mae,2inchStickout_F_08-Jun-2017_rpm425_doc0p010_window_0000,2inchStickout/F_08-Jun-2017_rpm425_doc0p010,validation,42,0,cv_evaluation,no_chatter,0,0.038069785,8
turning,cnn_ae,global_mae,2inchStickout_F_08-Jun-2017_rpm425_doc0p010_window_0001,2inchStickout/F_08-Jun-2017_rpm425_doc0p010,train,42,0,cv_evaluation,no_chatter,0,0.037350185,8
turning,cnn_ae,global_mae,2inchStickout_F_08-Jun-2017_rpm425_doc0p010_window_0002,2inchStickout/F_08-Jun-2017_rpm425_doc0p010,train,42,0,cv_evaluation,no_chatter,0,0.028839866,8
turning,cnn_ae,global_mae,2inchStickout_F_08-Jun-2017_rpm425_doc0p010_window_0003,2inchStickout/F_08-Jun-2017_rpm425_doc0p010,train,42,0,cv_evaluation,no_chatter,0,0.02677997,8
turning,cnn_ae,global_mae,2inchStickout_F_08-Jun-2017_rpm425_doc0p010_window_0004,2inchStickout/F_08-Jun-2017_rpm425_doc0p010,train,42,0,cv_evaluation,no_chatter,0,0.026890723,8
turning,cnn_ae,global_mae,2inchStickout_F_08-Jun-2017_rpm425_doc0p010_window_0005,2inchStickout/F_08-Jun-2017_rpm425_doc0p010,validation,42,0,cv_evaluation,no_chatter,0,0.027130773,8
turning,cnn_ae,global_mae,2inchStickout_F_08-Jun-2017_rpm425_doc0p010_window_0006,2inchStickout/F_08-Jun-2017_rpm425_doc0p010,train,42,0,cv_evaluation,no_chatter,0,0.029660037,8
turning,cnn_ae,global_mae,2inchStickout_F_08-Jun-2017_rpm425_doc0p010_window_0007,2inchStickout/F_08-Jun-2017_rpm425_doc0p010,train,42,0,cv_evaluation,no_chatter,0,0.03182993,8
turning,cnn_ae,global_mae,2inchStickout_F_08-Jun-2017_rpm425_doc0p020_window_0000,2inchStickout/F_08-Jun-2017_rpm425_doc0p020,train,42,0,cv_evaluation,no_chatter,0,0.038517937,8
turning,cnn_ae,global_mae,2inchStickout_F_08-Jun-2017_rpm425_doc0p020_window_0001,2inchStickout/F_08-Jun-2017_rpm425_doc0p020,train,42,0,cv_evaluation,no_chatter,0,0.03751216,8
turning,cnn_ae,global_mae,2inchStickout_F_08-Jun-2017_rpm425_doc0p020_window_0002,2inchStickout/F_08-Jun-2017_rpm425_doc0p020,test,42,0,cv_evaluation,no_chatter,0,0.028358432,8
turning,cnn_ae,global_mae,2inchStickout_F_08-Jun-2017_rpm425_doc0p020_window_0003,2inchStickout/F_08-Jun-2017_rpm425_doc0p020,train,42,0,cv_evaluation,no_chatter,0,0.027667638,8
turning,cnn_ae,global_mae,2inchStickout_F_08-Jun-2017_rpm425_doc0p020_window_0004,2inchStickout/F_08-Jun-2017_rpm425_doc0p020,train,42,0,cv_evaluation,no_chatter,0,0.032874957,8
turning,cnn_ae,global_mae,2inchStickout_F_08-Jun-2017_rpm425_doc0p020_window_0005,2inchStickout/F_08-Jun-2017_rpm425_doc0p020,test,42,0,cv_evaluation,no_chatter,0,0.04968157,8
turning,cnn_ae,global_mae,2inchStickout_F_08-Jun-2017_rpm425_doc0p020_window_0006,2inchStickout/F_08-Jun-2017_rpm425_doc0p020,validation,42,0,cv_evaluation,chatter,1,0.08088224,8
turning,cnn_ae,global_mae,2inchStickout_F_08-Jun-2017_rpm425_doc0p020_window_0007,2inchStickout/F_08-Jun-2017_rpm425_doc0p020,validation,42,0,cv_evaluation,chatter,1,0.06932482,8
turning,cnn_ae,global_mae,2inchStickout_F_08-Jun-2017_rpm770_doc0p010_window_0000,2inchStickout/F_08-Jun-2017_rpm770_doc0p010,train,42,0,cv_evaluation,no_chatter,0,0.038997445,8
turning,cnn_ae,global_mae,2inchStickout_F_08-Jun-2017_rpm770_doc0p010_window_0001,2inchStickout/F_08-Jun-2017_rpm770_doc0p010,test,42,0,cv_evaluation,chatter,1,0.086170055,8
turning,cnn_ae,global_mae,2inchStickout_F_08-Jun-2017_rpm770_doc0p010_window_0002,2inchStickout/F_08-Jun-2017_rpm770_doc0p010,test,42,0,cv_evaluation,chatter,1,0.17174876,8
turning,cnn_ae,global_mae,2inchStickout_F_08-Jun-2017_rpm770_doc0p010_window_0003,2inchStickout/F_08-Jun-2017_rpm770_doc0p010,test,42,0,cv_evaluation,chatter,1,0.17974624,8
turning,cnn_ae,global_mae,2inchStickout_F_08-Jun-2017_rpm770_doc0p010_window_0004,2inchStickout/F_08-Jun-2017_rpm770_doc0p010,test,42,0,cv_evaluation,chatter,1,0.18574987,8
turning,cnn_ae,global_mae,2inchStickout_F_08-Jun-2017_rpm770_doc0p010_window_0005,2inchStickout/F_08-Jun-2017_rpm770_doc0p010,test,42,0,cv_evaluation,chatter,1,0.19148356,8
turning,cnn_ae,global_mae,2inchStickout_F_08-Jun-2017_rpm770_doc0p010_window_0006,2inchStickout/F_08-Jun-2017_rpm770_doc0p010,test,42,0,cv_evaluation,chatter,1,0.19303429,8
turning,cnn_ae,global_mae,2inchStickout_F_08-Jun-2017_rpm770_doc0p010_window_0007,2inchStickout/F_08-Jun-2017_rpm770_doc0p010,test,42,0,cv_evaluation,chatter,1,0.18752697,8
turning,cnn_ae,global_mae,2inchStickout_F_08-Jun-2017_rpm770_doc0p010_window_0008,2inchStickout/F_08-Jun-2017_rpm770_doc0p010,test,42,0,cv_evaluation,chatter,1,0.19311732,8
turning,cnn_ae,global_mae,2inchStickout_F_08-Jun-2017_rpm770_doc0p010_window_0009,2inchStickout/F_08-Jun-2017_rpm770_doc0p010,test,42,0,cv_evaluation,chatter,1,0.19927064,8
turning,cnn_ae,global_mae,2inchStickout_F_08-Jun-2017_rpm770_doc0p010_window_0010,2inchStickout/F_08-Jun-2017_rpm770_doc0p010,test,42,0,cv_evaluation,chatter,1,0.22014648,8
turning,cnn_ae,global_mae,2inchStickout_F_08-Jun-2017_rpm770_doc0p010_window_0011,2inchStickout/F_08-Jun-2017_rpm770_doc0p010,test,42,0,cv_evaluation,chatter,1,0.213597,8
turning,cnn_ae,global_mae,2inchStickout_F_08-Jun-2017_rpm770_doc0p010_window_0012,2inchStickout/F_08-Jun-2017_rpm770_doc0p010,test,42,0,cv_evaluation,chatter,1,0.18907522,8
turning,cnn_ae,global_mae,2inchStickout_F_08-Jun-2017_rpm770_doc0p010_window_0013,2inchStickout/F_08-Jun-2017_rpm770_doc0p010,test,42,0,cv_evaluation,chatter,1,0.14750578,8
turning,cnn_ae,global_mae,2inchStickout_F_08-Jun-2017_rpm770_doc0p010_window_0014,2inchStickout/F_08-Jun-2017_rpm770_doc0p010,train,42,0,cv_evaluation,no_chatter,0,0.05974004,8
turning,cnn_ae,global_mae,2inchStickout_F_08-Jun-2017_rpm770_doc0p010_window_0015,2inchStickout/F_08-Jun-2017_rpm770_doc0p010,train,42,0,cv_evaluation,no_chatter,0,0.03890277,8
turning,cnn_ae,global_mae,2inchStickout_F_08-Jun-2017_rpm770_doc0p010_window_0016,2inchStickout/F_08-Jun-2017_rpm770_doc0p010,train,42,0,cv_evaluation,no_chatter,0,0.03894494,8
turning,cnn_ae,global_mae,2inchStickout_F_08-Jun-2017_rpm770_doc0p010_window_0017,2inchStickout/F_08-Jun-2017_rpm770_doc0p010,train,42,0,cv_evaluation,no_chatter,0,0.038920343,8
turning,cnn_ae,global_mae,2inchStickout_F_08-Jun-2017_rpm770_doc0p010_window_0018,2inchStickout/F_08-Jun-2017_rpm770_doc0p010,train,42,0,cv_evaluation,no_chatter,0,0.03907552,8
turning,cnn_ae,global_mae,2inchStickout_F_08-Jun-2017_rpm770_doc0p010_window_0019,2inchStickout/F_08-Jun-2017_rpm770_doc0p010,train,42,0,cv_evaluation,no_chatter,0,0.039483953,8
turning,cnn_ae,global_mae,2inchStickout_F_08-Jun-2017_rpm770_doc0p010_window_0020,2inchStickout/F_08-Jun-2017_rpm770_doc0p010,train,42,0,cv_evaluation,no_chatter,0,0.039602704,8
turning,cnn_ae,global_mae,2inchStickout_F_08-Jun-2017_rpm770_doc0p010_window_0021,2inchStickout/F_08-Jun-2017_rpm770_doc0p010,train,42,0,cv_evaluation,no_chatter,0,0.03940244,8
turning,cnn_ae,global_mae,2inchStickout_F_08-Jun-2017_rpm770_doc0p010_window_0022,2inchStickout/F_08-Jun-2017_rpm770_doc0p010,train,42,0,cv_evaluation,no_chatter,0,0.03906671,8
turning,cnn_ae,global_mae,2inchStickout_F_08-Jun-2017_rpm770_doc0p010_window_0023,2inchStickout/F_08-Jun-2017_rpm770_doc0p010,train,42,0,cv_evaluation,no_chatter,0,0.03903431,8
turning,cnn_ae,global_mae,2inchStickout_F_08-Jun-2017_smoothingCut2_noChatter_window_0000,2inchStickout/F_08-Jun-2017_smoothingCut2_noChatter,train,42,0,cv_evaluation,no_chatter,0,0.038058672,8
turning,cnn_ae,global_mae,2inchStickout_F_08-Jun-2017_smoothingCut2_noChatter_window_0001,2inchStickout/F_08-Jun-2017_smoothingCut2_noChatter,test,42,0,cv_evaluation,no_chatter,0,0.035881065,8
turning,cnn_ae,global_mae,2inchStickout_F_08-Jun-2017_smoothingCut2_noChatter_window_0002,2inchStickout/F_08-Jun-2017_smoothingCut2_noChatter,train,42,0,cv_evaluation,no_chatter,0,0.038469415,8
turning,cnn_ae,global_mae,2inchStickout_F_08-Jun-2017_smoothingCut2_noChatter_window_0003,2inchStickout/F_08-Jun-2017_smoothingCut2_noChatter,train,42,0,cv_evaluation,no_chatter,0,0.032574326,8
turning,cnn_ae,global_mae,2inchStickout_F_08-Jun-2017_smoothingCut2_noChatter_window_0004,2inchStickout/F_08-Jun-2017_smoothingCut2_noChatter,train,42,0,cv_evaluation,no_chatter,0,0.02904462,8
turning,cnn_ae,global_mae,2inchStickout_F_08-Jun-2017_smoothingCut2_noChatter_window_0005,2inchStickout/F_08-Jun-2017_smoothingCut2_noChatter,train,42,0,cv_evaluation,no_chatter,0,0.027581006,8
turning,cnn_ae,global_mae,2inchStickout_F_08-Jun-2017_smoothingCut2_noChatter_window_0006,2inchStickout/F_08-Jun-2017_smoothingCut2_noChatter,train,42,0,cv_evaluation,no_chatter,0,0.027373107,8
turning,cnn_ae,global_mae,2inchStickout_F_08-Jun-2017_smoothingCut2_noChatter_window_0007,2inchStickout/F_08-Jun-2017_smoothingCut2_noChatter,test,42,0,cv_evaluation,no_chatter,0,0.027029159,8
turning,cnn_ae,global_mae,2inchStickout_F_08-Jun-2017_smoothingCut2_noChatter_window_0008,2inchStickout/F_08-Jun-2017_smoothingCut2_noChatter,train,42,0,cv_evaluation,no_chatter,0,0.026415752,8
turning,cnn_ae,global_mae,2inchStickout_F_08-Jun-2017_smoothingCut2_noChatter_window_0009,2inchStickout/F_08-Jun-2017_smoothingCut2_noChatter,train,42,0,cv_evaluation,no_chatter,0,0.026783954,8
turning,cnn_ae,global_mae,2inchStickout_F_08-Jun-2017_smoothingCut2_noChatter_window_0010,2inchStickout/F_08-Jun-2017_smoothingCut2_noChatter,test,42,0,cv_evaluation,no_chatter,0,0.026335126,8
turning,cnn_ae,global_mae,2inchStickout_F_08-Jun-2017_smoothingCut2_noChatter_window_0011,2inchStickout/F_08-Jun-2017_smoothingCut2_noChatter,train,42,0,cv_evaluation,no_chatter,0,0.026389034,8
turning,cnn_ae,global_mae,2p5inchStickout_F_12-Jun-2017_rpm570_doc0p008_window_0000,2p5inchStickout/F_12-Jun-2017_rpm570_doc0p008,train,42,0,cv_evaluation,no_chatter,0,0.03559229,8
turning,cnn_ae,global_mae,2p5inchStickout_F_12-Jun-2017_rpm570_doc0p008_window_0001,2p5inchStickout/F_12-Jun-2017_rpm570_doc0p008,train,42,0,cv_evaluation,no_chatter,0,0.035045628,8
turning,cnn_ae,global_mae,2p5inchStickout_F_12-Jun-2017_rpm570_doc0p008_window_0002,2p5inchStickout/F_12-Jun-2017_rpm570_doc0p008,train,42,0,cv_evaluation,no_chatter,0,0.039040305,8
turning,cnn_ae,global_mae,2p5inchStickout_F_12-Jun-2017_rpm570_doc0p008_window_0003,2p5inchStickout/F_12-Jun-2017_rpm570_doc0p008,train,42,0,cv_evaluation,no_chatter,0,0.046738423,8
turning,cnn_ae,global_mae,2p5inchStickout_F_12-Jun-2017_rpm570_doc0p008_window_0004,2p5inchStickout/F_12-Jun-2017_rpm570_doc0p008,train,42,0,cv_evaluation,no_chatter,0,0.03907665,8
turning,cnn_ae,global_mae,2p5inchStickout_F_12-Jun-2017_rpm570_doc0p008_window_0005,2p5inchStickout/F_12-Jun-2017_rpm570_doc0p008,train,42,0,cv_evaluation,no_chatter,0,0.052289877,8
turning,cnn_ae,global_mae,2p5inchStickout_F_12-Jun-2017_rpm570_doc0p008_window_0006,2p5inchStickout/F_12-Jun-2017_rpm570_doc0p008,train,42,0,cv_evaluation,no_chatter,0,0.03549356,8
turning,cnn_ae,global_mae,2p5inchStickout_F_12-Jun-2017_rpm570_doc0p008_window_0007,2p5inchStickout/F_12-Jun-2017_rpm570_doc0p008,train,42,0,cv_evaluation,no_chatter,0,0.03929432,8
turning,cnn_ae,global_mae,2p5inchStickout_F_12-Jun-2017_rpm570_doc0p008_window_0008,2p5inchStickout/F_12-Jun-2017_rpm570_doc0p008,train,42,0,cv_evaluation,no_chatter,0,0.039595615,8
turning,cnn_ae,global_mae,2p5inchStickout_F_12-Jun-2017_rpm570_doc0p008_window_0009,2p5inchStickout/F_12-Jun-2017_rpm570_doc0p008,validation,42,0,cv_evaluation,no_chatter,0,0.03817088,8
turning,cnn_ae,global_mae,4p5inchStickout_F_12-Jun-2017_rpm570_doc0p035_window_0000,4p5inchStickout/F_12-Jun-2017_rpm570_doc0p035,validation,42,0,cv_evaluation,no_chatter,0,0.04387027,8
turning,cnn_ae,global_mae,4p5inchStickout_F_12-Jun-2017_rpm570_doc0p035_window_0001,4p5inchStickout/F_12-Jun-2017_rpm570_doc0p035,validation,42,0,cv_evaluation,no_chatter,0,0.056355402,8
turning,cnn_ae,global_mae,4p5inchStickout_F_12-Jun-2017_rpm570_doc0p035_window_0002,4p5inchStickout/F_12-Jun-2017_rpm570_doc0p035,train,42,0,cv_evaluation,no_chatter,0,0.059715267,8
turning,cnn_ae,global_mae,4p5inchStickout_F_12-Jun-2017_rpm570_doc0p035_window_0003,4p5inchStickout/F_12-Jun-2017_rpm570_doc0p035,train,42,0,cv_evaluation,no_chatter,0,0.052749127,8
turning,cnn_ae,global_mae,4p5inchStickout_F_12-Jun-2017_rpm570_doc0p035_window_0004,4p5inchStickout/F_12-Jun-2017_rpm570_doc0p035,train,42,0,cv_evaluation,no_chatter,0,0.05034975,8
turning,cnn_ae,global_mae,4p5inchStickout_F_12-Jun-2017_rpm570_doc0p035_window_0005,4p5inchStickout/F_12-Jun-2017_rpm570_doc0p035,train,42,0,cv_evaluation,no_chatter,0,0.048147608,8
turning,cnn_ae,global_mae,4p5inchStickout_F_12-Jun-2017_rpm570_doc0p035_window_0006,4p5inchStickout/F_12-Jun-2017_rpm570_doc0p035,train,42,0,cv_evaluation,no_chatter,0,0.047047082,8
turning,cnn_ae,global_mae,4p5inchStickout_F_12-Jun-2017_rpm570_doc0p035_window_0007,4p5inchStickout/F_12-Jun-2017_rpm570_doc0p035,train,42,0,cv_evaluation,no_chatter,0,0.046042003,8
turning,cnn_ae,global_mae,4p5inchStickout_F_12-Jun-2017_rpm570_doc0p035_window_0008,4p5inchStickout/F_12-Jun-2017_rpm570_doc0p035,train,42,0,cv_evaluation,no_chatter,0,0.04317912,8
turning,cnn_ae,global_mae,4p5inchStickout_F_12-Jun-2017_rpm570_doc0p035_window_0009,4p5inchStickout/F_12-Jun-2017_rpm570_doc0p035,train,42,0,cv_evaluation,no_chatter,0,0.04670554,8
turning,cnn_ae,global_mae,4p5inchStickout_F_12-Jun-2017_rpm570_doc0p035_window_0010,4p5inchStickout/F_12-Jun-2017_rpm570_doc0p035,validation,42,0,cv_evaluation,no_chatter,0,0.042209107,8
turning,cnn_ae,global_mae,4p5inchStickout_F_12-Jun-2017_rpm570_doc0p035_window_0011,4p5inchStickout/F_12-Jun-2017_rpm570_doc0p035,train,42,0,cv_evaluation,no_chatter,0,0.04247042,8
turning,cnn_ae,global_mae,4p5inchStickout_F_13-Jun-2017_rpm1030_doc0p005_window_0000,4p5inchStickout/F_13-Jun-2017_rpm1030_doc0p005,train,42,0,cv_evaluation,no_chatter,0,0.042490743,8
turning,cnn_ae,global_mae,4p5inchStickout_F_13-Jun-2017_rpm1030_doc0p005_window_0001,4p5inchStickout/F_13-Jun-2017_rpm1030_doc0p005,test,42,0,cv_evaluation,no_chatter,0,0.05649511,8
turning,cnn_ae,global_mae,4p5inchStickout_F_13-Jun-2017_rpm1030_doc0p005_window_0002,4p5inchStickout/F_13-Jun-2017_rpm1030_doc0p005,test,42,0,cv_evaluation,no_chatter,0,0.061717562,8
turning,cnn_ae,global_mae,4p5inchStickout_F_13-Jun-2017_rpm1030_doc0p005_window_0003,4p5inchStickout/F_13-Jun-2017_rpm1030_doc0p005,train,42,0,cv_evaluation,no_chatter,0,0.070684746,8
turning,cnn_ae,global_mae,4p5inchStickout_F_13-Jun-2017_rpm1030_doc0p014_window_0000,4p5inchStickout/F_13-Jun-2017_rpm1030_doc0p014,train,42,0,cv_evaluation,no_chatter,0,0.04264977,8
turning,cnn_ae,global_mae,4p5inchStickout_F_13-Jun-2017_rpm1030_doc0p014_window_0001,4p5inchStickout/F_13-Jun-2017_rpm1030_doc0p014,train,42,0,cv_evaluation,no_chatter,0,0.059352767,8
turning,cnn_ae,global_mae,4p5inchStickout_F_13-Jun-2017_rpm1030_doc0p014_window_0002,4p5inchStickout/F_13-Jun-2017_rpm1030_doc0p014,validation,42,0,cv_evaluation,no_chatter,0,0.06566662,8
turning,cnn_ae,global_mae,4p5inchStickout_F_13-Jun-2017_rpm1030_doc0p014_window_0003,4p5inchStickout/F_13-Jun-2017_rpm1030_doc0p014,train,42,0,cv_evaluation,no_chatter,0,0.060999338,8
turning,cnn_ae,global_mae,4p5inchStickout_F_13-Jun-2017_rpm770_doc0p015_window_0000,4p5inchStickout/F_13-Jun-2017_rpm770_doc0p015,train,42,0,cv_evaluation,no_chatter,0,0.042239383,8
turning,cnn_ae,global_mae,4p5inchStickout_F_13-Jun-2017_rpm770_doc0p015_window_0001,4p5inchStickout/F_13-Jun-2017_rpm770_doc0p015,validation,42,0,cv_evaluation,no_chatter,0,0.039591335,8
turning,cnn_ae,global_mae,4p5inchStickout_F_13-Jun-2017_rpm770_doc0p015_window_0002,4p5inchStickout/F_13-Jun-2017_rpm770_doc0p015,validation,42,0,cv_evaluation,no_chatter,0,0.04301474,8
turning,cnn_ae,global_mae,4p5inchStickout_F_13-Jun-2017_rpm770_doc0p015_window_0003,4p5inchStickout/F_13-Jun-2017_rpm770_doc0p015,train,42,0,cv_evaluation,no_chatter,0,0.046427637,8
turning,cnn_ae,global_mae,4p5inchStickout_F_13-Jun-2017_rpm770_doc0p015_window_0004,4p5inchStickout/F_13-Jun-2017_rpm770_doc0p015,validation,42,0,cv_evaluation,no_chatter,0,0.051284276,8
turning,cnn_ae,global_mae,4p5inchStickout_F_13-Jun-2017_rpm770_doc0p015_window_0005,4p5inchStickout/F_13-Jun-2017_rpm770_doc0p015,validation,42,0,cv_evaluation,no_chatter,0,0.041983593,8
turning,cnn_ae,ver_max,2inchStickout_F_08-Jun-2017_rpm320_doc0p020_window_0000,2inchStickout/F_08-Jun-2017_rpm320_doc0p020,validation,42,0,cv_evaluation,no_chatter,0,0.0034683985,8
turning,cnn_ae,ver_max,2inchStickout_F_08-Jun-2017_rpm320_doc0p020_window_0001,2inchStickout/F_08-Jun-2017_rpm320_doc0p020,train,42,0,cv_evaluation,no_chatter,0,0.0034696776,8
turning,cnn_ae,ver_max,2inchStickout_F_08-Jun-2017_rpm320_doc0p020_window_0002,2inchStickout/F_08-Jun-2017_rpm320_doc0p020,train,42,0,cv_evaluation,no_chatter,0,0.0034430798,8
turning,cnn_ae,ver_max,2inchStickout_F_08-Jun-2017_rpm320_doc0p020_window_0003,2inchStickout/F_08-Jun-2017_rpm320_doc0p020,validation,42,0,cv_evaluation,no_chatter,0,0.0034195238,8
turning,cnn_ae,ver_max,2inchStickout_F_08-Jun-2017_rpm320_doc0p020_window_0004,2inchStickout/F_08-Jun-2017_rpm320_doc0p020,validation,42,0,cv_evaluation,no_chatter,0,0.0026217091,8
turning,cnn_ae,ver_max,2inchStickout_F_08-Jun-2017_rpm320_doc0p020_window_0005,2inchStickout/F_08-Jun-2017_rpm320_doc0p020,train,42,0,cv_evaluation,no_chatter,0,0.0025681988,8
turning,cnn_ae,ver_max,2inchStickout_F_08-Jun-2017_rpm320_doc0p020_window_0006,2inchStickout/F_08-Jun-2017_rpm320_doc0p020,validation,42,0,cv_evaluation,no_chatter,0,0.0021932065,8
turning,cnn_ae,ver_max,2inchStickout_F_08-Jun-2017_rpm320_doc0p020_window_0007,2inchStickout/F_08-Jun-2017_rpm320_doc0p020,train,42,0,cv_evaluation,no_chatter,0,0.0027149348,8
turning,cnn_ae,ver_max,2inchStickout_F_08-Jun-2017_rpm320_doc0p020_window_0008,2inchStickout/F_08-Jun-2017_rpm320_doc0p020,train,42,0,cv_evaluation,no_chatter,0,0.0031921756,8
turning,cnn_ae,ver_max,2inchStickout_F_08-Jun-2017_rpm320_doc0p020_window_0009,2inchStickout/F_08-Jun-2017_rpm320_doc0p020,train,42,0,cv_evaluation,no_chatter,0,0.0048309895,8
turning,cnn_ae,ver_max,2inchStickout_F_08-Jun-2017_rpm320_doc0p020_window_0010,2inchStickout/F_08-Jun-2017_rpm320_doc0p020,train,42,0,cv_evaluation,no_chatter,0,0.008600964,8
turning,cnn_ae,ver_max,2inchStickout_F_08-Jun-2017_rpm320_doc0p020_window_0011,2inchStickout/F_08-Jun-2017_rpm320_doc0p020,train,42,0,cv_evaluation,no_chatter,0,0.007809548,8
turning,cnn_ae,ver_max,2inchStickout_F_08-Jun-2017_rpm320_doc0p020_window_0012,2inchStickout/F_08-Jun-2017_rpm320_doc0p020,train,42,0,cv_evaluation,no_chatter,0,0.0073843654,8
turning,cnn_ae,ver_max,2inchStickout_F_08-Jun-2017_rpm320_doc0p020_window_0013,2inchStickout/F_08-Jun-2017_rpm320_doc0p020,validation,42,0,cv_evaluation,no_chatter,0,0.002282844,8
turning,cnn_ae,ver_max,2inchStickout_F_08-Jun-2017_rpm320_doc0p020_window_0014,2inchStickout/F_08-Jun-2017_rpm320_doc0p020,validation,42,0,cv_evaluation,no_chatter,0,0.0024919594,8
turning,cnn_ae,ver_max,2inchStickout_F_08-Jun-2017_rpm320_doc0p020_window_0015,2inchStickout/F_08-Jun-2017_rpm320_doc0p020,train,42,0,cv_evaluation,no_chatter,0,0.0023508365,8
turning,cnn_ae,ver_max,2inchStickout_F_08-Jun-2017_rpm320_doc0p020_window_0016,2inchStickout/F_08-Jun-2017_rpm320_doc0p020,train,42,0,cv_evaluation,no_chatter,0,0.002399621,8
turning,cnn_ae,ver_max,2inchStickout_F_08-Jun-2017_rpm320_doc0p020_window_0017,2inchStickout/F_08-Jun-2017_rpm320_doc0p020,train,42,0,cv_evaluation,no_chatter,0,0.0023632934,8
turning,cnn_ae,ver_max,2inchStickout_F_08-Jun-2017_rpm320_doc0p020_window_0018,2inchStickout/F_08-Jun-2017_rpm320_doc0p020,train,42,0,cv_evaluation,no_chatter,0,0.0022190802,8
turning,cnn_ae,ver_max,2inchStickout_F_08-Jun-2017_rpm320_doc0p020_window_0019,2inchStickout/F_08-Jun-2017_rpm320_doc0p020,train,42,0,cv_evaluation,no_chatter,0,0.0024031065,8
turning,cnn_ae,ver_max,2inchStickout_F_08-Jun-2017_rpm320_doc0p020_window_0020,2inchStickout/F_08-Jun-2017_rpm320_doc0p020,train,42,0,cv_evaluation,no_chatter,0,0.002527116,8
turning,cnn_ae,ver_max,2inchStickout_F_08-Jun-2017_rpm320_doc0p020_window_0021,2inchStickout/F_08-Jun-2017_rpm320_doc0p020,train,42,0,cv_evaluation,no_chatter,0,0.0024526515,8
turning,cnn_ae,ver_max,2inchStickout_F_08-Jun-2017_rpm320_doc0p020_window_0022,2inchStickout/F_08-Jun-2017_rpm320_doc0p020,validation,42,0,cv_evaluation,no_chatter,0,0.0025051245,8
turning,cnn_ae,ver_max,2inchStickout_F_08-Jun-2017_rpm320_doc0p020_window_0023,2inchStickout/F_08-Jun-2017_rpm320_doc0p020,train,42,0,cv_evaluation,no_chatter,0,0.0019532365,8
turning,cnn_ae,ver_max,2inchStickout_F_08-Jun-2017_rpm320_doc0p025_window_0000,2inchStickout/F_08-Jun-2017_rpm320_doc0p025,train,42,0,cv_evaluation,no_chatter,0,0.0034763555,8
turning,cnn_ae,ver_max,2inchStickout_F_08-Jun-2017_rpm320_doc0p025_window_0001,2inchStickout/F_08-Jun-2017_rpm320_doc0p025,train,42,0,cv_evaluation,no_chatter,0,0.0034433333,8
turning,cnn_ae,ver_max,2inchStickout_F_08-Jun-2017_rpm320_doc0p025_window_0002,2inchStickout/F_08-Jun-2017_rpm320_doc0p025,train,42,0,cv_evaluation,no_chatter,0,0.0034345766,8
turning,cnn_ae,ver_max,2inchStickout_F_08-Jun-2017_rpm320_doc0p025_window_0003,2inchStickout/F_08-Jun-2017_rpm320_doc0p025,validation,42,0,cv_evaluation,no_chatter,0,0.0027131946,8
turning,cnn_ae,ver_max,2inchStickout_F_08-Jun-2017_rpm320_doc0p025_window_0004,2inchStickout/F_08-Jun-2017_rpm320_doc0p025,validation,42,0,cv_evaluation,no_chatter,0,0.001724284,8
turning,cnn_ae,ver_max,2inchStickout_F_08-Jun-2017_rpm320_doc0p025_window_0005,2inchStickout/F_08-Jun-2017_rpm320_doc0p025,train,42,0,cv_evaluation,no_chatter,0,0.0016746311,8
turning,cnn_ae,ver_max,2inchStickout_F_08-Jun-2017_rpm320_doc0p025_window_0006,2inchStickout/F_08-Jun-2017_rpm320_doc0p025,train,42,0,cv_evaluation,no_chatter,0,0.0014061683,8
turning,cnn_ae,ver_max,2inchStickout_F_08-Jun-2017_rpm320_doc0p025_window_0007,2inchStickout/F_08-Jun-2017_rpm320_doc0p025,train,42,0,cv_evaluation,no_chatter,0,0.0015469148,8
turning,cnn_ae,ver_max,2inchStickout_F_08-Jun-2017_rpm320_doc0p025_window_0008,2inchStickout/F_08-Jun-2017_rpm320_doc0p025,validation,42,0,cv_evaluation,no_chatter,0,0.0014393219,8
turning,cnn_ae,ver_max,2inchStickout_F_08-Jun-2017_rpm320_doc0p025_window_0009,2inchStickout/F_08-Jun-2017_rpm320_doc0p025,train,42,0,cv_evaluation,no_chatter,0,0.0014426939,8
turning,cnn_ae,ver_max,2inchStickout_F_08-Jun-2017_rpm320_doc0p025_window_0010,2inchStickout/F_08-Jun-2017_rpm320_doc0p025,train,42,0,cv_evaluation,no_chatter,0,0.0013826882,8
turning,cnn_ae,ver_max,2inchStickout_F_08-Jun-2017_rpm320_doc0p025_window_0011,2inchStickout/F_08-Jun-2017_rpm320_doc0p025,train,42,0,cv_evaluation,no_chatter,0,0.0018832705,8
turning,cnn_ae,ver_max,2inchStickout_F_08-Jun-2017_rpm320_doc0p025_window_0012,2inchStickout/F_08-Jun-2017_rpm320_doc0p025,validation,42,0,cv_evaluation,no_chatter,0,0.004583695,8
turning,cnn_ae,ver_max,2inchStickout_F_08-Jun-2017_rpm320_doc0p025_window_0013,2inchStickout/F_08-Jun-2017_rpm320_doc0p025,validation,42,0,cv_evaluation,no_chatter,0,0.007992213,8
turning,cnn_ae,ver_max,2inchStickout_F_08-Jun-2017_rpm320_doc0p025_window_0014,2inchStickout/F_08-Jun-2017_rpm320_doc0p025,train,42,0,cv_evaluation,no_chatter,0,0.010118371,8
turning,cnn_ae,ver_max,2inchStickout_F_08-Jun-2017_rpm320_doc0p025_window_0015,2inchStickout/F_08-Jun-2017_rpm320_doc0p025,train,42,0,cv_evaluation,no_chatter,0,0.011737798,8
turning,cnn_ae,ver_max,2inchStickout_F_08-Jun-2017_rpm320_doc0p025_window_0016,2inchStickout/F_08-Jun-2017_rpm320_doc0p025,train,42,0,cv_evaluation,no_chatter,0,0.009008409,8
turning,cnn_ae,ver_max,2inchStickout_F_08-Jun-2017_rpm320_doc0p025_window_0017,2inchStickout/F_08-Jun-2017_rpm320_doc0p025,validation,42,0,cv_evaluation,no_chatter,0,0.004248501,8
turning,cnn_ae,ver_max,2inchStickout_F_08-Jun-2017_rpm320_doc0p025_window_0018,2inchStickout/F_08-Jun-2017_rpm320_doc0p025,train,42,0,cv_evaluation,no_chatter,0,0.005279099,8
turning,cnn_ae,ver_max,2inchStickout_F_08-Jun-2017_rpm320_doc0p025_window_0019,2inchStickout/F_08-Jun-2017_rpm320_doc0p025,train,42,0,cv_evaluation,no_chatter,0,0.0051717944,8
turning,cnn_ae,ver_max,2inchStickout_F_08-Jun-2017_rpm320_doc0p025_window_0020,2inchStickout/F_08-Jun-2017_rpm320_doc0p025,train,42,0,cv_evaluation,no_chatter,0,0.005401164,8
turning,cnn_ae,ver_max,2inchStickout_F_08-Jun-2017_rpm320_doc0p025_window_0021,2inchStickout/F_08-Jun-2017_rpm320_doc0p025,validation,42,0,cv_evaluation,no_chatter,0,0.002966099,8
turning,cnn_ae,ver_max,2inchStickout_F_08-Jun-2017_rpm320_doc0p025_window_0022,2inchStickout/F_08-Jun-2017_rpm320_doc0p025,train,42,0,cv_evaluation,no_chatter,0,0.0018442099,8
turning,cnn_ae,ver_max,2inchStickout_F_08-Jun-2017_rpm320_doc0p025_window_0023,2inchStickout/F_08-Jun-2017_rpm320_doc0p025,validation,42,0,cv_evaluation,no_chatter,0,0.004029956,8
turning,cnn_ae,ver_max,2inchStickout_F_08-Jun-2017_rpm425_doc0p010_window_0000,2inchStickout/F_08-Jun-2017_rpm425_doc0p010,validation,42,0,cv_evaluation,no_chatter,0,0.0034736036,8
turning,cnn_ae,ver_max,2inchStickout_F_08-Jun-2017_rpm425_doc0p010_window_0001,2inchStickout/F_08-Jun-2017_rpm425_doc0p010,train,42,0,cv_evaluation,no_chatter,0,0.003383758,8
turning,cnn_ae,ver_max,2inchStickout_F_08-Jun-2017_rpm425_doc0p010_window_0002,2inchStickout/F_08-Jun-2017_rpm425_doc0p010,train,42,0,cv_evaluation,no_chatter,0,0.0021003159,8
turning,cnn_ae,ver_max,2inchStickout_F_08-Jun-2017_rpm425_doc0p010_window_0003,2inchStickout/F_08-Jun-2017_rpm425_doc0p010,train,42,0,cv_evaluation,no_chatter,0,0.002329233,8
turning,cnn_ae,ver_max,2inchStickout_F_08-Jun-2017_rpm425_doc0p010_window_0004,2inchStickout/F_08-Jun-2017_rpm425_doc0p010,train,42,0,cv_evaluation,no_chatter,0,0.0023831066,8
turning,cnn_ae,ver_max,2inchStickout_F_08-Jun-2017_rpm425_doc0p010_window_0005,2inchStickout/F_08-Jun-2017_rpm425_doc0p010,validation,42,0,cv_evaluation,no_chatter,0,0.002546607,8
turning,cnn_ae,ver_max,2inchStickout_F_08-Jun-2017_rpm425_doc0p010_window_0006,2inchStickout/F_08-Jun-2017_rpm425_doc0p010,train,42,0,cv_evaluation,no_chatter,0,0.003732972,8
turning,cnn_ae,ver_max,2inchStickout_F_08-Jun-2017_rpm425_doc0p010_window_0007,2inchStickout/F_08-Jun-2017_rpm425_doc0p010,train,42,0,cv_evaluation,no_chatter,0,0.004188513,8
turning,cnn_ae,ver_max,2inchStickout_F_08-Jun-2017_rpm425_doc0p020_window_0000,2inchStickout/F_08-Jun-2017_rpm425_doc0p020,train,42,0,cv_evaluation,no_chatter,0,0.003426643,8
turning,cnn_ae,ver_max,2inchStickout_F_08-Jun-2017_rpm425_doc0p020_window_0001,2inchStickout/F_08-Jun-2017_rpm425_doc0p020,train,42,0,cv_evaluation,no_chatter,0,0.003201612,8
turning,cnn_ae,ver_max,2inchStickout_F_08-Jun-2017_rpm425_doc0p020_window_0002,2inchStickout/F_08-Jun-2017_rpm425_doc0p020,test,42,0,cv_evaluation,no_chatter,0,0.0021066526,8
turning,cnn_ae,ver_max,2inchStickout_F_08-Jun-2017_rpm425_doc0p020_window_0003,2inchStickout/F_08-Jun-2017_rpm425_doc0p020,train,42,0,cv_evaluation,no_chatter,0,0.0034220682,8
turning,cnn_ae,ver_max,2inchStickout_F_08-Jun-2017_rpm425_doc0p020_window_0004,2inchStickout/F_08-Jun-2017_rpm425_doc0p020,train,42,0,cv_evaluation,no_chatter,0,0.004175192,8
turning,cnn_ae,ver_max,2inchStickout_F_08-Jun-2017_rpm425_doc0p020_window_0005,2inchStickout/F_08-Jun-2017_rpm425_doc0p020,test,42,0,cv_evaluation,no_chatter,0,0.01672394,8
turning,cnn_ae,ver_max,2inchStickout_F_08-Jun-2017_rpm425_doc0p020_window_0006,2inchStickout/F_08-Jun-2017_rpm425_doc0p020,validation,42,0,cv_evaluation,chatter,1,0.041817382,8
turning,cnn_ae,ver_max,2inchStickout_F_08-Jun-2017_rpm425_doc0p020_window_0007,2inchStickout/F_08-Jun-2017_rpm425_doc0p020,validation,42,0,cv_evaluation,chatter,1,0.04669572,8
turning,cnn_ae,ver_max,2inchStickout_F_08-Jun-2017_rpm770_doc0p010_window_0000,2inchStickout/F_08-Jun-2017_rpm770_doc0p010,train,42,0,cv_evaluation,no_chatter,0,0.0035045745,8
turning,cnn_ae,ver_max,2inchStickout_F_08-Jun-2017_rpm770_doc0p010_window_0001,2inchStickout/F_08-Jun-2017_rpm770_doc0p010,test,42,0,cv_evaluation,chatter,1,0.06686158,8
turning,cnn_ae,ver_max,2inchStickout_F_08-Jun-2017_rpm770_doc0p010_window_0002,2inchStickout/F_08-Jun-2017_rpm770_doc0p010,test,42,0,cv_evaluation,chatter,1,0.07016391,8
turning,cnn_ae,ver_max,2inchStickout_F_08-Jun-2017_rpm770_doc0p010_window_0003,2inchStickout/F_08-Jun-2017_rpm770_doc0p010,test,42,0,cv_evaluation,chatter,1,0.06614716,8
turning,cnn_ae,ver_max,2inchStickout_F_08-Jun-2017_rpm770_doc0p010_window_0004,2inchStickout/F_08-Jun-2017_rpm770_doc0p010,test,42,0,cv_evaluation,chatter,1,0.075359374,8
turning,cnn_ae,ver_max,2inchStickout_F_08-Jun-2017_rpm770_doc0p010_window_0005,2inchStickout/F_08-Jun-2017_rpm770_doc0p010,test,42,0,cv_evaluation,chatter,1,0.07469514,8
turning,cnn_ae,ver_max,2inchStickout_F_08-Jun-2017_rpm770_doc0p010_window_0006,2inchStickout/F_08-Jun-2017_rpm770_doc0p010,test,42,0,cv_evaluation,chatter,1,0.07183828,8
turning,cnn_ae,ver_max,2inchStickout_F_08-Jun-2017_rpm770_doc0p010_window_0007,2inchStickout/F_08-Jun-2017_rpm770_doc0p010,test,42,0,cv_evaluation,chatter,1,0.071511105,8
turning,cnn_ae,ver_max,2inchStickout_F_08-Jun-2017_rpm770_doc0p010_window_0008,2inchStickout/F_08-Jun-2017_rpm770_doc0p010,test,42,0,cv_evaluation,chatter,1,0.07654857,8
turning,cnn_ae,ver_max,2inchStickout_F_08-Jun-2017_rpm770_doc0p010_window_0009,2inchStickout/F_08-Jun-2017_rpm770_doc0p010,test,42,0,cv_evaluation,chatter,1,0.079234675,8
turning,cnn_ae,ver_max,2inchStickout_F_08-Jun-2017_rpm770_doc0p010_window_0010,2inchStickout/F_08-Jun-2017_rpm770_doc0p010,test,42,0,cv_evaluation,chatter,1,0.0885145,8
turning,cnn_ae,ver_max,2inchStickout_F_08-Jun-2017_rpm770_doc0p010_window_0011,2inchStickout/F_08-Jun-2017_rpm770_doc0p010,test,42,0,cv_evaluation,chatter,1,0.09259807,8
turning,cnn_ae,ver_max,2inchStickout_F_08-Jun-2017_rpm770_doc0p010_window_0012,2inchStickout/F_08-Jun-2017_rpm770_doc0p010,test,42,0,cv_evaluation,chatter,1,0.073647186,8
turning,cnn_ae,ver_max,2inchStickout_F_08-Jun-2017_rpm770_doc0p010_window_0013,2inchStickout/F_08-Jun-2017_rpm770_doc0p010,test,42,0,cv_evaluation,chatter,1,0.06866966,8
turning,cnn_ae,ver_max,2inchStickout_F_08-Jun-2017_rpm770_doc0p010_window_0014,2inchStickout/F_08-Jun-2017_rpm770_doc0p010,train,42,0,cv_evaluation,no_chatter,0,0.077080995,8
turning,cnn_ae,ver_max,2inchStickout_F_08-Jun-2017_rpm770_doc0p010_window_0015,2inchStickout/F_08-Jun-2017_rpm770_doc0p010,train,42,0,cv_evaluation,no_chatter,0,0.003512143,8
turning,cnn_ae,ver_max,2inchStickout_F_08-Jun-2017_rpm770_doc0p010_window_0016,2inchStickout/F_08-Jun-2017_rpm770_doc0p010,train,42,0,cv_evaluation,no_chatter,0,0.0035439522,8
turning,cnn_ae,ver_max,2inchStickout_F_08-Jun-2017_rpm770_doc0p010_window_0017,2inchStickout/F_08-Jun-2017_rpm770_doc0p010,train,42,0,cv_evaluation,no_chatter,0,0.0035395317,8
turning,cnn_ae,ver_max,2inchStickout_F_08-Jun-2017_rpm770_doc0p010_window_0018,2inchStickout/F_08-Jun-2017_rpm770_doc0p010,train,42,0,cv_evaluation,no_chatter,0,0.0036814092,8
turning,cnn_ae,ver_max,2inchStickout_F_08-Jun-2017_rpm770_doc0p010_window_0019,2inchStickout/F_08-Jun-2017_rpm770_doc0p010,train,42,0,cv_evaluation,no_chatter,0,0.0036861903,8
turning,cnn_ae,ver_max,2inchStickout_F_08-Jun-2017_rpm770_doc0p010_window_0020,2inchStickout/F_08-Jun-2017_rpm770_doc0p010,train,42,0,cv_evaluation,no_chatter,0,0.003686125,8
turning,cnn_ae,ver_max,2inchStickout_F_08-Jun-2017_rpm770_doc0p010_window_0021,2inchStickout/F_08-Jun-2017_rpm770_doc0p010,train,42,0,cv_evaluation,no_chatter,0,0.0036388948,8
turning,cnn_ae,ver_max,2inchStickout_F_08-Jun-2017_rpm770_doc0p010_window_0022,2inchStickout/F_08-Jun-2017_rpm770_doc0p010,train,42,0,cv_evaluation,no_chatter,0,0.0036386277,8
turning,cnn_ae,ver_max,2inchStickout_F_08-Jun-2017_rpm770_doc0p010_window_0023,2inchStickout/F_08-Jun-2017_rpm770_doc0p010,train,42,0,cv_evaluation,no_chatter,0,0.0036155726,8
turning,cnn_ae,ver_max,2inchStickout_F_08-Jun-2017_smoothingCut2_noChatter_window_0000,2inchStickout/F_08-Jun-2017_smoothingCut2_noChatter,train,42,0,cv_evaluation,no_chatter,0,0.0034387468,8
turning,cnn_ae,ver_max,2inchStickout_F_08-Jun-2017_smoothingCut2_noChatter_window_0001,2inchStickout/F_08-Jun-2017_smoothingCut2_noChatter,test,42,0,cv_evaluation,no_chatter,0,0.0034437845,8
turning,cnn_ae,ver_max,2inchStickout_F_08-Jun-2017_smoothingCut2_noChatter_window_0002,2inchStickout/F_08-Jun-2017_smoothingCut2_noChatter,train,42,0,cv_evaluation,no_chatter,0,0.00826408,8
turning,cnn_ae,ver_max,2inchStickout_F_08-Jun-2017_smoothingCut2_noChatter_window_0003,2inchStickout/F_08-Jun-2017_smoothingCut2_noChatter,train,42,0,cv_evaluation,no_chatter,0,0.003971801,8
turning,cnn_ae,ver_max,2inchStickout_F_08-Jun-2017_smoothingCut2_noChatter_window_0004,2inchStickout/F_08-Jun-2017_smoothingCut2_noChatter,train,42,0,cv_evaluation,no_chatter,0,0.0031190019,8
turning,cnn_ae,ver_max,2inchStickout_F_08-Jun-2017_smoothingCut2_noChatter_window_0005,2inchStickout/F_08-Jun-2017_smoothingCut2_noChatter,train,42,0,cv_evaluation,no_chatter,0,0.0024889652,8
turning,cnn_ae,ver_max,2inchStickout_F_08-Jun-2017_smoothingCut2_noChatter_window_0006,2inchStickout/F_08-Jun-2017_smoothingCut2_noChatter,train,42,0,cv_evaluation,no_chatter,0,0.002329221,8
turning,cnn_ae,ver_max,2inchStickout_F_08-Jun-2017_smoothingCut2_noChatter_window_0007,2inchStickout/F_08-Jun-2017_smoothingCut2_noChatter,test,42,0,cv_evaluation,no_chatter,0,0.002016781,8
turning,cnn_ae,ver_max,2inchStickout_F_08-Jun-2017_smoothingCut2_noChatter_window_0008,2inchStickout/F_08-Jun-2017_smoothingCut2_noChatter,train,42,0,cv_evaluation,no_chatter,0,0.0020361026,8
turning,cnn_ae,ver_max,2inchStickout_F_08-Jun-2017_smoothingCut2_noChatter_window_0009,2inchStickout/F_08-Jun-2017_smoothingCut2_noChatter,train,42,0,cv_evaluation,no_chatter,0,0.0021180257,8
turning,cnn_ae,ver_max,2inchStickout_F_08-Jun-2017_smoothingCut2_noChatter_window_0010,2inchStickout/F_08-Jun-2017_smoothingCut2_noChatter,test,42,0,cv_evaluation,no_chatter,0,0.0023434656,8
turning,cnn_ae,ver_max,2inchStickout_F_08-Jun-2017_smoothingCut2_noChatter_window_0011,2inchStickout/F_08-Jun-2017_smoothingCut2_noChatter,train,42,0,cv_evaluation,no_chatter,0,0.0023326771,8
turning,cnn_ae,ver_max,2p5inchStickout_F_12-Jun-2017_rpm570_doc0p008_window_0000,2p5inchStickout/F_12-Jun-2017_rpm570_doc0p008,train,42,0,cv_evaluation,no_chatter,0,0.0030025546,8
turning,cnn_ae,ver_max,2p5inchStickout_F_12-Jun-2017_rpm570_doc0p008_window_0001,2p5inchStickout/F_12-Jun-2017_rpm570_doc0p008,train,42,0,cv_evaluation,no_chatter,0,0.004596344,8
turning,cnn_ae,ver_max,2p5inchStickout_F_12-Jun-2017_rpm570_doc0p008_window_0002,2p5inchStickout/F_12-Jun-2017_rpm570_doc0p008,train,42,0,cv_evaluation,no_chatter,0,0.0051009567,8
turning,cnn_ae,ver_max,2p5inchStickout_F_12-Jun-2017_rpm570_doc0p008_window_0003,2p5inchStickout/F_12-Jun-2017_rpm570_doc0p008,train,42,0,cv_evaluation,no_chatter,0,0.009411269,8
turning,cnn_ae,ver_max,2p5inchStickout_F_12-Jun-2017_rpm570_doc0p008_window_0004,2p5inchStickout/F_12-Jun-2017_rpm570_doc0p008,train,42,0,cv_evaluation,no_chatter,0,0.007809762,8
turning,cnn_ae,ver_max,2p5inchStickout_F_12-Jun-2017_rpm570_doc0p008_window_0005,2p5inchStickout/F_12-Jun-2017_rpm570_doc0p008,train,42,0,cv_evaluation,no_chatter,0,0.009854821,8
turning,cnn_ae,ver_max,2p5inchStickout_F_12-Jun-2017_rpm570_doc0p008_window_0006,2p5inchStickout/F_12-Jun-2017_rpm570_doc0p008,train,42,0,cv_evaluation,no_chatter,0,0.0052080783,8
turning,cnn_ae,ver_max,2p5inchStickout_F_12-Jun-2017_rpm570_doc0p008_window_0007,2p5inchStickout/F_12-Jun-2017_rpm570_doc0p008,train,42,0,cv_evaluation,no_chatter,0,0.0059873965,8
turning,cnn_ae,ver_max,2p5inchStickout_F_12-Jun-2017_rpm570_doc0p008_window_0008,2p5inchStickout/F_12-Jun-2017_rpm570_doc0p008,train,42,0,cv_evaluation,no_chatter,0,0.005974896,8
turning,cnn_ae,ver_max,2p5inchStickout_F_12-Jun-2017_rpm570_doc0p008_window_0009,2p5inchStickout/F_12-Jun-2017_rpm570_doc0p008,validation,42,0,cv_evaluation,no_chatter,0,0.0064820345,8
turning,cnn_ae,ver_max,4p5inchStickout_F_12-Jun-2017_rpm570_doc0p035_window_0000,4p5inchStickout/F_12-Jun-2017_rpm570_doc0p035,validation,42,0,cv_evaluation,no_chatter,0,0.006536083,8
turning,cnn_ae,ver_max,4p5inchStickout_F_12-Jun-2017_rpm570_doc0p035_window_0001,4p5inchStickout/F_12-Jun-2017_rpm570_doc0p035,validation,42,0,cv_evaluation,no_chatter,0,0.009915843,8
turning,cnn_ae,ver_max,4p5inchStickout_F_12-Jun-2017_rpm570_doc0p035_window_0002,4p5inchStickout/F_12-Jun-2017_rpm570_doc0p035,train,42,0,cv_evaluation,no_chatter,0,0.012766273,8
turning,cnn_ae,ver_max,4p5inchStickout_F_12-Jun-2017_rpm570_doc0p035_window_0003,4p5inchStickout/F_12-Jun-2017_rpm570_doc0p035,train,42,0,cv_evaluation,no_chatter,0,0.008424423,8
turning,cnn_ae,ver_max,4p5inchStickout_F_12-Jun-2017_rpm570_doc0p035_window_0004,4p5inchStickout/F_12-Jun-2017_rpm570_doc0p035,train,42,0,cv_evaluation,no_chatter,0,0.0067966185,8
turning,cnn_ae,ver_max,4p5inchStickout_F_12-Jun-2017_rpm570_doc0p035_window_0005,4p5inchStickout/F_12-Jun-2017_rpm570_doc0p035,train,42,0,cv_evaluation,no_chatter,0,0.0063498258,8
turning,cnn_ae,ver_max,4p5inchStickout_F_12-Jun-2017_rpm570_doc0p035_window_0006,4p5inchStickout/F_12-Jun-2017_rpm570_doc0p035,train,42,0,cv_evaluation,no_chatter,0,0.0063643064,8
turning,cnn_ae,ver_max,4p5inchStickout_F_12-Jun-2017_rpm570_doc0p035_window_0007,4p5inchStickout/F_12-Jun-2017_rpm570_doc0p035,train,42,0,cv_evaluation,no_chatter,0,0.0060125394,8
turning,cnn_ae,ver_max,4p5inchStickout_F_12-Jun-2017_rpm570_doc0p035_window_0008,4p5inchStickout/F_12-Jun-2017_rpm570_doc0p035,train,42,0,cv_evaluation,no_chatter,0,0.005630031,8
turning,cnn_ae,ver_max,4p5inchStickout_F_12-Jun-2017_rpm570_doc0p035_window_0009,4p5inchStickout/F_12-Jun-2017_rpm570_doc0p035,train,42,0,cv_evaluation,no_chatter,0,0.0064461636,8
turning,cnn_ae,ver_max,4p5inchStickout_F_12-Jun-2017_rpm570_doc0p035_window_0010,4p5inchStickout/F_12-Jun-2017_rpm570_doc0p035,validation,42,0,cv_evaluation,no_chatter,0,0.004443601,8
turning,cnn_ae,ver_max,4p5inchStickout_F_12-Jun-2017_rpm570_doc0p035_window_0011,4p5inchStickout/F_12-Jun-2017_rpm570_doc0p035,train,42,0,cv_evaluation,no_chatter,0,0.004483837,8
turning,cnn_ae,ver_max,4p5inchStickout_F_13-Jun-2017_rpm1030_doc0p005_window_0000,4p5inchStickout/F_13-Jun-2017_rpm1030_doc0p005,train,42,0,cv_evaluation,no_chatter,0,0.004464138,8
turning,cnn_ae,ver_max,4p5inchStickout_F_13-Jun-2017_rpm1030_doc0p005_window_0001,4p5inchStickout/F_13-Jun-2017_rpm1030_doc0p005,test,42,0,cv_evaluation,no_chatter,0,0.011497944,8
turning,cnn_ae,ver_max,4p5inchStickout_F_13-Jun-2017_rpm1030_doc0p005_window_0002,4p5inchStickout/F_13-Jun-2017_rpm1030_doc0p005,test,42,0,cv_evaluation,no_chatter,0,0.010456866,8
turning,cnn_ae,ver_max,4p5inchStickout_F_13-Jun-2017_rpm1030_doc0p005_window_0003,4p5inchStickout/F_13-Jun-2017_rpm1030_doc0p005,train,42,0,cv_evaluation,no_chatter,0,0.012708938,8
turning,cnn_ae,ver_max,4p5inchStickout_F_13-Jun-2017_rpm1030_doc0p014_window_0000,4p5inchStickout/F_13-Jun-2017_rpm1030_doc0p014,train,42,0,cv_evaluation,no_chatter,0,0.004538379,8
turning,cnn_ae,ver_max,4p5inchStickout_F_13-Jun-2017_rpm1030_doc0p014_window_0001,4p5inchStickout/F_13-Jun-2017_rpm1030_doc0p014,train,42,0,cv_evaluation,no_chatter,0,0.015140715,8
turning,cnn_ae,ver_max,4p5inchStickout_F_13-Jun-2017_rpm1030_doc0p014_window_0002,4p5inchStickout/F_13-Jun-2017_rpm1030_doc0p014,validation,42,0,cv_evaluation,no_chatter,0,0.015346513,8
turning,cnn_ae,ver_max,4p5inchStickout_F_13-Jun-2017_rpm1030_doc0p014_window_0003,4p5inchStickout/F_13-Jun-2017_rpm1030_doc0p014,train,42,0,cv_evaluation,no_chatter,0,0.009364853,8
turning,cnn_ae,ver_max,4p5inchStickout_F_13-Jun-2017_rpm770_doc0p015_window_0000,4p5inchStickout/F_13-Jun-2017_rpm770_doc0p015,train,42,0,cv_evaluation,no_chatter,0,0.004471969,8
turning,cnn_ae,ver_max,4p5inchStickout_F_13-Jun-2017_rpm770_doc0p015_window_0001,4p5inchStickout/F_13-Jun-2017_rpm770_doc0p015,validation,42,0,cv_evaluation,no_chatter,0,0.00425052,8
turning,cnn_ae,ver_max,4p5inchStickout_F_13-Jun-2017_rpm770_doc0p015_window_0002,4p5inchStickout/F_13-Jun-2017_rpm770_doc0p015,validation,42,0,cv_evaluation,no_chatter,0,0.0052116835,8
turning,cnn_ae,ver_max,4p5inchStickout_F_13-Jun-2017_rpm770_doc0p015_window_0003,4p5inchStickout/F_13-Jun-2017_rpm770_doc0p015,train,42,0,cv_evaluation,no_chatter,0,0.0061159064,8
turning,cnn_ae,ver_max,4p5inchStickout_F_13-Jun-2017_rpm770_doc0p015_window_0004,4p5inchStickout/F_13-Jun-2017_rpm770_doc0p015,validation,42,0,cv_evaluation,no_chatter,0,0.00824119,8
turning,cnn_ae,ver_max,4p5inchStickout_F_13-Jun-2017_rpm770_doc0p015_window_0005,4p5inchStickout/F_13-Jun-2017_rpm770_doc0p015,validation,42,0,cv_evaluation,no_chatter,0,0.005450649,8
turning,cnn_ae,ver_topk,2inchStickout_F_08-Jun-2017_rpm320_doc0p020_window_0000,2inchStickout/F_08-Jun-2017_rpm320_doc0p020,validation,42,0,cv_evaluation,no_chatter,0,0.0034190435,8
turning,cnn_ae,ver_topk,2inchStickout_F_08-Jun-2017_rpm320_doc0p020_window_0001,2inchStickout/F_08-Jun-2017_rpm320_doc0p020,train,42,0,cv_evaluation,no_chatter,0,0.0033931604,8
turning,cnn_ae,ver_topk,2inchStickout_F_08-Jun-2017_rpm320_doc0p020_window_0002,2inchStickout/F_08-Jun-2017_rpm320_doc0p020,train,42,0,cv_evaluation,no_chatter,0,0.0033996834,8
turning,cnn_ae,ver_topk,2inchStickout_F_08-Jun-2017_rpm320_doc0p020_window_0003,2inchStickout/F_08-Jun-2017_rpm320_doc0p020,validation,42,0,cv_evaluation,no_chatter,0,0.003371601,8
turning,cnn_ae,ver_topk,2inchStickout_F_08-Jun-2017_rpm320_doc0p020_window_0004,2inchStickout/F_08-Jun-2017_rpm320_doc0p020,validation,42,0,cv_evaluation,no_chatter,0,0.0025388263,8
turning,cnn_ae,ver_topk,2inchStickout_F_08-Jun-2017_rpm320_doc0p020_window_0005,2inchStickout/F_08-Jun-2017_rpm320_doc0p020,train,42,0,cv_evaluation,no_chatter,0,0.0024145257,8
turning,cnn_ae,ver_topk,2inchStickout_F_08-Jun-2017_rpm320_doc0p020_window_0006,2inchStickout/F_08-Jun-2017_rpm320_doc0p020,validation,42,0,cv_evaluation,no_chatter,0,0.0020917244,8
turning,cnn_ae,ver_topk,2inchStickout_F_08-Jun-2017_rpm320_doc0p020_window_0007,2inchStickout/F_08-Jun-2017_rpm320_doc0p020,train,42,0,cv_evaluation,no_chatter,0,0.0022267995,8
turning,cnn_ae,ver_topk,2inchStickout_F_08-Jun-2017_rpm320_doc0p020_window_0008,2inchStickout/F_08-Jun-2017_rpm320_doc0p020,train,42,0,cv_evaluation,no_chatter,0,0.0031576243,8
turning,cnn_ae,ver_topk,2inchStickout_F_08-Jun-2017_rpm320_doc0p020_window_0009,2inchStickout/F_08-Jun-2017_rpm320_doc0p020,train,42,0,cv_evaluation,no_chatter,0,0.004629511,8
turning,cnn_ae,ver_topk,2inchStickout_F_08-Jun-2017_rpm320_doc0p020_window_0010,2inchStickout/F_08-Jun-2017_rpm320_doc0p020,train,42,0,cv_evaluation,no_chatter,0,0.007938528,8
turning,cnn_ae,ver_topk,2inchStickout_F_08-Jun-2017_rpm320_doc0p020_window_0011,2inchStickout/F_08-Jun-2017_rpm320_doc0p020,train,42,0,cv_evaluation,no_chatter,0,0.007540636,8
turning,cnn_ae,ver_topk,2inchStickout_F_08-Jun-2017_rpm320_doc0p020_window_0012,2inchStickout/F_08-Jun-2017_rpm320_doc0p020,train,42,0,cv_evaluation,no_chatter,0,0.0068585835,8
turning,cnn_ae,ver_topk,2inchStickout_F_08-Jun-2017_rpm320_doc0p020_window_0013,2inchStickout/F_08-Jun-2017_rpm320_doc0p020,validation,42,0,cv_evaluation,no_chatter,0,0.0021668286,8
turning,cnn_ae,ver_topk,2inchStickout_F_08-Jun-2017_rpm320_doc0p020_window_0014,2inchStickout/F_08-Jun-2017_rpm320_doc0p020,validation,42,0,cv_evaluation,no_chatter,0,0.002448661,8
turning,cnn_ae,ver_topk,2inchStickout_F_08-Jun-2017_rpm320_doc0p020_window_0015,2inchStickout/F_08-Jun-2017_rpm320_doc0p020,train,42,0,cv_evaluation,no_chatter,0,0.002305062,8
turning,cnn_ae,ver_topk,2inchStickout_F_08-Jun-2017_rpm320_doc0p020_window_0016,2inchStickout/F_08-Jun-2017_rpm320_doc0p020,train,42,0,cv_evaluation,no_chatter,0,0.0022355344,8
turning,cnn_ae,ver_topk,2inchStickout_F_08-Jun-2017_rpm320_doc0p020_window_0017,2inchStickout/F_08-Jun-2017_rpm320_doc0p020,train,42,0,cv_evaluation,no_chatter,0,0.0022581334,8
turning,cnn_ae,ver_topk,2inchStickout_F_08-Jun-2017_rpm320_doc0p020_window_0018,2inchStickout/F_08-Jun-2017_rpm320_doc0p020,train,42,0,cv_evaluation,no_chatter,0,0.0021517666,8
turning,cnn_ae,ver_topk,2inchStickout_F_08-Jun-2017_rpm320_doc0p020_window_0019,2inchStickout/F_08-Jun-2017_rpm320_doc0p020,train,42,0,cv_evaluation,no_chatter,0,0.0023028087,8
turning,cnn_ae,ver_topk,2inchStickout_F_08-Jun-2017_rpm320_doc0p020_window_0020,2inchStickout/F_08-Jun-2017_rpm320_doc0p020,train,42,0,cv_evaluation,no_chatter,0,0.0024153076,8
turning,cnn_ae,ver_topk,2inchStickout_F_08-Jun-2017_rpm320_doc0p020_window_0021,2inchStickout/F_08-Jun-2017_rpm320_doc0p020,train,42,0,cv_evaluation,no_chatter,0,0.0024421231,8
turning,cnn_ae,ver_topk,2inchStickout_F_08-Jun-2017_rpm320_doc0p020_window_0022,2inchStickout/F_08-Jun-2017_rpm320_doc0p020,validation,42,0,cv_evaluation,no_chatter,0,0.0024847675,8
turning,cnn_ae,ver_topk,2inchStickout_F_08-Jun-2017_rpm320_doc0p020_window_0023,2inchStickout/F_08-Jun-2017_rpm320_doc0p020,train,42,0,cv_evaluation,no_chatter,0,0.0019202937,8
turning,cnn_ae,ver_topk,2inchStickout_F_08-Jun-2017_rpm320_doc0p025_window_0000,2inchStickout/F_08-Jun-2017_rpm320_doc0p025,train,42,0,cv_evaluation,no_chatter,0,0.003387385,8
turning,cnn_ae,ver_topk,2inchStickout_F_08-Jun-2017_rpm320_doc0p025_window_0001,2inchStickout/F_08-Jun-2017_rpm320_doc0p025,train,42,0,cv_evaluation,no_chatter,0,0.0033908186,8
turning,cnn_ae,ver_topk,2inchStickout_F_08-Jun-2017_rpm320_doc0p025_window_0002,2inchStickout/F_08-Jun-2017_rpm320_doc0p025,train,42,0,cv_evaluation,no_chatter,0,0.0032689183,8
turning,cnn_ae,ver_topk,2inchStickout_F_08-Jun-2017_rpm320_doc0p025_window_0003,2inchStickout/F_08-Jun-2017_rpm320_doc0p025,validation,42,0,cv_evaluation,no_chatter,0,0.002350197,8
turning,cnn_ae,ver_topk,2inchStickout_F_08-Jun-2017_rpm320_doc0p025_window_0004,2inchStickout/F_08-Jun-2017_rpm320_doc0p025,validation,42,0,cv_evaluation,no_chatter,0,0.0017063528,8
turning,cnn_ae,ver_topk,2inchStickout_F_08-Jun-2017_rpm320_doc0p025_window_0005,2inchStickout/F_08-Jun-2017_rpm320_doc0p025,train,42,0,cv_evaluation,no_chatter,0,0.001551462,8
turning,cnn_ae,ver_topk,2inchStickout_F_08-Jun-2017_rpm320_doc0p025_window_0006,2inchStickout/F_08-Jun-2017_rpm320_doc0p025,train,42,0,cv_evaluation,no_chatter,0,0.0013409337,8
turning,cnn_ae,ver_topk,2inchStickout_F_08-Jun-2017_rpm320_doc0p025_window_0007,2inchStickout/F_08-Jun-2017_rpm320_doc0p025,train,42,0,cv_evaluation,no_chatter,0,0.0014511202,8
turning,cnn_ae,ver_topk,2inchStickout_F_08-Jun-2017_rpm320_doc0p025_window_0008,2inchStickout/F_08-Jun-2017_rpm320_doc0p025,validation,42,0,cv_evaluation,no_chatter,0,0.001373689,8
turning,cnn_ae,ver_topk,2inchStickout_F_08-Jun-2017_rpm320_doc0p025_window_0009,2inchStickout/F_08-Jun-2017_rpm320_doc0p025,train,42,0,cv_evaluation,no_chatter,0,0.001398488,8
turning,cnn_ae,ver_topk,2inchStickout_F_08-Jun-2017_rpm320_doc0p025_window_0010,2inchStickout/F_08-Jun-2017_rpm320_doc0p025,train,42,0,cv_evaluation,no_chatter,0,0.001301763,8
turning,cnn_ae,ver_topk,2inchStickout_F_08-Jun-2017_rpm320_doc0p025_window_0011,2inchStickout/F_08-Jun-2017_rpm320_doc0p025,train,42,0,cv_evaluation,no_chatter,0,0.0015848437,8
turning,cnn_ae,ver_topk,2inchStickout_F_08-Jun-2017_rpm320_doc0p025_window_0012,2inchStickout/F_08-Jun-2017_rpm320_doc0p025,validation,42,0,cv_evaluation,no_chatter,0,0.0043140063,8
turning,cnn_ae,ver_topk,2inchStickout_F_08-Jun-2017_rpm320_doc0p025_window_0013,2inchStickout/F_08-Jun-2017_rpm320_doc0p025,validation,42,0,cv_evaluation,no_chatter,0,0.006888807,8
turning,cnn_ae,ver_topk,2inchStickout_F_08-Jun-2017_rpm320_doc0p025_window_0014,2inchStickout/F_08-Jun-2017_rpm320_doc0p025,train,42,0,cv_evaluation,no_chatter,0,0.008755567,8
turning,cnn_ae,ver_topk,2inchStickout_F_08-Jun-2017_rpm320_doc0p025_window_0015,2inchStickout/F_08-Jun-2017_rpm320_doc0p025,train,42,0,cv_evaluation,no_chatter,0,0.011136074,8
turning,cnn_ae,ver_topk,2inchStickout_F_08-Jun-2017_rpm320_doc0p025_window_0016,2inchStickout/F_08-Jun-2017_rpm320_doc0p025,train,42,0,cv_evaluation,no_chatter,0,0.0067717615,8
turning,cnn_ae,ver_topk,2inchStickout_F_08-Jun-2017_rpm320_doc0p025_window_0017,2inchStickout/F_08-Jun-2017_rpm320_doc0p025,validation,42,0,cv_evaluation,no_chatter,0,0.004027358,8
turning,cnn_ae,ver_topk,2inchStickout_F_08-Jun-2017_rpm320_doc0p025_window_0018,2inchStickout/F_08-Jun-2017_rpm320_doc0p025,train,42,0,cv_evaluation,no_chatter,0,0.005014599,8
turning,cnn_ae,ver_topk,2inchStickout_F_08-Jun-2017_rpm320_doc0p025_window_0019,2inchStickout/F_08-Jun-2017_rpm320_doc0p025,train,42,0,cv_evaluation,no_chatter,0,0.004367174,8
turning,cnn_ae,ver_topk,2inchStickout_F_08-Jun-2017_rpm320_doc0p025_window_0020,2inchStickout/F_08-Jun-2017_rpm320_doc0p025,train,42,0,cv_evaluation,no_chatter,0,0.005082371,8
turning,cnn_ae,ver_topk,2inchStickout_F_08-Jun-2017_rpm320_doc0p025_window_0021,2inchStickout/F_08-Jun-2017_rpm320_doc0p025,validation,42,0,cv_evaluation,no_chatter,0,0.0026596629,8
turning,cnn_ae,ver_topk,2inchStickout_F_08-Jun-2017_rpm320_doc0p025_window_0022,2inchStickout/F_08-Jun-2017_rpm320_doc0p025,train,42,0,cv_evaluation,no_chatter,0,0.0018010718,8
turning,cnn_ae,ver_topk,2inchStickout_F_08-Jun-2017_rpm320_doc0p025_window_0023,2inchStickout/F_08-Jun-2017_rpm320_doc0p025,validation,42,0,cv_evaluation,no_chatter,0,0.002859038,8
turning,cnn_ae,ver_topk,2inchStickout_F_08-Jun-2017_rpm425_doc0p010_window_0000,2inchStickout/F_08-Jun-2017_rpm425_doc0p010,validation,42,0,cv_evaluation,no_chatter,0,0.003426933,8
turning,cnn_ae,ver_topk,2inchStickout_F_08-Jun-2017_rpm425_doc0p010_window_0001,2inchStickout/F_08-Jun-2017_rpm425_doc0p010,train,42,0,cv_evaluation,no_chatter,0,0.003165178,8
turning,cnn_ae,ver_topk,2inchStickout_F_08-Jun-2017_rpm425_doc0p010_window_0002,2inchStickout/F_08-Jun-2017_rpm425_doc0p010,train,42,0,cv_evaluation,no_chatter,0,0.0020442312,8
turning,cnn_ae,ver_topk,2inchStickout_F_08-Jun-2017_rpm425_doc0p010_window_0003,2inchStickout/F_08-Jun-2017_rpm425_doc0p010,train,42,0,cv_evaluation,no_chatter,0,0.0021572958,8
turning,cnn_ae,ver_topk,2inchStickout_F_08-Jun-2017_rpm425_doc0p010_window_0004,2inchStickout/F_08-Jun-2017_rpm425_doc0p010,train,42,0,cv_evaluation,no_chatter,0,0.0021178878,8
turning,cnn_ae,ver_topk,2inchStickout_F_08-Jun-2017_rpm425_doc0p010_window_0005,2inchStickout/F_08-Jun-2017_rpm425_doc0p010,validation,42,0,cv_evaluation,no_chatter,0,0.0024040597,8
turning,cnn_ae,ver_topk,2inchStickout_F_08-Jun-2017_rpm425_doc0p010_window_0006,2inchStickout/F_08-Jun-2017_rpm425_doc0p010,train,42,0,cv_evaluation,no_chatter,0,0.0036033255,8
turning,cnn_ae,ver_topk,2inchStickout_F_08-Jun-2017_rpm425_doc0p010_window_0007,2inchStickout/F_08-Jun-2017_rpm425_doc0p010,train,42,0,cv_evaluation,no_chatter,0,0.0036664903,8
turning,cnn_ae,ver_topk,2inchStickout_F_08-Jun-2017_rpm425_doc0p020_window_0000,2inchStickout/F_08-Jun-2017_rpm425_doc0p020,train,42,0,cv_evaluation,no_chatter,0,0.0033975355,8
turning,cnn_ae,ver_topk,2inchStickout_F_08-Jun-2017_rpm425_doc0p020_window_0001,2inchStickout/F_08-Jun-2017_rpm425_doc0p020,train,42,0,cv_evaluation,no_chatter,0,0.0031404141,8
turning,cnn_ae,ver_topk,2inchStickout_F_08-Jun-2017_rpm425_doc0p020_window_0002,2inchStickout/F_08-Jun-2017_rpm425_doc0p020,test,42,0,cv_evaluation,no_chatter,0,0.0019737468,8
turning,cnn_ae,ver_topk,2inchStickout_F_08-Jun-2017_rpm425_doc0p020_window_0003,2inchStickout/F_08-Jun-2017_rpm425_doc0p020,train,42,0,cv_evaluation,no_chatter,0,0.0028554164,8
turning,cnn_ae,ver_topk,2inchStickout_F_08-Jun-2017_rpm425_doc0p020_window_0004,2inchStickout/F_08-Jun-2017_rpm425_doc0p020,train,42,0,cv_evaluation,no_chatter,0,0.0040963553,8
turning,cnn_ae,ver_topk,2inchStickout_F_08-Jun-2017_rpm425_doc0p020_window_0005,2inchStickout/F_08-Jun-2017_rpm425_doc0p020,test,42,0,cv_evaluation,no_chatter,0,0.015741251,8
turning,cnn_ae,ver_topk,2inchStickout_F_08-Jun-2017_rpm425_doc0p020_window_0006,2inchStickout/F_08-Jun-2017_rpm425_doc0p020,validation,42,0,cv_evaluation,chatter,1,0.029769322,8
turning,cnn_ae,ver_topk,2inchStickout_F_08-Jun-2017_rpm425_doc0p020_window_0007,2inchStickout/F_08-Jun-2017_rpm425_doc0p020,validation,42,0,cv_evaluation,chatter,1,0.03244957,8
turning,cnn_ae,ver_topk,2inchStickout_F_08-Jun-2017_rpm770_doc0p010_window_0000,2inchStickout/F_08-Jun-2017_rpm770_doc0p010,train,42,0,cv_evaluation,no_chatter,0,0.003449598,8
turning,cnn_ae,ver_topk,2inchStickout_F_08-Jun-2017_rpm770_doc0p010_window_0001,2inchStickout/F_08-Jun-2017_rpm770_doc0p010,test,42,0,cv_evaluation,chatter,1,0.06345365,8
turning,cnn_ae,ver_topk,2inchStickout_F_08-Jun-2017_rpm770_doc0p010_window_0002,2inchStickout/F_08-Jun-2017_rpm770_doc0p010,test,42,0,cv_evaluation,chatter,1,0.066227406,8
turning,cnn_ae,ver_topk,2inchStickout_F_08-Jun-2017_rpm770_doc0p010_window_0003,2inchStickout/F_08-Jun-2017_rpm770_doc0p010,test,42,0,cv_evaluation,chatter,1,0.06478415,8
turning,cnn_ae,ver_topk,2inchStickout_F_08-Jun-2017_rpm770_doc0p010_window_0004,2inchStickout/F_08-Jun-2017_rpm770_doc0p010,test,42,0,cv_evaluation,chatter,1,0.069409065,8
turning,cnn_ae,ver_topk,2inchStickout_F_08-Jun-2017_rpm770_doc0p010_window_0005,2inchStickout/F_08-Jun-2017_rpm770_doc0p010,test,42,0,cv_evaluation,chatter,1,0.07172945,8
turning,cnn_ae,ver_topk,2inchStickout_F_08-Jun-2017_rpm770_doc0p010_window_0006,2inchStickout/F_08-Jun-2017_rpm770_doc0p010,test,42,0,cv_evaluation,chatter,1,0.07084962,8
turning,cnn_ae,ver_topk,2inchStickout_F_08-Jun-2017_rpm770_doc0p010_window_0007,2inchStickout/F_08-Jun-2017_rpm770_doc0p010,test,42,0,cv_evaluation,chatter,1,0.069955304,8
turning,cnn_ae,ver_topk,2inchStickout_F_08-Jun-2017_rpm770_doc0p010_window_0008,2inchStickout/F_08-Jun-2017_rpm770_doc0p010,test,42,0,cv_evaluation,chatter,1,0.07339666,8
turning,cnn_ae,ver_topk,2inchStickout_F_08-Jun-2017_rpm770_doc0p010_window_0009,2inchStickout/F_08-Jun-2017_rpm770_doc0p010,test,42,0,cv_evaluation,chatter,1,0.07749891,8
turning,cnn_ae,ver_topk,2inchStickout_F_08-Jun-2017_rpm770_doc0p010_window_0010,2inchStickout/F_08-Jun-2017_rpm770_doc0p010,test,42,0,cv_evaluation,chatter,1,0.08750665,8
turning,cnn_ae,ver_topk,2inchStickout_F_08-Jun-2017_rpm770_doc0p010_window_0011,2inchStickout/F_08-Jun-2017_rpm770_doc0p010,test,42,0,cv_evaluation,chatter,1,0.08946095,8
turning,cnn_ae,ver_topk,2inchStickout_F_08-Jun-2017_rpm770_doc0p010_window_0012,2inchStickout/F_08-Jun-2017_rpm770_doc0p010,test,42,0,cv_evaluation,chatter,1,0.072794184,8
turning,cnn_ae,ver_topk,2inchStickout_F_08-Jun-2017_rpm770_doc0p010_window_0013,2inchStickout/F_08-Jun-2017_rpm770_doc0p010,test,42,0,cv_evaluation,chatter,1,0.0655513,8
turning,cnn_ae,ver_topk,2inchStickout_F_08-Jun-2017_rpm770_doc0p010_window_0014,2inchStickout/F_08-Jun-2017_rpm770_doc0p010,train,42,0,cv_evaluation,no_chatter,0,0.03308217,8
turning,cnn_ae,ver_topk,2inchStickout_F_08-Jun-2017_rpm770_doc0p010_window_0015,2inchStickout/F_08-Jun-2017_rpm770_doc0p010,train,42,0,cv_evaluation,no_chatter,0,0.0034979284,8
turning,cnn_ae,ver_topk,2inchStickout_F_08-Jun-2017_rpm770_doc0p010_window_0016,2inchStickout/F_08-Jun-2017_rpm770_doc0p010,train,42,0,cv_evaluation,no_chatter,0,0.0034623705,8
turning,cnn_ae,ver_topk,2inchStickout_F_08-Jun-2017_rpm770_doc0p010_window_0017,2inchStickout/F_08-Jun-2017_rpm770_doc0p010,train,42,0,cv_evaluation,no_chatter,0,0.0035082253,8
turning,cnn_ae,ver_topk,2inchStickout_F_08-Jun-2017_rpm770_doc0p010_window_0018,2inchStickout/F_08-Jun-2017_rpm770_doc0p010,train,42,0,cv_evaluation,no_chatter,0,0.0035689382,8
turning,cnn_ae,ver_topk,2inchStickout_F_08-Jun-2017_rpm770_doc0p010_window_0019,2inchStickout/F_08-Jun-2017_rpm770_doc0p010,train,42,0,cv_evaluation,no_chatter,0,0.003581129,8
turning,cnn_ae,ver_topk,2inchStickout_F_08-Jun-2017_rpm770_doc0p010_window_0020,2inchStickout/F_08-Jun-2017_rpm770_doc0p010,train,42,0,cv_evaluation,no_chatter,0,0.0035758794,8
turning,cnn_ae,ver_topk,2inchStickout_F_08-Jun-2017_rpm770_doc0p010_window_0021,2inchStickout/F_08-Jun-2017_rpm770_doc0p010,train,42,0,cv_evaluation,no_chatter,0,0.0035404116,8
turning,cnn_ae,ver_topk,2inchStickout_F_08-Jun-2017_rpm770_doc0p010_window_0022,2inchStickout/F_08-Jun-2017_rpm770_doc0p010,train,42,0,cv_evaluation,no_chatter,0,0.003536854,8
turning,cnn_ae,ver_topk,2inchStickout_F_08-Jun-2017_rpm770_doc0p010_window_0023,2inchStickout/F_08-Jun-2017_rpm770_doc0p010,train,42,0,cv_evaluation,no_chatter,0,0.0035747534,8
turning,cnn_ae,ver_topk,2inchStickout_F_08-Jun-2017_smoothingCut2_noChatter_window_0000,2inchStickout/F_08-Jun-2017_smoothingCut2_noChatter,train,42,0,cv_evaluation,no_chatter,0,0.0033640105,8
turning,cnn_ae,ver_topk,2inchStickout_F_08-Jun-2017_smoothingCut2_noChatter_window_0001,2inchStickout/F_08-Jun-2017_smoothingCut2_noChatter,test,42,0,cv_evaluation,no_chatter,0,0.00304682,8
turning,cnn_ae,ver_topk,2inchStickout_F_08-Jun-2017_smoothingCut2_noChatter_window_0002,2inchStickout/F_08-Jun-2017_smoothingCut2_noChatter,train,42,0,cv_evaluation,no_chatter,0,0.0074660014,8
turning,cnn_ae,ver_topk,2inchStickout_F_08-Jun-2017_smoothingCut2_noChatter_window_0003,2inchStickout/F_08-Jun-2017_smoothingCut2_noChatter,train,42,0,cv_evaluation,no_chatter,0,0.0037921492,8
turning,cnn_ae,ver_topk,2inchStickout_F_08-Jun-2017_smoothingCut2_noChatter_window_0004,2inchStickout/F_08-Jun-2017_smoothingCut2_noChatter,train,42,0,cv_evaluation,no_chatter,0,0.0027228845,8
turning,cnn_ae,ver_topk,2inchStickout_F_08-Jun-2017_smoothingCut2_noChatter_window_0005,2inchStickout/F_08-Jun-2017_smoothingCut2_noChatter,train,42,0,cv_evaluation,no_chatter,0,0.002189479,8
turning,cnn_ae,ver_topk,2inchStickout_F_08-Jun-2017_smoothingCut2_noChatter_window_0006,2inchStickout/F_08-Jun-2017_smoothingCut2_noChatter,train,42,0,cv_evaluation,no_chatter,0,0.0021308952,8
turning,cnn_ae,ver_topk,2inchStickout_F_08-Jun-2017_smoothingCut2_noChatter_window_0007,2inchStickout/F_08-Jun-2017_smoothingCut2_noChatter,test,42,0,cv_evaluation,no_chatter,0,0.0019431523,8
turning,cnn_ae,ver_topk,2inchStickout_F_08-Jun-2017_smoothingCut2_noChatter_window_0008,2inchStickout/F_08-Jun-2017_smoothingCut2_noChatter,train,42,0,cv_evaluation,no_chatter,0,0.0019450635,8
turning,cnn_ae,ver_topk,2inchStickout_F_08-Jun-2017_smoothingCut2_noChatter_window_0009,2inchStickout/F_08-Jun-2017_smoothingCut2_noChatter,train,42,0,cv_evaluation,no_chatter,0,0.0020218035,8
turning,cnn_ae,ver_topk,2inchStickout_F_08-Jun-2017_smoothingCut2_noChatter_window_0010,2inchStickout/F_08-Jun-2017_smoothingCut2_noChatter,test,42,0,cv_evaluation,no_chatter,0,0.0021483502,8
turning,cnn_ae,ver_topk,2inchStickout_F_08-Jun-2017_smoothingCut2_noChatter_window_0011,2inchStickout/F_08-Jun-2017_smoothingCut2_noChatter,train,42,0,cv_evaluation,no_chatter,0,0.0022465044,8
turning,cnn_ae,ver_topk,2p5inchStickout_F_12-Jun-2017_rpm570_doc0p008_window_0000,2p5inchStickout/F_12-Jun-2017_rpm570_doc0p008,train,42,0,cv_evaluation,no_chatter,0,0.0029118236,8
turning,cnn_ae,ver_topk,2p5inchStickout_F_12-Jun-2017_rpm570_doc0p008_window_0001,2p5inchStickout/F_12-Jun-2017_rpm570_doc0p008,train,42,0,cv_evaluation,no_chatter,0,0.0044650524,8
turning,cnn_ae,ver_topk,2p5inchStickout_F_12-Jun-2017_rpm570_doc0p008_window_0002,2p5inchStickout/F_12-Jun-2017_rpm570_doc0p008,train,42,0,cv_evaluation,no_chatter,0,0.0049662967,8
turning,cnn_ae,ver_topk,2p5inchStickout_F_12-Jun-2017_rpm570_doc0p008_window_0003,2p5inchStickout/F_12-Jun-2017_rpm570_doc0p008,train,42,0,cv_evaluation,no_chatter,0,0.008138939,8
turning,cnn_ae,ver_topk,2p5inchStickout_F_12-Jun-2017_rpm570_doc0p008_window_0004,2p5inchStickout/F_12-Jun-2017_rpm570_doc0p008,train,42,0,cv_evaluation,no_chatter,0,0.0062174164,8
turning,cnn_ae,ver_topk,2p5inchStickout_F_12-Jun-2017_rpm570_doc0p008_window_0005,2p5inchStickout/F_12-Jun-2017_rpm570_doc0p008,train,42,0,cv_evaluation,no_chatter,0,0.0096256,8
turning,cnn_ae,ver_topk,2p5inchStickout_F_12-Jun-2017_rpm570_doc0p008_window_0006,2p5inchStickout/F_12-Jun-2017_rpm570_doc0p008,train,42,0,cv_evaluation,no_chatter,0,0.004467162,8
turning,cnn_ae,ver_topk,2p5inchStickout_F_12-Jun-2017_rpm570_doc0p008_window_0007,2p5inchStickout/F_12-Jun-2017_rpm570_doc0p008,train,42,0,cv_evaluation,no_chatter,0,0.005848871,8
turning,cnn_ae,ver_topk,2p5inchStickout_F_12-Jun-2017_rpm570_doc0p008_window_0008,2p5inchStickout/F_12-Jun-2017_rpm570_doc0p008,train,42,0,cv_evaluation,no_chatter,0,0.00576619,8
turning,cnn_ae,ver_topk,2p5inchStickout_F_12-Jun-2017_rpm570_doc0p008_window_0009,2p5inchStickout/F_12-Jun-2017_rpm570_doc0p008,validation,42,0,cv_evaluation,no_chatter,0,0.0061900723,8
turning,cnn_ae,ver_topk,4p5inchStickout_F_12-Jun-2017_rpm570_doc0p035_window_0000,4p5inchStickout/F_12-Jun-2017_rpm570_doc0p035,validation,42,0,cv_evaluation,no_chatter,0,0.005784368,8
turning,cnn_ae,ver_topk,4p5inchStickout_F_12-Jun-2017_rpm570_doc0p035_window_0001,4p5inchStickout/F_12-Jun-2017_rpm570_doc0p035,validation,42,0,cv_evaluation,no_chatter,0,0.009135786,8
turning,cnn_ae,ver_topk,4p5inchStickout_F_12-Jun-2017_rpm570_doc0p035_window_0002,4p5inchStickout/F_12-Jun-2017_rpm570_doc0p035,train,42,0,cv_evaluation,no_chatter,0,0.010534745,8
turning,cnn_ae,ver_topk,4p5inchStickout_F_12-Jun-2017_rpm570_doc0p035_window_0003,4p5inchStickout/F_12-Jun-2017_rpm570_doc0p035,train,42,0,cv_evaluation,no_chatter,0,0.0078921905,8
turning,cnn_ae,ver_topk,4p5inchStickout_F_12-Jun-2017_rpm570_doc0p035_window_0004,4p5inchStickout/F_12-Jun-2017_rpm570_doc0p035,train,42,0,cv_evaluation,no_chatter,0,0.006744755,8
turning,cnn_ae,ver_topk,4p5inchStickout_F_12-Jun-2017_rpm570_doc0p035_window_0005,4p5inchStickout/F_12-Jun-2017_rpm570_doc0p035,train,42,0,cv_evaluation,no_chatter,0,0.006097734,8
turning,cnn_ae,ver_topk,4p5inchStickout_F_12-Jun-2017_rpm570_doc0p035_window_0006,4p5inchStickout/F_12-Jun-2017_rpm570_doc0p035,train,42,0,cv_evaluation,no_chatter,0,0.006264907,8
turning,cnn_ae,ver_topk,4p5inchStickout_F_12-Jun-2017_rpm570_doc0p035_window_0007,4p5inchStickout/F_12-Jun-2017_rpm570_doc0p035,train,42,0,cv_evaluation,no_chatter,0,0.0057367086,8
turning,cnn_ae,ver_topk,4p5inchStickout_F_12-Jun-2017_rpm570_doc0p035_window_0008,4p5inchStickout/F_12-Jun-2017_rpm570_doc0p035,train,42,0,cv_evaluation,no_chatter,0,0.0055330046,8
turning,cnn_ae,ver_topk,4p5inchStickout_F_12-Jun-2017_rpm570_doc0p035_window_0009,4p5inchStickout/F_12-Jun-2017_rpm570_doc0p035,train,42,0,cv_evaluation,no_chatter,0,0.0059299734,8
turning,cnn_ae,ver_topk,4p5inchStickout_F_12-Jun-2017_rpm570_doc0p035_window_0010,4p5inchStickout/F_12-Jun-2017_rpm570_doc0p035,validation,42,0,cv_evaluation,no_chatter,0,0.0043412284,8
turning,cnn_ae,ver_topk,4p5inchStickout_F_12-Jun-2017_rpm570_doc0p035_window_0011,4p5inchStickout/F_12-Jun-2017_rpm570_doc0p035,train,42,0,cv_evaluation,no_chatter,0,0.0043745018,8
turning,cnn_ae,ver_topk,4p5inchStickout_F_13-Jun-2017_rpm1030_doc0p005_window_0000,4p5inchStickout/F_13-Jun-2017_rpm1030_doc0p005,train,42,0,cv_evaluation,no_chatter,0,0.0043699644,8
turning,cnn_ae,ver_topk,4p5inchStickout_F_13-Jun-2017_rpm1030_doc0p005_window_0001,4p5inchStickout/F_13-Jun-2017_rpm1030_doc0p005,test,42,0,cv_evaluation,no_chatter,0,0.010749408,8
turning,cnn_ae,ver_topk,4p5inchStickout_F_13-Jun-2017_rpm1030_doc0p005_window_0002,4p5inchStickout/F_13-Jun-2017_rpm1030_doc0p005,test,42,0,cv_evaluation,no_chatter,0,0.009781237,8
turning,cnn_ae,ver_topk,4p5inchStickout_F_13-Jun-2017_rpm1030_doc0p005_window_0003,4p5inchStickout/F_13-Jun-2017_rpm1030_doc0p005,train,42,0,cv_evaluation,no_chatter,0,0.012121885,8
turning,cnn_ae,ver_topk,4p5inchStickout_F_13-Jun-2017_rpm1030_doc0p014_window_0000,4p5inchStickout/F_13-Jun-2017_rpm1030_doc0p014,train,42,0,cv_evaluation,no_chatter,0,0.0044174623,8
turning,cnn_ae,ver_topk,4p5inchStickout_F_13-Jun-2017_rpm1030_doc0p014_window_0001,4p5inchStickout/F_13-Jun-2017_rpm1030_doc0p014,train,42,0,cv_evaluation,no_chatter,0,0.014118756,8
turning,cnn_ae,ver_topk,4p5inchStickout_F_13-Jun-2017_rpm1030_doc0p014_window_0002,4p5inchStickout/F_13-Jun-2017_rpm1030_doc0p014,validation,42,0,cv_evaluation,no_chatter,0,0.014566948,8
turning,cnn_ae,ver_topk,4p5inchStickout_F_13-Jun-2017_rpm1030_doc0p014_window_0003,4p5inchStickout/F_13-Jun-2017_rpm1030_doc0p014,train,42,0,cv_evaluation,no_chatter,0,0.009021638,8
turning,cnn_ae,ver_topk,4p5inchStickout_F_13-Jun-2017_rpm770_doc0p015_window_0000,4p5inchStickout/F_13-Jun-2017_rpm770_doc0p015,train,42,0,cv_evaluation,no_chatter,0,0.0043621454,8
turning,cnn_ae,ver_topk,4p5inchStickout_F_13-Jun-2017_rpm770_doc0p015_window_0001,4p5inchStickout/F_13-Jun-2017_rpm770_doc0p015,validation,42,0,cv_evaluation,no_chatter,0,0.004042867,8
turning,cnn_ae,ver_topk,4p5inchStickout_F_13-Jun-2017_rpm770_doc0p015_window_0002,4p5inchStickout/F_13-Jun-2017_rpm770_doc0p015,validation,42,0,cv_evaluation,no_chatter,0,0.0051941965,8
turning,cnn_ae,ver_topk,4p5inchStickout_F_13-Jun-2017_rpm770_doc0p015_window_0003,4p5inchStickout/F_13-Jun-2017_rpm770_doc0p015,train,42,0,cv_evaluation,no_chatter,0,0.0060305633,8
turning,cnn_ae,ver_topk,4p5inchStickout_F_13-Jun-2017_rpm770_doc0p015_window_0004,4p5inchStickout/F_13-Jun-2017_rpm770_doc0p015,validation,42,0,cv_evaluation,no_chatter,0,0.0074826465,8
turning,cnn_ae,ver_topk,4p5inchStickout_F_13-Jun-2017_rpm770_doc0p015_window_0005,4p5inchStickout/F_13-Jun-2017_rpm770_doc0p015,validation,42,0,cv_evaluation,no_chatter,0,0.005319048,8
turning,cnn_ae,global_mse,2inchStickout_F_08-Jun-2017_rpm1030_doc0p001_window_0000,2inchStickout/F_08-Jun-2017_rpm1030_doc0p001,train,42,1,cv_evaluation,no_chatter,0,0.0050501856,8
turning,cnn_ae,global_mse,2inchStickout_F_08-Jun-2017_rpm1030_doc0p001_window_0001,2inchStickout/F_08-Jun-2017_rpm1030_doc0p001,validation,42,1,cv_evaluation,chatter,1,0.10173129,8
turning,cnn_ae,global_mse,2inchStickout_F_08-Jun-2017_rpm1030_doc0p001_window_0002,2inchStickout/F_08-Jun-2017_rpm1030_doc0p001,validation,42,1,cv_evaluation,chatter,1,0.11522878,8
turning,cnn_ae,global_mse,2inchStickout_F_08-Jun-2017_rpm1030_doc0p001_window_0003,2inchStickout/F_08-Jun-2017_rpm1030_doc0p001,validation,42,1,cv_evaluation,chatter,1,0.13558401,8
turning,cnn_ae,global_mse,2inchStickout_F_08-Jun-2017_rpm320_doc0p010_window_0000,2inchStickout/F_08-Jun-2017_rpm320_doc0p010,train,42,1,cv_evaluation,no_chatter,0,0.0032523721,8
turning,cnn_ae,global_mse,2inchStickout_F_08-Jun-2017_rpm320_doc0p010_window_0001,2inchStickout/F_08-Jun-2017_rpm320_doc0p010,train,42,1,cv_evaluation,no_chatter,0,0.0032155563,8
turning,cnn_ae,global_mse,2inchStickout_F_08-Jun-2017_rpm320_doc0p010_window_0002,2inchStickout/F_08-Jun-2017_rpm320_doc0p010,train,42,1,cv_evaluation,no_chatter,0,0.0032176443,8
turning,cnn_ae,global_mse,2inchStickout_F_08-Jun-2017_rpm320_doc0p010_window_0003,2inchStickout/F_08-Jun-2017_rpm320_doc0p010,train,42,1,cv_evaluation,no_chatter,0,0.0033270854,8
turning,cnn_ae,global_mse,2inchStickout_F_08-Jun-2017_rpm320_doc0p010_window_0004,2inchStickout/F_08-Jun-2017_rpm320_doc0p010,train,42,1,cv_evaluation,no_chatter,0,0.003173034,8
turning,cnn_ae,global_mse,2inchStickout_F_08-Jun-2017_rpm320_doc0p010_window_0005,2inchStickout/F_08-Jun-2017_rpm320_doc0p010,validation,42,1,cv_evaluation,no_chatter,0,0.0028515793,8
turning,cnn_ae,global_mse,2inchStickout_F_08-Jun-2017_rpm320_doc0p010_window_0006,2inchStickout/F_08-Jun-2017_rpm320_doc0p010,validation,42,1,cv_evaluation,no_chatter,0,0.003067609,8
turning,cnn_ae,global_mse,2inchStickout_F_08-Jun-2017_rpm320_doc0p010_window_0007,2inchStickout/F_08-Jun-2017_rpm320_doc0p010,train,42,1,cv_evaluation,no_chatter,0,0.0037630913,8
turning,cnn_ae,global_mse,2inchStickout_F_08-Jun-2017_rpm320_doc0p010_window_0008,2inchStickout/F_08-Jun-2017_rpm320_doc0p010,validation,42,1,cv_evaluation,no_chatter,0,0.0046809516,8
turning,cnn_ae,global_mse,2inchStickout_F_08-Jun-2017_rpm320_doc0p010_window_0009,2inchStickout/F_08-Jun-2017_rpm320_doc0p010,train,42,1,cv_evaluation,no_chatter,0,0.012441382,8
turning,cnn_ae,global_mse,2inchStickout_F_08-Jun-2017_rpm320_doc0p010_window_0010,2inchStickout/F_08-Jun-2017_rpm320_doc0p010,train,42,1,cv_evaluation,no_chatter,0,0.01845074,8
turning,cnn_ae,global_mse,2inchStickout_F_08-Jun-2017_rpm320_doc0p010_window_0011,2inchStickout/F_08-Jun-2017_rpm320_doc0p010,validation,42,1,cv_evaluation,no_chatter,0,0.014233213,8
turning,cnn_ae,global_mse,2inchStickout_F_08-Jun-2017_rpm320_doc0p010_window_0012,2inchStickout/F_08-Jun-2017_rpm320_doc0p010,train,42,1,cv_evaluation,no_chatter,0,0.008691608,8
turning,cnn_ae,global_mse,2inchStickout_F_08-Jun-2017_rpm320_doc0p010_window_0013,2inchStickout/F_08-Jun-2017_rpm320_doc0p010,validation,42,1,cv_evaluation,no_chatter,0,0.011865509,8
turning,cnn_ae,global_mse,2inchStickout_F_08-Jun-2017_rpm320_doc0p010_window_0014,2inchStickout/F_08-Jun-2017_rpm320_doc0p010,train,42,1,cv_evaluation,no_chatter,0,0.009866046,8
turning,cnn_ae,global_mse,2inchStickout_F_08-Jun-2017_rpm320_doc0p010_window_0015,2inchStickout/F_08-Jun-2017_rpm320_doc0p010,train,42,1,cv_evaluation,no_chatter,0,0.006705618,8
turning,cnn_ae,global_mse,2inchStickout_F_08-Jun-2017_rpm320_doc0p010_window_0016,2inchStickout/F_08-Jun-2017_rpm320_doc0p010,train,42,1,cv_evaluation,no_chatter,0,0.0076133166,8
turning,cnn_ae,global_mse,2inchStickout_F_08-Jun-2017_rpm320_doc0p010_window_0017,2inchStickout/F_08-Jun-2017_rpm320_doc0p010,train,42,1,cv_evaluation,no_chatter,0,0.0066592097,8
turning,cnn_ae,global_mse,2inchStickout_F_08-Jun-2017_rpm320_doc0p010_window_0018,2inchStickout/F_08-Jun-2017_rpm320_doc0p010,train,42,1,cv_evaluation,no_chatter,0,0.0064074984,8
turning,cnn_ae,global_mse,2inchStickout_F_08-Jun-2017_rpm320_doc0p010_window_0019,2inchStickout/F_08-Jun-2017_rpm320_doc0p010,train,42,1,cv_evaluation,no_chatter,0,0.0057684463,8
turning,cnn_ae,global_mse,2inchStickout_F_08-Jun-2017_rpm320_doc0p010_window_0020,2inchStickout/F_08-Jun-2017_rpm320_doc0p010,train,42,1,cv_evaluation,no_chatter,0,0.004942968,8
turning,cnn_ae,global_mse,2inchStickout_F_08-Jun-2017_rpm320_doc0p010_window_0021,2inchStickout/F_08-Jun-2017_rpm320_doc0p010,train,42,1,cv_evaluation,no_chatter,0,0.0062820762,8
turning,cnn_ae,global_mse,2inchStickout_F_08-Jun-2017_rpm320_doc0p010_window_0022,2inchStickout/F_08-Jun-2017_rpm320_doc0p010,train,42,1,cv_evaluation,no_chatter,0,0.00758179,8
turning,cnn_ae,global_mse,2inchStickout_F_08-Jun-2017_rpm320_doc0p010_window_0023,2inchStickout/F_08-Jun-2017_rpm320_doc0p010,train,42,1,cv_evaluation,no_chatter,0,0.0055128094,8
turning,cnn_ae,global_mse,2inchStickout_F_08-Jun-2017_rpm320_doc0p045_window_0000,2inchStickout/F_08-Jun-2017_rpm320_doc0p045,train,42,1,cv_evaluation,no_chatter,0,0.0033793007,8
turning,cnn_ae,global_mse,2inchStickout_F_08-Jun-2017_rpm320_doc0p045_window_0001,2inchStickout/F_08-Jun-2017_rpm320_doc0p045,train,42,1,cv_evaluation,no_chatter,0,0.003515754,8
turning,cnn_ae,global_mse,2inchStickout_F_08-Jun-2017_rpm320_doc0p045_window_0002,2inchStickout/F_08-Jun-2017_rpm320_doc0p045,train,42,1,cv_evaluation,no_chatter,0,0.0041065556,8
turning,cnn_ae,global_mse,2inchStickout_F_08-Jun-2017_rpm320_doc0p045_window_0003,2inchStickout/F_08-Jun-2017_rpm320_doc0p045,train,42,1,cv_evaluation,no_chatter,0,0.004583227,8
turning,cnn_ae,global_mse,2inchStickout_F_08-Jun-2017_rpm320_doc0p045_window_0004,2inchStickout/F_08-Jun-2017_rpm320_doc0p045,train,42,1,cv_evaluation,no_chatter,0,0.0056782886,8
turning,cnn_ae,global_mse,2inchStickout_F_08-Jun-2017_rpm320_doc0p045_window_0005,2inchStickout/F_08-Jun-2017_rpm320_doc0p045,train,42,1,cv_evaluation,no_chatter,0,0.007246168,8
turning,cnn_ae,global_mse,2inchStickout_F_08-Jun-2017_rpm320_doc0p045_window_0006,2inchStickout/F_08-Jun-2017_rpm320_doc0p045,train,42,1,cv_evaluation,no_chatter,0,0.0077607436,8
turning,cnn_ae,global_mse,2inchStickout_F_08-Jun-2017_rpm320_doc0p045_window_0007,2inchStickout/F_08-Jun-2017_rpm320_doc0p045,train,42,1,cv_evaluation,no_chatter,0,0.007624433,8
turning,cnn_ae,global_mse,2inchStickout_F_08-Jun-2017_rpm320_doc0p045_window_0008,2inchStickout/F_08-Jun-2017_rpm320_doc0p045,train,42,1,cv_evaluation,no_chatter,0,0.0071358737,8
turning,cnn_ae,global_mse,2inchStickout_F_08-Jun-2017_rpm320_doc0p045_window_0009,2inchStickout/F_08-Jun-2017_rpm320_doc0p045,validation,42,1,cv_evaluation,no_chatter,0,0.0071205953,8
turning,cnn_ae,global_mse,2inchStickout_F_08-Jun-2017_rpm320_doc0p045_window_0010,2inchStickout/F_08-Jun-2017_rpm320_doc0p045,train,42,1,cv_evaluation,no_chatter,0,0.006070611,8
turning,cnn_ae,global_mse,2inchStickout_F_08-Jun-2017_rpm320_doc0p045_window_0011,2inchStickout/F_08-Jun-2017_rpm320_doc0p045,train,42,1,cv_evaluation,no_chatter,0,0.005386329,8
turning,cnn_ae,global_mse,2inchStickout_F_08-Jun-2017_rpm320_doc0p045_window_0012,2inchStickout/F_08-Jun-2017_rpm320_doc0p045,train,42,1,cv_evaluation,no_chatter,0,0.0049125585,8
turning,cnn_ae,global_mse,2inchStickout_F_08-Jun-2017_rpm320_doc0p045_window_0013,2inchStickout/F_08-Jun-2017_rpm320_doc0p045,train,42,1,cv_evaluation,no_chatter,0,0.0044928878,8
turning,cnn_ae,global_mse,2inchStickout_F_08-Jun-2017_rpm320_doc0p045_window_0014,2inchStickout/F_08-Jun-2017_rpm320_doc0p045,train,42,1,cv_evaluation,no_chatter,0,0.0040541915,8
turning,cnn_ae,global_mse,2inchStickout_F_08-Jun-2017_rpm320_doc0p045_window_0015,2inchStickout/F_08-Jun-2017_rpm320_doc0p045,validation,42,1,cv_evaluation,no_chatter,0,0.003725867,8
turning,cnn_ae,global_mse,2inchStickout_F_08-Jun-2017_rpm320_doc0p045_window_0016,2inchStickout/F_08-Jun-2017_rpm320_doc0p045,validation,42,1,cv_evaluation,no_chatter,0,0.0037453491,8
turning,cnn_ae,global_mse,2inchStickout_F_08-Jun-2017_rpm320_doc0p045_window_0017,2inchStickout/F_08-Jun-2017_rpm320_doc0p045,validation,42,1,cv_evaluation,no_chatter,0,0.003947518,8
turning,cnn_ae,global_mse,2inchStickout_F_08-Jun-2017_rpm320_doc0p045_window_0018,2inchStickout/F_08-Jun-2017_rpm320_doc0p045,train,42,1,cv_evaluation,no_chatter,0,0.0051049786,8
turning,cnn_ae,global_mse,2inchStickout_F_08-Jun-2017_rpm320_doc0p045_window_0019,2inchStickout/F_08-Jun-2017_rpm320_doc0p045,train,42,1,cv_evaluation,no_chatter,0,0.007172588,8
turning,cnn_ae,global_mse,2inchStickout_F_08-Jun-2017_rpm320_doc0p045_window_0020,2inchStickout/F_08-Jun-2017_rpm320_doc0p045,train,42,1,cv_evaluation,no_chatter,0,0.0071640536,8
turning,cnn_ae,global_mse,2inchStickout_F_08-Jun-2017_rpm320_doc0p045_window_0021,2inchStickout/F_08-Jun-2017_rpm320_doc0p045,train,42,1,cv_evaluation,no_chatter,0,0.00882273,8
turning,cnn_ae,global_mse,2inchStickout_F_08-Jun-2017_rpm320_doc0p045_window_0022,2inchStickout/F_08-Jun-2017_rpm320_doc0p045,train,42,1,cv_evaluation,no_chatter,0,0.0061886786,8
turning,cnn_ae,global_mse,2inchStickout_F_08-Jun-2017_rpm320_doc0p045_window_0023,2inchStickout/F_08-Jun-2017_rpm320_doc0p045,train,42,1,cv_evaluation,no_chatter,0,0.0058187037,8
turning,cnn_ae,global_mse,2inchStickout_F_08-Jun-2017_rpm320_doc0p060_xAccDetached_window_0000,2inchStickout/F_08-Jun-2017_rpm320_doc0p060_xAccDetached,train,42,1,cv_evaluation,no_chatter,0,0.0033351416,8
turning,cnn_ae,global_mse,2inchStickout_F_08-Jun-2017_rpm320_doc0p060_xAccDetached_window_0001,2inchStickout/F_08-Jun-2017_rpm320_doc0p060_xAccDetached,train,42,1,cv_evaluation,no_chatter,0,0.003431651,8
turning,cnn_ae,global_mse,2inchStickout_F_08-Jun-2017_rpm320_doc0p060_xAccDetached_window_0002,2inchStickout/F_08-Jun-2017_rpm320_doc0p060_xAccDetached,train,42,1,cv_evaluation,no_chatter,0,0.0047079986,8
turning,cnn_ae,global_mse,2inchStickout_F_08-Jun-2017_rpm320_doc0p060_xAccDetached_window_0003,2inchStickout/F_08-Jun-2017_rpm320_doc0p060_xAccDetached,validation,42,1,cv_evaluation,no_chatter,0,0.0036689416,8
turning,cnn_ae,global_mse,2inchStickout_F_08-Jun-2017_rpm320_doc0p060_xAccDetached_window_0004,2inchStickout/F_08-Jun-2017_rpm320_doc0p060_xAccDetached,train,42,1,cv_evaluation,no_chatter,0,0.0042037647,8
turning,cnn_ae,global_mse,2inchStickout_F_08-Jun-2017_rpm320_doc0p060_xAccDetached_window_0005,2inchStickout/F_08-Jun-2017_rpm320_doc0p060_xAccDetached,train,42,1,cv_evaluation,no_chatter,0,0.0042151413,8
turning,cnn_ae,global_mse,2inchStickout_F_08-Jun-2017_rpm320_doc0p060_xAccDetached_window_0006,2inchStickout/F_08-Jun-2017_rpm320_doc0p060_xAccDetached,train,42,1,cv_evaluation,no_chatter,0,0.0043805246,8
turning,cnn_ae,global_mse,2inchStickout_F_08-Jun-2017_rpm320_doc0p060_xAccDetached_window_0007,2inchStickout/F_08-Jun-2017_rpm320_doc0p060_xAccDetached,train,42,1,cv_evaluation,no_chatter,0,0.004576624,8
turning,cnn_ae,global_mse,2inchStickout_F_08-Jun-2017_rpm320_doc0p060_xAccDetached_window_0008,2inchStickout/F_08-Jun-2017_rpm320_doc0p060_xAccDetached,train,42,1,cv_evaluation,no_chatter,0,0.0049267076,8
turning,cnn_ae,global_mse,2inchStickout_F_08-Jun-2017_rpm320_doc0p060_xAccDetached_window_0009,2inchStickout/F_08-Jun-2017_rpm320_doc0p060_xAccDetached,train,42,1,cv_evaluation,no_chatter,0,0.0046009202,8
turning,cnn_ae,global_mse,2inchStickout_F_08-Jun-2017_rpm320_doc0p060_xAccDetached_window_0010,2inchStickout/F_08-Jun-2017_rpm320_doc0p060_xAccDetached,train,42,1,cv_evaluation,no_chatter,0,0.004255784,8
turning,cnn_ae,global_mse,2inchStickout_F_08-Jun-2017_rpm320_doc0p060_xAccDetached_window_0011,2inchStickout/F_08-Jun-2017_rpm320_doc0p060_xAccDetached,train,42,1,cv_evaluation,no_chatter,0,0.0037388923,8
turning,cnn_ae,global_mse,2inchStickout_F_08-Jun-2017_rpm425_doc0p025_window_0000,2inchStickout/F_08-Jun-2017_rpm425_doc0p025,train,42,1,cv_evaluation,no_chatter,0,0.0037106937,8
turning,cnn_ae,global_mse,2inchStickout_F_08-Jun-2017_rpm425_doc0p025_window_0001,2inchStickout/F_08-Jun-2017_rpm425_doc0p025,train,42,1,cv_evaluation,no_chatter,0,0.0037880733,8
turning,cnn_ae,global_mse,2inchStickout_F_08-Jun-2017_rpm425_doc0p025_window_0002,2inchStickout/F_08-Jun-2017_rpm425_doc0p025,test,42,1,cv_evaluation,no_chatter,0,0.004437536,8
turning,cnn_ae,global_mse,2inchStickout_F_08-Jun-2017_rpm425_doc0p025_window_0003,2inchStickout/F_08-Jun-2017_rpm425_doc0p025,train,42,1,cv_evaluation,no_chatter,0,0.010951346,8
turning,cnn_ae,global_mse,2inchStickout_F_08-Jun-2017_rpm425_doc0p025_window_0004,2inchStickout/F_08-Jun-2017_rpm425_doc0p025,validation,42,1,cv_evaluation,chatter,1,0.031927742,8
turning,cnn_ae,global_mse,2inchStickout_F_08-Jun-2017_rpm425_doc0p025_window_0005,2inchStickout/F_08-Jun-2017_rpm425_doc0p025,validation,42,1,cv_evaluation,chatter,1,0.03484512,8
turning,cnn_ae,global_mse,2inchStickout_F_08-Jun-2017_rpm425_doc0p025_window_0006,2inchStickout/F_08-Jun-2017_rpm425_doc0p025,validation,42,1,cv_evaluation,chatter,1,0.034750696,8
turning,cnn_ae,global_mse,2inchStickout_F_08-Jun-2017_rpm425_doc0p025_window_0007,2inchStickout/F_08-Jun-2017_rpm425_doc0p025,validation,42,1,cv_evaluation,chatter,1,0.028754042,8
turning,cnn_ae,global_mse,2inchStickout_F_08-Jun-2017_rpm570_doc0p002_window_0000,2inchStickout/F_08-Jun-2017_rpm570_doc0p002,train,42,1,cv_evaluation,no_chatter,0,0.0038011053,8
turning,cnn_ae,global_mse,2inchStickout_F_08-Jun-2017_rpm570_doc0p002_window_0001,2inchStickout/F_08-Jun-2017_rpm570_doc0p002,train,42,1,cv_evaluation,no_chatter,0,0.004336686,8
turning,cnn_ae,global_mse,2inchStickout_F_08-Jun-2017_rpm570_doc0p002_window_0002,2inchStickout/F_08-Jun-2017_rpm570_doc0p002,test,42,1,cv_evaluation,chatter,1,0.014290129,8
turning,cnn_ae,global_mse,2inchStickout_F_08-Jun-2017_rpm570_doc0p002_window_0003,2inchStickout/F_08-Jun-2017_rpm570_doc0p002,test,42,1,cv_evaluation,chatter,1,0.031411003,8
turning,cnn_ae,global_mse,2inchStickout_F_08-Jun-2017_rpm570_doc0p002_window_0004,2inchStickout/F_08-Jun-2017_rpm570_doc0p002,train,42,1,cv_evaluation,no_chatter,0,0.015977552,8
turning,cnn_ae,global_mse,2inchStickout_F_08-Jun-2017_rpm570_doc0p002_window_0005,2inchStickout/F_08-Jun-2017_rpm570_doc0p002,train,42,1,cv_evaluation,no_chatter,0,0.035187833,8
turning,cnn_ae,global_mse,2inchStickout_F_08-Jun-2017_rpm570_doc0p005_window_0000,2inchStickout/F_08-Jun-2017_rpm570_doc0p005,train,42,1,cv_evaluation,no_chatter,0,0.003989263,8
turning,cnn_ae,global_mse,2inchStickout_F_08-Jun-2017_rpm570_doc0p005_window_0001,2inchStickout/F_08-Jun-2017_rpm570_doc0p005,test,42,1,cv_evaluation,no_chatter,0,0.0047555785,8
turning,cnn_ae,global_mse,2inchStickout_F_08-Jun-2017_rpm570_doc0p005_window_0002,2inchStickout/F_08-Jun-2017_rpm570_doc0p005,test,42,1,cv_evaluation,chatter,1,0.019783676,8
turning,cnn_ae,global_mse,2inchStickout_F_08-Jun-2017_rpm570_doc0p005_window_0003,2inchStickout/F_08-Jun-2017_rpm570_doc0p005,train,42,1,cv_evaluation,no_chatter,0,0.013562591,8
turning,cnn_ae,global_mse,2p5inchStickout_F_12-Jun-2017_rpm570_doc0p012_window_0000,2p5inchStickout/F_12-Jun-2017_rpm570_doc0p012,train,42,1,cv_evaluation,no_chatter,0,0.0033085907,8
turning,cnn_ae,global_mse,2p5inchStickout_F_12-Jun-2017_rpm570_doc0p012_window_0001,2p5inchStickout/F_12-Jun-2017_rpm570_doc0p012,train,42,1,cv_evaluation,no_chatter,0,0.007519772,8
turning,cnn_ae,global_mse,2p5inchStickout_F_12-Jun-2017_rpm570_doc0p012_window_0002,2p5inchStickout/F_12-Jun-2017_rpm570_doc0p012,test,42,1,cv_evaluation,chatter,1,0.01798695,8
turning,cnn_ae,global_mse,2p5inchStickout_F_12-Jun-2017_rpm570_doc0p012_window_0003,2p5inchStickout/F_12-Jun-2017_rpm570_doc0p012,train,42,1,cv_evaluation,no_chatter,0,0.011914394,8
turning,cnn_ae,global_mse,2p5inchStickout_F_12-Jun-2017_rpm570_doc0p012_window_0004,2p5inchStickout/F_12-Jun-2017_rpm570_doc0p012,train,42,1,cv_evaluation,no_chatter,0,0.01155941,8
turning,cnn_ae,global_mse,2p5inchStickout_F_12-Jun-2017_rpm570_doc0p012_window_0005,2p5inchStickout/F_12-Jun-2017_rpm570_doc0p012,train,42,1,cv_evaluation,no_chatter,0,0.013611609,8
turning,cnn_ae,global_mse,2p5inchStickout_F_12-Jun-2017_rpm570_doc0p012_window_0006,2p5inchStickout/F_12-Jun-2017_rpm570_doc0p012,validation,42,1,cv_evaluation,no_chatter,0,0.009188192,8
turning,cnn_ae,global_mse,2p5inchStickout_F_12-Jun-2017_rpm570_doc0p012_window_0007,2p5inchStickout/F_12-Jun-2017_rpm570_doc0p012,train,42,1,cv_evaluation,no_chatter,0,0.00883718,8
turning,cnn_ae,global_mse,2p5inchStickout_F_12-Jun-2017_rpm570_doc0p012_window_0008,2p5inchStickout/F_12-Jun-2017_rpm570_doc0p012,validation,42,1,cv_evaluation,no_chatter,0,0.009048142,8
turning,cnn_ae,global_mse,2p5inchStickout_F_12-Jun-2017_rpm570_doc0p012_window_0009,2p5inchStickout/F_12-Jun-2017_rpm570_doc0p012,validation,42,1,cv_evaluation,no_chatter,0,0.008650152,8
turning,cnn_ae,global_mse,2p5inchStickout_F_12-Jun-2017_rpm570_doc0p014_window_0000,2p5inchStickout/F_12-Jun-2017_rpm570_doc0p014,train,42,1,cv_evaluation,no_chatter,0,0.003265663,8
turning,cnn_ae,global_mse,2p5inchStickout_F_12-Jun-2017_rpm570_doc0p014_window_0001,2p5inchStickout/F_12-Jun-2017_rpm570_doc0p014,train,42,1,cv_evaluation,no_chatter,0,0.0047988994,8
turning,cnn_ae,global_mse,2p5inchStickout_F_12-Jun-2017_rpm570_doc0p014_window_0002,2p5inchStickout/F_12-Jun-2017_rpm570_doc0p014,train,42,1,cv_evaluation,no_chatter,0,0.016263181,8
turning,cnn_ae,global_mse,2p5inchStickout_F_12-Jun-2017_rpm570_doc0p014_window_0003,2p5inchStickout/F_12-Jun-2017_rpm570_doc0p014,validation,42,1,cv_evaluation,no_chatter,0,0.012105531,8
turning,cnn_ae,global_mse,2p5inchStickout_F_12-Jun-2017_rpm570_doc0p014_window_0004,2p5inchStickout/F_12-Jun-2017_rpm570_doc0p014,validation,42,1,cv_evaluation,no_chatter,0,0.0110272765,8
turning,cnn_ae,global_mse,2p5inchStickout_F_12-Jun-2017_rpm570_doc0p014_window_0005,2p5inchStickout/F_12-Jun-2017_rpm570_doc0p014,validation,42,1,cv_evaluation,no_chatter,0,0.010474531,8
turning,cnn_ae,global_mse,2p5inchStickout_F_12-Jun-2017_rpm770_doc0p005_window_0000,2p5inchStickout/F_12-Jun-2017_rpm770_doc0p005,train,42,1,cv_evaluation,no_chatter,0,0.0035748892,8
turning,cnn_ae,global_mse,2p5inchStickout_F_12-Jun-2017_rpm770_doc0p005_window_0001,2p5inchStickout/F_12-Jun-2017_rpm770_doc0p005,train,42,1,cv_evaluation,no_chatter,0,0.021903913,8
turning,cnn_ae,global_mse,2p5inchStickout_F_12-Jun-2017_rpm770_doc0p005_window_0002,2p5inchStickout/F_12-Jun-2017_rpm770_doc0p005,train,42,1,cv_evaluation,no_chatter,0,0.008523342,8
turning,cnn_ae,global_mse,2p5inchStickout_F_12-Jun-2017_rpm770_doc0p005_window_0003,2p5inchStickout/F_12-Jun-2017_rpm770_doc0p005,train,42,1,cv_evaluation,no_chatter,0,0.016697388,8
turning,cnn_ae,global_mse,3p5inchStickout_F_12-Jun-2017_rpm570_doc0p025_window_0000,3p5inchStickout/F_12-Jun-2017_rpm570_doc0p025,validation,42,1,cv_evaluation,no_chatter,0,0.002729994,8
turning,cnn_ae,global_mse,3p5inchStickout_F_12-Jun-2017_rpm570_doc0p025_window_0001,3p5inchStickout/F_12-Jun-2017_rpm570_doc0p025,train,42,1,cv_evaluation,no_chatter,0,0.003374016,8
turning,cnn_ae,global_mse,3p5inchStickout_F_12-Jun-2017_rpm570_doc0p025_window_0002,3p5inchStickout/F_12-Jun-2017_rpm570_doc0p025,train,42,1,cv_evaluation,no_chatter,0,0.005599547,8
turning,cnn_ae,global_mse,3p5inchStickout_F_12-Jun-2017_rpm570_doc0p025_window_0003,3p5inchStickout/F_12-Jun-2017_rpm570_doc0p025,validation,42,1,cv_evaluation,no_chatter,0,0.0075707277,8
turning,cnn_ae,global_mse,3p5inchStickout_F_12-Jun-2017_rpm570_doc0p025_window_0004,3p5inchStickout/F_12-Jun-2017_rpm570_doc0p025,train,42,1,cv_evaluation,no_chatter,0,0.0069456873,8
turning,cnn_ae,global_mse,3p5inchStickout_F_12-Jun-2017_rpm570_doc0p025_window_0005,3p5inchStickout/F_12-Jun-2017_rpm570_doc0p025,train,42,1,cv_evaluation,no_chatter,0,0.01054714,8
turning,cnn_ae,global_mse,3p5inchStickout_F_12-Jun-2017_rpm570_doc0p025_window_0006,3p5inchStickout/F_12-Jun-2017_rpm570_doc0p025,train,42,1,cv_evaluation,no_chatter,0,0.010454691,8
turning,cnn_ae,global_mse,3p5inchStickout_F_12-Jun-2017_rpm570_doc0p025_window_0007,3p5inchStickout/F_12-Jun-2017_rpm570_doc0p025,train,42,1,cv_evaluation,no_chatter,0,0.009366759,8
turning,cnn_ae,global_mse,3p5inchStickout_F_12-Jun-2017_rpm570_doc0p025_window_0008,3p5inchStickout/F_12-Jun-2017_rpm570_doc0p025,train,42,1,cv_evaluation,no_chatter,0,0.008125069,8
turning,cnn_ae,global_mse,3p5inchStickout_F_12-Jun-2017_rpm570_doc0p025_window_0009,3p5inchStickout/F_12-Jun-2017_rpm570_doc0p025,train,42,1,cv_evaluation,no_chatter,0,0.008856047,8
turning,cnn_ae,global_mse,3p5inchStickout_F_14-Jun-2017_rpm1030_doc0p002_window_0000,3p5inchStickout/F_14-Jun-2017_rpm1030_doc0p002,train,42,1,cv_evaluation,no_chatter,0,0.0027029202,8
turning,cnn_ae,global_mse,3p5inchStickout_F_14-Jun-2017_rpm1030_doc0p002_window_0001,3p5inchStickout/F_14-Jun-2017_rpm1030_doc0p002,train,42,1,cv_evaluation,no_chatter,0,0.039826866,8
turning,cnn_ae,global_mse,3p5inchStickout_F_14-Jun-2017_rpm1030_doc0p002_window_0002,3p5inchStickout/F_14-Jun-2017_rpm1030_doc0p002,train,42,1,cv_evaluation,no_chatter,0,0.052603777,8
turning,cnn_ae,global_mse,3p5inchStickout_F_14-Jun-2017_rpm770_doc0p010_window_0000,3p5inchStickout/F_14-Jun-2017_rpm770_doc0p010,train,42,1,cv_evaluation,no_chatter,0,0.0028599165,8
turning,cnn_ae,global_mse,3p5inchStickout_F_14-Jun-2017_rpm770_doc0p010_window_0001,3p5inchStickout/F_14-Jun-2017_rpm770_doc0p010,train,42,1,cv_evaluation,no_chatter,0,0.0041597434,8
turning,cnn_ae,global_mse,3p5inchStickout_F_14-Jun-2017_rpm770_doc0p010_window_0002,3p5inchStickout/F_14-Jun-2017_rpm770_doc0p010,train,42,1,cv_evaluation,no_chatter,0,0.018101089,8
turning,cnn_ae,global_mse,3p5inchStickout_F_14-Jun-2017_rpm770_doc0p010_window_0003,3p5inchStickout/F_14-Jun-2017_rpm770_doc0p010,train,42,1,cv_evaluation,no_chatter,0,0.017684048,8
turning,cnn_ae,global_mse,4p5inchStickout_F_12-Jun-2017_rpm570_doc0p040_window_0000,4p5inchStickout/F_12-Jun-2017_rpm570_doc0p040,train,42,1,cv_evaluation,no_chatter,0,0.0028955296,8
turning,cnn_ae,global_mse,4p5inchStickout_F_12-Jun-2017_rpm570_doc0p040_window_0001,4p5inchStickout/F_12-Jun-2017_rpm570_doc0p040,train,42,1,cv_evaluation,no_chatter,0,0.002810718,8
turning,cnn_ae,global_mse,4p5inchStickout_F_12-Jun-2017_rpm570_doc0p040_window_0002,4p5inchStickout/F_12-Jun-2017_rpm570_doc0p040,train,42,1,cv_evaluation,no_chatter,0,0.0027911968,8
turning,cnn_ae,global_mse,4p5inchStickout_F_12-Jun-2017_rpm570_doc0p040_window_0003,4p5inchStickout/F_12-Jun-2017_rpm570_doc0p040,train,42,1,cv_evaluation,no_chatter,0,0.0027881006,8
turning,cnn_ae,global_mse,4p5inchStickout_F_12-Jun-2017_rpm570_doc0p040_window_0004,4p5inchStickout/F_12-Jun-2017_rpm570_doc0p040,train,42,1,cv_evaluation,no_chatter,0,0.0027101345,8
turning,cnn_ae,global_mse,4p5inchStickout_F_12-Jun-2017_rpm570_doc0p040_window_0005,4p5inchStickout/F_12-Jun-2017_rpm570_doc0p040,train,42,1,cv_evaluation,no_chatter,0,0.0034852098,8
turning,cnn_ae,global_mse,4p5inchStickout_F_12-Jun-2017_rpm570_doc0p040_window_0006,4p5inchStickout/F_12-Jun-2017_rpm570_doc0p040,train,42,1,cv_evaluation,no_chatter,0,0.010975824,8
turning,cnn_ae,global_mse,4p5inchStickout_F_12-Jun-2017_rpm570_doc0p040_window_0007,4p5inchStickout/F_12-Jun-2017_rpm570_doc0p040,train,42,1,cv_evaluation,no_chatter,0,0.014693836,8
turning,cnn_ae,global_mse,4p5inchStickout_F_12-Jun-2017_rpm570_doc0p040_window_0008,4p5inchStickout/F_12-Jun-2017_rpm570_doc0p040,train,42,1,cv_evaluation,no_chatter,0,0.013621457,8
turning,cnn_ae,global_mse,4p5inchStickout_F_12-Jun-2017_rpm570_doc0p040_window_0009,4p5inchStickout/F_12-Jun-2017_rpm570_doc0p040,train,42,1,cv_evaluation,no_chatter,0,0.011417727,8
turning,cnn_ae,global_mse,4p5inchStickout_F_12-Jun-2017_rpm570_doc0p040_window_0010,4p5inchStickout/F_12-Jun-2017_rpm570_doc0p040,train,42,1,cv_evaluation,no_chatter,0,0.007852689,8
turning,cnn_ae,global_mse,4p5inchStickout_F_12-Jun-2017_rpm570_doc0p040_window_0011,4p5inchStickout/F_12-Jun-2017_rpm570_doc0p040,train,42,1,cv_evaluation,no_chatter,0,0.00554331,8
turning,cnn_ae,global_mse,4p5inchStickout_F_13-Jun-2017_rpm1030_doc0p015_window_0000,4p5inchStickout/F_13-Jun-2017_rpm1030_doc0p015,train,42,1,cv_evaluation,no_chatter,0,0.0031095387,8
turning,cnn_ae,global_mse,4p5inchStickout_F_13-Jun-2017_rpm1030_doc0p015_window_0001,4p5inchStickout/F_13-Jun-2017_rpm1030_doc0p015,train,42,1,cv_evaluation,no_chatter,0,0.011770331,8
turning,cnn_ae,global_mse,4p5inchStickout_F_13-Jun-2017_rpm1030_doc0p015_window_0002,4p5inchStickout/F_13-Jun-2017_rpm1030_doc0p015,train,42,1,cv_evaluation,no_chatter,0,0.018535526,8
turning,cnn_ae,global_mse,4p5inchStickout_F_13-Jun-2017_rpm1030_doc0p015_window_0003,4p5inchStickout/F_13-Jun-2017_rpm1030_doc0p015,validation,42,1,cv_evaluation,no_chatter,0,0.019469017,8
turning,cnn_ae,global_mae,2inchStickout_F_08-Jun-2017_rpm1030_doc0p001_window_0000,2inchStickout/F_08-Jun-2017_rpm1030_doc0p001,train,42,1,cv_evaluation,no_chatter,0,0.053063706,8
turning,cnn_ae,global_mae,2inchStickout_F_08-Jun-2017_rpm1030_doc0p001_window_0001,2inchStickout/F_08-Jun-2017_rpm1030_doc0p001,validation,42,1,cv_evaluation,chatter,1,0.23325795,8
turning,cnn_ae,global_mae,2inchStickout_F_08-Jun-2017_rpm1030_doc0p001_window_0002,2inchStickout/F_08-Jun-2017_rpm1030_doc0p001,validation,42,1,cv_evaluation,chatter,1,0.25757173,8
turning,cnn_ae,global_mae,2inchStickout_F_08-Jun-2017_rpm1030_doc0p001_window_0003,2inchStickout/F_08-Jun-2017_rpm1030_doc0p001,validation,42,1,cv_evaluation,chatter,1,0.28702104,8
turning,cnn_ae,global_mae,2inchStickout_F_08-Jun-2017_rpm320_doc0p010_window_0000,2inchStickout/F_08-Jun-2017_rpm320_doc0p010,train,42,1,cv_evaluation,no_chatter,0,0.049021624,8
turning,cnn_ae,global_mae,2inchStickout_F_08-Jun-2017_rpm320_doc0p010_window_0001,2inchStickout/F_08-Jun-2017_rpm320_doc0p010,train,42,1,cv_evaluation,no_chatter,0,0.048979063,8
turning,cnn_ae,global_mae,2inchStickout_F_08-Jun-2017_rpm320_doc0p010_window_0002,2inchStickout/F_08-Jun-2017_rpm320_doc0p010,train,42,1,cv_evaluation,no_chatter,0,0.048999973,8
turning,cnn_ae,global_mae,2inchStickout_F_08-Jun-2017_rpm320_doc0p010_window_0003,2inchStickout/F_08-Jun-2017_rpm320_doc0p010,train,42,1,cv_evaluation,no_chatter,0,0.048630524,8
turning,cnn_ae,global_mae,2inchStickout_F_08-Jun-2017_rpm320_doc0p010_window_0004,2inchStickout/F_08-Jun-2017_rpm320_doc0p010,train,42,1,cv_evaluation,no_chatter,0,0.044593766,8
turning,cnn_ae,global_mae,2inchStickout_F_08-Jun-2017_rpm320_doc0p010_window_0005,2inchStickout/F_08-Jun-2017_rpm320_doc0p010,validation,42,1,cv_evaluation,no_chatter,0,0.04256517,8
turning,cnn_ae,global_mae,2inchStickout_F_08-Jun-2017_rpm320_doc0p010_window_0006,2inchStickout/F_08-Jun-2017_rpm320_doc0p010,validation,42,1,cv_evaluation,no_chatter,0,0.04296505,8
turning,cnn_ae,global_mae,2inchStickout_F_08-Jun-2017_rpm320_doc0p010_window_0007,2inchStickout/F_08-Jun-2017_rpm320_doc0p010,train,42,1,cv_evaluation,no_chatter,0,0.045316152,8
turning,cnn_ae,global_mae,2inchStickout_F_08-Jun-2017_rpm320_doc0p010_window_0008,2inchStickout/F_08-Jun-2017_rpm320_doc0p010,validation,42,1,cv_evaluation,no_chatter,0,0.048157107,8
turning,cnn_ae,global_mae,2inchStickout_F_08-Jun-2017_rpm320_doc0p010_window_0009,2inchStickout/F_08-Jun-2017_rpm320_doc0p010,train,42,1,cv_evaluation,no_chatter,0,0.0679782,8
turning,cnn_ae,global_mae,2inchStickout_F_08-Jun-2017_rpm320_doc0p010_window_0010,2inchStickout/F_08-Jun-2017_rpm320_doc0p010,train,42,1,cv_evaluation,no_chatter,0,0.08267879,8
turning,cnn_ae,global_mae,2inchStickout_F_08-Jun-2017_rpm320_doc0p010_window_0011,2inchStickout/F_08-Jun-2017_rpm320_doc0p010,validation,42,1,cv_evaluation,no_chatter,0,0.07295518,8
turning,cnn_ae,global_mae,2inchStickout_F_08-Jun-2017_rpm320_doc0p010_window_0012,2inchStickout/F_08-Jun-2017_rpm320_doc0p010,train,42,1,cv_evaluation,no_chatter,0,0.059685275,8
turning,cnn_ae,global_mae,2inchStickout_F_08-Jun-2017_rpm320_doc0p010_window_0013,2inchStickout/F_08-Jun-2017_rpm320_doc0p010,validation,42,1,cv_evaluation,no_chatter,0,0.0663552,8
turning,cnn_ae,global_mae,2inchStickout_F_08-Jun-2017_rpm320_doc0p010_window_0014,2inchStickout/F_08-Jun-2017_rpm320_doc0p010,train,42,1,cv_evaluation,no_chatter,0,0.061554957,8
turning,cnn_ae,global_mae,2inchStickout_F_08-Jun-2017_rpm320_doc0p010_window_0015,2inchStickout/F_08-Jun-2017_rpm320_doc0p010,train,42,1,cv_evaluation,no_chatter,0,0.053916287,8
turning,cnn_ae,global_mae,2inchStickout_F_08-Jun-2017_rpm320_doc0p010_window_0016,2inchStickout/F_08-Jun-2017_rpm320_doc0p010,train,42,1,cv_evaluation,no_chatter,0,0.05419222,8
turning,cnn_ae,global_mae,2inchStickout_F_08-Jun-2017_rpm320_doc0p010_window_0017,2inchStickout/F_08-Jun-2017_rpm320_doc0p010,train,42,1,cv_evaluation,no_chatter,0,0.051589224,8
turning,cnn_ae,global_mae,2inchStickout_F_08-Jun-2017_rpm320_doc0p010_window_0018,2inchStickout/F_08-Jun-2017_rpm320_doc0p010,train,42,1,cv_evaluation,no_chatter,0,0.05170253,8
turning,cnn_ae,global_mae,2inchStickout_F_08-Jun-2017_rpm320_doc0p010_window_0019,2inchStickout/F_08-Jun-2017_rpm320_doc0p010,train,42,1,cv_evaluation,no_chatter,0,0.049922213,8
turning,cnn_ae,global_mae,2inchStickout_F_08-Jun-2017_rpm320_doc0p010_window_0020,2inchStickout/F_08-Jun-2017_rpm320_doc0p010,train,42,1,cv_evaluation,no_chatter,0,0.047583137,8
turning,cnn_ae,global_mae,2inchStickout_F_08-Jun-2017_rpm320_doc0p010_window_0021,2inchStickout/F_08-Jun-2017_rpm320_doc0p010,train,42,1,cv_evaluation,no_chatter,0,0.051858652,8
turning,cnn_ae,global_mae,2inchStickout_F_08-Jun-2017_rpm320_doc0p010_window_0022,2inchStickout/F_08-Jun-2017_rpm320_doc0p010,train,42,1,cv_evaluation,no_chatter,0,0.05553405,8
turning,cnn_ae,global_mae,2inchStickout_F_08-Jun-2017_rpm320_doc0p010_window_0023,2inchStickout/F_08-Jun-2017_rpm320_doc0p010,train,42,1,cv_evaluation,no_chatter,0,0.049056716,8
turning,cnn_ae,global_mae,2inchStickout_F_08-Jun-2017_rpm320_doc0p045_window_0000,2inchStickout/F_08-Jun-2017_rpm320_doc0p045,train,42,1,cv_evaluation,no_chatter,0,0.049519558,8
turning,cnn_ae,global_mae,2inchStickout_F_08-Jun-2017_rpm320_doc0p045_window_0001,2inchStickout/F_08-Jun-2017_rpm320_doc0p045,train,42,1,cv_evaluation,no_chatter,0,0.049874604,8
turning,cnn_ae,global_mae,2inchStickout_F_08-Jun-2017_rpm320_doc0p045_window_0002,2inchStickout/F_08-Jun-2017_rpm320_doc0p045,train,42,1,cv_evaluation,no_chatter,0,0.050535373,8
turning,cnn_ae,global_mae,2inchStickout_F_08-Jun-2017_rpm320_doc0p045_window_0003,2inchStickout/F_08-Jun-2017_rpm320_doc0p045,train,42,1,cv_evaluation,no_chatter,0,0.04798941,8
turning,cnn_ae,global_mae,2inchStickout_F_08-Jun-2017_rpm320_doc0p045_window_0004,2inchStickout/F_08-Jun-2017_rpm320_doc0p045,train,42,1,cv_evaluation,no_chatter,0,0.049803864,8
turning,cnn_ae,global_mae,2inchStickout_F_08-Jun-2017_rpm320_doc0p045_window_0005,2inchStickout/F_08-Jun-2017_rpm320_doc0p045,train,42,1,cv_evaluation,no_chatter,0,0.054566354,8
turning,cnn_ae,global_mae,2inchStickout_F_08-Jun-2017_rpm320_doc0p045_window_0006,2inchStickout/F_08-Jun-2017_rpm320_doc0p045,train,42,1,cv_evaluation,no_chatter,0,0.056295905,8
turning,cnn_ae,global_mae,2inchStickout_F_08-Jun-2017_rpm320_doc0p045_window_0007,2inchStickout/F_08-Jun-2017_rpm320_doc0p045,train,42,1,cv_evaluation,no_chatter,0,0.05545038,8
turning,cnn_ae,global_mae,2inchStickout_F_08-Jun-2017_rpm320_doc0p045_window_0008,2inchStickout/F_08-Jun-2017_rpm320_doc0p045,train,42,1,cv_evaluation,no_chatter,0,0.053864878,8
turning,cnn_ae,global_mae,2inchStickout_F_08-Jun-2017_rpm320_doc0p045_window_0009,2inchStickout/F_08-Jun-2017_rpm320_doc0p045,validation,42,1,cv_evaluation,no_chatter,0,0.054027896,8
turning,cnn_ae,global_mae,2inchStickout_F_08-Jun-2017_rpm320_doc0p045_window_0010,2inchStickout/F_08-Jun-2017_rpm320_doc0p045,train,42,1,cv_evaluation,no_chatter,0,0.05118805,8
turning,cnn_ae,global_mae,2inchStickout_F_08-Jun-2017_rpm320_doc0p045_window_0011,2inchStickout/F_08-Jun-2017_rpm320_doc0p045,train,42,1,cv_evaluation,no_chatter,0,0.049071886,8
turning,cnn_ae,global_mae,2inchStickout_F_08-Jun-2017_rpm320_doc0p045_window_0012,2inchStickout/F_08-Jun-2017_rpm320_doc0p045,train,42,1,cv_evaluation,no_chatter,0,0.048009247,8
turning,cnn_ae,global_mae,2inchStickout_F_08-Jun-2017_rpm320_doc0p045_window_0013,2inchStickout/F_08-Jun-2017_rpm320_doc0p045,train,42,1,cv_evaluation,no_chatter,0,0.04675602,8
turning,cnn_ae,global_mae,2inchStickout_F_08-Jun-2017_rpm320_doc0p045_window_0014,2inchStickout/F_08-Jun-2017_rpm320_doc0p045,train,42,1,cv_evaluation,no_chatter,0,0.044219866,8
turning,cnn_ae,global_mae,2inchStickout_F_08-Jun-2017_rpm320_doc0p045_window_0015,2inchStickout/F_08-Jun-2017_rpm320_doc0p045,validation,42,1,cv_evaluation,no_chatter,0,0.043190602,8
turning,cnn_ae,global_mae,2inchStickout_F_08-Jun-2017_rpm320_doc0p045_window_0016,2inchStickout/F_08-Jun-2017_rpm320_doc0p045,validation,42,1,cv_evaluation,no_chatter,0,0.043290243,8
turning,cnn_ae,global_mae,2inchStickout_F_08-Jun-2017_rpm320_doc0p045_window_0017,2inchStickout/F_08-Jun-2017_rpm320_doc0p045,validation,42,1,cv_evaluation,no_chatter,0,0.043877073,8
turning,cnn_ae,global_mae,2inchStickout_F_08-Jun-2017_rpm320_doc0p045_window_0018,2inchStickout/F_08-Jun-2017_rpm320_doc0p045,train,42,1,cv_evaluation,no_chatter,0,0.047669325,8
turning,cnn_ae,global_mae,2inchStickout_F_08-Jun-2017_rpm320_doc0p045_window_0019,2inchStickout/F_08-Jun-2017_rpm320_doc0p045,train,42,1,cv_evaluation,no_chatter,0,0.05338863,8
turning,cnn_ae,global_mae,2inchStickout_F_08-Jun-2017_rpm320_doc0p045_window_0020,2inchStickout/F_08-Jun-2017_rpm320_doc0p045,train,42,1,cv_evaluation,no_chatter,0,0.053174175,8
turning,cnn_ae,global_mae,2inchStickout_F_08-Jun-2017_rpm320_doc0p045_window_0021,2inchStickout/F_08-Jun-2017_rpm320_doc0p045,train,42,1,cv_evaluation,no_chatter,0,0.057493627,8
turning,cnn_ae,global_mae,2inchStickout_F_08-Jun-2017_rpm320_doc0p045_window_0022,2inchStickout/F_08-Jun-2017_rpm320_doc0p045,train,42,1,cv_evaluation,no_chatter,0,0.050608154,8
turning,cnn_ae,global_mae,2inchStickout_F_08-Jun-2017_rpm320_doc0p045_window_0023,2inchStickout/F_08-Jun-2017_rpm320_doc0p045,train,42,1,cv_evaluation,no_chatter,0,0.049658388,8
turning,cnn_ae,global_mae,2inchStickout_F_08-Jun-2017_rpm320_doc0p060_xAccDetached_window_0000,2inchStickout/F_08-Jun-2017_rpm320_doc0p060_xAccDetached,train,42,1,cv_evaluation,no_chatter,0,0.049574126,8
turning,cnn_ae,global_mae,2inchStickout_F_08-Jun-2017_rpm320_doc0p060_xAccDetached_window_0001,2inchStickout/F_08-Jun-2017_rpm320_doc0p060_xAccDetached,train,42,1,cv_evaluation,no_chatter,0,0.049737733,8
turning,cnn_ae,global_mae,2inchStickout_F_08-Jun-2017_rpm320_doc0p060_xAccDetached_window_0002,2inchStickout/F_08-Jun-2017_rpm320_doc0p060_xAccDetached,train,42,1,cv_evaluation,no_chatter,0,0.051113226,8
turning,cnn_ae,global_mae,2inchStickout_F_08-Jun-2017_rpm320_doc0p060_xAccDetached_window_0003,2inchStickout/F_08-Jun-2017_rpm320_doc0p060_xAccDetached,validation,42,1,cv_evaluation,no_chatter,0,0.047623493,8
turning,cnn_ae,global_mae,2inchStickout_F_08-Jun-2017_rpm320_doc0p060_xAccDetached_window_0004,2inchStickout/F_08-Jun-2017_rpm320_doc0p060_xAccDetached,train,42,1,cv_evaluation,no_chatter,0,0.04921937,8
turning,cnn_ae,global_mae,2inchStickout_F_08-Jun-2017_rpm320_doc0p060_xAccDetached_window_0005,2inchStickout/F_08-Jun-2017_rpm320_doc0p060_xAccDetached,train,42,1,cv_evaluation,no_chatter,0,0.04922846,8
turning,cnn_ae,global_mae,2inchStickout_F_08-Jun-2017_rpm320_doc0p060_xAccDetached_window_0006,2inchStickout/F_08-Jun-2017_rpm320_doc0p060_xAccDetached,train,42,1,cv_evaluation,no_chatter,0,0.049638856,8
turning,cnn_ae,global_mae,2inchStickout_F_08-Jun-2017_rpm320_doc0p060_xAccDetached_window_0007,2inchStickout/F_08-Jun-2017_rpm320_doc0p060_xAccDetached,train,42,1,cv_evaluation,no_chatter,0,0.050291065,8
turning,cnn_ae,global_mae,2inchStickout_F_08-Jun-2017_rpm320_doc0p060_xAccDetached_window_0008,2inchStickout/F_08-Jun-2017_rpm320_doc0p060_xAccDetached,train,42,1,cv_evaluation,no_chatter,0,0.050571214,8
turning,cnn_ae,global_mae,2inchStickout_F_08-Jun-2017_rpm320_doc0p060_xAccDetached_window_0009,2inchStickout/F_08-Jun-2017_rpm320_doc0p060_xAccDetached,train,42,1,cv_evaluation,no_chatter,0,0.050019763,8
turning,cnn_ae,global_mae,2inchStickout_F_08-Jun-2017_rpm320_doc0p060_xAccDetached_window_0010,2inchStickout/F_08-Jun-2017_rpm320_doc0p060_xAccDetached,train,42,1,cv_evaluation,no_chatter,0,0.049446583,8
turning,cnn_ae,global_mae,2inchStickout_F_08-Jun-2017_rpm320_doc0p060_xAccDetached_window_0011,2inchStickout/F_08-Jun-2017_rpm320_doc0p060_xAccDetached,train,42,1,cv_evaluation,no_chatter,0,0.04836999,8
turning,cnn_ae,global_mae,2inchStickout_F_08-Jun-2017_rpm425_doc0p025_window_0000,2inchStickout/F_08-Jun-2017_rpm425_doc0p025,train,42,1,cv_evaluation,no_chatter,0,0.05045364,8
turning,cnn_ae,global_mae,2inchStickout_F_08-Jun-2017_rpm425_doc0p025_window_0001,2inchStickout/F_08-Jun-2017_rpm425_doc0p025,train,42,1,cv_evaluation,no_chatter,0,0.05063725,8
turning,cnn_ae,global_mae,2inchStickout_F_08-Jun-2017_rpm425_doc0p025_window_0002,2inchStickout/F_08-Jun-2017_rpm425_doc0p025,test,42,1,cv_evaluation,no_chatter,0,0.049193863,8
turning,cnn_ae,global_mae,2inchStickout_F_08-Jun-2017_rpm425_doc0p025_window_0003,2inchStickout/F_08-Jun-2017_rpm425_doc0p025,train,42,1,cv_evaluation,no_chatter,0,0.062491108,8
turning,cnn_ae,global_mae,2inchStickout_F_08-Jun-2017_rpm425_doc0p025_window_0004,2inchStickout/F_08-Jun-2017_rpm425_doc0p025,validation,42,1,cv_evaluation,chatter,1,0.104669854,8
turning,cnn_ae,global_mae,2inchStickout_F_08-Jun-2017_rpm425_doc0p025_window_0005,2inchStickout/F_08-Jun-2017_rpm425_doc0p025,validation,42,1,cv_evaluation,chatter,1,0.108141415,8
turning,cnn_ae,global_mae,2inchStickout_F_08-Jun-2017_rpm425_doc0p025_window_0006,2inchStickout/F_08-Jun-2017_rpm425_doc0p025,validation,42,1,cv_evaluation,chatter,1,0.107548915,8
turning,cnn_ae,global_mae,2inchStickout_F_08-Jun-2017_rpm425_doc0p025_window_0007,2inchStickout/F_08-Jun-2017_rpm425_doc0p025,validation,42,1,cv_evaluation,chatter,1,0.09834367,8
turning,cnn_ae,global_mae,2inchStickout_F_08-Jun-2017_rpm570_doc0p002_window_0000,2inchStickout/F_08-Jun-2017_rpm570_doc0p002,train,42,1,cv_evaluation,no_chatter,0,0.051013548,8
turning,cnn_ae,global_mae,2inchStickout_F_08-Jun-2017_rpm570_doc0p002_window_0001,2inchStickout/F_08-Jun-2017_rpm570_doc0p002,train,42,1,cv_evaluation,no_chatter,0,0.04936762,8
turning,cnn_ae,global_mae,2inchStickout_F_08-Jun-2017_rpm570_doc0p002_window_0002,2inchStickout/F_08-Jun-2017_rpm570_doc0p002,test,42,1,cv_evaluation,chatter,1,0.0710499,8
turning,cnn_ae,global_mae,2inchStickout_F_08-Jun-2017_rpm570_doc0p002_window_0003,2inchStickout/F_08-Jun-2017_rpm570_doc0p002,test,42,1,cv_evaluation,chatter,1,0.10644784,8
turning,cnn_ae,global_mae,2inchStickout_F_08-Jun-2017_rpm570_doc0p002_window_0004,2inchStickout/F_08-Jun-2017_rpm570_doc0p002,train,42,1,cv_evaluation,no_chatter,0,0.07926091,8
turning,cnn_ae,global_mae,2inchStickout_F_08-Jun-2017_rpm570_doc0p002_window_0005,2inchStickout/F_08-Jun-2017_rpm570_doc0p002,train,42,1,cv_evaluation,no_chatter,0,0.12285599,8
turning,cnn_ae,global_mae,2inchStickout_F_08-Jun-2017_rpm570_doc0p005_window_0000,2inchStickout/F_08-Jun-2017_rpm570_doc0p005,train,42,1,cv_evaluation,no_chatter,0,0.051419113,8
turning,cnn_ae,global_mae,2inchStickout_F_08-Jun-2017_rpm570_doc0p005_window_0001,2inchStickout/F_08-Jun-2017_rpm570_doc0p005,test,42,1,cv_evaluation,no_chatter,0,0.0507986,8
turning,cnn_ae,global_mae,2inchStickout_F_08-Jun-2017_rpm570_doc0p005_window_0002,2inchStickout/F_08-Jun-2017_rpm570_doc0p005,test,42,1,cv_evaluation,chatter,1,0.08247235,8
turning,cnn_ae,global_mae,2inchStickout_F_08-Jun-2017_rpm570_doc0p005_window_0003,2inchStickout/F_08-Jun-2017_rpm570_doc0p005,train,42,1,cv_evaluation,no_chatter,0,0.072806485,8
turning,cnn_ae,global_mae,2p5inchStickout_F_12-Jun-2017_rpm570_doc0p012_window_0000,2p5inchStickout/F_12-Jun-2017_rpm570_doc0p012,train,42,1,cv_evaluation,no_chatter,0,0.048805468,8
turning,cnn_ae,global_mae,2p5inchStickout_F_12-Jun-2017_rpm570_doc0p012_window_0001,2p5inchStickout/F_12-Jun-2017_rpm570_doc0p012,train,42,1,cv_evaluation,no_chatter,0,0.055315193,8
turning,cnn_ae,global_mae,2p5inchStickout_F_12-Jun-2017_rpm570_doc0p012_window_0002,2p5inchStickout/F_12-Jun-2017_rpm570_doc0p012,test,42,1,cv_evaluation,chatter,1,0.079257935,8
turning,cnn_ae,global_mae,2p5inchStickout_F_12-Jun-2017_rpm570_doc0p012_window_0003,2p5inchStickout/F_12-Jun-2017_rpm570_doc0p012,train,42,1,cv_evaluation,no_chatter,0,0.06786953,8
turning,cnn_ae,global_mae,2p5inchStickout_F_12-Jun-2017_rpm570_doc0p012_window_0004,2p5inchStickout/F_12-Jun-2017_rpm570_doc0p012,train,42,1,cv_evaluation,no_chatter,0,0.068029836,8
turning,cnn_ae,global_mae,2p5inchStickout_F_12-Jun-2017_rpm570_doc0p012_window_0005,2p5inchStickout/F_12-Jun-2017_rpm570_doc0p012,train,42,1,cv_evaluation,no_chatter,0,0.07071259,8
turning,cnn_ae,global_mae,2p5inchStickout_F_12-Jun-2017_rpm570_doc0p012_window_0006,2p5inchStickout/F_12-Jun-2017_rpm570_doc0p012,validation,42,1,cv_evaluation,no_chatter,0,0.061731283,8
turning,cnn_ae,global_mae,2p5inchStickout_F_12-Jun-2017_rpm570_doc0p012_window_0007,2p5inchStickout/F_12-Jun-2017_rpm570_doc0p012,train,42,1,cv_evaluation,no_chatter,0,0.061790917,8
turning,cnn_ae,global_mae,2p5inchStickout_F_12-Jun-2017_rpm570_doc0p012_window_0008,2p5inchStickout/F_12-Jun-2017_rpm570_doc0p012,validation,42,1,cv_evaluation,no_chatter,0,0.061878428,8
turning,cnn_ae,global_mae,2p5inchStickout_F_12-Jun-2017_rpm570_doc0p012_window_0009,2p5inchStickout/F_12-Jun-2017_rpm570_doc0p012,validation,42,1,cv_evaluation,no_chatter,0,0.06169734,8
turning,cnn_ae,global_mae,2p5inchStickout_F_12-Jun-2017_rpm570_doc0p014_window_0000,2p5inchStickout/F_12-Jun-2017_rpm570_doc0p014,train,42,1,cv_evaluation,no_chatter,0,0.04872358,8
turning,cnn_ae,global_mae,2p5inchStickout_F_12-Jun-2017_rpm570_doc0p014_window_0001,2p5inchStickout/F_12-Jun-2017_rpm570_doc0p014,train,42,1,cv_evaluation,no_chatter,0,0.049475037,8
turning,cnn_ae,global_mae,2p5inchStickout_F_12-Jun-2017_rpm570_doc0p014_window_0002,2p5inchStickout/F_12-Jun-2017_rpm570_doc0p014,train,42,1,cv_evaluation,no_chatter,0,0.076047786,8
turning,cnn_ae,global_mae,2p5inchStickout_F_12-Jun-2017_rpm570_doc0p014_window_0003,2p5inchStickout/F_12-Jun-2017_rpm570_doc0p014,validation,42,1,cv_evaluation,no_chatter,0,0.06988344,8
turning,cnn_ae,global_mae,2p5inchStickout_F_12-Jun-2017_rpm570_doc0p014_window_0004,2p5inchStickout/F_12-Jun-2017_rpm570_doc0p014,validation,42,1,cv_evaluation,no_chatter,0,0.06701417,8
turning,cnn_ae,global_mae,2p5inchStickout_F_12-Jun-2017_rpm570_doc0p014_window_0005,2p5inchStickout/F_12-Jun-2017_rpm570_doc0p014,validation,42,1,cv_evaluation,no_chatter,0,0.06537884,8
turning,cnn_ae,global_mae,2p5inchStickout_F_12-Jun-2017_rpm770_doc0p005_window_0000,2p5inchStickout/F_12-Jun-2017_rpm770_doc0p005,train,42,1,cv_evaluation,no_chatter,0,0.04928678,8
turning,cnn_ae,global_mae,2p5inchStickout_F_12-Jun-2017_rpm770_doc0p005_window_0001,2p5inchStickout/F_12-Jun-2017_rpm770_doc0p005,train,42,1,cv_evaluation,no_chatter,0,0.09082433,8
turning,cnn_ae,global_mae,2p5inchStickout_F_12-Jun-2017_rpm770_doc0p005_window_0002,2p5inchStickout/F_12-Jun-2017_rpm770_doc0p005,train,42,1,cv_evaluation,no_chatter,0,0.0616284,8
turning,cnn_ae,global_mae,2p5inchStickout_F_12-Jun-2017_rpm770_doc0p005_window_0003,2p5inchStickout/F_12-Jun-2017_rpm770_doc0p005,train,42,1,cv_evaluation,no_chatter,0,0.080003515,8
turning,cnn_ae,global_mae,3p5inchStickout_F_12-Jun-2017_rpm570_doc0p025_window_0000,3p5inchStickout/F_12-Jun-2017_rpm570_doc0p025,validation,42,1,cv_evaluation,no_chatter,0,0.047224343,8
turning,cnn_ae,global_mae,3p5inchStickout_F_12-Jun-2017_rpm570_doc0p025_window_0001,3p5inchStickout/F_12-Jun-2017_rpm570_doc0p025,train,42,1,cv_evaluation,no_chatter,0,0.047365483,8
turning,cnn_ae,global_mae,3p5inchStickout_F_12-Jun-2017_rpm570_doc0p025_window_0002,3p5inchStickout/F_12-Jun-2017_rpm570_doc0p025,train,42,1,cv_evaluation,no_chatter,0,0.052042123,8
turning,cnn_ae,global_mae,3p5inchStickout_F_12-Jun-2017_rpm570_doc0p025_window_0003,3p5inchStickout/F_12-Jun-2017_rpm570_doc0p025,validation,42,1,cv_evaluation,no_chatter,0,0.0591332,8
turning,cnn_ae,global_mae,3p5inchStickout_F_12-Jun-2017_rpm570_doc0p025_window_0004,3p5inchStickout/F_12-Jun-2017_rpm570_doc0p025,train,42,1,cv_evaluation,no_chatter,0,0.056592606,8
turning,cnn_ae,global_mae,3p5inchStickout_F_12-Jun-2017_rpm570_doc0p025_window_0005,3p5inchStickout/F_12-Jun-2017_rpm570_doc0p025,train,42,1,cv_evaluation,no_chatter,0,0.06674666,8
turning,cnn_ae,global_mae,3p5inchStickout_F_12-Jun-2017_rpm570_doc0p025_window_0006,3p5inchStickout/F_12-Jun-2017_rpm570_doc0p025,train,42,1,cv_evaluation,no_chatter,0,0.06699037,8
turning,cnn_ae,global_mae,3p5inchStickout_F_12-Jun-2017_rpm570_doc0p025_window_0007,3p5inchStickout/F_12-Jun-2017_rpm570_doc0p025,train,42,1,cv_evaluation,no_chatter,0,0.064407684,8
turning,cnn_ae,global_mae,3p5inchStickout_F_12-Jun-2017_rpm570_doc0p025_window_0008,3p5inchStickout/F_12-Jun-2017_rpm570_doc0p025,train,42,1,cv_evaluation,no_chatter,0,0.059045378,8
turning,cnn_ae,global_mae,3p5inchStickout_F_12-Jun-2017_rpm570_doc0p025_window_0009,3p5inchStickout/F_12-Jun-2017_rpm570_doc0p025,train,42,1,cv_evaluation,no_chatter,0,0.06225575,8
turning,cnn_ae,global_mae,3p5inchStickout_F_14-Jun-2017_rpm1030_doc0p002_window_0000,3p5inchStickout/F_14-Jun-2017_rpm1030_doc0p002,train,42,1,cv_evaluation,no_chatter,0,0.046786036,8
turning,cnn_ae,global_mae,3p5inchStickout_F_14-Jun-2017_rpm1030_doc0p002_window_0001,3p5inchStickout/F_14-Jun-2017_rpm1030_doc0p002,train,42,1,cv_evaluation,no_chatter,0,0.12526025,8
turning,cnn_ae,global_mae,3p5inchStickout_F_14-Jun-2017_rpm1030_doc0p002_window_0002,3p5inchStickout/F_14-Jun-2017_rpm1030_doc0p002,train,42,1,cv_evaluation,no_chatter,0,0.15465304,8
turning,cnn_ae,global_mae,3p5inchStickout_F_14-Jun-2017_rpm770_doc0p010_window_0000,3p5inchStickout/F_14-Jun-2017_rpm770_doc0p010,train,42,1,cv_evaluation,no_chatter,0,0.047241878,8
turning,cnn_ae,global_mae,3p5inchStickout_F_14-Jun-2017_rpm770_doc0p010_window_0001,3p5inchStickout/F_14-Jun-2017_rpm770_doc0p010,train,42,1,cv_evaluation,no_chatter,0,0.049035758,8
turning,cnn_ae,global_mae,3p5inchStickout_F_14-Jun-2017_rpm770_doc0p010_window_0002,3p5inchStickout/F_14-Jun-2017_rpm770_doc0p010,train,42,1,cv_evaluation,no_chatter,0,0.08623792,8
turning,cnn_ae,global_mae,3p5inchStickout_F_14-Jun-2017_rpm770_doc0p010_window_0003,3p5inchStickout/F_14-Jun-2017_rpm770_doc0p010,train,42,1,cv_evaluation,no_chatter,0,0.08638401,8
turning,cnn_ae,global_mae,4p5inchStickout_F_12-Jun-2017_rpm570_doc0p040_window_0000,4p5inchStickout/F_12-Jun-2017_rpm570_doc0p040,train,42,1,cv_evaluation,no_chatter,0,0.048151024,8
turning,cnn_ae,global_mae,4p5inchStickout_F_12-Jun-2017_rpm570_doc0p040_window_0001,4p5inchStickout/F_12-Jun-2017_rpm570_doc0p040,train,42,1,cv_evaluation,no_chatter,0,0.047840003,8
turning,cnn_ae,global_mae,4p5inchStickout_F_12-Jun-2017_rpm570_doc0p040_window_0002,4p5inchStickout/F_12-Jun-2017_rpm570_doc0p040,train,42,1,cv_evaluation,no_chatter,0,0.04769039,8
turning,cnn_ae,global_mae,4p5inchStickout_F_12-Jun-2017_rpm570_doc0p040_window_0003,4p5inchStickout/F_12-Jun-2017_rpm570_doc0p040,train,42,1,cv_evaluation,no_chatter,0,0.047690794,8
turning,cnn_ae,global_mae,4p5inchStickout_F_12-Jun-2017_rpm570_doc0p040_window_0004,4p5inchStickout/F_12-Jun-2017_rpm570_doc0p040,train,42,1,cv_evaluation,no_chatter,0,0.04257521,8
turning,cnn_ae,global_mae,4p5inchStickout_F_12-Jun-2017_rpm570_doc0p040_window_0005,4p5inchStickout/F_12-Jun-2017_rpm570_doc0p040,train,42,1,cv_evaluation,no_chatter,0,0.042519983,8
turning,cnn_ae,global_mae,4p5inchStickout_F_12-Jun-2017_rpm570_doc0p040_window_0006,4p5inchStickout/F_12-Jun-2017_rpm570_doc0p040,train,42,1,cv_evaluation,no_chatter,0,0.074470244,8
turning,cnn_ae,global_mae,4p5inchStickout_F_12-Jun-2017_rpm570_doc0p040_window_0007,4p5inchStickout/F_12-Jun-2017_rpm570_doc0p040,train,42,1,cv_evaluation,no_chatter,0,0.08867474,8
turning,cnn_ae,global_mae,4p5inchStickout_F_12-Jun-2017_rpm570_doc0p040_window_0008,4p5inchStickout/F_12-Jun-2017_rpm570_doc0p040,train,42,1,cv_evaluation,no_chatter,0,0.08461519,8
turning,cnn_ae,global_mae,4p5inchStickout_F_12-Jun-2017_rpm570_doc0p040_window_0009,4p5inchStickout/F_12-Jun-2017_rpm570_doc0p040,train,42,1,cv_evaluation,no_chatter,0,0.0756927,8
turning,cnn_ae,global_mae,4p5inchStickout_F_12-Jun-2017_rpm570_doc0p040_window_0010,4p5inchStickout/F_12-Jun-2017_rpm570_doc0p040,train,42,1,cv_evaluation,no_chatter,0,0.060479373,8
turning,cnn_ae,global_mae,4p5inchStickout_F_12-Jun-2017_rpm570_doc0p040_window_0011,4p5inchStickout/F_12-Jun-2017_rpm570_doc0p040,train,42,1,cv_evaluation,no_chatter,0,0.050855055,8
turning,cnn_ae,global_mae,4p5inchStickout_F_13-Jun-2017_rpm1030_doc0p015_window_0000,4p5inchStickout/F_13-Jun-2017_rpm1030_doc0p015,train,42,1,cv_evaluation,no_chatter,0,0.04869716,8
turning,cnn_ae,global_mae,4p5inchStickout_F_13-Jun-2017_rpm1030_doc0p015_window_0001,4p5inchStickout/F_13-Jun-2017_rpm1030_doc0p015,train,42,1,cv_evaluation,no_chatter,0,0.06502073,8
turning,cnn_ae,global_mae,4p5inchStickout_F_13-Jun-2017_rpm1030_doc0p015_window_0002,4p5inchStickout/F_13-Jun-2017_rpm1030_doc0p015,train,42,1,cv_evaluation,no_chatter,0,0.09164047,8
turning,cnn_ae,global_mae,4p5inchStickout_F_13-Jun-2017_rpm1030_doc0p015_window_0003,4p5inchStickout/F_13-Jun-2017_rpm1030_doc0p015,validation,42,1,cv_evaluation,no_chatter,0,0.09462302,8
turning,cnn_ae,ver_max,2inchStickout_F_08-Jun-2017_rpm1030_doc0p001_window_0000,2inchStickout/F_08-Jun-2017_rpm1030_doc0p001,train,42,1,cv_evaluation,no_chatter,0,0.010884052,8
turning,cnn_ae,ver_max,2inchStickout_F_08-Jun-2017_rpm1030_doc0p001_window_0001,2inchStickout/F_08-Jun-2017_rpm1030_doc0p001,validation,42,1,cv_evaluation,chatter,1,0.12233462,8
turning,cnn_ae,ver_max,2inchStickout_F_08-Jun-2017_rpm1030_doc0p001_window_0002,2inchStickout/F_08-Jun-2017_rpm1030_doc0p001,validation,42,1,cv_evaluation,chatter,1,0.12961657,8
turning,cnn_ae,ver_max,2inchStickout_F_08-Jun-2017_rpm1030_doc0p001_window_0003,2inchStickout/F_08-Jun-2017_rpm1030_doc0p001,validation,42,1,cv_evaluation,chatter,1,0.15781741,8
turning,cnn_ae,ver_max,2inchStickout_F_08-Jun-2017_rpm320_doc0p010_window_0000,2inchStickout/F_08-Jun-2017_rpm320_doc0p010,train,42,1,cv_evaluation,no_chatter,0,0.0033154297,8
turning,cnn_ae,ver_max,2inchStickout_F_08-Jun-2017_rpm320_doc0p010_window_0001,2inchStickout/F_08-Jun-2017_rpm320_doc0p010,train,42,1,cv_evaluation,no_chatter,0,0.0032747525,8
turning,cnn_ae,ver_max,2inchStickout_F_08-Jun-2017_rpm320_doc0p010_window_0002,2inchStickout/F_08-Jun-2017_rpm320_doc0p010,train,42,1,cv_evaluation,no_chatter,0,0.0032742762,8
turning,cnn_ae,ver_max,2inchStickout_F_08-Jun-2017_rpm320_doc0p010_window_0003,2inchStickout/F_08-Jun-2017_rpm320_doc0p010,train,42,1,cv_evaluation,no_chatter,0,0.003681961,8
turning,cnn_ae,ver_max,2inchStickout_F_08-Jun-2017_rpm320_doc0p010_window_0004,2inchStickout/F_08-Jun-2017_rpm320_doc0p010,train,42,1,cv_evaluation,no_chatter,0,0.0035939042,8
turning,cnn_ae,ver_max,2inchStickout_F_08-Jun-2017_rpm320_doc0p010_window_0005,2inchStickout/F_08-Jun-2017_rpm320_doc0p010,validation,42,1,cv_evaluation,no_chatter,0,0.0031460593,8
turning,cnn_ae,ver_max,2inchStickout_F_08-Jun-2017_rpm320_doc0p010_window_0006,2inchStickout/F_08-Jun-2017_rpm320_doc0p010,validation,42,1,cv_evaluation,no_chatter,0,0.0036801775,8
turning,cnn_ae,ver_max,2inchStickout_F_08-Jun-2017_rpm320_doc0p010_window_0007,2inchStickout/F_08-Jun-2017_rpm320_doc0p010,train,42,1,cv_evaluation,no_chatter,0,0.0044838674,8
turning,cnn_ae,ver_max,2inchStickout_F_08-Jun-2017_rpm320_doc0p010_window_0008,2inchStickout/F_08-Jun-2017_rpm320_doc0p010,validation,42,1,cv_evaluation,no_chatter,0,0.0057028886,8
turning,cnn_ae,ver_max,2inchStickout_F_08-Jun-2017_rpm320_doc0p010_window_0009,2inchStickout/F_08-Jun-2017_rpm320_doc0p010,train,42,1,cv_evaluation,no_chatter,0,0.017736746,8
turning,cnn_ae,ver_max,2inchStickout_F_08-Jun-2017_rpm320_doc0p010_window_0010,2inchStickout/F_08-Jun-2017_rpm320_doc0p010,train,42,1,cv_evaluation,no_chatter,0,0.024550702,8
turning,cnn_ae,ver_max,2inchStickout_F_08-Jun-2017_rpm320_doc0p010_window_0011,2inchStickout/F_08-Jun-2017_rpm320_doc0p010,validation,42,1,cv_evaluation,no_chatter,0,0.017605675,8
turning,cnn_ae,ver_max,2inchStickout_F_08-Jun-2017_rpm320_doc0p010_window_0012,2inchStickout/F_08-Jun-2017_rpm320_doc0p010,train,42,1,cv_evaluation,no_chatter,0,0.012474726,8
turning,cnn_ae,ver_max,2inchStickout_F_08-Jun-2017_rpm320_doc0p010_window_0013,2inchStickout/F_08-Jun-2017_rpm320_doc0p010,validation,42,1,cv_evaluation,no_chatter,0,0.012812913,8
turning,cnn_ae,ver_max,2inchStickout_F_08-Jun-2017_rpm320_doc0p010_window_0014,2inchStickout/F_08-Jun-2017_rpm320_doc0p010,train,42,1,cv_evaluation,no_chatter,0,0.012874891,8
turning,cnn_ae,ver_max,2inchStickout_F_08-Jun-2017_rpm320_doc0p010_window_0015,2inchStickout/F_08-Jun-2017_rpm320_doc0p010,train,42,1,cv_evaluation,no_chatter,0,0.009884436,8
turning,cnn_ae,ver_max,2inchStickout_F_08-Jun-2017_rpm320_doc0p010_window_0016,2inchStickout/F_08-Jun-2017_rpm320_doc0p010,train,42,1,cv_evaluation,no_chatter,0,0.010158787,8
turning,cnn_ae,ver_max,2inchStickout_F_08-Jun-2017_rpm320_doc0p010_window_0017,2inchStickout/F_08-Jun-2017_rpm320_doc0p010,train,42,1,cv_evaluation,no_chatter,0,0.008556412,8
turning,cnn_ae,ver_max,2inchStickout_F_08-Jun-2017_rpm320_doc0p010_window_0018,2inchStickout/F_08-Jun-2017_rpm320_doc0p010,train,42,1,cv_evaluation,no_chatter,0,0.007870005,8
turning,cnn_ae,ver_max,2inchStickout_F_08-Jun-2017_rpm320_doc0p010_window_0019,2inchStickout/F_08-Jun-2017_rpm320_doc0p010,train,42,1,cv_evaluation,no_chatter,0,0.00663424,8
turning,cnn_ae,ver_max,2inchStickout_F_08-Jun-2017_rpm320_doc0p010_window_0020,2inchStickout/F_08-Jun-2017_rpm320_doc0p010,train,42,1,cv_evaluation,no_chatter,0,0.006115099,8
turning,cnn_ae,ver_max,2inchStickout_F_08-Jun-2017_rpm320_doc0p010_window_0021,2inchStickout/F_08-Jun-2017_rpm320_doc0p010,train,42,1,cv_evaluation,no_chatter,0,0.007079342,8
turning,cnn_ae,ver_max,2inchStickout_F_08-Jun-2017_rpm320_doc0p010_window_0022,2inchStickout/F_08-Jun-2017_rpm320_doc0p010,train,42,1,cv_evaluation,no_chatter,0,0.011713514,8
turning,cnn_ae,ver_max,2inchStickout_F_08-Jun-2017_rpm320_doc0p010_window_0023,2inchStickout/F_08-Jun-2017_rpm320_doc0p010,train,42,1,cv_evaluation,no_chatter,0,0.0065244846,8
turning,cnn_ae,ver_max,2inchStickout_F_08-Jun-2017_rpm320_doc0p045_window_0000,2inchStickout/F_08-Jun-2017_rpm320_doc0p045,train,42,1,cv_evaluation,no_chatter,0,0.0036101532,8
turning,cnn_ae,ver_max,2inchStickout_F_08-Jun-2017_rpm320_doc0p045_window_0001,2inchStickout/F_08-Jun-2017_rpm320_doc0p045,train,42,1,cv_evaluation,no_chatter,0,0.003663467,8
turning,cnn_ae,ver_max,2inchStickout_F_08-Jun-2017_rpm320_doc0p045_window_0002,2inchStickout/F_08-Jun-2017_rpm320_doc0p045,train,42,1,cv_evaluation,no_chatter,0,0.005543669,8
turning,cnn_ae,ver_max,2inchStickout_F_08-Jun-2017_rpm320_doc0p045_window_0003,2inchStickout/F_08-Jun-2017_rpm320_doc0p045,train,42,1,cv_evaluation,no_chatter,0,0.0056653502,8
turning,cnn_ae,ver_max,2inchStickout_F_08-Jun-2017_rpm320_doc0p045_window_0004,2inchStickout/F_08-Jun-2017_rpm320_doc0p045,train,42,1,cv_evaluation,no_chatter,0,0.0063916524,8
turning,cnn_ae,ver_max,2inchStickout_F_08-Jun-2017_rpm320_doc0p045_window_0005,2inchStickout/F_08-Jun-2017_rpm320_doc0p045,train,42,1,cv_evaluation,no_chatter,0,0.008751166,8
turning,cnn_ae,ver_max,2inchStickout_F_08-Jun-2017_rpm320_doc0p045_window_0006,2inchStickout/F_08-Jun-2017_rpm320_doc0p045,train,42,1,cv_evaluation,no_chatter,0,0.008804591,8
turning,cnn_ae,ver_max,2inchStickout_F_08-Jun-2017_rpm320_doc0p045_window_0007,2inchStickout/F_08-Jun-2017_rpm320_doc0p045,train,42,1,cv_evaluation,no_chatter,0,0.008277366,8
turning,cnn_ae,ver_max,2inchStickout_F_08-Jun-2017_rpm320_doc0p045_window_0008,2inchStickout/F_08-Jun-2017_rpm320_doc0p045,train,42,1,cv_evaluation,no_chatter,0,0.007870439,8
turning,cnn_ae,ver_max,2inchStickout_F_08-Jun-2017_rpm320_doc0p045_window_0009,2inchStickout/F_08-Jun-2017_rpm320_doc0p045,validation,42,1,cv_evaluation,no_chatter,0,0.0075833197,8
turning,cnn_ae,ver_max,2inchStickout_F_08-Jun-2017_rpm320_doc0p045_window_0010,2inchStickout/F_08-Jun-2017_rpm320_doc0p045,train,42,1,cv_evaluation,no_chatter,0,0.007536701,8
turning,cnn_ae,ver_max,2inchStickout_F_08-Jun-2017_rpm320_doc0p045_window_0011,2inchStickout/F_08-Jun-2017_rpm320_doc0p045,train,42,1,cv_evaluation,no_chatter,0,0.0057415767,8
turning,cnn_ae,ver_max,2inchStickout_F_08-Jun-2017_rpm320_doc0p045_window_0012,2inchStickout/F_08-Jun-2017_rpm320_doc0p045,train,42,1,cv_evaluation,no_chatter,0,0.005368995,8
turning,cnn_ae,ver_max,2inchStickout_F_08-Jun-2017_rpm320_doc0p045_window_0013,2inchStickout/F_08-Jun-2017_rpm320_doc0p045,train,42,1,cv_evaluation,no_chatter,0,0.005107563,8
turning,cnn_ae,ver_max,2inchStickout_F_08-Jun-2017_rpm320_doc0p045_window_0014,2inchStickout/F_08-Jun-2017_rpm320_doc0p045,train,42,1,cv_evaluation,no_chatter,0,0.0045287223,8
turning,cnn_ae,ver_max,2inchStickout_F_08-Jun-2017_rpm320_doc0p045_window_0015,2inchStickout/F_08-Jun-2017_rpm320_doc0p045,validation,42,1,cv_evaluation,no_chatter,0,0.004072485,8
turning,cnn_ae,ver_max,2inchStickout_F_08-Jun-2017_rpm320_doc0p045_window_0016,2inchStickout/F_08-Jun-2017_rpm320_doc0p045,validation,42,1,cv_evaluation,no_chatter,0,0.0042020953,8
turning,cnn_ae,ver_max,2inchStickout_F_08-Jun-2017_rpm320_doc0p045_window_0017,2inchStickout/F_08-Jun-2017_rpm320_doc0p045,validation,42,1,cv_evaluation,no_chatter,0,0.0053274985,8
turning,cnn_ae,ver_max,2inchStickout_F_08-Jun-2017_rpm320_doc0p045_window_0018,2inchStickout/F_08-Jun-2017_rpm320_doc0p045,train,42,1,cv_evaluation,no_chatter,0,0.006028312,8
turning,cnn_ae,ver_max,2inchStickout_F_08-Jun-2017_rpm320_doc0p045_window_0019,2inchStickout/F_08-Jun-2017_rpm320_doc0p045,train,42,1,cv_evaluation,no_chatter,0,0.008822194,8
turning,cnn_ae,ver_max,2inchStickout_F_08-Jun-2017_rpm320_doc0p045_window_0020,2inchStickout/F_08-Jun-2017_rpm320_doc0p045,train,42,1,cv_evaluation,no_chatter,0,0.010352072,8
turning,cnn_ae,ver_max,2inchStickout_F_08-Jun-2017_rpm320_doc0p045_window_0021,2inchStickout/F_08-Jun-2017_rpm320_doc0p045,train,42,1,cv_evaluation,no_chatter,0,0.01341317,8
turning,cnn_ae,ver_max,2inchStickout_F_08-Jun-2017_rpm320_doc0p045_window_0022,2inchStickout/F_08-Jun-2017_rpm320_doc0p045,train,42,1,cv_evaluation,no_chatter,0,0.007038864,8
turning,cnn_ae,ver_max,2inchStickout_F_08-Jun-2017_rpm320_doc0p045_window_0023,2inchStickout/F_08-Jun-2017_rpm320_doc0p045,train,42,1,cv_evaluation,no_chatter,0,0.007199987,8
turning,cnn_ae,ver_max,2inchStickout_F_08-Jun-2017_rpm320_doc0p060_xAccDetached_window_0000,2inchStickout/F_08-Jun-2017_rpm320_doc0p060_xAccDetached,train,42,1,cv_evaluation,no_chatter,0,0.0033874975,8
turning,cnn_ae,ver_max,2inchStickout_F_08-Jun-2017_rpm320_doc0p060_xAccDetached_window_0001,2inchStickout/F_08-Jun-2017_rpm320_doc0p060_xAccDetached,train,42,1,cv_evaluation,no_chatter,0,0.0037436727,8
turning,cnn_ae,ver_max,2inchStickout_F_08-Jun-2017_rpm320_doc0p060_xAccDetached_window_0002,2inchStickout/F_08-Jun-2017_rpm320_doc0p060_xAccDetached,train,42,1,cv_evaluation,no_chatter,0,0.0060383515,8
turning,cnn_ae,ver_max,2inchStickout_F_08-Jun-2017_rpm320_doc0p060_xAccDetached_window_0003,2inchStickout/F_08-Jun-2017_rpm320_doc0p060_xAccDetached,validation,42,1,cv_evaluation,no_chatter,0,0.004086452,8
turning,cnn_ae,ver_max,2inchStickout_F_08-Jun-2017_rpm320_doc0p060_xAccDetached_window_0004,2inchStickout/F_08-Jun-2017_rpm320_doc0p060_xAccDetached,train,42,1,cv_evaluation,no_chatter,0,0.005125688,8
turning,cnn_ae,ver_max,2inchStickout_F_08-Jun-2017_rpm320_doc0p060_xAccDetached_window_0005,2inchStickout/F_08-Jun-2017_rpm320_doc0p060_xAccDetached,train,42,1,cv_evaluation,no_chatter,0,0.004885702,8
turning,cnn_ae,ver_max,2inchStickout_F_08-Jun-2017_rpm320_doc0p060_xAccDetached_window_0006,2inchStickout/F_08-Jun-2017_rpm320_doc0p060_xAccDetached,train,42,1,cv_evaluation,no_chatter,0,0.004904734,8
turning,cnn_ae,ver_max,2inchStickout_F_08-Jun-2017_rpm320_doc0p060_xAccDetached_window_0007,2inchStickout/F_08-Jun-2017_rpm320_doc0p060_xAccDetached,train,42,1,cv_evaluation,no_chatter,0,0.0050279014,8
turning,cnn_ae,ver_max,2inchStickout_F_08-Jun-2017_rpm320_doc0p060_xAccDetached_window_0008,2inchStickout/F_08-Jun-2017_rpm320_doc0p060_xAccDetached,train,42,1,cv_evaluation,no_chatter,0,0.006495143,8
turning,cnn_ae,ver_max,2inchStickout_F_08-Jun-2017_rpm320_doc0p060_xAccDetached_window_0009,2inchStickout/F_08-Jun-2017_rpm320_doc0p060_xAccDetached,train,42,1,cv_evaluation,no_chatter,0,0.005346482,8
turning,cnn_ae,ver_max,2inchStickout_F_08-Jun-2017_rpm320_doc0p060_xAccDetached_window_0010,2inchStickout/F_08-Jun-2017_rpm320_doc0p060_xAccDetached,train,42,1,cv_evaluation,no_chatter,0,0.005012563,8
turning,cnn_ae,ver_max,2inchStickout_F_08-Jun-2017_rpm320_doc0p060_xAccDetached_window_0011,2inchStickout/F_08-Jun-2017_rpm320_doc0p060_xAccDetached,train,42,1,cv_evaluation,no_chatter,0,0.003905988,8
turning,cnn_ae,ver_max,2inchStickout_F_08-Jun-2017_rpm425_doc0p025_window_0000,2inchStickout/F_08-Jun-2017_rpm425_doc0p025,train,42,1,cv_evaluation,no_chatter,0,0.0037779897,8
turning,cnn_ae,ver_max,2inchStickout_F_08-Jun-2017_rpm425_doc0p025_window_0001,2inchStickout/F_08-Jun-2017_rpm425_doc0p025,train,42,1,cv_evaluation,no_chatter,0,0.0038658734,8
turning,cnn_ae,ver_max,2inchStickout_F_08-Jun-2017_rpm425_doc0p025_window_0002,2inchStickout/F_08-Jun-2017_rpm425_doc0p025,test,42,1,cv_evaluation,no_chatter,0,0.004699301,8
turning,cnn_ae,ver_max,2inchStickout_F_08-Jun-2017_rpm425_doc0p025_window_0003,2inchStickout/F_08-Jun-2017_rpm425_doc0p025,train,42,1,cv_evaluation,no_chatter,0,0.023789454,8
turning,cnn_ae,ver_max,2inchStickout_F_08-Jun-2017_rpm425_doc0p025_window_0004,2inchStickout/F_08-Jun-2017_rpm425_doc0p025,validation,42,1,cv_evaluation,chatter,1,0.03839514,8
turning,cnn_ae,ver_max,2inchStickout_F_08-Jun-2017_rpm425_doc0p025_window_0005,2inchStickout/F_08-Jun-2017_rpm425_doc0p025,validation,42,1,cv_evaluation,chatter,1,0.040413294,8
turning,cnn_ae,ver_max,2inchStickout_F_08-Jun-2017_rpm425_doc0p025_window_0006,2inchStickout/F_08-Jun-2017_rpm425_doc0p025,validation,42,1,cv_evaluation,chatter,1,0.040125906,8
turning,cnn_ae,ver_max,2inchStickout_F_08-Jun-2017_rpm425_doc0p025_window_0007,2inchStickout/F_08-Jun-2017_rpm425_doc0p025,validation,42,1,cv_evaluation,chatter,1,0.039503418,8
turning,cnn_ae,ver_max,2inchStickout_F_08-Jun-2017_rpm570_doc0p002_window_0000,2inchStickout/F_08-Jun-2017_rpm570_doc0p002,train,42,1,cv_evaluation,no_chatter,0,0.004003828,8
turning,cnn_ae,ver_max,2inchStickout_F_08-Jun-2017_rpm570_doc0p002_window_0001,2inchStickout/F_08-Jun-2017_rpm570_doc0p002,train,42,1,cv_evaluation,no_chatter,0,0.006069673,8
turning,cnn_ae,ver_max,2inchStickout_F_08-Jun-2017_rpm570_doc0p002_window_0002,2inchStickout/F_08-Jun-2017_rpm570_doc0p002,test,42,1,cv_evaluation,chatter,1,0.02783347,8
turning,cnn_ae,ver_max,2inchStickout_F_08-Jun-2017_rpm570_doc0p002_window_0003,2inchStickout/F_08-Jun-2017_rpm570_doc0p002,test,42,1,cv_evaluation,chatter,1,0.03911971,8
turning,cnn_ae,ver_max,2inchStickout_F_08-Jun-2017_rpm570_doc0p002_window_0004,2inchStickout/F_08-Jun-2017_rpm570_doc0p002,train,42,1,cv_evaluation,no_chatter,0,0.018317379,8
turning,cnn_ae,ver_max,2inchStickout_F_08-Jun-2017_rpm570_doc0p002_window_0005,2inchStickout/F_08-Jun-2017_rpm570_doc0p002,train,42,1,cv_evaluation,no_chatter,0,0.06674284,8
turning,cnn_ae,ver_max,2inchStickout_F_08-Jun-2017_rpm570_doc0p005_window_0000,2inchStickout/F_08-Jun-2017_rpm570_doc0p005,train,42,1,cv_evaluation,no_chatter,0,0.0041230097,8
turning,cnn_ae,ver_max,2inchStickout_F_08-Jun-2017_rpm570_doc0p005_window_0001,2inchStickout/F_08-Jun-2017_rpm570_doc0p005,test,42,1,cv_evaluation,no_chatter,0,0.0056792744,8
turning,cnn_ae,ver_max,2inchStickout_F_08-Jun-2017_rpm570_doc0p005_window_0002,2inchStickout/F_08-Jun-2017_rpm570_doc0p005,test,42,1,cv_evaluation,chatter,1,0.03590156,8
turning,cnn_ae,ver_max,2inchStickout_F_08-Jun-2017_rpm570_doc0p005_window_0003,2inchStickout/F_08-Jun-2017_rpm570_doc0p005,train,42,1,cv_evaluation,no_chatter,0,0.018318476,8
turning,cnn_ae,ver_max,2p5inchStickout_F_12-Jun-2017_rpm570_doc0p012_window_0000,2p5inchStickout/F_12-Jun-2017_rpm570_doc0p012,train,42,1,cv_evaluation,no_chatter,0,0.0033863708,8
turning,cnn_ae,ver_max,2p5inchStickout_F_12-Jun-2017_rpm570_doc0p012_window_0001,2p5inchStickout/F_12-Jun-2017_rpm570_doc0p012,train,42,1,cv_evaluation,no_chatter,0,0.016557118,8
turning,cnn_ae,ver_max,2p5inchStickout_F_12-Jun-2017_rpm570_doc0p012_window_0002,2p5inchStickout/F_12-Jun-2017_rpm570_doc0p012,test,42,1,cv_evaluation,chatter,1,0.021526067,8
turning,cnn_ae,ver_max,2p5inchStickout_F_12-Jun-2017_rpm570_doc0p012_window_0003,2p5inchStickout/F_12-Jun-2017_rpm570_doc0p012,train,42,1,cv_evaluation,no_chatter,0,0.014068478,8
turning,cnn_ae,ver_max,2p5inchStickout_F_12-Jun-2017_rpm570_doc0p012_window_0004,2p5inchStickout/F_12-Jun-2017_rpm570_doc0p012,train,42,1,cv_evaluation,no_chatter,0,0.012856681,8
turning,cnn_ae,ver_max,2p5inchStickout_F_12-Jun-2017_rpm570_doc0p012_window_0005,2p5inchStickout/F_12-Jun-2017_rpm570_doc0p012,train,42,1,cv_evaluation,no_chatter,0,0.016042512,8
turning,cnn_ae,ver_max,2p5inchStickout_F_12-Jun-2017_rpm570_doc0p012_window_0006,2p5inchStickout/F_12-Jun-2017_rpm570_doc0p012,validation,42,1,cv_evaluation,no_chatter,0,0.010859238,8
turning,cnn_ae,ver_max,2p5inchStickout_F_12-Jun-2017_rpm570_doc0p012_window_0007,2p5inchStickout/F_12-Jun-2017_rpm570_doc0p012,train,42,1,cv_evaluation,no_chatter,0,0.010239776,8
turning,cnn_ae,ver_max,2p5inchStickout_F_12-Jun-2017_rpm570_doc0p012_window_0008,2p5inchStickout/F_12-Jun-2017_rpm570_doc0p012,validation,42,1,cv_evaluation,no_chatter,0,0.01060241,8
turning,cnn_ae,ver_max,2p5inchStickout_F_12-Jun-2017_rpm570_doc0p012_window_0009,2p5inchStickout/F_12-Jun-2017_rpm570_doc0p012,validation,42,1,cv_evaluation,no_chatter,0,0.009982133,8
turning,cnn_ae,ver_max,2p5inchStickout_F_12-Jun-2017_rpm570_doc0p014_window_0000,2p5inchStickout/F_12-Jun-2017_rpm570_doc0p014,train,42,1,cv_evaluation,no_chatter,0,0.0032847647,8
turning,cnn_ae,ver_max,2p5inchStickout_F_12-Jun-2017_rpm570_doc0p014_window_0001,2p5inchStickout/F_12-Jun-2017_rpm570_doc0p014,train,42,1,cv_evaluation,no_chatter,0,0.0070969285,8
turning,cnn_ae,ver_max,2p5inchStickout_F_12-Jun-2017_rpm570_doc0p014_window_0002,2p5inchStickout/F_12-Jun-2017_rpm570_doc0p014,train,42,1,cv_evaluation,no_chatter,0,0.022018405,8
turning,cnn_ae,ver_max,2p5inchStickout_F_12-Jun-2017_rpm570_doc0p014_window_0003,2p5inchStickout/F_12-Jun-2017_rpm570_doc0p014,validation,42,1,cv_evaluation,no_chatter,0,0.014041816,8
turning,cnn_ae,ver_max,2p5inchStickout_F_12-Jun-2017_rpm570_doc0p014_window_0004,2p5inchStickout/F_12-Jun-2017_rpm570_doc0p014,validation,42,1,cv_evaluation,no_chatter,0,0.012616415,8
turning,cnn_ae,ver_max,2p5inchStickout_F_12-Jun-2017_rpm570_doc0p014_window_0005,2p5inchStickout/F_12-Jun-2017_rpm570_doc0p014,validation,42,1,cv_evaluation,no_chatter,0,0.011362465,8
turning,cnn_ae,ver_max,2p5inchStickout_F_12-Jun-2017_rpm770_doc0p005_window_0000,2p5inchStickout/F_12-Jun-2017_rpm770_doc0p005,train,42,1,cv_evaluation,no_chatter,0,0.006790631,8
turning,cnn_ae,ver_max,2p5inchStickout_F_12-Jun-2017_rpm770_doc0p005_window_0001,2p5inchStickout/F_12-Jun-2017_rpm770_doc0p005,train,42,1,cv_evaluation,no_chatter,0,0.04949025,8
turning,cnn_ae,ver_max,2p5inchStickout_F_12-Jun-2017_rpm770_doc0p005_window_0002,2p5inchStickout/F_12-Jun-2017_rpm770_doc0p005,train,42,1,cv_evaluation,no_chatter,0,0.009865297,8
turning,cnn_ae,ver_max,2p5inchStickout_F_12-Jun-2017_rpm770_doc0p005_window_0003,2p5inchStickout/F_12-Jun-2017_rpm770_doc0p005,train,42,1,cv_evaluation,no_chatter,0,0.019169603,8
turning,cnn_ae,ver_max,3p5inchStickout_F_12-Jun-2017_rpm570_doc0p025_window_0000,3p5inchStickout/F_12-Jun-2017_rpm570_doc0p025,validation,42,1,cv_evaluation,no_chatter,0,0.002826437,8
turning,cnn_ae,ver_max,3p5inchStickout_F_12-Jun-2017_rpm570_doc0p025_window_0001,3p5inchStickout/F_12-Jun-2017_rpm570_doc0p025,train,42,1,cv_evaluation,no_chatter,0,0.0045562335,8
turning,cnn_ae,ver_max,3p5inchStickout_F_12-Jun-2017_rpm570_doc0p025_window_0002,3p5inchStickout/F_12-Jun-2017_rpm570_doc0p025,train,42,1,cv_evaluation,no_chatter,0,0.0060931225,8
turning,cnn_ae,ver_max,3p5inchStickout_F_12-Jun-2017_rpm570_doc0p025_window_0003,3p5inchStickout/F_12-Jun-2017_rpm570_doc0p025,validation,42,1,cv_evaluation,no_chatter,0,0.010282001,8
turning,cnn_ae,ver_max,3p5inchStickout_F_12-Jun-2017_rpm570_doc0p025_window_0004,3p5inchStickout/F_12-Jun-2017_rpm570_doc0p025,train,42,1,cv_evaluation,no_chatter,0,0.0080634225,8
turning,cnn_ae,ver_max,3p5inchStickout_F_12-Jun-2017_rpm570_doc0p025_window_0005,3p5inchStickout/F_12-Jun-2017_rpm570_doc0p025,train,42,1,cv_evaluation,no_chatter,0,0.016984437,8
turning,cnn_ae,ver_max,3p5inchStickout_F_12-Jun-2017_rpm570_doc0p025_window_0006,3p5inchStickout/F_12-Jun-2017_rpm570_doc0p025,train,42,1,cv_evaluation,no_chatter,0,0.0146745015,8
turning,cnn_ae,ver_max,3p5inchStickout_F_12-Jun-2017_rpm570_doc0p025_window_0007,3p5inchStickout/F_12-Jun-2017_rpm570_doc0p025,train,42,1,cv_evaluation,no_chatter,0,0.011778915,8
turning,cnn_ae,ver_max,3p5inchStickout_F_12-Jun-2017_rpm570_doc0p025_window_0008,3p5inchStickout/F_12-Jun-2017_rpm570_doc0p025,train,42,1,cv_evaluation,no_chatter,0,0.009416196,8
turning,cnn_ae,ver_max,3p5inchStickout_F_12-Jun-2017_rpm570_doc0p025_window_0009,3p5inchStickout/F_12-Jun-2017_rpm570_doc0p025,train,42,1,cv_evaluation,no_chatter,0,0.010611019,8
turning,cnn_ae,ver_max,3p5inchStickout_F_14-Jun-2017_rpm1030_doc0p002_window_0000,3p5inchStickout/F_14-Jun-2017_rpm1030_doc0p002,train,42,1,cv_evaluation,no_chatter,0,0.0027547157,8
turning,cnn_ae,ver_max,3p5inchStickout_F_14-Jun-2017_rpm1030_doc0p002_window_0001,3p5inchStickout/F_14-Jun-2017_rpm1030_doc0p002,train,42,1,cv_evaluation,no_chatter,0,0.06603758,8
turning,cnn_ae,ver_max,3p5inchStickout_F_14-Jun-2017_rpm1030_doc0p002_window_0002,3p5inchStickout/F_14-Jun-2017_rpm1030_doc0p002,train,42,1,cv_evaluation,no_chatter,0,0.057687324,8
turning,cnn_ae,ver_max,3p5inchStickout_F_14-Jun-2017_rpm770_doc0p010_window_0000,3p5inchStickout/F_14-Jun-2017_rpm770_doc0p010,train,42,1,cv_evaluation,no_chatter,0,0.0029071916,8
turning,cnn_ae,ver_max,3p5inchStickout_F_14-Jun-2017_rpm770_doc0p010_window_0001,3p5inchStickout/F_14-Jun-2017_rpm770_doc0p010,train,42,1,cv_evaluation,no_chatter,0,0.0074568354,8
turning,cnn_ae,ver_max,3p5inchStickout_F_14-Jun-2017_rpm770_doc0p010_window_0002,3p5inchStickout/F_14-Jun-2017_rpm770_doc0p010,train,42,1,cv_evaluation,no_chatter,0,0.028373847,8
turning,cnn_ae,ver_max,3p5inchStickout_F_14-Jun-2017_rpm770_doc0p010_window_0003,3p5inchStickout/F_14-Jun-2017_rpm770_doc0p010,train,42,1,cv_evaluation,no_chatter,0,0.027526015,8
turning,cnn_ae,ver_max,4p5inchStickout_F_12-Jun-2017_rpm570_doc0p040_window_0000,4p5inchStickout/F_12-Jun-2017_rpm570_doc0p040,train,42,1,cv_evaluation,no_chatter,0,0.00299821,8
turning,cnn_ae,ver_max,4p5inchStickout_F_12-Jun-2017_rpm570_doc0p040_window_0001,4p5inchStickout/F_12-Jun-2017_rpm570_doc0p040,train,42,1,cv_evaluation,no_chatter,0,0.0028818639,8
turning,cnn_ae,ver_max,4p5inchStickout_F_12-Jun-2017_rpm570_doc0p040_window_0002,4p5inchStickout/F_12-Jun-2017_rpm570_doc0p040,train,42,1,cv_evaluation,no_chatter,0,0.002821881,8
turning,cnn_ae,ver_max,4p5inchStickout_F_12-Jun-2017_rpm570_doc0p040_window_0003,4p5inchStickout/F_12-Jun-2017_rpm570_doc0p040,train,42,1,cv_evaluation,no_chatter,0,0.0028212203,8
turning,cnn_ae,ver_max,4p5inchStickout_F_12-Jun-2017_rpm570_doc0p040_window_0004,4p5inchStickout/F_12-Jun-2017_rpm570_doc0p040,train,42,1,cv_evaluation,no_chatter,0,0.0029117826,8
turning,cnn_ae,ver_max,4p5inchStickout_F_12-Jun-2017_rpm570_doc0p040_window_0005,4p5inchStickout/F_12-Jun-2017_rpm570_doc0p040,train,42,1,cv_evaluation,no_chatter,0,0.004012643,8
turning,cnn_ae,ver_max,4p5inchStickout_F_12-Jun-2017_rpm570_doc0p040_window_0006,4p5inchStickout/F_12-Jun-2017_rpm570_doc0p040,train,42,1,cv_evaluation,no_chatter,0,0.014006212,8
turning,cnn_ae,ver_max,4p5inchStickout_F_12-Jun-2017_rpm570_doc0p040_window_0007,4p5inchStickout/F_12-Jun-2017_rpm570_doc0p040,train,42,1,cv_evaluation,no_chatter,0,0.015965048,8
turning,cnn_ae,ver_max,4p5inchStickout_F_12-Jun-2017_rpm570_doc0p040_window_0008,4p5inchStickout/F_12-Jun-2017_rpm570_doc0p040,train,42,1,cv_evaluation,no_chatter,0,0.014932048,8
turning,cnn_ae,ver_max,4p5inchStickout_F_12-Jun-2017_rpm570_doc0p040_window_0009,4p5inchStickout/F_12-Jun-2017_rpm570_doc0p040,train,42,1,cv_evaluation,no_chatter,0,0.012802281,8
turning,cnn_ae,ver_max,4p5inchStickout_F_12-Jun-2017_rpm570_doc0p040_window_0010,4p5inchStickout/F_12-Jun-2017_rpm570_doc0p040,train,42,1,cv_evaluation,no_chatter,0,0.00990766,8
turning,cnn_ae,ver_max,4p5inchStickout_F_12-Jun-2017_rpm570_doc0p040_window_0011,4p5inchStickout/F_12-Jun-2017_rpm570_doc0p040,train,42,1,cv_evaluation,no_chatter,0,0.008047089,8
turning,cnn_ae,ver_max,4p5inchStickout_F_13-Jun-2017_rpm1030_doc0p015_window_0000,4p5inchStickout/F_13-Jun-2017_rpm1030_doc0p015,train,42,1,cv_evaluation,no_chatter,0,0.003159086,8
turning,cnn_ae,ver_max,4p5inchStickout_F_13-Jun-2017_rpm1030_doc0p015_window_0001,4p5inchStickout/F_13-Jun-2017_rpm1030_doc0p015,train,42,1,cv_evaluation,no_chatter,0,0.024923429,8
turning,cnn_ae,ver_max,4p5inchStickout_F_13-Jun-2017_rpm1030_doc0p015_window_0002,4p5inchStickout/F_13-Jun-2017_rpm1030_doc0p015,train,42,1,cv_evaluation,no_chatter,0,0.024264246,8
turning,cnn_ae,ver_max,4p5inchStickout_F_13-Jun-2017_rpm1030_doc0p015_window_0003,4p5inchStickout/F_13-Jun-2017_rpm1030_doc0p015,validation,42,1,cv_evaluation,no_chatter,0,0.024275947,8
turning,cnn_ae,ver_topk,2inchStickout_F_08-Jun-2017_rpm1030_doc0p001_window_0000,2inchStickout/F_08-Jun-2017_rpm1030_doc0p001,train,42,1,cv_evaluation,no_chatter,0,0.00741249,8
turning,cnn_ae,ver_topk,2inchStickout_F_08-Jun-2017_rpm1030_doc0p001_window_0001,2inchStickout/F_08-Jun-2017_rpm1030_doc0p001,validation,42,1,cv_evaluation,chatter,1,0.121236056,8
turning,cnn_ae,ver_topk,2inchStickout_F_08-Jun-2017_rpm1030_doc0p001_window_0002,2inchStickout/F_08-Jun-2017_rpm1030_doc0p001,validation,42,1,cv_evaluation,chatter,1,0.12721987,8
turning,cnn_ae,ver_topk,2inchStickout_F_08-Jun-2017_rpm1030_doc0p001_window_0003,2inchStickout/F_08-Jun-2017_rpm1030_doc0p001,validation,42,1,cv_evaluation,chatter,1,0.15530418,8
turning,cnn_ae,ver_topk,2inchStickout_F_08-Jun-2017_rpm320_doc0p010_window_0000,2inchStickout/F_08-Jun-2017_rpm320_doc0p010,train,42,1,cv_evaluation,no_chatter,0,0.0032932758,8
turning,cnn_ae,ver_topk,2inchStickout_F_08-Jun-2017_rpm320_doc0p010_window_0001,2inchStickout/F_08-Jun-2017_rpm320_doc0p010,train,42,1,cv_evaluation,no_chatter,0,0.0032638803,8
turning,cnn_ae,ver_topk,2inchStickout_F_08-Jun-2017_rpm320_doc0p010_window_0002,2inchStickout/F_08-Jun-2017_rpm320_doc0p010,train,42,1,cv_evaluation,no_chatter,0,0.0032602649,8
turning,cnn_ae,ver_topk,2inchStickout_F_08-Jun-2017_rpm320_doc0p010_window_0003,2inchStickout/F_08-Jun-2017_rpm320_doc0p010,train,42,1,cv_evaluation,no_chatter,0,0.003599412,8
turning,cnn_ae,ver_topk,2inchStickout_F_08-Jun-2017_rpm320_doc0p010_window_0004,2inchStickout/F_08-Jun-2017_rpm320_doc0p010,train,42,1,cv_evaluation,no_chatter,0,0.0034089906,8
turning,cnn_ae,ver_topk,2inchStickout_F_08-Jun-2017_rpm320_doc0p010_window_0005,2inchStickout/F_08-Jun-2017_rpm320_doc0p010,validation,42,1,cv_evaluation,no_chatter,0,0.0031144796,8
turning,cnn_ae,ver_topk,2inchStickout_F_08-Jun-2017_rpm320_doc0p010_window_0006,2inchStickout/F_08-Jun-2017_rpm320_doc0p010,validation,42,1,cv_evaluation,no_chatter,0,0.0033187103,8
turning,cnn_ae,ver_topk,2inchStickout_F_08-Jun-2017_rpm320_doc0p010_window_0007,2inchStickout/F_08-Jun-2017_rpm320_doc0p010,train,42,1,cv_evaluation,no_chatter,0,0.0041922447,8
turning,cnn_ae,ver_topk,2inchStickout_F_08-Jun-2017_rpm320_doc0p010_window_0008,2inchStickout/F_08-Jun-2017_rpm320_doc0p010,validation,42,1,cv_evaluation,no_chatter,0,0.0054778135,8
turning,cnn_ae,ver_topk,2inchStickout_F_08-Jun-2017_rpm320_doc0p010_window_0009,2inchStickout/F_08-Jun-2017_rpm320_doc0p010,train,42,1,cv_evaluation,no_chatter,0,0.01595849,8
turning,cnn_ae,ver_topk,2inchStickout_F_08-Jun-2017_rpm320_doc0p010_window_0010,2inchStickout/F_08-Jun-2017_rpm320_doc0p010,train,42,1,cv_evaluation,no_chatter,0,0.023054479,8
turning,cnn_ae,ver_topk,2inchStickout_F_08-Jun-2017_rpm320_doc0p010_window_0011,2inchStickout/F_08-Jun-2017_rpm320_doc0p010,validation,42,1,cv_evaluation,no_chatter,0,0.017265657,8
turning,cnn_ae,ver_topk,2inchStickout_F_08-Jun-2017_rpm320_doc0p010_window_0012,2inchStickout/F_08-Jun-2017_rpm320_doc0p010,train,42,1,cv_evaluation,no_chatter,0,0.010356751,8
turning,cnn_ae,ver_topk,2inchStickout_F_08-Jun-2017_rpm320_doc0p010_window_0013,2inchStickout/F_08-Jun-2017_rpm320_doc0p010,validation,42,1,cv_evaluation,no_chatter,0,0.012750088,8
turning,cnn_ae,ver_topk,2inchStickout_F_08-Jun-2017_rpm320_doc0p010_window_0014,2inchStickout/F_08-Jun-2017_rpm320_doc0p010,train,42,1,cv_evaluation,no_chatter,0,0.012132096,8
turning,cnn_ae,ver_topk,2inchStickout_F_08-Jun-2017_rpm320_doc0p010_window_0015,2inchStickout/F_08-Jun-2017_rpm320_doc0p010,train,42,1,cv_evaluation,no_chatter,0,0.007911387,8
turning,cnn_ae,ver_topk,2inchStickout_F_08-Jun-2017_rpm320_doc0p010_window_0016,2inchStickout/F_08-Jun-2017_rpm320_doc0p010,train,42,1,cv_evaluation,no_chatter,0,0.008819675,8
turning,cnn_ae,ver_topk,2inchStickout_F_08-Jun-2017_rpm320_doc0p010_window_0017,2inchStickout/F_08-Jun-2017_rpm320_doc0p010,train,42,1,cv_evaluation,no_chatter,0,0.007812709,8
turning,cnn_ae,ver_topk,2inchStickout_F_08-Jun-2017_rpm320_doc0p010_window_0018,2inchStickout/F_08-Jun-2017_rpm320_doc0p010,train,42,1,cv_evaluation,no_chatter,0,0.0073815663,8
turning,cnn_ae,ver_topk,2inchStickout_F_08-Jun-2017_rpm320_doc0p010_window_0019,2inchStickout/F_08-Jun-2017_rpm320_doc0p010,train,42,1,cv_evaluation,no_chatter,0,0.0063248104,8
turning,cnn_ae,ver_topk,2inchStickout_F_08-Jun-2017_rpm320_doc0p010_window_0020,2inchStickout/F_08-Jun-2017_rpm320_doc0p010,train,42,1,cv_evaluation,no_chatter,0,0.005529213,8
turning,cnn_ae,ver_topk,2inchStickout_F_08-Jun-2017_rpm320_doc0p010_window_0021,2inchStickout/F_08-Jun-2017_rpm320_doc0p010,train,42,1,cv_evaluation,no_chatter,0,0.006733842,8
turning,cnn_ae,ver_topk,2inchStickout_F_08-Jun-2017_rpm320_doc0p010_window_0022,2inchStickout/F_08-Jun-2017_rpm320_doc0p010,train,42,1,cv_evaluation,no_chatter,0,0.009359294,8
turning,cnn_ae,ver_topk,2inchStickout_F_08-Jun-2017_rpm320_doc0p010_window_0023,2inchStickout/F_08-Jun-2017_rpm320_doc0p010,train,42,1,cv_evaluation,no_chatter,0,0.006118461,8
turning,cnn_ae,ver_topk,2inchStickout_F_08-Jun-2017_rpm320_doc0p045_window_0000,2inchStickout/F_08-Jun-2017_rpm320_doc0p045,train,42,1,cv_evaluation,no_chatter,0,0.0035073187,8
turning,cnn_ae,ver_topk,2inchStickout_F_08-Jun-2017_rpm320_doc0p045_window_0001,2inchStickout/F_08-Jun-2017_rpm320_doc0p045,train,42,1,cv_evaluation,no_chatter,0,0.0035925172,8
turning,cnn_ae,ver_topk,2inchStickout_F_08-Jun-2017_rpm320_doc0p045_window_0002,2inchStickout/F_08-Jun-2017_rpm320_doc0p045,train,42,1,cv_evaluation,no_chatter,0,0.0050489786,8
turning,cnn_ae,ver_topk,2inchStickout_F_08-Jun-2017_rpm320_doc0p045_window_0003,2inchStickout/F_08-Jun-2017_rpm320_doc0p045,train,42,1,cv_evaluation,no_chatter,0,0.005059056,8
turning,cnn_ae,ver_topk,2inchStickout_F_08-Jun-2017_rpm320_doc0p045_window_0004,2inchStickout/F_08-Jun-2017_rpm320_doc0p045,train,42,1,cv_evaluation,no_chatter,0,0.0062007303,8
turning,cnn_ae,ver_topk,2inchStickout_F_08-Jun-2017_rpm320_doc0p045_window_0005,2inchStickout/F_08-Jun-2017_rpm320_doc0p045,train,42,1,cv_evaluation,no_chatter,0,0.008294498,8
turning,cnn_ae,ver_topk,2inchStickout_F_08-Jun-2017_rpm320_doc0p045_window_0006,2inchStickout/F_08-Jun-2017_rpm320_doc0p045,train,42,1,cv_evaluation,no_chatter,0,0.008510324,8
turning,cnn_ae,ver_topk,2inchStickout_F_08-Jun-2017_rpm320_doc0p045_window_0007,2inchStickout/F_08-Jun-2017_rpm320_doc0p045,train,42,1,cv_evaluation,no_chatter,0,0.008141667,8
turning,cnn_ae,ver_topk,2inchStickout_F_08-Jun-2017_rpm320_doc0p045_window_0008,2inchStickout/F_08-Jun-2017_rpm320_doc0p045,train,42,1,cv_evaluation,no_chatter,0,0.0076601524,8
turning,cnn_ae,ver_topk,2inchStickout_F_08-Jun-2017_rpm320_doc0p045_window_0009,2inchStickout/F_08-Jun-2017_rpm320_doc0p045,validation,42,1,cv_evaluation,no_chatter,0,0.0074497927,8
turning,cnn_ae,ver_topk,2inchStickout_F_08-Jun-2017_rpm320_doc0p045_window_0010,2inchStickout/F_08-Jun-2017_rpm320_doc0p045,train,42,1,cv_evaluation,no_chatter,0,0.007469069,8
turning,cnn_ae,ver_topk,2inchStickout_F_08-Jun-2017_rpm320_doc0p045_window_0011,2inchStickout/F_08-Jun-2017_rpm320_doc0p045,train,42,1,cv_evaluation,no_chatter,0,0.0057022125,8
turning,cnn_ae,ver_topk,2inchStickout_F_08-Jun-2017_rpm320_doc0p045_window_0012,2inchStickout/F_08-Jun-2017_rpm320_doc0p045,train,42,1,cv_evaluation,no_chatter,0,0.00522608,8
turning,cnn_ae,ver_topk,2inchStickout_F_08-Jun-2017_rpm320_doc0p045_window_0013,2inchStickout/F_08-Jun-2017_rpm320_doc0p045,train,42,1,cv_evaluation,no_chatter,0,0.004955122,8
turning,cnn_ae,ver_topk,2inchStickout_F_08-Jun-2017_rpm320_doc0p045_window_0014,2inchStickout/F_08-Jun-2017_rpm320_doc0p045,train,42,1,cv_evaluation,no_chatter,0,0.004460622,8
turning,cnn_ae,ver_topk,2inchStickout_F_08-Jun-2017_rpm320_doc0p045_window_0015,2inchStickout/F_08-Jun-2017_rpm320_doc0p045,validation,42,1,cv_evaluation,no_chatter,0,0.0040087164,8
turning,cnn_ae,ver_topk,2inchStickout_F_08-Jun-2017_rpm320_doc0p045_window_0016,2inchStickout/F_08-Jun-2017_rpm320_doc0p045,validation,42,1,cv_evaluation,no_chatter,0,0.0040892162,8
turning,cnn_ae,ver_topk,2inchStickout_F_08-Jun-2017_rpm320_doc0p045_window_0017,2inchStickout/F_08-Jun-2017_rpm320_doc0p045,validation,42,1,cv_evaluation,no_chatter,0,0.004866258,8
turning,cnn_ae,ver_topk,2inchStickout_F_08-Jun-2017_rpm320_doc0p045_window_0018,2inchStickout/F_08-Jun-2017_rpm320_doc0p045,train,42,1,cv_evaluation,no_chatter,0,0.005890651,8
turning,cnn_ae,ver_topk,2inchStickout_F_08-Jun-2017_rpm320_doc0p045_window_0019,2inchStickout/F_08-Jun-2017_rpm320_doc0p045,train,42,1,cv_evaluation,no_chatter,0,0.008474216,8
turning,cnn_ae,ver_topk,2inchStickout_F_08-Jun-2017_rpm320_doc0p045_window_0020,2inchStickout/F_08-Jun-2017_rpm320_doc0p045,train,42,1,cv_evaluation,no_chatter,0,0.009427364,8
turning,cnn_ae,ver_topk,2inchStickout_F_08-Jun-2017_rpm320_doc0p045_window_0021,2inchStickout/F_08-Jun-2017_rpm320_doc0p045,train,42,1,cv_evaluation,no_chatter,0,0.011123374,8
turning,cnn_ae,ver_topk,2inchStickout_F_08-Jun-2017_rpm320_doc0p045_window_0022,2inchStickout/F_08-Jun-2017_rpm320_doc0p045,train,42,1,cv_evaluation,no_chatter,0,0.00680249,8
turning,cnn_ae,ver_topk,2inchStickout_F_08-Jun-2017_rpm320_doc0p045_window_0023,2inchStickout/F_08-Jun-2017_rpm320_doc0p045,train,42,1,cv_evaluation,no_chatter,0,0.006855613,8
turning,cnn_ae,ver_topk,2inchStickout_F_08-Jun-2017_rpm320_doc0p060_xAccDetached_window_0000,2inchStickout/F_08-Jun-2017_rpm320_doc0p060_xAccDetached,train,42,1,cv_evaluation,no_chatter,0,0.0033787433,8
turning,cnn_ae,ver_topk,2inchStickout_F_08-Jun-2017_rpm320_doc0p060_xAccDetached_window_0001,2inchStickout/F_08-Jun-2017_rpm320_doc0p060_xAccDetached,train,42,1,cv_evaluation,no_chatter,0,0.0035378113,8
turning,cnn_ae,ver_topk,2inchStickout_F_08-Jun-2017_rpm320_doc0p060_xAccDetached_window_0002,2inchStickout/F_08-Jun-2017_rpm320_doc0p060_xAccDetached,train,42,1,cv_evaluation,no_chatter,0,0.005540864,8
turning,cnn_ae,ver_topk,2inchStickout_F_08-Jun-2017_rpm320_doc0p060_xAccDetached_window_0003,2inchStickout/F_08-Jun-2017_rpm320_doc0p060_xAccDetached,validation,42,1,cv_evaluation,no_chatter,0,0.003894278,8
turning,cnn_ae,ver_topk,2inchStickout_F_08-Jun-2017_rpm320_doc0p060_xAccDetached_window_0004,2inchStickout/F_08-Jun-2017_rpm320_doc0p060_xAccDetached,train,42,1,cv_evaluation,no_chatter,0,0.004650404,8
turning,cnn_ae,ver_topk,2inchStickout_F_08-Jun-2017_rpm320_doc0p060_xAccDetached_window_0005,2inchStickout/F_08-Jun-2017_rpm320_doc0p060_xAccDetached,train,42,1,cv_evaluation,no_chatter,0,0.004635621,8
turning,cnn_ae,ver_topk,2inchStickout_F_08-Jun-2017_rpm320_doc0p060_xAccDetached_window_0006,2inchStickout/F_08-Jun-2017_rpm320_doc0p060_xAccDetached,train,42,1,cv_evaluation,no_chatter,0,0.004669978,8
turning,cnn_ae,ver_topk,2inchStickout_F_08-Jun-2017_rpm320_doc0p060_xAccDetached_window_0007,2inchStickout/F_08-Jun-2017_rpm320_doc0p060_xAccDetached,train,42,1,cv_evaluation,no_chatter,0,0.0048780907,8
turning,cnn_ae,ver_topk,2inchStickout_F_08-Jun-2017_rpm320_doc0p060_xAccDetached_window_0008,2inchStickout/F_08-Jun-2017_rpm320_doc0p060_xAccDetached,train,42,1,cv_evaluation,no_chatter,0,0.0056103193,8
turning,cnn_ae,ver_topk,2inchStickout_F_08-Jun-2017_rpm320_doc0p060_xAccDetached_window_0009,2inchStickout/F_08-Jun-2017_rpm320_doc0p060_xAccDetached,train,42,1,cv_evaluation,no_chatter,0,0.0051287287,8
turning,cnn_ae,ver_topk,2inchStickout_F_08-Jun-2017_rpm320_doc0p060_xAccDetached_window_0010,2inchStickout/F_08-Jun-2017_rpm320_doc0p060_xAccDetached,train,42,1,cv_evaluation,no_chatter,0,0.0047318973,8
turning,cnn_ae,ver_topk,2inchStickout_F_08-Jun-2017_rpm320_doc0p060_xAccDetached_window_0011,2inchStickout/F_08-Jun-2017_rpm320_doc0p060_xAccDetached,train,42,1,cv_evaluation,no_chatter,0,0.003865093,8
turning,cnn_ae,ver_topk,2inchStickout_F_08-Jun-2017_rpm425_doc0p025_window_0000,2inchStickout/F_08-Jun-2017_rpm425_doc0p025,train,42,1,cv_evaluation,no_chatter,0,0.0037625972,8
turning,cnn_ae,ver_topk,2inchStickout_F_08-Jun-2017_rpm425_doc0p025_window_0001,2inchStickout/F_08-Jun-2017_rpm425_doc0p025,train,42,1,cv_evaluation,no_chatter,0,0.0038485106,8
turning,cnn_ae,ver_topk,2inchStickout_F_08-Jun-2017_rpm425_doc0p025_window_0002,2inchStickout/F_08-Jun-2017_rpm425_doc0p025,test,42,1,cv_evaluation,no_chatter,0,0.00468001,8
turning,cnn_ae,ver_topk,2inchStickout_F_08-Jun-2017_rpm425_doc0p025_window_0003,2inchStickout/F_08-Jun-2017_rpm425_doc0p025,train,42,1,cv_evaluation,no_chatter,0,0.018684391,8
turning,cnn_ae,ver_topk,2inchStickout_F_08-Jun-2017_rpm425_doc0p025_window_0004,2inchStickout/F_08-Jun-2017_rpm425_doc0p025,validation,42,1,cv_evaluation,chatter,1,0.037450325,8
turning,cnn_ae,ver_topk,2inchStickout_F_08-Jun-2017_rpm425_doc0p025_window_0005,2inchStickout/F_08-Jun-2017_rpm425_doc0p025,validation,42,1,cv_evaluation,chatter,1,0.039763168,8
turning,cnn_ae,ver_topk,2inchStickout_F_08-Jun-2017_rpm425_doc0p025_window_0006,2inchStickout/F_08-Jun-2017_rpm425_doc0p025,validation,42,1,cv_evaluation,chatter,1,0.03886302,8
turning,cnn_ae,ver_topk,2inchStickout_F_08-Jun-2017_rpm425_doc0p025_window_0007,2inchStickout/F_08-Jun-2017_rpm425_doc0p025,validation,42,1,cv_evaluation,chatter,1,0.037328687,8
turning,cnn_ae,ver_topk,2inchStickout_F_08-Jun-2017_rpm570_doc0p002_window_0000,2inchStickout/F_08-Jun-2017_rpm570_doc0p002,train,42,1,cv_evaluation,no_chatter,0,0.0039811623,8
turning,cnn_ae,ver_topk,2inchStickout_F_08-Jun-2017_rpm570_doc0p002_window_0001,2inchStickout/F_08-Jun-2017_rpm570_doc0p002,train,42,1,cv_evaluation,no_chatter,0,0.005251543,8
turning,cnn_ae,ver_topk,2inchStickout_F_08-Jun-2017_rpm570_doc0p002_window_0002,2inchStickout/F_08-Jun-2017_rpm570_doc0p002,test,42,1,cv_evaluation,chatter,1,0.023954362,8
turning,cnn_ae,ver_topk,2inchStickout_F_08-Jun-2017_rpm570_doc0p002_window_0003,2inchStickout/F_08-Jun-2017_rpm570_doc0p002,test,42,1,cv_evaluation,chatter,1,0.038044717,8
turning,cnn_ae,ver_topk,2inchStickout_F_08-Jun-2017_rpm570_doc0p002_window_0004,2inchStickout/F_08-Jun-2017_rpm570_doc0p002,train,42,1,cv_evaluation,no_chatter,0,0.017877072,8
turning,cnn_ae,ver_topk,2inchStickout_F_08-Jun-2017_rpm570_doc0p002_window_0005,2inchStickout/F_08-Jun-2017_rpm570_doc0p002,train,42,1,cv_evaluation,no_chatter,0,0.058663752,8
turning,cnn_ae,ver_topk,2inchStickout_F_08-Jun-2017_rpm570_doc0p005_window_0000,2inchStickout/F_08-Jun-2017_rpm570_doc0p005,train,42,1,cv_evaluation,no_chatter,0,0.0040943534,8
turning,cnn_ae,ver_topk,2inchStickout_F_08-Jun-2017_rpm570_doc0p005_window_0001,2inchStickout/F_08-Jun-2017_rpm570_doc0p005,test,42,1,cv_evaluation,no_chatter,0,0.005602373,8
turning,cnn_ae,ver_topk,2inchStickout_F_08-Jun-2017_rpm570_doc0p005_window_0002,2inchStickout/F_08-Jun-2017_rpm570_doc0p005,test,42,1,cv_evaluation,chatter,1,0.03348491,8
turning,cnn_ae,ver_topk,2inchStickout_F_08-Jun-2017_rpm570_doc0p005_window_0003,2inchStickout/F_08-Jun-2017_rpm570_doc0p005,train,42,1,cv_evaluation,no_chatter,0,0.015665738,8
turning,cnn_ae,ver_topk,2p5inchStickout_F_12-Jun-2017_rpm570_doc0p012_window_0000,2p5inchStickout/F_12-Jun-2017_rpm570_doc0p012,train,42,1,cv_evaluation,no_chatter,0,0.0033757351,8
turning,cnn_ae,ver_topk,2p5inchStickout_F_12-Jun-2017_rpm570_doc0p012_window_0001,2p5inchStickout/F_12-Jun-2017_rpm570_doc0p012,train,42,1,cv_evaluation,no_chatter,0,0.013139348,8
turning,cnn_ae,ver_topk,2p5inchStickout_F_12-Jun-2017_rpm570_doc0p012_window_0002,2p5inchStickout/F_12-Jun-2017_rpm570_doc0p012,test,42,1,cv_evaluation,chatter,1,0.020383226,8
turning,cnn_ae,ver_topk,2p5inchStickout_F_12-Jun-2017_rpm570_doc0p012_window_0003,2p5inchStickout/F_12-Jun-2017_rpm570_doc0p012,train,42,1,cv_evaluation,no_chatter,0,0.013897813,8
turning,cnn_ae,ver_topk,2p5inchStickout_F_12-Jun-2017_rpm570_doc0p012_window_0004,2p5inchStickout/F_12-Jun-2017_rpm570_doc0p012,train,42,1,cv_evaluation,no_chatter,0,0.012694583,8
turning,cnn_ae,ver_topk,2p5inchStickout_F_12-Jun-2017_rpm570_doc0p012_window_0005,2p5inchStickout/F_12-Jun-2017_rpm570_doc0p012,train,42,1,cv_evaluation,no_chatter,0,0.015945118,8
turning,cnn_ae,ver_topk,2p5inchStickout_F_12-Jun-2017_rpm570_doc0p012_window_0006,2p5inchStickout/F_12-Jun-2017_rpm570_doc0p012,validation,42,1,cv_evaluation,no_chatter,0,0.010044581,8
turning,cnn_ae,ver_topk,2p5inchStickout_F_12-Jun-2017_rpm570_doc0p012_window_0007,2p5inchStickout/F_12-Jun-2017_rpm570_doc0p012,train,42,1,cv_evaluation,no_chatter,0,0.009913211,8
turning,cnn_ae,ver_topk,2p5inchStickout_F_12-Jun-2017_rpm570_doc0p012_window_0008,2p5inchStickout/F_12-Jun-2017_rpm570_doc0p012,validation,42,1,cv_evaluation,no_chatter,0,0.010102459,8
turning,cnn_ae,ver_topk,2p5inchStickout_F_12-Jun-2017_rpm570_doc0p012_window_0009,2p5inchStickout/F_12-Jun-2017_rpm570_doc0p012,validation,42,1,cv_evaluation,no_chatter,0,0.009459445,8
turning,cnn_ae,ver_topk,2p5inchStickout_F_12-Jun-2017_rpm570_doc0p014_window_0000,2p5inchStickout/F_12-Jun-2017_rpm570_doc0p014,train,42,1,cv_evaluation,no_chatter,0,0.0032834064,8
turning,cnn_ae,ver_topk,2p5inchStickout_F_12-Jun-2017_rpm570_doc0p014_window_0001,2p5inchStickout/F_12-Jun-2017_rpm570_doc0p014,train,42,1,cv_evaluation,no_chatter,0,0.0066169933,8
turning,cnn_ae,ver_topk,2p5inchStickout_F_12-Jun-2017_rpm570_doc0p014_window_0002,2p5inchStickout/F_12-Jun-2017_rpm570_doc0p014,train,42,1,cv_evaluation,no_chatter,0,0.020413004,8
turning,cnn_ae,ver_topk,2p5inchStickout_F_12-Jun-2017_rpm570_doc0p014_window_0003,2p5inchStickout/F_12-Jun-2017_rpm570_doc0p014,validation,42,1,cv_evaluation,no_chatter,0,0.013463806,8
turning,cnn_ae,ver_topk,2p5inchStickout_F_12-Jun-2017_rpm570_doc0p014_window_0004,2p5inchStickout/F_12-Jun-2017_rpm570_doc0p014,validation,42,1,cv_evaluation,no_chatter,0,0.012282658,8
turning,cnn_ae,ver_topk,2p5inchStickout_F_12-Jun-2017_rpm570_doc0p014_window_0005,2p5inchStickout/F_12-Jun-2017_rpm570_doc0p014,validation,42,1,cv_evaluation,no_chatter,0,0.011142943,8
turning,cnn_ae,ver_topk,2p5inchStickout_F_12-Jun-2017_rpm770_doc0p005_window_0000,2p5inchStickout/F_12-Jun-2017_rpm770_doc0p005,train,42,1,cv_evaluation,no_chatter,0,0.004606048,8
turning,cnn_ae,ver_topk,2p5inchStickout_F_12-Jun-2017_rpm770_doc0p005_window_0001,2p5inchStickout/F_12-Jun-2017_rpm770_doc0p005,train,42,1,cv_evaluation,no_chatter,0,0.042683322,8
turning,cnn_ae,ver_topk,2p5inchStickout_F_12-Jun-2017_rpm770_doc0p005_window_0002,2p5inchStickout/F_12-Jun-2017_rpm770_doc0p005,train,42,1,cv_evaluation,no_chatter,0,0.009558448,8
turning,cnn_ae,ver_topk,2p5inchStickout_F_12-Jun-2017_rpm770_doc0p005_window_0003,2p5inchStickout/F_12-Jun-2017_rpm770_doc0p005,train,42,1,cv_evaluation,no_chatter,0,0.018885223,8
turning,cnn_ae,ver_topk,3p5inchStickout_F_12-Jun-2017_rpm570_doc0p025_window_0000,3p5inchStickout/F_12-Jun-2017_rpm570_doc0p025,validation,42,1,cv_evaluation,no_chatter,0,0.0028008337,8
turning,cnn_ae,ver_topk,3p5inchStickout_F_12-Jun-2017_rpm570_doc0p025_window_0001,3p5inchStickout/F_12-Jun-2017_rpm570_doc0p025,train,42,1,cv_evaluation,no_chatter,0,0.0044061854,8
turning,cnn_ae,ver_topk,3p5inchStickout_F_12-Jun-2017_rpm570_doc0p025_window_0002,3p5inchStickout/F_12-Jun-2017_rpm570_doc0p025,train,42,1,cv_evaluation,no_chatter,0,0.006034605,8
turning,cnn_ae,ver_topk,3p5inchStickout_F_12-Jun-2017_rpm570_doc0p025_window_0003,3p5inchStickout/F_12-Jun-2017_rpm570_doc0p025,validation,42,1,cv_evaluation,no_chatter,0,0.008988998,8
turning,cnn_ae,ver_topk,3p5inchStickout_F_12-Jun-2017_rpm570_doc0p025_window_0004,3p5inchStickout/F_12-Jun-2017_rpm570_doc0p025,train,42,1,cv_evaluation,no_chatter,0,0.0077597587,8
turning,cnn_ae,ver_topk,3p5inchStickout_F_12-Jun-2017_rpm570_doc0p025_window_0005,3p5inchStickout/F_12-Jun-2017_rpm570_doc0p025,train,42,1,cv_evaluation,no_chatter,0,0.014192703,8
turning,cnn_ae,ver_topk,3p5inchStickout_F_12-Jun-2017_rpm570_doc0p025_window_0006,3p5inchStickout/F_12-Jun-2017_rpm570_doc0p025,train,42,1,cv_evaluation,no_chatter,0,0.012979292,8
turning,cnn_ae,ver_topk,3p5inchStickout_F_12-Jun-2017_rpm570_doc0p025_window_0007,3p5inchStickout/F_12-Jun-2017_rpm570_doc0p025,train,42,1,cv_evaluation,no_chatter,0,0.011354647,8
turning,cnn_ae,ver_topk,3p5inchStickout_F_12-Jun-2017_rpm570_doc0p025_window_0008,3p5inchStickout/F_12-Jun-2017_rpm570_doc0p025,train,42,1,cv_evaluation,no_chatter,0,0.009064323,8
turning,cnn_ae,ver_topk,3p5inchStickout_F_12-Jun-2017_rpm570_doc0p025_window_0009,3p5inchStickout/F_12-Jun-2017_rpm570_doc0p025,train,42,1,cv_evaluation,no_chatter,0,0.010262356,8
turning,cnn_ae,ver_topk,3p5inchStickout_F_14-Jun-2017_rpm1030_doc0p002_window_0000,3p5inchStickout/F_14-Jun-2017_rpm1030_doc0p002,train,42,1,cv_evaluation,no_chatter,0,0.0027370949,8
turning,cnn_ae,ver_topk,3p5inchStickout_F_14-Jun-2017_rpm1030_doc0p002_window_0001,3p5inchStickout/F_14-Jun-2017_rpm1030_doc0p002,train,42,1,cv_evaluation,no_chatter,0,0.06407126,8
turning,cnn_ae,ver_topk,3p5inchStickout_F_14-Jun-2017_rpm1030_doc0p002_window_0002,3p5inchStickout/F_14-Jun-2017_rpm1030_doc0p002,train,42,1,cv_evaluation,no_chatter,0,0.056002274,8
turning,cnn_ae,ver_topk,3p5inchStickout_F_14-Jun-2017_rpm770_doc0p010_window_0000,3p5inchStickout/F_14-Jun-2017_rpm770_doc0p010,train,42,1,cv_evaluation,no_chatter,0,0.002900755,8
turning,cnn_ae,ver_topk,3p5inchStickout_F_14-Jun-2017_rpm770_doc0p010_window_0001,3p5inchStickout/F_14-Jun-2017_rpm770_doc0p010,train,42,1,cv_evaluation,no_chatter,0,0.006278362,8
turning,cnn_ae,ver_topk,3p5inchStickout_F_14-Jun-2017_rpm770_doc0p010_window_0002,3p5inchStickout/F_14-Jun-2017_rpm770_doc0p010,train,42,1,cv_evaluation,no_chatter,0,0.026576394,8
turning,cnn_ae,ver_topk,3p5inchStickout_F_14-Jun-2017_rpm770_doc0p010_window_0003,3p5inchStickout/F_14-Jun-2017_rpm770_doc0p010,train,42,1,cv_evaluation,no_chatter,0,0.02621968,8
turning,cnn_ae,ver_topk,4p5inchStickout_F_12-Jun-2017_rpm570_doc0p040_window_0000,4p5inchStickout/F_12-Jun-2017_rpm570_doc0p040,train,42,1,cv_evaluation,no_chatter,0,0.002957796,8
turning,cnn_ae,ver_topk,4p5inchStickout_F_12-Jun-2017_rpm570_doc0p040_window_0001,4p5inchStickout/F_12-Jun-2017_rpm570_doc0p040,train,42,1,cv_evaluation,no_chatter,0,0.0028581114,8
turning,cnn_ae,ver_topk,4p5inchStickout_F_12-Jun-2017_rpm570_doc0p040_window_0002,4p5inchStickout/F_12-Jun-2017_rpm570_doc0p040,train,42,1,cv_evaluation,no_chatter,0,0.0028096111,8
turning,cnn_ae,ver_topk,4p5inchStickout_F_12-Jun-2017_rpm570_doc0p040_window_0003,4p5inchStickout/F_12-Jun-2017_rpm570_doc0p040,train,42,1,cv_evaluation,no_chatter,0,0.0028101753,8
turning,cnn_ae,ver_topk,4p5inchStickout_F_12-Jun-2017_rpm570_doc0p040_window_0004,4p5inchStickout/F_12-Jun-2017_rpm570_doc0p040,train,42,1,cv_evaluation,no_chatter,0,0.0028304171,8
turning,cnn_ae,ver_topk,4p5inchStickout_F_12-Jun-2017_rpm570_doc0p040_window_0005,4p5inchStickout/F_12-Jun-2017_rpm570_doc0p040,train,42,1,cv_evaluation,no_chatter,0,0.0038417962,8
turning,cnn_ae,ver_topk,4p5inchStickout_F_12-Jun-2017_rpm570_doc0p040_window_0006,4p5inchStickout/F_12-Jun-2017_rpm570_doc0p040,train,42,1,cv_evaluation,no_chatter,0,0.013184593,8
turning,cnn_ae,ver_topk,4p5inchStickout_F_12-Jun-2017_rpm570_doc0p040_window_0007,4p5inchStickout/F_12-Jun-2017_rpm570_doc0p040,train,42,1,cv_evaluation,no_chatter,0,0.015797807,8
turning,cnn_ae,ver_topk,4p5inchStickout_F_12-Jun-2017_rpm570_doc0p040_window_0008,4p5inchStickout/F_12-Jun-2017_rpm570_doc0p040,train,42,1,cv_evaluation,no_chatter,0,0.014686621,8
turning,cnn_ae,ver_topk,4p5inchStickout_F_12-Jun-2017_rpm570_doc0p040_window_0009,4p5inchStickout/F_12-Jun-2017_rpm570_doc0p040,train,42,1,cv_evaluation,no_chatter,0,0.012454412,8
turning,cnn_ae,ver_topk,4p5inchStickout_F_12-Jun-2017_rpm570_doc0p040_window_0010,4p5inchStickout/F_12-Jun-2017_rpm570_doc0p040,train,42,1,cv_evaluation,no_chatter,0,0.00961404,8
turning,cnn_ae,ver_topk,4p5inchStickout_F_12-Jun-2017_rpm570_doc0p040_window_0011,4p5inchStickout/F_12-Jun-2017_rpm570_doc0p040,train,42,1,cv_evaluation,no_chatter,0,0.0074839876,8
turning,cnn_ae,ver_topk,4p5inchStickout_F_13-Jun-2017_rpm1030_doc0p015_window_0000,4p5inchStickout/F_13-Jun-2017_rpm1030_doc0p015,train,42,1,cv_evaluation,no_chatter,0,0.0031428167,8
turning,cnn_ae,ver_topk,4p5inchStickout_F_13-Jun-2017_rpm1030_doc0p015_window_0001,4p5inchStickout/F_13-Jun-2017_rpm1030_doc0p015,train,42,1,cv_evaluation,no_chatter,0,0.023782365,8
turning,cnn_ae,ver_topk,4p5inchStickout_F_13-Jun-2017_rpm1030_doc0p015_window_0002,4p5inchStickout/F_13-Jun-2017_rpm1030_doc0p015,train,42,1,cv_evaluation,no_chatter,0,0.020872256,8
turning,cnn_ae,ver_topk,4p5inchStickout_F_13-Jun-2017_rpm1030_doc0p015_window_0003,4p5inchStickout/F_13-Jun-2017_rpm1030_doc0p015,validation,42,1,cv_evaluation,no_chatter,0,0.023821523,8
turning,cnn_ae,global_mse,2inchStickout_F_08-Jun-2017_rpm320_doc0p015_window_0000,2inchStickout/F_08-Jun-2017_rpm320_doc0p015,train,42,2,cv_evaluation,no_chatter,0,7.3187046e-05,8
turning,cnn_ae,global_mse,2inchStickout_F_08-Jun-2017_rpm320_doc0p015_window_0001,2inchStickout/F_08-Jun-2017_rpm320_doc0p015,validation,42,2,cv_evaluation,no_chatter,0,6.906031e-05,8
turning,cnn_ae,global_mse,2inchStickout_F_08-Jun-2017_rpm320_doc0p015_window_0002,2inchStickout/F_08-Jun-2017_rpm320_doc0p015,train,42,2,cv_evaluation,no_chatter,0,7.3427036e-05,8
turning,cnn_ae,global_mse,2inchStickout_F_08-Jun-2017_rpm320_doc0p015_window_0003,2inchStickout/F_08-Jun-2017_rpm320_doc0p015,validation,42,2,cv_evaluation,no_chatter,0,0.00036700253,8
turning,cnn_ae,global_mse,2inchStickout_F_08-Jun-2017_rpm320_doc0p015_window_0004,2inchStickout/F_08-Jun-2017_rpm320_doc0p015,train,42,2,cv_evaluation,no_chatter,0,0.00068160985,8
turning,cnn_ae,global_mse,2inchStickout_F_08-Jun-2017_rpm320_doc0p015_window_0005,2inchStickout/F_08-Jun-2017_rpm320_doc0p015,train,42,2,cv_evaluation,no_chatter,0,0.0009766107,8
turning,cnn_ae,global_mse,2inchStickout_F_08-Jun-2017_rpm320_doc0p015_window_0006,2inchStickout/F_08-Jun-2017_rpm320_doc0p015,train,42,2,cv_evaluation,no_chatter,0,0.00094907475,8
turning,cnn_ae,global_mse,2inchStickout_F_08-Jun-2017_rpm320_doc0p015_window_0007,2inchStickout/F_08-Jun-2017_rpm320_doc0p015,train,42,2,cv_evaluation,no_chatter,0,0.00060601305,8
turning,cnn_ae,global_mse,2inchStickout_F_08-Jun-2017_rpm320_doc0p015_window_0008,2inchStickout/F_08-Jun-2017_rpm320_doc0p015,train,42,2,cv_evaluation,no_chatter,0,0.0006855049,8
turning,cnn_ae,global_mse,2inchStickout_F_08-Jun-2017_rpm320_doc0p015_window_0009,2inchStickout/F_08-Jun-2017_rpm320_doc0p015,train,42,2,cv_evaluation,no_chatter,0,0.0008292391,8
turning,cnn_ae,global_mse,2inchStickout_F_08-Jun-2017_rpm320_doc0p015_window_0010,2inchStickout/F_08-Jun-2017_rpm320_doc0p015,train,42,2,cv_evaluation,no_chatter,0,0.00061879796,8
turning,cnn_ae,global_mse,2inchStickout_F_08-Jun-2017_rpm320_doc0p015_window_0011,2inchStickout/F_08-Jun-2017_rpm320_doc0p015,train,42,2,cv_evaluation,no_chatter,0,0.00059493457,8
turning,cnn_ae,global_mse,2inchStickout_F_08-Jun-2017_rpm320_doc0p015_window_0012,2inchStickout/F_08-Jun-2017_rpm320_doc0p015,train,42,2,cv_evaluation,no_chatter,0,0.00066677923,8
turning,cnn_ae,global_mse,2inchStickout_F_08-Jun-2017_rpm320_doc0p015_window_0013,2inchStickout/F_08-Jun-2017_rpm320_doc0p015,validation,42,2,cv_evaluation,no_chatter,0,0.0008167056,8
turning,cnn_ae,global_mse,2inchStickout_F_08-Jun-2017_rpm320_doc0p015_window_0014,2inchStickout/F_08-Jun-2017_rpm320_doc0p015,validation,42,2,cv_evaluation,no_chatter,0,0.0008173357,8
turning,cnn_ae,global_mse,2inchStickout_F_08-Jun-2017_rpm320_doc0p015_window_0015,2inchStickout/F_08-Jun-2017_rpm320_doc0p015,train,42,2,cv_evaluation,no_chatter,0,0.00057139015,8
turning,cnn_ae,global_mse,2inchStickout_F_08-Jun-2017_rpm320_doc0p015_window_0016,2inchStickout/F_08-Jun-2017_rpm320_doc0p015,train,42,2,cv_evaluation,no_chatter,0,0.000839562,8
turning,cnn_ae,global_mse,2inchStickout_F_08-Jun-2017_rpm320_doc0p015_window_0017,2inchStickout/F_08-Jun-2017_rpm320_doc0p015,train,42,2,cv_evaluation,no_chatter,0,0.00060537376,8
turning,cnn_ae,global_mse,2inchStickout_F_08-Jun-2017_rpm320_doc0p015_window_0018,2inchStickout/F_08-Jun-2017_rpm320_doc0p015,train,42,2,cv_evaluation,no_chatter,0,0.000679174,8
turning,cnn_ae,global_mse,2inchStickout_F_08-Jun-2017_rpm320_doc0p015_window_0019,2inchStickout/F_08-Jun-2017_rpm320_doc0p015,train,42,2,cv_evaluation,no_chatter,0,0.0009371309,8
turning,cnn_ae,global_mse,2inchStickout_F_08-Jun-2017_rpm320_doc0p015_window_0020,2inchStickout/F_08-Jun-2017_rpm320_doc0p015,train,42,2,cv_evaluation,no_chatter,0,0.00067114027,8
turning,cnn_ae,global_mse,2inchStickout_F_08-Jun-2017_rpm320_doc0p015_window_0021,2inchStickout/F_08-Jun-2017_rpm320_doc0p015,train,42,2,cv_evaluation,no_chatter,0,0.0006283135,8
turning,cnn_ae,global_mse,2inchStickout_F_08-Jun-2017_rpm320_doc0p015_window_0022,2inchStickout/F_08-Jun-2017_rpm320_doc0p015,train,42,2,cv_evaluation,no_chatter,0,0.00047194218,8
turning,cnn_ae,global_mse,2inchStickout_F_08-Jun-2017_rpm320_doc0p015_window_0023,2inchStickout/F_08-Jun-2017_rpm320_doc0p015,train,42,2,cv_evaluation,no_chatter,0,0.0009653012,8
turning,cnn_ae,global_mse,2inchStickout_F_08-Jun-2017_rpm320_doc0p050_window_0000,2inchStickout/F_08-Jun-2017_rpm320_doc0p050,train,42,2,cv_evaluation,no_chatter,0,0.000101140606,8
turning,cnn_ae,global_mse,2inchStickout_F_08-Jun-2017_rpm320_doc0p050_window_0001,2inchStickout/F_08-Jun-2017_rpm320_doc0p050,train,42,2,cv_evaluation,no_chatter,0,5.8208716e-05,8
turning,cnn_ae,global_mse,2inchStickout_F_08-Jun-2017_rpm320_doc0p050_window_0002,2inchStickout/F_08-Jun-2017_rpm320_doc0p050,train,42,2,cv_evaluation,no_chatter,0,5.8414946e-05,8
turning,cnn_ae,global_mse,2inchStickout_F_08-Jun-2017_rpm320_doc0p050_window_0003,2inchStickout/F_08-Jun-2017_rpm320_doc0p050,test,42,2,cv_evaluation,no_chatter,0,0.0016047875,8
turning,cnn_ae,global_mse,2inchStickout_F_08-Jun-2017_rpm320_doc0p050_window_0004,2inchStickout/F_08-Jun-2017_rpm320_doc0p050,train,42,2,cv_evaluation,no_chatter,0,0.00058857835,8
turning,cnn_ae,global_mse,2inchStickout_F_08-Jun-2017_rpm320_doc0p050_window_0005,2inchStickout/F_08-Jun-2017_rpm320_doc0p050,train,42,2,cv_evaluation,no_chatter,0,0.00075930194,8
turning,cnn_ae,global_mse,2inchStickout_F_08-Jun-2017_rpm320_doc0p050_window_0006,2inchStickout/F_08-Jun-2017_rpm320_doc0p050,train,42,2,cv_evaluation,no_chatter,0,0.0007004406,8
turning,cnn_ae,global_mse,2inchStickout_F_08-Jun-2017_rpm320_doc0p050_window_0007,2inchStickout/F_08-Jun-2017_rpm320_doc0p050,train,42,2,cv_evaluation,no_chatter,0,0.0008821906,8
turning,cnn_ae,global_mse,2inchStickout_F_08-Jun-2017_rpm320_doc0p050_window_0008,2inchStickout/F_08-Jun-2017_rpm320_doc0p050,test,42,2,cv_evaluation,no_chatter,0,0.0005680577,8
turning,cnn_ae,global_mse,2inchStickout_F_08-Jun-2017_rpm320_doc0p050_window_0009,2inchStickout/F_08-Jun-2017_rpm320_doc0p050,test,42,2,cv_evaluation,no_chatter,0,0.00067296624,8
turning,cnn_ae,global_mse,2inchStickout_F_08-Jun-2017_rpm320_doc0p050_window_0010,2inchStickout/F_08-Jun-2017_rpm320_doc0p050,train,42,2,cv_evaluation,no_chatter,0,0.0006688295,8
turning,cnn_ae,global_mse,2inchStickout_F_08-Jun-2017_rpm320_doc0p050_window_0011,2inchStickout/F_08-Jun-2017_rpm320_doc0p050,train,42,2,cv_evaluation,no_chatter,0,0.0006335417,8
turning,cnn_ae,global_mse,2inchStickout_F_08-Jun-2017_rpm320_doc0p050_window_0012,2inchStickout/F_08-Jun-2017_rpm320_doc0p050,test,42,2,cv_evaluation,no_chatter,0,0.0005887925,8
turning,cnn_ae,global_mse,2inchStickout_F_08-Jun-2017_rpm320_doc0p050_window_0013,2inchStickout/F_08-Jun-2017_rpm320_doc0p050,test,42,2,cv_evaluation,no_chatter,0,0.0008335874,8
turning,cnn_ae,global_mse,2inchStickout_F_08-Jun-2017_rpm320_doc0p050_window_0014,2inchStickout/F_08-Jun-2017_rpm320_doc0p050,test,42,2,cv_evaluation,no_chatter,0,0.00087159534,8
turning,cnn_ae,global_mse,2inchStickout_F_08-Jun-2017_rpm320_doc0p050_window_0015,2inchStickout/F_08-Jun-2017_rpm320_doc0p050,train,42,2,cv_evaluation,no_chatter,0,0.0012891368,8
turning,cnn_ae,global_mse,2inchStickout_F_08-Jun-2017_rpm320_doc0p050_window_0016,2inchStickout/F_08-Jun-2017_rpm320_doc0p050,train,42,2,cv_evaluation,no_chatter,0,0.00096972234,8
turning,cnn_ae,global_mse,2inchStickout_F_08-Jun-2017_rpm320_doc0p050_window_0017,2inchStickout/F_08-Jun-2017_rpm320_doc0p050,test,42,2,cv_evaluation,no_chatter,0,0.0006585214,8
turning,cnn_ae,global_mse,2inchStickout_F_08-Jun-2017_rpm320_doc0p050_window_0018,2inchStickout/F_08-Jun-2017_rpm320_doc0p050,train,42,2,cv_evaluation,no_chatter,0,0.0008793494,8
turning,cnn_ae,global_mse,2inchStickout_F_08-Jun-2017_rpm320_doc0p050_window_0019,2inchStickout/F_08-Jun-2017_rpm320_doc0p050,train,42,2,cv_evaluation,no_chatter,0,0.0010906985,8
turning,cnn_ae,global_mse,2inchStickout_F_08-Jun-2017_rpm320_doc0p050_window_0020,2inchStickout/F_08-Jun-2017_rpm320_doc0p050,train,42,2,cv_evaluation,no_chatter,0,0.00071496505,8
turning,cnn_ae,global_mse,2inchStickout_F_08-Jun-2017_rpm320_doc0p050_window_0021,2inchStickout/F_08-Jun-2017_rpm320_doc0p050,train,42,2,cv_evaluation,no_chatter,0,0.00081702083,8
turning,cnn_ae,global_mse,2inchStickout_F_08-Jun-2017_rpm320_doc0p050_window_0022,2inchStickout/F_08-Jun-2017_rpm320_doc0p050,test,42,2,cv_evaluation,no_chatter,0,0.0007320522,8
turning,cnn_ae,global_mse,2inchStickout_F_08-Jun-2017_rpm320_doc0p050_window_0023,2inchStickout/F_08-Jun-2017_rpm320_doc0p050,test,42,2,cv_evaluation,no_chatter,0,0.0008686795,8
turning,cnn_ae,global_mse,2inchStickout_F_08-Jun-2017_rpm570_doc0p001_window_0000,2inchStickout/F_08-Jun-2017_rpm570_doc0p001,train,42,2,cv_evaluation,no_chatter,0,0.00011382123,8
turning,cnn_ae,global_mse,2inchStickout_F_08-Jun-2017_rpm570_doc0p001_window_0001,2inchStickout/F_08-Jun-2017_rpm570_doc0p001,validation,42,2,cv_evaluation,no_chatter,0,0.0011050374,8
turning,cnn_ae,global_mse,2inchStickout_F_08-Jun-2017_rpm570_doc0p001_window_0002,2inchStickout/F_08-Jun-2017_rpm570_doc0p001,validation,42,2,cv_evaluation,chatter,1,0.0039019266,8
turning,cnn_ae,global_mse,2inchStickout_F_08-Jun-2017_rpm570_doc0p001_window_0003,2inchStickout/F_08-Jun-2017_rpm570_doc0p001,validation,42,2,cv_evaluation,chatter,1,0.00617889,8
turning,cnn_ae,global_mse,2inchStickout_F_08-Jun-2017_rpm570_doc0p001_window_0004,2inchStickout/F_08-Jun-2017_rpm570_doc0p001,validation,42,2,cv_evaluation,chatter,1,0.008442301,8
turning,cnn_ae,global_mse,2inchStickout_F_08-Jun-2017_rpm570_doc0p001_window_0005,2inchStickout/F_08-Jun-2017_rpm570_doc0p001,validation,42,2,cv_evaluation,chatter,1,0.009242314,8
turning,cnn_ae,global_mse,2inchStickout_F_08-Jun-2017_rpm770_doc0p001_window_0000,2inchStickout/F_08-Jun-2017_rpm770_doc0p001,test,42,2,cv_evaluation,no_chatter,0,0.00028032274,8
turning,cnn_ae,global_mse,2inchStickout_F_08-Jun-2017_rpm770_doc0p001_window_0001,2inchStickout/F_08-Jun-2017_rpm770_doc0p001,train,42,2,cv_evaluation,no_chatter,0,0.0031811018,8
turning,cnn_ae,global_mse,2inchStickout_F_08-Jun-2017_rpm770_doc0p001_window_0002,2inchStickout/F_08-Jun-2017_rpm770_doc0p001,train,42,2,cv_evaluation,no_chatter,0,0.002571067,8
turning,cnn_ae,global_mse,2inchStickout_F_08-Jun-2017_rpm770_doc0p001_window_0003,2inchStickout/F_08-Jun-2017_rpm770_doc0p001,train,42,2,cv_evaluation,no_chatter,0,0.0029989495,8
turning,cnn_ae,global_mse,2inchStickout_F_08-Jun-2017_rpm770_doc0p001_window_0004,2inchStickout/F_08-Jun-2017_rpm770_doc0p001,train,42,2,cv_evaluation,no_chatter,0,0.0046356786,8
turning,cnn_ae,global_mse,2inchStickout_F_08-Jun-2017_rpm770_doc0p001_window_0005,2inchStickout/F_08-Jun-2017_rpm770_doc0p001,train,42,2,cv_evaluation,no_chatter,0,0.005420381,8
turning,cnn_ae,global_mse,2inchStickout_F_08-Jun-2017_rpm770_doc0p001_window_0006,2inchStickout/F_08-Jun-2017_rpm770_doc0p001,test,42,2,cv_evaluation,chatter,1,0.008132601,8
turning,cnn_ae,global_mse,2inchStickout_F_08-Jun-2017_rpm770_doc0p001_window_0007,2inchStickout/F_08-Jun-2017_rpm770_doc0p001,test,42,2,cv_evaluation,chatter,1,0.017150102,8
turning,cnn_ae,global_mse,2p5inchStickout_F_12-Jun-2017_rpm570_doc0p003_window_0000,2p5inchStickout/F_12-Jun-2017_rpm570_doc0p003,train,42,2,cv_evaluation,no_chatter,0,0.00036940016,8
turning,cnn_ae,global_mse,2p5inchStickout_F_12-Jun-2017_rpm570_doc0p003_window_0001,2p5inchStickout/F_12-Jun-2017_rpm570_doc0p003,test,42,2,cv_evaluation,no_chatter,0,0.0006152077,8
turning,cnn_ae,global_mse,2p5inchStickout_F_12-Jun-2017_rpm570_doc0p003_window_0002,2p5inchStickout/F_12-Jun-2017_rpm570_doc0p003,train,42,2,cv_evaluation,no_chatter,0,0.0021445814,8
turning,cnn_ae,global_mse,2p5inchStickout_F_12-Jun-2017_rpm570_doc0p003_window_0003,2p5inchStickout/F_12-Jun-2017_rpm570_doc0p003,train,42,2,cv_evaluation,no_chatter,0,0.0031960367,8
turning,cnn_ae,global_mse,2p5inchStickout_F_12-Jun-2017_rpm570_doc0p003_window_0004,2p5inchStickout/F_12-Jun-2017_rpm570_doc0p003,train,42,2,cv_evaluation,no_chatter,0,0.0022413924,8
turning,cnn_ae,global_mse,2p5inchStickout_F_12-Jun-2017_rpm570_doc0p003_window_0005,2p5inchStickout/F_12-Jun-2017_rpm570_doc0p003,train,42,2,cv_evaluation,no_chatter,0,0.0018026099,8
turning,cnn_ae,global_mse,2p5inchStickout_F_12-Jun-2017_rpm570_doc0p003_window_0006,2p5inchStickout/F_12-Jun-2017_rpm570_doc0p003,train,42,2,cv_evaluation,no_chatter,0,0.0016764418,8
turning,cnn_ae,global_mse,2p5inchStickout_F_12-Jun-2017_rpm570_doc0p003_window_0007,2p5inchStickout/F_12-Jun-2017_rpm570_doc0p003,train,42,2,cv_evaluation,no_chatter,0,0.0022616347,8
turning,cnn_ae,global_mse,2p5inchStickout_F_12-Jun-2017_rpm570_doc0p003_window_0008,2p5inchStickout/F_12-Jun-2017_rpm570_doc0p003,train,42,2,cv_evaluation,no_chatter,0,0.0043931175,8
turning,cnn_ae,global_mse,2p5inchStickout_F_12-Jun-2017_rpm570_doc0p003_window_0009,2p5inchStickout/F_12-Jun-2017_rpm570_doc0p003,train,42,2,cv_evaluation,no_chatter,0,0.0017155599,8
turning,cnn_ae,global_mse,2p5inchStickout_F_12-Jun-2017_rpm570_doc0p015_trial2_window_0000,2p5inchStickout/F_12-Jun-2017_rpm570_doc0p015_trial2,train,42,2,cv_evaluation,no_chatter,0,0.00035071565,8
turning,cnn_ae,global_mse,2p5inchStickout_F_12-Jun-2017_rpm570_doc0p015_trial2_window_0001,2p5inchStickout/F_12-Jun-2017_rpm570_doc0p015_trial2,train,42,2,cv_evaluation,no_chatter,0,0.0009880255,8
turning,cnn_ae,global_mse,2p5inchStickout_F_12-Jun-2017_rpm570_doc0p015_trial2_window_0002,2p5inchStickout/F_12-Jun-2017_rpm570_doc0p015_trial2,test,42,2,cv_evaluation,chatter,1,0.0069691353,8
turning,cnn_ae,global_mse,2p5inchStickout_F_12-Jun-2017_rpm570_doc0p015_trial2_window_0003,2p5inchStickout/F_12-Jun-2017_rpm570_doc0p015_trial2,test,42,2,cv_evaluation,chatter,1,0.009252762,8
turning,cnn_ae,global_mse,2p5inchStickout_F_12-Jun-2017_rpm570_doc0p015_trial2_window_0004,2p5inchStickout/F_12-Jun-2017_rpm570_doc0p015_trial2,test,42,2,cv_evaluation,chatter,1,0.010379578,8
turning,cnn_ae,global_mse,2p5inchStickout_F_12-Jun-2017_rpm570_doc0p015_trial2_window_0005,2p5inchStickout/F_12-Jun-2017_rpm570_doc0p015_trial2,test,42,2,cv_evaluation,chatter,1,0.0076655475,8
turning,cnn_ae,global_mse,3p5inchStickout_F_12-Jun-2017_rpm570_doc0p015_window_0000,3p5inchStickout/F_12-Jun-2017_rpm570_doc0p015,train,42,2,cv_evaluation,no_chatter,0,4.616774e-05,8
turning,cnn_ae,global_mse,3p5inchStickout_F_12-Jun-2017_rpm570_doc0p015_window_0001,3p5inchStickout/F_12-Jun-2017_rpm570_doc0p015,train,42,2,cv_evaluation,no_chatter,0,0.0011584687,8
turning,cnn_ae,global_mse,3p5inchStickout_F_12-Jun-2017_rpm570_doc0p015_window_0002,3p5inchStickout/F_12-Jun-2017_rpm570_doc0p015,train,42,2,cv_evaluation,no_chatter,0,0.0023488472,8
turning,cnn_ae,global_mse,3p5inchStickout_F_12-Jun-2017_rpm570_doc0p015_window_0003,3p5inchStickout/F_12-Jun-2017_rpm570_doc0p015,train,42,2,cv_evaluation,no_chatter,0,0.0037107242,8
turning,cnn_ae,global_mse,3p5inchStickout_F_12-Jun-2017_rpm570_doc0p015_window_0004,3p5inchStickout/F_12-Jun-2017_rpm570_doc0p015,train,42,2,cv_evaluation,no_chatter,0,0.002823173,8
turning,cnn_ae,global_mse,3p5inchStickout_F_12-Jun-2017_rpm570_doc0p015_window_0005,3p5inchStickout/F_12-Jun-2017_rpm570_doc0p015,train,42,2,cv_evaluation,no_chatter,0,0.00320243,8
turning,cnn_ae,global_mse,3p5inchStickout_F_12-Jun-2017_rpm570_doc0p015_window_0006,3p5inchStickout/F_12-Jun-2017_rpm570_doc0p015,train,42,2,cv_evaluation,no_chatter,0,0.011038075,8
turning,cnn_ae,global_mse,3p5inchStickout_F_12-Jun-2017_rpm570_doc0p015_window_0007,3p5inchStickout/F_12-Jun-2017_rpm570_doc0p015,train,42,2,cv_evaluation,no_chatter,0,0.006862112,8
turning,cnn_ae,global_mse,3p5inchStickout_F_12-Jun-2017_rpm570_doc0p015_window_0008,3p5inchStickout/F_12-Jun-2017_rpm570_doc0p015,train,42,2,cv_evaluation,no_chatter,0,0.0039502815,8
turning,cnn_ae,global_mse,3p5inchStickout_F_12-Jun-2017_rpm570_doc0p015_window_0009,3p5inchStickout/F_12-Jun-2017_rpm570_doc0p015,train,42,2,cv_evaluation,no_chatter,0,0.0041410257,8
turning,cnn_ae,global_mse,3p5inchStickout_F_12-Jun-2017_rpm570_doc0p030_window_0000,3p5inchStickout/F_12-Jun-2017_rpm570_doc0p030,train,42,2,cv_evaluation,no_chatter,0,7.620848e-05,8
turning,cnn_ae,global_mse,3p5inchStickout_F_12-Jun-2017_rpm570_doc0p030_window_0001,3p5inchStickout/F_12-Jun-2017_rpm570_doc0p030,test,42,2,cv_evaluation,no_chatter,0,5.345516e-05,8
turning,cnn_ae,global_mse,3p5inchStickout_F_12-Jun-2017_rpm570_doc0p030_window_0002,3p5inchStickout/F_12-Jun-2017_rpm570_doc0p030,train,42,2,cv_evaluation,no_chatter,0,0.003277224,8
turning,cnn_ae,global_mse,3p5inchStickout_F_12-Jun-2017_rpm570_doc0p030_window_0003,3p5inchStickout/F_12-Jun-2017_rpm570_doc0p030,train,42,2,cv_evaluation,no_chatter,0,0.0017743259,8
turning,cnn_ae,global_mse,3p5inchStickout_F_12-Jun-2017_rpm570_doc0p030_window_0004,3p5inchStickout/F_12-Jun-2017_rpm570_doc0p030,train,42,2,cv_evaluation,no_chatter,0,0.002056369,8
turning,cnn_ae,global_mse,3p5inchStickout_F_12-Jun-2017_rpm570_doc0p030_window_0005,3p5inchStickout/F_12-Jun-2017_rpm570_doc0p030,train,42,2,cv_evaluation,no_chatter,0,0.0023023635,8
turning,cnn_ae,global_mse,3p5inchStickout_F_12-Jun-2017_rpm570_doc0p030_window_0006,3p5inchStickout/F_12-Jun-2017_rpm570_doc0p030,train,42,2,cv_evaluation,no_chatter,0,0.0023398544,8
turning,cnn_ae,global_mse,3p5inchStickout_F_12-Jun-2017_rpm570_doc0p030_window_0007,3p5inchStickout/F_12-Jun-2017_rpm570_doc0p030,train,42,2,cv_evaluation,no_chatter,0,0.0028862755,8
turning,cnn_ae,global_mse,3p5inchStickout_F_12-Jun-2017_rpm570_doc0p030_window_0008,3p5inchStickout/F_12-Jun-2017_rpm570_doc0p030,train,42,2,cv_evaluation,no_chatter,0,0.0054145204,8
turning,cnn_ae,global_mse,3p5inchStickout_F_12-Jun-2017_rpm570_doc0p030_window_0009,3p5inchStickout/F_12-Jun-2017_rpm570_doc0p030,test,42,2,cv_evaluation,no_chatter,0,0.004675184,8
turning,cnn_ae,global_mse,3p5inchStickout_F_14-Jun-2017_rpm770_doc0p008_window_0000,3p5inchStickout/F_14-Jun-2017_rpm770_doc0p008,train,42,2,cv_evaluation,no_chatter,0,0.00013828765,8
turning,cnn_ae,global_mse,3p5inchStickout_F_14-Jun-2017_rpm770_doc0p008_window_0001,3p5inchStickout/F_14-Jun-2017_rpm770_doc0p008,train,42,2,cv_evaluation,no_chatter,0,0.000698423,8
turning,cnn_ae,global_mse,3p5inchStickout_F_14-Jun-2017_rpm770_doc0p008_window_0002,3p5inchStickout/F_14-Jun-2017_rpm770_doc0p008,train,42,2,cv_evaluation,no_chatter,0,0.002694076,8
turning,cnn_ae,global_mse,3p5inchStickout_F_14-Jun-2017_rpm770_doc0p008_window_0003,3p5inchStickout/F_14-Jun-2017_rpm770_doc0p008,test,42,2,cv_evaluation,no_chatter,0,0.0024318842,8
turning,cnn_ae,global_mse,3p5inchStickout_F_14-Jun-2017_rpm770_doc0p015_window_0000,3p5inchStickout/F_14-Jun-2017_rpm770_doc0p015,validation,42,2,cv_evaluation,no_chatter,0,0.0001312982,8
turning,cnn_ae,global_mse,3p5inchStickout_F_14-Jun-2017_rpm770_doc0p015_window_0001,3p5inchStickout/F_14-Jun-2017_rpm770_doc0p015,train,42,2,cv_evaluation,no_chatter,0,0.00085098617,8
turning,cnn_ae,global_mse,3p5inchStickout_F_14-Jun-2017_rpm770_doc0p015_window_0002,3p5inchStickout/F_14-Jun-2017_rpm770_doc0p015,train,42,2,cv_evaluation,no_chatter,0,0.0070464504,8
turning,cnn_ae,global_mse,3p5inchStickout_F_14-Jun-2017_rpm770_doc0p015_window_0003,3p5inchStickout/F_14-Jun-2017_rpm770_doc0p015,validation,42,2,cv_evaluation,no_chatter,0,0.007052448,8
turning,cnn_ae,global_mse,4p5inchStickout_F_12-Jun-2017_rpm570_doc0p005_window_0000,4p5inchStickout/F_12-Jun-2017_rpm570_doc0p005,validation,42,2,cv_evaluation,no_chatter,0,6.116893e-05,8
turning,cnn_ae,global_mse,4p5inchStickout_F_12-Jun-2017_rpm570_doc0p005_window_0001,4p5inchStickout/F_12-Jun-2017_rpm570_doc0p005,train,42,2,cv_evaluation,no_chatter,0,6.0126178e-05,8
turning,cnn_ae,global_mse,4p5inchStickout_F_12-Jun-2017_rpm570_doc0p005_window_0002,4p5inchStickout/F_12-Jun-2017_rpm570_doc0p005,validation,42,2,cv_evaluation,no_chatter,0,5.426323e-05,8
turning,cnn_ae,global_mse,4p5inchStickout_F_12-Jun-2017_rpm570_doc0p005_window_0003,4p5inchStickout/F_12-Jun-2017_rpm570_doc0p005,train,42,2,cv_evaluation,no_chatter,0,4.64877e-05,8
turning,cnn_ae,global_mse,4p5inchStickout_F_12-Jun-2017_rpm570_doc0p005_window_0004,4p5inchStickout/F_12-Jun-2017_rpm570_doc0p005,train,42,2,cv_evaluation,no_chatter,0,4.0798925e-05,8
turning,cnn_ae,global_mse,4p5inchStickout_F_12-Jun-2017_rpm570_doc0p005_window_0005,4p5inchStickout/F_12-Jun-2017_rpm570_doc0p005,validation,42,2,cv_evaluation,no_chatter,0,0.0009424006,8
turning,cnn_ae,global_mse,4p5inchStickout_F_12-Jun-2017_rpm570_doc0p005_window_0006,4p5inchStickout/F_12-Jun-2017_rpm570_doc0p005,train,42,2,cv_evaluation,no_chatter,0,0.000995376,8
turning,cnn_ae,global_mse,4p5inchStickout_F_12-Jun-2017_rpm570_doc0p005_window_0007,4p5inchStickout/F_12-Jun-2017_rpm570_doc0p005,train,42,2,cv_evaluation,no_chatter,0,0.0010854175,8
turning,cnn_ae,global_mse,4p5inchStickout_F_12-Jun-2017_rpm570_doc0p005_window_0008,4p5inchStickout/F_12-Jun-2017_rpm570_doc0p005,train,42,2,cv_evaluation,no_chatter,0,0.00106114,8
turning,cnn_ae,global_mse,4p5inchStickout_F_12-Jun-2017_rpm570_doc0p005_window_0009,4p5inchStickout/F_12-Jun-2017_rpm570_doc0p005,train,42,2,cv_evaluation,no_chatter,0,0.0014256613,8
turning,cnn_ae,global_mse,4p5inchStickout_F_12-Jun-2017_rpm570_doc0p005_window_0010,4p5inchStickout/F_12-Jun-2017_rpm570_doc0p005,train,42,2,cv_evaluation,no_chatter,0,0.0017125661,8
turning,cnn_ae,global_mse,4p5inchStickout_F_12-Jun-2017_rpm570_doc0p005_window_0011,4p5inchStickout/F_12-Jun-2017_rpm570_doc0p005,train,42,2,cv_evaluation,no_chatter,0,0.0011314041,8
turning,cnn_ae,global_mse,4p5inchStickout_F_13-Jun-2017_rpm1030_doc0p007_window_0000,4p5inchStickout/F_13-Jun-2017_rpm1030_doc0p007,train,42,2,cv_evaluation,no_chatter,0,0.00011833552,8
turning,cnn_ae,global_mse,4p5inchStickout_F_13-Jun-2017_rpm1030_doc0p007_window_0001,4p5inchStickout/F_13-Jun-2017_rpm1030_doc0p007,train,42,2,cv_evaluation,no_chatter,0,0.0018058224,8
turning,cnn_ae,global_mse,4p5inchStickout_F_13-Jun-2017_rpm1030_doc0p007_window_0002,4p5inchStickout/F_13-Jun-2017_rpm1030_doc0p007,train,42,2,cv_evaluation,no_chatter,0,0.0011607347,8
turning,cnn_ae,global_mse,4p5inchStickout_F_13-Jun-2017_rpm1030_doc0p007_window_0003,4p5inchStickout/F_13-Jun-2017_rpm1030_doc0p007,train,42,2,cv_evaluation,no_chatter,0,0.0024783167,8
turning,cnn_ae,global_mse,4p5inchStickout_F_13-Jun-2017_rpm770_doc0p010_window_0000,4p5inchStickout/F_13-Jun-2017_rpm770_doc0p010,train,42,2,cv_evaluation,no_chatter,0,6.299911e-05,8
turning,cnn_ae,global_mse,4p5inchStickout_F_13-Jun-2017_rpm770_doc0p010_window_0001,4p5inchStickout/F_13-Jun-2017_rpm770_doc0p010,train,42,2,cv_evaluation,no_chatter,0,7.922493e-05,8
turning,cnn_ae,global_mse,4p5inchStickout_F_13-Jun-2017_rpm770_doc0p010_window_0002,4p5inchStickout/F_13-Jun-2017_rpm770_doc0p010,train,42,2,cv_evaluation,no_chatter,0,0.0011279886,8
turning,cnn_ae,global_mse,4p5inchStickout_F_13-Jun-2017_rpm770_doc0p010_window_0003,4p5inchStickout/F_13-Jun-2017_rpm770_doc0p010,test,42,2,cv_evaluation,no_chatter,0,0.0014486087,8
turning,cnn_ae,global_mse,4p5inchStickout_F_13-Jun-2017_rpm770_doc0p010_window_0004,4p5inchStickout/F_13-Jun-2017_rpm770_doc0p010,train,42,2,cv_evaluation,no_chatter,0,0.0013124313,8
turning,cnn_ae,global_mse,4p5inchStickout_F_13-Jun-2017_rpm770_doc0p010_window_0005,4p5inchStickout/F_13-Jun-2017_rpm770_doc0p010,train,42,2,cv_evaluation,no_chatter,0,0.0012884724,8
turning,cnn_ae,global_mae,2inchStickout_F_08-Jun-2017_rpm320_doc0p015_window_0000,2inchStickout/F_08-Jun-2017_rpm320_doc0p015,train,42,2,cv_evaluation,no_chatter,0,0.0026553562,8
turning,cnn_ae,global_mae,2inchStickout_F_08-Jun-2017_rpm320_doc0p015_window_0001,2inchStickout/F_08-Jun-2017_rpm320_doc0p015,validation,42,2,cv_evaluation,no_chatter,0,0.0025921948,8
turning,cnn_ae,global_mae,2inchStickout_F_08-Jun-2017_rpm320_doc0p015_window_0002,2inchStickout/F_08-Jun-2017_rpm320_doc0p015,train,42,2,cv_evaluation,no_chatter,0,0.0026563413,8
turning,cnn_ae,global_mae,2inchStickout_F_08-Jun-2017_rpm320_doc0p015_window_0003,2inchStickout/F_08-Jun-2017_rpm320_doc0p015,validation,42,2,cv_evaluation,no_chatter,0,0.006297853,8
turning,cnn_ae,global_mae,2inchStickout_F_08-Jun-2017_rpm320_doc0p015_window_0004,2inchStickout/F_08-Jun-2017_rpm320_doc0p015,train,42,2,cv_evaluation,no_chatter,0,0.012778037,8
turning,cnn_ae,global_mae,2inchStickout_F_08-Jun-2017_rpm320_doc0p015_window_0005,2inchStickout/F_08-Jun-2017_rpm320_doc0p015,train,42,2,cv_evaluation,no_chatter,0,0.017544212,8
turning,cnn_ae,global_mae,2inchStickout_F_08-Jun-2017_rpm320_doc0p015_window_0006,2inchStickout/F_08-Jun-2017_rpm320_doc0p015,train,42,2,cv_evaluation,no_chatter,0,0.017546307,8
turning,cnn_ae,global_mae,2inchStickout_F_08-Jun-2017_rpm320_doc0p015_window_0007,2inchStickout/F_08-Jun-2017_rpm320_doc0p015,train,42,2,cv_evaluation,no_chatter,0,0.013870007,8
turning,cnn_ae,global_mae,2inchStickout_F_08-Jun-2017_rpm320_doc0p015_window_0008,2inchStickout/F_08-Jun-2017_rpm320_doc0p015,train,42,2,cv_evaluation,no_chatter,0,0.014812396,8
turning,cnn_ae,global_mae,2inchStickout_F_08-Jun-2017_rpm320_doc0p015_window_0009,2inchStickout/F_08-Jun-2017_rpm320_doc0p015,train,42,2,cv_evaluation,no_chatter,0,0.015987873,8
turning,cnn_ae,global_mae,2inchStickout_F_08-Jun-2017_rpm320_doc0p015_window_0010,2inchStickout/F_08-Jun-2017_rpm320_doc0p015,train,42,2,cv_evaluation,no_chatter,0,0.013851141,8
turning,cnn_ae,global_mae,2inchStickout_F_08-Jun-2017_rpm320_doc0p015_window_0011,2inchStickout/F_08-Jun-2017_rpm320_doc0p015,train,42,2,cv_evaluation,no_chatter,0,0.013329282,8
turning,cnn_ae,global_mae,2inchStickout_F_08-Jun-2017_rpm320_doc0p015_window_0012,2inchStickout/F_08-Jun-2017_rpm320_doc0p015,train,42,2,cv_evaluation,no_chatter,0,0.013882262,8
turning,cnn_ae,global_mae,2inchStickout_F_08-Jun-2017_rpm320_doc0p015_window_0013,2inchStickout/F_08-Jun-2017_rpm320_doc0p015,validation,42,2,cv_evaluation,no_chatter,0,0.015966391,8
turning,cnn_ae,global_mae,2inchStickout_F_08-Jun-2017_rpm320_doc0p015_window_0014,2inchStickout/F_08-Jun-2017_rpm320_doc0p015,validation,42,2,cv_evaluation,no_chatter,0,0.015782166,8
turning,cnn_ae,global_mae,2inchStickout_F_08-Jun-2017_rpm320_doc0p015_window_0015,2inchStickout/F_08-Jun-2017_rpm320_doc0p015,train,42,2,cv_evaluation,no_chatter,0,0.012971012,8
turning,cnn_ae,global_mae,2inchStickout_F_08-Jun-2017_rpm320_doc0p015_window_0016,2inchStickout/F_08-Jun-2017_rpm320_doc0p015,train,42,2,cv_evaluation,no_chatter,0,0.016600702,8
turning,cnn_ae,global_mae,2inchStickout_F_08-Jun-2017_rpm320_doc0p015_window_0017,2inchStickout/F_08-Jun-2017_rpm320_doc0p015,train,42,2,cv_evaluation,no_chatter,0,0.0133473985,8
turning,cnn_ae,global_mae,2inchStickout_F_08-Jun-2017_rpm320_doc0p015_window_0018,2inchStickout/F_08-Jun-2017_rpm320_doc0p015,train,42,2,cv_evaluation,no_chatter,0,0.014956549,8
turning,cnn_ae,global_mae,2inchStickout_F_08-Jun-2017_rpm320_doc0p015_window_0019,2inchStickout/F_08-Jun-2017_rpm320_doc0p015,train,42,2,cv_evaluation,no_chatter,0,0.017714119,8
turning,cnn_ae,global_mae,2inchStickout_F_08-Jun-2017_rpm320_doc0p015_window_0020,2inchStickout/F_08-Jun-2017_rpm320_doc0p015,train,42,2,cv_evaluation,no_chatter,0,0.014781452,8
turning,cnn_ae,global_mae,2inchStickout_F_08-Jun-2017_rpm320_doc0p015_window_0021,2inchStickout/F_08-Jun-2017_rpm320_doc0p015,train,42,2,cv_evaluation,no_chatter,0,0.014052224,8
turning,cnn_ae,global_mae,2inchStickout_F_08-Jun-2017_rpm320_doc0p015_window_0022,2inchStickout/F_08-Jun-2017_rpm320_doc0p015,train,42,2,cv_evaluation,no_chatter,0,0.012260038,8
turning,cnn_ae,global_mae,2inchStickout_F_08-Jun-2017_rpm320_doc0p015_window_0023,2inchStickout/F_08-Jun-2017_rpm320_doc0p015,train,42,2,cv_evaluation,no_chatter,0,0.017476914,8
turning,cnn_ae,global_mae,2inchStickout_F_08-Jun-2017_rpm320_doc0p050_window_0000,2inchStickout/F_08-Jun-2017_rpm320_doc0p050,train,42,2,cv_evaluation,no_chatter,0,0.0030373808,8
turning,cnn_ae,global_mae,2inchStickout_F_08-Jun-2017_rpm320_doc0p050_window_0001,2inchStickout/F_08-Jun-2017_rpm320_doc0p050,train,42,2,cv_evaluation,no_chatter,0,0.0024302332,8
turning,cnn_ae,global_mae,2inchStickout_F_08-Jun-2017_rpm320_doc0p050_window_0002,2inchStickout/F_08-Jun-2017_rpm320_doc0p050,train,42,2,cv_evaluation,no_chatter,0,0.0024260352,8
turning,cnn_ae,global_mae,2inchStickout_F_08-Jun-2017_rpm320_doc0p050_window_0003,2inchStickout/F_08-Jun-2017_rpm320_doc0p050,test,42,2,cv_evaluation,no_chatter,0,0.017651252,8
turning,cnn_ae,global_mae,2inchStickout_F_08-Jun-2017_rpm320_doc0p050_window_0004,2inchStickout/F_08-Jun-2017_rpm320_doc0p050,train,42,2,cv_evaluation,no_chatter,0,0.012831934,8
turning,cnn_ae,global_mae,2inchStickout_F_08-Jun-2017_rpm320_doc0p050_window_0005,2inchStickout/F_08-Jun-2017_rpm320_doc0p050,train,42,2,cv_evaluation,no_chatter,0,0.014689703,8
turning,cnn_ae,global_mae,2inchStickout_F_08-Jun-2017_rpm320_doc0p050_window_0006,2inchStickout/F_08-Jun-2017_rpm320_doc0p050,train,42,2,cv_evaluation,no_chatter,0,0.014389049,8
turning,cnn_ae,global_mae,2inchStickout_F_08-Jun-2017_rpm320_doc0p050_window_0007,2inchStickout/F_08-Jun-2017_rpm320_doc0p050,train,42,2,cv_evaluation,no_chatter,0,0.015492437,8
turning,cnn_ae,global_mae,2inchStickout_F_08-Jun-2017_rpm320_doc0p050_window_0008,2inchStickout/F_08-Jun-2017_rpm320_doc0p050,test,42,2,cv_evaluation,no_chatter,0,0.013239498,8
turning,cnn_ae,global_mae,2inchStickout_F_08-Jun-2017_rpm320_doc0p050_window_0009,2inchStickout/F_08-Jun-2017_rpm320_doc0p050,test,42,2,cv_evaluation,no_chatter,0,0.014355378,8
turning,cnn_ae,global_mae,2inchStickout_F_08-Jun-2017_rpm320_doc0p050_window_0010,2inchStickout/F_08-Jun-2017_rpm320_doc0p050,train,42,2,cv_evaluation,no_chatter,0,0.014380968,8
turning,cnn_ae,global_mae,2inchStickout_F_08-Jun-2017_rpm320_doc0p050_window_0011,2inchStickout/F_08-Jun-2017_rpm320_doc0p050,train,42,2,cv_evaluation,no_chatter,0,0.013766176,8
turning,cnn_ae,global_mae,2inchStickout_F_08-Jun-2017_rpm320_doc0p050_window_0012,2inchStickout/F_08-Jun-2017_rpm320_doc0p050,test,42,2,cv_evaluation,no_chatter,0,0.013164852,8
turning,cnn_ae,global_mae,2inchStickout_F_08-Jun-2017_rpm320_doc0p050_window_0013,2inchStickout/F_08-Jun-2017_rpm320_doc0p050,test,42,2,cv_evaluation,no_chatter,0,0.01582185,8
turning,cnn_ae,global_mae,2inchStickout_F_08-Jun-2017_rpm320_doc0p050_window_0014,2inchStickout/F_08-Jun-2017_rpm320_doc0p050,test,42,2,cv_evaluation,no_chatter,0,0.01687168,8
turning,cnn_ae,global_mae,2inchStickout_F_08-Jun-2017_rpm320_doc0p050_window_0015,2inchStickout/F_08-Jun-2017_rpm320_doc0p050,train,42,2,cv_evaluation,no_chatter,0,0.020106116,8
turning,cnn_ae,global_mae,2inchStickout_F_08-Jun-2017_rpm320_doc0p050_window_0016,2inchStickout/F_08-Jun-2017_rpm320_doc0p050,train,42,2,cv_evaluation,no_chatter,0,0.015671697,8
turning,cnn_ae,global_mae,2inchStickout_F_08-Jun-2017_rpm320_doc0p050_window_0017,2inchStickout/F_08-Jun-2017_rpm320_doc0p050,test,42,2,cv_evaluation,no_chatter,0,0.014321259,8
turning,cnn_ae,global_mae,2inchStickout_F_08-Jun-2017_rpm320_doc0p050_window_0018,2inchStickout/F_08-Jun-2017_rpm320_doc0p050,train,42,2,cv_evaluation,no_chatter,0,0.016348442,8
turning,cnn_ae,global_mae,2inchStickout_F_08-Jun-2017_rpm320_doc0p050_window_0019,2inchStickout/F_08-Jun-2017_rpm320_doc0p050,train,42,2,cv_evaluation,no_chatter,0,0.018988188,8
turning,cnn_ae,global_mae,2inchStickout_F_08-Jun-2017_rpm320_doc0p050_window_0020,2inchStickout/F_08-Jun-2017_rpm320_doc0p050,train,42,2,cv_evaluation,no_chatter,0,0.0147790285,8
turning,cnn_ae,global_mae,2inchStickout_F_08-Jun-2017_rpm320_doc0p050_window_0021,2inchStickout/F_08-Jun-2017_rpm320_doc0p050,train,42,2,cv_evaluation,no_chatter,0,0.01589825,8
turning,cnn_ae,global_mae,2inchStickout_F_08-Jun-2017_rpm320_doc0p050_window_0022,2inchStickout/F_08-Jun-2017_rpm320_doc0p050,test,42,2,cv_evaluation,no_chatter,0,0.014967932,8
turning,cnn_ae,global_mae,2inchStickout_F_08-Jun-2017_rpm320_doc0p050_window_0023,2inchStickout/F_08-Jun-2017_rpm320_doc0p050,test,42,2,cv_evaluation,no_chatter,0,0.016660677,8
turning,cnn_ae,global_mae,2inchStickout_F_08-Jun-2017_rpm570_doc0p001_window_0000,2inchStickout/F_08-Jun-2017_rpm570_doc0p001,train,42,2,cv_evaluation,no_chatter,0,0.003318809,8
turning,cnn_ae,global_mae,2inchStickout_F_08-Jun-2017_rpm570_doc0p001_window_0001,2inchStickout/F_08-Jun-2017_rpm570_doc0p001,validation,42,2,cv_evaluation,no_chatter,0,0.013979705,8
turning,cnn_ae,global_mae,2inchStickout_F_08-Jun-2017_rpm570_doc0p001_window_0002,2inchStickout/F_08-Jun-2017_rpm570_doc0p001,validation,42,2,cv_evaluation,chatter,1,0.03952622,8
turning,cnn_ae,global_mae,2inchStickout_F_08-Jun-2017_rpm570_doc0p001_window_0003,2inchStickout/F_08-Jun-2017_rpm570_doc0p001,validation,42,2,cv_evaluation,chatter,1,0.056397058,8
turning,cnn_ae,global_mae,2inchStickout_F_08-Jun-2017_rpm570_doc0p001_window_0004,2inchStickout/F_08-Jun-2017_rpm570_doc0p001,validation,42,2,cv_evaluation,chatter,1,0.06660116,8
turning,cnn_ae,global_mae,2inchStickout_F_08-Jun-2017_rpm570_doc0p001_window_0005,2inchStickout/F_08-Jun-2017_rpm570_doc0p001,validation,42,2,cv_evaluation,chatter,1,0.069128074,8
turning,cnn_ae,global_mae,2inchStickout_F_08-Jun-2017_rpm770_doc0p001_window_0000,2inchStickout/F_08-Jun-2017_rpm770_doc0p001,test,42,2,cv_evaluation,no_chatter,0,0.005100129,8
turning,cnn_ae,global_mae,2inchStickout_F_08-Jun-2017_rpm770_doc0p001_window_0001,2inchStickout/F_08-Jun-2017_rpm770_doc0p001,train,42,2,cv_evaluation,no_chatter,0,0.030850966,8
turning,cnn_ae,global_mae,2inchStickout_F_08-Jun-2017_rpm770_doc0p001_window_0002,2inchStickout/F_08-Jun-2017_rpm770_doc0p001,train,42,2,cv_evaluation,no_chatter,0,0.031262476,8
turning,cnn_ae,global_mae,2inchStickout_F_08-Jun-2017_rpm770_doc0p001_window_0003,2inchStickout/F_08-Jun-2017_rpm770_doc0p001,train,42,2,cv_evaluation,no_chatter,0,0.034616347,8
turning,cnn_ae,global_mae,2inchStickout_F_08-Jun-2017_rpm770_doc0p001_window_0004,2inchStickout/F_08-Jun-2017_rpm770_doc0p001,train,42,2,cv_evaluation,no_chatter,0,0.043676633,8
turning,cnn_ae,global_mae,2inchStickout_F_08-Jun-2017_rpm770_doc0p001_window_0005,2inchStickout/F_08-Jun-2017_rpm770_doc0p001,train,42,2,cv_evaluation,no_chatter,0,0.05174861,8
turning,cnn_ae,global_mae,2inchStickout_F_08-Jun-2017_rpm770_doc0p001_window_0006,2inchStickout/F_08-Jun-2017_rpm770_doc0p001,test,42,2,cv_evaluation,chatter,1,0.06496878,8
turning,cnn_ae,global_mae,2inchStickout_F_08-Jun-2017_rpm770_doc0p001_window_0007,2inchStickout/F_08-Jun-2017_rpm770_doc0p001,test,42,2,cv_evaluation,chatter,1,0.097382106,8
turning,cnn_ae,global_mae,2p5inchStickout_F_12-Jun-2017_rpm570_doc0p003_window_0000,2p5inchStickout/F_12-Jun-2017_rpm570_doc0p003,train,42,2,cv_evaluation,no_chatter,0,0.0044512306,8
turning,cnn_ae,global_mae,2p5inchStickout_F_12-Jun-2017_rpm570_doc0p003_window_0001,2p5inchStickout/F_12-Jun-2017_rpm570_doc0p003,test,42,2,cv_evaluation,no_chatter,0,0.009041206,8
turning,cnn_ae,global_mae,2p5inchStickout_F_12-Jun-2017_rpm570_doc0p003_window_0002,2p5inchStickout/F_12-Jun-2017_rpm570_doc0p003,train,42,2,cv_evaluation,no_chatter,0,0.02664123,8
turning,cnn_ae,global_mae,2p5inchStickout_F_12-Jun-2017_rpm570_doc0p003_window_0003,2p5inchStickout/F_12-Jun-2017_rpm570_doc0p003,train,42,2,cv_evaluation,no_chatter,0,0.030255092,8
turning,cnn_ae,global_mae,2p5inchStickout_F_12-Jun-2017_rpm570_doc0p003_window_0004,2p5inchStickout/F_12-Jun-2017_rpm570_doc0p003,train,42,2,cv_evaluation,no_chatter,0,0.02720758,8
turning,cnn_ae,global_mae,2p5inchStickout_F_12-Jun-2017_rpm570_doc0p003_window_0005,2p5inchStickout/F_12-Jun-2017_rpm570_doc0p003,train,42,2,cv_evaluation,no_chatter,0,0.025429156,8
turning,cnn_ae,global_mae,2p5inchStickout_F_12-Jun-2017_rpm570_doc0p003_window_0006,2p5inchStickout/F_12-Jun-2017_rpm570_doc0p003,train,42,2,cv_evaluation,no_chatter,0,0.025121976,8
turning,cnn_ae,global_mae,2p5inchStickout_F_12-Jun-2017_rpm570_doc0p003_window_0007,2p5inchStickout/F_12-Jun-2017_rpm570_doc0p003,train,42,2,cv_evaluation,no_chatter,0,0.027700353,8
turning,cnn_ae,global_mae,2p5inchStickout_F_12-Jun-2017_rpm570_doc0p003_window_0008,2p5inchStickout/F_12-Jun-2017_rpm570_doc0p003,train,42,2,cv_evaluation,no_chatter,0,0.036354396,8
turning,cnn_ae,global_mae,2p5inchStickout_F_12-Jun-2017_rpm570_doc0p003_window_0009,2p5inchStickout/F_12-Jun-2017_rpm570_doc0p003,train,42,2,cv_evaluation,no_chatter,0,0.02477305,8
turning,cnn_ae,global_mae,2p5inchStickout_F_12-Jun-2017_rpm570_doc0p015_trial2_window_0000,2p5inchStickout/F_12-Jun-2017_rpm570_doc0p015_trial2,train,42,2,cv_evaluation,no_chatter,0,0.004320128,8
turning,cnn_ae,global_mae,2p5inchStickout_F_12-Jun-2017_rpm570_doc0p015_trial2_window_0001,2p5inchStickout/F_12-Jun-2017_rpm570_doc0p015_trial2,train,42,2,cv_evaluation,no_chatter,0,0.012715603,8
turning,cnn_ae,global_mae,2p5inchStickout_F_12-Jun-2017_rpm570_doc0p015_trial2_window_0002,2p5inchStickout/F_12-Jun-2017_rpm570_doc0p015_trial2,test,42,2,cv_evaluation,chatter,1,0.048666775,8
turning,cnn_ae,global_mae,2p5inchStickout_F_12-Jun-2017_rpm570_doc0p015_trial2_window_0003,2p5inchStickout/F_12-Jun-2017_rpm570_doc0p015_trial2,test,42,2,cv_evaluation,chatter,1,0.064449765,8
turning,cnn_ae,global_mae,2p5inchStickout_F_12-Jun-2017_rpm570_doc0p015_trial2_window_0004,2p5inchStickout/F_12-Jun-2017_rpm570_doc0p015_trial2,test,42,2,cv_evaluation,chatter,1,0.06981656,8
turning,cnn_ae,global_mae,2p5inchStickout_F_12-Jun-2017_rpm570_doc0p015_trial2_window_0005,2p5inchStickout/F_12-Jun-2017_rpm570_doc0p015_trial2,test,42,2,cv_evaluation,chatter,1,0.057626627,8
turning,cnn_ae,global_mae,3p5inchStickout_F_12-Jun-2017_rpm570_doc0p015_window_0000,3p5inchStickout/F_12-Jun-2017_rpm570_doc0p015,train,42,2,cv_evaluation,no_chatter,0,0.002242769,8
turning,cnn_ae,global_mae,3p5inchStickout_F_12-Jun-2017_rpm570_doc0p015_window_0001,3p5inchStickout/F_12-Jun-2017_rpm570_doc0p015,train,42,2,cv_evaluation,no_chatter,0,0.016012276,8
turning,cnn_ae,global_mae,3p5inchStickout_F_12-Jun-2017_rpm570_doc0p015_window_0002,3p5inchStickout/F_12-Jun-2017_rpm570_doc0p015,train,42,2,cv_evaluation,no_chatter,0,0.02795544,8
turning,cnn_ae,global_mae,3p5inchStickout_F_12-Jun-2017_rpm570_doc0p015_window_0003,3p5inchStickout/F_12-Jun-2017_rpm570_doc0p015,train,42,2,cv_evaluation,no_chatter,0,0.03738442,8
turning,cnn_ae,global_mae,3p5inchStickout_F_12-Jun-2017_rpm570_doc0p015_window_0004,3p5inchStickout/F_12-Jun-2017_rpm570_doc0p015,train,42,2,cv_evaluation,no_chatter,0,0.03146751,8
turning,cnn_ae,global_mae,3p5inchStickout_F_12-Jun-2017_rpm570_doc0p015_window_0005,3p5inchStickout/F_12-Jun-2017_rpm570_doc0p015,train,42,2,cv_evaluation,no_chatter,0,0.034570325,8
turning,cnn_ae,global_mae,3p5inchStickout_F_12-Jun-2017_rpm570_doc0p015_window_0006,3p5inchStickout/F_12-Jun-2017_rpm570_doc0p015,train,42,2,cv_evaluation,no_chatter,0,0.06922568,8
turning,cnn_ae,global_mae,3p5inchStickout_F_12-Jun-2017_rpm570_doc0p015_window_0007,3p5inchStickout/F_12-Jun-2017_rpm570_doc0p015,train,42,2,cv_evaluation,no_chatter,0,0.053409968,8
turning,cnn_ae,global_mae,3p5inchStickout_F_12-Jun-2017_rpm570_doc0p015_window_0008,3p5inchStickout/F_12-Jun-2017_rpm570_doc0p015,train,42,2,cv_evaluation,no_chatter,0,0.038892098,8
turning,cnn_ae,global_mae,3p5inchStickout_F_12-Jun-2017_rpm570_doc0p015_window_0009,3p5inchStickout/F_12-Jun-2017_rpm570_doc0p015,train,42,2,cv_evaluation,no_chatter,0,0.039146125,8
turning,cnn_ae,global_mae,3p5inchStickout_F_12-Jun-2017_rpm570_doc0p030_window_0000,3p5inchStickout/F_12-Jun-2017_rpm570_doc0p030,train,42,2,cv_evaluation,no_chatter,0,0.002583545,8
turning,cnn_ae,global_mae,3p5inchStickout_F_12-Jun-2017_rpm570_doc0p030_window_0001,3p5inchStickout/F_12-Jun-2017_rpm570_doc0p030,test,42,2,cv_evaluation,no_chatter,0,0.0023118833,8
turning,cnn_ae,global_mae,3p5inchStickout_F_12-Jun-2017_rpm570_doc0p030_window_0002,3p5inchStickout/F_12-Jun-2017_rpm570_doc0p030,train,42,2,cv_evaluation,no_chatter,0,0.031204509,8
turning,cnn_ae,global_mae,3p5inchStickout_F_12-Jun-2017_rpm570_doc0p030_window_0003,3p5inchStickout/F_12-Jun-2017_rpm570_doc0p030,train,42,2,cv_evaluation,no_chatter,0,0.025346523,8
turning,cnn_ae,global_mae,3p5inchStickout_F_12-Jun-2017_rpm570_doc0p030_window_0004,3p5inchStickout/F_12-Jun-2017_rpm570_doc0p030,train,42,2,cv_evaluation,no_chatter,0,0.027667176,8
turning,cnn_ae,global_mae,3p5inchStickout_F_12-Jun-2017_rpm570_doc0p030_window_0005,3p5inchStickout/F_12-Jun-2017_rpm570_doc0p030,train,42,2,cv_evaluation,no_chatter,0,0.030122824,8
turning,cnn_ae,global_mae,3p5inchStickout_F_12-Jun-2017_rpm570_doc0p030_window_0006,3p5inchStickout/F_12-Jun-2017_rpm570_doc0p030,train,42,2,cv_evaluation,no_chatter,0,0.029285807,8
turning,cnn_ae,global_mae,3p5inchStickout_F_12-Jun-2017_rpm570_doc0p030_window_0007,3p5inchStickout/F_12-Jun-2017_rpm570_doc0p030,train,42,2,cv_evaluation,no_chatter,0,0.031552013,8
turning,cnn_ae,global_mae,3p5inchStickout_F_12-Jun-2017_rpm570_doc0p030_window_0008,3p5inchStickout/F_12-Jun-2017_rpm570_doc0p030,train,42,2,cv_evaluation,no_chatter,0,0.042136,8
turning,cnn_ae,global_mae,3p5inchStickout_F_12-Jun-2017_rpm570_doc0p030_window_0009,3p5inchStickout/F_12-Jun-2017_rpm570_doc0p030,test,42,2,cv_evaluation,no_chatter,0,0.04209555,8
turning,cnn_ae,global_mae,3p5inchStickout_F_14-Jun-2017_rpm770_doc0p008_window_0000,3p5inchStickout/F_14-Jun-2017_rpm770_doc0p008,train,42,2,cv_evaluation,no_chatter,0,0.0033219452,8
turning,cnn_ae,global_mae,3p5inchStickout_F_14-Jun-2017_rpm770_doc0p008_window_0001,3p5inchStickout/F_14-Jun-2017_rpm770_doc0p008,train,42,2,cv_evaluation,no_chatter,0,0.010948885,8
turning,cnn_ae,global_mae,3p5inchStickout_F_14-Jun-2017_rpm770_doc0p008_window_0002,3p5inchStickout/F_14-Jun-2017_rpm770_doc0p008,train,42,2,cv_evaluation,no_chatter,0,0.030637467,8
turning,cnn_ae,global_mae,3p5inchStickout_F_14-Jun-2017_rpm770_doc0p008_window_0003,3p5inchStickout/F_14-Jun-2017_rpm770_doc0p008,test,42,2,cv_evaluation,no_chatter,0,0.02907069,8
turning,cnn_ae,global_mae,3p5inchStickout_F_14-Jun-2017_rpm770_doc0p015_window_0000,3p5inchStickout/F_14-Jun-2017_rpm770_doc0p015,validation,42,2,cv_evaluation,no_chatter,0,0.0032993366,8
turning,cnn_ae,global_mae,3p5inchStickout_F_14-Jun-2017_rpm770_doc0p015_window_0001,3p5inchStickout/F_14-Jun-2017_rpm770_doc0p015,train,42,2,cv_evaluation,no_chatter,0,0.013798746,8
turning,cnn_ae,global_mae,3p5inchStickout_F_14-Jun-2017_rpm770_doc0p015_window_0002,3p5inchStickout/F_14-Jun-2017_rpm770_doc0p015,train,42,2,cv_evaluation,no_chatter,0,0.05878847,8
turning,cnn_ae,global_mae,3p5inchStickout_F_14-Jun-2017_rpm770_doc0p015_window_0003,3p5inchStickout/F_14-Jun-2017_rpm770_doc0p015,validation,42,2,cv_evaluation,no_chatter,0,0.05598649,8
turning,cnn_ae,global_mae,4p5inchStickout_F_12-Jun-2017_rpm570_doc0p005_window_0000,4p5inchStickout/F_12-Jun-2017_rpm570_doc0p005,validation,42,2,cv_evaluation,no_chatter,0,0.002339774,8
turning,cnn_ae,global_mae,4p5inchStickout_F_12-Jun-2017_rpm570_doc0p005_window_0001,4p5inchStickout/F_12-Jun-2017_rpm570_doc0p005,train,42,2,cv_evaluation,no_chatter,0,0.0023195085,8
turning,cnn_ae,global_mae,4p5inchStickout_F_12-Jun-2017_rpm570_doc0p005_window_0002,4p5inchStickout/F_12-Jun-2017_rpm570_doc0p005,validation,42,2,cv_evaluation,no_chatter,0,0.002260291,8
turning,cnn_ae,global_mae,4p5inchStickout_F_12-Jun-2017_rpm570_doc0p005_window_0003,4p5inchStickout/F_12-Jun-2017_rpm570_doc0p005,train,42,2,cv_evaluation,no_chatter,0,0.0021490366,8
turning,cnn_ae,global_mae,4p5inchStickout_F_12-Jun-2017_rpm570_doc0p005_window_0004,4p5inchStickout/F_12-Jun-2017_rpm570_doc0p005,train,42,2,cv_evaluation,no_chatter,0,0.0021141053,8
turning,cnn_ae,global_mae,4p5inchStickout_F_12-Jun-2017_rpm570_doc0p005_window_0005,4p5inchStickout/F_12-Jun-2017_rpm570_doc0p005,validation,42,2,cv_evaluation,no_chatter,0,0.014436784,8
turning,cnn_ae,global_mae,4p5inchStickout_F_12-Jun-2017_rpm570_doc0p005_window_0006,4p5inchStickout/F_12-Jun-2017_rpm570_doc0p005,train,42,2,cv_evaluation,no_chatter,0,0.020362861,8
turning,cnn_ae,global_mae,4p5inchStickout_F_12-Jun-2017_rpm570_doc0p005_window_0007,4p5inchStickout/F_12-Jun-2017_rpm570_doc0p005,train,42,2,cv_evaluation,no_chatter,0,0.02051594,8
turning,cnn_ae,global_mae,4p5inchStickout_F_12-Jun-2017_rpm570_doc0p005_window_0008,4p5inchStickout/F_12-Jun-2017_rpm570_doc0p005,train,42,2,cv_evaluation,no_chatter,0,0.020357667,8
turning,cnn_ae,global_mae,4p5inchStickout_F_12-Jun-2017_rpm570_doc0p005_window_0009,4p5inchStickout/F_12-Jun-2017_rpm570_doc0p005,train,42,2,cv_evaluation,no_chatter,0,0.023761822,8
turning,cnn_ae,global_mae,4p5inchStickout_F_12-Jun-2017_rpm570_doc0p005_window_0010,4p5inchStickout/F_12-Jun-2017_rpm570_doc0p005,train,42,2,cv_evaluation,no_chatter,0,0.025613878,8
turning,cnn_ae,global_mae,4p5inchStickout_F_12-Jun-2017_rpm570_doc0p005_window_0011,4p5inchStickout/F_12-Jun-2017_rpm570_doc0p005,train,42,2,cv_evaluation,no_chatter,0,0.021082373,8
turning,cnn_ae,global_mae,4p5inchStickout_F_13-Jun-2017_rpm1030_doc0p007_window_0000,4p5inchStickout/F_13-Jun-2017_rpm1030_doc0p007,train,42,2,cv_evaluation,no_chatter,0,0.0031392446,8
turning,cnn_ae,global_mae,4p5inchStickout_F_13-Jun-2017_rpm1030_doc0p007_window_0001,4p5inchStickout/F_13-Jun-2017_rpm1030_doc0p007,train,42,2,cv_evaluation,no_chatter,0,0.02709816,8
turning,cnn_ae,global_mae,4p5inchStickout_F_13-Jun-2017_rpm1030_doc0p007_window_0002,4p5inchStickout/F_13-Jun-2017_rpm1030_doc0p007,train,42,2,cv_evaluation,no_chatter,0,0.022693673,8
turning,cnn_ae,global_mae,4p5inchStickout_F_13-Jun-2017_rpm1030_doc0p007_window_0003,4p5inchStickout/F_13-Jun-2017_rpm1030_doc0p007,train,42,2,cv_evaluation,no_chatter,0,0.030817507,8
turning,cnn_ae,global_mae,4p5inchStickout_F_13-Jun-2017_rpm770_doc0p010_window_0000,4p5inchStickout/F_13-Jun-2017_rpm770_doc0p010,train,42,2,cv_evaluation,no_chatter,0,0.0024155076,8
turning,cnn_ae,global_mae,4p5inchStickout_F_13-Jun-2017_rpm770_doc0p010_window_0001,4p5inchStickout/F_13-Jun-2017_rpm770_doc0p010,train,42,2,cv_evaluation,no_chatter,0,0.0026374285,8
turning,cnn_ae,global_mae,4p5inchStickout_F_13-Jun-2017_rpm770_doc0p010_window_0002,4p5inchStickout/F_13-Jun-2017_rpm770_doc0p010,train,42,2,cv_evaluation,no_chatter,0,0.021774704,8
turning,cnn_ae,global_mae,4p5inchStickout_F_13-Jun-2017_rpm770_doc0p010_window_0003,4p5inchStickout/F_13-Jun-2017_rpm770_doc0p010,test,42,2,cv_evaluation,no_chatter,0,0.024103925,8
turning,cnn_ae,global_mae,4p5inchStickout_F_13-Jun-2017_rpm770_doc0p010_window_0004,4p5inchStickout/F_13-Jun-2017_rpm770_doc0p010,train,42,2,cv_evaluation,no_chatter,0,0.023117742,8
turning,cnn_ae,global_mae,4p5inchStickout_F_13-Jun-2017_rpm770_doc0p010_window_0005,4p5inchStickout/F_13-Jun-2017_rpm770_doc0p010,train,42,2,cv_evaluation,no_chatter,0,0.022944892,8
turning,cnn_ae,ver_max,2inchStickout_F_08-Jun-2017_rpm320_doc0p015_window_0000,2inchStickout/F_08-Jun-2017_rpm320_doc0p015,train,42,2,cv_evaluation,no_chatter,0,0.00011809207,8
turning,cnn_ae,ver_max,2inchStickout_F_08-Jun-2017_rpm320_doc0p015_window_0001,2inchStickout/F_08-Jun-2017_rpm320_doc0p015,validation,42,2,cv_evaluation,no_chatter,0,0.00011447319,8
turning,cnn_ae,ver_max,2inchStickout_F_08-Jun-2017_rpm320_doc0p015_window_0002,2inchStickout/F_08-Jun-2017_rpm320_doc0p015,train,42,2,cv_evaluation,no_chatter,0,0.00013136958,8
turning,cnn_ae,ver_max,2inchStickout_F_08-Jun-2017_rpm320_doc0p015_window_0003,2inchStickout/F_08-Jun-2017_rpm320_doc0p015,validation,42,2,cv_evaluation,no_chatter,0,0.000728045,8
turning,cnn_ae,ver_max,2inchStickout_F_08-Jun-2017_rpm320_doc0p015_window_0004,2inchStickout/F_08-Jun-2017_rpm320_doc0p015,train,42,2,cv_evaluation,no_chatter,0,0.0009860686,8
turning,cnn_ae,ver_max,2inchStickout_F_08-Jun-2017_rpm320_doc0p015_window_0005,2inchStickout/F_08-Jun-2017_rpm320_doc0p015,train,42,2,cv_evaluation,no_chatter,0,0.0012841553,8
turning,cnn_ae,ver_max,2inchStickout_F_08-Jun-2017_rpm320_doc0p015_window_0006,2inchStickout/F_08-Jun-2017_rpm320_doc0p015,train,42,2,cv_evaluation,no_chatter,0,0.0014725743,8
turning,cnn_ae,ver_max,2inchStickout_F_08-Jun-2017_rpm320_doc0p015_window_0007,2inchStickout/F_08-Jun-2017_rpm320_doc0p015,train,42,2,cv_evaluation,no_chatter,0,0.0007958815,8
turning,cnn_ae,ver_max,2inchStickout_F_08-Jun-2017_rpm320_doc0p015_window_0008,2inchStickout/F_08-Jun-2017_rpm320_doc0p015,train,42,2,cv_evaluation,no_chatter,0,0.000840073,8
turning,cnn_ae,ver_max,2inchStickout_F_08-Jun-2017_rpm320_doc0p015_window_0009,2inchStickout/F_08-Jun-2017_rpm320_doc0p015,train,42,2,cv_evaluation,no_chatter,0,0.0009357231,8
turning,cnn_ae,ver_max,2inchStickout_F_08-Jun-2017_rpm320_doc0p015_window_0010,2inchStickout/F_08-Jun-2017_rpm320_doc0p015,train,42,2,cv_evaluation,no_chatter,0,0.0008382788,8
turning,cnn_ae,ver_max,2inchStickout_F_08-Jun-2017_rpm320_doc0p015_window_0011,2inchStickout/F_08-Jun-2017_rpm320_doc0p015,train,42,2,cv_evaluation,no_chatter,0,0.000772041,8
turning,cnn_ae,ver_max,2inchStickout_F_08-Jun-2017_rpm320_doc0p015_window_0012,2inchStickout/F_08-Jun-2017_rpm320_doc0p015,train,42,2,cv_evaluation,no_chatter,0,0.0008670617,8
turning,cnn_ae,ver_max,2inchStickout_F_08-Jun-2017_rpm320_doc0p015_window_0013,2inchStickout/F_08-Jun-2017_rpm320_doc0p015,validation,42,2,cv_evaluation,no_chatter,0,0.0010374199,8
turning,cnn_ae,ver_max,2inchStickout_F_08-Jun-2017_rpm320_doc0p015_window_0014,2inchStickout/F_08-Jun-2017_rpm320_doc0p015,validation,42,2,cv_evaluation,no_chatter,0,0.0010760038,8
turning,cnn_ae,ver_max,2inchStickout_F_08-Jun-2017_rpm320_doc0p015_window_0015,2inchStickout/F_08-Jun-2017_rpm320_doc0p015,train,42,2,cv_evaluation,no_chatter,0,0.0009700507,8
turning,cnn_ae,ver_max,2inchStickout_F_08-Jun-2017_rpm320_doc0p015_window_0016,2inchStickout/F_08-Jun-2017_rpm320_doc0p015,train,42,2,cv_evaluation,no_chatter,0,0.0014385269,8
turning,cnn_ae,ver_max,2inchStickout_F_08-Jun-2017_rpm320_doc0p015_window_0017,2inchStickout/F_08-Jun-2017_rpm320_doc0p015,train,42,2,cv_evaluation,no_chatter,0,0.0007705393,8
turning,cnn_ae,ver_max,2inchStickout_F_08-Jun-2017_rpm320_doc0p015_window_0018,2inchStickout/F_08-Jun-2017_rpm320_doc0p015,train,42,2,cv_evaluation,no_chatter,0,0.00083558995,8
turning,cnn_ae,ver_max,2inchStickout_F_08-Jun-2017_rpm320_doc0p015_window_0019,2inchStickout/F_08-Jun-2017_rpm320_doc0p015,train,42,2,cv_evaluation,no_chatter,0,0.0021075222,8
turning,cnn_ae,ver_max,2inchStickout_F_08-Jun-2017_rpm320_doc0p015_window_0020,2inchStickout/F_08-Jun-2017_rpm320_doc0p015,train,42,2,cv_evaluation,no_chatter,0,0.0008278638,8
turning,cnn_ae,ver_max,2inchStickout_F_08-Jun-2017_rpm320_doc0p015_window_0021,2inchStickout/F_08-Jun-2017_rpm320_doc0p015,train,42,2,cv_evaluation,no_chatter,0,0.0009435996,8
turning,cnn_ae,ver_max,2inchStickout_F_08-Jun-2017_rpm320_doc0p015_window_0022,2inchStickout/F_08-Jun-2017_rpm320_doc0p015,train,42,2,cv_evaluation,no_chatter,0,0.0006178493,8
turning,cnn_ae,ver_max,2inchStickout_F_08-Jun-2017_rpm320_doc0p015_window_0023,2inchStickout/F_08-Jun-2017_rpm320_doc0p015,train,42,2,cv_evaluation,no_chatter,0,0.0015604009,8
turning,cnn_ae,ver_max,2inchStickout_F_08-Jun-2017_rpm320_doc0p050_window_0000,2inchStickout/F_08-Jun-2017_rpm320_doc0p050,train,42,2,cv_evaluation,no_chatter,0,0.00017631511,8
turning,cnn_ae,ver_max,2inchStickout_F_08-Jun-2017_rpm320_doc0p050_window_0001,2inchStickout/F_08-Jun-2017_rpm320_doc0p050,train,42,2,cv_evaluation,no_chatter,0,0.00010364157,8
turning,cnn_ae,ver_max,2inchStickout_F_08-Jun-2017_rpm320_doc0p050_window_0002,2inchStickout/F_08-Jun-2017_rpm320_doc0p050,train,42,2,cv_evaluation,no_chatter,0,9.859428e-05,8
turning,cnn_ae,ver_max,2inchStickout_F_08-Jun-2017_rpm320_doc0p050_window_0003,2inchStickout/F_08-Jun-2017_rpm320_doc0p050,test,42,2,cv_evaluation,no_chatter,0,0.0032287382,8
turning,cnn_ae,ver_max,2inchStickout_F_08-Jun-2017_rpm320_doc0p050_window_0004,2inchStickout/F_08-Jun-2017_rpm320_doc0p050,train,42,2,cv_evaluation,no_chatter,0,0.00072658306,8
turning,cnn_ae,ver_max,2inchStickout_F_08-Jun-2017_rpm320_doc0p050_window_0005,2inchStickout/F_08-Jun-2017_rpm320_doc0p050,train,42,2,cv_evaluation,no_chatter,0,0.0008553783,8
turning,cnn_ae,ver_max,2inchStickout_F_08-Jun-2017_rpm320_doc0p050_window_0006,2inchStickout/F_08-Jun-2017_rpm320_doc0p050,train,42,2,cv_evaluation,no_chatter,0,0.0008078859,8
turning,cnn_ae,ver_max,2inchStickout_F_08-Jun-2017_rpm320_doc0p050_window_0007,2inchStickout/F_08-Jun-2017_rpm320_doc0p050,train,42,2,cv_evaluation,no_chatter,0,0.0018949072,8
turning,cnn_ae,ver_max,2inchStickout_F_08-Jun-2017_rpm320_doc0p050_window_0008,2inchStickout/F_08-Jun-2017_rpm320_doc0p050,test,42,2,cv_evaluation,no_chatter,0,0.00081651524,8
turning,cnn_ae,ver_max,2inchStickout_F_08-Jun-2017_rpm320_doc0p050_window_0009,2inchStickout/F_08-Jun-2017_rpm320_doc0p050,test,42,2,cv_evaluation,no_chatter,0,0.0009820396,8
turning,cnn_ae,ver_max,2inchStickout_F_08-Jun-2017_rpm320_doc0p050_window_0010,2inchStickout/F_08-Jun-2017_rpm320_doc0p050,train,42,2,cv_evaluation,no_chatter,0,0.0010111786,8
turning,cnn_ae,ver_max,2inchStickout_F_08-Jun-2017_rpm320_doc0p050_window_0011,2inchStickout/F_08-Jun-2017_rpm320_doc0p050,train,42,2,cv_evaluation,no_chatter,0,0.0008835927,8
turning,cnn_ae,ver_max,2inchStickout_F_08-Jun-2017_rpm320_doc0p050_window_0012,2inchStickout/F_08-Jun-2017_rpm320_doc0p050,test,42,2,cv_evaluation,no_chatter,0,0.0008299458,8
turning,cnn_ae,ver_max,2inchStickout_F_08-Jun-2017_rpm320_doc0p050_window_0013,2inchStickout/F_08-Jun-2017_rpm320_doc0p050,test,42,2,cv_evaluation,no_chatter,0,0.0011555048,8
turning,cnn_ae,ver_max,2inchStickout_F_08-Jun-2017_rpm320_doc0p050_window_0014,2inchStickout/F_08-Jun-2017_rpm320_doc0p050,test,42,2,cv_evaluation,no_chatter,0,0.0012490897,8
turning,cnn_ae,ver_max,2inchStickout_F_08-Jun-2017_rpm320_doc0p050_window_0015,2inchStickout/F_08-Jun-2017_rpm320_doc0p050,train,42,2,cv_evaluation,no_chatter,0,0.0015187003,8
turning,cnn_ae,ver_max,2inchStickout_F_08-Jun-2017_rpm320_doc0p050_window_0016,2inchStickout/F_08-Jun-2017_rpm320_doc0p050,train,42,2,cv_evaluation,no_chatter,0,0.0023546042,8
turning,cnn_ae,ver_max,2inchStickout_F_08-Jun-2017_rpm320_doc0p050_window_0017,2inchStickout/F_08-Jun-2017_rpm320_doc0p050,test,42,2,cv_evaluation,no_chatter,0,0.00087258243,8
turning,cnn_ae,ver_max,2inchStickout_F_08-Jun-2017_rpm320_doc0p050_window_0018,2inchStickout/F_08-Jun-2017_rpm320_doc0p050,train,42,2,cv_evaluation,no_chatter,0,0.0010702132,8
turning,cnn_ae,ver_max,2inchStickout_F_08-Jun-2017_rpm320_doc0p050_window_0019,2inchStickout/F_08-Jun-2017_rpm320_doc0p050,train,42,2,cv_evaluation,no_chatter,0,0.0015428256,8
turning,cnn_ae,ver_max,2inchStickout_F_08-Jun-2017_rpm320_doc0p050_window_0020,2inchStickout/F_08-Jun-2017_rpm320_doc0p050,train,42,2,cv_evaluation,no_chatter,0,0.0008135314,8
turning,cnn_ae,ver_max,2inchStickout_F_08-Jun-2017_rpm320_doc0p050_window_0021,2inchStickout/F_08-Jun-2017_rpm320_doc0p050,train,42,2,cv_evaluation,no_chatter,0,0.0010088291,8
turning,cnn_ae,ver_max,2inchStickout_F_08-Jun-2017_rpm320_doc0p050_window_0022,2inchStickout/F_08-Jun-2017_rpm320_doc0p050,test,42,2,cv_evaluation,no_chatter,0,0.00095409574,8
turning,cnn_ae,ver_max,2inchStickout_F_08-Jun-2017_rpm320_doc0p050_window_0023,2inchStickout/F_08-Jun-2017_rpm320_doc0p050,test,42,2,cv_evaluation,no_chatter,0,0.0016290458,8
turning,cnn_ae,ver_max,2inchStickout_F_08-Jun-2017_rpm570_doc0p001_window_0000,2inchStickout/F_08-Jun-2017_rpm570_doc0p001,train,42,2,cv_evaluation,no_chatter,0,0.00014054094,8
turning,cnn_ae,ver_max,2inchStickout_F_08-Jun-2017_rpm570_doc0p001_window_0001,2inchStickout/F_08-Jun-2017_rpm570_doc0p001,validation,42,2,cv_evaluation,no_chatter,0,0.0033887362,8
turning,cnn_ae,ver_max,2inchStickout_F_08-Jun-2017_rpm570_doc0p001_window_0002,2inchStickout/F_08-Jun-2017_rpm570_doc0p001,validation,42,2,cv_evaluation,chatter,1,0.004571139,8
turning,cnn_ae,ver_max,2inchStickout_F_08-Jun-2017_rpm570_doc0p001_window_0003,2inchStickout/F_08-Jun-2017_rpm570_doc0p001,validation,42,2,cv_evaluation,chatter,1,0.00809957,8
turning,cnn_ae,ver_max,2inchStickout_F_08-Jun-2017_rpm570_doc0p001_window_0004,2inchStickout/F_08-Jun-2017_rpm570_doc0p001,validation,42,2,cv_evaluation,chatter,1,0.013393048,8
turning,cnn_ae,ver_max,2inchStickout_F_08-Jun-2017_rpm570_doc0p001_window_0005,2inchStickout/F_08-Jun-2017_rpm570_doc0p001,validation,42,2,cv_evaluation,chatter,1,0.016895715,8
turning,cnn_ae,ver_max,2inchStickout_F_08-Jun-2017_rpm770_doc0p001_window_0000,2inchStickout/F_08-Jun-2017_rpm770_doc0p001,test,42,2,cv_evaluation,no_chatter,0,0.00033247122,8
turning,cnn_ae,ver_max,2inchStickout_F_08-Jun-2017_rpm770_doc0p001_window_0001,2inchStickout/F_08-Jun-2017_rpm770_doc0p001,train,42,2,cv_evaluation,no_chatter,0,0.0058704386,8
turning,cnn_ae,ver_max,2inchStickout_F_08-Jun-2017_rpm770_doc0p001_window_0002,2inchStickout/F_08-Jun-2017_rpm770_doc0p001,train,42,2,cv_evaluation,no_chatter,0,0.00306795,8
turning,cnn_ae,ver_max,2inchStickout_F_08-Jun-2017_rpm770_doc0p001_window_0003,2inchStickout/F_08-Jun-2017_rpm770_doc0p001,train,42,2,cv_evaluation,no_chatter,0,0.0034920862,8
turning,cnn_ae,ver_max,2inchStickout_F_08-Jun-2017_rpm770_doc0p001_window_0004,2inchStickout/F_08-Jun-2017_rpm770_doc0p001,train,42,2,cv_evaluation,no_chatter,0,0.0055146264,8
turning,cnn_ae,ver_max,2inchStickout_F_08-Jun-2017_rpm770_doc0p001_window_0005,2inchStickout/F_08-Jun-2017_rpm770_doc0p001,train,42,2,cv_evaluation,no_chatter,0,0.007129142,8
turning,cnn_ae,ver_max,2inchStickout_F_08-Jun-2017_rpm770_doc0p001_window_0006,2inchStickout/F_08-Jun-2017_rpm770_doc0p001,test,42,2,cv_evaluation,chatter,1,0.012603111,8
turning,cnn_ae,ver_max,2inchStickout_F_08-Jun-2017_rpm770_doc0p001_window_0007,2inchStickout/F_08-Jun-2017_rpm770_doc0p001,test,42,2,cv_evaluation,chatter,1,0.033566818,8
turning,cnn_ae,ver_max,2p5inchStickout_F_12-Jun-2017_rpm570_doc0p003_window_0000,2p5inchStickout/F_12-Jun-2017_rpm570_doc0p003,train,42,2,cv_evaluation,no_chatter,0,0.0004271906,8
turning,cnn_ae,ver_max,2p5inchStickout_F_12-Jun-2017_rpm570_doc0p003_window_0001,2p5inchStickout/F_12-Jun-2017_rpm570_doc0p003,test,42,2,cv_evaluation,no_chatter,0,0.0014066302,8
turning,cnn_ae,ver_max,2p5inchStickout_F_12-Jun-2017_rpm570_doc0p003_window_0002,2p5inchStickout/F_12-Jun-2017_rpm570_doc0p003,train,42,2,cv_evaluation,no_chatter,0,0.002869083,8
turning,cnn_ae,ver_max,2p5inchStickout_F_12-Jun-2017_rpm570_doc0p003_window_0003,2p5inchStickout/F_12-Jun-2017_rpm570_doc0p003,train,42,2,cv_evaluation,no_chatter,0,0.0067520523,8
turning,cnn_ae,ver_max,2p5inchStickout_F_12-Jun-2017_rpm570_doc0p003_window_0004,2p5inchStickout/F_12-Jun-2017_rpm570_doc0p003,train,42,2,cv_evaluation,no_chatter,0,0.0030721545,8
turning,cnn_ae,ver_max,2p5inchStickout_F_12-Jun-2017_rpm570_doc0p003_window_0005,2p5inchStickout/F_12-Jun-2017_rpm570_doc0p003,train,42,2,cv_evaluation,no_chatter,0,0.0024147625,8
turning,cnn_ae,ver_max,2p5inchStickout_F_12-Jun-2017_rpm570_doc0p003_window_0006,2p5inchStickout/F_12-Jun-2017_rpm570_doc0p003,train,42,2,cv_evaluation,no_chatter,0,0.0019071875,8
turning,cnn_ae,ver_max,2p5inchStickout_F_12-Jun-2017_rpm570_doc0p003_window_0007,2p5inchStickout/F_12-Jun-2017_rpm570_doc0p003,train,42,2,cv_evaluation,no_chatter,0,0.0033892663,8
turning,cnn_ae,ver_max,2p5inchStickout_F_12-Jun-2017_rpm570_doc0p003_window_0008,2p5inchStickout/F_12-Jun-2017_rpm570_doc0p003,train,42,2,cv_evaluation,no_chatter,0,0.007505705,8
turning,cnn_ae,ver_max,2p5inchStickout_F_12-Jun-2017_rpm570_doc0p003_window_0009,2p5inchStickout/F_12-Jun-2017_rpm570_doc0p003,train,42,2,cv_evaluation,no_chatter,0,0.0021447437,8
turning,cnn_ae,ver_max,2p5inchStickout_F_12-Jun-2017_rpm570_doc0p015_trial2_window_0000,2p5inchStickout/F_12-Jun-2017_rpm570_doc0p015_trial2,train,42,2,cv_evaluation,no_chatter,0,0.00038700766,8
turning,cnn_ae,ver_max,2p5inchStickout_F_12-Jun-2017_rpm570_doc0p015_trial2_window_0001,2p5inchStickout/F_12-Jun-2017_rpm570_doc0p015_trial2,train,42,2,cv_evaluation,no_chatter,0,0.0020115024,8
turning,cnn_ae,ver_max,2p5inchStickout_F_12-Jun-2017_rpm570_doc0p015_trial2_window_0002,2p5inchStickout/F_12-Jun-2017_rpm570_doc0p015_trial2,test,42,2,cv_evaluation,chatter,1,0.01037127,8
turning,cnn_ae,ver_max,2p5inchStickout_F_12-Jun-2017_rpm570_doc0p015_trial2_window_0003,2p5inchStickout/F_12-Jun-2017_rpm570_doc0p015_trial2,test,42,2,cv_evaluation,chatter,1,0.011955619,8
turning,cnn_ae,ver_max,2p5inchStickout_F_12-Jun-2017_rpm570_doc0p015_trial2_window_0004,2p5inchStickout/F_12-Jun-2017_rpm570_doc0p015_trial2,test,42,2,cv_evaluation,chatter,1,0.015708236,8
turning,cnn_ae,ver_max,2p5inchStickout_F_12-Jun-2017_rpm570_doc0p015_trial2_window_0005,2p5inchStickout/F_12-Jun-2017_rpm570_doc0p015_trial2,test,42,2,cv_evaluation,chatter,1,0.01571243,8
turning,cnn_ae,ver_max,3p5inchStickout_F_12-Jun-2017_rpm570_doc0p015_window_0000,3p5inchStickout/F_12-Jun-2017_rpm570_doc0p015,train,42,2,cv_evaluation,no_chatter,0,8.4313404e-05,8
turning,cnn_ae,ver_max,3p5inchStickout_F_12-Jun-2017_rpm570_doc0p015_window_0001,3p5inchStickout/F_12-Jun-2017_rpm570_doc0p015,train,42,2,cv_evaluation,no_chatter,0,0.002092436,8
turning,cnn_ae,ver_max,3p5inchStickout_F_12-Jun-2017_rpm570_doc0p015_window_0002,3p5inchStickout/F_12-Jun-2017_rpm570_doc0p015,train,42,2,cv_evaluation,no_chatter,0,0.003729646,8
turning,cnn_ae,ver_max,3p5inchStickout_F_12-Jun-2017_rpm570_doc0p015_window_0003,3p5inchStickout/F_12-Jun-2017_rpm570_doc0p015,train,42,2,cv_evaluation,no_chatter,0,0.0048821946,8
turning,cnn_ae,ver_max,3p5inchStickout_F_12-Jun-2017_rpm570_doc0p015_window_0004,3p5inchStickout/F_12-Jun-2017_rpm570_doc0p015,train,42,2,cv_evaluation,no_chatter,0,0.0039705154,8
turning,cnn_ae,ver_max,3p5inchStickout_F_12-Jun-2017_rpm570_doc0p015_window_0005,3p5inchStickout/F_12-Jun-2017_rpm570_doc0p015,train,42,2,cv_evaluation,no_chatter,0,0.0045960164,8
turning,cnn_ae,ver_max,3p5inchStickout_F_12-Jun-2017_rpm570_doc0p015_window_0006,3p5inchStickout/F_12-Jun-2017_rpm570_doc0p015,train,42,2,cv_evaluation,no_chatter,0,0.012539104,8
turning,cnn_ae,ver_max,3p5inchStickout_F_12-Jun-2017_rpm570_doc0p015_window_0007,3p5inchStickout/F_12-Jun-2017_rpm570_doc0p015,train,42,2,cv_evaluation,no_chatter,0,0.009969925,8
turning,cnn_ae,ver_max,3p5inchStickout_F_12-Jun-2017_rpm570_doc0p015_window_0008,3p5inchStickout/F_12-Jun-2017_rpm570_doc0p015,train,42,2,cv_evaluation,no_chatter,0,0.006156088,8
turning,cnn_ae,ver_max,3p5inchStickout_F_12-Jun-2017_rpm570_doc0p015_window_0009,3p5inchStickout/F_12-Jun-2017_rpm570_doc0p015,train,42,2,cv_evaluation,no_chatter,0,0.008443842,8
turning,cnn_ae,ver_max,3p5inchStickout_F_12-Jun-2017_rpm570_doc0p030_window_0000,3p5inchStickout/F_12-Jun-2017_rpm570_doc0p030,train,42,2,cv_evaluation,no_chatter,0,0.000107460735,8
turning,cnn_ae,ver_max,3p5inchStickout_F_12-Jun-2017_rpm570_doc0p030_window_0001,3p5inchStickout/F_12-Jun-2017_rpm570_doc0p030,test,42,2,cv_evaluation,no_chatter,0,8.209296e-05,8
turning,cnn_ae,ver_max,3p5inchStickout_F_12-Jun-2017_rpm570_doc0p030_window_0002,3p5inchStickout/F_12-Jun-2017_rpm570_doc0p030,train,42,2,cv_evaluation,no_chatter,0,0.0071889833,8
turning,cnn_ae,ver_max,3p5inchStickout_F_12-Jun-2017_rpm570_doc0p030_window_0003,3p5inchStickout/F_12-Jun-2017_rpm570_doc0p030,train,42,2,cv_evaluation,no_chatter,0,0.0022565834,8
turning,cnn_ae,ver_max,3p5inchStickout_F_12-Jun-2017_rpm570_doc0p030_window_0004,3p5inchStickout/F_12-Jun-2017_rpm570_doc0p030,train,42,2,cv_evaluation,no_chatter,0,0.0031073557,8
turning,cnn_ae,ver_max,3p5inchStickout_F_12-Jun-2017_rpm570_doc0p030_window_0005,3p5inchStickout/F_12-Jun-2017_rpm570_doc0p030,train,42,2,cv_evaluation,no_chatter,0,0.002994767,8
turning,cnn_ae,ver_max,3p5inchStickout_F_12-Jun-2017_rpm570_doc0p030_window_0006,3p5inchStickout/F_12-Jun-2017_rpm570_doc0p030,train,42,2,cv_evaluation,no_chatter,0,0.0045083803,8
turning,cnn_ae,ver_max,3p5inchStickout_F_12-Jun-2017_rpm570_doc0p030_window_0007,3p5inchStickout/F_12-Jun-2017_rpm570_doc0p030,train,42,2,cv_evaluation,no_chatter,0,0.008581646,8
turning,cnn_ae,ver_max,3p5inchStickout_F_12-Jun-2017_rpm570_doc0p030_window_0008,3p5inchStickout/F_12-Jun-2017_rpm570_doc0p030,train,42,2,cv_evaluation,no_chatter,0,0.015241177,8
turning,cnn_ae,ver_max,3p5inchStickout_F_12-Jun-2017_rpm570_doc0p030_window_0009,3p5inchStickout/F_12-Jun-2017_rpm570_doc0p030,test,42,2,cv_evaluation,no_chatter,0,0.010053463,8
turning,cnn_ae,ver_max,3p5inchStickout_F_14-Jun-2017_rpm770_doc0p008_window_0000,3p5inchStickout/F_14-Jun-2017_rpm770_doc0p008,train,42,2,cv_evaluation,no_chatter,0,0.00016803505,8
turning,cnn_ae,ver_max,3p5inchStickout_F_14-Jun-2017_rpm770_doc0p008_window_0001,3p5inchStickout/F_14-Jun-2017_rpm770_doc0p008,train,42,2,cv_evaluation,no_chatter,0,0.002173985,8
turning,cnn_ae,ver_max,3p5inchStickout_F_14-Jun-2017_rpm770_doc0p008_window_0002,3p5inchStickout/F_14-Jun-2017_rpm770_doc0p008,train,42,2,cv_evaluation,no_chatter,0,0.0029534046,8
turning,cnn_ae,ver_max,3p5inchStickout_F_14-Jun-2017_rpm770_doc0p008_window_0003,3p5inchStickout/F_14-Jun-2017_rpm770_doc0p008,test,42,2,cv_evaluation,no_chatter,0,0.0031051475,8
turning,cnn_ae,ver_max,3p5inchStickout_F_14-Jun-2017_rpm770_doc0p015_window_0000,3p5inchStickout/F_14-Jun-2017_rpm770_doc0p015,validation,42,2,cv_evaluation,no_chatter,0,0.00016380855,8
turning,cnn_ae,ver_max,3p5inchStickout_F_14-Jun-2017_rpm770_doc0p015_window_0001,3p5inchStickout/F_14-Jun-2017_rpm770_doc0p015,train,42,2,cv_evaluation,no_chatter,0,0.0024315936,8
turning,cnn_ae,ver_max,3p5inchStickout_F_14-Jun-2017_rpm770_doc0p015_window_0002,3p5inchStickout/F_14-Jun-2017_rpm770_doc0p015,train,42,2,cv_evaluation,no_chatter,0,0.008422882,8
turning,cnn_ae,ver_max,3p5inchStickout_F_14-Jun-2017_rpm770_doc0p015_window_0003,3p5inchStickout/F_14-Jun-2017_rpm770_doc0p015,validation,42,2,cv_evaluation,no_chatter,0,0.012970451,8
turning,cnn_ae,ver_max,4p5inchStickout_F_12-Jun-2017_rpm570_doc0p005_window_0000,4p5inchStickout/F_12-Jun-2017_rpm570_doc0p005,validation,42,2,cv_evaluation,no_chatter,0,0.00011551225,8
turning,cnn_ae,ver_max,4p5inchStickout_F_12-Jun-2017_rpm570_doc0p005_window_0001,4p5inchStickout/F_12-Jun-2017_rpm570_doc0p005,train,42,2,cv_evaluation,no_chatter,0,0.000116286115,8
turning,cnn_ae,ver_max,4p5inchStickout_F_12-Jun-2017_rpm570_doc0p005_window_0002,4p5inchStickout/F_12-Jun-2017_rpm570_doc0p005,validation,42,2,cv_evaluation,no_chatter,0,0.000103547136,8
turning,cnn_ae,ver_max,4p5inchStickout_F_12-Jun-2017_rpm570_doc0p005_window_0003,4p5inchStickout/F_12-Jun-2017_rpm570_doc0p005,train,42,2,cv_evaluation,no_chatter,0,0.000111707224,8
turning,cnn_ae,ver_max,4p5inchStickout_F_12-Jun-2017_rpm570_doc0p005_window_0004,4p5inchStickout/F_12-Jun-2017_rpm570_doc0p005,train,42,2,cv_evaluation,no_chatter,0,8.9929024e-05,8
turning,cnn_ae,ver_max,4p5inchStickout_F_12-Jun-2017_rpm570_doc0p005_window_0005,4p5inchStickout/F_12-Jun-2017_rpm570_doc0p005,validation,42,2,cv_evaluation,no_chatter,0,0.0018589711,8
turning,cnn_ae,ver_max,4p5inchStickout_F_12-Jun-2017_rpm570_doc0p005_window_0006,4p5inchStickout/F_12-Jun-2017_rpm570_doc0p005,train,42,2,cv_evaluation,no_chatter,0,0.001188155,8
turning,cnn_ae,ver_max,4p5inchStickout_F_12-Jun-2017_rpm570_doc0p005_window_0007,4p5inchStickout/F_12-Jun-2017_rpm570_doc0p005,train,42,2,cv_evaluation,no_chatter,0,0.0014350063,8
turning,cnn_ae,ver_max,4p5inchStickout_F_12-Jun-2017_rpm570_doc0p005_window_0008,4p5inchStickout/F_12-Jun-2017_rpm570_doc0p005,train,42,2,cv_evaluation,no_chatter,0,0.0013693642,8
turning,cnn_ae,ver_max,4p5inchStickout_F_12-Jun-2017_rpm570_doc0p005_window_0009,4p5inchStickout/F_12-Jun-2017_rpm570_doc0p005,train,42,2,cv_evaluation,no_chatter,0,0.0019849476,8
turning,cnn_ae,ver_max,4p5inchStickout_F_12-Jun-2017_rpm570_doc0p005_window_0010,4p5inchStickout/F_12-Jun-2017_rpm570_doc0p005,train,42,2,cv_evaluation,no_chatter,0,0.0021985455,8
turning,cnn_ae,ver_max,4p5inchStickout_F_12-Jun-2017_rpm570_doc0p005_window_0011,4p5inchStickout/F_12-Jun-2017_rpm570_doc0p005,train,42,2,cv_evaluation,no_chatter,0,0.001423346,8
turning,cnn_ae,ver_max,4p5inchStickout_F_13-Jun-2017_rpm1030_doc0p007_window_0000,4p5inchStickout/F_13-Jun-2017_rpm1030_doc0p007,train,42,2,cv_evaluation,no_chatter,0,0.00016074895,8
turning,cnn_ae,ver_max,4p5inchStickout_F_13-Jun-2017_rpm1030_doc0p007_window_0001,4p5inchStickout/F_13-Jun-2017_rpm1030_doc0p007,train,42,2,cv_evaluation,no_chatter,0,0.0042548436,8
turning,cnn_ae,ver_max,4p5inchStickout_F_13-Jun-2017_rpm1030_doc0p007_window_0002,4p5inchStickout/F_13-Jun-2017_rpm1030_doc0p007,train,42,2,cv_evaluation,no_chatter,0,0.0014597937,8
turning,cnn_ae,ver_max,4p5inchStickout_F_13-Jun-2017_rpm1030_doc0p007_window_0003,4p5inchStickout/F_13-Jun-2017_rpm1030_doc0p007,train,42,2,cv_evaluation,no_chatter,0,0.00492792,8
turning,cnn_ae,ver_max,4p5inchStickout_F_13-Jun-2017_rpm770_doc0p010_window_0000,4p5inchStickout/F_13-Jun-2017_rpm770_doc0p010,train,42,2,cv_evaluation,no_chatter,0,0.00011080336,8
turning,cnn_ae,ver_max,4p5inchStickout_F_13-Jun-2017_rpm770_doc0p010_window_0001,4p5inchStickout/F_13-Jun-2017_rpm770_doc0p010,train,42,2,cv_evaluation,no_chatter,0,0.00024556913,8
turning,cnn_ae,ver_max,4p5inchStickout_F_13-Jun-2017_rpm770_doc0p010_window_0002,4p5inchStickout/F_13-Jun-2017_rpm770_doc0p010,train,42,2,cv_evaluation,no_chatter,0,0.0013333106,8
turning,cnn_ae,ver_max,4p5inchStickout_F_13-Jun-2017_rpm770_doc0p010_window_0003,4p5inchStickout/F_13-Jun-2017_rpm770_doc0p010,test,42,2,cv_evaluation,no_chatter,0,0.0025836271,8
turning,cnn_ae,ver_max,4p5inchStickout_F_13-Jun-2017_rpm770_doc0p010_window_0004,4p5inchStickout/F_13-Jun-2017_rpm770_doc0p010,train,42,2,cv_evaluation,no_chatter,0,0.0018257741,8
turning,cnn_ae,ver_max,4p5inchStickout_F_13-Jun-2017_rpm770_doc0p010_window_0005,4p5inchStickout/F_13-Jun-2017_rpm770_doc0p010,train,42,2,cv_evaluation,no_chatter,0,0.0016521687,8
turning,cnn_ae,ver_topk,2inchStickout_F_08-Jun-2017_rpm320_doc0p015_window_0000,2inchStickout/F_08-Jun-2017_rpm320_doc0p015,train,42,2,cv_evaluation,no_chatter,0,0.000101488295,8
turning,cnn_ae,ver_topk,2inchStickout_F_08-Jun-2017_rpm320_doc0p015_window_0001,2inchStickout/F_08-Jun-2017_rpm320_doc0p015,validation,42,2,cv_evaluation,no_chatter,0,9.260282e-05,8
turning,cnn_ae,ver_topk,2inchStickout_F_08-Jun-2017_rpm320_doc0p015_window_0002,2inchStickout/F_08-Jun-2017_rpm320_doc0p015,train,42,2,cv_evaluation,no_chatter,0,0.0001004884,8
turning,cnn_ae,ver_topk,2inchStickout_F_08-Jun-2017_rpm320_doc0p015_window_0003,2inchStickout/F_08-Jun-2017_rpm320_doc0p015,validation,42,2,cv_evaluation,no_chatter,0,0.0006979744,8
turning,cnn_ae,ver_topk,2inchStickout_F_08-Jun-2017_rpm320_doc0p015_window_0004,2inchStickout/F_08-Jun-2017_rpm320_doc0p015,train,42,2,cv_evaluation,no_chatter,0,0.0008623083,8
turning,cnn_ae,ver_topk,2inchStickout_F_08-Jun-2017_rpm320_doc0p015_window_0005,2inchStickout/F_08-Jun-2017_rpm320_doc0p015,train,42,2,cv_evaluation,no_chatter,0,0.0011918258,8
turning,cnn_ae,ver_topk,2inchStickout_F_08-Jun-2017_rpm320_doc0p015_window_0006,2inchStickout/F_08-Jun-2017_rpm320_doc0p015,train,42,2,cv_evaluation,no_chatter,0,0.0013032645,8
turning,cnn_ae,ver_topk,2inchStickout_F_08-Jun-2017_rpm320_doc0p015_window_0007,2inchStickout/F_08-Jun-2017_rpm320_doc0p015,train,42,2,cv_evaluation,no_chatter,0,0.0007023827,8
turning,cnn_ae,ver_topk,2inchStickout_F_08-Jun-2017_rpm320_doc0p015_window_0008,2inchStickout/F_08-Jun-2017_rpm320_doc0p015,train,42,2,cv_evaluation,no_chatter,0,0.00079644466,8
turning,cnn_ae,ver_topk,2inchStickout_F_08-Jun-2017_rpm320_doc0p015_window_0009,2inchStickout/F_08-Jun-2017_rpm320_doc0p015,train,42,2,cv_evaluation,no_chatter,0,0.0009121402,8
turning,cnn_ae,ver_topk,2inchStickout_F_08-Jun-2017_rpm320_doc0p015_window_0010,2inchStickout/F_08-Jun-2017_rpm320_doc0p015,train,42,2,cv_evaluation,no_chatter,0,0.0007332801,8
turning,cnn_ae,ver_topk,2inchStickout_F_08-Jun-2017_rpm320_doc0p015_window_0011,2inchStickout/F_08-Jun-2017_rpm320_doc0p015,train,42,2,cv_evaluation,no_chatter,0,0.0007409,8
turning,cnn_ae,ver_topk,2inchStickout_F_08-Jun-2017_rpm320_doc0p015_window_0012,2inchStickout/F_08-Jun-2017_rpm320_doc0p015,train,42,2,cv_evaluation,no_chatter,0,0.00080356415,8
turning,cnn_ae,ver_topk,2inchStickout_F_08-Jun-2017_rpm320_doc0p015_window_0013,2inchStickout/F_08-Jun-2017_rpm320_doc0p015,validation,42,2,cv_evaluation,no_chatter,0,0.0009328968,8
turning,cnn_ae,ver_topk,2inchStickout_F_08-Jun-2017_rpm320_doc0p015_window_0014,2inchStickout/F_08-Jun-2017_rpm320_doc0p015,validation,42,2,cv_evaluation,no_chatter,0,0.0010173185,8
turning,cnn_ae,ver_topk,2inchStickout_F_08-Jun-2017_rpm320_doc0p015_window_0015,2inchStickout/F_08-Jun-2017_rpm320_doc0p015,train,42,2,cv_evaluation,no_chatter,0,0.00077873253,8
turning,cnn_ae,ver_topk,2inchStickout_F_08-Jun-2017_rpm320_doc0p015_window_0016,2inchStickout/F_08-Jun-2017_rpm320_doc0p015,train,42,2,cv_evaluation,no_chatter,0,0.0011448128,8
turning,cnn_ae,ver_topk,2inchStickout_F_08-Jun-2017_rpm320_doc0p015_window_0017,2inchStickout/F_08-Jun-2017_rpm320_doc0p015,train,42,2,cv_evaluation,no_chatter,0,0.00071616116,8
turning,cnn_ae,ver_topk,2inchStickout_F_08-Jun-2017_rpm320_doc0p015_window_0018,2inchStickout/F_08-Jun-2017_rpm320_doc0p015,train,42,2,cv_evaluation,no_chatter,0,0.00079710054,8
turning,cnn_ae,ver_topk,2inchStickout_F_08-Jun-2017_rpm320_doc0p015_window_0019,2inchStickout/F_08-Jun-2017_rpm320_doc0p015,train,42,2,cv_evaluation,no_chatter,0,0.0014505818,8
turning,cnn_ae,ver_topk,2inchStickout_F_08-Jun-2017_rpm320_doc0p015_window_0020,2inchStickout/F_08-Jun-2017_rpm320_doc0p015,train,42,2,cv_evaluation,no_chatter,0,0.00078946166,8
turning,cnn_ae,ver_topk,2inchStickout_F_08-Jun-2017_rpm320_doc0p015_window_0021,2inchStickout/F_08-Jun-2017_rpm320_doc0p015,train,42,2,cv_evaluation,no_chatter,0,0.0008229275,8
turning,cnn_ae,ver_topk,2inchStickout_F_08-Jun-2017_rpm320_doc0p015_window_0022,2inchStickout/F_08-Jun-2017_rpm320_doc0p015,train,42,2,cv_evaluation,no_chatter,0,0.0005858248,8
turning,cnn_ae,ver_topk,2inchStickout_F_08-Jun-2017_rpm320_doc0p015_window_0023,2inchStickout/F_08-Jun-2017_rpm320_doc0p015,train,42,2,cv_evaluation,no_chatter,0,0.0012561585,8
turning,cnn_ae,ver_topk,2inchStickout_F_08-Jun-2017_rpm320_doc0p050_window_0000,2inchStickout/F_08-Jun-2017_rpm320_doc0p050,train,42,2,cv_evaluation,no_chatter,0,0.00014857702,8
turning,cnn_ae,ver_topk,2inchStickout_F_08-Jun-2017_rpm320_doc0p050_window_0001,2inchStickout/F_08-Jun-2017_rpm320_doc0p050,train,42,2,cv_evaluation,no_chatter,0,7.889457e-05,8
turning,cnn_ae,ver_topk,2inchStickout_F_08-Jun-2017_rpm320_doc0p050_window_0002,2inchStickout/F_08-Jun-2017_rpm320_doc0p050,train,42,2,cv_evaluation,no_chatter,0,7.891174e-05,8
turning,cnn_ae,ver_topk,2inchStickout_F_08-Jun-2017_rpm320_doc0p050_window_0003,2inchStickout/F_08-Jun-2017_rpm320_doc0p050,test,42,2,cv_evaluation,no_chatter,0,0.0023674325,8
turning,cnn_ae,ver_topk,2inchStickout_F_08-Jun-2017_rpm320_doc0p050_window_0004,2inchStickout/F_08-Jun-2017_rpm320_doc0p050,train,42,2,cv_evaluation,no_chatter,0,0.0006963455,8
turning,cnn_ae,ver_topk,2inchStickout_F_08-Jun-2017_rpm320_doc0p050_window_0005,2inchStickout/F_08-Jun-2017_rpm320_doc0p050,train,42,2,cv_evaluation,no_chatter,0,0.0008490123,8
turning,cnn_ae,ver_topk,2inchStickout_F_08-Jun-2017_rpm320_doc0p050_window_0006,2inchStickout/F_08-Jun-2017_rpm320_doc0p050,train,42,2,cv_evaluation,no_chatter,0,0.0007694103,8
turning,cnn_ae,ver_topk,2inchStickout_F_08-Jun-2017_rpm320_doc0p050_window_0007,2inchStickout/F_08-Jun-2017_rpm320_doc0p050,train,42,2,cv_evaluation,no_chatter,0,0.0015097219,8
turning,cnn_ae,ver_topk,2inchStickout_F_08-Jun-2017_rpm320_doc0p050_window_0008,2inchStickout/F_08-Jun-2017_rpm320_doc0p050,test,42,2,cv_evaluation,no_chatter,0,0.0006974214,8
turning,cnn_ae,ver_topk,2inchStickout_F_08-Jun-2017_rpm320_doc0p050_window_0009,2inchStickout/F_08-Jun-2017_rpm320_doc0p050,test,42,2,cv_evaluation,no_chatter,0,0.00084345794,8
turning,cnn_ae,ver_topk,2inchStickout_F_08-Jun-2017_rpm320_doc0p050_window_0010,2inchStickout/F_08-Jun-2017_rpm320_doc0p050,train,42,2,cv_evaluation,no_chatter,0,0.0008822962,8
turning,cnn_ae,ver_topk,2inchStickout_F_08-Jun-2017_rpm320_doc0p050_window_0011,2inchStickout/F_08-Jun-2017_rpm320_doc0p050,train,42,2,cv_evaluation,no_chatter,0,0.00076760614,8
turning,cnn_ae,ver_topk,2inchStickout_F_08-Jun-2017_rpm320_doc0p050_window_0012,2inchStickout/F_08-Jun-2017_rpm320_doc0p050,test,42,2,cv_evaluation,no_chatter,0,0.0006877938,8
turning,cnn_ae,ver_topk,2inchStickout_F_08-Jun-2017_rpm320_doc0p050_window_0013,2inchStickout/F_08-Jun-2017_rpm320_doc0p050,test,42,2,cv_evaluation,no_chatter,0,0.0010317172,8
turning,cnn_ae,ver_topk,2inchStickout_F_08-Jun-2017_rpm320_doc0p050_window_0014,2inchStickout/F_08-Jun-2017_rpm320_doc0p050,test,42,2,cv_evaluation,no_chatter,0,0.0010533598,8
turning,cnn_ae,ver_topk,2inchStickout_F_08-Jun-2017_rpm320_doc0p050_window_0015,2inchStickout/F_08-Jun-2017_rpm320_doc0p050,train,42,2,cv_evaluation,no_chatter,0,0.0015003254,8
turning,cnn_ae,ver_topk,2inchStickout_F_08-Jun-2017_rpm320_doc0p050_window_0016,2inchStickout/F_08-Jun-2017_rpm320_doc0p050,train,42,2,cv_evaluation,no_chatter,0,0.0017930005,8
turning,cnn_ae,ver_topk,2inchStickout_F_08-Jun-2017_rpm320_doc0p050_window_0017,2inchStickout/F_08-Jun-2017_rpm320_doc0p050,test,42,2,cv_evaluation,no_chatter,0,0.0007973525,8
turning,cnn_ae,ver_topk,2inchStickout_F_08-Jun-2017_rpm320_doc0p050_window_0018,2inchStickout/F_08-Jun-2017_rpm320_doc0p050,train,42,2,cv_evaluation,no_chatter,0,0.001014383,8
turning,cnn_ae,ver_topk,2inchStickout_F_08-Jun-2017_rpm320_doc0p050_window_0019,2inchStickout/F_08-Jun-2017_rpm320_doc0p050,train,42,2,cv_evaluation,no_chatter,0,0.001404334,8
turning,cnn_ae,ver_topk,2inchStickout_F_08-Jun-2017_rpm320_doc0p050_window_0020,2inchStickout/F_08-Jun-2017_rpm320_doc0p050,train,42,2,cv_evaluation,no_chatter,0,0.00078778365,8
turning,cnn_ae,ver_topk,2inchStickout_F_08-Jun-2017_rpm320_doc0p050_window_0021,2inchStickout/F_08-Jun-2017_rpm320_doc0p050,train,42,2,cv_evaluation,no_chatter,0,0.00096676056,8
turning,cnn_ae,ver_topk,2inchStickout_F_08-Jun-2017_rpm320_doc0p050_window_0022,2inchStickout/F_08-Jun-2017_rpm320_doc0p050,test,42,2,cv_evaluation,no_chatter,0,0.0008826394,8
turning,cnn_ae,ver_topk,2inchStickout_F_08-Jun-2017_rpm320_doc0p050_window_0023,2inchStickout/F_08-Jun-2017_rpm320_doc0p050,test,42,2,cv_evaluation,no_chatter,0,0.001187892,8
turning,cnn_ae,ver_topk,2inchStickout_F_08-Jun-2017_rpm570_doc0p001_window_0000,2inchStickout/F_08-Jun-2017_rpm570_doc0p001,train,42,2,cv_evaluation,no_chatter,0,0.00013726026,8
turning,cnn_ae,ver_topk,2inchStickout_F_08-Jun-2017_rpm570_doc0p001_window_0001,2inchStickout/F_08-Jun-2017_rpm570_doc0p001,validation,42,2,cv_evaluation,no_chatter,0,0.0022224726,8
turning,cnn_ae,ver_topk,2inchStickout_F_08-Jun-2017_rpm570_doc0p001_window_0002,2inchStickout/F_08-Jun-2017_rpm570_doc0p001,validation,42,2,cv_evaluation,chatter,1,0.004427997,8
turning,cnn_ae,ver_topk,2inchStickout_F_08-Jun-2017_rpm570_doc0p001_window_0003,2inchStickout/F_08-Jun-2017_rpm570_doc0p001,validation,42,2,cv_evaluation,chatter,1,0.007594316,8
turning,cnn_ae,ver_topk,2inchStickout_F_08-Jun-2017_rpm570_doc0p001_window_0004,2inchStickout/F_08-Jun-2017_rpm570_doc0p001,validation,42,2,cv_evaluation,chatter,1,0.011850178,8
turning,cnn_ae,ver_topk,2inchStickout_F_08-Jun-2017_rpm570_doc0p001_window_0005,2inchStickout/F_08-Jun-2017_rpm570_doc0p001,validation,42,2,cv_evaluation,chatter,1,0.015177399,8
turning,cnn_ae,ver_topk,2inchStickout_F_08-Jun-2017_rpm770_doc0p001_window_0000,2inchStickout/F_08-Jun-2017_rpm770_doc0p001,test,42,2,cv_evaluation,no_chatter,0,0.0003196052,8
turning,cnn_ae,ver_topk,2inchStickout_F_08-Jun-2017_rpm770_doc0p001_window_0001,2inchStickout/F_08-Jun-2017_rpm770_doc0p001,train,42,2,cv_evaluation,no_chatter,0,0.0052804686,8
turning,cnn_ae,ver_topk,2inchStickout_F_08-Jun-2017_rpm770_doc0p001_window_0002,2inchStickout/F_08-Jun-2017_rpm770_doc0p001,train,42,2,cv_evaluation,no_chatter,0,0.0029221785,8
turning,cnn_ae,ver_topk,2inchStickout_F_08-Jun-2017_rpm770_doc0p001_window_0003,2inchStickout/F_08-Jun-2017_rpm770_doc0p001,train,42,2,cv_evaluation,no_chatter,0,0.0033495978,8
turning,cnn_ae,ver_topk,2inchStickout_F_08-Jun-2017_rpm770_doc0p001_window_0004,2inchStickout/F_08-Jun-2017_rpm770_doc0p001,train,42,2,cv_evaluation,no_chatter,0,0.005438652,8
turning,cnn_ae,ver_topk,2inchStickout_F_08-Jun-2017_rpm770_doc0p001_window_0005,2inchStickout/F_08-Jun-2017_rpm770_doc0p001,train,42,2,cv_evaluation,no_chatter,0,0.0065189353,8
turning,cnn_ae,ver_topk,2inchStickout_F_08-Jun-2017_rpm770_doc0p001_window_0006,2inchStickout/F_08-Jun-2017_rpm770_doc0p001,test,42,2,cv_evaluation,chatter,1,0.010170191,8
turning,cnn_ae,ver_topk,2inchStickout_F_08-Jun-2017_rpm770_doc0p001_window_0007,2inchStickout/F_08-Jun-2017_rpm770_doc0p001,test,42,2,cv_evaluation,chatter,1,0.02792728,8
turning,cnn_ae,ver_topk,2p5inchStickout_F_12-Jun-2017_rpm570_doc0p003_window_0000,2p5inchStickout/F_12-Jun-2017_rpm570_doc0p003,train,42,2,cv_evaluation,no_chatter,0,0.00041538794,8
turning,cnn_ae,ver_topk,2p5inchStickout_F_12-Jun-2017_rpm570_doc0p003_window_0001,2p5inchStickout/F_12-Jun-2017_rpm570_doc0p003,test,42,2,cv_evaluation,no_chatter,0,0.001107953,8
turning,cnn_ae,ver_topk,2p5inchStickout_F_12-Jun-2017_rpm570_doc0p003_window_0002,2p5inchStickout/F_12-Jun-2017_rpm570_doc0p003,train,42,2,cv_evaluation,no_chatter,0,0.0026650715,8
turning,cnn_ae,ver_topk,2p5inchStickout_F_12-Jun-2017_rpm570_doc0p003_window_0003,2p5inchStickout/F_12-Jun-2017_rpm570_doc0p003,train,42,2,cv_evaluation,no_chatter,0,0.0051282966,8
turning,cnn_ae,ver_topk,2p5inchStickout_F_12-Jun-2017_rpm570_doc0p003_window_0004,2p5inchStickout/F_12-Jun-2017_rpm570_doc0p003,train,42,2,cv_evaluation,no_chatter,0,0.0029642202,8
turning,cnn_ae,ver_topk,2p5inchStickout_F_12-Jun-2017_rpm570_doc0p003_window_0005,2p5inchStickout/F_12-Jun-2017_rpm570_doc0p003,train,42,2,cv_evaluation,no_chatter,0,0.0023489546,8
turning,cnn_ae,ver_topk,2p5inchStickout_F_12-Jun-2017_rpm570_doc0p003_window_0006,2p5inchStickout/F_12-Jun-2017_rpm570_doc0p003,train,42,2,cv_evaluation,no_chatter,0,0.0018547879,8
turning,cnn_ae,ver_topk,2p5inchStickout_F_12-Jun-2017_rpm570_doc0p003_window_0007,2p5inchStickout/F_12-Jun-2017_rpm570_doc0p003,train,42,2,cv_evaluation,no_chatter,0,0.0030375198,8
turning,cnn_ae,ver_topk,2p5inchStickout_F_12-Jun-2017_rpm570_doc0p003_window_0008,2p5inchStickout/F_12-Jun-2017_rpm570_doc0p003,train,42,2,cv_evaluation,no_chatter,0,0.0069279536,8
turning,cnn_ae,ver_topk,2p5inchStickout_F_12-Jun-2017_rpm570_doc0p003_window_0009,2p5inchStickout/F_12-Jun-2017_rpm570_doc0p003,train,42,2,cv_evaluation,no_chatter,0,0.0020170787,8
turning,cnn_ae,ver_topk,2p5inchStickout_F_12-Jun-2017_rpm570_doc0p015_trial2_window_0000,2p5inchStickout/F_12-Jun-2017_rpm570_doc0p015_trial2,train,42,2,cv_evaluation,no_chatter,0,0.0003830972,8
turning,cnn_ae,ver_topk,2p5inchStickout_F_12-Jun-2017_rpm570_doc0p015_trial2_window_0001,2p5inchStickout/F_12-Jun-2017_rpm570_doc0p015_trial2,train,42,2,cv_evaluation,no_chatter,0,0.0018237584,8
turning,cnn_ae,ver_topk,2p5inchStickout_F_12-Jun-2017_rpm570_doc0p015_trial2_window_0002,2p5inchStickout/F_12-Jun-2017_rpm570_doc0p015_trial2,test,42,2,cv_evaluation,chatter,1,0.009057262,8
turning,cnn_ae,ver_topk,2p5inchStickout_F_12-Jun-2017_rpm570_doc0p015_trial2_window_0003,2p5inchStickout/F_12-Jun-2017_rpm570_doc0p015_trial2,test,42,2,cv_evaluation,chatter,1,0.011261274,8
turning,cnn_ae,ver_topk,2p5inchStickout_F_12-Jun-2017_rpm570_doc0p015_trial2_window_0004,2p5inchStickout/F_12-Jun-2017_rpm570_doc0p015_trial2,test,42,2,cv_evaluation,chatter,1,0.0133146765,8
turning,cnn_ae,ver_topk,2p5inchStickout_F_12-Jun-2017_rpm570_doc0p015_trial2_window_0005,2p5inchStickout/F_12-Jun-2017_rpm570_doc0p015_trial2,test,42,2,cv_evaluation,chatter,1,0.011438514,8
turning,cnn_ae,ver_topk,3p5inchStickout_F_12-Jun-2017_rpm570_doc0p015_window_0000,3p5inchStickout/F_12-Jun-2017_rpm570_doc0p015,train,42,2,cv_evaluation,no_chatter,0,6.9298454e-05,8
turning,cnn_ae,ver_topk,3p5inchStickout_F_12-Jun-2017_rpm570_doc0p015_window_0001,3p5inchStickout/F_12-Jun-2017_rpm570_doc0p015,train,42,2,cv_evaluation,no_chatter,0,0.0019521505,8
turning,cnn_ae,ver_topk,3p5inchStickout_F_12-Jun-2017_rpm570_doc0p015_window_0002,3p5inchStickout/F_12-Jun-2017_rpm570_doc0p015,train,42,2,cv_evaluation,no_chatter,0,0.002948301,8
turning,cnn_ae,ver_topk,3p5inchStickout_F_12-Jun-2017_rpm570_doc0p015_window_0003,3p5inchStickout/F_12-Jun-2017_rpm570_doc0p015,train,42,2,cv_evaluation,no_chatter,0,0.004616421,8
turning,cnn_ae,ver_topk,3p5inchStickout_F_12-Jun-2017_rpm570_doc0p015_window_0004,3p5inchStickout/F_12-Jun-2017_rpm570_doc0p015,train,42,2,cv_evaluation,no_chatter,0,0.0035683792,8
turning,cnn_ae,ver_topk,3p5inchStickout_F_12-Jun-2017_rpm570_doc0p015_window_0005,3p5inchStickout/F_12-Jun-2017_rpm570_doc0p015,train,42,2,cv_evaluation,no_chatter,0,0.003840755,8
turning,cnn_ae,ver_topk,3p5inchStickout_F_12-Jun-2017_rpm570_doc0p015_window_0006,3p5inchStickout/F_12-Jun-2017_rpm570_doc0p015,train,42,2,cv_evaluation,no_chatter,0,0.012210782,8
turning,cnn_ae,ver_topk,3p5inchStickout_F_12-Jun-2017_rpm570_doc0p015_window_0007,3p5inchStickout/F_12-Jun-2017_rpm570_doc0p015,train,42,2,cv_evaluation,no_chatter,0,0.008451025,8
turning,cnn_ae,ver_topk,3p5inchStickout_F_12-Jun-2017_rpm570_doc0p015_window_0008,3p5inchStickout/F_12-Jun-2017_rpm570_doc0p015,train,42,2,cv_evaluation,no_chatter,0,0.0057076463,8
turning,cnn_ae,ver_topk,3p5inchStickout_F_12-Jun-2017_rpm570_doc0p015_window_0009,3p5inchStickout/F_12-Jun-2017_rpm570_doc0p015,train,42,2,cv_evaluation,no_chatter,0,0.005866365,8
turning,cnn_ae,ver_topk,3p5inchStickout_F_12-Jun-2017_rpm570_doc0p030_window_0000,3p5inchStickout/F_12-Jun-2017_rpm570_doc0p030,train,42,2,cv_evaluation,no_chatter,0,9.613979e-05,8
turning,cnn_ae,ver_topk,3p5inchStickout_F_12-Jun-2017_rpm570_doc0p030_window_0001,3p5inchStickout/F_12-Jun-2017_rpm570_doc0p030,test,42,2,cv_evaluation,no_chatter,0,7.259552e-05,8
turning,cnn_ae,ver_topk,3p5inchStickout_F_12-Jun-2017_rpm570_doc0p030_window_0002,3p5inchStickout/F_12-Jun-2017_rpm570_doc0p030,train,42,2,cv_evaluation,no_chatter,0,0.005107839,8
turning,cnn_ae,ver_topk,3p5inchStickout_F_12-Jun-2017_rpm570_doc0p030_window_0003,3p5inchStickout/F_12-Jun-2017_rpm570_doc0p030,train,42,2,cv_evaluation,no_chatter,0,0.002189691,8
turning,cnn_ae,ver_topk,3p5inchStickout_F_12-Jun-2017_rpm570_doc0p030_window_0004,3p5inchStickout/F_12-Jun-2017_rpm570_doc0p030,train,42,2,cv_evaluation,no_chatter,0,0.0027269863,8
turning,cnn_ae,ver_topk,3p5inchStickout_F_12-Jun-2017_rpm570_doc0p030_window_0005,3p5inchStickout/F_12-Jun-2017_rpm570_doc0p030,train,42,2,cv_evaluation,no_chatter,0,0.0025924086,8
turning,cnn_ae,ver_topk,3p5inchStickout_F_12-Jun-2017_rpm570_doc0p030_window_0006,3p5inchStickout/F_12-Jun-2017_rpm570_doc0p030,train,42,2,cv_evaluation,no_chatter,0,0.0031541132,8
turning,cnn_ae,ver_topk,3p5inchStickout_F_12-Jun-2017_rpm570_doc0p030_window_0007,3p5inchStickout/F_12-Jun-2017_rpm570_doc0p030,train,42,2,cv_evaluation,no_chatter,0,0.0054112975,8
turning,cnn_ae,ver_topk,3p5inchStickout_F_12-Jun-2017_rpm570_doc0p030_window_0008,3p5inchStickout/F_12-Jun-2017_rpm570_doc0p030,train,42,2,cv_evaluation,no_chatter,0,0.010869891,8
turning,cnn_ae,ver_topk,3p5inchStickout_F_12-Jun-2017_rpm570_doc0p030_window_0009,3p5inchStickout/F_12-Jun-2017_rpm570_doc0p030,test,42,2,cv_evaluation,no_chatter,0,0.0077813137,8
turning,cnn_ae,ver_topk,3p5inchStickout_F_14-Jun-2017_rpm770_doc0p008_window_0000,3p5inchStickout/F_14-Jun-2017_rpm770_doc0p008,train,42,2,cv_evaluation,no_chatter,0,0.00016280431,8
turning,cnn_ae,ver_topk,3p5inchStickout_F_14-Jun-2017_rpm770_doc0p008_window_0001,3p5inchStickout/F_14-Jun-2017_rpm770_doc0p008,train,42,2,cv_evaluation,no_chatter,0,0.0016034232,8
turning,cnn_ae,ver_topk,3p5inchStickout_F_14-Jun-2017_rpm770_doc0p008_window_0002,3p5inchStickout/F_14-Jun-2017_rpm770_doc0p008,train,42,2,cv_evaluation,no_chatter,0,0.0029347353,8
turning,cnn_ae,ver_topk,3p5inchStickout_F_14-Jun-2017_rpm770_doc0p008_window_0003,3p5inchStickout/F_14-Jun-2017_rpm770_doc0p008,test,42,2,cv_evaluation,no_chatter,0,0.0027785741,8
turning,cnn_ae,ver_topk,3p5inchStickout_F_14-Jun-2017_rpm770_doc0p015_window_0000,3p5inchStickout/F_14-Jun-2017_rpm770_doc0p015,validation,42,2,cv_evaluation,no_chatter,0,0.00015728745,8
turning,cnn_ae,ver_topk,3p5inchStickout_F_14-Jun-2017_rpm770_doc0p015_window_0001,3p5inchStickout/F_14-Jun-2017_rpm770_doc0p015,train,42,2,cv_evaluation,no_chatter,0,0.0016961371,8
turning,cnn_ae,ver_topk,3p5inchStickout_F_14-Jun-2017_rpm770_doc0p015_window_0002,3p5inchStickout/F_14-Jun-2017_rpm770_doc0p015,train,42,2,cv_evaluation,no_chatter,0,0.008264347,8
turning,cnn_ae,ver_topk,3p5inchStickout_F_14-Jun-2017_rpm770_doc0p015_window_0003,3p5inchStickout/F_14-Jun-2017_rpm770_doc0p015,validation,42,2,cv_evaluation,no_chatter,0,0.00989494,8
turning,cnn_ae,ver_topk,4p5inchStickout_F_12-Jun-2017_rpm570_doc0p005_window_0000,4p5inchStickout/F_12-Jun-2017_rpm570_doc0p005,validation,42,2,cv_evaluation,no_chatter,0,8.6675085e-05,8
turning,cnn_ae,ver_topk,4p5inchStickout_F_12-Jun-2017_rpm570_doc0p005_window_0001,4p5inchStickout/F_12-Jun-2017_rpm570_doc0p005,train,42,2,cv_evaluation,no_chatter,0,8.335747e-05,8
turning,cnn_ae,ver_topk,4p5inchStickout_F_12-Jun-2017_rpm570_doc0p005_window_0002,4p5inchStickout/F_12-Jun-2017_rpm570_doc0p005,validation,42,2,cv_evaluation,no_chatter,0,7.877101e-05,8
turning,cnn_ae,ver_topk,4p5inchStickout_F_12-Jun-2017_rpm570_doc0p005_window_0003,4p5inchStickout/F_12-Jun-2017_rpm570_doc0p005,train,42,2,cv_evaluation,no_chatter,0,7.41403e-05,8
turning,cnn_ae,ver_topk,4p5inchStickout_F_12-Jun-2017_rpm570_doc0p005_window_0004,4p5inchStickout/F_12-Jun-2017_rpm570_doc0p005,train,42,2,cv_evaluation,no_chatter,0,6.5216685e-05,8
turning,cnn_ae,ver_topk,4p5inchStickout_F_12-Jun-2017_rpm570_doc0p005_window_0005,4p5inchStickout/F_12-Jun-2017_rpm570_doc0p005,validation,42,2,cv_evaluation,no_chatter,0,0.0016304814,8
turning,cnn_ae,ver_topk,4p5inchStickout_F_12-Jun-2017_rpm570_doc0p005_window_0006,4p5inchStickout/F_12-Jun-2017_rpm570_doc0p005,train,42,2,cv_evaluation,no_chatter,0,0.00108835,8
turning,cnn_ae,ver_topk,4p5inchStickout_F_12-Jun-2017_rpm570_doc0p005_window_0007,4p5inchStickout/F_12-Jun-2017_rpm570_doc0p005,train,42,2,cv_evaluation,no_chatter,0,0.0013071485,8
turning,cnn_ae,ver_topk,4p5inchStickout_F_12-Jun-2017_rpm570_doc0p005_window_0008,4p5inchStickout/F_12-Jun-2017_rpm570_doc0p005,train,42,2,cv_evaluation,no_chatter,0,0.0012315387,8
turning,cnn_ae,ver_topk,4p5inchStickout_F_12-Jun-2017_rpm570_doc0p005_window_0009,4p5inchStickout/F_12-Jun-2017_rpm570_doc0p005,train,42,2,cv_evaluation,no_chatter,0,0.0016933099,8
turning,cnn_ae,ver_topk,4p5inchStickout_F_12-Jun-2017_rpm570_doc0p005_window_0010,4p5inchStickout/F_12-Jun-2017_rpm570_doc0p005,train,42,2,cv_evaluation,no_chatter,0,0.0019385197,8
turning,cnn_ae,ver_topk,4p5inchStickout_F_12-Jun-2017_rpm570_doc0p005_window_0011,4p5inchStickout/F_12-Jun-2017_rpm570_doc0p005,train,42,2,cv_evaluation,no_chatter,0,0.0013477328,8
turning,cnn_ae,ver_topk,4p5inchStickout_F_13-Jun-2017_rpm1030_doc0p007_window_0000,4p5inchStickout/F_13-Jun-2017_rpm1030_doc0p007,train,42,2,cv_evaluation,no_chatter,0,0.00014132274,8
turning,cnn_ae,ver_topk,4p5inchStickout_F_13-Jun-2017_rpm1030_doc0p007_window_0001,4p5inchStickout/F_13-Jun-2017_rpm1030_doc0p007,train,42,2,cv_evaluation,no_chatter,0,0.0026837655,8
turning,cnn_ae,ver_topk,4p5inchStickout_F_13-Jun-2017_rpm1030_doc0p007_window_0002,4p5inchStickout/F_13-Jun-2017_rpm1030_doc0p007,train,42,2,cv_evaluation,no_chatter,0,0.0013938737,8
turning,cnn_ae,ver_topk,4p5inchStickout_F_13-Jun-2017_rpm1030_doc0p007_window_0003,4p5inchStickout/F_13-Jun-2017_rpm1030_doc0p007,train,42,2,cv_evaluation,no_chatter,0,0.0036493528,8
turning,cnn_ae,ver_topk,4p5inchStickout_F_13-Jun-2017_rpm770_doc0p010_window_0000,4p5inchStickout/F_13-Jun-2017_rpm770_doc0p010,train,42,2,cv_evaluation,no_chatter,0,9.076697e-05,8
turning,cnn_ae,ver_topk,4p5inchStickout_F_13-Jun-2017_rpm770_doc0p010_window_0001,4p5inchStickout/F_13-Jun-2017_rpm770_doc0p010,train,42,2,cv_evaluation,no_chatter,0,0.00013324525,8
turning,cnn_ae,ver_topk,4p5inchStickout_F_13-Jun-2017_rpm770_doc0p010_window_0002,4p5inchStickout/F_13-Jun-2017_rpm770_doc0p010,train,42,2,cv_evaluation,no_chatter,0,0.0013191259,8
turning,cnn_ae,ver_topk,4p5inchStickout_F_13-Jun-2017_rpm770_doc0p010_window_0003,4p5inchStickout/F_13-Jun-2017_rpm770_doc0p010,test,42,2,cv_evaluation,no_chatter,0,0.002267156,8
turning,cnn_ae,ver_topk,4p5inchStickout_F_13-Jun-2017_rpm770_doc0p010_window_0004,4p5inchStickout/F_13-Jun-2017_rpm770_doc0p010,train,42,2,cv_evaluation,no_chatter,0,0.0016716718,8
turning,cnn_ae,ver_topk,4p5inchStickout_F_13-Jun-2017_rpm770_doc0p010_window_0005,4p5inchStickout/F_13-Jun-2017_rpm770_doc0p010,train,42,2,cv_evaluation,no_chatter,0,0.0015576254,8
turning,cnn_ae,global_mse,2inchStickout_F_08-Jun-2017_rpm320_doc0p035_window_0000,2inchStickout/F_08-Jun-2017_rpm320_doc0p035,train,42,3,cv_evaluation,no_chatter,0,9.7268494e-05,8
turning,cnn_ae,global_mse,2inchStickout_F_08-Jun-2017_rpm320_doc0p035_window_0001,2inchStickout/F_08-Jun-2017_rpm320_doc0p035,train,42,3,cv_evaluation,no_chatter,0,8.8139794e-05,8
turning,cnn_ae,global_mse,2inchStickout_F_08-Jun-2017_rpm320_doc0p035_window_0002,2inchStickout/F_08-Jun-2017_rpm320_doc0p035,train,42,3,cv_evaluation,no_chatter,0,7.7629586e-05,8
turning,cnn_ae,global_mse,2inchStickout_F_08-Jun-2017_rpm320_doc0p035_window_0003,2inchStickout/F_08-Jun-2017_rpm320_doc0p035,validation,42,3,cv_evaluation,no_chatter,0,0.00017140625,8
turning,cnn_ae,global_mse,2inchStickout_F_08-Jun-2017_rpm320_doc0p035_window_0004,2inchStickout/F_08-Jun-2017_rpm320_doc0p035,train,42,3,cv_evaluation,no_chatter,0,0.00069985434,8
turning,cnn_ae,global_mse,2inchStickout_F_08-Jun-2017_rpm320_doc0p035_window_0005,2inchStickout/F_08-Jun-2017_rpm320_doc0p035,train,42,3,cv_evaluation,no_chatter,0,0.00041217267,8
turning,cnn_ae,global_mse,2inchStickout_F_08-Jun-2017_rpm320_doc0p035_window_0006,2inchStickout/F_08-Jun-2017_rpm320_doc0p035,train,42,3,cv_evaluation,no_chatter,0,0.0004210568,8
turning,cnn_ae,global_mse,2inchStickout_F_08-Jun-2017_rpm320_doc0p035_window_0007,2inchStickout/F_08-Jun-2017_rpm320_doc0p035,train,42,3,cv_evaluation,no_chatter,0,0.00045834164,8
turning,cnn_ae,global_mse,2inchStickout_F_08-Jun-2017_rpm320_doc0p035_window_0008,2inchStickout/F_08-Jun-2017_rpm320_doc0p035,train,42,3,cv_evaluation,no_chatter,0,0.0004333078,8
turning,cnn_ae,global_mse,2inchStickout_F_08-Jun-2017_rpm320_doc0p035_window_0009,2inchStickout/F_08-Jun-2017_rpm320_doc0p035,train,42,3,cv_evaluation,no_chatter,0,0.00043681945,8
turning,cnn_ae,global_mse,2inchStickout_F_08-Jun-2017_rpm320_doc0p035_window_0010,2inchStickout/F_08-Jun-2017_rpm320_doc0p035,train,42,3,cv_evaluation,no_chatter,0,0.00055788254,8
turning,cnn_ae,global_mse,2inchStickout_F_08-Jun-2017_rpm320_doc0p035_window_0011,2inchStickout/F_08-Jun-2017_rpm320_doc0p035,train,42,3,cv_evaluation,no_chatter,0,0.00054675026,8
turning,cnn_ae,global_mse,2inchStickout_F_08-Jun-2017_rpm320_doc0p035_window_0012,2inchStickout/F_08-Jun-2017_rpm320_doc0p035,train,42,3,cv_evaluation,no_chatter,0,0.0005956302,8
turning,cnn_ae,global_mse,2inchStickout_F_08-Jun-2017_rpm320_doc0p035_window_0013,2inchStickout/F_08-Jun-2017_rpm320_doc0p035,train,42,3,cv_evaluation,no_chatter,0,0.0006316864,8
turning,cnn_ae,global_mse,2inchStickout_F_08-Jun-2017_rpm320_doc0p035_window_0014,2inchStickout/F_08-Jun-2017_rpm320_doc0p035,train,42,3,cv_evaluation,no_chatter,0,0.00041917225,8
turning,cnn_ae,global_mse,2inchStickout_F_08-Jun-2017_rpm320_doc0p035_window_0015,2inchStickout/F_08-Jun-2017_rpm320_doc0p035,train,42,3,cv_evaluation,no_chatter,0,0.00057101256,8
turning,cnn_ae,global_mse,2inchStickout_F_08-Jun-2017_rpm320_doc0p035_window_0016,2inchStickout/F_08-Jun-2017_rpm320_doc0p035,train,42,3,cv_evaluation,no_chatter,0,0.0005698223,8
turning,cnn_ae,global_mse,2inchStickout_F_08-Jun-2017_rpm320_doc0p035_window_0017,2inchStickout/F_08-Jun-2017_rpm320_doc0p035,train,42,3,cv_evaluation,no_chatter,0,0.00067464093,8
turning,cnn_ae,global_mse,2inchStickout_F_08-Jun-2017_rpm320_doc0p035_window_0018,2inchStickout/F_08-Jun-2017_rpm320_doc0p035,train,42,3,cv_evaluation,no_chatter,0,0.0006466092,8
turning,cnn_ae,global_mse,2inchStickout_F_08-Jun-2017_rpm320_doc0p035_window_0019,2inchStickout/F_08-Jun-2017_rpm320_doc0p035,train,42,3,cv_evaluation,no_chatter,0,0.00067742064,8
turning,cnn_ae,global_mse,2inchStickout_F_08-Jun-2017_rpm320_doc0p035_window_0020,2inchStickout/F_08-Jun-2017_rpm320_doc0p035,validation,42,3,cv_evaluation,no_chatter,0,0.00071728026,8
turning,cnn_ae,global_mse,2inchStickout_F_08-Jun-2017_rpm320_doc0p035_window_0021,2inchStickout/F_08-Jun-2017_rpm320_doc0p035,train,42,3,cv_evaluation,no_chatter,0,0.0006935223,8
turning,cnn_ae,global_mse,2inchStickout_F_08-Jun-2017_rpm320_doc0p035_window_0022,2inchStickout/F_08-Jun-2017_rpm320_doc0p035,validation,42,3,cv_evaluation,no_chatter,0,0.0007878169,8
turning,cnn_ae,global_mse,2inchStickout_F_08-Jun-2017_rpm320_doc0p035_window_0023,2inchStickout/F_08-Jun-2017_rpm320_doc0p035,train,42,3,cv_evaluation,no_chatter,0,0.00091695023,8
turning,cnn_ae,global_mse,2inchStickout_F_08-Jun-2017_rpm320_doc0p040_window_0000,2inchStickout/F_08-Jun-2017_rpm320_doc0p040,test,42,3,cv_evaluation,no_chatter,0,9.6414034e-05,8
turning,cnn_ae,global_mse,2inchStickout_F_08-Jun-2017_rpm320_doc0p040_window_0001,2inchStickout/F_08-Jun-2017_rpm320_doc0p040,train,42,3,cv_evaluation,no_chatter,0,9.636367e-05,8
turning,cnn_ae,global_mse,2inchStickout_F_08-Jun-2017_rpm320_doc0p040_window_0002,2inchStickout/F_08-Jun-2017_rpm320_doc0p040,train,42,3,cv_evaluation,no_chatter,0,7.707201e-05,8
turning,cnn_ae,global_mse,2inchStickout_F_08-Jun-2017_rpm320_doc0p040_window_0003,2inchStickout/F_08-Jun-2017_rpm320_doc0p040,test,42,3,cv_evaluation,no_chatter,0,0.00094041857,8
turning,cnn_ae,global_mse,2inchStickout_F_08-Jun-2017_rpm320_doc0p040_window_0004,2inchStickout/F_08-Jun-2017_rpm320_doc0p040,test,42,3,cv_evaluation,no_chatter,0,0.00076559285,8
turning,cnn_ae,global_mse,2inchStickout_F_08-Jun-2017_rpm320_doc0p040_window_0005,2inchStickout/F_08-Jun-2017_rpm320_doc0p040,train,42,3,cv_evaluation,no_chatter,0,0.00063855463,8
turning,cnn_ae,global_mse,2inchStickout_F_08-Jun-2017_rpm320_doc0p040_window_0006,2inchStickout/F_08-Jun-2017_rpm320_doc0p040,train,42,3,cv_evaluation,no_chatter,0,0.0005693676,8
turning,cnn_ae,global_mse,2inchStickout_F_08-Jun-2017_rpm320_doc0p040_window_0007,2inchStickout/F_08-Jun-2017_rpm320_doc0p040,train,42,3,cv_evaluation,no_chatter,0,0.00062906626,8
turning,cnn_ae,global_mse,2inchStickout_F_08-Jun-2017_rpm320_doc0p040_window_0008,2inchStickout/F_08-Jun-2017_rpm320_doc0p040,train,42,3,cv_evaluation,no_chatter,0,0.0007677812,8
turning,cnn_ae,global_mse,2inchStickout_F_08-Jun-2017_rpm320_doc0p040_window_0009,2inchStickout/F_08-Jun-2017_rpm320_doc0p040,train,42,3,cv_evaluation,no_chatter,0,0.00086394855,8
turning,cnn_ae,global_mse,2inchStickout_F_08-Jun-2017_rpm320_doc0p040_window_0010,2inchStickout/F_08-Jun-2017_rpm320_doc0p040,train,42,3,cv_evaluation,no_chatter,0,0.00079877616,8
turning,cnn_ae,global_mse,2inchStickout_F_08-Jun-2017_rpm320_doc0p040_window_0011,2inchStickout/F_08-Jun-2017_rpm320_doc0p040,train,42,3,cv_evaluation,no_chatter,0,0.00070634374,8
turning,cnn_ae,global_mse,2inchStickout_F_08-Jun-2017_rpm320_doc0p040_window_0012,2inchStickout/F_08-Jun-2017_rpm320_doc0p040,test,42,3,cv_evaluation,no_chatter,0,0.0009742301,8
turning,cnn_ae,global_mse,2inchStickout_F_08-Jun-2017_rpm320_doc0p040_window_0013,2inchStickout/F_08-Jun-2017_rpm320_doc0p040,train,42,3,cv_evaluation,no_chatter,0,0.00093156984,8
turning,cnn_ae,global_mse,2inchStickout_F_08-Jun-2017_rpm320_doc0p040_window_0014,2inchStickout/F_08-Jun-2017_rpm320_doc0p040,train,42,3,cv_evaluation,no_chatter,0,0.0009090182,8
turning,cnn_ae,global_mse,2inchStickout_F_08-Jun-2017_rpm320_doc0p040_window_0015,2inchStickout/F_08-Jun-2017_rpm320_doc0p040,train,42,3,cv_evaluation,no_chatter,0,0.0008929468,8
turning,cnn_ae,global_mse,2inchStickout_F_08-Jun-2017_rpm320_doc0p040_window_0016,2inchStickout/F_08-Jun-2017_rpm320_doc0p040,train,42,3,cv_evaluation,no_chatter,0,0.0006186854,8
turning,cnn_ae,global_mse,2inchStickout_F_08-Jun-2017_rpm320_doc0p040_window_0017,2inchStickout/F_08-Jun-2017_rpm320_doc0p040,train,42,3,cv_evaluation,no_chatter,0,0.00061439304,8
turning,cnn_ae,global_mse,2inchStickout_F_08-Jun-2017_rpm320_doc0p040_window_0018,2inchStickout/F_08-Jun-2017_rpm320_doc0p040,train,42,3,cv_evaluation,no_chatter,0,0.00070404937,8
turning,cnn_ae,global_mse,2inchStickout_F_08-Jun-2017_rpm320_doc0p040_window_0019,2inchStickout/F_08-Jun-2017_rpm320_doc0p040,train,42,3,cv_evaluation,no_chatter,0,0.000699494,8
turning,cnn_ae,global_mse,2inchStickout_F_08-Jun-2017_rpm320_doc0p040_window_0020,2inchStickout/F_08-Jun-2017_rpm320_doc0p040,train,42,3,cv_evaluation,no_chatter,0,0.00084348576,8
turning,cnn_ae,global_mse,2inchStickout_F_08-Jun-2017_rpm320_doc0p040_window_0021,2inchStickout/F_08-Jun-2017_rpm320_doc0p040,train,42,3,cv_evaluation,no_chatter,0,0.00058980816,8
turning,cnn_ae,global_mse,2inchStickout_F_08-Jun-2017_rpm320_doc0p040_window_0022,2inchStickout/F_08-Jun-2017_rpm320_doc0p040,test,42,3,cv_evaluation,no_chatter,0,0.00064232515,8
turning,cnn_ae,global_mse,2inchStickout_F_08-Jun-2017_rpm320_doc0p040_window_0023,2inchStickout/F_08-Jun-2017_rpm320_doc0p040,train,42,3,cv_evaluation,no_chatter,0,0.0005502673,8
turning,cnn_ae,global_mse,2inchStickout_F_08-Jun-2017_rpm425_doc0p005_window_0000,2inchStickout/F_08-Jun-2017_rpm425_doc0p005,train,42,3,cv_evaluation,no_chatter,0,0.00022500499,8
turning,cnn_ae,global_mse,2inchStickout_F_08-Jun-2017_rpm425_doc0p005_window_0001,2inchStickout/F_08-Jun-2017_rpm425_doc0p005,train,42,3,cv_evaluation,no_chatter,0,0.00023130066,8
turning,cnn_ae,global_mse,2inchStickout_F_08-Jun-2017_rpm425_doc0p005_window_0002,2inchStickout/F_08-Jun-2017_rpm425_doc0p005,train,42,3,cv_evaluation,no_chatter,0,0.0005819783,8
turning,cnn_ae,global_mse,2inchStickout_F_08-Jun-2017_rpm425_doc0p005_window_0003,2inchStickout/F_08-Jun-2017_rpm425_doc0p005,test,42,3,cv_evaluation,no_chatter,0,0.0008471671,8
turning,cnn_ae,global_mse,2inchStickout_F_08-Jun-2017_rpm425_doc0p005_window_0004,2inchStickout/F_08-Jun-2017_rpm425_doc0p005,train,42,3,cv_evaluation,no_chatter,0,0.000852579,8
turning,cnn_ae,global_mse,2inchStickout_F_08-Jun-2017_rpm425_doc0p005_window_0005,2inchStickout/F_08-Jun-2017_rpm425_doc0p005,test,42,3,cv_evaluation,no_chatter,0,0.0008592292,8
turning,cnn_ae,global_mse,2inchStickout_F_08-Jun-2017_rpm425_doc0p005_window_0006,2inchStickout/F_08-Jun-2017_rpm425_doc0p005,train,42,3,cv_evaluation,no_chatter,0,0.00079610077,8
turning,cnn_ae,global_mse,2inchStickout_F_08-Jun-2017_rpm425_doc0p005_window_0007,2inchStickout/F_08-Jun-2017_rpm425_doc0p005,train,42,3,cv_evaluation,no_chatter,0,0.00086587586,8
turning,cnn_ae,global_mse,2inchStickout_F_08-Jun-2017_rpm425_doc0p015_window_0000,2inchStickout/F_08-Jun-2017_rpm425_doc0p015,train,42,3,cv_evaluation,no_chatter,0,0.00014196243,8
turning,cnn_ae,global_mse,2inchStickout_F_08-Jun-2017_rpm425_doc0p015_window_0001,2inchStickout/F_08-Jun-2017_rpm425_doc0p015,train,42,3,cv_evaluation,no_chatter,0,0.0001359532,8
turning,cnn_ae,global_mse,2inchStickout_F_08-Jun-2017_rpm425_doc0p015_window_0002,2inchStickout/F_08-Jun-2017_rpm425_doc0p015,train,42,3,cv_evaluation,no_chatter,0,0.0007388509,8
turning,cnn_ae,global_mse,2inchStickout_F_08-Jun-2017_rpm425_doc0p015_window_0003,2inchStickout/F_08-Jun-2017_rpm425_doc0p015,train,42,3,cv_evaluation,no_chatter,0,0.00082393026,8
turning,cnn_ae,global_mse,2inchStickout_F_08-Jun-2017_rpm425_doc0p015_window_0004,2inchStickout/F_08-Jun-2017_rpm425_doc0p015,train,42,3,cv_evaluation,no_chatter,0,0.0010152336,8
turning,cnn_ae,global_mse,2inchStickout_F_08-Jun-2017_rpm425_doc0p015_window_0005,2inchStickout/F_08-Jun-2017_rpm425_doc0p015,train,42,3,cv_evaluation,no_chatter,0,0.0010080731,8
turning,cnn_ae,global_mse,2inchStickout_F_08-Jun-2017_rpm425_doc0p015_window_0006,2inchStickout/F_08-Jun-2017_rpm425_doc0p015,train,42,3,cv_evaluation,no_chatter,0,0.0014577869,8
turning,cnn_ae,global_mse,2inchStickout_F_08-Jun-2017_rpm425_doc0p015_window_0007,2inchStickout/F_08-Jun-2017_rpm425_doc0p015,validation,42,3,cv_evaluation,no_chatter,0,0.0014881934,8
turning,cnn_ae,global_mse,2inchStickout_F_08-Jun-2017_rpm770_doc0p005_window_0000,2inchStickout/F_08-Jun-2017_rpm770_doc0p005,validation,42,3,cv_evaluation,chatter,1,0.008896622,8
turning,cnn_ae,global_mse,2inchStickout_F_08-Jun-2017_rpm770_doc0p005_window_0001,2inchStickout/F_08-Jun-2017_rpm770_doc0p005,validation,42,3,cv_evaluation,chatter,1,0.023604346,8
turning,cnn_ae,global_mse,2inchStickout_F_08-Jun-2017_rpm770_doc0p005_window_0002,2inchStickout/F_08-Jun-2017_rpm770_doc0p005,validation,42,3,cv_evaluation,chatter,1,0.019723454,8
turning,cnn_ae,global_mse,2inchStickout_F_08-Jun-2017_rpm770_doc0p005_window_0003,2inchStickout/F_08-Jun-2017_rpm770_doc0p005,validation,42,3,cv_evaluation,chatter,1,0.017140359,8
turning,cnn_ae,global_mse,2inchStickout_F_08-Jun-2017_rpm770_doc0p005_window_0004,2inchStickout/F_08-Jun-2017_rpm770_doc0p005,validation,42,3,cv_evaluation,chatter,1,0.017043991,8
turning,cnn_ae,global_mse,2inchStickout_F_08-Jun-2017_rpm770_doc0p005_window_0005,2inchStickout/F_08-Jun-2017_rpm770_doc0p005,validation,42,3,cv_evaluation,chatter,1,0.020807616,8
turning,cnn_ae,global_mse,2inchStickout_F_08-Jun-2017_rpm770_doc0p005_window_0006,2inchStickout/F_08-Jun-2017_rpm770_doc0p005,validation,42,3,cv_evaluation,chatter,1,0.020357613,8
turning,cnn_ae,global_mse,2inchStickout_F_08-Jun-2017_rpm770_doc0p005_window_0007,2inchStickout/F_08-Jun-2017_rpm770_doc0p005,validation,42,3,cv_evaluation,chatter,1,0.019394461,8
turning,cnn_ae,global_mse,2inchStickout_F_08-Jun-2017_rpm770_doc0p005_window_0008,2inchStickout/F_08-Jun-2017_rpm770_doc0p005,validation,42,3,cv_evaluation,chatter,1,0.01748387,8
turning,cnn_ae,global_mse,2inchStickout_F_08-Jun-2017_rpm770_doc0p005_window_0009,2inchStickout/F_08-Jun-2017_rpm770_doc0p005,validation,42,3,cv_evaluation,chatter,1,0.019669166,8
turning,cnn_ae,global_mse,2inchStickout_F_08-Jun-2017_rpm770_doc0p005_window_0010,2inchStickout/F_08-Jun-2017_rpm770_doc0p005,validation,42,3,cv_evaluation,chatter,1,0.021018235,8
turning,cnn_ae,global_mse,2inchStickout_F_08-Jun-2017_rpm770_doc0p005_window_0011,2inchStickout/F_08-Jun-2017_rpm770_doc0p005,train,42,3,cv_evaluation,no_chatter,0,0.0065808147,8
turning,cnn_ae,global_mse,2p5inchStickout_F_12-Jun-2017_rpm570_doc0p015_window_0000,2p5inchStickout/F_12-Jun-2017_rpm570_doc0p015,validation,42,3,cv_evaluation,no_chatter,0,0.00043018957,8
turning,cnn_ae,global_mse,2p5inchStickout_F_12-Jun-2017_rpm570_doc0p015_window_0001,2p5inchStickout/F_12-Jun-2017_rpm570_doc0p015,train,42,3,cv_evaluation,no_chatter,0,0.0012831263,8
turning,cnn_ae,global_mse,2p5inchStickout_F_12-Jun-2017_rpm570_doc0p015_window_0002,2p5inchStickout/F_12-Jun-2017_rpm570_doc0p015,train,42,3,cv_evaluation,no_chatter,0,0.0029435263,8
turning,cnn_ae,global_mse,2p5inchStickout_F_12-Jun-2017_rpm570_doc0p015_window_0003,2p5inchStickout/F_12-Jun-2017_rpm570_doc0p015,train,42,3,cv_evaluation,no_chatter,0,0.0049135317,8
turning,cnn_ae,global_mse,2p5inchStickout_F_12-Jun-2017_rpm570_doc0p015_window_0004,2p5inchStickout/F_12-Jun-2017_rpm570_doc0p015,train,42,3,cv_evaluation,no_chatter,0,0.0019422917,8
turning,cnn_ae,global_mse,2p5inchStickout_F_12-Jun-2017_rpm570_doc0p015_window_0005,2p5inchStickout/F_12-Jun-2017_rpm570_doc0p015,train,42,3,cv_evaluation,no_chatter,0,0.0044920244,8
turning,cnn_ae,global_mse,2p5inchStickout_F_12-Jun-2017_rpm570_doc0p015_window_0006,2p5inchStickout/F_12-Jun-2017_rpm570_doc0p015,train,42,3,cv_evaluation,no_chatter,0,0.0045690616,8
turning,cnn_ae,global_mse,2p5inchStickout_F_12-Jun-2017_rpm570_doc0p015_window_0007,2p5inchStickout/F_12-Jun-2017_rpm570_doc0p015,train,42,3,cv_evaluation,no_chatter,0,0.006245278,8
turning,cnn_ae,global_mse,2p5inchStickout_F_12-Jun-2017_rpm570_doc0p015_window_0008,2p5inchStickout/F_12-Jun-2017_rpm570_doc0p015,train,42,3,cv_evaluation,no_chatter,0,0.0028095737,8
turning,cnn_ae,global_mse,2p5inchStickout_F_12-Jun-2017_rpm570_doc0p015_window_0009,2p5inchStickout/F_12-Jun-2017_rpm570_doc0p015,train,42,3,cv_evaluation,no_chatter,0,0.007630192,8
turning,cnn_ae,global_mse,2p5inchStickout_F_12-Jun-2017_rpm770_doc0p002_window_0000,2p5inchStickout/F_12-Jun-2017_rpm770_doc0p002,train,42,3,cv_evaluation,no_chatter,0,0.00048423448,8
turning,cnn_ae,global_mse,2p5inchStickout_F_12-Jun-2017_rpm770_doc0p002_window_0001,2p5inchStickout/F_12-Jun-2017_rpm770_doc0p002,train,42,3,cv_evaluation,no_chatter,0,0.0018728878,8
turning,cnn_ae,global_mse,2p5inchStickout_F_12-Jun-2017_rpm770_doc0p002_window_0002,2p5inchStickout/F_12-Jun-2017_rpm770_doc0p002,train,42,3,cv_evaluation,no_chatter,0,0.011312641,8
turning,cnn_ae,global_mse,2p5inchStickout_F_12-Jun-2017_rpm770_doc0p002_window_0003,2p5inchStickout/F_12-Jun-2017_rpm770_doc0p002,train,42,3,cv_evaluation,no_chatter,0,0.008656665,8
turning,cnn_ae,global_mse,3inchStickout_F_12-Jun-2017_rpm570_doc0p015_window_0000,3inchStickout/F_12-Jun-2017_rpm570_doc0p015,train,42,3,cv_evaluation,no_chatter,0,0.00010600063,8
turning,cnn_ae,global_mse,3inchStickout_F_12-Jun-2017_rpm570_doc0p015_window_0001,3inchStickout/F_12-Jun-2017_rpm570_doc0p015,test,42,3,cv_evaluation,no_chatter,0,0.00012575572,8
turning,cnn_ae,global_mse,3inchStickout_F_12-Jun-2017_rpm570_doc0p015_window_0002,3inchStickout/F_12-Jun-2017_rpm570_doc0p015,train,42,3,cv_evaluation,no_chatter,0,0.00025713237,8
turning,cnn_ae,global_mse,3inchStickout_F_12-Jun-2017_rpm570_doc0p015_window_0003,3inchStickout/F_12-Jun-2017_rpm570_doc0p015,train,42,3,cv_evaluation,no_chatter,0,0.0020762333,8
turning,cnn_ae,global_mse,3inchStickout_F_12-Jun-2017_rpm570_doc0p015_window_0004,3inchStickout/F_12-Jun-2017_rpm570_doc0p015,train,42,3,cv_evaluation,no_chatter,0,0.0028730899,8
turning,cnn_ae,global_mse,3inchStickout_F_12-Jun-2017_rpm570_doc0p015_window_0005,3inchStickout/F_12-Jun-2017_rpm570_doc0p015,train,42,3,cv_evaluation,no_chatter,0,0.002807666,8
turning,cnn_ae,global_mse,3inchStickout_F_12-Jun-2017_rpm570_doc0p015_window_0006,3inchStickout/F_12-Jun-2017_rpm570_doc0p015,train,42,3,cv_evaluation,no_chatter,0,0.0028954041,8
turning,cnn_ae,global_mse,3inchStickout_F_12-Jun-2017_rpm570_doc0p015_window_0007,3inchStickout/F_12-Jun-2017_rpm570_doc0p015,train,42,3,cv_evaluation,no_chatter,0,0.0027884939,8
turning,cnn_ae,global_mse,3inchStickout_F_12-Jun-2017_rpm570_doc0p015_window_0008,3inchStickout/F_12-Jun-2017_rpm570_doc0p015,train,42,3,cv_evaluation,no_chatter,0,0.0027691473,8
turning,cnn_ae,global_mse,3inchStickout_F_12-Jun-2017_rpm570_doc0p015_window_0009,3inchStickout/F_12-Jun-2017_rpm570_doc0p015,train,42,3,cv_evaluation,no_chatter,0,0.00515492,8
turning,cnn_ae,global_mse,4p5inchStickout_F_12-Jun-2017_rpm570_doc0p010_window_0000,4p5inchStickout/F_12-Jun-2017_rpm570_doc0p010,train,42,3,cv_evaluation,no_chatter,0,3.5170946e-05,8
turning,cnn_ae,global_mse,4p5inchStickout_F_12-Jun-2017_rpm570_doc0p010_window_0001,4p5inchStickout/F_12-Jun-2017_rpm570_doc0p010,train,42,3,cv_evaluation,no_chatter,0,4.739153e-05,8
turning,cnn_ae,global_mse,4p5inchStickout_F_12-Jun-2017_rpm570_doc0p010_window_0002,4p5inchStickout/F_12-Jun-2017_rpm570_doc0p010,test,42,3,cv_evaluation,no_chatter,0,4.4490702e-05,8
turning,cnn_ae,global_mse,4p5inchStickout_F_12-Jun-2017_rpm570_doc0p010_window_0003,4p5inchStickout/F_12-Jun-2017_rpm570_doc0p010,train,42,3,cv_evaluation,no_chatter,0,4.3689477e-05,8
turning,cnn_ae,global_mse,4p5inchStickout_F_12-Jun-2017_rpm570_doc0p010_window_0004,4p5inchStickout/F_12-Jun-2017_rpm570_doc0p010,train,42,3,cv_evaluation,no_chatter,0,8.915207e-05,8
turning,cnn_ae,global_mse,4p5inchStickout_F_12-Jun-2017_rpm570_doc0p010_window_0005,4p5inchStickout/F_12-Jun-2017_rpm570_doc0p010,train,42,3,cv_evaluation,no_chatter,0,0.00073000777,8
turning,cnn_ae,global_mse,4p5inchStickout_F_12-Jun-2017_rpm570_doc0p010_window_0006,4p5inchStickout/F_12-Jun-2017_rpm570_doc0p010,train,42,3,cv_evaluation,no_chatter,0,0.0009777076,8
turning,cnn_ae,global_mse,4p5inchStickout_F_12-Jun-2017_rpm570_doc0p010_window_0007,4p5inchStickout/F_12-Jun-2017_rpm570_doc0p010,train,42,3,cv_evaluation,no_chatter,0,0.0009033227,8
turning,cnn_ae,global_mse,4p5inchStickout_F_12-Jun-2017_rpm570_doc0p010_window_0008,4p5inchStickout/F_12-Jun-2017_rpm570_doc0p010,train,42,3,cv_evaluation,no_chatter,0,0.0009406638,8
turning,cnn_ae,global_mse,4p5inchStickout_F_12-Jun-2017_rpm570_doc0p010_window_0009,4p5inchStickout/F_12-Jun-2017_rpm570_doc0p010,train,42,3,cv_evaluation,no_chatter,0,0.001656858,8
turning,cnn_ae,global_mse,4p5inchStickout_F_12-Jun-2017_rpm570_doc0p010_window_0010,4p5inchStickout/F_12-Jun-2017_rpm570_doc0p010,train,42,3,cv_evaluation,no_chatter,0,0.0010777613,8
turning,cnn_ae,global_mse,4p5inchStickout_F_12-Jun-2017_rpm570_doc0p010_window_0011,4p5inchStickout/F_12-Jun-2017_rpm570_doc0p010,train,42,3,cv_evaluation,no_chatter,0,0.0010153562,8
turning,cnn_ae,global_mse,4p5inchStickout_F_13-Jun-2017_rpm1030_doc0p012_window_0000,4p5inchStickout/F_13-Jun-2017_rpm1030_doc0p012,train,42,3,cv_evaluation,no_chatter,0,0.000101424186,8
turning,cnn_ae,global_mse,4p5inchStickout_F_13-Jun-2017_rpm1030_doc0p012_window_0001,4p5inchStickout/F_13-Jun-2017_rpm1030_doc0p012,train,42,3,cv_evaluation,no_chatter,0,0.0013727994,8
turning,cnn_ae,global_mse,4p5inchStickout_F_13-Jun-2017_rpm1030_doc0p012_window_0002,4p5inchStickout/F_13-Jun-2017_rpm1030_doc0p012,test,42,3,cv_evaluation,no_chatter,0,0.0011232452,8
turning,cnn_ae,global_mse,4p5inchStickout_F_13-Jun-2017_rpm1030_doc0p012_window_0003,4p5inchStickout/F_13-Jun-2017_rpm1030_doc0p012,train,42,3,cv_evaluation,no_chatter,0,0.0011725923,8
turning,cnn_ae,global_mse,4p5inchStickout_F_13-Jun-2017_rpm1030_doc0p016_window_0000,4p5inchStickout/F_13-Jun-2017_rpm1030_doc0p016,test,42,3,cv_evaluation,no_chatter,0,0.0001000143,8
turning,cnn_ae,global_mse,4p5inchStickout_F_13-Jun-2017_rpm1030_doc0p016_window_0001,4p5inchStickout/F_13-Jun-2017_rpm1030_doc0p016,train,42,3,cv_evaluation,no_chatter,0,0.0014402405,8
turning,cnn_ae,global_mse,4p5inchStickout_F_13-Jun-2017_rpm1030_doc0p016_window_0002,4p5inchStickout/F_13-Jun-2017_rpm1030_doc0p016,train,42,3,cv_evaluation,no_chatter,0,0.0012405402,8
turning,cnn_ae,global_mse,4p5inchStickout_F_13-Jun-2017_rpm1030_doc0p016_window_0003,4p5inchStickout/F_13-Jun-2017_rpm1030_doc0p016,train,42,3,cv_evaluation,no_chatter,0,0.0012095576,8
turning,cnn_ae,global_mae,2inchStickout_F_08-Jun-2017_rpm320_doc0p035_window_0000,2inchStickout/F_08-Jun-2017_rpm320_doc0p035,train,42,3,cv_evaluation,no_chatter,0,0.003217857,8
turning,cnn_ae,global_mae,2inchStickout_F_08-Jun-2017_rpm320_doc0p035_window_0001,2inchStickout/F_08-Jun-2017_rpm320_doc0p035,train,42,3,cv_evaluation,no_chatter,0,0.0031092712,8
turning,cnn_ae,global_mae,2inchStickout_F_08-Jun-2017_rpm320_doc0p035_window_0002,2inchStickout/F_08-Jun-2017_rpm320_doc0p035,train,42,3,cv_evaluation,no_chatter,0,0.0029263343,8
turning,cnn_ae,global_mae,2inchStickout_F_08-Jun-2017_rpm320_doc0p035_window_0003,2inchStickout/F_08-Jun-2017_rpm320_doc0p035,validation,42,3,cv_evaluation,no_chatter,0,0.0038839502,8
turning,cnn_ae,global_mae,2inchStickout_F_08-Jun-2017_rpm320_doc0p035_window_0004,2inchStickout/F_08-Jun-2017_rpm320_doc0p035,train,42,3,cv_evaluation,no_chatter,0,0.011779211,8
turning,cnn_ae,global_mae,2inchStickout_F_08-Jun-2017_rpm320_doc0p035_window_0005,2inchStickout/F_08-Jun-2017_rpm320_doc0p035,train,42,3,cv_evaluation,no_chatter,0,0.010626897,8
turning,cnn_ae,global_mae,2inchStickout_F_08-Jun-2017_rpm320_doc0p035_window_0006,2inchStickout/F_08-Jun-2017_rpm320_doc0p035,train,42,3,cv_evaluation,no_chatter,0,0.011222903,8
turning,cnn_ae,global_mae,2inchStickout_F_08-Jun-2017_rpm320_doc0p035_window_0007,2inchStickout/F_08-Jun-2017_rpm320_doc0p035,train,42,3,cv_evaluation,no_chatter,0,0.011598838,8
turning,cnn_ae,global_mae,2inchStickout_F_08-Jun-2017_rpm320_doc0p035_window_0008,2inchStickout/F_08-Jun-2017_rpm320_doc0p035,train,42,3,cv_evaluation,no_chatter,0,0.011453731,8
turning,cnn_ae,global_mae,2inchStickout_F_08-Jun-2017_rpm320_doc0p035_window_0009,2inchStickout/F_08-Jun-2017_rpm320_doc0p035,train,42,3,cv_evaluation,no_chatter,0,0.011378784,8
turning,cnn_ae,global_mae,2inchStickout_F_08-Jun-2017_rpm320_doc0p035_window_0010,2inchStickout/F_08-Jun-2017_rpm320_doc0p035,train,42,3,cv_evaluation,no_chatter,0,0.012967806,8
turning,cnn_ae,global_mae,2inchStickout_F_08-Jun-2017_rpm320_doc0p035_window_0011,2inchStickout/F_08-Jun-2017_rpm320_doc0p035,train,42,3,cv_evaluation,no_chatter,0,0.012470048,8
turning,cnn_ae,global_mae,2inchStickout_F_08-Jun-2017_rpm320_doc0p035_window_0012,2inchStickout/F_08-Jun-2017_rpm320_doc0p035,train,42,3,cv_evaluation,no_chatter,0,0.012797089,8
turning,cnn_ae,global_mae,2inchStickout_F_08-Jun-2017_rpm320_doc0p035_window_0013,2inchStickout/F_08-Jun-2017_rpm320_doc0p035,train,42,3,cv_evaluation,no_chatter,0,0.013666596,8
turning,cnn_ae,global_mae,2inchStickout_F_08-Jun-2017_rpm320_doc0p035_window_0014,2inchStickout/F_08-Jun-2017_rpm320_doc0p035,train,42,3,cv_evaluation,no_chatter,0,0.011545836,8
turning,cnn_ae,global_mae,2inchStickout_F_08-Jun-2017_rpm320_doc0p035_window_0015,2inchStickout/F_08-Jun-2017_rpm320_doc0p035,train,42,3,cv_evaluation,no_chatter,0,0.013226372,8
turning,cnn_ae,global_mae,2inchStickout_F_08-Jun-2017_rpm320_doc0p035_window_0016,2inchStickout/F_08-Jun-2017_rpm320_doc0p035,train,42,3,cv_evaluation,no_chatter,0,0.013264803,8
turning,cnn_ae,global_mae,2inchStickout_F_08-Jun-2017_rpm320_doc0p035_window_0017,2inchStickout/F_08-Jun-2017_rpm320_doc0p035,train,42,3,cv_evaluation,no_chatter,0,0.014759641,8
turning,cnn_ae,global_mae,2inchStickout_F_08-Jun-2017_rpm320_doc0p035_window_0018,2inchStickout/F_08-Jun-2017_rpm320_doc0p035,train,42,3,cv_evaluation,no_chatter,0,0.014698197,8
turning,cnn_ae,global_mae,2inchStickout_F_08-Jun-2017_rpm320_doc0p035_window_0019,2inchStickout/F_08-Jun-2017_rpm320_doc0p035,train,42,3,cv_evaluation,no_chatter,0,0.015062879,8
turning,cnn_ae,global_mae,2inchStickout_F_08-Jun-2017_rpm320_doc0p035_window_0020,2inchStickout/F_08-Jun-2017_rpm320_doc0p035,validation,42,3,cv_evaluation,no_chatter,0,0.015749443,8
turning,cnn_ae,global_mae,2inchStickout_F_08-Jun-2017_rpm320_doc0p035_window_0021,2inchStickout/F_08-Jun-2017_rpm320_doc0p035,train,42,3,cv_evaluation,no_chatter,0,0.015655765,8
turning,cnn_ae,global_mae,2inchStickout_F_08-Jun-2017_rpm320_doc0p035_window_0022,2inchStickout/F_08-Jun-2017_rpm320_doc0p035,validation,42,3,cv_evaluation,no_chatter,0,0.01657327,8
turning,cnn_ae,global_mae,2inchStickout_F_08-Jun-2017_rpm320_doc0p035_window_0023,2inchStickout/F_08-Jun-2017_rpm320_doc0p035,train,42,3,cv_evaluation,no_chatter,0,0.017688418,8
turning,cnn_ae,global_mae,2inchStickout_F_08-Jun-2017_rpm320_doc0p040_window_0000,2inchStickout/F_08-Jun-2017_rpm320_doc0p040,test,42,3,cv_evaluation,no_chatter,0,0.003182694,8
turning,cnn_ae,global_mae,2inchStickout_F_08-Jun-2017_rpm320_doc0p040_window_0001,2inchStickout/F_08-Jun-2017_rpm320_doc0p040,train,42,3,cv_evaluation,no_chatter,0,0.0030911753,8
turning,cnn_ae,global_mae,2inchStickout_F_08-Jun-2017_rpm320_doc0p040_window_0002,2inchStickout/F_08-Jun-2017_rpm320_doc0p040,train,42,3,cv_evaluation,no_chatter,0,0.0029777836,8
turning,cnn_ae,global_mae,2inchStickout_F_08-Jun-2017_rpm320_doc0p040_window_0003,2inchStickout/F_08-Jun-2017_rpm320_doc0p040,test,42,3,cv_evaluation,no_chatter,0,0.011585477,8
turning,cnn_ae,global_mae,2inchStickout_F_08-Jun-2017_rpm320_doc0p040_window_0004,2inchStickout/F_08-Jun-2017_rpm320_doc0p040,test,42,3,cv_evaluation,no_chatter,0,0.0130845,8
turning,cnn_ae,global_mae,2inchStickout_F_08-Jun-2017_rpm320_doc0p040_window_0005,2inchStickout/F_08-Jun-2017_rpm320_doc0p040,train,42,3,cv_evaluation,no_chatter,0,0.013190242,8
turning,cnn_ae,global_mae,2inchStickout_F_08-Jun-2017_rpm320_doc0p040_window_0006,2inchStickout/F_08-Jun-2017_rpm320_doc0p040,train,42,3,cv_evaluation,no_chatter,0,0.012938995,8
turning,cnn_ae,global_mae,2inchStickout_F_08-Jun-2017_rpm320_doc0p040_window_0007,2inchStickout/F_08-Jun-2017_rpm320_doc0p040,train,42,3,cv_evaluation,no_chatter,0,0.013743575,8
turning,cnn_ae,global_mae,2inchStickout_F_08-Jun-2017_rpm320_doc0p040_window_0008,2inchStickout/F_08-Jun-2017_rpm320_doc0p040,train,42,3,cv_evaluation,no_chatter,0,0.015541336,8
turning,cnn_ae,global_mae,2inchStickout_F_08-Jun-2017_rpm320_doc0p040_window_0009,2inchStickout/F_08-Jun-2017_rpm320_doc0p040,train,42,3,cv_evaluation,no_chatter,0,0.016615441,8
turning,cnn_ae,global_mae,2inchStickout_F_08-Jun-2017_rpm320_doc0p040_window_0010,2inchStickout/F_08-Jun-2017_rpm320_doc0p040,train,42,3,cv_evaluation,no_chatter,0,0.015738705,8
turning,cnn_ae,global_mae,2inchStickout_F_08-Jun-2017_rpm320_doc0p040_window_0011,2inchStickout/F_08-Jun-2017_rpm320_doc0p040,train,42,3,cv_evaluation,no_chatter,0,0.015103693,8
turning,cnn_ae,global_mae,2inchStickout_F_08-Jun-2017_rpm320_doc0p040_window_0012,2inchStickout/F_08-Jun-2017_rpm320_doc0p040,test,42,3,cv_evaluation,no_chatter,0,0.01783624,8
turning,cnn_ae,global_mae,2inchStickout_F_08-Jun-2017_rpm320_doc0p040_window_0013,2inchStickout/F_08-Jun-2017_rpm320_doc0p040,train,42,3,cv_evaluation,no_chatter,0,0.016904345,8
turning,cnn_ae,global_mae,2inchStickout_F_08-Jun-2017_rpm320_doc0p040_window_0014,2inchStickout/F_08-Jun-2017_rpm320_doc0p040,train,42,3,cv_evaluation,no_chatter,0,0.016104665,8
turning,cnn_ae,global_mae,2inchStickout_F_08-Jun-2017_rpm320_doc0p040_window_0015,2inchStickout/F_08-Jun-2017_rpm320_doc0p040,train,42,3,cv_evaluation,no_chatter,0,0.01593205,8
turning,cnn_ae,global_mae,2inchStickout_F_08-Jun-2017_rpm320_doc0p040_window_0016,2inchStickout/F_08-Jun-2017_rpm320_doc0p040,train,42,3,cv_evaluation,no_chatter,0,0.013345207,8
turning,cnn_ae,global_mae,2inchStickout_F_08-Jun-2017_rpm320_doc0p040_window_0017,2inchStickout/F_08-Jun-2017_rpm320_doc0p040,train,42,3,cv_evaluation,no_chatter,0,0.013399631,8
turning,cnn_ae,global_mae,2inchStickout_F_08-Jun-2017_rpm320_doc0p040_window_0018,2inchStickout/F_08-Jun-2017_rpm320_doc0p040,train,42,3,cv_evaluation,no_chatter,0,0.014147077,8
turning,cnn_ae,global_mae,2inchStickout_F_08-Jun-2017_rpm320_doc0p040_window_0019,2inchStickout/F_08-Jun-2017_rpm320_doc0p040,train,42,3,cv_evaluation,no_chatter,0,0.014678971,8
turning,cnn_ae,global_mae,2inchStickout_F_08-Jun-2017_rpm320_doc0p040_window_0020,2inchStickout/F_08-Jun-2017_rpm320_doc0p040,train,42,3,cv_evaluation,no_chatter,0,0.015469884,8
turning,cnn_ae,global_mae,2inchStickout_F_08-Jun-2017_rpm320_doc0p040_window_0021,2inchStickout/F_08-Jun-2017_rpm320_doc0p040,train,42,3,cv_evaluation,no_chatter,0,0.013134947,8
turning,cnn_ae,global_mae,2inchStickout_F_08-Jun-2017_rpm320_doc0p040_window_0022,2inchStickout/F_08-Jun-2017_rpm320_doc0p040,test,42,3,cv_evaluation,no_chatter,0,0.013985889,8
turning,cnn_ae,global_mae,2inchStickout_F_08-Jun-2017_rpm320_doc0p040_window_0023,2inchStickout/F_08-Jun-2017_rpm320_doc0p040,train,42,3,cv_evaluation,no_chatter,0,0.012600526,8
turning,cnn_ae,global_mae,2inchStickout_F_08-Jun-2017_rpm425_doc0p005_window_0000,2inchStickout/F_08-Jun-2017_rpm425_doc0p005,train,42,3,cv_evaluation,no_chatter,0,0.004485615,8
turning,cnn_ae,global_mae,2inchStickout_F_08-Jun-2017_rpm425_doc0p005_window_0001,2inchStickout/F_08-Jun-2017_rpm425_doc0p005,train,42,3,cv_evaluation,no_chatter,0,0.0044770017,8
turning,cnn_ae,global_mae,2inchStickout_F_08-Jun-2017_rpm425_doc0p005_window_0002,2inchStickout/F_08-Jun-2017_rpm425_doc0p005,train,42,3,cv_evaluation,no_chatter,0,0.010324529,8
turning,cnn_ae,global_mae,2inchStickout_F_08-Jun-2017_rpm425_doc0p005_window_0003,2inchStickout/F_08-Jun-2017_rpm425_doc0p005,test,42,3,cv_evaluation,no_chatter,0,0.015975386,8
turning,cnn_ae,global_mae,2inchStickout_F_08-Jun-2017_rpm425_doc0p005_window_0004,2inchStickout/F_08-Jun-2017_rpm425_doc0p005,train,42,3,cv_evaluation,no_chatter,0,0.016071908,8
turning,cnn_ae,global_mae,2inchStickout_F_08-Jun-2017_rpm425_doc0p005_window_0005,2inchStickout/F_08-Jun-2017_rpm425_doc0p005,test,42,3,cv_evaluation,no_chatter,0,0.016091708,8
turning,cnn_ae,global_mae,2inchStickout_F_08-Jun-2017_rpm425_doc0p005_window_0006,2inchStickout/F_08-Jun-2017_rpm425_doc0p005,train,42,3,cv_evaluation,no_chatter,0,0.015415466,8
turning,cnn_ae,global_mae,2inchStickout_F_08-Jun-2017_rpm425_doc0p005_window_0007,2inchStickout/F_08-Jun-2017_rpm425_doc0p005,train,42,3,cv_evaluation,no_chatter,0,0.016744053,8
turning,cnn_ae,global_mae,2inchStickout_F_08-Jun-2017_rpm425_doc0p015_window_0000,2inchStickout/F_08-Jun-2017_rpm425_doc0p015,train,42,3,cv_evaluation,no_chatter,0,0.0037435316,8
turning,cnn_ae,global_mae,2inchStickout_F_08-Jun-2017_rpm425_doc0p015_window_0001,2inchStickout/F_08-Jun-2017_rpm425_doc0p015,train,42,3,cv_evaluation,no_chatter,0,0.0036768562,8
turning,cnn_ae,global_mae,2inchStickout_F_08-Jun-2017_rpm425_doc0p015_window_0002,2inchStickout/F_08-Jun-2017_rpm425_doc0p015,train,42,3,cv_evaluation,no_chatter,0,0.012781136,8
turning,cnn_ae,global_mae,2inchStickout_F_08-Jun-2017_rpm425_doc0p015_window_0003,2inchStickout/F_08-Jun-2017_rpm425_doc0p015,train,42,3,cv_evaluation,no_chatter,0,0.015719742,8
turning,cnn_ae,global_mae,2inchStickout_F_08-Jun-2017_rpm425_doc0p015_window_0004,2inchStickout/F_08-Jun-2017_rpm425_doc0p015,train,42,3,cv_evaluation,no_chatter,0,0.017854353,8
turning,cnn_ae,global_mae,2inchStickout_F_08-Jun-2017_rpm425_doc0p015_window_0005,2inchStickout/F_08-Jun-2017_rpm425_doc0p015,train,42,3,cv_evaluation,no_chatter,0,0.017869093,8
turning,cnn_ae,global_mae,2inchStickout_F_08-Jun-2017_rpm425_doc0p015_window_0006,2inchStickout/F_08-Jun-2017_rpm425_doc0p015,train,42,3,cv_evaluation,no_chatter,0,0.021807896,8
turning,cnn_ae,global_mae,2inchStickout_F_08-Jun-2017_rpm425_doc0p015_window_0007,2inchStickout/F_08-Jun-2017_rpm425_doc0p015,validation,42,3,cv_evaluation,no_chatter,0,0.021846307,8
turning,cnn_ae,global_mae,2inchStickout_F_08-Jun-2017_rpm770_doc0p005_window_0000,2inchStickout/F_08-Jun-2017_rpm770_doc0p005,validation,42,3,cv_evaluation,chatter,1,0.063649885,8
turning,cnn_ae,global_mae,2inchStickout_F_08-Jun-2017_rpm770_doc0p005_window_0001,2inchStickout/F_08-Jun-2017_rpm770_doc0p005,validation,42,3,cv_evaluation,chatter,1,0.11340201,8
turning,cnn_ae,global_mae,2inchStickout_F_08-Jun-2017_rpm770_doc0p005_window_0002,2inchStickout/F_08-Jun-2017_rpm770_doc0p005,validation,42,3,cv_evaluation,chatter,1,0.10559137,8
turning,cnn_ae,global_mae,2inchStickout_F_08-Jun-2017_rpm770_doc0p005_window_0003,2inchStickout/F_08-Jun-2017_rpm770_doc0p005,validation,42,3,cv_evaluation,chatter,1,0.09760586,8
turning,cnn_ae,global_mae,2inchStickout_F_08-Jun-2017_rpm770_doc0p005_window_0004,2inchStickout/F_08-Jun-2017_rpm770_doc0p005,validation,42,3,cv_evaluation,chatter,1,0.10205586,8
turning,cnn_ae,global_mae,2inchStickout_F_08-Jun-2017_rpm770_doc0p005_window_0005,2inchStickout/F_08-Jun-2017_rpm770_doc0p005,validation,42,3,cv_evaluation,chatter,1,0.10989655,8
turning,cnn_ae,global_mae,2inchStickout_F_08-Jun-2017_rpm770_doc0p005_window_0006,2inchStickout/F_08-Jun-2017_rpm770_doc0p005,validation,42,3,cv_evaluation,chatter,1,0.10852222,8
turning,cnn_ae,global_mae,2inchStickout_F_08-Jun-2017_rpm770_doc0p005_window_0007,2inchStickout/F_08-Jun-2017_rpm770_doc0p005,validation,42,3,cv_evaluation,chatter,1,0.10647261,8
turning,cnn_ae,global_mae,2inchStickout_F_08-Jun-2017_rpm770_doc0p005_window_0008,2inchStickout/F_08-Jun-2017_rpm770_doc0p005,validation,42,3,cv_evaluation,chatter,1,0.10236904,8
turning,cnn_ae,global_mae,2inchStickout_F_08-Jun-2017_rpm770_doc0p005_window_0009,2inchStickout/F_08-Jun-2017_rpm770_doc0p005,validation,42,3,cv_evaluation,chatter,1,0.104982056,8
turning,cnn_ae,global_mae,2inchStickout_F_08-Jun-2017_rpm770_doc0p005_window_0010,2inchStickout/F_08-Jun-2017_rpm770_doc0p005,validation,42,3,cv_evaluation,chatter,1,0.10000725,8
turning,cnn_ae,global_mae,2inchStickout_F_08-Jun-2017_rpm770_doc0p005_window_0011,2inchStickout/F_08-Jun-2017_rpm770_doc0p005,train,42,3,cv_evaluation,no_chatter,0,0.05675852,8
turning,cnn_ae,global_mae,2p5inchStickout_F_12-Jun-2017_rpm570_doc0p015_window_0000,2p5inchStickout/F_12-Jun-2017_rpm570_doc0p015,validation,42,3,cv_evaluation,no_chatter,0,0.0053040865,8
turning,cnn_ae,global_mae,2p5inchStickout_F_12-Jun-2017_rpm570_doc0p015_window_0001,2p5inchStickout/F_12-Jun-2017_rpm570_doc0p015,train,42,3,cv_evaluation,no_chatter,0,0.018244393,8
turning,cnn_ae,global_mae,2p5inchStickout_F_12-Jun-2017_rpm570_doc0p015_window_0002,2p5inchStickout/F_12-Jun-2017_rpm570_doc0p015,train,42,3,cv_evaluation,no_chatter,0,0.029715078,8
turning,cnn_ae,global_mae,2p5inchStickout_F_12-Jun-2017_rpm570_doc0p015_window_0003,2p5inchStickout/F_12-Jun-2017_rpm570_doc0p015,train,42,3,cv_evaluation,no_chatter,0,0.035723027,8
turning,cnn_ae,global_mae,2p5inchStickout_F_12-Jun-2017_rpm570_doc0p015_window_0004,2p5inchStickout/F_12-Jun-2017_rpm570_doc0p015,train,42,3,cv_evaluation,no_chatter,0,0.02458915,8
turning,cnn_ae,global_mae,2p5inchStickout_F_12-Jun-2017_rpm570_doc0p015_window_0005,2p5inchStickout/F_12-Jun-2017_rpm570_doc0p015,train,42,3,cv_evaluation,no_chatter,0,0.036886778,8
turning,cnn_ae,global_mae,2p5inchStickout_F_12-Jun-2017_rpm570_doc0p015_window_0006,2p5inchStickout/F_12-Jun-2017_rpm570_doc0p015,train,42,3,cv_evaluation,no_chatter,0,0.04038709,8
turning,cnn_ae,global_mae,2p5inchStickout_F_12-Jun-2017_rpm570_doc0p015_window_0007,2p5inchStickout/F_12-Jun-2017_rpm570_doc0p015,train,42,3,cv_evaluation,no_chatter,0,0.043456968,8
turning,cnn_ae,global_mae,2p5inchStickout_F_12-Jun-2017_rpm570_doc0p015_window_0008,2p5inchStickout/F_12-Jun-2017_rpm570_doc0p015,train,42,3,cv_evaluation,no_chatter,0,0.030502252,8
turning,cnn_ae,global_mae,2p5inchStickout_F_12-Jun-2017_rpm570_doc0p015_window_0009,2p5inchStickout/F_12-Jun-2017_rpm570_doc0p015,train,42,3,cv_evaluation,no_chatter,0,0.053128384,8
turning,cnn_ae,global_mae,2p5inchStickout_F_12-Jun-2017_rpm770_doc0p002_window_0000,2p5inchStickout/F_12-Jun-2017_rpm770_doc0p002,train,42,3,cv_evaluation,no_chatter,0,0.006890089,8
turning,cnn_ae,global_mae,2p5inchStickout_F_12-Jun-2017_rpm770_doc0p002_window_0001,2p5inchStickout/F_12-Jun-2017_rpm770_doc0p002,train,42,3,cv_evaluation,no_chatter,0,0.02463968,8
turning,cnn_ae,global_mae,2p5inchStickout_F_12-Jun-2017_rpm770_doc0p002_window_0002,2p5inchStickout/F_12-Jun-2017_rpm770_doc0p002,train,42,3,cv_evaluation,no_chatter,0,0.066091895,8
turning,cnn_ae,global_mae,2p5inchStickout_F_12-Jun-2017_rpm770_doc0p002_window_0003,2p5inchStickout/F_12-Jun-2017_rpm770_doc0p002,train,42,3,cv_evaluation,no_chatter,0,0.057381295,8
turning,cnn_ae,global_mae,3inchStickout_F_12-Jun-2017_rpm570_doc0p015_window_0000,3inchStickout/F_12-Jun-2017_rpm570_doc0p015,train,42,3,cv_evaluation,no_chatter,0,0.003289695,8
turning,cnn_ae,global_mae,3inchStickout_F_12-Jun-2017_rpm570_doc0p015_window_0001,3inchStickout/F_12-Jun-2017_rpm570_doc0p015,test,42,3,cv_evaluation,no_chatter,0,0.0033770222,8
turning,cnn_ae,global_mae,3inchStickout_F_12-Jun-2017_rpm570_doc0p015_window_0002,3inchStickout/F_12-Jun-2017_rpm570_doc0p015,train,42,3,cv_evaluation,no_chatter,0,0.0052691535,8
turning,cnn_ae,global_mae,3inchStickout_F_12-Jun-2017_rpm570_doc0p015_window_0003,3inchStickout/F_12-Jun-2017_rpm570_doc0p015,train,42,3,cv_evaluation,no_chatter,0,0.023840632,8
turning,cnn_ae,global_mae,3inchStickout_F_12-Jun-2017_rpm570_doc0p015_window_0004,3inchStickout/F_12-Jun-2017_rpm570_doc0p015,train,42,3,cv_evaluation,no_chatter,0,0.028710937,8
turning,cnn_ae,global_mae,3inchStickout_F_12-Jun-2017_rpm570_doc0p015_window_0005,3inchStickout/F_12-Jun-2017_rpm570_doc0p015,train,42,3,cv_evaluation,no_chatter,0,0.028757207,8
turning,cnn_ae,global_mae,3inchStickout_F_12-Jun-2017_rpm570_doc0p015_window_0006,3inchStickout/F_12-Jun-2017_rpm570_doc0p015,train,42,3,cv_evaluation,no_chatter,0,0.028155517,8
turning,cnn_ae,global_mae,3inchStickout_F_12-Jun-2017_rpm570_doc0p015_window_0007,3inchStickout/F_12-Jun-2017_rpm570_doc0p015,train,42,3,cv_evaluation,no_chatter,0,0.027579095,8
turning,cnn_ae,global_mae,3inchStickout_F_12-Jun-2017_rpm570_doc0p015_window_0008,3inchStickout/F_12-Jun-2017_rpm570_doc0p015,train,42,3,cv_evaluation,no_chatter,0,0.027417531,8
turning,cnn_ae,global_mae,3inchStickout_F_12-Jun-2017_rpm570_doc0p015_window_0009,3inchStickout/F_12-Jun-2017_rpm570_doc0p015,train,42,3,cv_evaluation,no_chatter,0,0.03785201,8
turning,cnn_ae,global_mae,4p5inchStickout_F_12-Jun-2017_rpm570_doc0p010_window_0000,4p5inchStickout/F_12-Jun-2017_rpm570_doc0p010,train,42,3,cv_evaluation,no_chatter,0,0.0022194767,8
turning,cnn_ae,global_mae,4p5inchStickout_F_12-Jun-2017_rpm570_doc0p010_window_0001,4p5inchStickout/F_12-Jun-2017_rpm570_doc0p010,train,42,3,cv_evaluation,no_chatter,0,0.0023929984,8
turning,cnn_ae,global_mae,4p5inchStickout_F_12-Jun-2017_rpm570_doc0p010_window_0002,4p5inchStickout/F_12-Jun-2017_rpm570_doc0p010,test,42,3,cv_evaluation,no_chatter,0,0.002345198,8
turning,cnn_ae,global_mae,4p5inchStickout_F_12-Jun-2017_rpm570_doc0p010_window_0003,4p5inchStickout/F_12-Jun-2017_rpm570_doc0p010,train,42,3,cv_evaluation,no_chatter,0,0.002256385,8
turning,cnn_ae,global_mae,4p5inchStickout_F_12-Jun-2017_rpm570_doc0p010_window_0004,4p5inchStickout/F_12-Jun-2017_rpm570_doc0p010,train,42,3,cv_evaluation,no_chatter,0,0.0029915161,8
turning,cnn_ae,global_mae,4p5inchStickout_F_12-Jun-2017_rpm570_doc0p010_window_0005,4p5inchStickout/F_12-Jun-2017_rpm570_doc0p010,train,42,3,cv_evaluation,no_chatter,0,0.016260037,8
turning,cnn_ae,global_mae,4p5inchStickout_F_12-Jun-2017_rpm570_doc0p010_window_0006,4p5inchStickout/F_12-Jun-2017_rpm570_doc0p010,train,42,3,cv_evaluation,no_chatter,0,0.019299889,8
turning,cnn_ae,global_mae,4p5inchStickout_F_12-Jun-2017_rpm570_doc0p010_window_0007,4p5inchStickout/F_12-Jun-2017_rpm570_doc0p010,train,42,3,cv_evaluation,no_chatter,0,0.018446539,8
turning,cnn_ae,global_mae,4p5inchStickout_F_12-Jun-2017_rpm570_doc0p010_window_0008,4p5inchStickout/F_12-Jun-2017_rpm570_doc0p010,train,42,3,cv_evaluation,no_chatter,0,0.018777857,8
turning,cnn_ae,global_mae,4p5inchStickout_F_12-Jun-2017_rpm570_doc0p010_window_0009,4p5inchStickout/F_12-Jun-2017_rpm570_doc0p010,train,42,3,cv_evaluation,no_chatter,0,0.024335606,8
turning,cnn_ae,global_mae,4p5inchStickout_F_12-Jun-2017_rpm570_doc0p010_window_0010,4p5inchStickout/F_12-Jun-2017_rpm570_doc0p010,train,42,3,cv_evaluation,no_chatter,0,0.020888016,8
turning,cnn_ae,global_mae,4p5inchStickout_F_12-Jun-2017_rpm570_doc0p010_window_0011,4p5inchStickout/F_12-Jun-2017_rpm570_doc0p010,train,42,3,cv_evaluation,no_chatter,0,0.019931678,8
turning,cnn_ae,global_mae,4p5inchStickout_F_13-Jun-2017_rpm1030_doc0p012_window_0000,4p5inchStickout/F_13-Jun-2017_rpm1030_doc0p012,train,42,3,cv_evaluation,no_chatter,0,0.0031480393,8
turning,cnn_ae,global_mae,4p5inchStickout_F_13-Jun-2017_rpm1030_doc0p012_window_0001,4p5inchStickout/F_13-Jun-2017_rpm1030_doc0p012,train,42,3,cv_evaluation,no_chatter,0,0.021744216,8
turning,cnn_ae,global_mae,4p5inchStickout_F_13-Jun-2017_rpm1030_doc0p012_window_0002,4p5inchStickout/F_13-Jun-2017_rpm1030_doc0p012,test,42,3,cv_evaluation,no_chatter,0,0.021804502,8
turning,cnn_ae,global_mae,4p5inchStickout_F_13-Jun-2017_rpm1030_doc0p012_window_0003,4p5inchStickout/F_13-Jun-2017_rpm1030_doc0p012,train,42,3,cv_evaluation,no_chatter,0,0.02194349,8
turning,cnn_ae,global_mae,4p5inchStickout_F_13-Jun-2017_rpm1030_doc0p016_window_0000,4p5inchStickout/F_13-Jun-2017_rpm1030_doc0p016,test,42,3,cv_evaluation,no_chatter,0,0.0031596294,8
turning,cnn_ae,global_mae,4p5inchStickout_F_13-Jun-2017_rpm1030_doc0p016_window_0001,4p5inchStickout/F_13-Jun-2017_rpm1030_doc0p016,train,42,3,cv_evaluation,no_chatter,0,0.024754215,8
turning,cnn_ae,global_mae,4p5inchStickout_F_13-Jun-2017_rpm1030_doc0p016_window_0002,4p5inchStickout/F_13-Jun-2017_rpm1030_doc0p016,train,42,3,cv_evaluation,no_chatter,0,0.023990503,8
turning,cnn_ae,global_mae,4p5inchStickout_F_13-Jun-2017_rpm1030_doc0p016_window_0003,4p5inchStickout/F_13-Jun-2017_rpm1030_doc0p016,train,42,3,cv_evaluation,no_chatter,0,0.023641624,8
turning,cnn_ae,ver_max,2inchStickout_F_08-Jun-2017_rpm320_doc0p035_window_0000,2inchStickout/F_08-Jun-2017_rpm320_doc0p035,train,42,3,cv_evaluation,no_chatter,0,0.00016540864,8
turning,cnn_ae,ver_max,2inchStickout_F_08-Jun-2017_rpm320_doc0p035_window_0001,2inchStickout/F_08-Jun-2017_rpm320_doc0p035,train,42,3,cv_evaluation,no_chatter,0,0.00017126655,8
turning,cnn_ae,ver_max,2inchStickout_F_08-Jun-2017_rpm320_doc0p035_window_0002,2inchStickout/F_08-Jun-2017_rpm320_doc0p035,train,42,3,cv_evaluation,no_chatter,0,0.00014897958,8
turning,cnn_ae,ver_max,2inchStickout_F_08-Jun-2017_rpm320_doc0p035_window_0003,2inchStickout/F_08-Jun-2017_rpm320_doc0p035,validation,42,3,cv_evaluation,no_chatter,0,0.00085737585,8
turning,cnn_ae,ver_max,2inchStickout_F_08-Jun-2017_rpm320_doc0p035_window_0004,2inchStickout/F_08-Jun-2017_rpm320_doc0p035,train,42,3,cv_evaluation,no_chatter,0,0.0011575794,8
turning,cnn_ae,ver_max,2inchStickout_F_08-Jun-2017_rpm320_doc0p035_window_0005,2inchStickout/F_08-Jun-2017_rpm320_doc0p035,train,42,3,cv_evaluation,no_chatter,0,0.0005773197,8
turning,cnn_ae,ver_max,2inchStickout_F_08-Jun-2017_rpm320_doc0p035_window_0006,2inchStickout/F_08-Jun-2017_rpm320_doc0p035,train,42,3,cv_evaluation,no_chatter,0,0.0005392167,8
turning,cnn_ae,ver_max,2inchStickout_F_08-Jun-2017_rpm320_doc0p035_window_0007,2inchStickout/F_08-Jun-2017_rpm320_doc0p035,train,42,3,cv_evaluation,no_chatter,0,0.00056840957,8
turning,cnn_ae,ver_max,2inchStickout_F_08-Jun-2017_rpm320_doc0p035_window_0008,2inchStickout/F_08-Jun-2017_rpm320_doc0p035,train,42,3,cv_evaluation,no_chatter,0,0.0005615547,8
turning,cnn_ae,ver_max,2inchStickout_F_08-Jun-2017_rpm320_doc0p035_window_0009,2inchStickout/F_08-Jun-2017_rpm320_doc0p035,train,42,3,cv_evaluation,no_chatter,0,0.0005880852,8
turning,cnn_ae,ver_max,2inchStickout_F_08-Jun-2017_rpm320_doc0p035_window_0010,2inchStickout/F_08-Jun-2017_rpm320_doc0p035,train,42,3,cv_evaluation,no_chatter,0,0.0007997674,8
turning,cnn_ae,ver_max,2inchStickout_F_08-Jun-2017_rpm320_doc0p035_window_0011,2inchStickout/F_08-Jun-2017_rpm320_doc0p035,train,42,3,cv_evaluation,no_chatter,0,0.0007605692,8
turning,cnn_ae,ver_max,2inchStickout_F_08-Jun-2017_rpm320_doc0p035_window_0012,2inchStickout/F_08-Jun-2017_rpm320_doc0p035,train,42,3,cv_evaluation,no_chatter,0,0.0008561172,8
turning,cnn_ae,ver_max,2inchStickout_F_08-Jun-2017_rpm320_doc0p035_window_0013,2inchStickout/F_08-Jun-2017_rpm320_doc0p035,train,42,3,cv_evaluation,no_chatter,0,0.00095201493,8
turning,cnn_ae,ver_max,2inchStickout_F_08-Jun-2017_rpm320_doc0p035_window_0014,2inchStickout/F_08-Jun-2017_rpm320_doc0p035,train,42,3,cv_evaluation,no_chatter,0,0.00052302086,8
turning,cnn_ae,ver_max,2inchStickout_F_08-Jun-2017_rpm320_doc0p035_window_0015,2inchStickout/F_08-Jun-2017_rpm320_doc0p035,train,42,3,cv_evaluation,no_chatter,0,0.0010501812,8
turning,cnn_ae,ver_max,2inchStickout_F_08-Jun-2017_rpm320_doc0p035_window_0016,2inchStickout/F_08-Jun-2017_rpm320_doc0p035,train,42,3,cv_evaluation,no_chatter,0,0.00081168616,8
turning,cnn_ae,ver_max,2inchStickout_F_08-Jun-2017_rpm320_doc0p035_window_0017,2inchStickout/F_08-Jun-2017_rpm320_doc0p035,train,42,3,cv_evaluation,no_chatter,0,0.0012241513,8
turning,cnn_ae,ver_max,2inchStickout_F_08-Jun-2017_rpm320_doc0p035_window_0018,2inchStickout/F_08-Jun-2017_rpm320_doc0p035,train,42,3,cv_evaluation,no_chatter,0,0.0008345296,8
turning,cnn_ae,ver_max,2inchStickout_F_08-Jun-2017_rpm320_doc0p035_window_0019,2inchStickout/F_08-Jun-2017_rpm320_doc0p035,train,42,3,cv_evaluation,no_chatter,0,0.0009857733,8
turning,cnn_ae,ver_max,2inchStickout_F_08-Jun-2017_rpm320_doc0p035_window_0020,2inchStickout/F_08-Jun-2017_rpm320_doc0p035,validation,42,3,cv_evaluation,no_chatter,0,0.0010880638,8
turning,cnn_ae,ver_max,2inchStickout_F_08-Jun-2017_rpm320_doc0p035_window_0021,2inchStickout/F_08-Jun-2017_rpm320_doc0p035,train,42,3,cv_evaluation,no_chatter,0,0.00095057697,8
turning,cnn_ae,ver_max,2inchStickout_F_08-Jun-2017_rpm320_doc0p035_window_0022,2inchStickout/F_08-Jun-2017_rpm320_doc0p035,validation,42,3,cv_evaluation,no_chatter,0,0.0012729906,8
turning,cnn_ae,ver_max,2inchStickout_F_08-Jun-2017_rpm320_doc0p035_window_0023,2inchStickout/F_08-Jun-2017_rpm320_doc0p035,train,42,3,cv_evaluation,no_chatter,0,0.0015311259,8
turning,cnn_ae,ver_max,2inchStickout_F_08-Jun-2017_rpm320_doc0p040_window_0000,2inchStickout/F_08-Jun-2017_rpm320_doc0p040,test,42,3,cv_evaluation,no_chatter,0,0.00016795869,8
turning,cnn_ae,ver_max,2inchStickout_F_08-Jun-2017_rpm320_doc0p040_window_0001,2inchStickout/F_08-Jun-2017_rpm320_doc0p040,train,42,3,cv_evaluation,no_chatter,0,0.00019382303,8
turning,cnn_ae,ver_max,2inchStickout_F_08-Jun-2017_rpm320_doc0p040_window_0002,2inchStickout/F_08-Jun-2017_rpm320_doc0p040,train,42,3,cv_evaluation,no_chatter,0,0.00016726118,8
turning,cnn_ae,ver_max,2inchStickout_F_08-Jun-2017_rpm320_doc0p040_window_0003,2inchStickout/F_08-Jun-2017_rpm320_doc0p040,test,42,3,cv_evaluation,no_chatter,0,0.0026481631,8
turning,cnn_ae,ver_max,2inchStickout_F_08-Jun-2017_rpm320_doc0p040_window_0004,2inchStickout/F_08-Jun-2017_rpm320_doc0p040,test,42,3,cv_evaluation,no_chatter,0,0.0016326845,8
turning,cnn_ae,ver_max,2inchStickout_F_08-Jun-2017_rpm320_doc0p040_window_0005,2inchStickout/F_08-Jun-2017_rpm320_doc0p040,train,42,3,cv_evaluation,no_chatter,0,0.00074590405,8
turning,cnn_ae,ver_max,2inchStickout_F_08-Jun-2017_rpm320_doc0p040_window_0006,2inchStickout/F_08-Jun-2017_rpm320_doc0p040,train,42,3,cv_evaluation,no_chatter,0,0.0007767079,8
turning,cnn_ae,ver_max,2inchStickout_F_08-Jun-2017_rpm320_doc0p040_window_0007,2inchStickout/F_08-Jun-2017_rpm320_doc0p040,train,42,3,cv_evaluation,no_chatter,0,0.0008750843,8
turning,cnn_ae,ver_max,2inchStickout_F_08-Jun-2017_rpm320_doc0p040_window_0008,2inchStickout/F_08-Jun-2017_rpm320_doc0p040,train,42,3,cv_evaluation,no_chatter,0,0.00093835767,8
turning,cnn_ae,ver_max,2inchStickout_F_08-Jun-2017_rpm320_doc0p040_window_0009,2inchStickout/F_08-Jun-2017_rpm320_doc0p040,train,42,3,cv_evaluation,no_chatter,0,0.0010914048,8
turning,cnn_ae,ver_max,2inchStickout_F_08-Jun-2017_rpm320_doc0p040_window_0010,2inchStickout/F_08-Jun-2017_rpm320_doc0p040,train,42,3,cv_evaluation,no_chatter,0,0.0009847826,8
turning,cnn_ae,ver_max,2inchStickout_F_08-Jun-2017_rpm320_doc0p040_window_0011,2inchStickout/F_08-Jun-2017_rpm320_doc0p040,train,42,3,cv_evaluation,no_chatter,0,0.0008934947,8
turning,cnn_ae,ver_max,2inchStickout_F_08-Jun-2017_rpm320_doc0p040_window_0012,2inchStickout/F_08-Jun-2017_rpm320_doc0p040,test,42,3,cv_evaluation,no_chatter,0,0.0016730047,8
turning,cnn_ae,ver_max,2inchStickout_F_08-Jun-2017_rpm320_doc0p040_window_0013,2inchStickout/F_08-Jun-2017_rpm320_doc0p040,train,42,3,cv_evaluation,no_chatter,0,0.0013047339,8
turning,cnn_ae,ver_max,2inchStickout_F_08-Jun-2017_rpm320_doc0p040_window_0014,2inchStickout/F_08-Jun-2017_rpm320_doc0p040,train,42,3,cv_evaluation,no_chatter,0,0.0020502436,8
turning,cnn_ae,ver_max,2inchStickout_F_08-Jun-2017_rpm320_doc0p040_window_0015,2inchStickout/F_08-Jun-2017_rpm320_doc0p040,train,42,3,cv_evaluation,no_chatter,0,0.0015002715,8
turning,cnn_ae,ver_max,2inchStickout_F_08-Jun-2017_rpm320_doc0p040_window_0016,2inchStickout/F_08-Jun-2017_rpm320_doc0p040,train,42,3,cv_evaluation,no_chatter,0,0.0007598997,8
turning,cnn_ae,ver_max,2inchStickout_F_08-Jun-2017_rpm320_doc0p040_window_0017,2inchStickout/F_08-Jun-2017_rpm320_doc0p040,train,42,3,cv_evaluation,no_chatter,0,0.000877714,8
turning,cnn_ae,ver_max,2inchStickout_F_08-Jun-2017_rpm320_doc0p040_window_0018,2inchStickout/F_08-Jun-2017_rpm320_doc0p040,train,42,3,cv_evaluation,no_chatter,0,0.000949529,8
turning,cnn_ae,ver_max,2inchStickout_F_08-Jun-2017_rpm320_doc0p040_window_0019,2inchStickout/F_08-Jun-2017_rpm320_doc0p040,train,42,3,cv_evaluation,no_chatter,0,0.0010058642,8
turning,cnn_ae,ver_max,2inchStickout_F_08-Jun-2017_rpm320_doc0p040_window_0020,2inchStickout/F_08-Jun-2017_rpm320_doc0p040,train,42,3,cv_evaluation,no_chatter,0,0.0014016847,8
turning,cnn_ae,ver_max,2inchStickout_F_08-Jun-2017_rpm320_doc0p040_window_0021,2inchStickout/F_08-Jun-2017_rpm320_doc0p040,train,42,3,cv_evaluation,no_chatter,0,0.0008641927,8
turning,cnn_ae,ver_max,2inchStickout_F_08-Jun-2017_rpm320_doc0p040_window_0022,2inchStickout/F_08-Jun-2017_rpm320_doc0p040,test,42,3,cv_evaluation,no_chatter,0,0.0009681602,8
turning,cnn_ae,ver_max,2inchStickout_F_08-Jun-2017_rpm320_doc0p040_window_0023,2inchStickout/F_08-Jun-2017_rpm320_doc0p040,train,42,3,cv_evaluation,no_chatter,0,0.0007801534,8
turning,cnn_ae,ver_max,2inchStickout_F_08-Jun-2017_rpm425_doc0p005_window_0000,2inchStickout/F_08-Jun-2017_rpm425_doc0p005,train,42,3,cv_evaluation,no_chatter,0,0.0003218647,8
turning,cnn_ae,ver_max,2inchStickout_F_08-Jun-2017_rpm425_doc0p005_window_0001,2inchStickout/F_08-Jun-2017_rpm425_doc0p005,train,42,3,cv_evaluation,no_chatter,0,0.00030284564,8
turning,cnn_ae,ver_max,2inchStickout_F_08-Jun-2017_rpm425_doc0p005_window_0002,2inchStickout/F_08-Jun-2017_rpm425_doc0p005,train,42,3,cv_evaluation,no_chatter,0,0.0007708737,8
turning,cnn_ae,ver_max,2inchStickout_F_08-Jun-2017_rpm425_doc0p005_window_0003,2inchStickout/F_08-Jun-2017_rpm425_doc0p005,test,42,3,cv_evaluation,no_chatter,0,0.0010854914,8
turning,cnn_ae,ver_max,2inchStickout_F_08-Jun-2017_rpm425_doc0p005_window_0004,2inchStickout/F_08-Jun-2017_rpm425_doc0p005,train,42,3,cv_evaluation,no_chatter,0,0.001008977,8
turning,cnn_ae,ver_max,2inchStickout_F_08-Jun-2017_rpm425_doc0p005_window_0005,2inchStickout/F_08-Jun-2017_rpm425_doc0p005,test,42,3,cv_evaluation,no_chatter,0,0.0010553895,8
turning,cnn_ae,ver_max,2inchStickout_F_08-Jun-2017_rpm425_doc0p005_window_0006,2inchStickout/F_08-Jun-2017_rpm425_doc0p005,train,42,3,cv_evaluation,no_chatter,0,0.0009337315,8
turning,cnn_ae,ver_max,2inchStickout_F_08-Jun-2017_rpm425_doc0p005_window_0007,2inchStickout/F_08-Jun-2017_rpm425_doc0p005,train,42,3,cv_evaluation,no_chatter,0,0.0011284587,8
turning,cnn_ae,ver_max,2inchStickout_F_08-Jun-2017_rpm425_doc0p015_window_0000,2inchStickout/F_08-Jun-2017_rpm425_doc0p015,train,42,3,cv_evaluation,no_chatter,0,0.00021506764,8
turning,cnn_ae,ver_max,2inchStickout_F_08-Jun-2017_rpm425_doc0p015_window_0001,2inchStickout/F_08-Jun-2017_rpm425_doc0p015,train,42,3,cv_evaluation,no_chatter,0,0.00021564588,8
turning,cnn_ae,ver_max,2inchStickout_F_08-Jun-2017_rpm425_doc0p015_window_0002,2inchStickout/F_08-Jun-2017_rpm425_doc0p015,train,42,3,cv_evaluation,no_chatter,0,0.0010424585,8
turning,cnn_ae,ver_max,2inchStickout_F_08-Jun-2017_rpm425_doc0p015_window_0003,2inchStickout/F_08-Jun-2017_rpm425_doc0p015,train,42,3,cv_evaluation,no_chatter,0,0.0010150551,8
turning,cnn_ae,ver_max,2inchStickout_F_08-Jun-2017_rpm425_doc0p015_window_0004,2inchStickout/F_08-Jun-2017_rpm425_doc0p015,train,42,3,cv_evaluation,no_chatter,0,0.0011637347,8
turning,cnn_ae,ver_max,2inchStickout_F_08-Jun-2017_rpm425_doc0p015_window_0005,2inchStickout/F_08-Jun-2017_rpm425_doc0p015,train,42,3,cv_evaluation,no_chatter,0,0.0011450048,8
turning,cnn_ae,ver_max,2inchStickout_F_08-Jun-2017_rpm425_doc0p015_window_0006,2inchStickout/F_08-Jun-2017_rpm425_doc0p015,train,42,3,cv_evaluation,no_chatter,0,0.0016854922,8
turning,cnn_ae,ver_max,2inchStickout_F_08-Jun-2017_rpm425_doc0p015_window_0007,2inchStickout/F_08-Jun-2017_rpm425_doc0p015,validation,42,3,cv_evaluation,no_chatter,0,0.0018927591,8
turning,cnn_ae,ver_max,2inchStickout_F_08-Jun-2017_rpm770_doc0p005_window_0000,2inchStickout/F_08-Jun-2017_rpm770_doc0p005,validation,42,3,cv_evaluation,chatter,1,0.0133144315,8
turning,cnn_ae,ver_max,2inchStickout_F_08-Jun-2017_rpm770_doc0p005_window_0001,2inchStickout/F_08-Jun-2017_rpm770_doc0p005,validation,42,3,cv_evaluation,chatter,1,0.052741673,8
turning,cnn_ae,ver_max,2inchStickout_F_08-Jun-2017_rpm770_doc0p005_window_0002,2inchStickout/F_08-Jun-2017_rpm770_doc0p005,validation,42,3,cv_evaluation,chatter,1,0.030574398,8
turning,cnn_ae,ver_max,2inchStickout_F_08-Jun-2017_rpm770_doc0p005_window_0003,2inchStickout/F_08-Jun-2017_rpm770_doc0p005,validation,42,3,cv_evaluation,chatter,1,0.030495359,8
turning,cnn_ae,ver_max,2inchStickout_F_08-Jun-2017_rpm770_doc0p005_window_0004,2inchStickout/F_08-Jun-2017_rpm770_doc0p005,validation,42,3,cv_evaluation,chatter,1,0.023693172,8
turning,cnn_ae,ver_max,2inchStickout_F_08-Jun-2017_rpm770_doc0p005_window_0005,2inchStickout/F_08-Jun-2017_rpm770_doc0p005,validation,42,3,cv_evaluation,chatter,1,0.033814266,8
turning,cnn_ae,ver_max,2inchStickout_F_08-Jun-2017_rpm770_doc0p005_window_0006,2inchStickout/F_08-Jun-2017_rpm770_doc0p005,validation,42,3,cv_evaluation,chatter,1,0.036269784,8
turning,cnn_ae,ver_max,2inchStickout_F_08-Jun-2017_rpm770_doc0p005_window_0007,2inchStickout/F_08-Jun-2017_rpm770_doc0p005,validation,42,3,cv_evaluation,chatter,1,0.02750037,8
turning,cnn_ae,ver_max,2inchStickout_F_08-Jun-2017_rpm770_doc0p005_window_0008,2inchStickout/F_08-Jun-2017_rpm770_doc0p005,validation,42,3,cv_evaluation,chatter,1,0.026870286,8
turning,cnn_ae,ver_max,2inchStickout_F_08-Jun-2017_rpm770_doc0p005_window_0009,2inchStickout/F_08-Jun-2017_rpm770_doc0p005,validation,42,3,cv_evaluation,chatter,1,0.030968191,8
turning,cnn_ae,ver_max,2inchStickout_F_08-Jun-2017_rpm770_doc0p005_window_0010,2inchStickout/F_08-Jun-2017_rpm770_doc0p005,validation,42,3,cv_evaluation,chatter,1,0.041077394,8
turning,cnn_ae,ver_max,2inchStickout_F_08-Jun-2017_rpm770_doc0p005_window_0011,2inchStickout/F_08-Jun-2017_rpm770_doc0p005,train,42,3,cv_evaluation,no_chatter,0,0.010026381,8
turning,cnn_ae,ver_max,2p5inchStickout_F_12-Jun-2017_rpm570_doc0p015_window_0000,2p5inchStickout/F_12-Jun-2017_rpm570_doc0p015,validation,42,3,cv_evaluation,no_chatter,0,0.0004783976,8
turning,cnn_ae,ver_max,2p5inchStickout_F_12-Jun-2017_rpm570_doc0p015_window_0001,2p5inchStickout/F_12-Jun-2017_rpm570_doc0p015,train,42,3,cv_evaluation,no_chatter,0,0.002060649,8
turning,cnn_ae,ver_max,2p5inchStickout_F_12-Jun-2017_rpm570_doc0p015_window_0002,2p5inchStickout/F_12-Jun-2017_rpm570_doc0p015,train,42,3,cv_evaluation,no_chatter,0,0.0055543976,8
turning,cnn_ae,ver_max,2p5inchStickout_F_12-Jun-2017_rpm570_doc0p015_window_0003,2p5inchStickout/F_12-Jun-2017_rpm570_doc0p015,train,42,3,cv_evaluation,no_chatter,0,0.016473163,8
turning,cnn_ae,ver_max,2p5inchStickout_F_12-Jun-2017_rpm570_doc0p015_window_0004,2p5inchStickout/F_12-Jun-2017_rpm570_doc0p015,train,42,3,cv_evaluation,no_chatter,0,0.0029155244,8
turning,cnn_ae,ver_max,2p5inchStickout_F_12-Jun-2017_rpm570_doc0p015_window_0005,2p5inchStickout/F_12-Jun-2017_rpm570_doc0p015,train,42,3,cv_evaluation,no_chatter,0,0.014301645,8
turning,cnn_ae,ver_max,2p5inchStickout_F_12-Jun-2017_rpm570_doc0p015_window_0006,2p5inchStickout/F_12-Jun-2017_rpm570_doc0p015,train,42,3,cv_evaluation,no_chatter,0,0.012491125,8
turning,cnn_ae,ver_max,2p5inchStickout_F_12-Jun-2017_rpm570_doc0p015_window_0007,2p5inchStickout/F_12-Jun-2017_rpm570_doc0p015,train,42,3,cv_evaluation,no_chatter,0,0.015200178,8
turning,cnn_ae,ver_max,2p5inchStickout_F_12-Jun-2017_rpm570_doc0p015_window_0008,2p5inchStickout/F_12-Jun-2017_rpm570_doc0p015,train,42,3,cv_evaluation,no_chatter,0,0.0045861825,8
turning,cnn_ae,ver_max,2p5inchStickout_F_12-Jun-2017_rpm570_doc0p015_window_0009,2p5inchStickout/F_12-Jun-2017_rpm570_doc0p015,train,42,3,cv_evaluation,no_chatter,0,0.014052156,8
turning,cnn_ae,ver_max,2p5inchStickout_F_12-Jun-2017_rpm770_doc0p002_window_0000,2p5inchStickout/F_12-Jun-2017_rpm770_doc0p002,train,42,3,cv_evaluation,no_chatter,0,0.0015460271,8
turning,cnn_ae,ver_max,2p5inchStickout_F_12-Jun-2017_rpm770_doc0p002_window_0001,2p5inchStickout/F_12-Jun-2017_rpm770_doc0p002,train,42,3,cv_evaluation,no_chatter,0,0.002590613,8
turning,cnn_ae,ver_max,2p5inchStickout_F_12-Jun-2017_rpm770_doc0p002_window_0002,2p5inchStickout/F_12-Jun-2017_rpm770_doc0p002,train,42,3,cv_evaluation,no_chatter,0,0.015189819,8
turning,cnn_ae,ver_max,2p5inchStickout_F_12-Jun-2017_rpm770_doc0p002_window_0003,2p5inchStickout/F_12-Jun-2017_rpm770_doc0p002,train,42,3,cv_evaluation,no_chatter,0,0.018844666,8
turning,cnn_ae,ver_max,3inchStickout_F_12-Jun-2017_rpm570_doc0p015_window_0000,3inchStickout/F_12-Jun-2017_rpm570_doc0p015,train,42,3,cv_evaluation,no_chatter,0,0.00014540137,8
turning,cnn_ae,ver_max,3inchStickout_F_12-Jun-2017_rpm570_doc0p015_window_0001,3inchStickout/F_12-Jun-2017_rpm570_doc0p015,test,42,3,cv_evaluation,no_chatter,0,0.00016317889,8
turning,cnn_ae,ver_max,3inchStickout_F_12-Jun-2017_rpm570_doc0p015_window_0002,3inchStickout/F_12-Jun-2017_rpm570_doc0p015,train,42,3,cv_evaluation,no_chatter,0,0.0012048269,8
turning,cnn_ae,ver_max,3inchStickout_F_12-Jun-2017_rpm570_doc0p015_window_0003,3inchStickout/F_12-Jun-2017_rpm570_doc0p015,train,42,3,cv_evaluation,no_chatter,0,0.0035571612,8
turning,cnn_ae,ver_max,3inchStickout_F_12-Jun-2017_rpm570_doc0p015_window_0004,3inchStickout/F_12-Jun-2017_rpm570_doc0p015,train,42,3,cv_evaluation,no_chatter,0,0.0033925262,8
turning,cnn_ae,ver_max,3inchStickout_F_12-Jun-2017_rpm570_doc0p015_window_0005,3inchStickout/F_12-Jun-2017_rpm570_doc0p015,train,42,3,cv_evaluation,no_chatter,0,0.0033890957,8
turning,cnn_ae,ver_max,3inchStickout_F_12-Jun-2017_rpm570_doc0p015_window_0006,3inchStickout/F_12-Jun-2017_rpm570_doc0p015,train,42,3,cv_evaluation,no_chatter,0,0.0036586074,8
turning,cnn_ae,ver_max,3inchStickout_F_12-Jun-2017_rpm570_doc0p015_window_0007,3inchStickout/F_12-Jun-2017_rpm570_doc0p015,train,42,3,cv_evaluation,no_chatter,0,0.0037840449,8
turning,cnn_ae,ver_max,3inchStickout_F_12-Jun-2017_rpm570_doc0p015_window_0008,3inchStickout/F_12-Jun-2017_rpm570_doc0p015,train,42,3,cv_evaluation,no_chatter,0,0.0039180545,8
turning,cnn_ae,ver_max,3inchStickout_F_12-Jun-2017_rpm570_doc0p015_window_0009,3inchStickout/F_12-Jun-2017_rpm570_doc0p015,train,42,3,cv_evaluation,no_chatter,0,0.009711354,8
turning,cnn_ae,ver_max,4p5inchStickout_F_12-Jun-2017_rpm570_doc0p010_window_0000,4p5inchStickout/F_12-Jun-2017_rpm570_doc0p010,train,42,3,cv_evaluation,no_chatter,0,6.972864e-05,8
turning,cnn_ae,ver_max,4p5inchStickout_F_12-Jun-2017_rpm570_doc0p010_window_0001,4p5inchStickout/F_12-Jun-2017_rpm570_doc0p010,train,42,3,cv_evaluation,no_chatter,0,7.969321e-05,8
turning,cnn_ae,ver_max,4p5inchStickout_F_12-Jun-2017_rpm570_doc0p010_window_0002,4p5inchStickout/F_12-Jun-2017_rpm570_doc0p010,test,42,3,cv_evaluation,no_chatter,0,7.704141e-05,8
turning,cnn_ae,ver_max,4p5inchStickout_F_12-Jun-2017_rpm570_doc0p010_window_0003,4p5inchStickout/F_12-Jun-2017_rpm570_doc0p010,train,42,3,cv_evaluation,no_chatter,0,7.961471e-05,8
turning,cnn_ae,ver_max,4p5inchStickout_F_12-Jun-2017_rpm570_doc0p010_window_0004,4p5inchStickout/F_12-Jun-2017_rpm570_doc0p010,train,42,3,cv_evaluation,no_chatter,0,0.00046407338,8
turning,cnn_ae,ver_max,4p5inchStickout_F_12-Jun-2017_rpm570_doc0p010_window_0005,4p5inchStickout/F_12-Jun-2017_rpm570_doc0p010,train,42,3,cv_evaluation,no_chatter,0,0.0008962094,8
turning,cnn_ae,ver_max,4p5inchStickout_F_12-Jun-2017_rpm570_doc0p010_window_0006,4p5inchStickout/F_12-Jun-2017_rpm570_doc0p010,train,42,3,cv_evaluation,no_chatter,0,0.0013478994,8
turning,cnn_ae,ver_max,4p5inchStickout_F_12-Jun-2017_rpm570_doc0p010_window_0007,4p5inchStickout/F_12-Jun-2017_rpm570_doc0p010,train,42,3,cv_evaluation,no_chatter,0,0.0010586501,8
turning,cnn_ae,ver_max,4p5inchStickout_F_12-Jun-2017_rpm570_doc0p010_window_0008,4p5inchStickout/F_12-Jun-2017_rpm570_doc0p010,train,42,3,cv_evaluation,no_chatter,0,0.0010748274,8
turning,cnn_ae,ver_max,4p5inchStickout_F_12-Jun-2017_rpm570_doc0p010_window_0009,4p5inchStickout/F_12-Jun-2017_rpm570_doc0p010,train,42,3,cv_evaluation,no_chatter,0,0.0036400529,8
turning,cnn_ae,ver_max,4p5inchStickout_F_12-Jun-2017_rpm570_doc0p010_window_0010,4p5inchStickout/F_12-Jun-2017_rpm570_doc0p010,train,42,3,cv_evaluation,no_chatter,0,0.0012887482,8
turning,cnn_ae,ver_max,4p5inchStickout_F_12-Jun-2017_rpm570_doc0p010_window_0011,4p5inchStickout/F_12-Jun-2017_rpm570_doc0p010,train,42,3,cv_evaluation,no_chatter,0,0.0013147834,8
turning,cnn_ae,ver_max,4p5inchStickout_F_13-Jun-2017_rpm1030_doc0p012_window_0000,4p5inchStickout/F_13-Jun-2017_rpm1030_doc0p012,train,42,3,cv_evaluation,no_chatter,0,0.0001597422,8
turning,cnn_ae,ver_max,4p5inchStickout_F_13-Jun-2017_rpm1030_doc0p012_window_0001,4p5inchStickout/F_13-Jun-2017_rpm1030_doc0p012,train,42,3,cv_evaluation,no_chatter,0,0.002834222,8
turning,cnn_ae,ver_max,4p5inchStickout_F_13-Jun-2017_rpm1030_doc0p012_window_0002,4p5inchStickout/F_13-Jun-2017_rpm1030_doc0p012,test,42,3,cv_evaluation,no_chatter,0,0.001362789,8
turning,cnn_ae,ver_max,4p5inchStickout_F_13-Jun-2017_rpm1030_doc0p012_window_0003,4p5inchStickout/F_13-Jun-2017_rpm1030_doc0p012,train,42,3,cv_evaluation,no_chatter,0,0.0014130586,8
turning,cnn_ae,ver_max,4p5inchStickout_F_13-Jun-2017_rpm1030_doc0p016_window_0000,4p5inchStickout/F_13-Jun-2017_rpm1030_doc0p016,test,42,3,cv_evaluation,no_chatter,0,0.00022646149,8
turning,cnn_ae,ver_max,4p5inchStickout_F_13-Jun-2017_rpm1030_doc0p016_window_0001,4p5inchStickout/F_13-Jun-2017_rpm1030_doc0p016,train,42,3,cv_evaluation,no_chatter,0,0.0018619463,8
turning,cnn_ae,ver_max,4p5inchStickout_F_13-Jun-2017_rpm1030_doc0p016_window_0002,4p5inchStickout/F_13-Jun-2017_rpm1030_doc0p016,train,42,3,cv_evaluation,no_chatter,0,0.0016014155,8
turning,cnn_ae,ver_max,4p5inchStickout_F_13-Jun-2017_rpm1030_doc0p016_window_0003,4p5inchStickout/F_13-Jun-2017_rpm1030_doc0p016,train,42,3,cv_evaluation,no_chatter,0,0.0015878766,8
turning,cnn_ae,ver_topk,2inchStickout_F_08-Jun-2017_rpm320_doc0p035_window_0000,2inchStickout/F_08-Jun-2017_rpm320_doc0p035,train,42,3,cv_evaluation,no_chatter,0,0.00013679882,8
turning,cnn_ae,ver_topk,2inchStickout_F_08-Jun-2017_rpm320_doc0p035_window_0001,2inchStickout/F_08-Jun-2017_rpm320_doc0p035,train,42,3,cv_evaluation,no_chatter,0,0.000120364646,8
turning,cnn_ae,ver_topk,2inchStickout_F_08-Jun-2017_rpm320_doc0p035_window_0002,2inchStickout/F_08-Jun-2017_rpm320_doc0p035,train,42,3,cv_evaluation,no_chatter,0,0.0001108339,8
turning,cnn_ae,ver_topk,2inchStickout_F_08-Jun-2017_rpm320_doc0p035_window_0003,2inchStickout/F_08-Jun-2017_rpm320_doc0p035,validation,42,3,cv_evaluation,no_chatter,0,0.00037217615,8
turning,cnn_ae,ver_topk,2inchStickout_F_08-Jun-2017_rpm320_doc0p035_window_0004,2inchStickout/F_08-Jun-2017_rpm320_doc0p035,train,42,3,cv_evaluation,no_chatter,0,0.0009687701,8
turning,cnn_ae,ver_topk,2inchStickout_F_08-Jun-2017_rpm320_doc0p035_window_0005,2inchStickout/F_08-Jun-2017_rpm320_doc0p035,train,42,3,cv_evaluation,no_chatter,0,0.0005078047,8
turning,cnn_ae,ver_topk,2inchStickout_F_08-Jun-2017_rpm320_doc0p035_window_0006,2inchStickout/F_08-Jun-2017_rpm320_doc0p035,train,42,3,cv_evaluation,no_chatter,0,0.00050458236,8
turning,cnn_ae,ver_topk,2inchStickout_F_08-Jun-2017_rpm320_doc0p035_window_0007,2inchStickout/F_08-Jun-2017_rpm320_doc0p035,train,42,3,cv_evaluation,no_chatter,0,0.00052513444,8
turning,cnn_ae,ver_topk,2inchStickout_F_08-Jun-2017_rpm320_doc0p035_window_0008,2inchStickout/F_08-Jun-2017_rpm320_doc0p035,train,42,3,cv_evaluation,no_chatter,0,0.00049999496,8
turning,cnn_ae,ver_topk,2inchStickout_F_08-Jun-2017_rpm320_doc0p035_window_0009,2inchStickout/F_08-Jun-2017_rpm320_doc0p035,train,42,3,cv_evaluation,no_chatter,0,0.00051626377,8
turning,cnn_ae,ver_topk,2inchStickout_F_08-Jun-2017_rpm320_doc0p035_window_0010,2inchStickout/F_08-Jun-2017_rpm320_doc0p035,train,42,3,cv_evaluation,no_chatter,0,0.0007309259,8
turning,cnn_ae,ver_topk,2inchStickout_F_08-Jun-2017_rpm320_doc0p035_window_0011,2inchStickout/F_08-Jun-2017_rpm320_doc0p035,train,42,3,cv_evaluation,no_chatter,0,0.0006808694,8
turning,cnn_ae,ver_topk,2inchStickout_F_08-Jun-2017_rpm320_doc0p035_window_0012,2inchStickout/F_08-Jun-2017_rpm320_doc0p035,train,42,3,cv_evaluation,no_chatter,0,0.00073430873,8
turning,cnn_ae,ver_topk,2inchStickout_F_08-Jun-2017_rpm320_doc0p035_window_0013,2inchStickout/F_08-Jun-2017_rpm320_doc0p035,train,42,3,cv_evaluation,no_chatter,0,0.0007719095,8
turning,cnn_ae,ver_topk,2inchStickout_F_08-Jun-2017_rpm320_doc0p035_window_0014,2inchStickout/F_08-Jun-2017_rpm320_doc0p035,train,42,3,cv_evaluation,no_chatter,0,0.00050583185,8
turning,cnn_ae,ver_topk,2inchStickout_F_08-Jun-2017_rpm320_doc0p035_window_0015,2inchStickout/F_08-Jun-2017_rpm320_doc0p035,train,42,3,cv_evaluation,no_chatter,0,0.00077801227,8
turning,cnn_ae,ver_topk,2inchStickout_F_08-Jun-2017_rpm320_doc0p035_window_0016,2inchStickout/F_08-Jun-2017_rpm320_doc0p035,train,42,3,cv_evaluation,no_chatter,0,0.0007532523,8
turning,cnn_ae,ver_topk,2inchStickout_F_08-Jun-2017_rpm320_doc0p035_window_0017,2inchStickout/F_08-Jun-2017_rpm320_doc0p035,train,42,3,cv_evaluation,no_chatter,0,0.0009356557,8
turning,cnn_ae,ver_topk,2inchStickout_F_08-Jun-2017_rpm320_doc0p035_window_0018,2inchStickout/F_08-Jun-2017_rpm320_doc0p035,train,42,3,cv_evaluation,no_chatter,0,0.0007994163,8
turning,cnn_ae,ver_topk,2inchStickout_F_08-Jun-2017_rpm320_doc0p035_window_0019,2inchStickout/F_08-Jun-2017_rpm320_doc0p035,train,42,3,cv_evaluation,no_chatter,0,0.00084624934,8
turning,cnn_ae,ver_topk,2inchStickout_F_08-Jun-2017_rpm320_doc0p035_window_0020,2inchStickout/F_08-Jun-2017_rpm320_doc0p035,validation,42,3,cv_evaluation,no_chatter,0,0.0009353909,8
turning,cnn_ae,ver_topk,2inchStickout_F_08-Jun-2017_rpm320_doc0p035_window_0021,2inchStickout/F_08-Jun-2017_rpm320_doc0p035,train,42,3,cv_evaluation,no_chatter,0,0.0008714109,8
turning,cnn_ae,ver_topk,2inchStickout_F_08-Jun-2017_rpm320_doc0p035_window_0022,2inchStickout/F_08-Jun-2017_rpm320_doc0p035,validation,42,3,cv_evaluation,no_chatter,0,0.0010527781,8
turning,cnn_ae,ver_topk,2inchStickout_F_08-Jun-2017_rpm320_doc0p035_window_0023,2inchStickout/F_08-Jun-2017_rpm320_doc0p035,train,42,3,cv_evaluation,no_chatter,0,0.0012980606,8
turning,cnn_ae,ver_topk,2inchStickout_F_08-Jun-2017_rpm320_doc0p040_window_0000,2inchStickout/F_08-Jun-2017_rpm320_doc0p040,test,42,3,cv_evaluation,no_chatter,0,0.00012977503,8
turning,cnn_ae,ver_topk,2inchStickout_F_08-Jun-2017_rpm320_doc0p040_window_0001,2inchStickout/F_08-Jun-2017_rpm320_doc0p040,train,42,3,cv_evaluation,no_chatter,0,0.00012688777,8
turning,cnn_ae,ver_topk,2inchStickout_F_08-Jun-2017_rpm320_doc0p040_window_0002,2inchStickout/F_08-Jun-2017_rpm320_doc0p040,train,42,3,cv_evaluation,no_chatter,0,0.00011145568,8
turning,cnn_ae,ver_topk,2inchStickout_F_08-Jun-2017_rpm320_doc0p040_window_0003,2inchStickout/F_08-Jun-2017_rpm320_doc0p040,test,42,3,cv_evaluation,no_chatter,0,0.001935308,8
turning,cnn_ae,ver_topk,2inchStickout_F_08-Jun-2017_rpm320_doc0p040_window_0004,2inchStickout/F_08-Jun-2017_rpm320_doc0p040,test,42,3,cv_evaluation,no_chatter,0,0.001309576,8
turning,cnn_ae,ver_topk,2inchStickout_F_08-Jun-2017_rpm320_doc0p040_window_0005,2inchStickout/F_08-Jun-2017_rpm320_doc0p040,train,42,3,cv_evaluation,no_chatter,0,0.0007306266,8
turning,cnn_ae,ver_topk,2inchStickout_F_08-Jun-2017_rpm320_doc0p040_window_0006,2inchStickout/F_08-Jun-2017_rpm320_doc0p040,train,42,3,cv_evaluation,no_chatter,0,0.0006462881,8
turning,cnn_ae,ver_topk,2inchStickout_F_08-Jun-2017_rpm320_doc0p040_window_0007,2inchStickout/F_08-Jun-2017_rpm320_doc0p040,train,42,3,cv_evaluation,no_chatter,0,0.0007604907,8
turning,cnn_ae,ver_topk,2inchStickout_F_08-Jun-2017_rpm320_doc0p040_window_0008,2inchStickout/F_08-Jun-2017_rpm320_doc0p040,train,42,3,cv_evaluation,no_chatter,0,0.00088670757,8
turning,cnn_ae,ver_topk,2inchStickout_F_08-Jun-2017_rpm320_doc0p040_window_0009,2inchStickout/F_08-Jun-2017_rpm320_doc0p040,train,42,3,cv_evaluation,no_chatter,0,0.0009953359,8
turning,cnn_ae,ver_topk,2inchStickout_F_08-Jun-2017_rpm320_doc0p040_window_0010,2inchStickout/F_08-Jun-2017_rpm320_doc0p040,train,42,3,cv_evaluation,no_chatter,0,0.00093930325,8
turning,cnn_ae,ver_topk,2inchStickout_F_08-Jun-2017_rpm320_doc0p040_window_0011,2inchStickout/F_08-Jun-2017_rpm320_doc0p040,train,42,3,cv_evaluation,no_chatter,0,0.0008682458,8
turning,cnn_ae,ver_topk,2inchStickout_F_08-Jun-2017_rpm320_doc0p040_window_0012,2inchStickout/F_08-Jun-2017_rpm320_doc0p040,test,42,3,cv_evaluation,no_chatter,0,0.0012317199,8
turning,cnn_ae,ver_topk,2inchStickout_F_08-Jun-2017_rpm320_doc0p040_window_0013,2inchStickout/F_08-Jun-2017_rpm320_doc0p040,train,42,3,cv_evaluation,no_chatter,0,0.0011876061,8
turning,cnn_ae,ver_topk,2inchStickout_F_08-Jun-2017_rpm320_doc0p040_window_0014,2inchStickout/F_08-Jun-2017_rpm320_doc0p040,train,42,3,cv_evaluation,no_chatter,0,0.0013110904,8
turning,cnn_ae,ver_topk,2inchStickout_F_08-Jun-2017_rpm320_doc0p040_window_0015,2inchStickout/F_08-Jun-2017_rpm320_doc0p040,train,42,3,cv_evaluation,no_chatter,0,0.0013087128,8
turning,cnn_ae,ver_topk,2inchStickout_F_08-Jun-2017_rpm320_doc0p040_window_0016,2inchStickout/F_08-Jun-2017_rpm320_doc0p040,train,42,3,cv_evaluation,no_chatter,0,0.0007339001,8
turning,cnn_ae,ver_topk,2inchStickout_F_08-Jun-2017_rpm320_doc0p040_window_0017,2inchStickout/F_08-Jun-2017_rpm320_doc0p040,train,42,3,cv_evaluation,no_chatter,0,0.00076861953,8
turning,cnn_ae,ver_topk,2inchStickout_F_08-Jun-2017_rpm320_doc0p040_window_0018,2inchStickout/F_08-Jun-2017_rpm320_doc0p040,train,42,3,cv_evaluation,no_chatter,0,0.0008820778,8
turning,cnn_ae,ver_topk,2inchStickout_F_08-Jun-2017_rpm320_doc0p040_window_0019,2inchStickout/F_08-Jun-2017_rpm320_doc0p040,train,42,3,cv_evaluation,no_chatter,0,0.00089624774,8
turning,cnn_ae,ver_topk,2inchStickout_F_08-Jun-2017_rpm320_doc0p040_window_0020,2inchStickout/F_08-Jun-2017_rpm320_doc0p040,train,42,3,cv_evaluation,no_chatter,0,0.0011437858,8
turning,cnn_ae,ver_topk,2inchStickout_F_08-Jun-2017_rpm320_doc0p040_window_0021,2inchStickout/F_08-Jun-2017_rpm320_doc0p040,train,42,3,cv_evaluation,no_chatter,0,0.0006954257,8
turning,cnn_ae,ver_topk,2inchStickout_F_08-Jun-2017_rpm320_doc0p040_window_0022,2inchStickout/F_08-Jun-2017_rpm320_doc0p040,test,42,3,cv_evaluation,no_chatter,0,0.0007742249,8
turning,cnn_ae,ver_topk,2inchStickout_F_08-Jun-2017_rpm320_doc0p040_window_0023,2inchStickout/F_08-Jun-2017_rpm320_doc0p040,train,42,3,cv_evaluation,no_chatter,0,0.00064819475,8
turning,cnn_ae,ver_topk,2inchStickout_F_08-Jun-2017_rpm425_doc0p005_window_0000,2inchStickout/F_08-Jun-2017_rpm425_doc0p005,train,42,3,cv_evaluation,no_chatter,0,0.00026309848,8
turning,cnn_ae,ver_topk,2inchStickout_F_08-Jun-2017_rpm425_doc0p005_window_0001,2inchStickout/F_08-Jun-2017_rpm425_doc0p005,train,42,3,cv_evaluation,no_chatter,0,0.00027315458,8
turning,cnn_ae,ver_topk,2inchStickout_F_08-Jun-2017_rpm425_doc0p005_window_0002,2inchStickout/F_08-Jun-2017_rpm425_doc0p005,train,42,3,cv_evaluation,no_chatter,0,0.00075665466,8
turning,cnn_ae,ver_topk,2inchStickout_F_08-Jun-2017_rpm425_doc0p005_window_0003,2inchStickout/F_08-Jun-2017_rpm425_doc0p005,test,42,3,cv_evaluation,no_chatter,0,0.001007462,8
turning,cnn_ae,ver_topk,2inchStickout_F_08-Jun-2017_rpm425_doc0p005_window_0004,2inchStickout/F_08-Jun-2017_rpm425_doc0p005,train,42,3,cv_evaluation,no_chatter,0,0.00096553745,8
turning,cnn_ae,ver_topk,2inchStickout_F_08-Jun-2017_rpm425_doc0p005_window_0005,2inchStickout/F_08-Jun-2017_rpm425_doc0p005,test,42,3,cv_evaluation,no_chatter,0,0.0009833042,8
turning,cnn_ae,ver_topk,2inchStickout_F_08-Jun-2017_rpm425_doc0p005_window_0006,2inchStickout/F_08-Jun-2017_rpm425_doc0p005,train,42,3,cv_evaluation,no_chatter,0,0.00090484886,8
turning,cnn_ae,ver_topk,2inchStickout_F_08-Jun-2017_rpm425_doc0p005_window_0007,2inchStickout/F_08-Jun-2017_rpm425_doc0p005,train,42,3,cv_evaluation,no_chatter,0,0.0010262787,8
turning,cnn_ae,ver_topk,2inchStickout_F_08-Jun-2017_rpm425_doc0p015_window_0000,2inchStickout/F_08-Jun-2017_rpm425_doc0p015,train,42,3,cv_evaluation,no_chatter,0,0.00017456755,8
turning,cnn_ae,ver_topk,2inchStickout_F_08-Jun-2017_rpm425_doc0p015_window_0001,2inchStickout/F_08-Jun-2017_rpm425_doc0p015,train,42,3,cv_evaluation,no_chatter,0,0.00017281492,8
turning,cnn_ae,ver_topk,2inchStickout_F_08-Jun-2017_rpm425_doc0p015_window_0002,2inchStickout/F_08-Jun-2017_rpm425_doc0p015,train,42,3,cv_evaluation,no_chatter,0,0.00097507704,8
turning,cnn_ae,ver_topk,2inchStickout_F_08-Jun-2017_rpm425_doc0p015_window_0003,2inchStickout/F_08-Jun-2017_rpm425_doc0p015,train,42,3,cv_evaluation,no_chatter,0,0.0009299158,8
turning,cnn_ae,ver_topk,2inchStickout_F_08-Jun-2017_rpm425_doc0p015_window_0004,2inchStickout/F_08-Jun-2017_rpm425_doc0p015,train,42,3,cv_evaluation,no_chatter,0,0.0011445176,8
turning,cnn_ae,ver_topk,2inchStickout_F_08-Jun-2017_rpm425_doc0p015_window_0005,2inchStickout/F_08-Jun-2017_rpm425_doc0p015,train,42,3,cv_evaluation,no_chatter,0,0.001110636,8
turning,cnn_ae,ver_topk,2inchStickout_F_08-Jun-2017_rpm425_doc0p015_window_0006,2inchStickout/F_08-Jun-2017_rpm425_doc0p015,train,42,3,cv_evaluation,no_chatter,0,0.0016241885,8
turning,cnn_ae,ver_topk,2inchStickout_F_08-Jun-2017_rpm425_doc0p015_window_0007,2inchStickout/F_08-Jun-2017_rpm425_doc0p015,validation,42,3,cv_evaluation,no_chatter,0,0.0017428003,8
turning,cnn_ae,ver_topk,2inchStickout_F_08-Jun-2017_rpm770_doc0p005_window_0000,2inchStickout/F_08-Jun-2017_rpm770_doc0p005,validation,42,3,cv_evaluation,chatter,1,0.012233305,8
turning,cnn_ae,ver_topk,2inchStickout_F_08-Jun-2017_rpm770_doc0p005_window_0001,2inchStickout/F_08-Jun-2017_rpm770_doc0p005,validation,42,3,cv_evaluation,chatter,1,0.04213877,8
turning,cnn_ae,ver_topk,2inchStickout_F_08-Jun-2017_rpm770_doc0p005_window_0002,2inchStickout/F_08-Jun-2017_rpm770_doc0p005,validation,42,3,cv_evaluation,chatter,1,0.026824465,8
turning,cnn_ae,ver_topk,2inchStickout_F_08-Jun-2017_rpm770_doc0p005_window_0003,2inchStickout/F_08-Jun-2017_rpm770_doc0p005,validation,42,3,cv_evaluation,chatter,1,0.025429452,8
turning,cnn_ae,ver_topk,2inchStickout_F_08-Jun-2017_rpm770_doc0p005_window_0004,2inchStickout/F_08-Jun-2017_rpm770_doc0p005,validation,42,3,cv_evaluation,chatter,1,0.021456221,8
turning,cnn_ae,ver_topk,2inchStickout_F_08-Jun-2017_rpm770_doc0p005_window_0005,2inchStickout/F_08-Jun-2017_rpm770_doc0p005,validation,42,3,cv_evaluation,chatter,1,0.029113343,8
turning,cnn_ae,ver_topk,2inchStickout_F_08-Jun-2017_rpm770_doc0p005_window_0006,2inchStickout/F_08-Jun-2017_rpm770_doc0p005,validation,42,3,cv_evaluation,chatter,1,0.030628452,8
turning,cnn_ae,ver_topk,2inchStickout_F_08-Jun-2017_rpm770_doc0p005_window_0007,2inchStickout/F_08-Jun-2017_rpm770_doc0p005,validation,42,3,cv_evaluation,chatter,1,0.025276648,8
turning,cnn_ae,ver_topk,2inchStickout_F_08-Jun-2017_rpm770_doc0p005_window_0008,2inchStickout/F_08-Jun-2017_rpm770_doc0p005,validation,42,3,cv_evaluation,chatter,1,0.023186117,8
turning,cnn_ae,ver_topk,2inchStickout_F_08-Jun-2017_rpm770_doc0p005_window_0009,2inchStickout/F_08-Jun-2017_rpm770_doc0p005,validation,42,3,cv_evaluation,chatter,1,0.02816367,8
turning,cnn_ae,ver_topk,2inchStickout_F_08-Jun-2017_rpm770_doc0p005_window_0010,2inchStickout/F_08-Jun-2017_rpm770_doc0p005,validation,42,3,cv_evaluation,chatter,1,0.036435544,8
turning,cnn_ae,ver_topk,2inchStickout_F_08-Jun-2017_rpm770_doc0p005_window_0011,2inchStickout/F_08-Jun-2017_rpm770_doc0p005,train,42,3,cv_evaluation,no_chatter,0,0.008991625,8
turning,cnn_ae,ver_topk,2p5inchStickout_F_12-Jun-2017_rpm570_doc0p015_window_0000,2p5inchStickout/F_12-Jun-2017_rpm570_doc0p015,validation,42,3,cv_evaluation,no_chatter,0,0.0004558568,8
turning,cnn_ae,ver_topk,2p5inchStickout_F_12-Jun-2017_rpm570_doc0p015_window_0001,2p5inchStickout/F_12-Jun-2017_rpm570_doc0p015,train,42,3,cv_evaluation,no_chatter,0,0.001728915,8
turning,cnn_ae,ver_topk,2p5inchStickout_F_12-Jun-2017_rpm570_doc0p015_window_0002,2p5inchStickout/F_12-Jun-2017_rpm570_doc0p015,train,42,3,cv_evaluation,no_chatter,0,0.0044831755,8
turning,cnn_ae,ver_topk,2p5inchStickout_F_12-Jun-2017_rpm570_doc0p015_window_0003,2p5inchStickout/F_12-Jun-2017_rpm570_doc0p015,train,42,3,cv_evaluation,no_chatter,0,0.011243869,8
turning,cnn_ae,ver_topk,2p5inchStickout_F_12-Jun-2017_rpm570_doc0p015_window_0004,2p5inchStickout/F_12-Jun-2017_rpm570_doc0p015,train,42,3,cv_evaluation,no_chatter,0,0.002592154,8
turning,cnn_ae,ver_topk,2p5inchStickout_F_12-Jun-2017_rpm570_doc0p015_window_0005,2p5inchStickout/F_12-Jun-2017_rpm570_doc0p015,train,42,3,cv_evaluation,no_chatter,0,0.009967823,8
turning,cnn_ae,ver_topk,2p5inchStickout_F_12-Jun-2017_rpm570_doc0p015_window_0006,2p5inchStickout/F_12-Jun-2017_rpm570_doc0p015,train,42,3,cv_evaluation,no_chatter,0,0.009287022,8
turning,cnn_ae,ver_topk,2p5inchStickout_F_12-Jun-2017_rpm570_doc0p015_window_0007,2p5inchStickout/F_12-Jun-2017_rpm570_doc0p015,train,42,3,cv_evaluation,no_chatter,0,0.011379347,8
turning,cnn_ae,ver_topk,2p5inchStickout_F_12-Jun-2017_rpm570_doc0p015_window_0008,2p5inchStickout/F_12-Jun-2017_rpm570_doc0p015,train,42,3,cv_evaluation,no_chatter,0,0.004021513,8
turning,cnn_ae,ver_topk,2p5inchStickout_F_12-Jun-2017_rpm570_doc0p015_window_0009,2p5inchStickout/F_12-Jun-2017_rpm570_doc0p015,train,42,3,cv_evaluation,no_chatter,0,0.01116405,8
turning,cnn_ae,ver_topk,2p5inchStickout_F_12-Jun-2017_rpm770_doc0p002_window_0000,2p5inchStickout/F_12-Jun-2017_rpm770_doc0p002,train,42,3,cv_evaluation,no_chatter,0,0.0007982824,8
turning,cnn_ae,ver_topk,2p5inchStickout_F_12-Jun-2017_rpm770_doc0p002_window_0001,2p5inchStickout/F_12-Jun-2017_rpm770_doc0p002,train,42,3,cv_evaluation,no_chatter,0,0.0024311969,8
turning,cnn_ae,ver_topk,2p5inchStickout_F_12-Jun-2017_rpm770_doc0p002_window_0002,2p5inchStickout/F_12-Jun-2017_rpm770_doc0p002,train,42,3,cv_evaluation,no_chatter,0,0.015067239,8
turning,cnn_ae,ver_topk,2p5inchStickout_F_12-Jun-2017_rpm770_doc0p002_window_0003,2p5inchStickout/F_12-Jun-2017_rpm770_doc0p002,train,42,3,cv_evaluation,no_chatter,0,0.01581802,8
turning,cnn_ae,ver_topk,3inchStickout_F_12-Jun-2017_rpm570_doc0p015_window_0000,3inchStickout/F_12-Jun-2017_rpm570_doc0p015,train,42,3,cv_evaluation,no_chatter,0,0.000121212506,8
turning,cnn_ae,ver_topk,3inchStickout_F_12-Jun-2017_rpm570_doc0p015_window_0001,3inchStickout/F_12-Jun-2017_rpm570_doc0p015,test,42,3,cv_evaluation,no_chatter,0,0.00015125793,8
turning,cnn_ae,ver_topk,3inchStickout_F_12-Jun-2017_rpm570_doc0p015_window_0002,3inchStickout/F_12-Jun-2017_rpm570_doc0p015,train,42,3,cv_evaluation,no_chatter,0,0.0005917359,8
turning,cnn_ae,ver_topk,3inchStickout_F_12-Jun-2017_rpm570_doc0p015_window_0003,3inchStickout/F_12-Jun-2017_rpm570_doc0p015,train,42,3,cv_evaluation,no_chatter,0,0.003224978,8
turning,cnn_ae,ver_topk,3inchStickout_F_12-Jun-2017_rpm570_doc0p015_window_0004,3inchStickout/F_12-Jun-2017_rpm570_doc0p015,train,42,3,cv_evaluation,no_chatter,0,0.003199814,8
turning,cnn_ae,ver_topk,3inchStickout_F_12-Jun-2017_rpm570_doc0p015_window_0005,3inchStickout/F_12-Jun-2017_rpm570_doc0p015,train,42,3,cv_evaluation,no_chatter,0,0.0032254355,8
turning,cnn_ae,ver_topk,3inchStickout_F_12-Jun-2017_rpm570_doc0p015_window_0006,3inchStickout/F_12-Jun-2017_rpm570_doc0p015,train,42,3,cv_evaluation,no_chatter,0,0.00357089,8
turning,cnn_ae,ver_topk,3inchStickout_F_12-Jun-2017_rpm570_doc0p015_window_0007,3inchStickout/F_12-Jun-2017_rpm570_doc0p015,train,42,3,cv_evaluation,no_chatter,0,0.003447381,8
turning,cnn_ae,ver_topk,3inchStickout_F_12-Jun-2017_rpm570_doc0p015_window_0008,3inchStickout/F_12-Jun-2017_rpm570_doc0p015,train,42,3,cv_evaluation,no_chatter,0,0.003388837,8
turning,cnn_ae,ver_topk,3inchStickout_F_12-Jun-2017_rpm570_doc0p015_window_0009,3inchStickout/F_12-Jun-2017_rpm570_doc0p015,train,42,3,cv_evaluation,no_chatter,0,0.0074873567,8
turning,cnn_ae,ver_topk,4p5inchStickout_F_12-Jun-2017_rpm570_doc0p010_window_0000,4p5inchStickout/F_12-Jun-2017_rpm570_doc0p010,train,42,3,cv_evaluation,no_chatter,0,4.8545586e-05,8
turning,cnn_ae,ver_topk,4p5inchStickout_F_12-Jun-2017_rpm570_doc0p010_window_0001,4p5inchStickout/F_12-Jun-2017_rpm570_doc0p010,train,42,3,cv_evaluation,no_chatter,0,6.654912e-05,8
turning,cnn_ae,ver_topk,4p5inchStickout_F_12-Jun-2017_rpm570_doc0p010_window_0002,4p5inchStickout/F_12-Jun-2017_rpm570_doc0p010,test,42,3,cv_evaluation,no_chatter,0,6.085147e-05,8
turning,cnn_ae,ver_topk,4p5inchStickout_F_12-Jun-2017_rpm570_doc0p010_window_0003,4p5inchStickout/F_12-Jun-2017_rpm570_doc0p010,train,42,3,cv_evaluation,no_chatter,0,6.3672895e-05,8
turning,cnn_ae,ver_topk,4p5inchStickout_F_12-Jun-2017_rpm570_doc0p010_window_0004,4p5inchStickout/F_12-Jun-2017_rpm570_doc0p010,train,42,3,cv_evaluation,no_chatter,0,0.00020812493,8
turning,cnn_ae,ver_topk,4p5inchStickout_F_12-Jun-2017_rpm570_doc0p010_window_0005,4p5inchStickout/F_12-Jun-2017_rpm570_doc0p010,train,42,3,cv_evaluation,no_chatter,0,0.0008583349,8
turning,cnn_ae,ver_topk,4p5inchStickout_F_12-Jun-2017_rpm570_doc0p010_window_0006,4p5inchStickout/F_12-Jun-2017_rpm570_doc0p010,train,42,3,cv_evaluation,no_chatter,0,0.001189254,8
turning,cnn_ae,ver_topk,4p5inchStickout_F_12-Jun-2017_rpm570_doc0p010_window_0007,4p5inchStickout/F_12-Jun-2017_rpm570_doc0p010,train,42,3,cv_evaluation,no_chatter,0,0.0009944462,8
turning,cnn_ae,ver_topk,4p5inchStickout_F_12-Jun-2017_rpm570_doc0p010_window_0008,4p5inchStickout/F_12-Jun-2017_rpm570_doc0p010,train,42,3,cv_evaluation,no_chatter,0,0.0010287445,8
turning,cnn_ae,ver_topk,4p5inchStickout_F_12-Jun-2017_rpm570_doc0p010_window_0009,4p5inchStickout/F_12-Jun-2017_rpm570_doc0p010,train,42,3,cv_evaluation,no_chatter,0,0.002643552,8
turning,cnn_ae,ver_topk,4p5inchStickout_F_12-Jun-2017_rpm570_doc0p010_window_0010,4p5inchStickout/F_12-Jun-2017_rpm570_doc0p010,train,42,3,cv_evaluation,no_chatter,0,0.0012527184,8
turning,cnn_ae,ver_topk,4p5inchStickout_F_12-Jun-2017_rpm570_doc0p010_window_0011,4p5inchStickout/F_12-Jun-2017_rpm570_doc0p010,train,42,3,cv_evaluation,no_chatter,0,0.0012592658,8
turning,cnn_ae,ver_topk,4p5inchStickout_F_13-Jun-2017_rpm1030_doc0p012_window_0000,4p5inchStickout/F_13-Jun-2017_rpm1030_doc0p012,train,42,3,cv_evaluation,no_chatter,0,0.00013076566,8
turning,cnn_ae,ver_topk,4p5inchStickout_F_13-Jun-2017_rpm1030_doc0p012_window_0001,4p5inchStickout/F_13-Jun-2017_rpm1030_doc0p012,train,42,3,cv_evaluation,no_chatter,0,0.0024938043,8
turning,cnn_ae,ver_topk,4p5inchStickout_F_13-Jun-2017_rpm1030_doc0p012_window_0002,4p5inchStickout/F_13-Jun-2017_rpm1030_doc0p012,test,42,3,cv_evaluation,no_chatter,0,0.0013452721,8
turning,cnn_ae,ver_topk,4p5inchStickout_F_13-Jun-2017_rpm1030_doc0p012_window_0003,4p5inchStickout/F_13-Jun-2017_rpm1030_doc0p012,train,42,3,cv_evaluation,no_chatter,0,0.0013601145,8
turning,cnn_ae,ver_topk,4p5inchStickout_F_13-Jun-2017_rpm1030_doc0p016_window_0000,4p5inchStickout/F_13-Jun-2017_rpm1030_doc0p016,test,42,3,cv_evaluation,no_chatter,0,0.00014136988,8
turning,cnn_ae,ver_topk,4p5inchStickout_F_13-Jun-2017_rpm1030_doc0p016_window_0001,4p5inchStickout/F_13-Jun-2017_rpm1030_doc0p016,train,42,3,cv_evaluation,no_chatter,0,0.0017876959,8
turning,cnn_ae,ver_topk,4p5inchStickout_F_13-Jun-2017_rpm1030_doc0p016_window_0002,4p5inchStickout/F_13-Jun-2017_rpm1030_doc0p016,train,42,3,cv_evaluation,no_chatter,0,0.0014610154,8
turning,cnn_ae,ver_topk,4p5inchStickout_F_13-Jun-2017_rpm1030_doc0p016_window_0003,4p5inchStickout/F_13-Jun-2017_rpm1030_doc0p016,train,42,3,cv_evaluation,no_chatter,0,0.0015091994,8
turning,cnn_ae,global_mse,2inchStickout_F_08-Jun-2017_rpm320_doc0p005_window_0000,2inchStickout/F_08-Jun-2017_rpm320_doc0p005,train,42,4,cv_evaluation,no_chatter,0,0.00040665848,8
turning,cnn_ae,global_mse,2inchStickout_F_08-Jun-2017_rpm320_doc0p005_window_0001,2inchStickout/F_08-Jun-2017_rpm320_doc0p005,train,42,4,cv_evaluation,no_chatter,0,0.00032045788,8
turning,cnn_ae,global_mse,2inchStickout_F_08-Jun-2017_rpm320_doc0p005_window_0002,2inchStickout/F_08-Jun-2017_rpm320_doc0p005,train,42,4,cv_evaluation,no_chatter,0,0.0002897903,8
turning,cnn_ae,global_mse,2inchStickout_F_08-Jun-2017_rpm320_doc0p005_window_0003,2inchStickout/F_08-Jun-2017_rpm320_doc0p005,train,42,4,cv_evaluation,no_chatter,0,0.00026569443,8
turning,cnn_ae,global_mse,2inchStickout_F_08-Jun-2017_rpm320_doc0p005_window_0004,2inchStickout/F_08-Jun-2017_rpm320_doc0p005,train,42,4,cv_evaluation,no_chatter,0,0.0003691418,8
turning,cnn_ae,global_mse,2inchStickout_F_08-Jun-2017_rpm320_doc0p005_window_0005,2inchStickout/F_08-Jun-2017_rpm320_doc0p005,validation,42,4,cv_evaluation,no_chatter,0,0.010019462,8
turning,cnn_ae,global_mse,2inchStickout_F_08-Jun-2017_rpm320_doc0p005_window_0006,2inchStickout/F_08-Jun-2017_rpm320_doc0p005,validation,42,4,cv_evaluation,chatter,1,0.012251254,8
turning,cnn_ae,global_mse,2inchStickout_F_08-Jun-2017_rpm320_doc0p005_window_0007,2inchStickout/F_08-Jun-2017_rpm320_doc0p005,validation,42,4,cv_evaluation,chatter,1,0.011705061,8
turning,cnn_ae,global_mse,2inchStickout_F_08-Jun-2017_rpm320_doc0p005_window_0008,2inchStickout/F_08-Jun-2017_rpm320_doc0p005,validation,42,4,cv_evaluation,chatter,1,0.011686027,8
turning,cnn_ae,global_mse,2inchStickout_F_08-Jun-2017_rpm320_doc0p005_window_0009,2inchStickout/F_08-Jun-2017_rpm320_doc0p005,validation,42,4,cv_evaluation,chatter,1,0.010545625,8
turning,cnn_ae,global_mse,2inchStickout_F_08-Jun-2017_rpm320_doc0p005_window_0010,2inchStickout/F_08-Jun-2017_rpm320_doc0p005,validation,42,4,cv_evaluation,chatter,1,0.0076782396,8
turning,cnn_ae,global_mse,2inchStickout_F_08-Jun-2017_rpm320_doc0p005_window_0011,2inchStickout/F_08-Jun-2017_rpm320_doc0p005,validation,42,4,cv_evaluation,chatter,1,0.0071908473,8
turning,cnn_ae,global_mse,2inchStickout_F_08-Jun-2017_rpm320_doc0p005_window_0012,2inchStickout/F_08-Jun-2017_rpm320_doc0p005,train,42,4,cv_evaluation,no_chatter,0,0.00562959,8
turning,cnn_ae,global_mse,2inchStickout_F_08-Jun-2017_rpm320_doc0p005_window_0013,2inchStickout/F_08-Jun-2017_rpm320_doc0p005,train,42,4,cv_evaluation,no_chatter,0,0.0024771495,8
turning,cnn_ae,global_mse,2inchStickout_F_08-Jun-2017_rpm320_doc0p005_window_0014,2inchStickout/F_08-Jun-2017_rpm320_doc0p005,train,42,4,cv_evaluation,no_chatter,0,0.0016326206,8
turning,cnn_ae,global_mse,2inchStickout_F_08-Jun-2017_rpm320_doc0p005_window_0015,2inchStickout/F_08-Jun-2017_rpm320_doc0p005,train,42,4,cv_evaluation,no_chatter,0,0.0015330673,8
turning,cnn_ae,global_mse,2inchStickout_F_08-Jun-2017_rpm320_doc0p005_window_0016,2inchStickout/F_08-Jun-2017_rpm320_doc0p005,train,42,4,cv_evaluation,no_chatter,0,0.0016827243,8
turning,cnn_ae,global_mse,2inchStickout_F_08-Jun-2017_rpm320_doc0p005_window_0017,2inchStickout/F_08-Jun-2017_rpm320_doc0p005,train,42,4,cv_evaluation,no_chatter,0,0.0015371529,8
turning,cnn_ae,global_mse,2inchStickout_F_08-Jun-2017_rpm320_doc0p005_window_0018,2inchStickout/F_08-Jun-2017_rpm320_doc0p005,train,42,4,cv_evaluation,no_chatter,0,0.0015430695,8
turning,cnn_ae,global_mse,2inchStickout_F_08-Jun-2017_rpm320_doc0p005_window_0019,2inchStickout/F_08-Jun-2017_rpm320_doc0p005,train,42,4,cv_evaluation,no_chatter,0,0.0016361008,8
turning,cnn_ae,global_mse,2inchStickout_F_08-Jun-2017_rpm320_doc0p005_window_0020,2inchStickout/F_08-Jun-2017_rpm320_doc0p005,train,42,4,cv_evaluation,no_chatter,0,0.0014914176,8
turning,cnn_ae,global_mse,2inchStickout_F_08-Jun-2017_rpm320_doc0p005_window_0021,2inchStickout/F_08-Jun-2017_rpm320_doc0p005,train,42,4,cv_evaluation,no_chatter,0,0.0042170947,8
turning,cnn_ae,global_mse,2inchStickout_F_08-Jun-2017_rpm320_doc0p005_window_0022,2inchStickout/F_08-Jun-2017_rpm320_doc0p005,train,42,4,cv_evaluation,no_chatter,0,0.008363735,8
turning,cnn_ae,global_mse,2inchStickout_F_08-Jun-2017_rpm320_doc0p005_window_0023,2inchStickout/F_08-Jun-2017_rpm320_doc0p005,train,42,4,cv_evaluation,no_chatter,0,0.005812188,8
turning,cnn_ae,global_mse,2inchStickout_F_08-Jun-2017_rpm320_doc0p030_window_0000,2inchStickout/F_08-Jun-2017_rpm320_doc0p030,train,42,4,cv_evaluation,no_chatter,0,0.00022711938,8
turning,cnn_ae,global_mse,2inchStickout_F_08-Jun-2017_rpm320_doc0p030_window_0001,2inchStickout/F_08-Jun-2017_rpm320_doc0p030,train,42,4,cv_evaluation,no_chatter,0,0.00024201663,8
turning,cnn_ae,global_mse,2inchStickout_F_08-Jun-2017_rpm320_doc0p030_window_0002,2inchStickout/F_08-Jun-2017_rpm320_doc0p030,train,42,4,cv_evaluation,no_chatter,0,0.00023498588,8
turning,cnn_ae,global_mse,2inchStickout_F_08-Jun-2017_rpm320_doc0p030_window_0003,2inchStickout/F_08-Jun-2017_rpm320_doc0p030,train,42,4,cv_evaluation,no_chatter,0,0.0009777012,8
turning,cnn_ae,global_mse,2inchStickout_F_08-Jun-2017_rpm320_doc0p030_window_0004,2inchStickout/F_08-Jun-2017_rpm320_doc0p030,train,42,4,cv_evaluation,no_chatter,0,0.0009125212,8
turning,cnn_ae,global_mse,2inchStickout_F_08-Jun-2017_rpm320_doc0p030_window_0005,2inchStickout/F_08-Jun-2017_rpm320_doc0p030,train,42,4,cv_evaluation,no_chatter,0,0.0006226446,8
turning,cnn_ae,global_mse,2inchStickout_F_08-Jun-2017_rpm320_doc0p030_window_0006,2inchStickout/F_08-Jun-2017_rpm320_doc0p030,train,42,4,cv_evaluation,no_chatter,0,0.00084254675,8
turning,cnn_ae,global_mse,2inchStickout_F_08-Jun-2017_rpm320_doc0p030_window_0007,2inchStickout/F_08-Jun-2017_rpm320_doc0p030,train,42,4,cv_evaluation,no_chatter,0,0.0010120431,8
turning,cnn_ae,global_mse,2inchStickout_F_08-Jun-2017_rpm320_doc0p030_window_0008,2inchStickout/F_08-Jun-2017_rpm320_doc0p030,train,42,4,cv_evaluation,no_chatter,0,0.00087935827,8
turning,cnn_ae,global_mse,2inchStickout_F_08-Jun-2017_rpm320_doc0p030_window_0009,2inchStickout/F_08-Jun-2017_rpm320_doc0p030,train,42,4,cv_evaluation,no_chatter,0,0.0008105646,8
turning,cnn_ae,global_mse,2inchStickout_F_08-Jun-2017_rpm320_doc0p030_window_0010,2inchStickout/F_08-Jun-2017_rpm320_doc0p030,train,42,4,cv_evaluation,no_chatter,0,0.00081204885,8
turning,cnn_ae,global_mse,2inchStickout_F_08-Jun-2017_rpm320_doc0p030_window_0011,2inchStickout/F_08-Jun-2017_rpm320_doc0p030,validation,42,4,cv_evaluation,no_chatter,0,0.0009725845,8
turning,cnn_ae,global_mse,2inchStickout_F_08-Jun-2017_rpm320_doc0p030_window_0012,2inchStickout/F_08-Jun-2017_rpm320_doc0p030,validation,42,4,cv_evaluation,no_chatter,0,0.0006428941,8
turning,cnn_ae,global_mse,2inchStickout_F_08-Jun-2017_rpm320_doc0p030_window_0013,2inchStickout/F_08-Jun-2017_rpm320_doc0p030,train,42,4,cv_evaluation,no_chatter,0,0.0008096078,8
turning,cnn_ae,global_mse,2inchStickout_F_08-Jun-2017_rpm320_doc0p030_window_0014,2inchStickout/F_08-Jun-2017_rpm320_doc0p030,train,42,4,cv_evaluation,no_chatter,0,0.002318614,8
turning,cnn_ae,global_mse,2inchStickout_F_08-Jun-2017_rpm320_doc0p030_window_0015,2inchStickout/F_08-Jun-2017_rpm320_doc0p030,train,42,4,cv_evaluation,no_chatter,0,0.0017533145,8
turning,cnn_ae,global_mse,2inchStickout_F_08-Jun-2017_rpm320_doc0p030_window_0016,2inchStickout/F_08-Jun-2017_rpm320_doc0p030,train,42,4,cv_evaluation,no_chatter,0,0.0013613161,8
turning,cnn_ae,global_mse,2inchStickout_F_08-Jun-2017_rpm320_doc0p030_window_0017,2inchStickout/F_08-Jun-2017_rpm320_doc0p030,train,42,4,cv_evaluation,no_chatter,0,0.0023098914,8
turning,cnn_ae,global_mse,2inchStickout_F_08-Jun-2017_rpm320_doc0p030_window_0018,2inchStickout/F_08-Jun-2017_rpm320_doc0p030,train,42,4,cv_evaluation,no_chatter,0,0.0021872474,8
turning,cnn_ae,global_mse,2inchStickout_F_08-Jun-2017_rpm320_doc0p030_window_0019,2inchStickout/F_08-Jun-2017_rpm320_doc0p030,validation,42,4,cv_evaluation,no_chatter,0,0.0033327758,8
turning,cnn_ae,global_mse,2inchStickout_F_08-Jun-2017_rpm320_doc0p030_window_0020,2inchStickout/F_08-Jun-2017_rpm320_doc0p030,validation,42,4,cv_evaluation,no_chatter,0,0.0039783134,8
turning,cnn_ae,global_mse,2inchStickout_F_08-Jun-2017_rpm320_doc0p030_window_0021,2inchStickout/F_08-Jun-2017_rpm320_doc0p030,train,42,4,cv_evaluation,no_chatter,0,0.0036666463,8
turning,cnn_ae,global_mse,2inchStickout_F_08-Jun-2017_rpm320_doc0p030_window_0022,2inchStickout/F_08-Jun-2017_rpm320_doc0p030,train,42,4,cv_evaluation,no_chatter,0,0.0051998533,8
turning,cnn_ae,global_mse,2inchStickout_F_08-Jun-2017_rpm320_doc0p030_window_0023,2inchStickout/F_08-Jun-2017_rpm320_doc0p030,train,42,4,cv_evaluation,no_chatter,0,0.005442235,8
turning,cnn_ae,global_mse,2inchStickout_F_08-Jun-2017_rpm425_doc0p017_window_0000,2inchStickout/F_08-Jun-2017_rpm425_doc0p017,train,42,4,cv_evaluation,no_chatter,0,0.00033325647,8
turning,cnn_ae,global_mse,2inchStickout_F_08-Jun-2017_rpm425_doc0p017_window_0001,2inchStickout/F_08-Jun-2017_rpm425_doc0p017,train,42,4,cv_evaluation,no_chatter,0,0.0004114488,8
turning,cnn_ae,global_mse,2inchStickout_F_08-Jun-2017_rpm425_doc0p017_window_0002,2inchStickout/F_08-Jun-2017_rpm425_doc0p017,validation,42,4,cv_evaluation,no_chatter,0,0.0011257745,8
turning,cnn_ae,global_mse,2inchStickout_F_08-Jun-2017_rpm425_doc0p017_window_0003,2inchStickout/F_08-Jun-2017_rpm425_doc0p017,validation,42,4,cv_evaluation,no_chatter,0,0.0025919054,8
turning,cnn_ae,global_mse,2inchStickout_F_08-Jun-2017_rpm425_doc0p017_window_0004,2inchStickout/F_08-Jun-2017_rpm425_doc0p017,validation,42,4,cv_evaluation,no_chatter,0,0.006182019,8
turning,cnn_ae,global_mse,2inchStickout_F_08-Jun-2017_rpm425_doc0p017_window_0005,2inchStickout/F_08-Jun-2017_rpm425_doc0p017,validation,42,4,cv_evaluation,no_chatter,0,0.0040540444,8
turning,cnn_ae,global_mse,2inchStickout_F_08-Jun-2017_rpm425_doc0p017_window_0006,2inchStickout/F_08-Jun-2017_rpm425_doc0p017,train,42,4,cv_evaluation,no_chatter,0,0.0027151906,8
turning,cnn_ae,global_mse,2inchStickout_F_08-Jun-2017_rpm425_doc0p017_window_0007,2inchStickout/F_08-Jun-2017_rpm425_doc0p017,train,42,4,cv_evaluation,no_chatter,0,0.008273334,8
turning,cnn_ae,global_mse,2inchStickout_F_08-Jun-2017_rpm570_doc0p010_window_0000,2inchStickout/F_08-Jun-2017_rpm570_doc0p010,test,42,4,cv_evaluation,no_chatter,0,0.00036187185,8
turning,cnn_ae,global_mse,2inchStickout_F_08-Jun-2017_rpm570_doc0p010_window_0001,2inchStickout/F_08-Jun-2017_rpm570_doc0p010,test,42,4,cv_evaluation,no_chatter,0,0.0027004017,8
turning,cnn_ae,global_mse,2inchStickout_F_08-Jun-2017_rpm570_doc0p010_window_0002,2inchStickout/F_08-Jun-2017_rpm570_doc0p010,test,42,4,cv_evaluation,chatter,1,0.010439605,8
turning,cnn_ae,global_mse,2inchStickout_F_08-Jun-2017_rpm570_doc0p010_window_0003,2inchStickout/F_08-Jun-2017_rpm570_doc0p010,test,42,4,cv_evaluation,chatter,1,0.0103474725,8
turning,cnn_ae,global_mse,2inchStickout_F_08-Jun-2017_rpm570_doc0p010_window_0004,2inchStickout/F_08-Jun-2017_rpm570_doc0p010,test,42,4,cv_evaluation,chatter,1,0.011990831,8
turning,cnn_ae,global_mse,2inchStickout_F_08-Jun-2017_rpm570_doc0p010_window_0005,2inchStickout/F_08-Jun-2017_rpm570_doc0p010,test,42,4,cv_evaluation,chatter,1,0.014384584,8
turning,cnn_ae,global_mse,2inchStickout_F_08-Jun-2017_rpm770_doc0p002_window_0000,2inchStickout/F_08-Jun-2017_rpm770_doc0p002,train,42,4,cv_evaluation,no_chatter,0,0.00047959157,8
turning,cnn_ae,global_mse,2inchStickout_F_08-Jun-2017_rpm770_doc0p002_window_0001,2inchStickout/F_08-Jun-2017_rpm770_doc0p002,validation,42,4,cv_evaluation,chatter,1,0.013783835,8
turning,cnn_ae,global_mse,2inchStickout_F_08-Jun-2017_rpm770_doc0p002_window_0002,2inchStickout/F_08-Jun-2017_rpm770_doc0p002,validation,42,4,cv_evaluation,chatter,1,0.023281457,8
turning,cnn_ae,global_mse,2inchStickout_F_08-Jun-2017_rpm770_doc0p002_window_0003,2inchStickout/F_08-Jun-2017_rpm770_doc0p002,train,42,4,cv_evaluation,no_chatter,0,0.008968527,8
turning,cnn_ae,global_mse,2inchStickout_F_08-Jun-2017_rpm770_doc0p002_window_0004,2inchStickout/F_08-Jun-2017_rpm770_doc0p002,validation,42,4,cv_evaluation,chatter,1,0.008816093,8
turning,cnn_ae,global_mse,2inchStickout_F_08-Jun-2017_rpm770_doc0p002_window_0005,2inchStickout/F_08-Jun-2017_rpm770_doc0p002,train,42,4,cv_evaluation,no_chatter,0,0.009034665,8
turning,cnn_ae,global_mse,2inchStickout_F_08-Jun-2017_rpm770_doc0p002_window_0006,2inchStickout/F_08-Jun-2017_rpm770_doc0p002,train,42,4,cv_evaluation,no_chatter,0,0.025456807,8
turning,cnn_ae,global_mse,2inchStickout_F_08-Jun-2017_rpm770_doc0p002_window_0007,2inchStickout/F_08-Jun-2017_rpm770_doc0p002,validation,42,4,cv_evaluation,chatter,1,0.016109815,8
turning,cnn_ae,global_mse,2p5inchStickout_F_12-Jun-2017_rpm570_doc0p005_window_0000,2p5inchStickout/F_12-Jun-2017_rpm570_doc0p005,test,42,4,cv_evaluation,no_chatter,0,0.0003982972,8
turning,cnn_ae,global_mse,2p5inchStickout_F_12-Jun-2017_rpm570_doc0p005_window_0001,2p5inchStickout/F_12-Jun-2017_rpm570_doc0p005,train,42,4,cv_evaluation,no_chatter,0,0.0026915758,8
turning,cnn_ae,global_mse,2p5inchStickout_F_12-Jun-2017_rpm570_doc0p005_window_0002,2p5inchStickout/F_12-Jun-2017_rpm570_doc0p005,train,42,4,cv_evaluation,no_chatter,0,0.0032540476,8
turning,cnn_ae,global_mse,2p5inchStickout_F_12-Jun-2017_rpm570_doc0p005_window_0003,2p5inchStickout/F_12-Jun-2017_rpm570_doc0p005,train,42,4,cv_evaluation,no_chatter,0,0.0034594862,8
turning,cnn_ae,global_mse,2p5inchStickout_F_12-Jun-2017_rpm570_doc0p005_window_0004,2p5inchStickout/F_12-Jun-2017_rpm570_doc0p005,test,42,4,cv_evaluation,no_chatter,0,0.0049551954,8
turning,cnn_ae,global_mse,2p5inchStickout_F_12-Jun-2017_rpm570_doc0p005_window_0005,2p5inchStickout/F_12-Jun-2017_rpm570_doc0p005,train,42,4,cv_evaluation,no_chatter,0,0.007215686,8
turning,cnn_ae,global_mse,2p5inchStickout_F_12-Jun-2017_rpm570_doc0p005_window_0006,2p5inchStickout/F_12-Jun-2017_rpm570_doc0p005,train,42,4,cv_evaluation,no_chatter,0,0.003254564,8
turning,cnn_ae,global_mse,2p5inchStickout_F_12-Jun-2017_rpm570_doc0p005_window_0007,2p5inchStickout/F_12-Jun-2017_rpm570_doc0p005,train,42,4,cv_evaluation,no_chatter,0,0.003199265,8
turning,cnn_ae,global_mse,2p5inchStickout_F_12-Jun-2017_rpm570_doc0p005_window_0008,2p5inchStickout/F_12-Jun-2017_rpm570_doc0p005,test,42,4,cv_evaluation,no_chatter,0,0.0059825554,8
turning,cnn_ae,global_mse,2p5inchStickout_F_12-Jun-2017_rpm570_doc0p005_window_0009,2p5inchStickout/F_12-Jun-2017_rpm570_doc0p005,train,42,4,cv_evaluation,no_chatter,0,0.006870596,8
turning,cnn_ae,global_mse,2p5inchStickout_F_12-Jun-2017_rpm570_doc0p010_window_0000,2p5inchStickout/F_12-Jun-2017_rpm570_doc0p010,train,42,4,cv_evaluation,no_chatter,0,0.00085933245,8
turning,cnn_ae,global_mse,2p5inchStickout_F_12-Jun-2017_rpm570_doc0p010_window_0001,2p5inchStickout/F_12-Jun-2017_rpm570_doc0p010,train,42,4,cv_evaluation,no_chatter,0,0.0046992796,8
turning,cnn_ae,global_mse,2p5inchStickout_F_12-Jun-2017_rpm570_doc0p010_window_0002,2p5inchStickout/F_12-Jun-2017_rpm570_doc0p010,train,42,4,cv_evaluation,no_chatter,0,0.0033483575,8
turning,cnn_ae,global_mse,2p5inchStickout_F_12-Jun-2017_rpm570_doc0p010_window_0003,2p5inchStickout/F_12-Jun-2017_rpm570_doc0p010,test,42,4,cv_evaluation,no_chatter,0,0.003056479,8
turning,cnn_ae,global_mse,2p5inchStickout_F_12-Jun-2017_rpm570_doc0p010_window_0004,2p5inchStickout/F_12-Jun-2017_rpm570_doc0p010,train,42,4,cv_evaluation,no_chatter,0,0.0029447707,8
turning,cnn_ae,global_mse,2p5inchStickout_F_12-Jun-2017_rpm570_doc0p010_window_0005,2p5inchStickout/F_12-Jun-2017_rpm570_doc0p010,train,42,4,cv_evaluation,no_chatter,0,0.0033860945,8
turning,cnn_ae,global_mse,2p5inchStickout_F_12-Jun-2017_rpm570_doc0p010_window_0006,2p5inchStickout/F_12-Jun-2017_rpm570_doc0p010,test,42,4,cv_evaluation,no_chatter,0,0.004493694,8
turning,cnn_ae,global_mse,2p5inchStickout_F_12-Jun-2017_rpm570_doc0p010_window_0007,2p5inchStickout/F_12-Jun-2017_rpm570_doc0p010,train,42,4,cv_evaluation,no_chatter,0,0.0035253062,8
turning,cnn_ae,global_mse,2p5inchStickout_F_12-Jun-2017_rpm570_doc0p010_window_0008,2p5inchStickout/F_12-Jun-2017_rpm570_doc0p010,train,42,4,cv_evaluation,no_chatter,0,0.0032158515,8
turning,cnn_ae,global_mse,2p5inchStickout_F_12-Jun-2017_rpm570_doc0p010_window_0009,2p5inchStickout/F_12-Jun-2017_rpm570_doc0p010,test,42,4,cv_evaluation,no_chatter,0,0.0029638645,8
turning,cnn_ae,global_mse,3p5inchStickout_F_14-Jun-2017_rpm770_doc0p005_window_0000,3p5inchStickout/F_14-Jun-2017_rpm770_doc0p005,validation,42,4,cv_evaluation,no_chatter,0,0.0003881791,8
turning,cnn_ae,global_mse,3p5inchStickout_F_14-Jun-2017_rpm770_doc0p005_window_0001,3p5inchStickout/F_14-Jun-2017_rpm770_doc0p005,train,42,4,cv_evaluation,no_chatter,0,0.0026032827,8
turning,cnn_ae,global_mse,3p5inchStickout_F_14-Jun-2017_rpm770_doc0p005_window_0002,3p5inchStickout/F_14-Jun-2017_rpm770_doc0p005,train,42,4,cv_evaluation,no_chatter,0,0.0035725448,8
turning,cnn_ae,global_mse,3p5inchStickout_F_14-Jun-2017_rpm770_doc0p005_window_0003,3p5inchStickout/F_14-Jun-2017_rpm770_doc0p005,train,42,4,cv_evaluation,no_chatter,0,0.0036262926,8
turning,cnn_ae,global_mse,4p5inchStickout_F_12-Jun-2017_rpm570_doc0p015_window_0000,4p5inchStickout/F_12-Jun-2017_rpm570_doc0p015,train,42,4,cv_evaluation,no_chatter,0,0.00025900247,8
turning,cnn_ae,global_mse,4p5inchStickout_F_12-Jun-2017_rpm570_doc0p015_window_0001,4p5inchStickout/F_12-Jun-2017_rpm570_doc0p015,train,42,4,cv_evaluation,no_chatter,0,0.00025130616,8
turning,cnn_ae,global_mse,4p5inchStickout_F_12-Jun-2017_rpm570_doc0p015_window_0002,4p5inchStickout/F_12-Jun-2017_rpm570_doc0p015,train,42,4,cv_evaluation,no_chatter,0,0.00024883958,8
turning,cnn_ae,global_mse,4p5inchStickout_F_12-Jun-2017_rpm570_doc0p015_window_0003,4p5inchStickout/F_12-Jun-2017_rpm570_doc0p015,train,42,4,cv_evaluation,no_chatter,0,0.00025667367,8
turning,cnn_ae,global_mse,4p5inchStickout_F_12-Jun-2017_rpm570_doc0p015_window_0004,4p5inchStickout/F_12-Jun-2017_rpm570_doc0p015,train,42,4,cv_evaluation,no_chatter,0,0.00082570617,8
turning,cnn_ae,global_mse,4p5inchStickout_F_12-Jun-2017_rpm570_doc0p015_window_0005,4p5inchStickout/F_12-Jun-2017_rpm570_doc0p015,train,42,4,cv_evaluation,no_chatter,0,0.004015037,8
turning,cnn_ae,global_mse,4p5inchStickout_F_12-Jun-2017_rpm570_doc0p015_window_0006,4p5inchStickout/F_12-Jun-2017_rpm570_doc0p015,train,42,4,cv_evaluation,no_chatter,0,0.0037136576,8
turning,cnn_ae,global_mse,4p5inchStickout_F_12-Jun-2017_rpm570_doc0p015_window_0007,4p5inchStickout/F_12-Jun-2017_rpm570_doc0p015,train,42,4,cv_evaluation,no_chatter,0,0.0042795544,8
turning,cnn_ae,global_mse,4p5inchStickout_F_12-Jun-2017_rpm570_doc0p015_window_0008,4p5inchStickout/F_12-Jun-2017_rpm570_doc0p015,train,42,4,cv_evaluation,no_chatter,0,0.0042392733,8
turning,cnn_ae,global_mse,4p5inchStickout_F_12-Jun-2017_rpm570_doc0p015_window_0009,4p5inchStickout/F_12-Jun-2017_rpm570_doc0p015,train,42,4,cv_evaluation,no_chatter,0,0.004967923,8
turning,cnn_ae,global_mse,4p5inchStickout_F_12-Jun-2017_rpm570_doc0p015_window_0010,4p5inchStickout/F_12-Jun-2017_rpm570_doc0p015,train,42,4,cv_evaluation,no_chatter,0,0.005259646,8
turning,cnn_ae,global_mse,4p5inchStickout_F_12-Jun-2017_rpm570_doc0p015_window_0011,4p5inchStickout/F_12-Jun-2017_rpm570_doc0p015,train,42,4,cv_evaluation,no_chatter,0,0.0049826987,8
turning,cnn_ae,global_mse,4p5inchStickout_F_12-Jun-2017_rpm570_doc0p025_window_0000,4p5inchStickout/F_12-Jun-2017_rpm570_doc0p025,train,42,4,cv_evaluation,no_chatter,0,0.00027544843,8
turning,cnn_ae,global_mse,4p5inchStickout_F_12-Jun-2017_rpm570_doc0p025_window_0001,4p5inchStickout/F_12-Jun-2017_rpm570_doc0p025,train,42,4,cv_evaluation,no_chatter,0,0.0002732636,8
turning,cnn_ae,global_mse,4p5inchStickout_F_12-Jun-2017_rpm570_doc0p025_window_0002,4p5inchStickout/F_12-Jun-2017_rpm570_doc0p025,train,42,4,cv_evaluation,no_chatter,0,0.00026886407,8
turning,cnn_ae,global_mse,4p5inchStickout_F_12-Jun-2017_rpm570_doc0p025_window_0003,4p5inchStickout/F_12-Jun-2017_rpm570_doc0p025,train,42,4,cv_evaluation,no_chatter,0,0.00026102594,8
turning,cnn_ae,global_mse,4p5inchStickout_F_12-Jun-2017_rpm570_doc0p025_window_0004,4p5inchStickout/F_12-Jun-2017_rpm570_doc0p025,train,42,4,cv_evaluation,no_chatter,0,0.001229132,8
turning,cnn_ae,global_mse,4p5inchStickout_F_12-Jun-2017_rpm570_doc0p025_window_0005,4p5inchStickout/F_12-Jun-2017_rpm570_doc0p025,train,42,4,cv_evaluation,no_chatter,0,0.0039263237,8
turning,cnn_ae,global_mse,4p5inchStickout_F_12-Jun-2017_rpm570_doc0p025_window_0006,4p5inchStickout/F_12-Jun-2017_rpm570_doc0p025,test,42,4,cv_evaluation,no_chatter,0,0.0043179546,8
turning,cnn_ae,global_mse,4p5inchStickout_F_12-Jun-2017_rpm570_doc0p025_window_0007,4p5inchStickout/F_12-Jun-2017_rpm570_doc0p025,train,42,4,cv_evaluation,no_chatter,0,0.00473054,8
turning,cnn_ae,global_mse,4p5inchStickout_F_12-Jun-2017_rpm570_doc0p025_window_0008,4p5inchStickout/F_12-Jun-2017_rpm570_doc0p025,train,42,4,cv_evaluation,no_chatter,0,0.004765376,8
turning,cnn_ae,global_mse,4p5inchStickout_F_12-Jun-2017_rpm570_doc0p025_window_0009,4p5inchStickout/F_12-Jun-2017_rpm570_doc0p025,train,42,4,cv_evaluation,no_chatter,0,0.005183333,8
turning,cnn_ae,global_mse,4p5inchStickout_F_12-Jun-2017_rpm570_doc0p025_window_0010,4p5inchStickout/F_12-Jun-2017_rpm570_doc0p025,train,42,4,cv_evaluation,no_chatter,0,0.005188005,8
turning,cnn_ae,global_mse,4p5inchStickout_F_12-Jun-2017_rpm570_doc0p025_window_0011,4p5inchStickout/F_12-Jun-2017_rpm570_doc0p025,train,42,4,cv_evaluation,no_chatter,0,0.005156507,8
turning,cnn_ae,global_mse,4p5inchStickout_F_13-Jun-2017_rpm1030_doc0p010_window_0000,4p5inchStickout/F_13-Jun-2017_rpm1030_doc0p010,train,42,4,cv_evaluation,no_chatter,0,0.0003097157,8
turning,cnn_ae,global_mse,4p5inchStickout_F_13-Jun-2017_rpm1030_doc0p010_window_0001,4p5inchStickout/F_13-Jun-2017_rpm1030_doc0p010,test,42,4,cv_evaluation,no_chatter,0,0.010111163,8
turning,cnn_ae,global_mse,4p5inchStickout_F_13-Jun-2017_rpm1030_doc0p010_window_0002,4p5inchStickout/F_13-Jun-2017_rpm1030_doc0p010,train,42,4,cv_evaluation,no_chatter,0,0.008577463,8
turning,cnn_ae,global_mse,4p5inchStickout_F_13-Jun-2017_rpm1030_doc0p010_window_0003,4p5inchStickout/F_13-Jun-2017_rpm1030_doc0p010,train,42,4,cv_evaluation,no_chatter,0,0.008938169,8
turning,cnn_ae,global_mse,4p5inchStickout_F_13-Jun-2017_rpm1030_doc0p013_window_0000,4p5inchStickout/F_13-Jun-2017_rpm1030_doc0p013,test,42,4,cv_evaluation,no_chatter,0,0.00030525247,8
turning,cnn_ae,global_mse,4p5inchStickout_F_13-Jun-2017_rpm1030_doc0p013_window_0001,4p5inchStickout/F_13-Jun-2017_rpm1030_doc0p013,train,42,4,cv_evaluation,no_chatter,0,0.0093861995,8
turning,cnn_ae,global_mse,4p5inchStickout_F_13-Jun-2017_rpm1030_doc0p013_window_0002,4p5inchStickout/F_13-Jun-2017_rpm1030_doc0p013,test,42,4,cv_evaluation,no_chatter,0,0.007990818,8
turning,cnn_ae,global_mse,4p5inchStickout_F_13-Jun-2017_rpm1030_doc0p013_window_0003,4p5inchStickout/F_13-Jun-2017_rpm1030_doc0p013,train,42,4,cv_evaluation,no_chatter,0,0.0075435513,8
turning,cnn_ae,global_mse,4p5inchStickout_F_13-Jun-2017_rpm770_doc0p020_window_0000,4p5inchStickout/F_13-Jun-2017_rpm770_doc0p020,train,42,4,cv_evaluation,no_chatter,0,0.0002838649,8
turning,cnn_ae,global_mse,4p5inchStickout_F_13-Jun-2017_rpm770_doc0p020_window_0001,4p5inchStickout/F_13-Jun-2017_rpm770_doc0p020,train,42,4,cv_evaluation,no_chatter,0,0.0008517256,8
turning,cnn_ae,global_mse,4p5inchStickout_F_13-Jun-2017_rpm770_doc0p020_window_0002,4p5inchStickout/F_13-Jun-2017_rpm770_doc0p020,test,42,4,cv_evaluation,no_chatter,0,0.005142661,8
turning,cnn_ae,global_mse,4p5inchStickout_F_13-Jun-2017_rpm770_doc0p020_window_0003,4p5inchStickout/F_13-Jun-2017_rpm770_doc0p020,train,42,4,cv_evaluation,no_chatter,0,0.006684243,8
turning,cnn_ae,global_mse,4p5inchStickout_F_13-Jun-2017_rpm770_doc0p020_window_0004,4p5inchStickout/F_13-Jun-2017_rpm770_doc0p020,train,42,4,cv_evaluation,no_chatter,0,0.0063464083,8
turning,cnn_ae,global_mse,4p5inchStickout_F_13-Jun-2017_rpm770_doc0p020_window_0005,4p5inchStickout/F_13-Jun-2017_rpm770_doc0p020,train,42,4,cv_evaluation,no_chatter,0,0.006435959,8
turning,cnn_ae,global_mae,2inchStickout_F_08-Jun-2017_rpm320_doc0p005_window_0000,2inchStickout/F_08-Jun-2017_rpm320_doc0p005,train,42,4,cv_evaluation,no_chatter,0,0.007440132,8
turning,cnn_ae,global_mae,2inchStickout_F_08-Jun-2017_rpm320_doc0p005_window_0001,2inchStickout/F_08-Jun-2017_rpm320_doc0p005,train,42,4,cv_evaluation,no_chatter,0,0.0072508347,8
turning,cnn_ae,global_mae,2inchStickout_F_08-Jun-2017_rpm320_doc0p005_window_0002,2inchStickout/F_08-Jun-2017_rpm320_doc0p005,train,42,4,cv_evaluation,no_chatter,0,0.0071431207,8
turning,cnn_ae,global_mae,2inchStickout_F_08-Jun-2017_rpm320_doc0p005_window_0003,2inchStickout/F_08-Jun-2017_rpm320_doc0p005,train,42,4,cv_evaluation,no_chatter,0,0.007115553,8
turning,cnn_ae,global_mae,2inchStickout_F_08-Jun-2017_rpm320_doc0p005_window_0004,2inchStickout/F_08-Jun-2017_rpm320_doc0p005,train,42,4,cv_evaluation,no_chatter,0,0.008100979,8
turning,cnn_ae,global_mae,2inchStickout_F_08-Jun-2017_rpm320_doc0p005_window_0005,2inchStickout/F_08-Jun-2017_rpm320_doc0p005,validation,42,4,cv_evaluation,no_chatter,0,0.061602022,8
turning,cnn_ae,global_mae,2inchStickout_F_08-Jun-2017_rpm320_doc0p005_window_0006,2inchStickout/F_08-Jun-2017_rpm320_doc0p005,validation,42,4,cv_evaluation,chatter,1,0.067766115,8
turning,cnn_ae,global_mae,2inchStickout_F_08-Jun-2017_rpm320_doc0p005_window_0007,2inchStickout/F_08-Jun-2017_rpm320_doc0p005,validation,42,4,cv_evaluation,chatter,1,0.06552648,8
turning,cnn_ae,global_mae,2inchStickout_F_08-Jun-2017_rpm320_doc0p005_window_0008,2inchStickout/F_08-Jun-2017_rpm320_doc0p005,validation,42,4,cv_evaluation,chatter,1,0.06642477,8
turning,cnn_ae,global_mae,2inchStickout_F_08-Jun-2017_rpm320_doc0p005_window_0009,2inchStickout/F_08-Jun-2017_rpm320_doc0p005,validation,42,4,cv_evaluation,chatter,1,0.06254749,8
turning,cnn_ae,global_mae,2inchStickout_F_08-Jun-2017_rpm320_doc0p005_window_0010,2inchStickout/F_08-Jun-2017_rpm320_doc0p005,validation,42,4,cv_evaluation,chatter,1,0.052678496,8
turning,cnn_ae,global_mae,2inchStickout_F_08-Jun-2017_rpm320_doc0p005_window_0011,2inchStickout/F_08-Jun-2017_rpm320_doc0p005,validation,42,4,cv_evaluation,chatter,1,0.052431967,8
turning,cnn_ae,global_mae,2inchStickout_F_08-Jun-2017_rpm320_doc0p005_window_0012,2inchStickout/F_08-Jun-2017_rpm320_doc0p005,train,42,4,cv_evaluation,no_chatter,0,0.047815364,8
turning,cnn_ae,global_mae,2inchStickout_F_08-Jun-2017_rpm320_doc0p005_window_0013,2inchStickout/F_08-Jun-2017_rpm320_doc0p005,train,42,4,cv_evaluation,no_chatter,0,0.029866178,8
turning,cnn_ae,global_mae,2inchStickout_F_08-Jun-2017_rpm320_doc0p005_window_0014,2inchStickout/F_08-Jun-2017_rpm320_doc0p005,train,42,4,cv_evaluation,no_chatter,0,0.023226678,8
turning,cnn_ae,global_mae,2inchStickout_F_08-Jun-2017_rpm320_doc0p005_window_0015,2inchStickout/F_08-Jun-2017_rpm320_doc0p005,train,42,4,cv_evaluation,no_chatter,0,0.022038125,8
turning,cnn_ae,global_mae,2inchStickout_F_08-Jun-2017_rpm320_doc0p005_window_0016,2inchStickout/F_08-Jun-2017_rpm320_doc0p005,train,42,4,cv_evaluation,no_chatter,0,0.023662204,8
turning,cnn_ae,global_mae,2inchStickout_F_08-Jun-2017_rpm320_doc0p005_window_0017,2inchStickout/F_08-Jun-2017_rpm320_doc0p005,train,42,4,cv_evaluation,no_chatter,0,0.02339651,8
turning,cnn_ae,global_mae,2inchStickout_F_08-Jun-2017_rpm320_doc0p005_window_0018,2inchStickout/F_08-Jun-2017_rpm320_doc0p005,train,42,4,cv_evaluation,no_chatter,0,0.023505632,8
turning,cnn_ae,global_mae,2inchStickout_F_08-Jun-2017_rpm320_doc0p005_window_0019,2inchStickout/F_08-Jun-2017_rpm320_doc0p005,train,42,4,cv_evaluation,no_chatter,0,0.024529653,8
turning,cnn_ae,global_mae,2inchStickout_F_08-Jun-2017_rpm320_doc0p005_window_0020,2inchStickout/F_08-Jun-2017_rpm320_doc0p005,train,42,4,cv_evaluation,no_chatter,0,0.023070194,8
turning,cnn_ae,global_mae,2inchStickout_F_08-Jun-2017_rpm320_doc0p005_window_0021,2inchStickout/F_08-Jun-2017_rpm320_doc0p005,train,42,4,cv_evaluation,no_chatter,0,0.03851415,8
turning,cnn_ae,global_mae,2inchStickout_F_08-Jun-2017_rpm320_doc0p005_window_0022,2inchStickout/F_08-Jun-2017_rpm320_doc0p005,train,42,4,cv_evaluation,no_chatter,0,0.055279534,8
turning,cnn_ae,global_mae,2inchStickout_F_08-Jun-2017_rpm320_doc0p005_window_0023,2inchStickout/F_08-Jun-2017_rpm320_doc0p005,train,42,4,cv_evaluation,no_chatter,0,0.045351222,8
turning,cnn_ae,global_mae,2inchStickout_F_08-Jun-2017_rpm320_doc0p030_window_0000,2inchStickout/F_08-Jun-2017_rpm320_doc0p030,train,42,4,cv_evaluation,no_chatter,0,0.006304434,8
turning,cnn_ae,global_mae,2inchStickout_F_08-Jun-2017_rpm320_doc0p030_window_0001,2inchStickout/F_08-Jun-2017_rpm320_doc0p030,train,42,4,cv_evaluation,no_chatter,0,0.006313771,8
turning,cnn_ae,global_mae,2inchStickout_F_08-Jun-2017_rpm320_doc0p030_window_0002,2inchStickout/F_08-Jun-2017_rpm320_doc0p030,train,42,4,cv_evaluation,no_chatter,0,0.0064360783,8
turning,cnn_ae,global_mae,2inchStickout_F_08-Jun-2017_rpm320_doc0p030_window_0003,2inchStickout/F_08-Jun-2017_rpm320_doc0p030,train,42,4,cv_evaluation,no_chatter,0,0.011576766,8
turning,cnn_ae,global_mae,2inchStickout_F_08-Jun-2017_rpm320_doc0p030_window_0004,2inchStickout/F_08-Jun-2017_rpm320_doc0p030,train,42,4,cv_evaluation,no_chatter,0,0.015754074,8
turning,cnn_ae,global_mae,2inchStickout_F_08-Jun-2017_rpm320_doc0p030_window_0005,2inchStickout/F_08-Jun-2017_rpm320_doc0p030,train,42,4,cv_evaluation,no_chatter,0,0.015091844,8
turning,cnn_ae,global_mae,2inchStickout_F_08-Jun-2017_rpm320_doc0p030_window_0006,2inchStickout/F_08-Jun-2017_rpm320_doc0p030,train,42,4,cv_evaluation,no_chatter,0,0.017522112,8
turning,cnn_ae,global_mae,2inchStickout_F_08-Jun-2017_rpm320_doc0p030_window_0007,2inchStickout/F_08-Jun-2017_rpm320_doc0p030,train,42,4,cv_evaluation,no_chatter,0,0.018460784,8
turning,cnn_ae,global_mae,2inchStickout_F_08-Jun-2017_rpm320_doc0p030_window_0008,2inchStickout/F_08-Jun-2017_rpm320_doc0p030,train,42,4,cv_evaluation,no_chatter,0,0.017295025,8
turning,cnn_ae,global_mae,2inchStickout_F_08-Jun-2017_rpm320_doc0p030_window_0009,2inchStickout/F_08-Jun-2017_rpm320_doc0p030,train,42,4,cv_evaluation,no_chatter,0,0.016439123,8
turning,cnn_ae,global_mae,2inchStickout_F_08-Jun-2017_rpm320_doc0p030_window_0010,2inchStickout/F_08-Jun-2017_rpm320_doc0p030,train,42,4,cv_evaluation,no_chatter,0,0.017115265,8
turning,cnn_ae,global_mae,2inchStickout_F_08-Jun-2017_rpm320_doc0p030_window_0011,2inchStickout/F_08-Jun-2017_rpm320_doc0p030,validation,42,4,cv_evaluation,no_chatter,0,0.017483674,8
turning,cnn_ae,global_mae,2inchStickout_F_08-Jun-2017_rpm320_doc0p030_window_0012,2inchStickout/F_08-Jun-2017_rpm320_doc0p030,validation,42,4,cv_evaluation,no_chatter,0,0.015218481,8
turning,cnn_ae,global_mae,2inchStickout_F_08-Jun-2017_rpm320_doc0p030_window_0013,2inchStickout/F_08-Jun-2017_rpm320_doc0p030,train,42,4,cv_evaluation,no_chatter,0,0.017419783,8
turning,cnn_ae,global_mae,2inchStickout_F_08-Jun-2017_rpm320_doc0p030_window_0014,2inchStickout/F_08-Jun-2017_rpm320_doc0p030,train,42,4,cv_evaluation,no_chatter,0,0.029224755,8
turning,cnn_ae,global_mae,2inchStickout_F_08-Jun-2017_rpm320_doc0p030_window_0015,2inchStickout/F_08-Jun-2017_rpm320_doc0p030,train,42,4,cv_evaluation,no_chatter,0,0.025098193,8
turning,cnn_ae,global_mae,2inchStickout_F_08-Jun-2017_rpm320_doc0p030_window_0016,2inchStickout/F_08-Jun-2017_rpm320_doc0p030,train,42,4,cv_evaluation,no_chatter,0,0.020800913,8
turning,cnn_ae,global_mae,2inchStickout_F_08-Jun-2017_rpm320_doc0p030_window_0017,2inchStickout/F_08-Jun-2017_rpm320_doc0p030,train,42,4,cv_evaluation,no_chatter,0,0.02835901,8
turning,cnn_ae,global_mae,2inchStickout_F_08-Jun-2017_rpm320_doc0p030_window_0018,2inchStickout/F_08-Jun-2017_rpm320_doc0p030,train,42,4,cv_evaluation,no_chatter,0,0.025385443,8
turning,cnn_ae,global_mae,2inchStickout_F_08-Jun-2017_rpm320_doc0p030_window_0019,2inchStickout/F_08-Jun-2017_rpm320_doc0p030,validation,42,4,cv_evaluation,no_chatter,0,0.03202631,8
turning,cnn_ae,global_mae,2inchStickout_F_08-Jun-2017_rpm320_doc0p030_window_0020,2inchStickout/F_08-Jun-2017_rpm320_doc0p030,validation,42,4,cv_evaluation,no_chatter,0,0.034429517,8
turning,cnn_ae,global_mae,2inchStickout_F_08-Jun-2017_rpm320_doc0p030_window_0021,2inchStickout/F_08-Jun-2017_rpm320_doc0p030,train,42,4,cv_evaluation,no_chatter,0,0.03157518,8
turning,cnn_ae,global_mae,2inchStickout_F_08-Jun-2017_rpm320_doc0p030_window_0022,2inchStickout/F_08-Jun-2017_rpm320_doc0p030,train,42,4,cv_evaluation,no_chatter,0,0.03897992,8
turning,cnn_ae,global_mae,2inchStickout_F_08-Jun-2017_rpm320_doc0p030_window_0023,2inchStickout/F_08-Jun-2017_rpm320_doc0p030,train,42,4,cv_evaluation,no_chatter,0,0.041752882,8
turning,cnn_ae,global_mae,2inchStickout_F_08-Jun-2017_rpm425_doc0p017_window_0000,2inchStickout/F_08-Jun-2017_rpm425_doc0p017,train,42,4,cv_evaluation,no_chatter,0,0.0072045308,8
turning,cnn_ae,global_mae,2inchStickout_F_08-Jun-2017_rpm425_doc0p017_window_0001,2inchStickout/F_08-Jun-2017_rpm425_doc0p017,train,42,4,cv_evaluation,no_chatter,0,0.008173241,8
turning,cnn_ae,global_mae,2inchStickout_F_08-Jun-2017_rpm425_doc0p017_window_0002,2inchStickout/F_08-Jun-2017_rpm425_doc0p017,validation,42,4,cv_evaluation,no_chatter,0,0.021106211,8
turning,cnn_ae,global_mae,2inchStickout_F_08-Jun-2017_rpm425_doc0p017_window_0003,2inchStickout/F_08-Jun-2017_rpm425_doc0p017,validation,42,4,cv_evaluation,no_chatter,0,0.03339531,8
turning,cnn_ae,global_mae,2inchStickout_F_08-Jun-2017_rpm425_doc0p017_window_0004,2inchStickout/F_08-Jun-2017_rpm425_doc0p017,validation,42,4,cv_evaluation,no_chatter,0,0.04728176,8
turning,cnn_ae,global_mae,2inchStickout_F_08-Jun-2017_rpm425_doc0p017_window_0005,2inchStickout/F_08-Jun-2017_rpm425_doc0p017,validation,42,4,cv_evaluation,no_chatter,0,0.040493656,8
turning,cnn_ae,global_mae,2inchStickout_F_08-Jun-2017_rpm425_doc0p017_window_0006,2inchStickout/F_08-Jun-2017_rpm425_doc0p017,train,42,4,cv_evaluation,no_chatter,0,0.03435662,8
turning,cnn_ae,global_mae,2inchStickout_F_08-Jun-2017_rpm425_doc0p017_window_0007,2inchStickout/F_08-Jun-2017_rpm425_doc0p017,train,42,4,cv_evaluation,no_chatter,0,0.05312628,8
turning,cnn_ae,global_mae,2inchStickout_F_08-Jun-2017_rpm570_doc0p010_window_0000,2inchStickout/F_08-Jun-2017_rpm570_doc0p010,test,42,4,cv_evaluation,no_chatter,0,0.007970453,8
turning,cnn_ae,global_mae,2inchStickout_F_08-Jun-2017_rpm570_doc0p010_window_0001,2inchStickout/F_08-Jun-2017_rpm570_doc0p010,test,42,4,cv_evaluation,no_chatter,0,0.028041042,8
turning,cnn_ae,global_mae,2inchStickout_F_08-Jun-2017_rpm570_doc0p010_window_0002,2inchStickout/F_08-Jun-2017_rpm570_doc0p010,test,42,4,cv_evaluation,chatter,1,0.065160304,8
turning,cnn_ae,global_mae,2inchStickout_F_08-Jun-2017_rpm570_doc0p010_window_0003,2inchStickout/F_08-Jun-2017_rpm570_doc0p010,test,42,4,cv_evaluation,chatter,1,0.06396942,8
turning,cnn_ae,global_mae,2inchStickout_F_08-Jun-2017_rpm570_doc0p010_window_0004,2inchStickout/F_08-Jun-2017_rpm570_doc0p010,test,42,4,cv_evaluation,chatter,1,0.07063306,8
turning,cnn_ae,global_mae,2inchStickout_F_08-Jun-2017_rpm570_doc0p010_window_0005,2inchStickout/F_08-Jun-2017_rpm570_doc0p010,test,42,4,cv_evaluation,chatter,1,0.0768981,8
turning,cnn_ae,global_mae,2inchStickout_F_08-Jun-2017_rpm770_doc0p002_window_0000,2inchStickout/F_08-Jun-2017_rpm770_doc0p002,train,42,4,cv_evaluation,no_chatter,0,0.008792049,8
turning,cnn_ae,global_mae,2inchStickout_F_08-Jun-2017_rpm770_doc0p002_window_0001,2inchStickout/F_08-Jun-2017_rpm770_doc0p002,validation,42,4,cv_evaluation,chatter,1,0.0747944,8
turning,cnn_ae,global_mae,2inchStickout_F_08-Jun-2017_rpm770_doc0p002_window_0002,2inchStickout/F_08-Jun-2017_rpm770_doc0p002,validation,42,4,cv_evaluation,chatter,1,0.102632314,8
turning,cnn_ae,global_mae,2inchStickout_F_08-Jun-2017_rpm770_doc0p002_window_0003,2inchStickout/F_08-Jun-2017_rpm770_doc0p002,train,42,4,cv_evaluation,no_chatter,0,0.059896898,8
turning,cnn_ae,global_mae,2inchStickout_F_08-Jun-2017_rpm770_doc0p002_window_0004,2inchStickout/F_08-Jun-2017_rpm770_doc0p002,validation,42,4,cv_evaluation,chatter,1,0.05969368,8
turning,cnn_ae,global_mae,2inchStickout_F_08-Jun-2017_rpm770_doc0p002_window_0005,2inchStickout/F_08-Jun-2017_rpm770_doc0p002,train,42,4,cv_evaluation,no_chatter,0,0.059580028,8
turning,cnn_ae,global_mae,2inchStickout_F_08-Jun-2017_rpm770_doc0p002_window_0006,2inchStickout/F_08-Jun-2017_rpm770_doc0p002,train,42,4,cv_evaluation,no_chatter,0,0.108922675,8
turning,cnn_ae,global_mae,2inchStickout_F_08-Jun-2017_rpm770_doc0p002_window_0007,2inchStickout/F_08-Jun-2017_rpm770_doc0p002,validation,42,4,cv_evaluation,chatter,1,0.078214884,8
turning,cnn_ae,global_mae,2p5inchStickout_F_12-Jun-2017_rpm570_doc0p005_window_0000,2p5inchStickout/F_12-Jun-2017_rpm570_doc0p005,test,42,4,cv_evaluation,no_chatter,0,0.0064480016,8
turning,cnn_ae,global_mae,2p5inchStickout_F_12-Jun-2017_rpm570_doc0p005_window_0001,2p5inchStickout/F_12-Jun-2017_rpm570_doc0p005,train,42,4,cv_evaluation,no_chatter,0,0.0273317,8
turning,cnn_ae,global_mae,2p5inchStickout_F_12-Jun-2017_rpm570_doc0p005_window_0002,2p5inchStickout/F_12-Jun-2017_rpm570_doc0p005,train,42,4,cv_evaluation,no_chatter,0,0.037790857,8
turning,cnn_ae,global_mae,2p5inchStickout_F_12-Jun-2017_rpm570_doc0p005_window_0003,2p5inchStickout/F_12-Jun-2017_rpm570_doc0p005,train,42,4,cv_evaluation,no_chatter,0,0.03861896,8
turning,cnn_ae,global_mae,2p5inchStickout_F_12-Jun-2017_rpm570_doc0p005_window_0004,2p5inchStickout/F_12-Jun-2017_rpm570_doc0p005,test,42,4,cv_evaluation,no_chatter,0,0.04582245,8
turning,cnn_ae,global_mae,2p5inchStickout_F_12-Jun-2017_rpm570_doc0p005_window_0005,2p5inchStickout/F_12-Jun-2017_rpm570_doc0p005,train,42,4,cv_evaluation,no_chatter,0,0.054569468,8
turning,cnn_ae,global_mae,2p5inchStickout_F_12-Jun-2017_rpm570_doc0p005_window_0006,2p5inchStickout/F_12-Jun-2017_rpm570_doc0p005,train,42,4,cv_evaluation,no_chatter,0,0.03803552,8
turning,cnn_ae,global_mae,2p5inchStickout_F_12-Jun-2017_rpm570_doc0p005_window_0007,2p5inchStickout/F_12-Jun-2017_rpm570_doc0p005,train,42,4,cv_evaluation,no_chatter,0,0.037229445,8
turning,cnn_ae,global_mae,2p5inchStickout_F_12-Jun-2017_rpm570_doc0p005_window_0008,2p5inchStickout/F_12-Jun-2017_rpm570_doc0p005,test,42,4,cv_evaluation,no_chatter,0,0.046651833,8
turning,cnn_ae,global_mae,2p5inchStickout_F_12-Jun-2017_rpm570_doc0p005_window_0009,2p5inchStickout/F_12-Jun-2017_rpm570_doc0p005,train,42,4,cv_evaluation,no_chatter,0,0.05292065,8
turning,cnn_ae,global_mae,2p5inchStickout_F_12-Jun-2017_rpm570_doc0p010_window_0000,2p5inchStickout/F_12-Jun-2017_rpm570_doc0p010,train,42,4,cv_evaluation,no_chatter,0,0.011460379,8
turning,cnn_ae,global_mae,2p5inchStickout_F_12-Jun-2017_rpm570_doc0p010_window_0001,2p5inchStickout/F_12-Jun-2017_rpm570_doc0p010,train,42,4,cv_evaluation,no_chatter,0,0.043145377,8
turning,cnn_ae,global_mae,2p5inchStickout_F_12-Jun-2017_rpm570_doc0p010_window_0002,2p5inchStickout/F_12-Jun-2017_rpm570_doc0p010,train,42,4,cv_evaluation,no_chatter,0,0.03827874,8
turning,cnn_ae,global_mae,2p5inchStickout_F_12-Jun-2017_rpm570_doc0p010_window_0003,2p5inchStickout/F_12-Jun-2017_rpm570_doc0p010,test,42,4,cv_evaluation,no_chatter,0,0.037113838,8
turning,cnn_ae,global_mae,2p5inchStickout_F_12-Jun-2017_rpm570_doc0p010_window_0004,2p5inchStickout/F_12-Jun-2017_rpm570_doc0p010,train,42,4,cv_evaluation,no_chatter,0,0.036559474,8
turning,cnn_ae,global_mae,2p5inchStickout_F_12-Jun-2017_rpm570_doc0p010_window_0005,2p5inchStickout/F_12-Jun-2017_rpm570_doc0p010,train,42,4,cv_evaluation,no_chatter,0,0.038976103,8
turning,cnn_ae,global_mae,2p5inchStickout_F_12-Jun-2017_rpm570_doc0p010_window_0006,2p5inchStickout/F_12-Jun-2017_rpm570_doc0p010,test,42,4,cv_evaluation,no_chatter,0,0.044445522,8
turning,cnn_ae,global_mae,2p5inchStickout_F_12-Jun-2017_rpm570_doc0p010_window_0007,2p5inchStickout/F_12-Jun-2017_rpm570_doc0p010,train,42,4,cv_evaluation,no_chatter,0,0.03899651,8
turning,cnn_ae,global_mae,2p5inchStickout_F_12-Jun-2017_rpm570_doc0p010_window_0008,2p5inchStickout/F_12-Jun-2017_rpm570_doc0p010,train,42,4,cv_evaluation,no_chatter,0,0.037773415,8
turning,cnn_ae,global_mae,2p5inchStickout_F_12-Jun-2017_rpm570_doc0p010_window_0009,2p5inchStickout/F_12-Jun-2017_rpm570_doc0p010,test,42,4,cv_evaluation,no_chatter,0,0.036786765,8
turning,cnn_ae,global_mae,3p5inchStickout_F_14-Jun-2017_rpm770_doc0p005_window_0000,3p5inchStickout/F_14-Jun-2017_rpm770_doc0p005,validation,42,4,cv_evaluation,no_chatter,0,0.006864244,8
turning,cnn_ae,global_mae,3p5inchStickout_F_14-Jun-2017_rpm770_doc0p005_window_0001,3p5inchStickout/F_14-Jun-2017_rpm770_doc0p005,train,42,4,cv_evaluation,no_chatter,0,0.021288449,8
turning,cnn_ae,global_mae,3p5inchStickout_F_14-Jun-2017_rpm770_doc0p005_window_0002,3p5inchStickout/F_14-Jun-2017_rpm770_doc0p005,train,42,4,cv_evaluation,no_chatter,0,0.039649762,8
turning,cnn_ae,global_mae,3p5inchStickout_F_14-Jun-2017_rpm770_doc0p005_window_0003,3p5inchStickout/F_14-Jun-2017_rpm770_doc0p005,train,42,4,cv_evaluation,no_chatter,0,0.03976471,8
turning,cnn_ae,global_mae,4p5inchStickout_F_12-Jun-2017_rpm570_doc0p015_window_0000,4p5inchStickout/F_12-Jun-2017_rpm570_doc0p015,train,42,4,cv_evaluation,no_chatter,0,0.005076088,8
turning,cnn_ae,global_mae,4p5inchStickout_F_12-Jun-2017_rpm570_doc0p015_window_0001,4p5inchStickout/F_12-Jun-2017_rpm570_doc0p015,train,42,4,cv_evaluation,no_chatter,0,0.0049833125,8
turning,cnn_ae,global_mae,4p5inchStickout_F_12-Jun-2017_rpm570_doc0p015_window_0002,4p5inchStickout/F_12-Jun-2017_rpm570_doc0p015,train,42,4,cv_evaluation,no_chatter,0,0.004948289,8
turning,cnn_ae,global_mae,4p5inchStickout_F_12-Jun-2017_rpm570_doc0p015_window_0003,4p5inchStickout/F_12-Jun-2017_rpm570_doc0p015,train,42,4,cv_evaluation,no_chatter,0,0.005047963,8
turning,cnn_ae,global_mae,4p5inchStickout_F_12-Jun-2017_rpm570_doc0p015_window_0004,4p5inchStickout/F_12-Jun-2017_rpm570_doc0p015,train,42,4,cv_evaluation,no_chatter,0,0.00963934,8
turning,cnn_ae,global_mae,4p5inchStickout_F_12-Jun-2017_rpm570_doc0p015_window_0005,4p5inchStickout/F_12-Jun-2017_rpm570_doc0p015,train,42,4,cv_evaluation,no_chatter,0,0.036250267,8
turning,cnn_ae,global_mae,4p5inchStickout_F_12-Jun-2017_rpm570_doc0p015_window_0006,4p5inchStickout/F_12-Jun-2017_rpm570_doc0p015,train,42,4,cv_evaluation,no_chatter,0,0.034126595,8
turning,cnn_ae,global_mae,4p5inchStickout_F_12-Jun-2017_rpm570_doc0p015_window_0007,4p5inchStickout/F_12-Jun-2017_rpm570_doc0p015,train,42,4,cv_evaluation,no_chatter,0,0.038171865,8
turning,cnn_ae,global_mae,4p5inchStickout_F_12-Jun-2017_rpm570_doc0p015_window_0008,4p5inchStickout/F_12-Jun-2017_rpm570_doc0p015,train,42,4,cv_evaluation,no_chatter,0,0.038143504,8
turning,cnn_ae,global_mae,4p5inchStickout_F_12-Jun-2017_rpm570_doc0p015_window_0009,4p5inchStickout/F_12-Jun-2017_rpm570_doc0p015,train,42,4,cv_evaluation,no_chatter,0,0.043681756,8
turning,cnn_ae,global_mae,4p5inchStickout_F_12-Jun-2017_rpm570_doc0p015_window_0010,4p5inchStickout/F_12-Jun-2017_rpm570_doc0p015,train,42,4,cv_evaluation,no_chatter,0,0.04468198,8
turning,cnn_ae,global_mae,4p5inchStickout_F_12-Jun-2017_rpm570_doc0p015_window_0011,4p5inchStickout/F_12-Jun-2017_rpm570_doc0p015,train,42,4,cv_evaluation,no_chatter,0,0.043254193,8
turning,cnn_ae,global_mae,4p5inchStickout_F_12-Jun-2017_rpm570_doc0p025_window_0000,4p5inchStickout/F_12-Jun-2017_rpm570_doc0p025,train,42,4,cv_evaluation,no_chatter,0,0.005258929,8
turning,cnn_ae,global_mae,4p5inchStickout_F_12-Jun-2017_rpm570_doc0p025_window_0001,4p5inchStickout/F_12-Jun-2017_rpm570_doc0p025,train,42,4,cv_evaluation,no_chatter,0,0.0052406215,8
turning,cnn_ae,global_mae,4p5inchStickout_F_12-Jun-2017_rpm570_doc0p025_window_0002,4p5inchStickout/F_12-Jun-2017_rpm570_doc0p025,train,42,4,cv_evaluation,no_chatter,0,0.0051974133,8
turning,cnn_ae,global_mae,4p5inchStickout_F_12-Jun-2017_rpm570_doc0p025_window_0003,4p5inchStickout/F_12-Jun-2017_rpm570_doc0p025,train,42,4,cv_evaluation,no_chatter,0,0.0051412657,8
turning,cnn_ae,global_mae,4p5inchStickout_F_12-Jun-2017_rpm570_doc0p025_window_0004,4p5inchStickout/F_12-Jun-2017_rpm570_doc0p025,train,42,4,cv_evaluation,no_chatter,0,0.013340856,8
turning,cnn_ae,global_mae,4p5inchStickout_F_12-Jun-2017_rpm570_doc0p025_window_0005,4p5inchStickout/F_12-Jun-2017_rpm570_doc0p025,train,42,4,cv_evaluation,no_chatter,0,0.035830285,8
turning,cnn_ae,global_mae,4p5inchStickout_F_12-Jun-2017_rpm570_doc0p025_window_0006,4p5inchStickout/F_12-Jun-2017_rpm570_doc0p025,test,42,4,cv_evaluation,no_chatter,0,0.038651958,8
turning,cnn_ae,global_mae,4p5inchStickout_F_12-Jun-2017_rpm570_doc0p025_window_0007,4p5inchStickout/F_12-Jun-2017_rpm570_doc0p025,train,42,4,cv_evaluation,no_chatter,0,0.041212395,8
turning,cnn_ae,global_mae,4p5inchStickout_F_12-Jun-2017_rpm570_doc0p025_window_0008,4p5inchStickout/F_12-Jun-2017_rpm570_doc0p025,train,42,4,cv_evaluation,no_chatter,0,0.041587315,8
turning,cnn_ae,global_mae,4p5inchStickout_F_12-Jun-2017_rpm570_doc0p025_window_0009,4p5inchStickout/F_12-Jun-2017_rpm570_doc0p025,train,42,4,cv_evaluation,no_chatter,0,0.044896223,8
turning,cnn_ae,global_mae,4p5inchStickout_F_12-Jun-2017_rpm570_doc0p025_window_0010,4p5inchStickout/F_12-Jun-2017_rpm570_doc0p025,train,42,4,cv_evaluation,no_chatter,0,0.044894304,8
turning,cnn_ae,global_mae,4p5inchStickout_F_12-Jun-2017_rpm570_doc0p025_window_0011,4p5inchStickout/F_12-Jun-2017_rpm570_doc0p025,train,42,4,cv_evaluation,no_chatter,0,0.04531478,8
turning,cnn_ae,global_mae,4p5inchStickout_F_13-Jun-2017_rpm1030_doc0p010_window_0000,4p5inchStickout/F_13-Jun-2017_rpm1030_doc0p010,train,42,4,cv_evaluation,no_chatter,0,0.0059186774,8
turning,cnn_ae,global_mae,4p5inchStickout_F_13-Jun-2017_rpm1030_doc0p010_window_0001,4p5inchStickout/F_13-Jun-2017_rpm1030_doc0p010,test,42,4,cv_evaluation,no_chatter,0,0.059528183,8
turning,cnn_ae,global_mae,4p5inchStickout_F_13-Jun-2017_rpm1030_doc0p010_window_0002,4p5inchStickout/F_13-Jun-2017_rpm1030_doc0p010,train,42,4,cv_evaluation,no_chatter,0,0.057333376,8
turning,cnn_ae,global_mae,4p5inchStickout_F_13-Jun-2017_rpm1030_doc0p010_window_0003,4p5inchStickout/F_13-Jun-2017_rpm1030_doc0p010,train,42,4,cv_evaluation,no_chatter,0,0.058111534,8
turning,cnn_ae,global_mae,4p5inchStickout_F_13-Jun-2017_rpm1030_doc0p013_window_0000,4p5inchStickout/F_13-Jun-2017_rpm1030_doc0p013,test,42,4,cv_evaluation,no_chatter,0,0.0058753993,8
turning,cnn_ae,global_mae,4p5inchStickout_F_13-Jun-2017_rpm1030_doc0p013_window_0001,4p5inchStickout/F_13-Jun-2017_rpm1030_doc0p013,train,42,4,cv_evaluation,no_chatter,0,0.056236316,8
turning,cnn_ae,global_mae,4p5inchStickout_F_13-Jun-2017_rpm1030_doc0p013_window_0002,4p5inchStickout/F_13-Jun-2017_rpm1030_doc0p013,test,42,4,cv_evaluation,no_chatter,0,0.057694834,8
turning,cnn_ae,global_mae,4p5inchStickout_F_13-Jun-2017_rpm1030_doc0p013_window_0003,4p5inchStickout/F_13-Jun-2017_rpm1030_doc0p013,train,42,4,cv_evaluation,no_chatter,0,0.057126205,8
turning,cnn_ae,global_mae,4p5inchStickout_F_13-Jun-2017_rpm770_doc0p020_window_0000,4p5inchStickout/F_13-Jun-2017_rpm770_doc0p020,train,42,4,cv_evaluation,no_chatter,0,0.0056269905,8
turning,cnn_ae,global_mae,4p5inchStickout_F_13-Jun-2017_rpm770_doc0p020_window_0001,4p5inchStickout/F_13-Jun-2017_rpm770_doc0p020,train,42,4,cv_evaluation,no_chatter,0,0.010152057,8
turning,cnn_ae,global_mae,4p5inchStickout_F_13-Jun-2017_rpm770_doc0p020_window_0002,4p5inchStickout/F_13-Jun-2017_rpm770_doc0p020,test,42,4,cv_evaluation,no_chatter,0,0.043056756,8
turning,cnn_ae,global_mae,4p5inchStickout_F_13-Jun-2017_rpm770_doc0p020_window_0003,4p5inchStickout/F_13-Jun-2017_rpm770_doc0p020,train,42,4,cv_evaluation,no_chatter,0,0.0526477,8
turning,cnn_ae,global_mae,4p5inchStickout_F_13-Jun-2017_rpm770_doc0p020_window_0004,4p5inchStickout/F_13-Jun-2017_rpm770_doc0p020,train,42,4,cv_evaluation,no_chatter,0,0.050667915,8
turning,cnn_ae,global_mae,4p5inchStickout_F_13-Jun-2017_rpm770_doc0p020_window_0005,4p5inchStickout/F_13-Jun-2017_rpm770_doc0p020,train,42,4,cv_evaluation,no_chatter,0,0.051019564,8
turning,cnn_ae,ver_max,2inchStickout_F_08-Jun-2017_rpm320_doc0p005_window_0000,2inchStickout/F_08-Jun-2017_rpm320_doc0p005,train,42,4,cv_evaluation,no_chatter,0,0.00046494155,8
turning,cnn_ae,ver_max,2inchStickout_F_08-Jun-2017_rpm320_doc0p005_window_0001,2inchStickout/F_08-Jun-2017_rpm320_doc0p005,train,42,4,cv_evaluation,no_chatter,0,0.00041414917,8
turning,cnn_ae,ver_max,2inchStickout_F_08-Jun-2017_rpm320_doc0p005_window_0002,2inchStickout/F_08-Jun-2017_rpm320_doc0p005,train,42,4,cv_evaluation,no_chatter,0,0.00036549877,8
turning,cnn_ae,ver_max,2inchStickout_F_08-Jun-2017_rpm320_doc0p005_window_0003,2inchStickout/F_08-Jun-2017_rpm320_doc0p005,train,42,4,cv_evaluation,no_chatter,0,0.00036573957,8
turning,cnn_ae,ver_max,2inchStickout_F_08-Jun-2017_rpm320_doc0p005_window_0004,2inchStickout/F_08-Jun-2017_rpm320_doc0p005,train,42,4,cv_evaluation,no_chatter,0,0.0011365727,8
turning,cnn_ae,ver_max,2inchStickout_F_08-Jun-2017_rpm320_doc0p005_window_0005,2inchStickout/F_08-Jun-2017_rpm320_doc0p005,validation,42,4,cv_evaluation,no_chatter,0,0.014608853,8
turning,cnn_ae,ver_max,2inchStickout_F_08-Jun-2017_rpm320_doc0p005_window_0006,2inchStickout/F_08-Jun-2017_rpm320_doc0p005,validation,42,4,cv_evaluation,chatter,1,0.015379161,8
turning,cnn_ae,ver_max,2inchStickout_F_08-Jun-2017_rpm320_doc0p005_window_0007,2inchStickout/F_08-Jun-2017_rpm320_doc0p005,validation,42,4,cv_evaluation,chatter,1,0.013182117,8
turning,cnn_ae,ver_max,2inchStickout_F_08-Jun-2017_rpm320_doc0p005_window_0008,2inchStickout/F_08-Jun-2017_rpm320_doc0p005,validation,42,4,cv_evaluation,chatter,1,0.013762649,8
turning,cnn_ae,ver_max,2inchStickout_F_08-Jun-2017_rpm320_doc0p005_window_0009,2inchStickout/F_08-Jun-2017_rpm320_doc0p005,validation,42,4,cv_evaluation,chatter,1,0.01452328,8
turning,cnn_ae,ver_max,2inchStickout_F_08-Jun-2017_rpm320_doc0p005_window_0010,2inchStickout/F_08-Jun-2017_rpm320_doc0p005,validation,42,4,cv_evaluation,chatter,1,0.01100538,8
turning,cnn_ae,ver_max,2inchStickout_F_08-Jun-2017_rpm320_doc0p005_window_0011,2inchStickout/F_08-Jun-2017_rpm320_doc0p005,validation,42,4,cv_evaluation,chatter,1,0.008918274,8
turning,cnn_ae,ver_max,2inchStickout_F_08-Jun-2017_rpm320_doc0p005_window_0012,2inchStickout/F_08-Jun-2017_rpm320_doc0p005,train,42,4,cv_evaluation,no_chatter,0,0.008067494,8
turning,cnn_ae,ver_max,2inchStickout_F_08-Jun-2017_rpm320_doc0p005_window_0013,2inchStickout/F_08-Jun-2017_rpm320_doc0p005,train,42,4,cv_evaluation,no_chatter,0,0.004693847,8
turning,cnn_ae,ver_max,2inchStickout_F_08-Jun-2017_rpm320_doc0p005_window_0014,2inchStickout/F_08-Jun-2017_rpm320_doc0p005,train,42,4,cv_evaluation,no_chatter,0,0.001992945,8
turning,cnn_ae,ver_max,2inchStickout_F_08-Jun-2017_rpm320_doc0p005_window_0015,2inchStickout/F_08-Jun-2017_rpm320_doc0p005,train,42,4,cv_evaluation,no_chatter,0,0.002247384,8
turning,cnn_ae,ver_max,2inchStickout_F_08-Jun-2017_rpm320_doc0p005_window_0016,2inchStickout/F_08-Jun-2017_rpm320_doc0p005,train,42,4,cv_evaluation,no_chatter,0,0.002133056,8
turning,cnn_ae,ver_max,2inchStickout_F_08-Jun-2017_rpm320_doc0p005_window_0017,2inchStickout/F_08-Jun-2017_rpm320_doc0p005,train,42,4,cv_evaluation,no_chatter,0,0.001970171,8
turning,cnn_ae,ver_max,2inchStickout_F_08-Jun-2017_rpm320_doc0p005_window_0018,2inchStickout/F_08-Jun-2017_rpm320_doc0p005,train,42,4,cv_evaluation,no_chatter,0,0.0022942773,8
turning,cnn_ae,ver_max,2inchStickout_F_08-Jun-2017_rpm320_doc0p005_window_0019,2inchStickout/F_08-Jun-2017_rpm320_doc0p005,train,42,4,cv_evaluation,no_chatter,0,0.0021012633,8
turning,cnn_ae,ver_max,2inchStickout_F_08-Jun-2017_rpm320_doc0p005_window_0020,2inchStickout/F_08-Jun-2017_rpm320_doc0p005,train,42,4,cv_evaluation,no_chatter,0,0.0018161159,8
turning,cnn_ae,ver_max,2inchStickout_F_08-Jun-2017_rpm320_doc0p005_window_0021,2inchStickout/F_08-Jun-2017_rpm320_doc0p005,train,42,4,cv_evaluation,no_chatter,0,0.008724279,8
turning,cnn_ae,ver_max,2inchStickout_F_08-Jun-2017_rpm320_doc0p005_window_0022,2inchStickout/F_08-Jun-2017_rpm320_doc0p005,train,42,4,cv_evaluation,no_chatter,0,0.010532094,8
turning,cnn_ae,ver_max,2inchStickout_F_08-Jun-2017_rpm320_doc0p005_window_0023,2inchStickout/F_08-Jun-2017_rpm320_doc0p005,train,42,4,cv_evaluation,no_chatter,0,0.0062932265,8
turning,cnn_ae,ver_max,2inchStickout_F_08-Jun-2017_rpm320_doc0p030_window_0000,2inchStickout/F_08-Jun-2017_rpm320_doc0p030,train,42,4,cv_evaluation,no_chatter,0,0.00030637486,8
turning,cnn_ae,ver_max,2inchStickout_F_08-Jun-2017_rpm320_doc0p030_window_0001,2inchStickout/F_08-Jun-2017_rpm320_doc0p030,train,42,4,cv_evaluation,no_chatter,0,0.00029371187,8
turning,cnn_ae,ver_max,2inchStickout_F_08-Jun-2017_rpm320_doc0p030_window_0002,2inchStickout/F_08-Jun-2017_rpm320_doc0p030,train,42,4,cv_evaluation,no_chatter,0,0.0002765308,8
turning,cnn_ae,ver_max,2inchStickout_F_08-Jun-2017_rpm320_doc0p030_window_0003,2inchStickout/F_08-Jun-2017_rpm320_doc0p030,train,42,4,cv_evaluation,no_chatter,0,0.003449506,8
turning,cnn_ae,ver_max,2inchStickout_F_08-Jun-2017_rpm320_doc0p030_window_0004,2inchStickout/F_08-Jun-2017_rpm320_doc0p030,train,42,4,cv_evaluation,no_chatter,0,0.0017434941,8
turning,cnn_ae,ver_max,2inchStickout_F_08-Jun-2017_rpm320_doc0p030_window_0005,2inchStickout/F_08-Jun-2017_rpm320_doc0p030,train,42,4,cv_evaluation,no_chatter,0,0.0007379748,8
turning,cnn_ae,ver_max,2inchStickout_F_08-Jun-2017_rpm320_doc0p030_window_0006,2inchStickout/F_08-Jun-2017_rpm320_doc0p030,train,42,4,cv_evaluation,no_chatter,0,0.0010131577,8
turning,cnn_ae,ver_max,2inchStickout_F_08-Jun-2017_rpm320_doc0p030_window_0007,2inchStickout/F_08-Jun-2017_rpm320_doc0p030,train,42,4,cv_evaluation,no_chatter,0,0.0015197634,8
turning,cnn_ae,ver_max,2inchStickout_F_08-Jun-2017_rpm320_doc0p030_window_0008,2inchStickout/F_08-Jun-2017_rpm320_doc0p030,train,42,4,cv_evaluation,no_chatter,0,0.0011070588,8
turning,cnn_ae,ver_max,2inchStickout_F_08-Jun-2017_rpm320_doc0p030_window_0009,2inchStickout/F_08-Jun-2017_rpm320_doc0p030,train,42,4,cv_evaluation,no_chatter,0,0.0009701089,8
turning,cnn_ae,ver_max,2inchStickout_F_08-Jun-2017_rpm320_doc0p030_window_0010,2inchStickout/F_08-Jun-2017_rpm320_doc0p030,train,42,4,cv_evaluation,no_chatter,0,0.0011793319,8
turning,cnn_ae,ver_max,2inchStickout_F_08-Jun-2017_rpm320_doc0p030_window_0011,2inchStickout/F_08-Jun-2017_rpm320_doc0p030,validation,42,4,cv_evaluation,no_chatter,0,0.0016280472,8
turning,cnn_ae,ver_max,2inchStickout_F_08-Jun-2017_rpm320_doc0p030_window_0012,2inchStickout/F_08-Jun-2017_rpm320_doc0p030,validation,42,4,cv_evaluation,no_chatter,0,0.00088115875,8
turning,cnn_ae,ver_max,2inchStickout_F_08-Jun-2017_rpm320_doc0p030_window_0013,2inchStickout/F_08-Jun-2017_rpm320_doc0p030,train,42,4,cv_evaluation,no_chatter,0,0.0015285785,8
turning,cnn_ae,ver_max,2inchStickout_F_08-Jun-2017_rpm320_doc0p030_window_0014,2inchStickout/F_08-Jun-2017_rpm320_doc0p030,train,42,4,cv_evaluation,no_chatter,0,0.002962192,8
turning,cnn_ae,ver_max,2inchStickout_F_08-Jun-2017_rpm320_doc0p030_window_0015,2inchStickout/F_08-Jun-2017_rpm320_doc0p030,train,42,4,cv_evaluation,no_chatter,0,0.0021300546,8
turning,cnn_ae,ver_max,2inchStickout_F_08-Jun-2017_rpm320_doc0p030_window_0016,2inchStickout/F_08-Jun-2017_rpm320_doc0p030,train,42,4,cv_evaluation,no_chatter,0,0.0017255904,8
turning,cnn_ae,ver_max,2inchStickout_F_08-Jun-2017_rpm320_doc0p030_window_0017,2inchStickout/F_08-Jun-2017_rpm320_doc0p030,train,42,4,cv_evaluation,no_chatter,0,0.0028500925,8
turning,cnn_ae,ver_max,2inchStickout_F_08-Jun-2017_rpm320_doc0p030_window_0018,2inchStickout/F_08-Jun-2017_rpm320_doc0p030,train,42,4,cv_evaluation,no_chatter,0,0.002695478,8
turning,cnn_ae,ver_max,2inchStickout_F_08-Jun-2017_rpm320_doc0p030_window_0019,2inchStickout/F_08-Jun-2017_rpm320_doc0p030,validation,42,4,cv_evaluation,no_chatter,0,0.00400038,8
turning,cnn_ae,ver_max,2inchStickout_F_08-Jun-2017_rpm320_doc0p030_window_0020,2inchStickout/F_08-Jun-2017_rpm320_doc0p030,validation,42,4,cv_evaluation,no_chatter,0,0.005084911,8
turning,cnn_ae,ver_max,2inchStickout_F_08-Jun-2017_rpm320_doc0p030_window_0021,2inchStickout/F_08-Jun-2017_rpm320_doc0p030,train,42,4,cv_evaluation,no_chatter,0,0.0053713378,8
turning,cnn_ae,ver_max,2inchStickout_F_08-Jun-2017_rpm320_doc0p030_window_0022,2inchStickout/F_08-Jun-2017_rpm320_doc0p030,train,42,4,cv_evaluation,no_chatter,0,0.0058669406,8
turning,cnn_ae,ver_max,2inchStickout_F_08-Jun-2017_rpm320_doc0p030_window_0023,2inchStickout/F_08-Jun-2017_rpm320_doc0p030,train,42,4,cv_evaluation,no_chatter,0,0.0059794364,8
turning,cnn_ae,ver_max,2inchStickout_F_08-Jun-2017_rpm425_doc0p017_window_0000,2inchStickout/F_08-Jun-2017_rpm425_doc0p017,train,42,4,cv_evaluation,no_chatter,0,0.00037121854,8
turning,cnn_ae,ver_max,2inchStickout_F_08-Jun-2017_rpm425_doc0p017_window_0001,2inchStickout/F_08-Jun-2017_rpm425_doc0p017,train,42,4,cv_evaluation,no_chatter,0,0.00090636645,8
turning,cnn_ae,ver_max,2inchStickout_F_08-Jun-2017_rpm425_doc0p017_window_0002,2inchStickout/F_08-Jun-2017_rpm425_doc0p017,validation,42,4,cv_evaluation,no_chatter,0,0.001331489,8
turning,cnn_ae,ver_max,2inchStickout_F_08-Jun-2017_rpm425_doc0p017_window_0003,2inchStickout/F_08-Jun-2017_rpm425_doc0p017,validation,42,4,cv_evaluation,no_chatter,0,0.003193166,8
turning,cnn_ae,ver_max,2inchStickout_F_08-Jun-2017_rpm425_doc0p017_window_0004,2inchStickout/F_08-Jun-2017_rpm425_doc0p017,validation,42,4,cv_evaluation,no_chatter,0,0.011999431,8
turning,cnn_ae,ver_max,2inchStickout_F_08-Jun-2017_rpm425_doc0p017_window_0005,2inchStickout/F_08-Jun-2017_rpm425_doc0p017,validation,42,4,cv_evaluation,no_chatter,0,0.006248362,8
turning,cnn_ae,ver_max,2inchStickout_F_08-Jun-2017_rpm425_doc0p017_window_0006,2inchStickout/F_08-Jun-2017_rpm425_doc0p017,train,42,4,cv_evaluation,no_chatter,0,0.003934722,8
turning,cnn_ae,ver_max,2inchStickout_F_08-Jun-2017_rpm425_doc0p017_window_0007,2inchStickout/F_08-Jun-2017_rpm425_doc0p017,train,42,4,cv_evaluation,no_chatter,0,0.014785809,8
turning,cnn_ae,ver_max,2inchStickout_F_08-Jun-2017_rpm570_doc0p010_window_0000,2inchStickout/F_08-Jun-2017_rpm570_doc0p010,test,42,4,cv_evaluation,no_chatter,0,0.00046195104,8
turning,cnn_ae,ver_max,2inchStickout_F_08-Jun-2017_rpm570_doc0p010_window_0001,2inchStickout/F_08-Jun-2017_rpm570_doc0p010,test,42,4,cv_evaluation,no_chatter,0,0.008237237,8
turning,cnn_ae,ver_max,2inchStickout_F_08-Jun-2017_rpm570_doc0p010_window_0002,2inchStickout/F_08-Jun-2017_rpm570_doc0p010,test,42,4,cv_evaluation,chatter,1,0.011803962,8
turning,cnn_ae,ver_max,2inchStickout_F_08-Jun-2017_rpm570_doc0p010_window_0003,2inchStickout/F_08-Jun-2017_rpm570_doc0p010,test,42,4,cv_evaluation,chatter,1,0.013274099,8
turning,cnn_ae,ver_max,2inchStickout_F_08-Jun-2017_rpm570_doc0p010_window_0004,2inchStickout/F_08-Jun-2017_rpm570_doc0p010,test,42,4,cv_evaluation,chatter,1,0.014501272,8
turning,cnn_ae,ver_max,2inchStickout_F_08-Jun-2017_rpm570_doc0p010_window_0005,2inchStickout/F_08-Jun-2017_rpm570_doc0p010,test,42,4,cv_evaluation,chatter,1,0.020621495,8
turning,cnn_ae,ver_max,2inchStickout_F_08-Jun-2017_rpm770_doc0p002_window_0000,2inchStickout/F_08-Jun-2017_rpm770_doc0p002,train,42,4,cv_evaluation,no_chatter,0,0.00064880686,8
turning,cnn_ae,ver_max,2inchStickout_F_08-Jun-2017_rpm770_doc0p002_window_0001,2inchStickout/F_08-Jun-2017_rpm770_doc0p002,validation,42,4,cv_evaluation,chatter,1,0.023119433,8
turning,cnn_ae,ver_max,2inchStickout_F_08-Jun-2017_rpm770_doc0p002_window_0002,2inchStickout/F_08-Jun-2017_rpm770_doc0p002,validation,42,4,cv_evaluation,chatter,1,0.027800348,8
turning,cnn_ae,ver_max,2inchStickout_F_08-Jun-2017_rpm770_doc0p002_window_0003,2inchStickout/F_08-Jun-2017_rpm770_doc0p002,train,42,4,cv_evaluation,no_chatter,0,0.012570339,8
turning,cnn_ae,ver_max,2inchStickout_F_08-Jun-2017_rpm770_doc0p002_window_0004,2inchStickout/F_08-Jun-2017_rpm770_doc0p002,validation,42,4,cv_evaluation,chatter,1,0.010768202,8
turning,cnn_ae,ver_max,2inchStickout_F_08-Jun-2017_rpm770_doc0p002_window_0005,2inchStickout/F_08-Jun-2017_rpm770_doc0p002,train,42,4,cv_evaluation,no_chatter,0,0.01063867,8
turning,cnn_ae,ver_max,2inchStickout_F_08-Jun-2017_rpm770_doc0p002_window_0006,2inchStickout/F_08-Jun-2017_rpm770_doc0p002,train,42,4,cv_evaluation,no_chatter,0,0.04015332,8
turning,cnn_ae,ver_max,2inchStickout_F_08-Jun-2017_rpm770_doc0p002_window_0007,2inchStickout/F_08-Jun-2017_rpm770_doc0p002,validation,42,4,cv_evaluation,chatter,1,0.030740533,8
turning,cnn_ae,ver_max,2p5inchStickout_F_12-Jun-2017_rpm570_doc0p005_window_0000,2p5inchStickout/F_12-Jun-2017_rpm570_doc0p005,test,42,4,cv_evaluation,no_chatter,0,0.00046199205,8
turning,cnn_ae,ver_max,2p5inchStickout_F_12-Jun-2017_rpm570_doc0p005_window_0001,2p5inchStickout/F_12-Jun-2017_rpm570_doc0p005,train,42,4,cv_evaluation,no_chatter,0,0.006066956,8
turning,cnn_ae,ver_max,2p5inchStickout_F_12-Jun-2017_rpm570_doc0p005_window_0002,2p5inchStickout/F_12-Jun-2017_rpm570_doc0p005,train,42,4,cv_evaluation,no_chatter,0,0.0037175992,8
turning,cnn_ae,ver_max,2p5inchStickout_F_12-Jun-2017_rpm570_doc0p005_window_0003,2p5inchStickout/F_12-Jun-2017_rpm570_doc0p005,train,42,4,cv_evaluation,no_chatter,0,0.0040134056,8
turning,cnn_ae,ver_max,2p5inchStickout_F_12-Jun-2017_rpm570_doc0p005_window_0004,2p5inchStickout/F_12-Jun-2017_rpm570_doc0p005,test,42,4,cv_evaluation,no_chatter,0,0.0069077015,8
turning,cnn_ae,ver_max,2p5inchStickout_F_12-Jun-2017_rpm570_doc0p005_window_0005,2p5inchStickout/F_12-Jun-2017_rpm570_doc0p005,train,42,4,cv_evaluation,no_chatter,0,0.009621482,8
turning,cnn_ae,ver_max,2p5inchStickout_F_12-Jun-2017_rpm570_doc0p005_window_0006,2p5inchStickout/F_12-Jun-2017_rpm570_doc0p005,train,42,4,cv_evaluation,no_chatter,0,0.004260591,8
turning,cnn_ae,ver_max,2p5inchStickout_F_12-Jun-2017_rpm570_doc0p005_window_0007,2p5inchStickout/F_12-Jun-2017_rpm570_doc0p005,train,42,4,cv_evaluation,no_chatter,0,0.0035114351,8
turning,cnn_ae,ver_max,2p5inchStickout_F_12-Jun-2017_rpm570_doc0p005_window_0008,2p5inchStickout/F_12-Jun-2017_rpm570_doc0p005,test,42,4,cv_evaluation,no_chatter,0,0.011850904,8
turning,cnn_ae,ver_max,2p5inchStickout_F_12-Jun-2017_rpm570_doc0p005_window_0009,2p5inchStickout/F_12-Jun-2017_rpm570_doc0p005,train,42,4,cv_evaluation,no_chatter,0,0.010150576,8
turning,cnn_ae,ver_max,2p5inchStickout_F_12-Jun-2017_rpm570_doc0p010_window_0000,2p5inchStickout/F_12-Jun-2017_rpm570_doc0p010,train,42,4,cv_evaluation,no_chatter,0,0.0021357534,8
turning,cnn_ae,ver_max,2p5inchStickout_F_12-Jun-2017_rpm570_doc0p010_window_0001,2p5inchStickout/F_12-Jun-2017_rpm570_doc0p010,train,42,4,cv_evaluation,no_chatter,0,0.0063050273,8
turning,cnn_ae,ver_max,2p5inchStickout_F_12-Jun-2017_rpm570_doc0p010_window_0002,2p5inchStickout/F_12-Jun-2017_rpm570_doc0p010,train,42,4,cv_evaluation,no_chatter,0,0.0037969959,8
turning,cnn_ae,ver_max,2p5inchStickout_F_12-Jun-2017_rpm570_doc0p010_window_0003,2p5inchStickout/F_12-Jun-2017_rpm570_doc0p010,test,42,4,cv_evaluation,no_chatter,0,0.0032443958,8
turning,cnn_ae,ver_max,2p5inchStickout_F_12-Jun-2017_rpm570_doc0p010_window_0004,2p5inchStickout/F_12-Jun-2017_rpm570_doc0p010,train,42,4,cv_evaluation,no_chatter,0,0.0032114533,8
turning,cnn_ae,ver_max,2p5inchStickout_F_12-Jun-2017_rpm570_doc0p010_window_0005,2p5inchStickout/F_12-Jun-2017_rpm570_doc0p010,train,42,4,cv_evaluation,no_chatter,0,0.0039150375,8
turning,cnn_ae,ver_max,2p5inchStickout_F_12-Jun-2017_rpm570_doc0p010_window_0006,2p5inchStickout/F_12-Jun-2017_rpm570_doc0p010,test,42,4,cv_evaluation,no_chatter,0,0.0053470326,8
turning,cnn_ae,ver_max,2p5inchStickout_F_12-Jun-2017_rpm570_doc0p010_window_0007,2p5inchStickout/F_12-Jun-2017_rpm570_doc0p010,train,42,4,cv_evaluation,no_chatter,0,0.0041354517,8
turning,cnn_ae,ver_max,2p5inchStickout_F_12-Jun-2017_rpm570_doc0p010_window_0008,2p5inchStickout/F_12-Jun-2017_rpm570_doc0p010,train,42,4,cv_evaluation,no_chatter,0,0.0037151747,8
turning,cnn_ae,ver_max,2p5inchStickout_F_12-Jun-2017_rpm570_doc0p010_window_0009,2p5inchStickout/F_12-Jun-2017_rpm570_doc0p010,test,42,4,cv_evaluation,no_chatter,0,0.003519611,8
turning,cnn_ae,ver_max,3p5inchStickout_F_14-Jun-2017_rpm770_doc0p005_window_0000,3p5inchStickout/F_14-Jun-2017_rpm770_doc0p005,validation,42,4,cv_evaluation,no_chatter,0,0.0004670008,8
turning,cnn_ae,ver_max,3p5inchStickout_F_14-Jun-2017_rpm770_doc0p005_window_0001,3p5inchStickout/F_14-Jun-2017_rpm770_doc0p005,train,42,4,cv_evaluation,no_chatter,0,0.008175675,8
turning,cnn_ae,ver_max,3p5inchStickout_F_14-Jun-2017_rpm770_doc0p005_window_0002,3p5inchStickout/F_14-Jun-2017_rpm770_doc0p005,train,42,4,cv_evaluation,no_chatter,0,0.0039427993,8
turning,cnn_ae,ver_max,3p5inchStickout_F_14-Jun-2017_rpm770_doc0p005_window_0003,3p5inchStickout/F_14-Jun-2017_rpm770_doc0p005,train,42,4,cv_evaluation,no_chatter,0,0.004815227,8
turning,cnn_ae,ver_max,4p5inchStickout_F_12-Jun-2017_rpm570_doc0p015_window_0000,4p5inchStickout/F_12-Jun-2017_rpm570_doc0p015,train,42,4,cv_evaluation,no_chatter,0,0.00033640946,8
turning,cnn_ae,ver_max,4p5inchStickout_F_12-Jun-2017_rpm570_doc0p015_window_0001,4p5inchStickout/F_12-Jun-2017_rpm570_doc0p015,train,42,4,cv_evaluation,no_chatter,0,0.00033492042,8
turning,cnn_ae,ver_max,4p5inchStickout_F_12-Jun-2017_rpm570_doc0p015_window_0002,4p5inchStickout/F_12-Jun-2017_rpm570_doc0p015,train,42,4,cv_evaluation,no_chatter,0,0.00033848648,8
turning,cnn_ae,ver_max,4p5inchStickout_F_12-Jun-2017_rpm570_doc0p015_window_0003,4p5inchStickout/F_12-Jun-2017_rpm570_doc0p015,train,42,4,cv_evaluation,no_chatter,0,0.00035169898,8
turning,cnn_ae,ver_max,4p5inchStickout_F_12-Jun-2017_rpm570_doc0p015_window_0004,4p5inchStickout/F_12-Jun-2017_rpm570_doc0p015,train,42,4,cv_evaluation,no_chatter,0,0.0035238038,8
turning,cnn_ae,ver_max,4p5inchStickout_F_12-Jun-2017_rpm570_doc0p015_window_0005,4p5inchStickout/F_12-Jun-2017_rpm570_doc0p015,train,42,4,cv_evaluation,no_chatter,0,0.0060460283,8
turning,cnn_ae,ver_max,4p5inchStickout_F_12-Jun-2017_rpm570_doc0p015_window_0006,4p5inchStickout/F_12-Jun-2017_rpm570_doc0p015,train,42,4,cv_evaluation,no_chatter,0,0.004281789,8
turning,cnn_ae,ver_max,4p5inchStickout_F_12-Jun-2017_rpm570_doc0p015_window_0007,4p5inchStickout/F_12-Jun-2017_rpm570_doc0p015,train,42,4,cv_evaluation,no_chatter,0,0.0047934647,8
turning,cnn_ae,ver_max,4p5inchStickout_F_12-Jun-2017_rpm570_doc0p015_window_0008,4p5inchStickout/F_12-Jun-2017_rpm570_doc0p015,train,42,4,cv_evaluation,no_chatter,0,0.0049051777,8
turning,cnn_ae,ver_max,4p5inchStickout_F_12-Jun-2017_rpm570_doc0p015_window_0009,4p5inchStickout/F_12-Jun-2017_rpm570_doc0p015,train,42,4,cv_evaluation,no_chatter,0,0.00613332,8
turning,cnn_ae,ver_max,4p5inchStickout_F_12-Jun-2017_rpm570_doc0p015_window_0010,4p5inchStickout/F_12-Jun-2017_rpm570_doc0p015,train,42,4,cv_evaluation,no_chatter,0,0.007420918,8
turning,cnn_ae,ver_max,4p5inchStickout_F_12-Jun-2017_rpm570_doc0p015_window_0011,4p5inchStickout/F_12-Jun-2017_rpm570_doc0p015,train,42,4,cv_evaluation,no_chatter,0,0.006252485,8
turning,cnn_ae,ver_max,4p5inchStickout_F_12-Jun-2017_rpm570_doc0p025_window_0000,4p5inchStickout/F_12-Jun-2017_rpm570_doc0p025,train,42,4,cv_evaluation,no_chatter,0,0.00036165034,8
turning,cnn_ae,ver_max,4p5inchStickout_F_12-Jun-2017_rpm570_doc0p025_window_0001,4p5inchStickout/F_12-Jun-2017_rpm570_doc0p025,train,42,4,cv_evaluation,no_chatter,0,0.00035995213,8
turning,cnn_ae,ver_max,4p5inchStickout_F_12-Jun-2017_rpm570_doc0p025_window_0002,4p5inchStickout/F_12-Jun-2017_rpm570_doc0p025,train,42,4,cv_evaluation,no_chatter,0,0.00036642232,8
turning,cnn_ae,ver_max,4p5inchStickout_F_12-Jun-2017_rpm570_doc0p025_window_0003,4p5inchStickout/F_12-Jun-2017_rpm570_doc0p025,train,42,4,cv_evaluation,no_chatter,0,0.00035977192,8
turning,cnn_ae,ver_max,4p5inchStickout_F_12-Jun-2017_rpm570_doc0p025_window_0004,4p5inchStickout/F_12-Jun-2017_rpm570_doc0p025,train,42,4,cv_evaluation,no_chatter,0,0.003301342,8
turning,cnn_ae,ver_max,4p5inchStickout_F_12-Jun-2017_rpm570_doc0p025_window_0005,4p5inchStickout/F_12-Jun-2017_rpm570_doc0p025,train,42,4,cv_evaluation,no_chatter,0,0.004610064,8
turning,cnn_ae,ver_max,4p5inchStickout_F_12-Jun-2017_rpm570_doc0p025_window_0006,4p5inchStickout/F_12-Jun-2017_rpm570_doc0p025,test,42,4,cv_evaluation,no_chatter,0,0.00478511,8
turning,cnn_ae,ver_max,4p5inchStickout_F_12-Jun-2017_rpm570_doc0p025_window_0007,4p5inchStickout/F_12-Jun-2017_rpm570_doc0p025,train,42,4,cv_evaluation,no_chatter,0,0.0055971867,8
turning,cnn_ae,ver_max,4p5inchStickout_F_12-Jun-2017_rpm570_doc0p025_window_0008,4p5inchStickout/F_12-Jun-2017_rpm570_doc0p025,train,42,4,cv_evaluation,no_chatter,0,0.005336477,8
turning,cnn_ae,ver_max,4p5inchStickout_F_12-Jun-2017_rpm570_doc0p025_window_0009,4p5inchStickout/F_12-Jun-2017_rpm570_doc0p025,train,42,4,cv_evaluation,no_chatter,0,0.0057026544,8
turning,cnn_ae,ver_max,4p5inchStickout_F_12-Jun-2017_rpm570_doc0p025_window_0010,4p5inchStickout/F_12-Jun-2017_rpm570_doc0p025,train,42,4,cv_evaluation,no_chatter,0,0.0058693453,8
turning,cnn_ae,ver_max,4p5inchStickout_F_12-Jun-2017_rpm570_doc0p025_window_0011,4p5inchStickout/F_12-Jun-2017_rpm570_doc0p025,train,42,4,cv_evaluation,no_chatter,0,0.005689595,8
turning,cnn_ae,ver_max,4p5inchStickout_F_13-Jun-2017_rpm1030_doc0p010_window_0000,4p5inchStickout/F_13-Jun-2017_rpm1030_doc0p010,train,42,4,cv_evaluation,no_chatter,0,0.000422175,8
turning,cnn_ae,ver_max,4p5inchStickout_F_13-Jun-2017_rpm1030_doc0p010_window_0001,4p5inchStickout/F_13-Jun-2017_rpm1030_doc0p010,test,42,4,cv_evaluation,no_chatter,0,0.015538795,8
turning,cnn_ae,ver_max,4p5inchStickout_F_13-Jun-2017_rpm1030_doc0p010_window_0002,4p5inchStickout/F_13-Jun-2017_rpm1030_doc0p010,train,42,4,cv_evaluation,no_chatter,0,0.011088738,8
turning,cnn_ae,ver_max,4p5inchStickout_F_13-Jun-2017_rpm1030_doc0p010_window_0003,4p5inchStickout/F_13-Jun-2017_rpm1030_doc0p010,train,42,4,cv_evaluation,no_chatter,0,0.011238137,8
turning,cnn_ae,ver_max,4p5inchStickout_F_13-Jun-2017_rpm1030_doc0p013_window_0000,4p5inchStickout/F_13-Jun-2017_rpm1030_doc0p013,test,42,4,cv_evaluation,no_chatter,0,0.00040643784,8
turning,cnn_ae,ver_max,4p5inchStickout_F_13-Jun-2017_rpm1030_doc0p013_window_0001,4p5inchStickout/F_13-Jun-2017_rpm1030_doc0p013,train,42,4,cv_evaluation,no_chatter,0,0.01520827,8
turning,cnn_ae,ver_max,4p5inchStickout_F_13-Jun-2017_rpm1030_doc0p013_window_0002,4p5inchStickout/F_13-Jun-2017_rpm1030_doc0p013,test,42,4,cv_evaluation,no_chatter,0,0.010136628,8
turning,cnn_ae,ver_max,4p5inchStickout_F_13-Jun-2017_rpm1030_doc0p013_window_0003,4p5inchStickout/F_13-Jun-2017_rpm1030_doc0p013,train,42,4,cv_evaluation,no_chatter,0,0.0085761985,8
turning,cnn_ae,ver_max,4p5inchStickout_F_13-Jun-2017_rpm770_doc0p020_window_0000,4p5inchStickout/F_13-Jun-2017_rpm770_doc0p020,train,42,4,cv_evaluation,no_chatter,0,0.00039776016,8
turning,cnn_ae,ver_max,4p5inchStickout_F_13-Jun-2017_rpm770_doc0p020_window_0001,4p5inchStickout/F_13-Jun-2017_rpm770_doc0p020,train,42,4,cv_evaluation,no_chatter,0,0.004532198,8
turning,cnn_ae,ver_max,4p5inchStickout_F_13-Jun-2017_rpm770_doc0p020_window_0002,4p5inchStickout/F_13-Jun-2017_rpm770_doc0p020,test,42,4,cv_evaluation,no_chatter,0,0.0057021757,8
turning,cnn_ae,ver_max,4p5inchStickout_F_13-Jun-2017_rpm770_doc0p020_window_0003,4p5inchStickout/F_13-Jun-2017_rpm770_doc0p020,train,42,4,cv_evaluation,no_chatter,0,0.007312007,8
turning,cnn_ae,ver_max,4p5inchStickout_F_13-Jun-2017_rpm770_doc0p020_window_0004,4p5inchStickout/F_13-Jun-2017_rpm770_doc0p020,train,42,4,cv_evaluation,no_chatter,0,0.007133923,8
turning,cnn_ae,ver_max,4p5inchStickout_F_13-Jun-2017_rpm770_doc0p020_window_0005,4p5inchStickout/F_13-Jun-2017_rpm770_doc0p020,train,42,4,cv_evaluation,no_chatter,0,0.007449668,8
turning,cnn_ae,ver_topk,2inchStickout_F_08-Jun-2017_rpm320_doc0p005_window_0000,2inchStickout/F_08-Jun-2017_rpm320_doc0p005,train,42,4,cv_evaluation,no_chatter,0,0.0004477289,8
turning,cnn_ae,ver_topk,2inchStickout_F_08-Jun-2017_rpm320_doc0p005_window_0001,2inchStickout/F_08-Jun-2017_rpm320_doc0p005,train,42,4,cv_evaluation,no_chatter,0,0.00037181392,8
turning,cnn_ae,ver_topk,2inchStickout_F_08-Jun-2017_rpm320_doc0p005_window_0002,2inchStickout/F_08-Jun-2017_rpm320_doc0p005,train,42,4,cv_evaluation,no_chatter,0,0.00032635094,8
turning,cnn_ae,ver_topk,2inchStickout_F_08-Jun-2017_rpm320_doc0p005_window_0003,2inchStickout/F_08-Jun-2017_rpm320_doc0p005,train,42,4,cv_evaluation,no_chatter,0,0.0003193405,8
turning,cnn_ae,ver_topk,2inchStickout_F_08-Jun-2017_rpm320_doc0p005_window_0004,2inchStickout/F_08-Jun-2017_rpm320_doc0p005,train,42,4,cv_evaluation,no_chatter,0,0.0006354954,8
turning,cnn_ae,ver_topk,2inchStickout_F_08-Jun-2017_rpm320_doc0p005_window_0005,2inchStickout/F_08-Jun-2017_rpm320_doc0p005,validation,42,4,cv_evaluation,no_chatter,0,0.013125964,8
turning,cnn_ae,ver_topk,2inchStickout_F_08-Jun-2017_rpm320_doc0p005_window_0006,2inchStickout/F_08-Jun-2017_rpm320_doc0p005,validation,42,4,cv_evaluation,chatter,1,0.013933039,8
turning,cnn_ae,ver_topk,2inchStickout_F_08-Jun-2017_rpm320_doc0p005_window_0007,2inchStickout/F_08-Jun-2017_rpm320_doc0p005,validation,42,4,cv_evaluation,chatter,1,0.012895922,8
turning,cnn_ae,ver_topk,2inchStickout_F_08-Jun-2017_rpm320_doc0p005_window_0008,2inchStickout/F_08-Jun-2017_rpm320_doc0p005,validation,42,4,cv_evaluation,chatter,1,0.013206714,8
turning,cnn_ae,ver_topk,2inchStickout_F_08-Jun-2017_rpm320_doc0p005_window_0009,2inchStickout/F_08-Jun-2017_rpm320_doc0p005,validation,42,4,cv_evaluation,chatter,1,0.012617589,8
turning,cnn_ae,ver_topk,2inchStickout_F_08-Jun-2017_rpm320_doc0p005_window_0010,2inchStickout/F_08-Jun-2017_rpm320_doc0p005,validation,42,4,cv_evaluation,chatter,1,0.009413354,8
turning,cnn_ae,ver_topk,2inchStickout_F_08-Jun-2017_rpm320_doc0p005_window_0011,2inchStickout/F_08-Jun-2017_rpm320_doc0p005,validation,42,4,cv_evaluation,chatter,1,0.008304232,8
turning,cnn_ae,ver_topk,2inchStickout_F_08-Jun-2017_rpm320_doc0p005_window_0012,2inchStickout/F_08-Jun-2017_rpm320_doc0p005,train,42,4,cv_evaluation,no_chatter,0,0.006828384,8
turning,cnn_ae,ver_topk,2inchStickout_F_08-Jun-2017_rpm320_doc0p005_window_0013,2inchStickout/F_08-Jun-2017_rpm320_doc0p005,train,42,4,cv_evaluation,no_chatter,0,0.003543119,8
turning,cnn_ae,ver_topk,2inchStickout_F_08-Jun-2017_rpm320_doc0p005_window_0014,2inchStickout/F_08-Jun-2017_rpm320_doc0p005,train,42,4,cv_evaluation,no_chatter,0,0.0019397357,8
turning,cnn_ae,ver_topk,2inchStickout_F_08-Jun-2017_rpm320_doc0p005_window_0015,2inchStickout/F_08-Jun-2017_rpm320_doc0p005,train,42,4,cv_evaluation,no_chatter,0,0.0019115265,8
turning,cnn_ae,ver_topk,2inchStickout_F_08-Jun-2017_rpm320_doc0p005_window_0016,2inchStickout/F_08-Jun-2017_rpm320_doc0p005,train,42,4,cv_evaluation,no_chatter,0,0.0020627056,8
turning,cnn_ae,ver_topk,2inchStickout_F_08-Jun-2017_rpm320_doc0p005_window_0017,2inchStickout/F_08-Jun-2017_rpm320_doc0p005,train,42,4,cv_evaluation,no_chatter,0,0.0018044533,8
turning,cnn_ae,ver_topk,2inchStickout_F_08-Jun-2017_rpm320_doc0p005_window_0018,2inchStickout/F_08-Jun-2017_rpm320_doc0p005,train,42,4,cv_evaluation,no_chatter,0,0.0018757688,8
turning,cnn_ae,ver_topk,2inchStickout_F_08-Jun-2017_rpm320_doc0p005_window_0019,2inchStickout/F_08-Jun-2017_rpm320_doc0p005,train,42,4,cv_evaluation,no_chatter,0,0.0019298662,8
turning,cnn_ae,ver_topk,2inchStickout_F_08-Jun-2017_rpm320_doc0p005_window_0020,2inchStickout/F_08-Jun-2017_rpm320_doc0p005,train,42,4,cv_evaluation,no_chatter,0,0.0017752312,8
turning,cnn_ae,ver_topk,2inchStickout_F_08-Jun-2017_rpm320_doc0p005_window_0021,2inchStickout/F_08-Jun-2017_rpm320_doc0p005,train,42,4,cv_evaluation,no_chatter,0,0.006560857,8
turning,cnn_ae,ver_topk,2inchStickout_F_08-Jun-2017_rpm320_doc0p005_window_0022,2inchStickout/F_08-Jun-2017_rpm320_doc0p005,train,42,4,cv_evaluation,no_chatter,0,0.0101451725,8
turning,cnn_ae,ver_topk,2inchStickout_F_08-Jun-2017_rpm320_doc0p005_window_0023,2inchStickout/F_08-Jun-2017_rpm320_doc0p005,train,42,4,cv_evaluation,no_chatter,0,0.0062325387,8
turning,cnn_ae,ver_topk,2inchStickout_F_08-Jun-2017_rpm320_doc0p030_window_0000,2inchStickout/F_08-Jun-2017_rpm320_doc0p030,train,42,4,cv_evaluation,no_chatter,0,0.0002798245,8
turning,cnn_ae,ver_topk,2inchStickout_F_08-Jun-2017_rpm320_doc0p030_window_0001,2inchStickout/F_08-Jun-2017_rpm320_doc0p030,train,42,4,cv_evaluation,no_chatter,0,0.00027324122,8
turning,cnn_ae,ver_topk,2inchStickout_F_08-Jun-2017_rpm320_doc0p030_window_0002,2inchStickout/F_08-Jun-2017_rpm320_doc0p030,train,42,4,cv_evaluation,no_chatter,0,0.0002719622,8
turning,cnn_ae,ver_topk,2inchStickout_F_08-Jun-2017_rpm320_doc0p030_window_0003,2inchStickout/F_08-Jun-2017_rpm320_doc0p030,train,42,4,cv_evaluation,no_chatter,0,0.0021145504,8
turning,cnn_ae,ver_topk,2inchStickout_F_08-Jun-2017_rpm320_doc0p030_window_0004,2inchStickout/F_08-Jun-2017_rpm320_doc0p030,train,42,4,cv_evaluation,no_chatter,0,0.0013752485,8
turning,cnn_ae,ver_topk,2inchStickout_F_08-Jun-2017_rpm320_doc0p030_window_0005,2inchStickout/F_08-Jun-2017_rpm320_doc0p030,train,42,4,cv_evaluation,no_chatter,0,0.00071710284,8
turning,cnn_ae,ver_topk,2inchStickout_F_08-Jun-2017_rpm320_doc0p030_window_0006,2inchStickout/F_08-Jun-2017_rpm320_doc0p030,train,42,4,cv_evaluation,no_chatter,0,0.000994122,8
turning,cnn_ae,ver_topk,2inchStickout_F_08-Jun-2017_rpm320_doc0p030_window_0007,2inchStickout/F_08-Jun-2017_rpm320_doc0p030,train,42,4,cv_evaluation,no_chatter,0,0.0013031056,8
turning,cnn_ae,ver_topk,2inchStickout_F_08-Jun-2017_rpm320_doc0p030_window_0008,2inchStickout/F_08-Jun-2017_rpm320_doc0p030,train,42,4,cv_evaluation,no_chatter,0,0.0010548936,8
turning,cnn_ae,ver_topk,2inchStickout_F_08-Jun-2017_rpm320_doc0p030_window_0009,2inchStickout/F_08-Jun-2017_rpm320_doc0p030,train,42,4,cv_evaluation,no_chatter,0,0.0009387024,8
turning,cnn_ae,ver_topk,2inchStickout_F_08-Jun-2017_rpm320_doc0p030_window_0010,2inchStickout/F_08-Jun-2017_rpm320_doc0p030,train,42,4,cv_evaluation,no_chatter,0,0.0010316953,8
turning,cnn_ae,ver_topk,2inchStickout_F_08-Jun-2017_rpm320_doc0p030_window_0011,2inchStickout/F_08-Jun-2017_rpm320_doc0p030,validation,42,4,cv_evaluation,no_chatter,0,0.0013882638,8
turning,cnn_ae,ver_topk,2inchStickout_F_08-Jun-2017_rpm320_doc0p030_window_0012,2inchStickout/F_08-Jun-2017_rpm320_doc0p030,validation,42,4,cv_evaluation,no_chatter,0,0.0008164265,8
turning,cnn_ae,ver_topk,2inchStickout_F_08-Jun-2017_rpm320_doc0p030_window_0013,2inchStickout/F_08-Jun-2017_rpm320_doc0p030,train,42,4,cv_evaluation,no_chatter,0,0.0010773907,8
turning,cnn_ae,ver_topk,2inchStickout_F_08-Jun-2017_rpm320_doc0p030_window_0014,2inchStickout/F_08-Jun-2017_rpm320_doc0p030,train,42,4,cv_evaluation,no_chatter,0,0.0028275766,8
turning,cnn_ae,ver_topk,2inchStickout_F_08-Jun-2017_rpm320_doc0p030_window_0015,2inchStickout/F_08-Jun-2017_rpm320_doc0p030,train,42,4,cv_evaluation,no_chatter,0,0.0019956285,8
turning,cnn_ae,ver_topk,2inchStickout_F_08-Jun-2017_rpm320_doc0p030_window_0016,2inchStickout/F_08-Jun-2017_rpm320_doc0p030,train,42,4,cv_evaluation,no_chatter,0,0.0016802548,8
turning,cnn_ae,ver_topk,2inchStickout_F_08-Jun-2017_rpm320_doc0p030_window_0017,2inchStickout/F_08-Jun-2017_rpm320_doc0p030,train,42,4,cv_evaluation,no_chatter,0,0.0028062935,8
turning,cnn_ae,ver_topk,2inchStickout_F_08-Jun-2017_rpm320_doc0p030_window_0018,2inchStickout/F_08-Jun-2017_rpm320_doc0p030,train,42,4,cv_evaluation,no_chatter,0,0.0025299434,8
turning,cnn_ae,ver_topk,2inchStickout_F_08-Jun-2017_rpm320_doc0p030_window_0019,2inchStickout/F_08-Jun-2017_rpm320_doc0p030,validation,42,4,cv_evaluation,no_chatter,0,0.003802241,8
turning,cnn_ae,ver_topk,2inchStickout_F_08-Jun-2017_rpm320_doc0p030_window_0020,2inchStickout/F_08-Jun-2017_rpm320_doc0p030,validation,42,4,cv_evaluation,no_chatter,0,0.004858736,8
turning,cnn_ae,ver_topk,2inchStickout_F_08-Jun-2017_rpm320_doc0p030_window_0021,2inchStickout/F_08-Jun-2017_rpm320_doc0p030,train,42,4,cv_evaluation,no_chatter,0,0.0044182553,8
turning,cnn_ae,ver_topk,2inchStickout_F_08-Jun-2017_rpm320_doc0p030_window_0022,2inchStickout/F_08-Jun-2017_rpm320_doc0p030,train,42,4,cv_evaluation,no_chatter,0,0.0057048723,8
turning,cnn_ae,ver_topk,2inchStickout_F_08-Jun-2017_rpm320_doc0p030_window_0023,2inchStickout/F_08-Jun-2017_rpm320_doc0p030,train,42,4,cv_evaluation,no_chatter,0,0.005810736,8
turning,cnn_ae,ver_topk,2inchStickout_F_08-Jun-2017_rpm425_doc0p017_window_0000,2inchStickout/F_08-Jun-2017_rpm425_doc0p017,train,42,4,cv_evaluation,no_chatter,0,0.000363105,8
turning,cnn_ae,ver_topk,2inchStickout_F_08-Jun-2017_rpm425_doc0p017_window_0001,2inchStickout/F_08-Jun-2017_rpm425_doc0p017,train,42,4,cv_evaluation,no_chatter,0,0.000670752,8
turning,cnn_ae,ver_topk,2inchStickout_F_08-Jun-2017_rpm425_doc0p017_window_0002,2inchStickout/F_08-Jun-2017_rpm425_doc0p017,validation,42,4,cv_evaluation,no_chatter,0,0.0012920512,8
turning,cnn_ae,ver_topk,2inchStickout_F_08-Jun-2017_rpm425_doc0p017_window_0003,2inchStickout/F_08-Jun-2017_rpm425_doc0p017,validation,42,4,cv_evaluation,no_chatter,0,0.0031040825,8
turning,cnn_ae,ver_topk,2inchStickout_F_08-Jun-2017_rpm425_doc0p017_window_0004,2inchStickout/F_08-Jun-2017_rpm425_doc0p017,validation,42,4,cv_evaluation,no_chatter,0,0.008330853,8
turning,cnn_ae,ver_topk,2inchStickout_F_08-Jun-2017_rpm425_doc0p017_window_0005,2inchStickout/F_08-Jun-2017_rpm425_doc0p017,validation,42,4,cv_evaluation,no_chatter,0,0.005483544,8
turning,cnn_ae,ver_topk,2inchStickout_F_08-Jun-2017_rpm425_doc0p017_window_0006,2inchStickout/F_08-Jun-2017_rpm425_doc0p017,train,42,4,cv_evaluation,no_chatter,0,0.0034431394,8
turning,cnn_ae,ver_topk,2inchStickout_F_08-Jun-2017_rpm425_doc0p017_window_0007,2inchStickout/F_08-Jun-2017_rpm425_doc0p017,train,42,4,cv_evaluation,no_chatter,0,0.011903964,8
turning,cnn_ae,ver_topk,2inchStickout_F_08-Jun-2017_rpm570_doc0p010_window_0000,2inchStickout/F_08-Jun-2017_rpm570_doc0p010,test,42,4,cv_evaluation,no_chatter,0,0.000407678,8
turning,cnn_ae,ver_topk,2inchStickout_F_08-Jun-2017_rpm570_doc0p010_window_0001,2inchStickout/F_08-Jun-2017_rpm570_doc0p010,test,42,4,cv_evaluation,no_chatter,0,0.0054923096,8
turning,cnn_ae,ver_topk,2inchStickout_F_08-Jun-2017_rpm570_doc0p010_window_0002,2inchStickout/F_08-Jun-2017_rpm570_doc0p010,test,42,4,cv_evaluation,chatter,1,0.011603202,8
turning,cnn_ae,ver_topk,2inchStickout_F_08-Jun-2017_rpm570_doc0p010_window_0003,2inchStickout/F_08-Jun-2017_rpm570_doc0p010,test,42,4,cv_evaluation,chatter,1,0.011882507,8
turning,cnn_ae,ver_topk,2inchStickout_F_08-Jun-2017_rpm570_doc0p010_window_0004,2inchStickout/F_08-Jun-2017_rpm570_doc0p010,test,42,4,cv_evaluation,chatter,1,0.013388614,8
turning,cnn_ae,ver_topk,2inchStickout_F_08-Jun-2017_rpm570_doc0p010_window_0005,2inchStickout/F_08-Jun-2017_rpm570_doc0p010,test,42,4,cv_evaluation,chatter,1,0.017690599,8
turning,cnn_ae,ver_topk,2inchStickout_F_08-Jun-2017_rpm770_doc0p002_window_0000,2inchStickout/F_08-Jun-2017_rpm770_doc0p002,train,42,4,cv_evaluation,no_chatter,0,0.00055297604,8
turning,cnn_ae,ver_topk,2inchStickout_F_08-Jun-2017_rpm770_doc0p002_window_0001,2inchStickout/F_08-Jun-2017_rpm770_doc0p002,validation,42,4,cv_evaluation,chatter,1,0.022395363,8
turning,cnn_ae,ver_topk,2inchStickout_F_08-Jun-2017_rpm770_doc0p002_window_0002,2inchStickout/F_08-Jun-2017_rpm770_doc0p002,validation,42,4,cv_evaluation,chatter,1,0.025741452,8
turning,cnn_ae,ver_topk,2inchStickout_F_08-Jun-2017_rpm770_doc0p002_window_0003,2inchStickout/F_08-Jun-2017_rpm770_doc0p002,train,42,4,cv_evaluation,no_chatter,0,0.010697807,8
turning,cnn_ae,ver_topk,2inchStickout_F_08-Jun-2017_rpm770_doc0p002_window_0004,2inchStickout/F_08-Jun-2017_rpm770_doc0p002,validation,42,4,cv_evaluation,chatter,1,0.0101498915,8
turning,cnn_ae,ver_topk,2inchStickout_F_08-Jun-2017_rpm770_doc0p002_window_0005,2inchStickout/F_08-Jun-2017_rpm770_doc0p002,train,42,4,cv_evaluation,no_chatter,0,0.010292829,8
turning,cnn_ae,ver_topk,2inchStickout_F_08-Jun-2017_rpm770_doc0p002_window_0006,2inchStickout/F_08-Jun-2017_rpm770_doc0p002,train,42,4,cv_evaluation,no_chatter,0,0.03491948,8
turning,cnn_ae,ver_topk,2inchStickout_F_08-Jun-2017_rpm770_doc0p002_window_0007,2inchStickout/F_08-Jun-2017_rpm770_doc0p002,validation,42,4,cv_evaluation,chatter,1,0.028622592,8
turning,cnn_ae,ver_topk,2p5inchStickout_F_12-Jun-2017_rpm570_doc0p005_window_0000,2p5inchStickout/F_12-Jun-2017_rpm570_doc0p005,test,42,4,cv_evaluation,no_chatter,0,0.0004308184,8
turning,cnn_ae,ver_topk,2p5inchStickout_F_12-Jun-2017_rpm570_doc0p005_window_0001,2p5inchStickout/F_12-Jun-2017_rpm570_doc0p005,train,42,4,cv_evaluation,no_chatter,0,0.0049766377,8
turning,cnn_ae,ver_topk,2p5inchStickout_F_12-Jun-2017_rpm570_doc0p005_window_0002,2p5inchStickout/F_12-Jun-2017_rpm570_doc0p005,train,42,4,cv_evaluation,no_chatter,0,0.0035140573,8
turning,cnn_ae,ver_topk,2p5inchStickout_F_12-Jun-2017_rpm570_doc0p005_window_0003,2p5inchStickout/F_12-Jun-2017_rpm570_doc0p005,train,42,4,cv_evaluation,no_chatter,0,0.0038930662,8
turning,cnn_ae,ver_topk,2p5inchStickout_F_12-Jun-2017_rpm570_doc0p005_window_0004,2p5inchStickout/F_12-Jun-2017_rpm570_doc0p005,test,42,4,cv_evaluation,no_chatter,0,0.006361898,8
turning,cnn_ae,ver_topk,2p5inchStickout_F_12-Jun-2017_rpm570_doc0p005_window_0005,2p5inchStickout/F_12-Jun-2017_rpm570_doc0p005,train,42,4,cv_evaluation,no_chatter,0,0.008930114,8
turning,cnn_ae,ver_topk,2p5inchStickout_F_12-Jun-2017_rpm570_doc0p005_window_0006,2p5inchStickout/F_12-Jun-2017_rpm570_doc0p005,train,42,4,cv_evaluation,no_chatter,0,0.0036571221,8
turning,cnn_ae,ver_topk,2p5inchStickout_F_12-Jun-2017_rpm570_doc0p005_window_0007,2p5inchStickout/F_12-Jun-2017_rpm570_doc0p005,train,42,4,cv_evaluation,no_chatter,0,0.0034254203,8
turning,cnn_ae,ver_topk,2p5inchStickout_F_12-Jun-2017_rpm570_doc0p005_window_0008,2p5inchStickout/F_12-Jun-2017_rpm570_doc0p005,test,42,4,cv_evaluation,no_chatter,0,0.0106361685,8
turning,cnn_ae,ver_topk,2p5inchStickout_F_12-Jun-2017_rpm570_doc0p005_window_0009,2p5inchStickout/F_12-Jun-2017_rpm570_doc0p005,train,42,4,cv_evaluation,no_chatter,0,0.009288092,8
turning,cnn_ae,ver_topk,2p5inchStickout_F_12-Jun-2017_rpm570_doc0p010_window_0000,2p5inchStickout/F_12-Jun-2017_rpm570_doc0p010,train,42,4,cv_evaluation,no_chatter,0,0.0018206984,8
turning,cnn_ae,ver_topk,2p5inchStickout_F_12-Jun-2017_rpm570_doc0p010_window_0001,2p5inchStickout/F_12-Jun-2017_rpm570_doc0p010,train,42,4,cv_evaluation,no_chatter,0,0.0058493693,8
turning,cnn_ae,ver_topk,2p5inchStickout_F_12-Jun-2017_rpm570_doc0p010_window_0002,2p5inchStickout/F_12-Jun-2017_rpm570_doc0p010,train,42,4,cv_evaluation,no_chatter,0,0.0036385718,8
turning,cnn_ae,ver_topk,2p5inchStickout_F_12-Jun-2017_rpm570_doc0p010_window_0003,2p5inchStickout/F_12-Jun-2017_rpm570_doc0p010,test,42,4,cv_evaluation,no_chatter,0,0.003195056,8
turning,cnn_ae,ver_topk,2p5inchStickout_F_12-Jun-2017_rpm570_doc0p010_window_0004,2p5inchStickout/F_12-Jun-2017_rpm570_doc0p010,train,42,4,cv_evaluation,no_chatter,0,0.0031578473,8
turning,cnn_ae,ver_topk,2p5inchStickout_F_12-Jun-2017_rpm570_doc0p010_window_0005,2p5inchStickout/F_12-Jun-2017_rpm570_doc0p010,train,42,4,cv_evaluation,no_chatter,0,0.003660651,8
turning,cnn_ae,ver_topk,2p5inchStickout_F_12-Jun-2017_rpm570_doc0p010_window_0006,2p5inchStickout/F_12-Jun-2017_rpm570_doc0p010,test,42,4,cv_evaluation,no_chatter,0,0.005104454,8
turning,cnn_ae,ver_topk,2p5inchStickout_F_12-Jun-2017_rpm570_doc0p010_window_0007,2p5inchStickout/F_12-Jun-2017_rpm570_doc0p010,train,42,4,cv_evaluation,no_chatter,0,0.0039150417,8
turning,cnn_ae,ver_topk,2p5inchStickout_F_12-Jun-2017_rpm570_doc0p010_window_0008,2p5inchStickout/F_12-Jun-2017_rpm570_doc0p010,train,42,4,cv_evaluation,no_chatter,0,0.0035712111,8
turning,cnn_ae,ver_topk,2p5inchStickout_F_12-Jun-2017_rpm570_doc0p010_window_0009,2p5inchStickout/F_12-Jun-2017_rpm570_doc0p010,test,42,4,cv_evaluation,no_chatter,0,0.0032061406,8
turning,cnn_ae,ver_topk,3p5inchStickout_F_14-Jun-2017_rpm770_doc0p005_window_0000,3p5inchStickout/F_14-Jun-2017_rpm770_doc0p005,validation,42,4,cv_evaluation,no_chatter,0,0.00045096688,8
turning,cnn_ae,ver_topk,3p5inchStickout_F_14-Jun-2017_rpm770_doc0p005_window_0001,3p5inchStickout/F_14-Jun-2017_rpm770_doc0p005,train,42,4,cv_evaluation,no_chatter,0,0.0068658995,8
turning,cnn_ae,ver_topk,3p5inchStickout_F_14-Jun-2017_rpm770_doc0p005_window_0002,3p5inchStickout/F_14-Jun-2017_rpm770_doc0p005,train,42,4,cv_evaluation,no_chatter,0,0.00385199,8
turning,cnn_ae,ver_topk,3p5inchStickout_F_14-Jun-2017_rpm770_doc0p005_window_0003,3p5inchStickout/F_14-Jun-2017_rpm770_doc0p005,train,42,4,cv_evaluation,no_chatter,0,0.0043656197,8
turning,cnn_ae,ver_topk,4p5inchStickout_F_12-Jun-2017_rpm570_doc0p015_window_0000,4p5inchStickout/F_12-Jun-2017_rpm570_doc0p015,train,42,4,cv_evaluation,no_chatter,0,0.0003251793,8
turning,cnn_ae,ver_topk,4p5inchStickout_F_12-Jun-2017_rpm570_doc0p015_window_0001,4p5inchStickout/F_12-Jun-2017_rpm570_doc0p015,train,42,4,cv_evaluation,no_chatter,0,0.0003236277,8
turning,cnn_ae,ver_topk,4p5inchStickout_F_12-Jun-2017_rpm570_doc0p015_window_0002,4p5inchStickout/F_12-Jun-2017_rpm570_doc0p015,train,42,4,cv_evaluation,no_chatter,0,0.00032532486,8
turning,cnn_ae,ver_topk,4p5inchStickout_F_12-Jun-2017_rpm570_doc0p015_window_0003,4p5inchStickout/F_12-Jun-2017_rpm570_doc0p015,train,42,4,cv_evaluation,no_chatter,0,0.00033493902,8
turning,cnn_ae,ver_topk,4p5inchStickout_F_12-Jun-2017_rpm570_doc0p015_window_0004,4p5inchStickout/F_12-Jun-2017_rpm570_doc0p015,train,42,4,cv_evaluation,no_chatter,0,0.0019669961,8
turning,cnn_ae,ver_topk,4p5inchStickout_F_12-Jun-2017_rpm570_doc0p015_window_0005,4p5inchStickout/F_12-Jun-2017_rpm570_doc0p015,train,42,4,cv_evaluation,no_chatter,0,0.005044395,8
turning,cnn_ae,ver_topk,4p5inchStickout_F_12-Jun-2017_rpm570_doc0p015_window_0006,4p5inchStickout/F_12-Jun-2017_rpm570_doc0p015,train,42,4,cv_evaluation,no_chatter,0,0.0041137575,8
turning,cnn_ae,ver_topk,4p5inchStickout_F_12-Jun-2017_rpm570_doc0p015_window_0007,4p5inchStickout/F_12-Jun-2017_rpm570_doc0p015,train,42,4,cv_evaluation,no_chatter,0,0.004700255,8
turning,cnn_ae,ver_topk,4p5inchStickout_F_12-Jun-2017_rpm570_doc0p015_window_0008,4p5inchStickout/F_12-Jun-2017_rpm570_doc0p015,train,42,4,cv_evaluation,no_chatter,0,0.0047873813,8
turning,cnn_ae,ver_topk,4p5inchStickout_F_12-Jun-2017_rpm570_doc0p015_window_0009,4p5inchStickout/F_12-Jun-2017_rpm570_doc0p015,train,42,4,cv_evaluation,no_chatter,0,0.0059143077,8
turning,cnn_ae,ver_topk,4p5inchStickout_F_12-Jun-2017_rpm570_doc0p015_window_0010,4p5inchStickout/F_12-Jun-2017_rpm570_doc0p015,train,42,4,cv_evaluation,no_chatter,0,0.0061327,8
turning,cnn_ae,ver_topk,4p5inchStickout_F_12-Jun-2017_rpm570_doc0p015_window_0011,4p5inchStickout/F_12-Jun-2017_rpm570_doc0p015,train,42,4,cv_evaluation,no_chatter,0,0.0059966557,8
turning,cnn_ae,ver_topk,4p5inchStickout_F_12-Jun-2017_rpm570_doc0p025_window_0000,4p5inchStickout/F_12-Jun-2017_rpm570_doc0p025,train,42,4,cv_evaluation,no_chatter,0,0.00035296511,8
turning,cnn_ae,ver_topk,4p5inchStickout_F_12-Jun-2017_rpm570_doc0p025_window_0001,4p5inchStickout/F_12-Jun-2017_rpm570_doc0p025,train,42,4,cv_evaluation,no_chatter,0,0.0003440974,8
turning,cnn_ae,ver_topk,4p5inchStickout_F_12-Jun-2017_rpm570_doc0p025_window_0002,4p5inchStickout/F_12-Jun-2017_rpm570_doc0p025,train,42,4,cv_evaluation,no_chatter,0,0.00034926386,8
turning,cnn_ae,ver_topk,4p5inchStickout_F_12-Jun-2017_rpm570_doc0p025_window_0003,4p5inchStickout/F_12-Jun-2017_rpm570_doc0p025,train,42,4,cv_evaluation,no_chatter,0,0.0003327067,8
turning,cnn_ae,ver_topk,4p5inchStickout_F_12-Jun-2017_rpm570_doc0p025_window_0004,4p5inchStickout/F_12-Jun-2017_rpm570_doc0p025,train,42,4,cv_evaluation,no_chatter,0,0.0029917117,8
turning,cnn_ae,ver_topk,4p5inchStickout_F_12-Jun-2017_rpm570_doc0p025_window_0005,4p5inchStickout/F_12-Jun-2017_rpm570_doc0p025,train,42,4,cv_evaluation,no_chatter,0,0.0043746033,8
turning,cnn_ae,ver_topk,4p5inchStickout_F_12-Jun-2017_rpm570_doc0p025_window_0006,4p5inchStickout/F_12-Jun-2017_rpm570_doc0p025,test,42,4,cv_evaluation,no_chatter,0,0.004608019,8
turning,cnn_ae,ver_topk,4p5inchStickout_F_12-Jun-2017_rpm570_doc0p025_window_0007,4p5inchStickout/F_12-Jun-2017_rpm570_doc0p025,train,42,4,cv_evaluation,no_chatter,0,0.005230243,8
turning,cnn_ae,ver_topk,4p5inchStickout_F_12-Jun-2017_rpm570_doc0p025_window_0008,4p5inchStickout/F_12-Jun-2017_rpm570_doc0p025,train,42,4,cv_evaluation,no_chatter,0,0.005184174,8
turning,cnn_ae,ver_topk,4p5inchStickout_F_12-Jun-2017_rpm570_doc0p025_window_0009,4p5inchStickout/F_12-Jun-2017_rpm570_doc0p025,train,42,4,cv_evaluation,no_chatter,0,0.005512399,8
turning,cnn_ae,ver_topk,4p5inchStickout_F_12-Jun-2017_rpm570_doc0p025_window_0010,4p5inchStickout/F_12-Jun-2017_rpm570_doc0p025,train,42,4,cv_evaluation,no_chatter,0,0.0056457943,8
turning,cnn_ae,ver_topk,4p5inchStickout_F_12-Jun-2017_rpm570_doc0p025_window_0011,4p5inchStickout/F_12-Jun-2017_rpm570_doc0p025,train,42,4,cv_evaluation,no_chatter,0,0.005512905,8
turning,cnn_ae,ver_topk,4p5inchStickout_F_13-Jun-2017_rpm1030_doc0p010_window_0000,4p5inchStickout/F_13-Jun-2017_rpm1030_doc0p010,train,42,4,cv_evaluation,no_chatter,0,0.00039459564,8
turning,cnn_ae,ver_topk,4p5inchStickout_F_13-Jun-2017_rpm1030_doc0p010_window_0001,4p5inchStickout/F_13-Jun-2017_rpm1030_doc0p010,test,42,4,cv_evaluation,no_chatter,0,0.014539217,8
turning,cnn_ae,ver_topk,4p5inchStickout_F_13-Jun-2017_rpm1030_doc0p010_window_0002,4p5inchStickout/F_13-Jun-2017_rpm1030_doc0p010,train,42,4,cv_evaluation,no_chatter,0,0.009900303,8
turning,cnn_ae,ver_topk,4p5inchStickout_F_13-Jun-2017_rpm1030_doc0p010_window_0003,4p5inchStickout/F_13-Jun-2017_rpm1030_doc0p010,train,42,4,cv_evaluation,no_chatter,0,0.0107100755,8
turning,cnn_ae,ver_topk,4p5inchStickout_F_13-Jun-2017_rpm1030_doc0p013_window_0000,4p5inchStickout/F_13-Jun-2017_rpm1030_doc0p013,test,42,4,cv_evaluation,no_chatter,0,0.00038940515,8
turning,cnn_ae,ver_topk,4p5inchStickout_F_13-Jun-2017_rpm1030_doc0p013_window_0001,4p5inchStickout/F_13-Jun-2017_rpm1030_doc0p013,train,42,4,cv_evaluation,no_chatter,0,0.014322889,8
turning,cnn_ae,ver_topk,4p5inchStickout_F_13-Jun-2017_rpm1030_doc0p013_window_0002,4p5inchStickout/F_13-Jun-2017_rpm1030_doc0p013,test,42,4,cv_evaluation,no_chatter,0,0.009778409,8
turning,cnn_ae,ver_topk,4p5inchStickout_F_13-Jun-2017_rpm1030_doc0p013_window_0003,4p5inchStickout/F_13-Jun-2017_rpm1030_doc0p013,train,42,4,cv_evaluation,no_chatter,0,0.008406381,8
turning,cnn_ae,ver_topk,4p5inchStickout_F_13-Jun-2017_rpm770_doc0p020_window_0000,4p5inchStickout/F_13-Jun-2017_rpm770_doc0p020,train,42,4,cv_evaluation,no_chatter,0,0.00036964528,8
turning,cnn_ae,ver_topk,4p5inchStickout_F_13-Jun-2017_rpm770_doc0p020_window_0001,4p5inchStickout/F_13-Jun-2017_rpm770_doc0p020,train,42,4,cv_evaluation,no_chatter,0,0.0021287862,8
turning,cnn_ae,ver_topk,4p5inchStickout_F_13-Jun-2017_rpm770_doc0p020_window_0002,4p5inchStickout/F_13-Jun-2017_rpm770_doc0p020,test,42,4,cv_evaluation,no_chatter,0,0.005629296,8
turning,cnn_ae,ver_topk,4p5inchStickout_F_13-Jun-2017_rpm770_doc0p020_window_0003,4p5inchStickout/F_13-Jun-2017_rpm770_doc0p020,train,42,4,cv_evaluation,no_chatter,0,0.00702233,8
turning,cnn_ae,ver_topk,4p5inchStickout_F_13-Jun-2017_rpm770_doc0p020_window_0004,4p5inchStickout/F_13-Jun-2017_rpm770_doc0p020,train,42,4,cv_evaluation,no_chatter,0,0.0068255905,8
turning,cnn_ae,ver_topk,4p5inchStickout_F_13-Jun-2017_rpm770_doc0p020_window_0005,4p5inchStickout/F_13-Jun-2017_rpm770_doc0p020,train,42,4,cv_evaluation,no_chatter,0,0.007248657,8
