dataset,method,score,sample_id,source_run,source_split,cv_seed,cv_fold,split,label,target,score_value,bottleneck_dim
turning,cnn_ae,global_mse,2inchStickout_F_08-Jun-2017_rpm320_doc0p020_window_0000,2inchStickout/F_08-Jun-2017_rpm320_doc0p020,validation,42,0,cv_evaluation,no_chatter,0,0.0029989197,32
turning,cnn_ae,global_mse,2inchStickout_F_08-Jun-2017_rpm320_doc0p020_window_0001,2inchStickout/F_08-Jun-2017_rpm320_doc0p020,train,42,0,cv_evaluation,no_chatter,0,0.0029907844,32
turning,cnn_ae,global_mse,2inchStickout_F_08-Jun-2017_rpm320_doc0p020_window_0002,2inchStickout/F_08-Jun-2017_rpm320_doc0p020,train,42,0,cv_evaluation,no_chatter,0,0.0029757782,32
turning,cnn_ae,global_mse,2inchStickout_F_08-Jun-2017_rpm320_doc0p020_window_0003,2inchStickout/F_08-Jun-2017_rpm320_doc0p020,validation,42,0,cv_evaluation,no_chatter,0,0.0029611627,32
turning,cnn_ae,global_mse,2inchStickout_F_08-Jun-2017_rpm320_doc0p020_window_0004,2inchStickout/F_08-Jun-2017_rpm320_doc0p020,validation,42,0,cv_evaluation,no_chatter,0,0.0022871287,32
turning,cnn_ae,global_mse,2inchStickout_F_08-Jun-2017_rpm320_doc0p020_window_0005,2inchStickout/F_08-Jun-2017_rpm320_doc0p020,train,42,0,cv_evaluation,no_chatter,0,0.0020256669,32
turning,cnn_ae,global_mse,2inchStickout_F_08-Jun-2017_rpm320_doc0p020_window_0006,2inchStickout/F_08-Jun-2017_rpm320_doc0p020,validation,42,0,cv_evaluation,no_chatter,0,0.001855638,32
turning,cnn_ae,global_mse,2inchStickout_F_08-Jun-2017_rpm320_doc0p020_window_0007,2inchStickout/F_08-Jun-2017_rpm320_doc0p020,train,42,0,cv_evaluation,no_chatter,0,0.0017645189,32
turning,cnn_ae,global_mse,2inchStickout_F_08-Jun-2017_rpm320_doc0p020_window_0008,2inchStickout/F_08-Jun-2017_rpm320_doc0p020,train,42,0,cv_evaluation,no_chatter,0,0.0025874053,32
turning,cnn_ae,global_mse,2inchStickout_F_08-Jun-2017_rpm320_doc0p020_window_0009,2inchStickout/F_08-Jun-2017_rpm320_doc0p020,train,42,0,cv_evaluation,no_chatter,0,0.003355223,32
turning,cnn_ae,global_mse,2inchStickout_F_08-Jun-2017_rpm320_doc0p020_window_0010,2inchStickout/F_08-Jun-2017_rpm320_doc0p020,train,42,0,cv_evaluation,no_chatter,0,0.0047302614,32
turning,cnn_ae,global_mse,2inchStickout_F_08-Jun-2017_rpm320_doc0p020_window_0011,2inchStickout/F_08-Jun-2017_rpm320_doc0p020,train,42,0,cv_evaluation,no_chatter,0,0.00658153,32
turning,cnn_ae,global_mse,2inchStickout_F_08-Jun-2017_rpm320_doc0p020_window_0012,2inchStickout/F_08-Jun-2017_rpm320_doc0p020,train,42,0,cv_evaluation,no_chatter,0,0.0045327162,32
turning,cnn_ae,global_mse,2inchStickout_F_08-Jun-2017_rpm320_doc0p020_window_0013,2inchStickout/F_08-Jun-2017_rpm320_doc0p020,validation,42,0,cv_evaluation,no_chatter,0,0.0019168905,32
turning,cnn_ae,global_mse,2inchStickout_F_08-Jun-2017_rpm320_doc0p020_window_0014,2inchStickout/F_08-Jun-2017_rpm320_doc0p020,validation,42,0,cv_evaluation,no_chatter,0,0.0020917119,32
turning,cnn_ae,global_mse,2inchStickout_F_08-Jun-2017_rpm320_doc0p020_window_0015,2inchStickout/F_08-Jun-2017_rpm320_doc0p020,train,42,0,cv_evaluation,no_chatter,0,0.002021549,32
turning,cnn_ae,global_mse,2inchStickout_F_08-Jun-2017_rpm320_doc0p020_window_0016,2inchStickout/F_08-Jun-2017_rpm320_doc0p020,train,42,0,cv_evaluation,no_chatter,0,0.00189922,32
turning,cnn_ae,global_mse,2inchStickout_F_08-Jun-2017_rpm320_doc0p020_window_0017,2inchStickout/F_08-Jun-2017_rpm320_doc0p020,train,42,0,cv_evaluation,no_chatter,0,0.0018619215,32
turning,cnn_ae,global_mse,2inchStickout_F_08-Jun-2017_rpm320_doc0p020_window_0018,2inchStickout/F_08-Jun-2017_rpm320_doc0p020,train,42,0,cv_evaluation,no_chatter,0,0.0019187228,32
turning,cnn_ae,global_mse,2inchStickout_F_08-Jun-2017_rpm320_doc0p020_window_0019,2inchStickout/F_08-Jun-2017_rpm320_doc0p020,train,42,0,cv_evaluation,no_chatter,0,0.0018874429,32
turning,cnn_ae,global_mse,2inchStickout_F_08-Jun-2017_rpm320_doc0p020_window_0020,2inchStickout/F_08-Jun-2017_rpm320_doc0p020,train,42,0,cv_evaluation,no_chatter,0,0.0019813764,32
turning,cnn_ae,global_mse,2inchStickout_F_08-Jun-2017_rpm320_doc0p020_window_0021,2inchStickout/F_08-Jun-2017_rpm320_doc0p020,train,42,0,cv_evaluation,no_chatter,0,0.0020642327,32
turning,cnn_ae,global_mse,2inchStickout_F_08-Jun-2017_rpm320_doc0p020_window_0022,2inchStickout/F_08-Jun-2017_rpm320_doc0p020,validation,42,0,cv_evaluation,no_chatter,0,0.002104892,32
turning,cnn_ae,global_mse,2inchStickout_F_08-Jun-2017_rpm320_doc0p020_window_0023,2inchStickout/F_08-Jun-2017_rpm320_doc0p020,train,42,0,cv_evaluation,no_chatter,0,0.0016819579,32
turning,cnn_ae,global_mse,2inchStickout_F_08-Jun-2017_rpm320_doc0p025_window_0000,2inchStickout/F_08-Jun-2017_rpm320_doc0p025,train,42,0,cv_evaluation,no_chatter,0,0.0029971923,32
turning,cnn_ae,global_mse,2inchStickout_F_08-Jun-2017_rpm320_doc0p025_window_0001,2inchStickout/F_08-Jun-2017_rpm320_doc0p025,train,42,0,cv_evaluation,no_chatter,0,0.0029793945,32
turning,cnn_ae,global_mse,2inchStickout_F_08-Jun-2017_rpm320_doc0p025_window_0002,2inchStickout/F_08-Jun-2017_rpm320_doc0p025,train,42,0,cv_evaluation,no_chatter,0,0.0029202066,32
turning,cnn_ae,global_mse,2inchStickout_F_08-Jun-2017_rpm320_doc0p025_window_0003,2inchStickout/F_08-Jun-2017_rpm320_doc0p025,validation,42,0,cv_evaluation,no_chatter,0,0.0020490135,32
turning,cnn_ae,global_mse,2inchStickout_F_08-Jun-2017_rpm320_doc0p025_window_0004,2inchStickout/F_08-Jun-2017_rpm320_doc0p025,validation,42,0,cv_evaluation,no_chatter,0,0.0013939359,32
turning,cnn_ae,global_mse,2inchStickout_F_08-Jun-2017_rpm320_doc0p025_window_0005,2inchStickout/F_08-Jun-2017_rpm320_doc0p025,train,42,0,cv_evaluation,no_chatter,0,0.0012667801,32
turning,cnn_ae,global_mse,2inchStickout_F_08-Jun-2017_rpm320_doc0p025_window_0006,2inchStickout/F_08-Jun-2017_rpm320_doc0p025,train,42,0,cv_evaluation,no_chatter,0,0.0010985845,32
turning,cnn_ae,global_mse,2inchStickout_F_08-Jun-2017_rpm320_doc0p025_window_0007,2inchStickout/F_08-Jun-2017_rpm320_doc0p025,train,42,0,cv_evaluation,no_chatter,0,0.001116368,32
turning,cnn_ae,global_mse,2inchStickout_F_08-Jun-2017_rpm320_doc0p025_window_0008,2inchStickout/F_08-Jun-2017_rpm320_doc0p025,validation,42,0,cv_evaluation,no_chatter,0,0.00103853,32
turning,cnn_ae,global_mse,2inchStickout_F_08-Jun-2017_rpm320_doc0p025_window_0009,2inchStickout/F_08-Jun-2017_rpm320_doc0p025,train,42,0,cv_evaluation,no_chatter,0,0.0010791206,32
turning,cnn_ae,global_mse,2inchStickout_F_08-Jun-2017_rpm320_doc0p025_window_0010,2inchStickout/F_08-Jun-2017_rpm320_doc0p025,train,42,0,cv_evaluation,no_chatter,0,0.0010973888,32
turning,cnn_ae,global_mse,2inchStickout_F_08-Jun-2017_rpm320_doc0p025_window_0011,2inchStickout/F_08-Jun-2017_rpm320_doc0p025,train,42,0,cv_evaluation,no_chatter,0,0.0011585379,32
turning,cnn_ae,global_mse,2inchStickout_F_08-Jun-2017_rpm320_doc0p025_window_0012,2inchStickout/F_08-Jun-2017_rpm320_doc0p025,validation,42,0,cv_evaluation,no_chatter,0,0.002866673,32
turning,cnn_ae,global_mse,2inchStickout_F_08-Jun-2017_rpm320_doc0p025_window_0013,2inchStickout/F_08-Jun-2017_rpm320_doc0p025,validation,42,0,cv_evaluation,no_chatter,0,0.004096116,32
turning,cnn_ae,global_mse,2inchStickout_F_08-Jun-2017_rpm320_doc0p025_window_0014,2inchStickout/F_08-Jun-2017_rpm320_doc0p025,train,42,0,cv_evaluation,no_chatter,0,0.0059339455,32
turning,cnn_ae,global_mse,2inchStickout_F_08-Jun-2017_rpm320_doc0p025_window_0015,2inchStickout/F_08-Jun-2017_rpm320_doc0p025,train,42,0,cv_evaluation,no_chatter,0,0.0077641397,32
turning,cnn_ae,global_mse,2inchStickout_F_08-Jun-2017_rpm320_doc0p025_window_0016,2inchStickout/F_08-Jun-2017_rpm320_doc0p025,train,42,0,cv_evaluation,no_chatter,0,0.0044583534,32
turning,cnn_ae,global_mse,2inchStickout_F_08-Jun-2017_rpm320_doc0p025_window_0017,2inchStickout/F_08-Jun-2017_rpm320_doc0p025,validation,42,0,cv_evaluation,no_chatter,0,0.003006129,32
turning,cnn_ae,global_mse,2inchStickout_F_08-Jun-2017_rpm320_doc0p025_window_0018,2inchStickout/F_08-Jun-2017_rpm320_doc0p025,train,42,0,cv_evaluation,no_chatter,0,0.0034209017,32
turning,cnn_ae,global_mse,2inchStickout_F_08-Jun-2017_rpm320_doc0p025_window_0019,2inchStickout/F_08-Jun-2017_rpm320_doc0p025,train,42,0,cv_evaluation,no_chatter,0,0.0030215576,32
turning,cnn_ae,global_mse,2inchStickout_F_08-Jun-2017_rpm320_doc0p025_window_0020,2inchStickout/F_08-Jun-2017_rpm320_doc0p025,train,42,0,cv_evaluation,no_chatter,0,0.003108815,32
turning,cnn_ae,global_mse,2inchStickout_F_08-Jun-2017_rpm320_doc0p025_window_0021,2inchStickout/F_08-Jun-2017_rpm320_doc0p025,validation,42,0,cv_evaluation,no_chatter,0,0.0021386265,32
turning,cnn_ae,global_mse,2inchStickout_F_08-Jun-2017_rpm320_doc0p025_window_0022,2inchStickout/F_08-Jun-2017_rpm320_doc0p025,train,42,0,cv_evaluation,no_chatter,0,0.0014358314,32
turning,cnn_ae,global_mse,2inchStickout_F_08-Jun-2017_rpm320_doc0p025_window_0023,2inchStickout/F_08-Jun-2017_rpm320_doc0p025,validation,42,0,cv_evaluation,no_chatter,0,0.002055158,32
turning,cnn_ae,global_mse,2inchStickout_F_08-Jun-2017_rpm425_doc0p010_window_0000,2inchStickout/F_08-Jun-2017_rpm425_doc0p010,validation,42,0,cv_evaluation,no_chatter,0,0.0029826958,32
turning,cnn_ae,global_mse,2inchStickout_F_08-Jun-2017_rpm425_doc0p010_window_0001,2inchStickout/F_08-Jun-2017_rpm425_doc0p010,train,42,0,cv_evaluation,no_chatter,0,0.0028455353,32
turning,cnn_ae,global_mse,2inchStickout_F_08-Jun-2017_rpm425_doc0p010_window_0002,2inchStickout/F_08-Jun-2017_rpm425_doc0p010,train,42,0,cv_evaluation,no_chatter,0,0.0017335917,32
turning,cnn_ae,global_mse,2inchStickout_F_08-Jun-2017_rpm425_doc0p010_window_0003,2inchStickout/F_08-Jun-2017_rpm425_doc0p010,train,42,0,cv_evaluation,no_chatter,0,0.00174247,32
turning,cnn_ae,global_mse,2inchStickout_F_08-Jun-2017_rpm425_doc0p010_window_0004,2inchStickout/F_08-Jun-2017_rpm425_doc0p010,train,42,0,cv_evaluation,no_chatter,0,0.0017978343,32
turning,cnn_ae,global_mse,2inchStickout_F_08-Jun-2017_rpm425_doc0p010_window_0005,2inchStickout/F_08-Jun-2017_rpm425_doc0p010,validation,42,0,cv_evaluation,no_chatter,0,0.0019837783,32
turning,cnn_ae,global_mse,2inchStickout_F_08-Jun-2017_rpm425_doc0p010_window_0006,2inchStickout/F_08-Jun-2017_rpm425_doc0p010,train,42,0,cv_evaluation,no_chatter,0,0.0024451634,32
turning,cnn_ae,global_mse,2inchStickout_F_08-Jun-2017_rpm425_doc0p010_window_0007,2inchStickout/F_08-Jun-2017_rpm425_doc0p010,train,42,0,cv_evaluation,no_chatter,0,0.002834476,32
turning,cnn_ae,global_mse,2inchStickout_F_08-Jun-2017_rpm425_doc0p020_window_0000,2inchStickout/F_08-Jun-2017_rpm425_doc0p020,train,42,0,cv_evaluation,no_chatter,0,0.0030305875,32
turning,cnn_ae,global_mse,2inchStickout_F_08-Jun-2017_rpm425_doc0p020_window_0001,2inchStickout/F_08-Jun-2017_rpm425_doc0p020,train,42,0,cv_evaluation,no_chatter,0,0.0028584239,32
turning,cnn_ae,global_mse,2inchStickout_F_08-Jun-2017_rpm425_doc0p020_window_0002,2inchStickout/F_08-Jun-2017_rpm425_doc0p020,test,42,0,cv_evaluation,no_chatter,0,0.0017090929,32
turning,cnn_ae,global_mse,2inchStickout_F_08-Jun-2017_rpm425_doc0p020_window_0003,2inchStickout/F_08-Jun-2017_rpm425_doc0p020,train,42,0,cv_evaluation,no_chatter,0,0.0019973735,32
turning,cnn_ae,global_mse,2inchStickout_F_08-Jun-2017_rpm425_doc0p020_window_0004,2inchStickout/F_08-Jun-2017_rpm425_doc0p020,train,42,0,cv_evaluation,no_chatter,0,0.0033133482,32
turning,cnn_ae,global_mse,2inchStickout_F_08-Jun-2017_rpm425_doc0p020_window_0005,2inchStickout/F_08-Jun-2017_rpm425_doc0p020,test,42,0,cv_evaluation,no_chatter,0,0.008987765,32
turning,cnn_ae,global_mse,2inchStickout_F_08-Jun-2017_rpm425_doc0p020_window_0006,2inchStickout/F_08-Jun-2017_rpm425_doc0p020,validation,42,0,cv_evaluation,chatter,1,0.018094651,32
turning,cnn_ae,global_mse,2inchStickout_F_08-Jun-2017_rpm425_doc0p020_window_0007,2inchStickout/F_08-Jun-2017_rpm425_doc0p020,validation,42,0,cv_evaluation,chatter,1,0.014872903,32
turning,cnn_ae,global_mse,2inchStickout_F_08-Jun-2017_rpm770_doc0p010_window_0000,2inchStickout/F_08-Jun-2017_rpm770_doc0p010,train,42,0,cv_evaluation,no_chatter,0,0.0030573262,32
turning,cnn_ae,global_mse,2inchStickout_F_08-Jun-2017_rpm770_doc0p010_window_0001,2inchStickout/F_08-Jun-2017_rpm770_doc0p010,test,42,0,cv_evaluation,chatter,1,0.02420111,32
turning,cnn_ae,global_mse,2inchStickout_F_08-Jun-2017_rpm770_doc0p010_window_0002,2inchStickout/F_08-Jun-2017_rpm770_doc0p010,test,42,0,cv_evaluation,chatter,1,0.05800074,32
turning,cnn_ae,global_mse,2inchStickout_F_08-Jun-2017_rpm770_doc0p010_window_0003,2inchStickout/F_08-Jun-2017_rpm770_doc0p010,test,42,0,cv_evaluation,chatter,1,0.061352745,32
turning,cnn_ae,global_mse,2inchStickout_F_08-Jun-2017_rpm770_doc0p010_window_0004,2inchStickout/F_08-Jun-2017_rpm770_doc0p010,test,42,0,cv_evaluation,chatter,1,0.06400176,32
turning,cnn_ae,global_mse,2inchStickout_F_08-Jun-2017_rpm770_doc0p010_window_0005,2inchStickout/F_08-Jun-2017_rpm770_doc0p010,test,42,0,cv_evaluation,chatter,1,0.06668391,32
turning,cnn_ae,global_mse,2inchStickout_F_08-Jun-2017_rpm770_doc0p010_window_0006,2inchStickout/F_08-Jun-2017_rpm770_doc0p010,test,42,0,cv_evaluation,chatter,1,0.06744401,32
turning,cnn_ae,global_mse,2inchStickout_F_08-Jun-2017_rpm770_doc0p010_window_0007,2inchStickout/F_08-Jun-2017_rpm770_doc0p010,test,42,0,cv_evaluation,chatter,1,0.06401092,32
turning,cnn_ae,global_mse,2inchStickout_F_08-Jun-2017_rpm770_doc0p010_window_0008,2inchStickout/F_08-Jun-2017_rpm770_doc0p010,test,42,0,cv_evaluation,chatter,1,0.06739842,32
turning,cnn_ae,global_mse,2inchStickout_F_08-Jun-2017_rpm770_doc0p010_window_0009,2inchStickout/F_08-Jun-2017_rpm770_doc0p010,test,42,0,cv_evaluation,chatter,1,0.0705949,32
turning,cnn_ae,global_mse,2inchStickout_F_08-Jun-2017_rpm770_doc0p010_window_0010,2inchStickout/F_08-Jun-2017_rpm770_doc0p010,test,42,0,cv_evaluation,chatter,1,0.08209685,32
turning,cnn_ae,global_mse,2inchStickout_F_08-Jun-2017_rpm770_doc0p010_window_0011,2inchStickout/F_08-Jun-2017_rpm770_doc0p010,test,42,0,cv_evaluation,chatter,1,0.07952731,32
turning,cnn_ae,global_mse,2inchStickout_F_08-Jun-2017_rpm770_doc0p010_window_0012,2inchStickout/F_08-Jun-2017_rpm770_doc0p010,test,42,0,cv_evaluation,chatter,1,0.0655632,32
turning,cnn_ae,global_mse,2inchStickout_F_08-Jun-2017_rpm770_doc0p010_window_0013,2inchStickout/F_08-Jun-2017_rpm770_doc0p010,test,42,0,cv_evaluation,chatter,1,0.046354037,32
turning,cnn_ae,global_mse,2inchStickout_F_08-Jun-2017_rpm770_doc0p010_window_0014,2inchStickout/F_08-Jun-2017_rpm770_doc0p010,train,42,0,cv_evaluation,no_chatter,0,0.012072264,32
turning,cnn_ae,global_mse,2inchStickout_F_08-Jun-2017_rpm770_doc0p010_window_0015,2inchStickout/F_08-Jun-2017_rpm770_doc0p010,train,42,0,cv_evaluation,no_chatter,0,0.0030661437,32
turning,cnn_ae,global_mse,2inchStickout_F_08-Jun-2017_rpm770_doc0p010_window_0016,2inchStickout/F_08-Jun-2017_rpm770_doc0p010,train,42,0,cv_evaluation,no_chatter,0,0.0030696304,32
turning,cnn_ae,global_mse,2inchStickout_F_08-Jun-2017_rpm770_doc0p010_window_0017,2inchStickout/F_08-Jun-2017_rpm770_doc0p010,train,42,0,cv_evaluation,no_chatter,0,0.0030662157,32
turning,cnn_ae,global_mse,2inchStickout_F_08-Jun-2017_rpm770_doc0p010_window_0018,2inchStickout/F_08-Jun-2017_rpm770_doc0p010,train,42,0,cv_evaluation,no_chatter,0,0.0031527425,32
turning,cnn_ae,global_mse,2inchStickout_F_08-Jun-2017_rpm770_doc0p010_window_0019,2inchStickout/F_08-Jun-2017_rpm770_doc0p010,train,42,0,cv_evaluation,no_chatter,0,0.0031952814,32
turning,cnn_ae,global_mse,2inchStickout_F_08-Jun-2017_rpm770_doc0p010_window_0020,2inchStickout/F_08-Jun-2017_rpm770_doc0p010,train,42,0,cv_evaluation,no_chatter,0,0.0032032302,32
turning,cnn_ae,global_mse,2inchStickout_F_08-Jun-2017_rpm770_doc0p010_window_0021,2inchStickout/F_08-Jun-2017_rpm770_doc0p010,train,42,0,cv_evaluation,no_chatter,0,0.0031788985,32
turning,cnn_ae,global_mse,2inchStickout_F_08-Jun-2017_rpm770_doc0p010_window_0022,2inchStickout/F_08-Jun-2017_rpm770_doc0p010,train,42,0,cv_evaluation,no_chatter,0,0.0031490547,32
turning,cnn_ae,global_mse,2inchStickout_F_08-Jun-2017_rpm770_doc0p010_window_0023,2inchStickout/F_08-Jun-2017_rpm770_doc0p010,train,42,0,cv_evaluation,no_chatter,0,0.0031476032,32
turning,cnn_ae,global_mse,2inchStickout_F_08-Jun-2017_smoothingCut2_noChatter_window_0000,2inchStickout/F_08-Jun-2017_smoothingCut2_noChatter,train,42,0,cv_evaluation,no_chatter,0,0.0029538106,32
turning,cnn_ae,global_mse,2inchStickout_F_08-Jun-2017_smoothingCut2_noChatter_window_0001,2inchStickout/F_08-Jun-2017_smoothingCut2_noChatter,test,42,0,cv_evaluation,no_chatter,0,0.0027000604,32
turning,cnn_ae,global_mse,2inchStickout_F_08-Jun-2017_smoothingCut2_noChatter_window_0002,2inchStickout/F_08-Jun-2017_smoothingCut2_noChatter,train,42,0,cv_evaluation,no_chatter,0,0.005208853,32
turning,cnn_ae,global_mse,2inchStickout_F_08-Jun-2017_smoothingCut2_noChatter_window_0003,2inchStickout/F_08-Jun-2017_smoothingCut2_noChatter,train,42,0,cv_evaluation,no_chatter,0,0.0031213108,32
turning,cnn_ae,global_mse,2inchStickout_F_08-Jun-2017_smoothingCut2_noChatter_window_0004,2inchStickout/F_08-Jun-2017_smoothingCut2_noChatter,train,42,0,cv_evaluation,no_chatter,0,0.0022177275,32
turning,cnn_ae,global_mse,2inchStickout_F_08-Jun-2017_smoothingCut2_noChatter_window_0005,2inchStickout/F_08-Jun-2017_smoothingCut2_noChatter,train,42,0,cv_evaluation,no_chatter,0,0.0017909108,32
turning,cnn_ae,global_mse,2inchStickout_F_08-Jun-2017_smoothingCut2_noChatter_window_0006,2inchStickout/F_08-Jun-2017_smoothingCut2_noChatter,train,42,0,cv_evaluation,no_chatter,0,0.0017626289,32
turning,cnn_ae,global_mse,2inchStickout_F_08-Jun-2017_smoothingCut2_noChatter_window_0007,2inchStickout/F_08-Jun-2017_smoothingCut2_noChatter,test,42,0,cv_evaluation,no_chatter,0,0.0017449015,32
turning,cnn_ae,global_mse,2inchStickout_F_08-Jun-2017_smoothingCut2_noChatter_window_0008,2inchStickout/F_08-Jun-2017_smoothingCut2_noChatter,train,42,0,cv_evaluation,no_chatter,0,0.0016292139,32
turning,cnn_ae,global_mse,2inchStickout_F_08-Jun-2017_smoothingCut2_noChatter_window_0009,2inchStickout/F_08-Jun-2017_smoothingCut2_noChatter,train,42,0,cv_evaluation,no_chatter,0,0.0017422228,32
turning,cnn_ae,global_mse,2inchStickout_F_08-Jun-2017_smoothingCut2_noChatter_window_0010,2inchStickout/F_08-Jun-2017_smoothingCut2_noChatter,test,42,0,cv_evaluation,no_chatter,0,0.0017241548,32
turning,cnn_ae,global_mse,2inchStickout_F_08-Jun-2017_smoothingCut2_noChatter_window_0011,2inchStickout/F_08-Jun-2017_smoothingCut2_noChatter,train,42,0,cv_evaluation,no_chatter,0,0.0017987695,32
turning,cnn_ae,global_mse,2p5inchStickout_F_12-Jun-2017_rpm570_doc0p008_window_0000,2p5inchStickout/F_12-Jun-2017_rpm570_doc0p008,train,42,0,cv_evaluation,no_chatter,0,0.0025450273,32
turning,cnn_ae,global_mse,2p5inchStickout_F_12-Jun-2017_rpm570_doc0p008_window_0001,2p5inchStickout/F_12-Jun-2017_rpm570_doc0p008,train,42,0,cv_evaluation,no_chatter,0,0.003721078,32
turning,cnn_ae,global_mse,2p5inchStickout_F_12-Jun-2017_rpm570_doc0p008_window_0002,2p5inchStickout/F_12-Jun-2017_rpm570_doc0p008,train,42,0,cv_evaluation,no_chatter,0,0.004472884,32
turning,cnn_ae,global_mse,2p5inchStickout_F_12-Jun-2017_rpm570_doc0p008_window_0003,2p5inchStickout/F_12-Jun-2017_rpm570_doc0p008,train,42,0,cv_evaluation,no_chatter,0,0.006506665,32
turning,cnn_ae,global_mse,2p5inchStickout_F_12-Jun-2017_rpm570_doc0p008_window_0004,2p5inchStickout/F_12-Jun-2017_rpm570_doc0p008,train,42,0,cv_evaluation,no_chatter,0,0.0045121387,32
turning,cnn_ae,global_mse,2p5inchStickout_F_12-Jun-2017_rpm570_doc0p008_window_0005,2p5inchStickout/F_12-Jun-2017_rpm570_doc0p008,train,42,0,cv_evaluation,no_chatter,0,0.007861986,32
turning,cnn_ae,global_mse,2p5inchStickout_F_12-Jun-2017_rpm570_doc0p008_window_0006,2p5inchStickout/F_12-Jun-2017_rpm570_doc0p008,train,42,0,cv_evaluation,no_chatter,0,0.0037434723,32
turning,cnn_ae,global_mse,2p5inchStickout_F_12-Jun-2017_rpm570_doc0p008_window_0007,2p5inchStickout/F_12-Jun-2017_rpm570_doc0p008,train,42,0,cv_evaluation,no_chatter,0,0.00467102,32
turning,cnn_ae,global_mse,2p5inchStickout_F_12-Jun-2017_rpm570_doc0p008_window_0008,2p5inchStickout/F_12-Jun-2017_rpm570_doc0p008,train,42,0,cv_evaluation,no_chatter,0,0.0046909265,32
turning,cnn_ae,global_mse,2p5inchStickout_F_12-Jun-2017_rpm570_doc0p008_window_0009,2p5inchStickout/F_12-Jun-2017_rpm570_doc0p008,validation,42,0,cv_evaluation,no_chatter,0,0.0044171396,32
turning,cnn_ae,global_mse,4p5inchStickout_F_12-Jun-2017_rpm570_doc0p035_window_0000,4p5inchStickout/F_12-Jun-2017_rpm570_doc0p035,validation,42,0,cv_evaluation,no_chatter,0,0.005045716,32
turning,cnn_ae,global_mse,4p5inchStickout_F_12-Jun-2017_rpm570_doc0p035_window_0001,4p5inchStickout/F_12-Jun-2017_rpm570_doc0p035,validation,42,0,cv_evaluation,no_chatter,0,0.007358385,32
turning,cnn_ae,global_mse,4p5inchStickout_F_12-Jun-2017_rpm570_doc0p035_window_0002,4p5inchStickout/F_12-Jun-2017_rpm570_doc0p035,train,42,0,cv_evaluation,no_chatter,0,0.008148783,32
turning,cnn_ae,global_mse,4p5inchStickout_F_12-Jun-2017_rpm570_doc0p035_window_0003,4p5inchStickout/F_12-Jun-2017_rpm570_doc0p035,train,42,0,cv_evaluation,no_chatter,0,0.006757013,32
turning,cnn_ae,global_mse,4p5inchStickout_F_12-Jun-2017_rpm570_doc0p035_window_0004,4p5inchStickout/F_12-Jun-2017_rpm570_doc0p035,train,42,0,cv_evaluation,no_chatter,0,0.006221177,32
turning,cnn_ae,global_mse,4p5inchStickout_F_12-Jun-2017_rpm570_doc0p035_window_0005,4p5inchStickout/F_12-Jun-2017_rpm570_doc0p035,train,42,0,cv_evaluation,no_chatter,0,0.005691854,32
turning,cnn_ae,global_mse,4p5inchStickout_F_12-Jun-2017_rpm570_doc0p035_window_0006,4p5inchStickout/F_12-Jun-2017_rpm570_doc0p035,train,42,0,cv_evaluation,no_chatter,0,0.005518265,32
turning,cnn_ae,global_mse,4p5inchStickout_F_12-Jun-2017_rpm570_doc0p035_window_0007,4p5inchStickout/F_12-Jun-2017_rpm570_doc0p035,train,42,0,cv_evaluation,no_chatter,0,0.005321196,32
turning,cnn_ae,global_mse,4p5inchStickout_F_12-Jun-2017_rpm570_doc0p035_window_0008,4p5inchStickout/F_12-Jun-2017_rpm570_doc0p035,train,42,0,cv_evaluation,no_chatter,0,0.0049670395,32
turning,cnn_ae,global_mse,4p5inchStickout_F_12-Jun-2017_rpm570_doc0p035_window_0009,4p5inchStickout/F_12-Jun-2017_rpm570_doc0p035,train,42,0,cv_evaluation,no_chatter,0,0.00522168,32
turning,cnn_ae,global_mse,4p5inchStickout_F_12-Jun-2017_rpm570_doc0p035_window_0010,4p5inchStickout/F_12-Jun-2017_rpm570_doc0p035,validation,42,0,cv_evaluation,no_chatter,0,0.0039616837,32
turning,cnn_ae,global_mse,4p5inchStickout_F_12-Jun-2017_rpm570_doc0p035_window_0011,4p5inchStickout/F_12-Jun-2017_rpm570_doc0p035,train,42,0,cv_evaluation,no_chatter,0,0.0040093986,32
turning,cnn_ae,global_mse,4p5inchStickout_F_13-Jun-2017_rpm1030_doc0p005_window_0000,4p5inchStickout/F_13-Jun-2017_rpm1030_doc0p005,train,42,0,cv_evaluation,no_chatter,0,0.0039948397,32
turning,cnn_ae,global_mse,4p5inchStickout_F_13-Jun-2017_rpm1030_doc0p005_window_0001,4p5inchStickout/F_13-Jun-2017_rpm1030_doc0p005,test,42,0,cv_evaluation,no_chatter,0,0.008192983,32
turning,cnn_ae,global_mse,4p5inchStickout_F_13-Jun-2017_rpm1030_doc0p005_window_0002,4p5inchStickout/F_13-Jun-2017_rpm1030_doc0p005,test,42,0,cv_evaluation,no_chatter,0,0.009115875,32
turning,cnn_ae,global_mse,4p5inchStickout_F_13-Jun-2017_rpm1030_doc0p005_window_0003,4p5inchStickout/F_13-Jun-2017_rpm1030_doc0p005,train,42,0,cv_evaluation,no_chatter,0,0.010037989,32
turning,cnn_ae,global_mse,4p5inchStickout_F_13-Jun-2017_rpm1030_doc0p014_window_0000,4p5inchStickout/F_13-Jun-2017_rpm1030_doc0p014,train,42,0,cv_evaluation,no_chatter,0,0.0040394776,32
turning,cnn_ae,global_mse,4p5inchStickout_F_13-Jun-2017_rpm1030_doc0p014_window_0001,4p5inchStickout/F_13-Jun-2017_rpm1030_doc0p014,train,42,0,cv_evaluation,no_chatter,0,0.009780311,32
turning,cnn_ae,global_mse,4p5inchStickout_F_13-Jun-2017_rpm1030_doc0p014_window_0002,4p5inchStickout/F_13-Jun-2017_rpm1030_doc0p014,validation,42,0,cv_evaluation,no_chatter,0,0.0099041825,32
turning,cnn_ae,global_mse,4p5inchStickout_F_13-Jun-2017_rpm1030_doc0p014_window_0003,4p5inchStickout/F_13-Jun-2017_rpm1030_doc0p014,train,42,0,cv_evaluation,no_chatter,0,0.008140333,32
turning,cnn_ae,global_mse,4p5inchStickout_F_13-Jun-2017_rpm770_doc0p015_window_0000,4p5inchStickout/F_13-Jun-2017_rpm770_doc0p015,train,42,0,cv_evaluation,no_chatter,0,0.0039741206,32
turning,cnn_ae,global_mse,4p5inchStickout_F_13-Jun-2017_rpm770_doc0p015_window_0001,4p5inchStickout/F_13-Jun-2017_rpm770_doc0p015,validation,42,0,cv_evaluation,no_chatter,0,0.0037730173,32
turning,cnn_ae,global_mse,4p5inchStickout_F_13-Jun-2017_rpm770_doc0p015_window_0002,4p5inchStickout/F_13-Jun-2017_rpm770_doc0p015,validation,42,0,cv_evaluation,no_chatter,0,0.004921633,32
turning,cnn_ae,global_mse,4p5inchStickout_F_13-Jun-2017_rpm770_doc0p015_window_0003,4p5inchStickout/F_13-Jun-2017_rpm770_doc0p015,train,42,0,cv_evaluation,no_chatter,0,0.00556554,32
turning,cnn_ae,global_mse,4p5inchStickout_F_13-Jun-2017_rpm770_doc0p015_window_0004,4p5inchStickout/F_13-Jun-2017_rpm770_doc0p015,validation,42,0,cv_evaluation,no_chatter,0,0.0064257896,32
turning,cnn_ae,global_mse,4p5inchStickout_F_13-Jun-2017_rpm770_doc0p015_window_0005,4p5inchStickout/F_13-Jun-2017_rpm770_doc0p015,validation,42,0,cv_evaluation,no_chatter,0,0.004714304,32
turning,cnn_ae,global_mae,2inchStickout_F_08-Jun-2017_rpm320_doc0p020_window_0000,2inchStickout/F_08-Jun-2017_rpm320_doc0p020,validation,42,0,cv_evaluation,no_chatter,0,0.037986245,32
turning,cnn_ae,global_mae,2inchStickout_F_08-Jun-2017_rpm320_doc0p020_window_0001,2inchStickout/F_08-Jun-2017_rpm320_doc0p020,train,42,0,cv_evaluation,no_chatter,0,0.038048927,32
turning,cnn_ae,global_mae,2inchStickout_F_08-Jun-2017_rpm320_doc0p020_window_0002,2inchStickout/F_08-Jun-2017_rpm320_doc0p020,train,42,0,cv_evaluation,no_chatter,0,0.037916694,32
turning,cnn_ae,global_mae,2inchStickout_F_08-Jun-2017_rpm320_doc0p020_window_0003,2inchStickout/F_08-Jun-2017_rpm320_doc0p020,validation,42,0,cv_evaluation,no_chatter,0,0.037850298,32
turning,cnn_ae,global_mae,2inchStickout_F_08-Jun-2017_rpm320_doc0p020_window_0004,2inchStickout/F_08-Jun-2017_rpm320_doc0p020,validation,42,0,cv_evaluation,no_chatter,0,0.03330941,32
turning,cnn_ae,global_mae,2inchStickout_F_08-Jun-2017_rpm320_doc0p020_window_0005,2inchStickout/F_08-Jun-2017_rpm320_doc0p020,train,42,0,cv_evaluation,no_chatter,0,0.030481592,32
turning,cnn_ae,global_mae,2inchStickout_F_08-Jun-2017_rpm320_doc0p020_window_0006,2inchStickout/F_08-Jun-2017_rpm320_doc0p020,validation,42,0,cv_evaluation,no_chatter,0,0.02972313,32
turning,cnn_ae,global_mae,2inchStickout_F_08-Jun-2017_rpm320_doc0p020_window_0007,2inchStickout/F_08-Jun-2017_rpm320_doc0p020,train,42,0,cv_evaluation,no_chatter,0,0.02892868,32
turning,cnn_ae,global_mae,2inchStickout_F_08-Jun-2017_rpm320_doc0p020_window_0008,2inchStickout/F_08-Jun-2017_rpm320_doc0p020,train,42,0,cv_evaluation,no_chatter,0,0.031894315,32
turning,cnn_ae,global_mae,2inchStickout_F_08-Jun-2017_rpm320_doc0p020_window_0009,2inchStickout/F_08-Jun-2017_rpm320_doc0p020,train,42,0,cv_evaluation,no_chatter,0,0.034564536,32
turning,cnn_ae,global_mae,2inchStickout_F_08-Jun-2017_rpm320_doc0p020_window_0010,2inchStickout/F_08-Jun-2017_rpm320_doc0p020,train,42,0,cv_evaluation,no_chatter,0,0.037562955,32
turning,cnn_ae,global_mae,2inchStickout_F_08-Jun-2017_rpm320_doc0p020_window_0011,2inchStickout/F_08-Jun-2017_rpm320_doc0p020,train,42,0,cv_evaluation,no_chatter,0,0.04220171,32
turning,cnn_ae,global_mae,2inchStickout_F_08-Jun-2017_rpm320_doc0p020_window_0012,2inchStickout/F_08-Jun-2017_rpm320_doc0p020,train,42,0,cv_evaluation,no_chatter,0,0.03758416,32
turning,cnn_ae,global_mae,2inchStickout_F_08-Jun-2017_rpm320_doc0p020_window_0013,2inchStickout/F_08-Jun-2017_rpm320_doc0p020,validation,42,0,cv_evaluation,no_chatter,0,0.029943177,32
turning,cnn_ae,global_mae,2inchStickout_F_08-Jun-2017_rpm320_doc0p020_window_0014,2inchStickout/F_08-Jun-2017_rpm320_doc0p020,validation,42,0,cv_evaluation,no_chatter,0,0.031193338,32
turning,cnn_ae,global_mae,2inchStickout_F_08-Jun-2017_rpm320_doc0p020_window_0015,2inchStickout/F_08-Jun-2017_rpm320_doc0p020,train,42,0,cv_evaluation,no_chatter,0,0.031059947,32
turning,cnn_ae,global_mae,2inchStickout_F_08-Jun-2017_rpm320_doc0p020_window_0016,2inchStickout/F_08-Jun-2017_rpm320_doc0p020,train,42,0,cv_evaluation,no_chatter,0,0.029973214,32
turning,cnn_ae,global_mae,2inchStickout_F_08-Jun-2017_rpm320_doc0p020_window_0017,2inchStickout/F_08-Jun-2017_rpm320_doc0p020,train,42,0,cv_evaluation,no_chatter,0,0.029534267,32
turning,cnn_ae,global_mae,2inchStickout_F_08-Jun-2017_rpm320_doc0p020_window_0018,2inchStickout/F_08-Jun-2017_rpm320_doc0p020,train,42,0,cv_evaluation,no_chatter,0,0.029918246,32
turning,cnn_ae,global_mae,2inchStickout_F_08-Jun-2017_rpm320_doc0p020_window_0019,2inchStickout/F_08-Jun-2017_rpm320_doc0p020,train,42,0,cv_evaluation,no_chatter,0,0.029595885,32
turning,cnn_ae,global_mae,2inchStickout_F_08-Jun-2017_rpm320_doc0p020_window_0020,2inchStickout/F_08-Jun-2017_rpm320_doc0p020,train,42,0,cv_evaluation,no_chatter,0,0.03025804,32
turning,cnn_ae,global_mae,2inchStickout_F_08-Jun-2017_rpm320_doc0p020_window_0021,2inchStickout/F_08-Jun-2017_rpm320_doc0p020,train,42,0,cv_evaluation,no_chatter,0,0.030897753,32
turning,cnn_ae,global_mae,2inchStickout_F_08-Jun-2017_rpm320_doc0p020_window_0022,2inchStickout/F_08-Jun-2017_rpm320_doc0p020,validation,42,0,cv_evaluation,no_chatter,0,0.03117584,32
turning,cnn_ae,global_mae,2inchStickout_F_08-Jun-2017_rpm320_doc0p020_window_0023,2inchStickout/F_08-Jun-2017_rpm320_doc0p020,train,42,0,cv_evaluation,no_chatter,0,0.02745089,32
turning,cnn_ae,global_mae,2inchStickout_F_08-Jun-2017_rpm320_doc0p025_window_0000,2inchStickout/F_08-Jun-2017_rpm320_doc0p025,train,42,0,cv_evaluation,no_chatter,0,0.038050354,32
turning,cnn_ae,global_mae,2inchStickout_F_08-Jun-2017_rpm320_doc0p025_window_0001,2inchStickout/F_08-Jun-2017_rpm320_doc0p025,train,42,0,cv_evaluation,no_chatter,0,0.037886284,32
turning,cnn_ae,global_mae,2inchStickout_F_08-Jun-2017_rpm320_doc0p025_window_0002,2inchStickout/F_08-Jun-2017_rpm320_doc0p025,train,42,0,cv_evaluation,no_chatter,0,0.03750545,32
turning,cnn_ae,global_mae,2inchStickout_F_08-Jun-2017_rpm320_doc0p025_window_0003,2inchStickout/F_08-Jun-2017_rpm320_doc0p025,validation,42,0,cv_evaluation,no_chatter,0,0.03053897,32
turning,cnn_ae,global_mae,2inchStickout_F_08-Jun-2017_rpm320_doc0p025_window_0004,2inchStickout/F_08-Jun-2017_rpm320_doc0p025,validation,42,0,cv_evaluation,no_chatter,0,0.025044184,32
turning,cnn_ae,global_mae,2inchStickout_F_08-Jun-2017_rpm320_doc0p025_window_0005,2inchStickout/F_08-Jun-2017_rpm320_doc0p025,train,42,0,cv_evaluation,no_chatter,0,0.023931282,32
turning,cnn_ae,global_mae,2inchStickout_F_08-Jun-2017_rpm320_doc0p025_window_0006,2inchStickout/F_08-Jun-2017_rpm320_doc0p025,train,42,0,cv_evaluation,no_chatter,0,0.022510905,32
turning,cnn_ae,global_mae,2inchStickout_F_08-Jun-2017_rpm320_doc0p025_window_0007,2inchStickout/F_08-Jun-2017_rpm320_doc0p025,train,42,0,cv_evaluation,no_chatter,0,0.022625128,32
turning,cnn_ae,global_mae,2inchStickout_F_08-Jun-2017_rpm320_doc0p025_window_0008,2inchStickout/F_08-Jun-2017_rpm320_doc0p025,validation,42,0,cv_evaluation,no_chatter,0,0.02174209,32
turning,cnn_ae,global_mae,2inchStickout_F_08-Jun-2017_rpm320_doc0p025_window_0009,2inchStickout/F_08-Jun-2017_rpm320_doc0p025,train,42,0,cv_evaluation,no_chatter,0,0.022224685,32
turning,cnn_ae,global_mae,2inchStickout_F_08-Jun-2017_rpm320_doc0p025_window_0010,2inchStickout/F_08-Jun-2017_rpm320_doc0p025,train,42,0,cv_evaluation,no_chatter,0,0.022301288,32
turning,cnn_ae,global_mae,2inchStickout_F_08-Jun-2017_rpm320_doc0p025_window_0011,2inchStickout/F_08-Jun-2017_rpm320_doc0p025,train,42,0,cv_evaluation,no_chatter,0,0.022621501,32
turning,cnn_ae,global_mae,2inchStickout_F_08-Jun-2017_rpm320_doc0p025_window_0012,2inchStickout/F_08-Jun-2017_rpm320_doc0p025,validation,42,0,cv_evaluation,no_chatter,0,0.028974956,32
turning,cnn_ae,global_mae,2inchStickout_F_08-Jun-2017_rpm320_doc0p025_window_0013,2inchStickout/F_08-Jun-2017_rpm320_doc0p025,validation,42,0,cv_evaluation,no_chatter,0,0.032408416,32
turning,cnn_ae,global_mae,2inchStickout_F_08-Jun-2017_rpm320_doc0p025_window_0014,2inchStickout/F_08-Jun-2017_rpm320_doc0p025,train,42,0,cv_evaluation,no_chatter,0,0.037488006,32
turning,cnn_ae,global_mae,2inchStickout_F_08-Jun-2017_rpm320_doc0p025_window_0015,2inchStickout/F_08-Jun-2017_rpm320_doc0p025,train,42,0,cv_evaluation,no_chatter,0,0.041030962,32
turning,cnn_ae,global_mae,2inchStickout_F_08-Jun-2017_rpm320_doc0p025_window_0016,2inchStickout/F_08-Jun-2017_rpm320_doc0p025,train,42,0,cv_evaluation,no_chatter,0,0.033760346,32
turning,cnn_ae,global_mae,2inchStickout_F_08-Jun-2017_rpm320_doc0p025_window_0017,2inchStickout/F_08-Jun-2017_rpm320_doc0p025,validation,42,0,cv_evaluation,no_chatter,0,0.029948307,32
turning,cnn_ae,global_mae,2inchStickout_F_08-Jun-2017_rpm320_doc0p025_window_0018,2inchStickout/F_08-Jun-2017_rpm320_doc0p025,train,42,0,cv_evaluation,no_chatter,0,0.03142546,32
turning,cnn_ae,global_mae,2inchStickout_F_08-Jun-2017_rpm320_doc0p025_window_0019,2inchStickout/F_08-Jun-2017_rpm320_doc0p025,train,42,0,cv_evaluation,no_chatter,0,0.030316122,32
turning,cnn_ae,global_mae,2inchStickout_F_08-Jun-2017_rpm320_doc0p025_window_0020,2inchStickout/F_08-Jun-2017_rpm320_doc0p025,train,42,0,cv_evaluation,no_chatter,0,0.030735606,32
turning,cnn_ae,global_mae,2inchStickout_F_08-Jun-2017_rpm320_doc0p025_window_0021,2inchStickout/F_08-Jun-2017_rpm320_doc0p025,validation,42,0,cv_evaluation,no_chatter,0,0.027886521,32
turning,cnn_ae,global_mae,2inchStickout_F_08-Jun-2017_rpm320_doc0p025_window_0022,2inchStickout/F_08-Jun-2017_rpm320_doc0p025,train,42,0,cv_evaluation,no_chatter,0,0.02399805,32
turning,cnn_ae,global_mae,2inchStickout_F_08-Jun-2017_rpm320_doc0p025_window_0023,2inchStickout/F_08-Jun-2017_rpm320_doc0p025,validation,42,0,cv_evaluation,no_chatter,0,0.026820289,32
turning,cnn_ae,global_mae,2inchStickout_F_08-Jun-2017_rpm425_doc0p010_window_0000,2inchStickout/F_08-Jun-2017_rpm425_doc0p010,validation,42,0,cv_evaluation,no_chatter,0,0.037835438,32
turning,cnn_ae,global_mae,2inchStickout_F_08-Jun-2017_rpm425_doc0p010_window_0001,2inchStickout/F_08-Jun-2017_rpm425_doc0p010,train,42,0,cv_evaluation,no_chatter,0,0.037047468,32
turning,cnn_ae,global_mae,2inchStickout_F_08-Jun-2017_rpm425_doc0p010_window_0002,2inchStickout/F_08-Jun-2017_rpm425_doc0p010,train,42,0,cv_evaluation,no_chatter,0,0.028042164,32
turning,cnn_ae,global_mae,2inchStickout_F_08-Jun-2017_rpm425_doc0p010_window_0003,2inchStickout/F_08-Jun-2017_rpm425_doc0p010,train,42,0,cv_evaluation,no_chatter,0,0.02595188,32
turning,cnn_ae,global_mae,2inchStickout_F_08-Jun-2017_rpm425_doc0p010_window_0004,2inchStickout/F_08-Jun-2017_rpm425_doc0p010,train,42,0,cv_evaluation,no_chatter,0,0.026030025,32
turning,cnn_ae,global_mae,2inchStickout_F_08-Jun-2017_rpm425_doc0p010_window_0005,2inchStickout/F_08-Jun-2017_rpm425_doc0p010,validation,42,0,cv_evaluation,no_chatter,0,0.026434023,32
turning,cnn_ae,global_mae,2inchStickout_F_08-Jun-2017_rpm425_doc0p010_window_0006,2inchStickout/F_08-Jun-2017_rpm425_doc0p010,train,42,0,cv_evaluation,no_chatter,0,0.0286867,32
turning,cnn_ae,global_mae,2inchStickout_F_08-Jun-2017_rpm425_doc0p010_window_0007,2inchStickout/F_08-Jun-2017_rpm425_doc0p010,train,42,0,cv_evaluation,no_chatter,0,0.03104879,32
turning,cnn_ae,global_mae,2inchStickout_F_08-Jun-2017_rpm425_doc0p020_window_0000,2inchStickout/F_08-Jun-2017_rpm425_doc0p020,train,42,0,cv_evaluation,no_chatter,0,0.038235854,32
turning,cnn_ae,global_mae,2inchStickout_F_08-Jun-2017_rpm425_doc0p020_window_0001,2inchStickout/F_08-Jun-2017_rpm425_doc0p020,train,42,0,cv_evaluation,no_chatter,0,0.03716045,32
turning,cnn_ae,global_mae,2inchStickout_F_08-Jun-2017_rpm425_doc0p020_window_0002,2inchStickout/F_08-Jun-2017_rpm425_doc0p020,test,42,0,cv_evaluation,no_chatter,0,0.027573997,32
turning,cnn_ae,global_mae,2inchStickout_F_08-Jun-2017_rpm425_doc0p020_window_0003,2inchStickout/F_08-Jun-2017_rpm425_doc0p020,train,42,0,cv_evaluation,no_chatter,0,0.026703298,32
turning,cnn_ae,global_mae,2inchStickout_F_08-Jun-2017_rpm425_doc0p020_window_0004,2inchStickout/F_08-Jun-2017_rpm425_doc0p020,train,42,0,cv_evaluation,no_chatter,0,0.032128848,32
turning,cnn_ae,global_mae,2inchStickout_F_08-Jun-2017_rpm425_doc0p020_window_0005,2inchStickout/F_08-Jun-2017_rpm425_doc0p020,test,42,0,cv_evaluation,no_chatter,0,0.04911694,32
turning,cnn_ae,global_mae,2inchStickout_F_08-Jun-2017_rpm425_doc0p020_window_0006,2inchStickout/F_08-Jun-2017_rpm425_doc0p020,validation,42,0,cv_evaluation,chatter,1,0.08045131,32
turning,cnn_ae,global_mae,2inchStickout_F_08-Jun-2017_rpm425_doc0p020_window_0007,2inchStickout/F_08-Jun-2017_rpm425_doc0p020,validation,42,0,cv_evaluation,chatter,1,0.06871377,32
turning,cnn_ae,global_mae,2inchStickout_F_08-Jun-2017_rpm770_doc0p010_window_0000,2inchStickout/F_08-Jun-2017_rpm770_doc0p010,train,42,0,cv_evaluation,no_chatter,0,0.03873186,32
turning,cnn_ae,global_mae,2inchStickout_F_08-Jun-2017_rpm770_doc0p010_window_0001,2inchStickout/F_08-Jun-2017_rpm770_doc0p010,test,42,0,cv_evaluation,chatter,1,0.08580621,32
turning,cnn_ae,global_mae,2inchStickout_F_08-Jun-2017_rpm770_doc0p010_window_0002,2inchStickout/F_08-Jun-2017_rpm770_doc0p010,test,42,0,cv_evaluation,chatter,1,0.1718074,32
turning,cnn_ae,global_mae,2inchStickout_F_08-Jun-2017_rpm770_doc0p010_window_0003,2inchStickout/F_08-Jun-2017_rpm770_doc0p010,test,42,0,cv_evaluation,chatter,1,0.17980793,32
turning,cnn_ae,global_mae,2inchStickout_F_08-Jun-2017_rpm770_doc0p010_window_0004,2inchStickout/F_08-Jun-2017_rpm770_doc0p010,test,42,0,cv_evaluation,chatter,1,0.1858108,32
turning,cnn_ae,global_mae,2inchStickout_F_08-Jun-2017_rpm770_doc0p010_window_0005,2inchStickout/F_08-Jun-2017_rpm770_doc0p010,test,42,0,cv_evaluation,chatter,1,0.19154885,32
turning,cnn_ae,global_mae,2inchStickout_F_08-Jun-2017_rpm770_doc0p010_window_0006,2inchStickout/F_08-Jun-2017_rpm770_doc0p010,test,42,0,cv_evaluation,chatter,1,0.19310132,32
turning,cnn_ae,global_mae,2inchStickout_F_08-Jun-2017_rpm770_doc0p010_window_0007,2inchStickout/F_08-Jun-2017_rpm770_doc0p010,test,42,0,cv_evaluation,chatter,1,0.18759136,32
turning,cnn_ae,global_mae,2inchStickout_F_08-Jun-2017_rpm770_doc0p010_window_0008,2inchStickout/F_08-Jun-2017_rpm770_doc0p010,test,42,0,cv_evaluation,chatter,1,0.19317648,32
turning,cnn_ae,global_mae,2inchStickout_F_08-Jun-2017_rpm770_doc0p010_window_0009,2inchStickout/F_08-Jun-2017_rpm770_doc0p010,test,42,0,cv_evaluation,chatter,1,0.19932966,32
turning,cnn_ae,global_mae,2inchStickout_F_08-Jun-2017_rpm770_doc0p010_window_0010,2inchStickout/F_08-Jun-2017_rpm770_doc0p010,test,42,0,cv_evaluation,chatter,1,0.22020043,32
turning,cnn_ae,global_mae,2inchStickout_F_08-Jun-2017_rpm770_doc0p010_window_0011,2inchStickout/F_08-Jun-2017_rpm770_doc0p010,test,42,0,cv_evaluation,chatter,1,0.2136533,32
turning,cnn_ae,global_mae,2inchStickout_F_08-Jun-2017_rpm770_doc0p010_window_0012,2inchStickout/F_08-Jun-2017_rpm770_doc0p010,test,42,0,cv_evaluation,chatter,1,0.18914162,32
turning,cnn_ae,global_mae,2inchStickout_F_08-Jun-2017_rpm770_doc0p010_window_0013,2inchStickout/F_08-Jun-2017_rpm770_doc0p010,test,42,0,cv_evaluation,chatter,1,0.14753549,32
turning,cnn_ae,global_mae,2inchStickout_F_08-Jun-2017_rpm770_doc0p010_window_0014,2inchStickout/F_08-Jun-2017_rpm770_doc0p010,train,42,0,cv_evaluation,no_chatter,0,0.059516806,32
turning,cnn_ae,global_mae,2inchStickout_F_08-Jun-2017_rpm770_doc0p010_window_0015,2inchStickout/F_08-Jun-2017_rpm770_doc0p010,train,42,0,cv_evaluation,no_chatter,0,0.0386159,32
turning,cnn_ae,global_mae,2inchStickout_F_08-Jun-2017_rpm770_doc0p010_window_0016,2inchStickout/F_08-Jun-2017_rpm770_doc0p010,train,42,0,cv_evaluation,no_chatter,0,0.038680535,32
turning,cnn_ae,global_mae,2inchStickout_F_08-Jun-2017_rpm770_doc0p010_window_0017,2inchStickout/F_08-Jun-2017_rpm770_doc0p010,train,42,0,cv_evaluation,no_chatter,0,0.038612444,32
turning,cnn_ae,global_mae,2inchStickout_F_08-Jun-2017_rpm770_doc0p010_window_0018,2inchStickout/F_08-Jun-2017_rpm770_doc0p010,train,42,0,cv_evaluation,no_chatter,0,0.038821,32
turning,cnn_ae,global_mae,2inchStickout_F_08-Jun-2017_rpm770_doc0p010_window_0019,2inchStickout/F_08-Jun-2017_rpm770_doc0p010,train,42,0,cv_evaluation,no_chatter,0,0.039360277,32
turning,cnn_ae,global_mae,2inchStickout_F_08-Jun-2017_rpm770_doc0p010_window_0020,2inchStickout/F_08-Jun-2017_rpm770_doc0p010,train,42,0,cv_evaluation,no_chatter,0,0.039482124,32
turning,cnn_ae,global_mae,2inchStickout_F_08-Jun-2017_rpm770_doc0p010_window_0021,2inchStickout/F_08-Jun-2017_rpm770_doc0p010,train,42,0,cv_evaluation,no_chatter,0,0.039259467,32
turning,cnn_ae,global_mae,2inchStickout_F_08-Jun-2017_rpm770_doc0p010_window_0022,2inchStickout/F_08-Jun-2017_rpm770_doc0p010,train,42,0,cv_evaluation,no_chatter,0,0.038901355,32
turning,cnn_ae,global_mae,2inchStickout_F_08-Jun-2017_rpm770_doc0p010_window_0023,2inchStickout/F_08-Jun-2017_rpm770_doc0p010,train,42,0,cv_evaluation,no_chatter,0,0.038755793,32
turning,cnn_ae,global_mae,2inchStickout_F_08-Jun-2017_smoothingCut2_noChatter_window_0000,2inchStickout/F_08-Jun-2017_smoothingCut2_noChatter,train,42,0,cv_evaluation,no_chatter,0,0.037895653,32
turning,cnn_ae,global_mae,2inchStickout_F_08-Jun-2017_smoothingCut2_noChatter_window_0001,2inchStickout/F_08-Jun-2017_smoothingCut2_noChatter,test,42,0,cv_evaluation,no_chatter,0,0.035499424,32
turning,cnn_ae,global_mae,2inchStickout_F_08-Jun-2017_smoothingCut2_noChatter_window_0002,2inchStickout/F_08-Jun-2017_smoothingCut2_noChatter,train,42,0,cv_evaluation,no_chatter,0,0.037867155,32
turning,cnn_ae,global_mae,2inchStickout_F_08-Jun-2017_smoothingCut2_noChatter_window_0003,2inchStickout/F_08-Jun-2017_smoothingCut2_noChatter,train,42,0,cv_evaluation,no_chatter,0,0.031764735,32
turning,cnn_ae,global_mae,2inchStickout_F_08-Jun-2017_smoothingCut2_noChatter_window_0004,2inchStickout/F_08-Jun-2017_smoothingCut2_noChatter,train,42,0,cv_evaluation,no_chatter,0,0.02827542,32
turning,cnn_ae,global_mae,2inchStickout_F_08-Jun-2017_smoothingCut2_noChatter_window_0005,2inchStickout/F_08-Jun-2017_smoothingCut2_noChatter,train,42,0,cv_evaluation,no_chatter,0,0.026760226,32
turning,cnn_ae,global_mae,2inchStickout_F_08-Jun-2017_smoothingCut2_noChatter_window_0006,2inchStickout/F_08-Jun-2017_smoothingCut2_noChatter,train,42,0,cv_evaluation,no_chatter,0,0.026564816,32
turning,cnn_ae,global_mae,2inchStickout_F_08-Jun-2017_smoothingCut2_noChatter_window_0007,2inchStickout/F_08-Jun-2017_smoothingCut2_noChatter,test,42,0,cv_evaluation,no_chatter,0,0.026275853,32
turning,cnn_ae,global_mae,2inchStickout_F_08-Jun-2017_smoothingCut2_noChatter_window_0008,2inchStickout/F_08-Jun-2017_smoothingCut2_noChatter,train,42,0,cv_evaluation,no_chatter,0,0.025802257,32
turning,cnn_ae,global_mae,2inchStickout_F_08-Jun-2017_smoothingCut2_noChatter_window_0009,2inchStickout/F_08-Jun-2017_smoothingCut2_noChatter,train,42,0,cv_evaluation,no_chatter,0,0.026080687,32
turning,cnn_ae,global_mae,2inchStickout_F_08-Jun-2017_smoothingCut2_noChatter_window_0010,2inchStickout/F_08-Jun-2017_smoothingCut2_noChatter,test,42,0,cv_evaluation,no_chatter,0,0.025636904,32
turning,cnn_ae,global_mae,2inchStickout_F_08-Jun-2017_smoothingCut2_noChatter_window_0011,2inchStickout/F_08-Jun-2017_smoothingCut2_noChatter,train,42,0,cv_evaluation,no_chatter,0,0.025808122,32
turning,cnn_ae,global_mae,2p5inchStickout_F_12-Jun-2017_rpm570_doc0p008_window_0000,2p5inchStickout/F_12-Jun-2017_rpm570_doc0p008,train,42,0,cv_evaluation,no_chatter,0,0.03505476,32
turning,cnn_ae,global_mae,2p5inchStickout_F_12-Jun-2017_rpm570_doc0p008_window_0001,2p5inchStickout/F_12-Jun-2017_rpm570_doc0p008,train,42,0,cv_evaluation,no_chatter,0,0.03519262,32
turning,cnn_ae,global_mae,2p5inchStickout_F_12-Jun-2017_rpm570_doc0p008_window_0002,2p5inchStickout/F_12-Jun-2017_rpm570_doc0p008,train,42,0,cv_evaluation,no_chatter,0,0.03914988,32
turning,cnn_ae,global_mae,2p5inchStickout_F_12-Jun-2017_rpm570_doc0p008_window_0003,2p5inchStickout/F_12-Jun-2017_rpm570_doc0p008,train,42,0,cv_evaluation,no_chatter,0,0.047052562,32
turning,cnn_ae,global_mae,2p5inchStickout_F_12-Jun-2017_rpm570_doc0p008_window_0004,2p5inchStickout/F_12-Jun-2017_rpm570_doc0p008,train,42,0,cv_evaluation,no_chatter,0,0.039160036,32
turning,cnn_ae,global_mae,2p5inchStickout_F_12-Jun-2017_rpm570_doc0p008_window_0005,2p5inchStickout/F_12-Jun-2017_rpm570_doc0p008,train,42,0,cv_evaluation,no_chatter,0,0.052613337,32
turning,cnn_ae,global_mae,2p5inchStickout_F_12-Jun-2017_rpm570_doc0p008_window_0006,2p5inchStickout/F_12-Jun-2017_rpm570_doc0p008,train,42,0,cv_evaluation,no_chatter,0,0.035803676,32
turning,cnn_ae,global_mae,2p5inchStickout_F_12-Jun-2017_rpm570_doc0p008_window_0007,2p5inchStickout/F_12-Jun-2017_rpm570_doc0p008,train,42,0,cv_evaluation,no_chatter,0,0.039381165,32
turning,cnn_ae,global_mae,2p5inchStickout_F_12-Jun-2017_rpm570_doc0p008_window_0008,2p5inchStickout/F_12-Jun-2017_rpm570_doc0p008,train,42,0,cv_evaluation,no_chatter,0,0.039901458,32
turning,cnn_ae,global_mae,2p5inchStickout_F_12-Jun-2017_rpm570_doc0p008_window_0009,2p5inchStickout/F_12-Jun-2017_rpm570_doc0p008,validation,42,0,cv_evaluation,no_chatter,0,0.038222045,32
turning,cnn_ae,global_mae,4p5inchStickout_F_12-Jun-2017_rpm570_doc0p035_window_0000,4p5inchStickout/F_12-Jun-2017_rpm570_doc0p035,validation,42,0,cv_evaluation,no_chatter,0,0.04388992,32
turning,cnn_ae,global_mae,4p5inchStickout_F_12-Jun-2017_rpm570_doc0p035_window_0001,4p5inchStickout/F_12-Jun-2017_rpm570_doc0p035,validation,42,0,cv_evaluation,no_chatter,0,0.056457832,32
turning,cnn_ae,global_mae,4p5inchStickout_F_12-Jun-2017_rpm570_doc0p035_window_0002,4p5inchStickout/F_12-Jun-2017_rpm570_doc0p035,train,42,0,cv_evaluation,no_chatter,0,0.059729904,32
turning,cnn_ae,global_mae,4p5inchStickout_F_12-Jun-2017_rpm570_doc0p035_window_0003,4p5inchStickout/F_12-Jun-2017_rpm570_doc0p035,train,42,0,cv_evaluation,no_chatter,0,0.052687965,32
turning,cnn_ae,global_mae,4p5inchStickout_F_12-Jun-2017_rpm570_doc0p035_window_0004,4p5inchStickout/F_12-Jun-2017_rpm570_doc0p035,train,42,0,cv_evaluation,no_chatter,0,0.050359625,32
turning,cnn_ae,global_mae,4p5inchStickout_F_12-Jun-2017_rpm570_doc0p035_window_0005,4p5inchStickout/F_12-Jun-2017_rpm570_doc0p035,train,42,0,cv_evaluation,no_chatter,0,0.048141755,32
turning,cnn_ae,global_mae,4p5inchStickout_F_12-Jun-2017_rpm570_doc0p035_window_0006,4p5inchStickout/F_12-Jun-2017_rpm570_doc0p035,train,42,0,cv_evaluation,no_chatter,0,0.04719343,32
turning,cnn_ae,global_mae,4p5inchStickout_F_12-Jun-2017_rpm570_doc0p035_window_0007,4p5inchStickout/F_12-Jun-2017_rpm570_doc0p035,train,42,0,cv_evaluation,no_chatter,0,0.046017084,32
turning,cnn_ae,global_mae,4p5inchStickout_F_12-Jun-2017_rpm570_doc0p035_window_0008,4p5inchStickout/F_12-Jun-2017_rpm570_doc0p035,train,42,0,cv_evaluation,no_chatter,0,0.04318252,32
turning,cnn_ae,global_mae,4p5inchStickout_F_12-Jun-2017_rpm570_doc0p035_window_0009,4p5inchStickout/F_12-Jun-2017_rpm570_doc0p035,train,42,0,cv_evaluation,no_chatter,0,0.046693247,32
turning,cnn_ae,global_mae,4p5inchStickout_F_12-Jun-2017_rpm570_doc0p035_window_0010,4p5inchStickout/F_12-Jun-2017_rpm570_doc0p035,validation,42,0,cv_evaluation,no_chatter,0,0.042021934,32
turning,cnn_ae,global_mae,4p5inchStickout_F_12-Jun-2017_rpm570_doc0p035_window_0011,4p5inchStickout/F_12-Jun-2017_rpm570_doc0p035,train,42,0,cv_evaluation,no_chatter,0,0.042263843,32
turning,cnn_ae,global_mae,4p5inchStickout_F_13-Jun-2017_rpm1030_doc0p005_window_0000,4p5inchStickout/F_13-Jun-2017_rpm1030_doc0p005,train,42,0,cv_evaluation,no_chatter,0,0.042236634,32
turning,cnn_ae,global_mae,4p5inchStickout_F_13-Jun-2017_rpm1030_doc0p005_window_0001,4p5inchStickout/F_13-Jun-2017_rpm1030_doc0p005,test,42,0,cv_evaluation,no_chatter,0,0.056257673,32
turning,cnn_ae,global_mae,4p5inchStickout_F_13-Jun-2017_rpm1030_doc0p005_window_0002,4p5inchStickout/F_13-Jun-2017_rpm1030_doc0p005,test,42,0,cv_evaluation,no_chatter,0,0.061641075,32
turning,cnn_ae,global_mae,4p5inchStickout_F_13-Jun-2017_rpm1030_doc0p005_window_0003,4p5inchStickout/F_13-Jun-2017_rpm1030_doc0p005,train,42,0,cv_evaluation,no_chatter,0,0.070767656,32
turning,cnn_ae,global_mae,4p5inchStickout_F_13-Jun-2017_rpm1030_doc0p014_window_0000,4p5inchStickout/F_13-Jun-2017_rpm1030_doc0p014,train,42,0,cv_evaluation,no_chatter,0,0.042389475,32
turning,cnn_ae,global_mae,4p5inchStickout_F_13-Jun-2017_rpm1030_doc0p014_window_0001,4p5inchStickout/F_13-Jun-2017_rpm1030_doc0p014,train,42,0,cv_evaluation,no_chatter,0,0.059268408,32
turning,cnn_ae,global_mae,4p5inchStickout_F_13-Jun-2017_rpm1030_doc0p014_window_0002,4p5inchStickout/F_13-Jun-2017_rpm1030_doc0p014,validation,42,0,cv_evaluation,no_chatter,0,0.06561947,32
turning,cnn_ae,global_mae,4p5inchStickout_F_13-Jun-2017_rpm1030_doc0p014_window_0003,4p5inchStickout/F_13-Jun-2017_rpm1030_doc0p014,train,42,0,cv_evaluation,no_chatter,0,0.06093755,32
turning,cnn_ae,global_mae,4p5inchStickout_F_13-Jun-2017_rpm770_doc0p015_window_0000,4p5inchStickout/F_13-Jun-2017_rpm770_doc0p015,train,42,0,cv_evaluation,no_chatter,0,0.04207733,32
turning,cnn_ae,global_mae,4p5inchStickout_F_13-Jun-2017_rpm770_doc0p015_window_0001,4p5inchStickout/F_13-Jun-2017_rpm770_doc0p015,validation,42,0,cv_evaluation,no_chatter,0,0.039228257,32
turning,cnn_ae,global_mae,4p5inchStickout_F_13-Jun-2017_rpm770_doc0p015_window_0002,4p5inchStickout/F_13-Jun-2017_rpm770_doc0p015,validation,42,0,cv_evaluation,no_chatter,0,0.04293521,32
turning,cnn_ae,global_mae,4p5inchStickout_F_13-Jun-2017_rpm770_doc0p015_window_0003,4p5inchStickout/F_13-Jun-2017_rpm770_doc0p015,train,42,0,cv_evaluation,no_chatter,0,0.046341754,32
turning,cnn_ae,global_mae,4p5inchStickout_F_13-Jun-2017_rpm770_doc0p015_window_0004,4p5inchStickout/F_13-Jun-2017_rpm770_doc0p015,validation,42,0,cv_evaluation,no_chatter,0,0.05114953,32
turning,cnn_ae,global_mae,4p5inchStickout_F_13-Jun-2017_rpm770_doc0p015_window_0005,4p5inchStickout/F_13-Jun-2017_rpm770_doc0p015,validation,42,0,cv_evaluation,no_chatter,0,0.04199202,32
turning,cnn_ae,ver_max,2inchStickout_F_08-Jun-2017_rpm320_doc0p020_window_0000,2inchStickout/F_08-Jun-2017_rpm320_doc0p020,validation,42,0,cv_evaluation,no_chatter,0,0.0034157156,32
turning,cnn_ae,ver_max,2inchStickout_F_08-Jun-2017_rpm320_doc0p020_window_0001,2inchStickout/F_08-Jun-2017_rpm320_doc0p020,train,42,0,cv_evaluation,no_chatter,0,0.003426623,32
turning,cnn_ae,ver_max,2inchStickout_F_08-Jun-2017_rpm320_doc0p020_window_0002,2inchStickout/F_08-Jun-2017_rpm320_doc0p020,train,42,0,cv_evaluation,no_chatter,0,0.0034098688,32
turning,cnn_ae,ver_max,2inchStickout_F_08-Jun-2017_rpm320_doc0p020_window_0003,2inchStickout/F_08-Jun-2017_rpm320_doc0p020,validation,42,0,cv_evaluation,no_chatter,0,0.003316307,32
turning,cnn_ae,ver_max,2inchStickout_F_08-Jun-2017_rpm320_doc0p020_window_0004,2inchStickout/F_08-Jun-2017_rpm320_doc0p020,validation,42,0,cv_evaluation,no_chatter,0,0.0024937156,32
turning,cnn_ae,ver_max,2inchStickout_F_08-Jun-2017_rpm320_doc0p020_window_0005,2inchStickout/F_08-Jun-2017_rpm320_doc0p020,train,42,0,cv_evaluation,no_chatter,0,0.0023507779,32
turning,cnn_ae,ver_max,2inchStickout_F_08-Jun-2017_rpm320_doc0p020_window_0006,2inchStickout/F_08-Jun-2017_rpm320_doc0p020,validation,42,0,cv_evaluation,no_chatter,0,0.0020083261,32
turning,cnn_ae,ver_max,2inchStickout_F_08-Jun-2017_rpm320_doc0p020_window_0007,2inchStickout/F_08-Jun-2017_rpm320_doc0p020,train,42,0,cv_evaluation,no_chatter,0,0.002793274,32
turning,cnn_ae,ver_max,2inchStickout_F_08-Jun-2017_rpm320_doc0p020_window_0008,2inchStickout/F_08-Jun-2017_rpm320_doc0p020,train,42,0,cv_evaluation,no_chatter,0,0.0031381205,32
turning,cnn_ae,ver_max,2inchStickout_F_08-Jun-2017_rpm320_doc0p020_window_0009,2inchStickout/F_08-Jun-2017_rpm320_doc0p020,train,42,0,cv_evaluation,no_chatter,0,0.0046074037,32
turning,cnn_ae,ver_max,2inchStickout_F_08-Jun-2017_rpm320_doc0p020_window_0010,2inchStickout/F_08-Jun-2017_rpm320_doc0p020,train,42,0,cv_evaluation,no_chatter,0,0.008522083,32
turning,cnn_ae,ver_max,2inchStickout_F_08-Jun-2017_rpm320_doc0p020_window_0011,2inchStickout/F_08-Jun-2017_rpm320_doc0p020,train,42,0,cv_evaluation,no_chatter,0,0.007854084,32
turning,cnn_ae,ver_max,2inchStickout_F_08-Jun-2017_rpm320_doc0p020_window_0012,2inchStickout/F_08-Jun-2017_rpm320_doc0p020,train,42,0,cv_evaluation,no_chatter,0,0.00732109,32
turning,cnn_ae,ver_max,2inchStickout_F_08-Jun-2017_rpm320_doc0p020_window_0013,2inchStickout/F_08-Jun-2017_rpm320_doc0p020,validation,42,0,cv_evaluation,no_chatter,0,0.002178752,32
turning,cnn_ae,ver_max,2inchStickout_F_08-Jun-2017_rpm320_doc0p020_window_0014,2inchStickout/F_08-Jun-2017_rpm320_doc0p020,validation,42,0,cv_evaluation,no_chatter,0,0.0024950055,32
turning,cnn_ae,ver_max,2inchStickout_F_08-Jun-2017_rpm320_doc0p020_window_0015,2inchStickout/F_08-Jun-2017_rpm320_doc0p020,train,42,0,cv_evaluation,no_chatter,0,0.0023485206,32
turning,cnn_ae,ver_max,2inchStickout_F_08-Jun-2017_rpm320_doc0p020_window_0016,2inchStickout/F_08-Jun-2017_rpm320_doc0p020,train,42,0,cv_evaluation,no_chatter,0,0.0022676284,32
turning,cnn_ae,ver_max,2inchStickout_F_08-Jun-2017_rpm320_doc0p020_window_0017,2inchStickout/F_08-Jun-2017_rpm320_doc0p020,train,42,0,cv_evaluation,no_chatter,0,0.0022794593,32
turning,cnn_ae,ver_max,2inchStickout_F_08-Jun-2017_rpm320_doc0p020_window_0018,2inchStickout/F_08-Jun-2017_rpm320_doc0p020,train,42,0,cv_evaluation,no_chatter,0,0.0020774906,32
turning,cnn_ae,ver_max,2inchStickout_F_08-Jun-2017_rpm320_doc0p020_window_0019,2inchStickout/F_08-Jun-2017_rpm320_doc0p020,train,42,0,cv_evaluation,no_chatter,0,0.0022530823,32
turning,cnn_ae,ver_max,2inchStickout_F_08-Jun-2017_rpm320_doc0p020_window_0020,2inchStickout/F_08-Jun-2017_rpm320_doc0p020,train,42,0,cv_evaluation,no_chatter,0,0.0023475066,32
turning,cnn_ae,ver_max,2inchStickout_F_08-Jun-2017_rpm320_doc0p020_window_0021,2inchStickout/F_08-Jun-2017_rpm320_doc0p020,train,42,0,cv_evaluation,no_chatter,0,0.0025200916,32
turning,cnn_ae,ver_max,2inchStickout_F_08-Jun-2017_rpm320_doc0p020_window_0022,2inchStickout/F_08-Jun-2017_rpm320_doc0p020,validation,42,0,cv_evaluation,no_chatter,0,0.0024332008,32
turning,cnn_ae,ver_max,2inchStickout_F_08-Jun-2017_rpm320_doc0p020_window_0023,2inchStickout/F_08-Jun-2017_rpm320_doc0p020,train,42,0,cv_evaluation,no_chatter,0,0.0018917011,32
turning,cnn_ae,ver_max,2inchStickout_F_08-Jun-2017_rpm320_doc0p025_window_0000,2inchStickout/F_08-Jun-2017_rpm320_doc0p025,train,42,0,cv_evaluation,no_chatter,0,0.0034257865,32
turning,cnn_ae,ver_max,2inchStickout_F_08-Jun-2017_rpm320_doc0p025_window_0001,2inchStickout/F_08-Jun-2017_rpm320_doc0p025,train,42,0,cv_evaluation,no_chatter,0,0.0034265188,32
turning,cnn_ae,ver_max,2inchStickout_F_08-Jun-2017_rpm320_doc0p025_window_0002,2inchStickout/F_08-Jun-2017_rpm320_doc0p025,train,42,0,cv_evaluation,no_chatter,0,0.0033185976,32
turning,cnn_ae,ver_max,2inchStickout_F_08-Jun-2017_rpm320_doc0p025_window_0003,2inchStickout/F_08-Jun-2017_rpm320_doc0p025,validation,42,0,cv_evaluation,no_chatter,0,0.0027306483,32
turning,cnn_ae,ver_max,2inchStickout_F_08-Jun-2017_rpm320_doc0p025_window_0004,2inchStickout/F_08-Jun-2017_rpm320_doc0p025,validation,42,0,cv_evaluation,no_chatter,0,0.0015553784,32
turning,cnn_ae,ver_max,2inchStickout_F_08-Jun-2017_rpm320_doc0p025_window_0005,2inchStickout/F_08-Jun-2017_rpm320_doc0p025,train,42,0,cv_evaluation,no_chatter,0,0.0014851419,32
turning,cnn_ae,ver_max,2inchStickout_F_08-Jun-2017_rpm320_doc0p025_window_0006,2inchStickout/F_08-Jun-2017_rpm320_doc0p025,train,42,0,cv_evaluation,no_chatter,0,0.0012062511,32
turning,cnn_ae,ver_max,2inchStickout_F_08-Jun-2017_rpm320_doc0p025_window_0007,2inchStickout/F_08-Jun-2017_rpm320_doc0p025,train,42,0,cv_evaluation,no_chatter,0,0.0012510613,32
turning,cnn_ae,ver_max,2inchStickout_F_08-Jun-2017_rpm320_doc0p025_window_0008,2inchStickout/F_08-Jun-2017_rpm320_doc0p025,validation,42,0,cv_evaluation,no_chatter,0,0.0012690861,32
turning,cnn_ae,ver_max,2inchStickout_F_08-Jun-2017_rpm320_doc0p025_window_0009,2inchStickout/F_08-Jun-2017_rpm320_doc0p025,train,42,0,cv_evaluation,no_chatter,0,0.0012416627,32
turning,cnn_ae,ver_max,2inchStickout_F_08-Jun-2017_rpm320_doc0p025_window_0010,2inchStickout/F_08-Jun-2017_rpm320_doc0p025,train,42,0,cv_evaluation,no_chatter,0,0.0012519623,32
turning,cnn_ae,ver_max,2inchStickout_F_08-Jun-2017_rpm320_doc0p025_window_0011,2inchStickout/F_08-Jun-2017_rpm320_doc0p025,train,42,0,cv_evaluation,no_chatter,0,0.001552822,32
turning,cnn_ae,ver_max,2inchStickout_F_08-Jun-2017_rpm320_doc0p025_window_0012,2inchStickout/F_08-Jun-2017_rpm320_doc0p025,validation,42,0,cv_evaluation,no_chatter,0,0.0045240363,32
turning,cnn_ae,ver_max,2inchStickout_F_08-Jun-2017_rpm320_doc0p025_window_0013,2inchStickout/F_08-Jun-2017_rpm320_doc0p025,validation,42,0,cv_evaluation,no_chatter,0,0.007841285,32
turning,cnn_ae,ver_max,2inchStickout_F_08-Jun-2017_rpm320_doc0p025_window_0014,2inchStickout/F_08-Jun-2017_rpm320_doc0p025,train,42,0,cv_evaluation,no_chatter,0,0.010012033,32
turning,cnn_ae,ver_max,2inchStickout_F_08-Jun-2017_rpm320_doc0p025_window_0015,2inchStickout/F_08-Jun-2017_rpm320_doc0p025,train,42,0,cv_evaluation,no_chatter,0,0.011637422,32
turning,cnn_ae,ver_max,2inchStickout_F_08-Jun-2017_rpm320_doc0p025_window_0016,2inchStickout/F_08-Jun-2017_rpm320_doc0p025,train,42,0,cv_evaluation,no_chatter,0,0.008953188,32
turning,cnn_ae,ver_max,2inchStickout_F_08-Jun-2017_rpm320_doc0p025_window_0017,2inchStickout/F_08-Jun-2017_rpm320_doc0p025,validation,42,0,cv_evaluation,no_chatter,0,0.0042348728,32
turning,cnn_ae,ver_max,2inchStickout_F_08-Jun-2017_rpm320_doc0p025_window_0018,2inchStickout/F_08-Jun-2017_rpm320_doc0p025,train,42,0,cv_evaluation,no_chatter,0,0.0052948873,32
turning,cnn_ae,ver_max,2inchStickout_F_08-Jun-2017_rpm320_doc0p025_window_0019,2inchStickout/F_08-Jun-2017_rpm320_doc0p025,train,42,0,cv_evaluation,no_chatter,0,0.0051160464,32
turning,cnn_ae,ver_max,2inchStickout_F_08-Jun-2017_rpm320_doc0p025_window_0020,2inchStickout/F_08-Jun-2017_rpm320_doc0p025,train,42,0,cv_evaluation,no_chatter,0,0.0053172857,32
turning,cnn_ae,ver_max,2inchStickout_F_08-Jun-2017_rpm320_doc0p025_window_0021,2inchStickout/F_08-Jun-2017_rpm320_doc0p025,validation,42,0,cv_evaluation,no_chatter,0,0.0028901834,32
turning,cnn_ae,ver_max,2inchStickout_F_08-Jun-2017_rpm320_doc0p025_window_0022,2inchStickout/F_08-Jun-2017_rpm320_doc0p025,train,42,0,cv_evaluation,no_chatter,0,0.0017862191,32
turning,cnn_ae,ver_max,2inchStickout_F_08-Jun-2017_rpm320_doc0p025_window_0023,2inchStickout/F_08-Jun-2017_rpm320_doc0p025,validation,42,0,cv_evaluation,no_chatter,0,0.0039763427,32
turning,cnn_ae,ver_max,2inchStickout_F_08-Jun-2017_rpm425_doc0p010_window_0000,2inchStickout/F_08-Jun-2017_rpm425_doc0p010,validation,42,0,cv_evaluation,no_chatter,0,0.003398877,32
turning,cnn_ae,ver_max,2inchStickout_F_08-Jun-2017_rpm425_doc0p010_window_0001,2inchStickout/F_08-Jun-2017_rpm425_doc0p010,train,42,0,cv_evaluation,no_chatter,0,0.0032870464,32
turning,cnn_ae,ver_max,2inchStickout_F_08-Jun-2017_rpm425_doc0p010_window_0002,2inchStickout/F_08-Jun-2017_rpm425_doc0p010,train,42,0,cv_evaluation,no_chatter,0,0.0019124802,32
turning,cnn_ae,ver_max,2inchStickout_F_08-Jun-2017_rpm425_doc0p010_window_0003,2inchStickout/F_08-Jun-2017_rpm425_doc0p010,train,42,0,cv_evaluation,no_chatter,0,0.0020482056,32
turning,cnn_ae,ver_max,2inchStickout_F_08-Jun-2017_rpm425_doc0p010_window_0004,2inchStickout/F_08-Jun-2017_rpm425_doc0p010,train,42,0,cv_evaluation,no_chatter,0,0.0020255984,32
turning,cnn_ae,ver_max,2inchStickout_F_08-Jun-2017_rpm425_doc0p010_window_0005,2inchStickout/F_08-Jun-2017_rpm425_doc0p010,validation,42,0,cv_evaluation,no_chatter,0,0.0026357688,32
turning,cnn_ae,ver_max,2inchStickout_F_08-Jun-2017_rpm425_doc0p010_window_0006,2inchStickout/F_08-Jun-2017_rpm425_doc0p010,train,42,0,cv_evaluation,no_chatter,0,0.00361192,32
turning,cnn_ae,ver_max,2inchStickout_F_08-Jun-2017_rpm425_doc0p010_window_0007,2inchStickout/F_08-Jun-2017_rpm425_doc0p010,train,42,0,cv_evaluation,no_chatter,0,0.0041665845,32
turning,cnn_ae,ver_max,2inchStickout_F_08-Jun-2017_rpm425_doc0p020_window_0000,2inchStickout/F_08-Jun-2017_rpm425_doc0p020,train,42,0,cv_evaluation,no_chatter,0,0.003400909,32
turning,cnn_ae,ver_max,2inchStickout_F_08-Jun-2017_rpm425_doc0p020_window_0001,2inchStickout/F_08-Jun-2017_rpm425_doc0p020,train,42,0,cv_evaluation,no_chatter,0,0.0032211214,32
turning,cnn_ae,ver_max,2inchStickout_F_08-Jun-2017_rpm425_doc0p020_window_0002,2inchStickout/F_08-Jun-2017_rpm425_doc0p020,test,42,0,cv_evaluation,no_chatter,0,0.0018907874,32
turning,cnn_ae,ver_max,2inchStickout_F_08-Jun-2017_rpm425_doc0p020_window_0003,2inchStickout/F_08-Jun-2017_rpm425_doc0p020,train,42,0,cv_evaluation,no_chatter,0,0.0028753777,32
turning,cnn_ae,ver_max,2inchStickout_F_08-Jun-2017_rpm425_doc0p020_window_0004,2inchStickout/F_08-Jun-2017_rpm425_doc0p020,train,42,0,cv_evaluation,no_chatter,0,0.0041166637,32
turning,cnn_ae,ver_max,2inchStickout_F_08-Jun-2017_rpm425_doc0p020_window_0005,2inchStickout/F_08-Jun-2017_rpm425_doc0p020,test,42,0,cv_evaluation,no_chatter,0,0.016617272,32
turning,cnn_ae,ver_max,2inchStickout_F_08-Jun-2017_rpm425_doc0p020_window_0006,2inchStickout/F_08-Jun-2017_rpm425_doc0p020,validation,42,0,cv_evaluation,chatter,1,0.040799946,32
turning,cnn_ae,ver_max,2inchStickout_F_08-Jun-2017_rpm425_doc0p020_window_0007,2inchStickout/F_08-Jun-2017_rpm425_doc0p020,validation,42,0,cv_evaluation,chatter,1,0.04701828,32
turning,cnn_ae,ver_max,2inchStickout_F_08-Jun-2017_rpm770_doc0p010_window_0000,2inchStickout/F_08-Jun-2017_rpm770_doc0p010,train,42,0,cv_evaluation,no_chatter,0,0.0034758619,32
turning,cnn_ae,ver_max,2inchStickout_F_08-Jun-2017_rpm770_doc0p010_window_0001,2inchStickout/F_08-Jun-2017_rpm770_doc0p010,test,42,0,cv_evaluation,chatter,1,0.06491655,32
turning,cnn_ae,ver_max,2inchStickout_F_08-Jun-2017_rpm770_doc0p010_window_0002,2inchStickout/F_08-Jun-2017_rpm770_doc0p010,test,42,0,cv_evaluation,chatter,1,0.07028099,32
turning,cnn_ae,ver_max,2inchStickout_F_08-Jun-2017_rpm770_doc0p010_window_0003,2inchStickout/F_08-Jun-2017_rpm770_doc0p010,test,42,0,cv_evaluation,chatter,1,0.065972134,32
turning,cnn_ae,ver_max,2inchStickout_F_08-Jun-2017_rpm770_doc0p010_window_0004,2inchStickout/F_08-Jun-2017_rpm770_doc0p010,test,42,0,cv_evaluation,chatter,1,0.075221874,32
turning,cnn_ae,ver_max,2inchStickout_F_08-Jun-2017_rpm770_doc0p010_window_0005,2inchStickout/F_08-Jun-2017_rpm770_doc0p010,test,42,0,cv_evaluation,chatter,1,0.07456361,32
turning,cnn_ae,ver_max,2inchStickout_F_08-Jun-2017_rpm770_doc0p010_window_0006,2inchStickout/F_08-Jun-2017_rpm770_doc0p010,test,42,0,cv_evaluation,chatter,1,0.0720753,32
turning,cnn_ae,ver_max,2inchStickout_F_08-Jun-2017_rpm770_doc0p010_window_0007,2inchStickout/F_08-Jun-2017_rpm770_doc0p010,test,42,0,cv_evaluation,chatter,1,0.07111356,32
turning,cnn_ae,ver_max,2inchStickout_F_08-Jun-2017_rpm770_doc0p010_window_0008,2inchStickout/F_08-Jun-2017_rpm770_doc0p010,test,42,0,cv_evaluation,chatter,1,0.07641132,32
turning,cnn_ae,ver_max,2inchStickout_F_08-Jun-2017_rpm770_doc0p010_window_0009,2inchStickout/F_08-Jun-2017_rpm770_doc0p010,test,42,0,cv_evaluation,chatter,1,0.07961167,32
turning,cnn_ae,ver_max,2inchStickout_F_08-Jun-2017_rpm770_doc0p010_window_0010,2inchStickout/F_08-Jun-2017_rpm770_doc0p010,test,42,0,cv_evaluation,chatter,1,0.08753574,32
turning,cnn_ae,ver_max,2inchStickout_F_08-Jun-2017_rpm770_doc0p010_window_0011,2inchStickout/F_08-Jun-2017_rpm770_doc0p010,test,42,0,cv_evaluation,chatter,1,0.09247384,32
turning,cnn_ae,ver_max,2inchStickout_F_08-Jun-2017_rpm770_doc0p010_window_0012,2inchStickout/F_08-Jun-2017_rpm770_doc0p010,test,42,0,cv_evaluation,chatter,1,0.07368489,32
turning,cnn_ae,ver_max,2inchStickout_F_08-Jun-2017_rpm770_doc0p010_window_0013,2inchStickout/F_08-Jun-2017_rpm770_doc0p010,test,42,0,cv_evaluation,chatter,1,0.06876204,32
turning,cnn_ae,ver_max,2inchStickout_F_08-Jun-2017_rpm770_doc0p010_window_0014,2inchStickout/F_08-Jun-2017_rpm770_doc0p010,train,42,0,cv_evaluation,no_chatter,0,0.077153124,32
turning,cnn_ae,ver_max,2inchStickout_F_08-Jun-2017_rpm770_doc0p010_window_0015,2inchStickout/F_08-Jun-2017_rpm770_doc0p010,train,42,0,cv_evaluation,no_chatter,0,0.0035236236,32
turning,cnn_ae,ver_max,2inchStickout_F_08-Jun-2017_rpm770_doc0p010_window_0016,2inchStickout/F_08-Jun-2017_rpm770_doc0p010,train,42,0,cv_evaluation,no_chatter,0,0.0035148235,32
turning,cnn_ae,ver_max,2inchStickout_F_08-Jun-2017_rpm770_doc0p010_window_0017,2inchStickout/F_08-Jun-2017_rpm770_doc0p010,train,42,0,cv_evaluation,no_chatter,0,0.0034952278,32
turning,cnn_ae,ver_max,2inchStickout_F_08-Jun-2017_rpm770_doc0p010_window_0018,2inchStickout/F_08-Jun-2017_rpm770_doc0p010,train,42,0,cv_evaluation,no_chatter,0,0.0036722748,32
turning,cnn_ae,ver_max,2inchStickout_F_08-Jun-2017_rpm770_doc0p010_window_0019,2inchStickout/F_08-Jun-2017_rpm770_doc0p010,train,42,0,cv_evaluation,no_chatter,0,0.0036769863,32
turning,cnn_ae,ver_max,2inchStickout_F_08-Jun-2017_rpm770_doc0p010_window_0020,2inchStickout/F_08-Jun-2017_rpm770_doc0p010,train,42,0,cv_evaluation,no_chatter,0,0.0036576416,32
turning,cnn_ae,ver_max,2inchStickout_F_08-Jun-2017_rpm770_doc0p010_window_0021,2inchStickout/F_08-Jun-2017_rpm770_doc0p010,train,42,0,cv_evaluation,no_chatter,0,0.0036334903,32
turning,cnn_ae,ver_max,2inchStickout_F_08-Jun-2017_rpm770_doc0p010_window_0022,2inchStickout/F_08-Jun-2017_rpm770_doc0p010,train,42,0,cv_evaluation,no_chatter,0,0.0036076822,32
turning,cnn_ae,ver_max,2inchStickout_F_08-Jun-2017_rpm770_doc0p010_window_0023,2inchStickout/F_08-Jun-2017_rpm770_doc0p010,train,42,0,cv_evaluation,no_chatter,0,0.0036027327,32
turning,cnn_ae,ver_max,2inchStickout_F_08-Jun-2017_smoothingCut2_noChatter_window_0000,2inchStickout/F_08-Jun-2017_smoothingCut2_noChatter,train,42,0,cv_evaluation,no_chatter,0,0.0034067333,32
turning,cnn_ae,ver_max,2inchStickout_F_08-Jun-2017_smoothingCut2_noChatter_window_0001,2inchStickout/F_08-Jun-2017_smoothingCut2_noChatter,test,42,0,cv_evaluation,no_chatter,0,0.0031232818,32
turning,cnn_ae,ver_max,2inchStickout_F_08-Jun-2017_smoothingCut2_noChatter_window_0002,2inchStickout/F_08-Jun-2017_smoothingCut2_noChatter,train,42,0,cv_evaluation,no_chatter,0,0.008255006,32
turning,cnn_ae,ver_max,2inchStickout_F_08-Jun-2017_smoothingCut2_noChatter_window_0003,2inchStickout/F_08-Jun-2017_smoothingCut2_noChatter,train,42,0,cv_evaluation,no_chatter,0,0.003972702,32
turning,cnn_ae,ver_max,2inchStickout_F_08-Jun-2017_smoothingCut2_noChatter_window_0004,2inchStickout/F_08-Jun-2017_smoothingCut2_noChatter,train,42,0,cv_evaluation,no_chatter,0,0.0031292425,32
turning,cnn_ae,ver_max,2inchStickout_F_08-Jun-2017_smoothingCut2_noChatter_window_0005,2inchStickout/F_08-Jun-2017_smoothingCut2_noChatter,train,42,0,cv_evaluation,no_chatter,0,0.0021434184,32
turning,cnn_ae,ver_max,2inchStickout_F_08-Jun-2017_smoothingCut2_noChatter_window_0006,2inchStickout/F_08-Jun-2017_smoothingCut2_noChatter,train,42,0,cv_evaluation,no_chatter,0,0.0019881024,32
turning,cnn_ae,ver_max,2inchStickout_F_08-Jun-2017_smoothingCut2_noChatter_window_0007,2inchStickout/F_08-Jun-2017_smoothingCut2_noChatter,test,42,0,cv_evaluation,no_chatter,0,0.0019315075,32
turning,cnn_ae,ver_max,2inchStickout_F_08-Jun-2017_smoothingCut2_noChatter_window_0008,2inchStickout/F_08-Jun-2017_smoothingCut2_noChatter,train,42,0,cv_evaluation,no_chatter,0,0.0018350254,32
turning,cnn_ae,ver_max,2inchStickout_F_08-Jun-2017_smoothingCut2_noChatter_window_0009,2inchStickout/F_08-Jun-2017_smoothingCut2_noChatter,train,42,0,cv_evaluation,no_chatter,0,0.0019630105,32
turning,cnn_ae,ver_max,2inchStickout_F_08-Jun-2017_smoothingCut2_noChatter_window_0010,2inchStickout/F_08-Jun-2017_smoothingCut2_noChatter,test,42,0,cv_evaluation,no_chatter,0,0.0022043881,32
turning,cnn_ae,ver_max,2inchStickout_F_08-Jun-2017_smoothingCut2_noChatter_window_0011,2inchStickout/F_08-Jun-2017_smoothingCut2_noChatter,train,42,0,cv_evaluation,no_chatter,0,0.0024008856,32
turning,cnn_ae,ver_max,2p5inchStickout_F_12-Jun-2017_rpm570_doc0p008_window_0000,2p5inchStickout/F_12-Jun-2017_rpm570_doc0p008,train,42,0,cv_evaluation,no_chatter,0,0.0029608747,32
turning,cnn_ae,ver_max,2p5inchStickout_F_12-Jun-2017_rpm570_doc0p008_window_0001,2p5inchStickout/F_12-Jun-2017_rpm570_doc0p008,train,42,0,cv_evaluation,no_chatter,0,0.004585572,32
turning,cnn_ae,ver_max,2p5inchStickout_F_12-Jun-2017_rpm570_doc0p008_window_0002,2p5inchStickout/F_12-Jun-2017_rpm570_doc0p008,train,42,0,cv_evaluation,no_chatter,0,0.0050402833,32
turning,cnn_ae,ver_max,2p5inchStickout_F_12-Jun-2017_rpm570_doc0p008_window_0003,2p5inchStickout/F_12-Jun-2017_rpm570_doc0p008,train,42,0,cv_evaluation,no_chatter,0,0.008827819,32
turning,cnn_ae,ver_max,2p5inchStickout_F_12-Jun-2017_rpm570_doc0p008_window_0004,2p5inchStickout/F_12-Jun-2017_rpm570_doc0p008,train,42,0,cv_evaluation,no_chatter,0,0.007820799,32
turning,cnn_ae,ver_max,2p5inchStickout_F_12-Jun-2017_rpm570_doc0p008_window_0005,2p5inchStickout/F_12-Jun-2017_rpm570_doc0p008,train,42,0,cv_evaluation,no_chatter,0,0.010099812,32
turning,cnn_ae,ver_max,2p5inchStickout_F_12-Jun-2017_rpm570_doc0p008_window_0006,2p5inchStickout/F_12-Jun-2017_rpm570_doc0p008,train,42,0,cv_evaluation,no_chatter,0,0.005354037,32
turning,cnn_ae,ver_max,2p5inchStickout_F_12-Jun-2017_rpm570_doc0p008_window_0007,2p5inchStickout/F_12-Jun-2017_rpm570_doc0p008,train,42,0,cv_evaluation,no_chatter,0,0.0060055214,32
turning,cnn_ae,ver_max,2p5inchStickout_F_12-Jun-2017_rpm570_doc0p008_window_0008,2p5inchStickout/F_12-Jun-2017_rpm570_doc0p008,train,42,0,cv_evaluation,no_chatter,0,0.006105901,32
turning,cnn_ae,ver_max,2p5inchStickout_F_12-Jun-2017_rpm570_doc0p008_window_0009,2p5inchStickout/F_12-Jun-2017_rpm570_doc0p008,validation,42,0,cv_evaluation,no_chatter,0,0.006424244,32
turning,cnn_ae,ver_max,4p5inchStickout_F_12-Jun-2017_rpm570_doc0p035_window_0000,4p5inchStickout/F_12-Jun-2017_rpm570_doc0p035,validation,42,0,cv_evaluation,no_chatter,0,0.0065355776,32
turning,cnn_ae,ver_max,4p5inchStickout_F_12-Jun-2017_rpm570_doc0p035_window_0001,4p5inchStickout/F_12-Jun-2017_rpm570_doc0p035,validation,42,0,cv_evaluation,no_chatter,0,0.009922929,32
turning,cnn_ae,ver_max,4p5inchStickout_F_12-Jun-2017_rpm570_doc0p035_window_0002,4p5inchStickout/F_12-Jun-2017_rpm570_doc0p035,train,42,0,cv_evaluation,no_chatter,0,0.012765477,32
turning,cnn_ae,ver_max,4p5inchStickout_F_12-Jun-2017_rpm570_doc0p035_window_0003,4p5inchStickout/F_12-Jun-2017_rpm570_doc0p035,train,42,0,cv_evaluation,no_chatter,0,0.008489493,32
turning,cnn_ae,ver_max,4p5inchStickout_F_12-Jun-2017_rpm570_doc0p035_window_0004,4p5inchStickout/F_12-Jun-2017_rpm570_doc0p035,train,42,0,cv_evaluation,no_chatter,0,0.0067785867,32
turning,cnn_ae,ver_max,4p5inchStickout_F_12-Jun-2017_rpm570_doc0p035_window_0005,4p5inchStickout/F_12-Jun-2017_rpm570_doc0p035,train,42,0,cv_evaluation,no_chatter,0,0.006362063,32
turning,cnn_ae,ver_max,4p5inchStickout_F_12-Jun-2017_rpm570_doc0p035_window_0006,4p5inchStickout/F_12-Jun-2017_rpm570_doc0p035,train,42,0,cv_evaluation,no_chatter,0,0.006411804,32
turning,cnn_ae,ver_max,4p5inchStickout_F_12-Jun-2017_rpm570_doc0p035_window_0007,4p5inchStickout/F_12-Jun-2017_rpm570_doc0p035,train,42,0,cv_evaluation,no_chatter,0,0.0059815883,32
turning,cnn_ae,ver_max,4p5inchStickout_F_12-Jun-2017_rpm570_doc0p035_window_0008,4p5inchStickout/F_12-Jun-2017_rpm570_doc0p035,train,42,0,cv_evaluation,no_chatter,0,0.0056172516,32
turning,cnn_ae,ver_max,4p5inchStickout_F_12-Jun-2017_rpm570_doc0p035_window_0009,4p5inchStickout/F_12-Jun-2017_rpm570_doc0p035,train,42,0,cv_evaluation,no_chatter,0,0.0064496147,32
turning,cnn_ae,ver_max,4p5inchStickout_F_12-Jun-2017_rpm570_doc0p035_window_0010,4p5inchStickout/F_12-Jun-2017_rpm570_doc0p035,validation,42,0,cv_evaluation,no_chatter,0,0.0045220903,32
turning,cnn_ae,ver_max,4p5inchStickout_F_12-Jun-2017_rpm570_doc0p035_window_0011,4p5inchStickout/F_12-Jun-2017_rpm570_doc0p035,train,42,0,cv_evaluation,no_chatter,0,0.0044518565,32
turning,cnn_ae,ver_max,4p5inchStickout_F_13-Jun-2017_rpm1030_doc0p005_window_0000,4p5inchStickout/F_13-Jun-2017_rpm1030_doc0p005,train,42,0,cv_evaluation,no_chatter,0,0.0044580796,32
turning,cnn_ae,ver_max,4p5inchStickout_F_13-Jun-2017_rpm1030_doc0p005_window_0001,4p5inchStickout/F_13-Jun-2017_rpm1030_doc0p005,test,42,0,cv_evaluation,no_chatter,0,0.011536103,32
turning,cnn_ae,ver_max,4p5inchStickout_F_13-Jun-2017_rpm1030_doc0p005_window_0002,4p5inchStickout/F_13-Jun-2017_rpm1030_doc0p005,test,42,0,cv_evaluation,no_chatter,0,0.010555646,32
turning,cnn_ae,ver_max,4p5inchStickout_F_13-Jun-2017_rpm1030_doc0p005_window_0003,4p5inchStickout/F_13-Jun-2017_rpm1030_doc0p005,train,42,0,cv_evaluation,no_chatter,0,0.012967464,32
turning,cnn_ae,ver_max,4p5inchStickout_F_13-Jun-2017_rpm1030_doc0p014_window_0000,4p5inchStickout/F_13-Jun-2017_rpm1030_doc0p014,train,42,0,cv_evaluation,no_chatter,0,0.0044943336,32
turning,cnn_ae,ver_max,4p5inchStickout_F_13-Jun-2017_rpm1030_doc0p014_window_0001,4p5inchStickout/F_13-Jun-2017_rpm1030_doc0p014,train,42,0,cv_evaluation,no_chatter,0,0.015194268,32
turning,cnn_ae,ver_max,4p5inchStickout_F_13-Jun-2017_rpm1030_doc0p014_window_0002,4p5inchStickout/F_13-Jun-2017_rpm1030_doc0p014,validation,42,0,cv_evaluation,no_chatter,0,0.015423836,32
turning,cnn_ae,ver_max,4p5inchStickout_F_13-Jun-2017_rpm1030_doc0p014_window_0003,4p5inchStickout/F_13-Jun-2017_rpm1030_doc0p014,train,42,0,cv_evaluation,no_chatter,0,0.009182444,32
turning,cnn_ae,ver_max,4p5inchStickout_F_13-Jun-2017_rpm770_doc0p015_window_0000,4p5inchStickout/F_13-Jun-2017_rpm770_doc0p015,train,42,0,cv_evaluation,no_chatter,0,0.0044651087,32
turning,cnn_ae,ver_max,4p5inchStickout_F_13-Jun-2017_rpm770_doc0p015_window_0001,4p5inchStickout/F_13-Jun-2017_rpm770_doc0p015,validation,42,0,cv_evaluation,no_chatter,0,0.0046023084,32
turning,cnn_ae,ver_max,4p5inchStickout_F_13-Jun-2017_rpm770_doc0p015_window_0002,4p5inchStickout/F_13-Jun-2017_rpm770_doc0p015,validation,42,0,cv_evaluation,no_chatter,0,0.005270557,32
turning,cnn_ae,ver_max,4p5inchStickout_F_13-Jun-2017_rpm770_doc0p015_window_0003,4p5inchStickout/F_13-Jun-2017_rpm770_doc0p015,train,42,0,cv_evaluation,no_chatter,0,0.0062283785,32
turning,cnn_ae,ver_max,4p5inchStickout_F_13-Jun-2017_rpm770_doc0p015_window_0004,4p5inchStickout/F_13-Jun-2017_rpm770_doc0p015,validation,42,0,cv_evaluation,no_chatter,0,0.008180071,32
turning,cnn_ae,ver_max,4p5inchStickout_F_13-Jun-2017_rpm770_doc0p015_window_0005,4p5inchStickout/F_13-Jun-2017_rpm770_doc0p015,validation,42,0,cv_evaluation,no_chatter,0,0.0053926697,32
turning,cnn_ae,ver_topk,2inchStickout_F_08-Jun-2017_rpm320_doc0p020_window_0000,2inchStickout/F_08-Jun-2017_rpm320_doc0p020,validation,42,0,cv_evaluation,no_chatter,0,0.0033583231,32
turning,cnn_ae,ver_topk,2inchStickout_F_08-Jun-2017_rpm320_doc0p020_window_0001,2inchStickout/F_08-Jun-2017_rpm320_doc0p020,train,42,0,cv_evaluation,no_chatter,0,0.0033683183,32
turning,cnn_ae,ver_topk,2inchStickout_F_08-Jun-2017_rpm320_doc0p020_window_0002,2inchStickout/F_08-Jun-2017_rpm320_doc0p020,train,42,0,cv_evaluation,no_chatter,0,0.003341933,32
turning,cnn_ae,ver_topk,2inchStickout_F_08-Jun-2017_rpm320_doc0p020_window_0003,2inchStickout/F_08-Jun-2017_rpm320_doc0p020,validation,42,0,cv_evaluation,no_chatter,0,0.0032881442,32
turning,cnn_ae,ver_topk,2inchStickout_F_08-Jun-2017_rpm320_doc0p020_window_0004,2inchStickout/F_08-Jun-2017_rpm320_doc0p020,validation,42,0,cv_evaluation,no_chatter,0,0.0024209619,32
turning,cnn_ae,ver_topk,2inchStickout_F_08-Jun-2017_rpm320_doc0p020_window_0005,2inchStickout/F_08-Jun-2017_rpm320_doc0p020,train,42,0,cv_evaluation,no_chatter,0,0.0023131599,32
turning,cnn_ae,ver_topk,2inchStickout_F_08-Jun-2017_rpm320_doc0p020_window_0006,2inchStickout/F_08-Jun-2017_rpm320_doc0p020,validation,42,0,cv_evaluation,no_chatter,0,0.001979784,32
turning,cnn_ae,ver_topk,2inchStickout_F_08-Jun-2017_rpm320_doc0p020_window_0007,2inchStickout/F_08-Jun-2017_rpm320_doc0p020,train,42,0,cv_evaluation,no_chatter,0,0.0021712391,32
turning,cnn_ae,ver_topk,2inchStickout_F_08-Jun-2017_rpm320_doc0p020_window_0008,2inchStickout/F_08-Jun-2017_rpm320_doc0p020,train,42,0,cv_evaluation,no_chatter,0,0.0031057103,32
turning,cnn_ae,ver_topk,2inchStickout_F_08-Jun-2017_rpm320_doc0p020_window_0009,2inchStickout/F_08-Jun-2017_rpm320_doc0p020,train,42,0,cv_evaluation,no_chatter,0,0.004480886,32
turning,cnn_ae,ver_topk,2inchStickout_F_08-Jun-2017_rpm320_doc0p020_window_0010,2inchStickout/F_08-Jun-2017_rpm320_doc0p020,train,42,0,cv_evaluation,no_chatter,0,0.007895336,32
turning,cnn_ae,ver_topk,2inchStickout_F_08-Jun-2017_rpm320_doc0p020_window_0011,2inchStickout/F_08-Jun-2017_rpm320_doc0p020,train,42,0,cv_evaluation,no_chatter,0,0.007557334,32
turning,cnn_ae,ver_topk,2inchStickout_F_08-Jun-2017_rpm320_doc0p020_window_0012,2inchStickout/F_08-Jun-2017_rpm320_doc0p020,train,42,0,cv_evaluation,no_chatter,0,0.0067893304,32
turning,cnn_ae,ver_topk,2inchStickout_F_08-Jun-2017_rpm320_doc0p020_window_0013,2inchStickout/F_08-Jun-2017_rpm320_doc0p020,validation,42,0,cv_evaluation,no_chatter,0,0.0020882322,32
turning,cnn_ae,ver_topk,2inchStickout_F_08-Jun-2017_rpm320_doc0p020_window_0014,2inchStickout/F_08-Jun-2017_rpm320_doc0p020,validation,42,0,cv_evaluation,no_chatter,0,0.0023670604,32
turning,cnn_ae,ver_topk,2inchStickout_F_08-Jun-2017_rpm320_doc0p020_window_0015,2inchStickout/F_08-Jun-2017_rpm320_doc0p020,train,42,0,cv_evaluation,no_chatter,0,0.0022365313,32
turning,cnn_ae,ver_topk,2inchStickout_F_08-Jun-2017_rpm320_doc0p020_window_0016,2inchStickout/F_08-Jun-2017_rpm320_doc0p020,train,42,0,cv_evaluation,no_chatter,0,0.0021557605,32
turning,cnn_ae,ver_topk,2inchStickout_F_08-Jun-2017_rpm320_doc0p020_window_0017,2inchStickout/F_08-Jun-2017_rpm320_doc0p020,train,42,0,cv_evaluation,no_chatter,0,0.0021759525,32
turning,cnn_ae,ver_topk,2inchStickout_F_08-Jun-2017_rpm320_doc0p020_window_0018,2inchStickout/F_08-Jun-2017_rpm320_doc0p020,train,42,0,cv_evaluation,no_chatter,0,0.0020404642,32
turning,cnn_ae,ver_topk,2inchStickout_F_08-Jun-2017_rpm320_doc0p020_window_0019,2inchStickout/F_08-Jun-2017_rpm320_doc0p020,train,42,0,cv_evaluation,no_chatter,0,0.002234197,32
turning,cnn_ae,ver_topk,2inchStickout_F_08-Jun-2017_rpm320_doc0p020_window_0020,2inchStickout/F_08-Jun-2017_rpm320_doc0p020,train,42,0,cv_evaluation,no_chatter,0,0.0022806206,32
turning,cnn_ae,ver_topk,2inchStickout_F_08-Jun-2017_rpm320_doc0p020_window_0021,2inchStickout/F_08-Jun-2017_rpm320_doc0p020,train,42,0,cv_evaluation,no_chatter,0,0.002384077,32
turning,cnn_ae,ver_topk,2inchStickout_F_08-Jun-2017_rpm320_doc0p020_window_0022,2inchStickout/F_08-Jun-2017_rpm320_doc0p020,validation,42,0,cv_evaluation,no_chatter,0,0.0023935984,32
turning,cnn_ae,ver_topk,2inchStickout_F_08-Jun-2017_rpm320_doc0p020_window_0023,2inchStickout/F_08-Jun-2017_rpm320_doc0p020,train,42,0,cv_evaluation,no_chatter,0,0.0018653921,32
turning,cnn_ae,ver_topk,2inchStickout_F_08-Jun-2017_rpm320_doc0p025_window_0000,2inchStickout/F_08-Jun-2017_rpm320_doc0p025,train,42,0,cv_evaluation,no_chatter,0,0.0033744872,32
turning,cnn_ae,ver_topk,2inchStickout_F_08-Jun-2017_rpm320_doc0p025_window_0001,2inchStickout/F_08-Jun-2017_rpm320_doc0p025,train,42,0,cv_evaluation,no_chatter,0,0.0033542805,32
turning,cnn_ae,ver_topk,2inchStickout_F_08-Jun-2017_rpm320_doc0p025_window_0002,2inchStickout/F_08-Jun-2017_rpm320_doc0p025,train,42,0,cv_evaluation,no_chatter,0,0.0031969156,32
turning,cnn_ae,ver_topk,2inchStickout_F_08-Jun-2017_rpm320_doc0p025_window_0003,2inchStickout/F_08-Jun-2017_rpm320_doc0p025,validation,42,0,cv_evaluation,no_chatter,0,0.0023414148,32
turning,cnn_ae,ver_topk,2inchStickout_F_08-Jun-2017_rpm320_doc0p025_window_0004,2inchStickout/F_08-Jun-2017_rpm320_doc0p025,validation,42,0,cv_evaluation,no_chatter,0,0.001538637,32
turning,cnn_ae,ver_topk,2inchStickout_F_08-Jun-2017_rpm320_doc0p025_window_0005,2inchStickout/F_08-Jun-2017_rpm320_doc0p025,train,42,0,cv_evaluation,no_chatter,0,0.001422848,32
turning,cnn_ae,ver_topk,2inchStickout_F_08-Jun-2017_rpm320_doc0p025_window_0006,2inchStickout/F_08-Jun-2017_rpm320_doc0p025,train,42,0,cv_evaluation,no_chatter,0,0.0011858523,32
turning,cnn_ae,ver_topk,2inchStickout_F_08-Jun-2017_rpm320_doc0p025_window_0007,2inchStickout/F_08-Jun-2017_rpm320_doc0p025,train,42,0,cv_evaluation,no_chatter,0,0.001237952,32
turning,cnn_ae,ver_topk,2inchStickout_F_08-Jun-2017_rpm320_doc0p025_window_0008,2inchStickout/F_08-Jun-2017_rpm320_doc0p025,validation,42,0,cv_evaluation,no_chatter,0,0.0012219831,32
turning,cnn_ae,ver_topk,2inchStickout_F_08-Jun-2017_rpm320_doc0p025_window_0009,2inchStickout/F_08-Jun-2017_rpm320_doc0p025,train,42,0,cv_evaluation,no_chatter,0,0.0012293691,32
turning,cnn_ae,ver_topk,2inchStickout_F_08-Jun-2017_rpm320_doc0p025_window_0010,2inchStickout/F_08-Jun-2017_rpm320_doc0p025,train,42,0,cv_evaluation,no_chatter,0,0.0012268613,32
turning,cnn_ae,ver_topk,2inchStickout_F_08-Jun-2017_rpm320_doc0p025_window_0011,2inchStickout/F_08-Jun-2017_rpm320_doc0p025,train,42,0,cv_evaluation,no_chatter,0,0.0013971692,32
turning,cnn_ae,ver_topk,2inchStickout_F_08-Jun-2017_rpm320_doc0p025_window_0012,2inchStickout/F_08-Jun-2017_rpm320_doc0p025,validation,42,0,cv_evaluation,no_chatter,0,0.004206586,32
turning,cnn_ae,ver_topk,2inchStickout_F_08-Jun-2017_rpm320_doc0p025_window_0013,2inchStickout/F_08-Jun-2017_rpm320_doc0p025,validation,42,0,cv_evaluation,no_chatter,0,0.0067182425,32
turning,cnn_ae,ver_topk,2inchStickout_F_08-Jun-2017_rpm320_doc0p025_window_0014,2inchStickout/F_08-Jun-2017_rpm320_doc0p025,train,42,0,cv_evaluation,no_chatter,0,0.008660247,32
turning,cnn_ae,ver_topk,2inchStickout_F_08-Jun-2017_rpm320_doc0p025_window_0015,2inchStickout/F_08-Jun-2017_rpm320_doc0p025,train,42,0,cv_evaluation,no_chatter,0,0.011095024,32
turning,cnn_ae,ver_topk,2inchStickout_F_08-Jun-2017_rpm320_doc0p025_window_0016,2inchStickout/F_08-Jun-2017_rpm320_doc0p025,train,42,0,cv_evaluation,no_chatter,0,0.0066884463,32
turning,cnn_ae,ver_topk,2inchStickout_F_08-Jun-2017_rpm320_doc0p025_window_0017,2inchStickout/F_08-Jun-2017_rpm320_doc0p025,validation,42,0,cv_evaluation,no_chatter,0,0.003950468,32
turning,cnn_ae,ver_topk,2inchStickout_F_08-Jun-2017_rpm320_doc0p025_window_0018,2inchStickout/F_08-Jun-2017_rpm320_doc0p025,train,42,0,cv_evaluation,no_chatter,0,0.0049254703,32
turning,cnn_ae,ver_topk,2inchStickout_F_08-Jun-2017_rpm320_doc0p025_window_0019,2inchStickout/F_08-Jun-2017_rpm320_doc0p025,train,42,0,cv_evaluation,no_chatter,0,0.004300846,32
turning,cnn_ae,ver_topk,2inchStickout_F_08-Jun-2017_rpm320_doc0p025_window_0020,2inchStickout/F_08-Jun-2017_rpm320_doc0p025,train,42,0,cv_evaluation,no_chatter,0,0.0049810098,32
turning,cnn_ae,ver_topk,2inchStickout_F_08-Jun-2017_rpm320_doc0p025_window_0021,2inchStickout/F_08-Jun-2017_rpm320_doc0p025,validation,42,0,cv_evaluation,no_chatter,0,0.0025728715,32
turning,cnn_ae,ver_topk,2inchStickout_F_08-Jun-2017_rpm320_doc0p025_window_0022,2inchStickout/F_08-Jun-2017_rpm320_doc0p025,train,42,0,cv_evaluation,no_chatter,0,0.0017085407,32
turning,cnn_ae,ver_topk,2inchStickout_F_08-Jun-2017_rpm320_doc0p025_window_0023,2inchStickout/F_08-Jun-2017_rpm320_doc0p025,validation,42,0,cv_evaluation,no_chatter,0,0.00270496,32
turning,cnn_ae,ver_topk,2inchStickout_F_08-Jun-2017_rpm425_doc0p010_window_0000,2inchStickout/F_08-Jun-2017_rpm425_doc0p010,validation,42,0,cv_evaluation,no_chatter,0,0.0033318363,32
turning,cnn_ae,ver_topk,2inchStickout_F_08-Jun-2017_rpm425_doc0p010_window_0001,2inchStickout/F_08-Jun-2017_rpm425_doc0p010,train,42,0,cv_evaluation,no_chatter,0,0.0031513136,32
turning,cnn_ae,ver_topk,2inchStickout_F_08-Jun-2017_rpm425_doc0p010_window_0002,2inchStickout/F_08-Jun-2017_rpm425_doc0p010,train,42,0,cv_evaluation,no_chatter,0,0.0018669328,32
turning,cnn_ae,ver_topk,2inchStickout_F_08-Jun-2017_rpm425_doc0p010_window_0003,2inchStickout/F_08-Jun-2017_rpm425_doc0p010,train,42,0,cv_evaluation,no_chatter,0,0.0019716613,32
turning,cnn_ae,ver_topk,2inchStickout_F_08-Jun-2017_rpm425_doc0p010_window_0004,2inchStickout/F_08-Jun-2017_rpm425_doc0p010,train,42,0,cv_evaluation,no_chatter,0,0.0019276686,32
turning,cnn_ae,ver_topk,2inchStickout_F_08-Jun-2017_rpm425_doc0p010_window_0005,2inchStickout/F_08-Jun-2017_rpm425_doc0p010,validation,42,0,cv_evaluation,no_chatter,0,0.002392188,32
turning,cnn_ae,ver_topk,2inchStickout_F_08-Jun-2017_rpm425_doc0p010_window_0006,2inchStickout/F_08-Jun-2017_rpm425_doc0p010,train,42,0,cv_evaluation,no_chatter,0,0.0034590967,32
turning,cnn_ae,ver_topk,2inchStickout_F_08-Jun-2017_rpm425_doc0p010_window_0007,2inchStickout/F_08-Jun-2017_rpm425_doc0p010,train,42,0,cv_evaluation,no_chatter,0,0.0036037266,32
turning,cnn_ae,ver_topk,2inchStickout_F_08-Jun-2017_rpm425_doc0p020_window_0000,2inchStickout/F_08-Jun-2017_rpm425_doc0p020,train,42,0,cv_evaluation,no_chatter,0,0.003349637,32
turning,cnn_ae,ver_topk,2inchStickout_F_08-Jun-2017_rpm425_doc0p020_window_0001,2inchStickout/F_08-Jun-2017_rpm425_doc0p020,train,42,0,cv_evaluation,no_chatter,0,0.0031185038,32
turning,cnn_ae,ver_topk,2inchStickout_F_08-Jun-2017_rpm425_doc0p020_window_0002,2inchStickout/F_08-Jun-2017_rpm425_doc0p020,test,42,0,cv_evaluation,no_chatter,0,0.0018263077,32
turning,cnn_ae,ver_topk,2inchStickout_F_08-Jun-2017_rpm425_doc0p020_window_0003,2inchStickout/F_08-Jun-2017_rpm425_doc0p020,train,42,0,cv_evaluation,no_chatter,0,0.0025674037,32
turning,cnn_ae,ver_topk,2inchStickout_F_08-Jun-2017_rpm425_doc0p020_window_0004,2inchStickout/F_08-Jun-2017_rpm425_doc0p020,train,42,0,cv_evaluation,no_chatter,0,0.0038537483,32
turning,cnn_ae,ver_topk,2inchStickout_F_08-Jun-2017_rpm425_doc0p020_window_0005,2inchStickout/F_08-Jun-2017_rpm425_doc0p020,test,42,0,cv_evaluation,no_chatter,0,0.01541432,32
turning,cnn_ae,ver_topk,2inchStickout_F_08-Jun-2017_rpm425_doc0p020_window_0006,2inchStickout/F_08-Jun-2017_rpm425_doc0p020,validation,42,0,cv_evaluation,chatter,1,0.029470252,32
turning,cnn_ae,ver_topk,2inchStickout_F_08-Jun-2017_rpm425_doc0p020_window_0007,2inchStickout/F_08-Jun-2017_rpm425_doc0p020,validation,42,0,cv_evaluation,chatter,1,0.032564525,32
turning,cnn_ae,ver_topk,2inchStickout_F_08-Jun-2017_rpm770_doc0p010_window_0000,2inchStickout/F_08-Jun-2017_rpm770_doc0p010,train,42,0,cv_evaluation,no_chatter,0,0.0034151387,32
turning,cnn_ae,ver_topk,2inchStickout_F_08-Jun-2017_rpm770_doc0p010_window_0001,2inchStickout/F_08-Jun-2017_rpm770_doc0p010,test,42,0,cv_evaluation,chatter,1,0.062893964,32
turning,cnn_ae,ver_topk,2inchStickout_F_08-Jun-2017_rpm770_doc0p010_window_0002,2inchStickout/F_08-Jun-2017_rpm770_doc0p010,test,42,0,cv_evaluation,chatter,1,0.06633258,32
turning,cnn_ae,ver_topk,2inchStickout_F_08-Jun-2017_rpm770_doc0p010_window_0003,2inchStickout/F_08-Jun-2017_rpm770_doc0p010,test,42,0,cv_evaluation,chatter,1,0.0646828,32
turning,cnn_ae,ver_topk,2inchStickout_F_08-Jun-2017_rpm770_doc0p010_window_0004,2inchStickout/F_08-Jun-2017_rpm770_doc0p010,test,42,0,cv_evaluation,chatter,1,0.06877914,32
turning,cnn_ae,ver_topk,2inchStickout_F_08-Jun-2017_rpm770_doc0p010_window_0005,2inchStickout/F_08-Jun-2017_rpm770_doc0p010,test,42,0,cv_evaluation,chatter,1,0.071672715,32
turning,cnn_ae,ver_topk,2inchStickout_F_08-Jun-2017_rpm770_doc0p010_window_0006,2inchStickout/F_08-Jun-2017_rpm770_doc0p010,test,42,0,cv_evaluation,chatter,1,0.07077915,32
turning,cnn_ae,ver_topk,2inchStickout_F_08-Jun-2017_rpm770_doc0p010_window_0007,2inchStickout/F_08-Jun-2017_rpm770_doc0p010,test,42,0,cv_evaluation,chatter,1,0.069312856,32
turning,cnn_ae,ver_topk,2inchStickout_F_08-Jun-2017_rpm770_doc0p010_window_0008,2inchStickout/F_08-Jun-2017_rpm770_doc0p010,test,42,0,cv_evaluation,chatter,1,0.07343023,32
turning,cnn_ae,ver_topk,2inchStickout_F_08-Jun-2017_rpm770_doc0p010_window_0009,2inchStickout/F_08-Jun-2017_rpm770_doc0p010,test,42,0,cv_evaluation,chatter,1,0.077739745,32
turning,cnn_ae,ver_topk,2inchStickout_F_08-Jun-2017_rpm770_doc0p010_window_0010,2inchStickout/F_08-Jun-2017_rpm770_doc0p010,test,42,0,cv_evaluation,chatter,1,0.086806715,32
turning,cnn_ae,ver_topk,2inchStickout_F_08-Jun-2017_rpm770_doc0p010_window_0011,2inchStickout/F_08-Jun-2017_rpm770_doc0p010,test,42,0,cv_evaluation,chatter,1,0.08958229,32
turning,cnn_ae,ver_topk,2inchStickout_F_08-Jun-2017_rpm770_doc0p010_window_0012,2inchStickout/F_08-Jun-2017_rpm770_doc0p010,test,42,0,cv_evaluation,chatter,1,0.07291737,32
turning,cnn_ae,ver_topk,2inchStickout_F_08-Jun-2017_rpm770_doc0p010_window_0013,2inchStickout/F_08-Jun-2017_rpm770_doc0p010,test,42,0,cv_evaluation,chatter,1,0.06550524,32
turning,cnn_ae,ver_topk,2inchStickout_F_08-Jun-2017_rpm770_doc0p010_window_0014,2inchStickout/F_08-Jun-2017_rpm770_doc0p010,train,42,0,cv_evaluation,no_chatter,0,0.03309754,32
turning,cnn_ae,ver_topk,2inchStickout_F_08-Jun-2017_rpm770_doc0p010_window_0015,2inchStickout/F_08-Jun-2017_rpm770_doc0p010,train,42,0,cv_evaluation,no_chatter,0,0.003446692,32
turning,cnn_ae,ver_topk,2inchStickout_F_08-Jun-2017_rpm770_doc0p010_window_0016,2inchStickout/F_08-Jun-2017_rpm770_doc0p010,train,42,0,cv_evaluation,no_chatter,0,0.0034370401,32
turning,cnn_ae,ver_topk,2inchStickout_F_08-Jun-2017_rpm770_doc0p010_window_0017,2inchStickout/F_08-Jun-2017_rpm770_doc0p010,train,42,0,cv_evaluation,no_chatter,0,0.0034476647,32
turning,cnn_ae,ver_topk,2inchStickout_F_08-Jun-2017_rpm770_doc0p010_window_0018,2inchStickout/F_08-Jun-2017_rpm770_doc0p010,train,42,0,cv_evaluation,no_chatter,0,0.003584639,32
turning,cnn_ae,ver_topk,2inchStickout_F_08-Jun-2017_rpm770_doc0p010_window_0019,2inchStickout/F_08-Jun-2017_rpm770_doc0p010,train,42,0,cv_evaluation,no_chatter,0,0.0035951994,32
turning,cnn_ae,ver_topk,2inchStickout_F_08-Jun-2017_rpm770_doc0p010_window_0020,2inchStickout/F_08-Jun-2017_rpm770_doc0p010,train,42,0,cv_evaluation,no_chatter,0,0.0035864247,32
turning,cnn_ae,ver_topk,2inchStickout_F_08-Jun-2017_rpm770_doc0p010_window_0021,2inchStickout/F_08-Jun-2017_rpm770_doc0p010,train,42,0,cv_evaluation,no_chatter,0,0.0035456903,32
turning,cnn_ae,ver_topk,2inchStickout_F_08-Jun-2017_rpm770_doc0p010_window_0022,2inchStickout/F_08-Jun-2017_rpm770_doc0p010,train,42,0,cv_evaluation,no_chatter,0,0.0035379904,32
turning,cnn_ae,ver_topk,2inchStickout_F_08-Jun-2017_rpm770_doc0p010_window_0023,2inchStickout/F_08-Jun-2017_rpm770_doc0p010,train,42,0,cv_evaluation,no_chatter,0,0.0035266432,32
turning,cnn_ae,ver_topk,2inchStickout_F_08-Jun-2017_smoothingCut2_noChatter_window_0000,2inchStickout/F_08-Jun-2017_smoothingCut2_noChatter,train,42,0,cv_evaluation,no_chatter,0,0.0033301937,32
turning,cnn_ae,ver_topk,2inchStickout_F_08-Jun-2017_smoothingCut2_noChatter_window_0001,2inchStickout/F_08-Jun-2017_smoothingCut2_noChatter,test,42,0,cv_evaluation,no_chatter,0,0.0028981585,32
turning,cnn_ae,ver_topk,2inchStickout_F_08-Jun-2017_smoothingCut2_noChatter_window_0002,2inchStickout/F_08-Jun-2017_smoothingCut2_noChatter,train,42,0,cv_evaluation,no_chatter,0,0.007406334,32
turning,cnn_ae,ver_topk,2inchStickout_F_08-Jun-2017_smoothingCut2_noChatter_window_0003,2inchStickout/F_08-Jun-2017_smoothingCut2_noChatter,train,42,0,cv_evaluation,no_chatter,0,0.0037255443,32
turning,cnn_ae,ver_topk,2inchStickout_F_08-Jun-2017_smoothingCut2_noChatter_window_0004,2inchStickout/F_08-Jun-2017_smoothingCut2_noChatter,train,42,0,cv_evaluation,no_chatter,0,0.0027021673,32
turning,cnn_ae,ver_topk,2inchStickout_F_08-Jun-2017_smoothingCut2_noChatter_window_0005,2inchStickout/F_08-Jun-2017_smoothingCut2_noChatter,train,42,0,cv_evaluation,no_chatter,0,0.0020171471,32
turning,cnn_ae,ver_topk,2inchStickout_F_08-Jun-2017_smoothingCut2_noChatter_window_0006,2inchStickout/F_08-Jun-2017_smoothingCut2_noChatter,train,42,0,cv_evaluation,no_chatter,0,0.001902028,32
turning,cnn_ae,ver_topk,2inchStickout_F_08-Jun-2017_smoothingCut2_noChatter_window_0007,2inchStickout/F_08-Jun-2017_smoothingCut2_noChatter,test,42,0,cv_evaluation,no_chatter,0,0.0018855617,32
turning,cnn_ae,ver_topk,2inchStickout_F_08-Jun-2017_smoothingCut2_noChatter_window_0008,2inchStickout/F_08-Jun-2017_smoothingCut2_noChatter,train,42,0,cv_evaluation,no_chatter,0,0.001795926,32
turning,cnn_ae,ver_topk,2inchStickout_F_08-Jun-2017_smoothingCut2_noChatter_window_0009,2inchStickout/F_08-Jun-2017_smoothingCut2_noChatter,train,42,0,cv_evaluation,no_chatter,0,0.0019197097,32
turning,cnn_ae,ver_topk,2inchStickout_F_08-Jun-2017_smoothingCut2_noChatter_window_0010,2inchStickout/F_08-Jun-2017_smoothingCut2_noChatter,test,42,0,cv_evaluation,no_chatter,0,0.002017806,32
turning,cnn_ae,ver_topk,2inchStickout_F_08-Jun-2017_smoothingCut2_noChatter_window_0011,2inchStickout/F_08-Jun-2017_smoothingCut2_noChatter,train,42,0,cv_evaluation,no_chatter,0,0.0022236723,32
turning,cnn_ae,ver_topk,2p5inchStickout_F_12-Jun-2017_rpm570_doc0p008_window_0000,2p5inchStickout/F_12-Jun-2017_rpm570_doc0p008,train,42,0,cv_evaluation,no_chatter,0,0.002902464,32
turning,cnn_ae,ver_topk,2p5inchStickout_F_12-Jun-2017_rpm570_doc0p008_window_0001,2p5inchStickout/F_12-Jun-2017_rpm570_doc0p008,train,42,0,cv_evaluation,no_chatter,0,0.0044173007,32
turning,cnn_ae,ver_topk,2p5inchStickout_F_12-Jun-2017_rpm570_doc0p008_window_0002,2p5inchStickout/F_12-Jun-2017_rpm570_doc0p008,train,42,0,cv_evaluation,no_chatter,0,0.004866053,32
turning,cnn_ae,ver_topk,2p5inchStickout_F_12-Jun-2017_rpm570_doc0p008_window_0003,2p5inchStickout/F_12-Jun-2017_rpm570_doc0p008,train,42,0,cv_evaluation,no_chatter,0,0.008039926,32
turning,cnn_ae,ver_topk,2p5inchStickout_F_12-Jun-2017_rpm570_doc0p008_window_0004,2p5inchStickout/F_12-Jun-2017_rpm570_doc0p008,train,42,0,cv_evaluation,no_chatter,0,0.0062512713,32
turning,cnn_ae,ver_topk,2p5inchStickout_F_12-Jun-2017_rpm570_doc0p008_window_0005,2p5inchStickout/F_12-Jun-2017_rpm570_doc0p008,train,42,0,cv_evaluation,no_chatter,0,0.00965188,32
turning,cnn_ae,ver_topk,2p5inchStickout_F_12-Jun-2017_rpm570_doc0p008_window_0006,2p5inchStickout/F_12-Jun-2017_rpm570_doc0p008,train,42,0,cv_evaluation,no_chatter,0,0.0046186266,32
turning,cnn_ae,ver_topk,2p5inchStickout_F_12-Jun-2017_rpm570_doc0p008_window_0007,2p5inchStickout/F_12-Jun-2017_rpm570_doc0p008,train,42,0,cv_evaluation,no_chatter,0,0.0058612325,32
turning,cnn_ae,ver_topk,2p5inchStickout_F_12-Jun-2017_rpm570_doc0p008_window_0008,2p5inchStickout/F_12-Jun-2017_rpm570_doc0p008,train,42,0,cv_evaluation,no_chatter,0,0.0058462447,32
turning,cnn_ae,ver_topk,2p5inchStickout_F_12-Jun-2017_rpm570_doc0p008_window_0009,2p5inchStickout/F_12-Jun-2017_rpm570_doc0p008,validation,42,0,cv_evaluation,no_chatter,0,0.0061502005,32
turning,cnn_ae,ver_topk,4p5inchStickout_F_12-Jun-2017_rpm570_doc0p035_window_0000,4p5inchStickout/F_12-Jun-2017_rpm570_doc0p035,validation,42,0,cv_evaluation,no_chatter,0,0.0057290494,32
turning,cnn_ae,ver_topk,4p5inchStickout_F_12-Jun-2017_rpm570_doc0p035_window_0001,4p5inchStickout/F_12-Jun-2017_rpm570_doc0p035,validation,42,0,cv_evaluation,no_chatter,0,0.009191508,32
turning,cnn_ae,ver_topk,4p5inchStickout_F_12-Jun-2017_rpm570_doc0p035_window_0002,4p5inchStickout/F_12-Jun-2017_rpm570_doc0p035,train,42,0,cv_evaluation,no_chatter,0,0.01052831,32
turning,cnn_ae,ver_topk,4p5inchStickout_F_12-Jun-2017_rpm570_doc0p035_window_0003,4p5inchStickout/F_12-Jun-2017_rpm570_doc0p035,train,42,0,cv_evaluation,no_chatter,0,0.007926258,32
turning,cnn_ae,ver_topk,4p5inchStickout_F_12-Jun-2017_rpm570_doc0p035_window_0004,4p5inchStickout/F_12-Jun-2017_rpm570_doc0p035,train,42,0,cv_evaluation,no_chatter,0,0.006699074,32
turning,cnn_ae,ver_topk,4p5inchStickout_F_12-Jun-2017_rpm570_doc0p035_window_0005,4p5inchStickout/F_12-Jun-2017_rpm570_doc0p035,train,42,0,cv_evaluation,no_chatter,0,0.006063135,32
turning,cnn_ae,ver_topk,4p5inchStickout_F_12-Jun-2017_rpm570_doc0p035_window_0006,4p5inchStickout/F_12-Jun-2017_rpm570_doc0p035,train,42,0,cv_evaluation,no_chatter,0,0.006274391,32
turning,cnn_ae,ver_topk,4p5inchStickout_F_12-Jun-2017_rpm570_doc0p035_window_0007,4p5inchStickout/F_12-Jun-2017_rpm570_doc0p035,train,42,0,cv_evaluation,no_chatter,0,0.0057216543,32
turning,cnn_ae,ver_topk,4p5inchStickout_F_12-Jun-2017_rpm570_doc0p035_window_0008,4p5inchStickout/F_12-Jun-2017_rpm570_doc0p035,train,42,0,cv_evaluation,no_chatter,0,0.0055431486,32
turning,cnn_ae,ver_topk,4p5inchStickout_F_12-Jun-2017_rpm570_doc0p035_window_0009,4p5inchStickout/F_12-Jun-2017_rpm570_doc0p035,train,42,0,cv_evaluation,no_chatter,0,0.0059586987,32
turning,cnn_ae,ver_topk,4p5inchStickout_F_12-Jun-2017_rpm570_doc0p035_window_0010,4p5inchStickout/F_12-Jun-2017_rpm570_doc0p035,validation,42,0,cv_evaluation,no_chatter,0,0.0043996796,32
turning,cnn_ae,ver_topk,4p5inchStickout_F_12-Jun-2017_rpm570_doc0p035_window_0011,4p5inchStickout/F_12-Jun-2017_rpm570_doc0p035,train,42,0,cv_evaluation,no_chatter,0,0.0043841624,32
turning,cnn_ae,ver_topk,4p5inchStickout_F_13-Jun-2017_rpm1030_doc0p005_window_0000,4p5inchStickout/F_13-Jun-2017_rpm1030_doc0p005,train,42,0,cv_evaluation,no_chatter,0,0.004391352,32
turning,cnn_ae,ver_topk,4p5inchStickout_F_13-Jun-2017_rpm1030_doc0p005_window_0001,4p5inchStickout/F_13-Jun-2017_rpm1030_doc0p005,test,42,0,cv_evaluation,no_chatter,0,0.010723665,32
turning,cnn_ae,ver_topk,4p5inchStickout_F_13-Jun-2017_rpm1030_doc0p005_window_0002,4p5inchStickout/F_13-Jun-2017_rpm1030_doc0p005,test,42,0,cv_evaluation,no_chatter,0,0.009804959,32
turning,cnn_ae,ver_topk,4p5inchStickout_F_13-Jun-2017_rpm1030_doc0p005_window_0003,4p5inchStickout/F_13-Jun-2017_rpm1030_doc0p005,train,42,0,cv_evaluation,no_chatter,0,0.012114487,32
turning,cnn_ae,ver_topk,4p5inchStickout_F_13-Jun-2017_rpm1030_doc0p014_window_0000,4p5inchStickout/F_13-Jun-2017_rpm1030_doc0p014,train,42,0,cv_evaluation,no_chatter,0,0.004436782,32
turning,cnn_ae,ver_topk,4p5inchStickout_F_13-Jun-2017_rpm1030_doc0p014_window_0001,4p5inchStickout/F_13-Jun-2017_rpm1030_doc0p014,train,42,0,cv_evaluation,no_chatter,0,0.014058414,32
turning,cnn_ae,ver_topk,4p5inchStickout_F_13-Jun-2017_rpm1030_doc0p014_window_0002,4p5inchStickout/F_13-Jun-2017_rpm1030_doc0p014,validation,42,0,cv_evaluation,no_chatter,0,0.014625415,32
turning,cnn_ae,ver_topk,4p5inchStickout_F_13-Jun-2017_rpm1030_doc0p014_window_0003,4p5inchStickout/F_13-Jun-2017_rpm1030_doc0p014,train,42,0,cv_evaluation,no_chatter,0,0.008929673,32
turning,cnn_ae,ver_topk,4p5inchStickout_F_13-Jun-2017_rpm770_doc0p015_window_0000,4p5inchStickout/F_13-Jun-2017_rpm770_doc0p015,train,42,0,cv_evaluation,no_chatter,0,0.0043851538,32
turning,cnn_ae,ver_topk,4p5inchStickout_F_13-Jun-2017_rpm770_doc0p015_window_0001,4p5inchStickout/F_13-Jun-2017_rpm770_doc0p015,validation,42,0,cv_evaluation,no_chatter,0,0.004147246,32
turning,cnn_ae,ver_topk,4p5inchStickout_F_13-Jun-2017_rpm770_doc0p015_window_0002,4p5inchStickout/F_13-Jun-2017_rpm770_doc0p015,validation,42,0,cv_evaluation,no_chatter,0,0.0052181757,32
turning,cnn_ae,ver_topk,4p5inchStickout_F_13-Jun-2017_rpm770_doc0p015_window_0003,4p5inchStickout/F_13-Jun-2017_rpm770_doc0p015,train,42,0,cv_evaluation,no_chatter,0,0.006072096,32
turning,cnn_ae,ver_topk,4p5inchStickout_F_13-Jun-2017_rpm770_doc0p015_window_0004,4p5inchStickout/F_13-Jun-2017_rpm770_doc0p015,validation,42,0,cv_evaluation,no_chatter,0,0.0074712955,32
turning,cnn_ae,ver_topk,4p5inchStickout_F_13-Jun-2017_rpm770_doc0p015_window_0005,4p5inchStickout/F_13-Jun-2017_rpm770_doc0p015,validation,42,0,cv_evaluation,no_chatter,0,0.0052411384,32
turning,cnn_ae,global_mse,2inchStickout_F_08-Jun-2017_rpm1030_doc0p001_window_0000,2inchStickout/F_08-Jun-2017_rpm1030_doc0p001,train,42,1,cv_evaluation,no_chatter,0,0.0050501856,32
turning,cnn_ae,global_mse,2inchStickout_F_08-Jun-2017_rpm1030_doc0p001_window_0001,2inchStickout/F_08-Jun-2017_rpm1030_doc0p001,validation,42,1,cv_evaluation,chatter,1,0.10173129,32
turning,cnn_ae,global_mse,2inchStickout_F_08-Jun-2017_rpm1030_doc0p001_window_0002,2inchStickout/F_08-Jun-2017_rpm1030_doc0p001,validation,42,1,cv_evaluation,chatter,1,0.11522878,32
turning,cnn_ae,global_mse,2inchStickout_F_08-Jun-2017_rpm1030_doc0p001_window_0003,2inchStickout/F_08-Jun-2017_rpm1030_doc0p001,validation,42,1,cv_evaluation,chatter,1,0.13558401,32
turning,cnn_ae,global_mse,2inchStickout_F_08-Jun-2017_rpm320_doc0p010_window_0000,2inchStickout/F_08-Jun-2017_rpm320_doc0p010,train,42,1,cv_evaluation,no_chatter,0,0.0032523721,32
turning,cnn_ae,global_mse,2inchStickout_F_08-Jun-2017_rpm320_doc0p010_window_0001,2inchStickout/F_08-Jun-2017_rpm320_doc0p010,train,42,1,cv_evaluation,no_chatter,0,0.0032155563,32
turning,cnn_ae,global_mse,2inchStickout_F_08-Jun-2017_rpm320_doc0p010_window_0002,2inchStickout/F_08-Jun-2017_rpm320_doc0p010,train,42,1,cv_evaluation,no_chatter,0,0.0032176443,32
turning,cnn_ae,global_mse,2inchStickout_F_08-Jun-2017_rpm320_doc0p010_window_0003,2inchStickout/F_08-Jun-2017_rpm320_doc0p010,train,42,1,cv_evaluation,no_chatter,0,0.0033270854,32
turning,cnn_ae,global_mse,2inchStickout_F_08-Jun-2017_rpm320_doc0p010_window_0004,2inchStickout/F_08-Jun-2017_rpm320_doc0p010,train,42,1,cv_evaluation,no_chatter,0,0.003173034,32
turning,cnn_ae,global_mse,2inchStickout_F_08-Jun-2017_rpm320_doc0p010_window_0005,2inchStickout/F_08-Jun-2017_rpm320_doc0p010,validation,42,1,cv_evaluation,no_chatter,0,0.0028515793,32
turning,cnn_ae,global_mse,2inchStickout_F_08-Jun-2017_rpm320_doc0p010_window_0006,2inchStickout/F_08-Jun-2017_rpm320_doc0p010,validation,42,1,cv_evaluation,no_chatter,0,0.003067609,32
turning,cnn_ae,global_mse,2inchStickout_F_08-Jun-2017_rpm320_doc0p010_window_0007,2inchStickout/F_08-Jun-2017_rpm320_doc0p010,train,42,1,cv_evaluation,no_chatter,0,0.0037630913,32
turning,cnn_ae,global_mse,2inchStickout_F_08-Jun-2017_rpm320_doc0p010_window_0008,2inchStickout/F_08-Jun-2017_rpm320_doc0p010,validation,42,1,cv_evaluation,no_chatter,0,0.0046809516,32
turning,cnn_ae,global_mse,2inchStickout_F_08-Jun-2017_rpm320_doc0p010_window_0009,2inchStickout/F_08-Jun-2017_rpm320_doc0p010,train,42,1,cv_evaluation,no_chatter,0,0.012441382,32
turning,cnn_ae,global_mse,2inchStickout_F_08-Jun-2017_rpm320_doc0p010_window_0010,2inchStickout/F_08-Jun-2017_rpm320_doc0p010,train,42,1,cv_evaluation,no_chatter,0,0.01845074,32
turning,cnn_ae,global_mse,2inchStickout_F_08-Jun-2017_rpm320_doc0p010_window_0011,2inchStickout/F_08-Jun-2017_rpm320_doc0p010,validation,42,1,cv_evaluation,no_chatter,0,0.014233213,32
turning,cnn_ae,global_mse,2inchStickout_F_08-Jun-2017_rpm320_doc0p010_window_0012,2inchStickout/F_08-Jun-2017_rpm320_doc0p010,train,42,1,cv_evaluation,no_chatter,0,0.008691608,32
turning,cnn_ae,global_mse,2inchStickout_F_08-Jun-2017_rpm320_doc0p010_window_0013,2inchStickout/F_08-Jun-2017_rpm320_doc0p010,validation,42,1,cv_evaluation,no_chatter,0,0.011865509,32
turning,cnn_ae,global_mse,2inchStickout_F_08-Jun-2017_rpm320_doc0p010_window_0014,2inchStickout/F_08-Jun-2017_rpm320_doc0p010,train,42,1,cv_evaluation,no_chatter,0,0.009866046,32
turning,cnn_ae,global_mse,2inchStickout_F_08-Jun-2017_rpm320_doc0p010_window_0015,2inchStickout/F_08-Jun-2017_rpm320_doc0p010,train,42,1,cv_evaluation,no_chatter,0,0.006705618,32
turning,cnn_ae,global_mse,2inchStickout_F_08-Jun-2017_rpm320_doc0p010_window_0016,2inchStickout/F_08-Jun-2017_rpm320_doc0p010,train,42,1,cv_evaluation,no_chatter,0,0.0076133166,32
turning,cnn_ae,global_mse,2inchStickout_F_08-Jun-2017_rpm320_doc0p010_window_0017,2inchStickout/F_08-Jun-2017_rpm320_doc0p010,train,42,1,cv_evaluation,no_chatter,0,0.0066592097,32
turning,cnn_ae,global_mse,2inchStickout_F_08-Jun-2017_rpm320_doc0p010_window_0018,2inchStickout/F_08-Jun-2017_rpm320_doc0p010,train,42,1,cv_evaluation,no_chatter,0,0.0064074984,32
turning,cnn_ae,global_mse,2inchStickout_F_08-Jun-2017_rpm320_doc0p010_window_0019,2inchStickout/F_08-Jun-2017_rpm320_doc0p010,train,42,1,cv_evaluation,no_chatter,0,0.0057684463,32
turning,cnn_ae,global_mse,2inchStickout_F_08-Jun-2017_rpm320_doc0p010_window_0020,2inchStickout/F_08-Jun-2017_rpm320_doc0p010,train,42,1,cv_evaluation,no_chatter,0,0.004942968,32
turning,cnn_ae,global_mse,2inchStickout_F_08-Jun-2017_rpm320_doc0p010_window_0021,2inchStickout/F_08-Jun-2017_rpm320_doc0p010,train,42,1,cv_evaluation,no_chatter,0,0.0062820762,32
turning,cnn_ae,global_mse,2inchStickout_F_08-Jun-2017_rpm320_doc0p010_window_0022,2inchStickout/F_08-Jun-2017_rpm320_doc0p010,train,42,1,cv_evaluation,no_chatter,0,0.00758179,32
turning,cnn_ae,global_mse,2inchStickout_F_08-Jun-2017_rpm320_doc0p010_window_0023,2inchStickout/F_08-Jun-2017_rpm320_doc0p010,train,42,1,cv_evaluation,no_chatter,0,0.0055128094,32
turning,cnn_ae,global_mse,2inchStickout_F_08-Jun-2017_rpm320_doc0p045_window_0000,2inchStickout/F_08-Jun-2017_rpm320_doc0p045,train,42,1,cv_evaluation,no_chatter,0,0.0033793007,32
turning,cnn_ae,global_mse,2inchStickout_F_08-Jun-2017_rpm320_doc0p045_window_0001,2inchStickout/F_08-Jun-2017_rpm320_doc0p045,train,42,1,cv_evaluation,no_chatter,0,0.003515754,32
turning,cnn_ae,global_mse,2inchStickout_F_08-Jun-2017_rpm320_doc0p045_window_0002,2inchStickout/F_08-Jun-2017_rpm320_doc0p045,train,42,1,cv_evaluation,no_chatter,0,0.0041065556,32
turning,cnn_ae,global_mse,2inchStickout_F_08-Jun-2017_rpm320_doc0p045_window_0003,2inchStickout/F_08-Jun-2017_rpm320_doc0p045,train,42,1,cv_evaluation,no_chatter,0,0.004583227,32
turning,cnn_ae,global_mse,2inchStickout_F_08-Jun-2017_rpm320_doc0p045_window_0004,2inchStickout/F_08-Jun-2017_rpm320_doc0p045,train,42,1,cv_evaluation,no_chatter,0,0.0056782886,32
turning,cnn_ae,global_mse,2inchStickout_F_08-Jun-2017_rpm320_doc0p045_window_0005,2inchStickout/F_08-Jun-2017_rpm320_doc0p045,train,42,1,cv_evaluation,no_chatter,0,0.007246168,32
turning,cnn_ae,global_mse,2inchStickout_F_08-Jun-2017_rpm320_doc0p045_window_0006,2inchStickout/F_08-Jun-2017_rpm320_doc0p045,train,42,1,cv_evaluation,no_chatter,0,0.0077607436,32
turning,cnn_ae,global_mse,2inchStickout_F_08-Jun-2017_rpm320_doc0p045_window_0007,2inchStickout/F_08-Jun-2017_rpm320_doc0p045,train,42,1,cv_evaluation,no_chatter,0,0.007624433,32
turning,cnn_ae,global_mse,2inchStickout_F_08-Jun-2017_rpm320_doc0p045_window_0008,2inchStickout/F_08-Jun-2017_rpm320_doc0p045,train,42,1,cv_evaluation,no_chatter,0,0.0071358737,32
turning,cnn_ae,global_mse,2inchStickout_F_08-Jun-2017_rpm320_doc0p045_window_0009,2inchStickout/F_08-Jun-2017_rpm320_doc0p045,validation,42,1,cv_evaluation,no_chatter,0,0.0071205953,32
turning,cnn_ae,global_mse,2inchStickout_F_08-Jun-2017_rpm320_doc0p045_window_0010,2inchStickout/F_08-Jun-2017_rpm320_doc0p045,train,42,1,cv_evaluation,no_chatter,0,0.006070611,32
turning,cnn_ae,global_mse,2inchStickout_F_08-Jun-2017_rpm320_doc0p045_window_0011,2inchStickout/F_08-Jun-2017_rpm320_doc0p045,train,42,1,cv_evaluation,no_chatter,0,0.005386329,32
turning,cnn_ae,global_mse,2inchStickout_F_08-Jun-2017_rpm320_doc0p045_window_0012,2inchStickout/F_08-Jun-2017_rpm320_doc0p045,train,42,1,cv_evaluation,no_chatter,0,0.0049125585,32
turning,cnn_ae,global_mse,2inchStickout_F_08-Jun-2017_rpm320_doc0p045_window_0013,2inchStickout/F_08-Jun-2017_rpm320_doc0p045,train,42,1,cv_evaluation,no_chatter,0,0.0044928878,32
turning,cnn_ae,global_mse,2inchStickout_F_08-Jun-2017_rpm320_doc0p045_window_0014,2inchStickout/F_08-Jun-2017_rpm320_doc0p045,train,42,1,cv_evaluation,no_chatter,0,0.0040541915,32
turning,cnn_ae,global_mse,2inchStickout_F_08-Jun-2017_rpm320_doc0p045_window_0015,2inchStickout/F_08-Jun-2017_rpm320_doc0p045,validation,42,1,cv_evaluation,no_chatter,0,0.003725867,32
turning,cnn_ae,global_mse,2inchStickout_F_08-Jun-2017_rpm320_doc0p045_window_0016,2inchStickout/F_08-Jun-2017_rpm320_doc0p045,validation,42,1,cv_evaluation,no_chatter,0,0.0037453491,32
turning,cnn_ae,global_mse,2inchStickout_F_08-Jun-2017_rpm320_doc0p045_window_0017,2inchStickout/F_08-Jun-2017_rpm320_doc0p045,validation,42,1,cv_evaluation,no_chatter,0,0.003947518,32
turning,cnn_ae,global_mse,2inchStickout_F_08-Jun-2017_rpm320_doc0p045_window_0018,2inchStickout/F_08-Jun-2017_rpm320_doc0p045,train,42,1,cv_evaluation,no_chatter,0,0.0051049786,32
turning,cnn_ae,global_mse,2inchStickout_F_08-Jun-2017_rpm320_doc0p045_window_0019,2inchStickout/F_08-Jun-2017_rpm320_doc0p045,train,42,1,cv_evaluation,no_chatter,0,0.007172588,32
turning,cnn_ae,global_mse,2inchStickout_F_08-Jun-2017_rpm320_doc0p045_window_0020,2inchStickout/F_08-Jun-2017_rpm320_doc0p045,train,42,1,cv_evaluation,no_chatter,0,0.0071640536,32
turning,cnn_ae,global_mse,2inchStickout_F_08-Jun-2017_rpm320_doc0p045_window_0021,2inchStickout/F_08-Jun-2017_rpm320_doc0p045,train,42,1,cv_evaluation,no_chatter,0,0.00882273,32
turning,cnn_ae,global_mse,2inchStickout_F_08-Jun-2017_rpm320_doc0p045_window_0022,2inchStickout/F_08-Jun-2017_rpm320_doc0p045,train,42,1,cv_evaluation,no_chatter,0,0.0061886786,32
turning,cnn_ae,global_mse,2inchStickout_F_08-Jun-2017_rpm320_doc0p045_window_0023,2inchStickout/F_08-Jun-2017_rpm320_doc0p045,train,42,1,cv_evaluation,no_chatter,0,0.0058187037,32
turning,cnn_ae,global_mse,2inchStickout_F_08-Jun-2017_rpm320_doc0p060_xAccDetached_window_0000,2inchStickout/F_08-Jun-2017_rpm320_doc0p060_xAccDetached,train,42,1,cv_evaluation,no_chatter,0,0.0033351416,32
turning,cnn_ae,global_mse,2inchStickout_F_08-Jun-2017_rpm320_doc0p060_xAccDetached_window_0001,2inchStickout/F_08-Jun-2017_rpm320_doc0p060_xAccDetached,train,42,1,cv_evaluation,no_chatter,0,0.003431651,32
turning,cnn_ae,global_mse,2inchStickout_F_08-Jun-2017_rpm320_doc0p060_xAccDetached_window_0002,2inchStickout/F_08-Jun-2017_rpm320_doc0p060_xAccDetached,train,42,1,cv_evaluation,no_chatter,0,0.0047079986,32
turning,cnn_ae,global_mse,2inchStickout_F_08-Jun-2017_rpm320_doc0p060_xAccDetached_window_0003,2inchStickout/F_08-Jun-2017_rpm320_doc0p060_xAccDetached,validation,42,1,cv_evaluation,no_chatter,0,0.0036689416,32
turning,cnn_ae,global_mse,2inchStickout_F_08-Jun-2017_rpm320_doc0p060_xAccDetached_window_0004,2inchStickout/F_08-Jun-2017_rpm320_doc0p060_xAccDetached,train,42,1,cv_evaluation,no_chatter,0,0.0042037647,32
turning,cnn_ae,global_mse,2inchStickout_F_08-Jun-2017_rpm320_doc0p060_xAccDetached_window_0005,2inchStickout/F_08-Jun-2017_rpm320_doc0p060_xAccDetached,train,42,1,cv_evaluation,no_chatter,0,0.0042151413,32
turning,cnn_ae,global_mse,2inchStickout_F_08-Jun-2017_rpm320_doc0p060_xAccDetached_window_0006,2inchStickout/F_08-Jun-2017_rpm320_doc0p060_xAccDetached,train,42,1,cv_evaluation,no_chatter,0,0.0043805246,32
turning,cnn_ae,global_mse,2inchStickout_F_08-Jun-2017_rpm320_doc0p060_xAccDetached_window_0007,2inchStickout/F_08-Jun-2017_rpm320_doc0p060_xAccDetached,train,42,1,cv_evaluation,no_chatter,0,0.004576624,32
turning,cnn_ae,global_mse,2inchStickout_F_08-Jun-2017_rpm320_doc0p060_xAccDetached_window_0008,2inchStickout/F_08-Jun-2017_rpm320_doc0p060_xAccDetached,train,42,1,cv_evaluation,no_chatter,0,0.0049267076,32
turning,cnn_ae,global_mse,2inchStickout_F_08-Jun-2017_rpm320_doc0p060_xAccDetached_window_0009,2inchStickout/F_08-Jun-2017_rpm320_doc0p060_xAccDetached,train,42,1,cv_evaluation,no_chatter,0,0.0046009202,32
turning,cnn_ae,global_mse,2inchStickout_F_08-Jun-2017_rpm320_doc0p060_xAccDetached_window_0010,2inchStickout/F_08-Jun-2017_rpm320_doc0p060_xAccDetached,train,42,1,cv_evaluation,no_chatter,0,0.004255784,32
turning,cnn_ae,global_mse,2inchStickout_F_08-Jun-2017_rpm320_doc0p060_xAccDetached_window_0011,2inchStickout/F_08-Jun-2017_rpm320_doc0p060_xAccDetached,train,42,1,cv_evaluation,no_chatter,0,0.0037388923,32
turning,cnn_ae,global_mse,2inchStickout_F_08-Jun-2017_rpm425_doc0p025_window_0000,2inchStickout/F_08-Jun-2017_rpm425_doc0p025,train,42,1,cv_evaluation,no_chatter,0,0.0037106937,32
turning,cnn_ae,global_mse,2inchStickout_F_08-Jun-2017_rpm425_doc0p025_window_0001,2inchStickout/F_08-Jun-2017_rpm425_doc0p025,train,42,1,cv_evaluation,no_chatter,0,0.0037880733,32
turning,cnn_ae,global_mse,2inchStickout_F_08-Jun-2017_rpm425_doc0p025_window_0002,2inchStickout/F_08-Jun-2017_rpm425_doc0p025,test,42,1,cv_evaluation,no_chatter,0,0.004437536,32
turning,cnn_ae,global_mse,2inchStickout_F_08-Jun-2017_rpm425_doc0p025_window_0003,2inchStickout/F_08-Jun-2017_rpm425_doc0p025,train,42,1,cv_evaluation,no_chatter,0,0.010951346,32
turning,cnn_ae,global_mse,2inchStickout_F_08-Jun-2017_rpm425_doc0p025_window_0004,2inchStickout/F_08-Jun-2017_rpm425_doc0p025,validation,42,1,cv_evaluation,chatter,1,0.031927742,32
turning,cnn_ae,global_mse,2inchStickout_F_08-Jun-2017_rpm425_doc0p025_window_0005,2inchStickout/F_08-Jun-2017_rpm425_doc0p025,validation,42,1,cv_evaluation,chatter,1,0.03484512,32
turning,cnn_ae,global_mse,2inchStickout_F_08-Jun-2017_rpm425_doc0p025_window_0006,2inchStickout/F_08-Jun-2017_rpm425_doc0p025,validation,42,1,cv_evaluation,chatter,1,0.034750696,32
turning,cnn_ae,global_mse,2inchStickout_F_08-Jun-2017_rpm425_doc0p025_window_0007,2inchStickout/F_08-Jun-2017_rpm425_doc0p025,validation,42,1,cv_evaluation,chatter,1,0.028754042,32
turning,cnn_ae,global_mse,2inchStickout_F_08-Jun-2017_rpm570_doc0p002_window_0000,2inchStickout/F_08-Jun-2017_rpm570_doc0p002,train,42,1,cv_evaluation,no_chatter,0,0.0038011053,32
turning,cnn_ae,global_mse,2inchStickout_F_08-Jun-2017_rpm570_doc0p002_window_0001,2inchStickout/F_08-Jun-2017_rpm570_doc0p002,train,42,1,cv_evaluation,no_chatter,0,0.004336686,32
turning,cnn_ae,global_mse,2inchStickout_F_08-Jun-2017_rpm570_doc0p002_window_0002,2inchStickout/F_08-Jun-2017_rpm570_doc0p002,test,42,1,cv_evaluation,chatter,1,0.014290129,32
turning,cnn_ae,global_mse,2inchStickout_F_08-Jun-2017_rpm570_doc0p002_window_0003,2inchStickout/F_08-Jun-2017_rpm570_doc0p002,test,42,1,cv_evaluation,chatter,1,0.031411003,32
turning,cnn_ae,global_mse,2inchStickout_F_08-Jun-2017_rpm570_doc0p002_window_0004,2inchStickout/F_08-Jun-2017_rpm570_doc0p002,train,42,1,cv_evaluation,no_chatter,0,0.015977552,32
turning,cnn_ae,global_mse,2inchStickout_F_08-Jun-2017_rpm570_doc0p002_window_0005,2inchStickout/F_08-Jun-2017_rpm570_doc0p002,train,42,1,cv_evaluation,no_chatter,0,0.035187833,32
turning,cnn_ae,global_mse,2inchStickout_F_08-Jun-2017_rpm570_doc0p005_window_0000,2inchStickout/F_08-Jun-2017_rpm570_doc0p005,train,42,1,cv_evaluation,no_chatter,0,0.003989263,32
turning,cnn_ae,global_mse,2inchStickout_F_08-Jun-2017_rpm570_doc0p005_window_0001,2inchStickout/F_08-Jun-2017_rpm570_doc0p005,test,42,1,cv_evaluation,no_chatter,0,0.0047555785,32
turning,cnn_ae,global_mse,2inchStickout_F_08-Jun-2017_rpm570_doc0p005_window_0002,2inchStickout/F_08-Jun-2017_rpm570_doc0p005,test,42,1,cv_evaluation,chatter,1,0.019783676,32
turning,cnn_ae,global_mse,2inchStickout_F_08-Jun-2017_rpm570_doc0p005_window_0003,2inchStickout/F_08-Jun-2017_rpm570_doc0p005,train,42,1,cv_evaluation,no_chatter,0,0.013562591,32
turning,cnn_ae,global_mse,2p5inchStickout_F_12-Jun-2017_rpm570_doc0p012_window_0000,2p5inchStickout/F_12-Jun-2017_rpm570_doc0p012,train,42,1,cv_evaluation,no_chatter,0,0.0033085907,32
turning,cnn_ae,global_mse,2p5inchStickout_F_12-Jun-2017_rpm570_doc0p012_window_0001,2p5inchStickout/F_12-Jun-2017_rpm570_doc0p012,train,42,1,cv_evaluation,no_chatter,0,0.007519772,32
turning,cnn_ae,global_mse,2p5inchStickout_F_12-Jun-2017_rpm570_doc0p012_window_0002,2p5inchStickout/F_12-Jun-2017_rpm570_doc0p012,test,42,1,cv_evaluation,chatter,1,0.01798695,32
turning,cnn_ae,global_mse,2p5inchStickout_F_12-Jun-2017_rpm570_doc0p012_window_0003,2p5inchStickout/F_12-Jun-2017_rpm570_doc0p012,train,42,1,cv_evaluation,no_chatter,0,0.011914394,32
turning,cnn_ae,global_mse,2p5inchStickout_F_12-Jun-2017_rpm570_doc0p012_window_0004,2p5inchStickout/F_12-Jun-2017_rpm570_doc0p012,train,42,1,cv_evaluation,no_chatter,0,0.01155941,32
turning,cnn_ae,global_mse,2p5inchStickout_F_12-Jun-2017_rpm570_doc0p012_window_0005,2p5inchStickout/F_12-Jun-2017_rpm570_doc0p012,train,42,1,cv_evaluation,no_chatter,0,0.013611609,32
turning,cnn_ae,global_mse,2p5inchStickout_F_12-Jun-2017_rpm570_doc0p012_window_0006,2p5inchStickout/F_12-Jun-2017_rpm570_doc0p012,validation,42,1,cv_evaluation,no_chatter,0,0.009188192,32
turning,cnn_ae,global_mse,2p5inchStickout_F_12-Jun-2017_rpm570_doc0p012_window_0007,2p5inchStickout/F_12-Jun-2017_rpm570_doc0p012,train,42,1,cv_evaluation,no_chatter,0,0.00883718,32
turning,cnn_ae,global_mse,2p5inchStickout_F_12-Jun-2017_rpm570_doc0p012_window_0008,2p5inchStickout/F_12-Jun-2017_rpm570_doc0p012,validation,42,1,cv_evaluation,no_chatter,0,0.009048142,32
turning,cnn_ae,global_mse,2p5inchStickout_F_12-Jun-2017_rpm570_doc0p012_window_0009,2p5inchStickout/F_12-Jun-2017_rpm570_doc0p012,validation,42,1,cv_evaluation,no_chatter,0,0.008650152,32
turning,cnn_ae,global_mse,2p5inchStickout_F_12-Jun-2017_rpm570_doc0p014_window_0000,2p5inchStickout/F_12-Jun-2017_rpm570_doc0p014,train,42,1,cv_evaluation,no_chatter,0,0.003265663,32
turning,cnn_ae,global_mse,2p5inchStickout_F_12-Jun-2017_rpm570_doc0p014_window_0001,2p5inchStickout/F_12-Jun-2017_rpm570_doc0p014,train,42,1,cv_evaluation,no_chatter,0,0.0047988994,32
turning,cnn_ae,global_mse,2p5inchStickout_F_12-Jun-2017_rpm570_doc0p014_window_0002,2p5inchStickout/F_12-Jun-2017_rpm570_doc0p014,train,42,1,cv_evaluation,no_chatter,0,0.016263181,32
turning,cnn_ae,global_mse,2p5inchStickout_F_12-Jun-2017_rpm570_doc0p014_window_0003,2p5inchStickout/F_12-Jun-2017_rpm570_doc0p014,validation,42,1,cv_evaluation,no_chatter,0,0.012105531,32
turning,cnn_ae,global_mse,2p5inchStickout_F_12-Jun-2017_rpm570_doc0p014_window_0004,2p5inchStickout/F_12-Jun-2017_rpm570_doc0p014,validation,42,1,cv_evaluation,no_chatter,0,0.0110272765,32
turning,cnn_ae,global_mse,2p5inchStickout_F_12-Jun-2017_rpm570_doc0p014_window_0005,2p5inchStickout/F_12-Jun-2017_rpm570_doc0p014,validation,42,1,cv_evaluation,no_chatter,0,0.010474531,32
turning,cnn_ae,global_mse,2p5inchStickout_F_12-Jun-2017_rpm770_doc0p005_window_0000,2p5inchStickout/F_12-Jun-2017_rpm770_doc0p005,train,42,1,cv_evaluation,no_chatter,0,0.0035748892,32
turning,cnn_ae,global_mse,2p5inchStickout_F_12-Jun-2017_rpm770_doc0p005_window_0001,2p5inchStickout/F_12-Jun-2017_rpm770_doc0p005,train,42,1,cv_evaluation,no_chatter,0,0.021903913,32
turning,cnn_ae,global_mse,2p5inchStickout_F_12-Jun-2017_rpm770_doc0p005_window_0002,2p5inchStickout/F_12-Jun-2017_rpm770_doc0p005,train,42,1,cv_evaluation,no_chatter,0,0.008523342,32
turning,cnn_ae,global_mse,2p5inchStickout_F_12-Jun-2017_rpm770_doc0p005_window_0003,2p5inchStickout/F_12-Jun-2017_rpm770_doc0p005,train,42,1,cv_evaluation,no_chatter,0,0.016697388,32
turning,cnn_ae,global_mse,3p5inchStickout_F_12-Jun-2017_rpm570_doc0p025_window_0000,3p5inchStickout/F_12-Jun-2017_rpm570_doc0p025,validation,42,1,cv_evaluation,no_chatter,0,0.002729994,32
turning,cnn_ae,global_mse,3p5inchStickout_F_12-Jun-2017_rpm570_doc0p025_window_0001,3p5inchStickout/F_12-Jun-2017_rpm570_doc0p025,train,42,1,cv_evaluation,no_chatter,0,0.003374016,32
turning,cnn_ae,global_mse,3p5inchStickout_F_12-Jun-2017_rpm570_doc0p025_window_0002,3p5inchStickout/F_12-Jun-2017_rpm570_doc0p025,train,42,1,cv_evaluation,no_chatter,0,0.005599547,32
turning,cnn_ae,global_mse,3p5inchStickout_F_12-Jun-2017_rpm570_doc0p025_window_0003,3p5inchStickout/F_12-Jun-2017_rpm570_doc0p025,validation,42,1,cv_evaluation,no_chatter,0,0.0075707277,32
turning,cnn_ae,global_mse,3p5inchStickout_F_12-Jun-2017_rpm570_doc0p025_window_0004,3p5inchStickout/F_12-Jun-2017_rpm570_doc0p025,train,42,1,cv_evaluation,no_chatter,0,0.0069456873,32
turning,cnn_ae,global_mse,3p5inchStickout_F_12-Jun-2017_rpm570_doc0p025_window_0005,3p5inchStickout/F_12-Jun-2017_rpm570_doc0p025,train,42,1,cv_evaluation,no_chatter,0,0.01054714,32
turning,cnn_ae,global_mse,3p5inchStickout_F_12-Jun-2017_rpm570_doc0p025_window_0006,3p5inchStickout/F_12-Jun-2017_rpm570_doc0p025,train,42,1,cv_evaluation,no_chatter,0,0.010454691,32
turning,cnn_ae,global_mse,3p5inchStickout_F_12-Jun-2017_rpm570_doc0p025_window_0007,3p5inchStickout/F_12-Jun-2017_rpm570_doc0p025,train,42,1,cv_evaluation,no_chatter,0,0.009366759,32
turning,cnn_ae,global_mse,3p5inchStickout_F_12-Jun-2017_rpm570_doc0p025_window_0008,3p5inchStickout/F_12-Jun-2017_rpm570_doc0p025,train,42,1,cv_evaluation,no_chatter,0,0.008125069,32
turning,cnn_ae,global_mse,3p5inchStickout_F_12-Jun-2017_rpm570_doc0p025_window_0009,3p5inchStickout/F_12-Jun-2017_rpm570_doc0p025,train,42,1,cv_evaluation,no_chatter,0,0.008856047,32
turning,cnn_ae,global_mse,3p5inchStickout_F_14-Jun-2017_rpm1030_doc0p002_window_0000,3p5inchStickout/F_14-Jun-2017_rpm1030_doc0p002,train,42,1,cv_evaluation,no_chatter,0,0.0027029202,32
turning,cnn_ae,global_mse,3p5inchStickout_F_14-Jun-2017_rpm1030_doc0p002_window_0001,3p5inchStickout/F_14-Jun-2017_rpm1030_doc0p002,train,42,1,cv_evaluation,no_chatter,0,0.039826866,32
turning,cnn_ae,global_mse,3p5inchStickout_F_14-Jun-2017_rpm1030_doc0p002_window_0002,3p5inchStickout/F_14-Jun-2017_rpm1030_doc0p002,train,42,1,cv_evaluation,no_chatter,0,0.052603777,32
turning,cnn_ae,global_mse,3p5inchStickout_F_14-Jun-2017_rpm770_doc0p010_window_0000,3p5inchStickout/F_14-Jun-2017_rpm770_doc0p010,train,42,1,cv_evaluation,no_chatter,0,0.0028599165,32
turning,cnn_ae,global_mse,3p5inchStickout_F_14-Jun-2017_rpm770_doc0p010_window_0001,3p5inchStickout/F_14-Jun-2017_rpm770_doc0p010,train,42,1,cv_evaluation,no_chatter,0,0.0041597434,32
turning,cnn_ae,global_mse,3p5inchStickout_F_14-Jun-2017_rpm770_doc0p010_window_0002,3p5inchStickout/F_14-Jun-2017_rpm770_doc0p010,train,42,1,cv_evaluation,no_chatter,0,0.018101089,32
turning,cnn_ae,global_mse,3p5inchStickout_F_14-Jun-2017_rpm770_doc0p010_window_0003,3p5inchStickout/F_14-Jun-2017_rpm770_doc0p010,train,42,1,cv_evaluation,no_chatter,0,0.017684048,32
turning,cnn_ae,global_mse,4p5inchStickout_F_12-Jun-2017_rpm570_doc0p040_window_0000,4p5inchStickout/F_12-Jun-2017_rpm570_doc0p040,train,42,1,cv_evaluation,no_chatter,0,0.0028955296,32
turning,cnn_ae,global_mse,4p5inchStickout_F_12-Jun-2017_rpm570_doc0p040_window_0001,4p5inchStickout/F_12-Jun-2017_rpm570_doc0p040,train,42,1,cv_evaluation,no_chatter,0,0.002810718,32
turning,cnn_ae,global_mse,4p5inchStickout_F_12-Jun-2017_rpm570_doc0p040_window_0002,4p5inchStickout/F_12-Jun-2017_rpm570_doc0p040,train,42,1,cv_evaluation,no_chatter,0,0.0027911968,32
turning,cnn_ae,global_mse,4p5inchStickout_F_12-Jun-2017_rpm570_doc0p040_window_0003,4p5inchStickout/F_12-Jun-2017_rpm570_doc0p040,train,42,1,cv_evaluation,no_chatter,0,0.0027881006,32
turning,cnn_ae,global_mse,4p5inchStickout_F_12-Jun-2017_rpm570_doc0p040_window_0004,4p5inchStickout/F_12-Jun-2017_rpm570_doc0p040,train,42,1,cv_evaluation,no_chatter,0,0.0027101345,32
turning,cnn_ae,global_mse,4p5inchStickout_F_12-Jun-2017_rpm570_doc0p040_window_0005,4p5inchStickout/F_12-Jun-2017_rpm570_doc0p040,train,42,1,cv_evaluation,no_chatter,0,0.0034852098,32
turning,cnn_ae,global_mse,4p5inchStickout_F_12-Jun-2017_rpm570_doc0p040_window_0006,4p5inchStickout/F_12-Jun-2017_rpm570_doc0p040,train,42,1,cv_evaluation,no_chatter,0,0.010975824,32
turning,cnn_ae,global_mse,4p5inchStickout_F_12-Jun-2017_rpm570_doc0p040_window_0007,4p5inchStickout/F_12-Jun-2017_rpm570_doc0p040,train,42,1,cv_evaluation,no_chatter,0,0.014693836,32
turning,cnn_ae,global_mse,4p5inchStickout_F_12-Jun-2017_rpm570_doc0p040_window_0008,4p5inchStickout/F_12-Jun-2017_rpm570_doc0p040,train,42,1,cv_evaluation,no_chatter,0,0.013621457,32
turning,cnn_ae,global_mse,4p5inchStickout_F_12-Jun-2017_rpm570_doc0p040_window_0009,4p5inchStickout/F_12-Jun-2017_rpm570_doc0p040,train,42,1,cv_evaluation,no_chatter,0,0.011417727,32
turning,cnn_ae,global_mse,4p5inchStickout_F_12-Jun-2017_rpm570_doc0p040_window_0010,4p5inchStickout/F_12-Jun-2017_rpm570_doc0p040,train,42,1,cv_evaluation,no_chatter,0,0.007852689,32
turning,cnn_ae,global_mse,4p5inchStickout_F_12-Jun-2017_rpm570_doc0p040_window_0011,4p5inchStickout/F_12-Jun-2017_rpm570_doc0p040,train,42,1,cv_evaluation,no_chatter,0,0.00554331,32
turning,cnn_ae,global_mse,4p5inchStickout_F_13-Jun-2017_rpm1030_doc0p015_window_0000,4p5inchStickout/F_13-Jun-2017_rpm1030_doc0p015,train,42,1,cv_evaluation,no_chatter,0,0.0031095387,32
turning,cnn_ae,global_mse,4p5inchStickout_F_13-Jun-2017_rpm1030_doc0p015_window_0001,4p5inchStickout/F_13-Jun-2017_rpm1030_doc0p015,train,42,1,cv_evaluation,no_chatter,0,0.011770331,32
turning,cnn_ae,global_mse,4p5inchStickout_F_13-Jun-2017_rpm1030_doc0p015_window_0002,4p5inchStickout/F_13-Jun-2017_rpm1030_doc0p015,train,42,1,cv_evaluation,no_chatter,0,0.018535526,32
turning,cnn_ae,global_mse,4p5inchStickout_F_13-Jun-2017_rpm1030_doc0p015_window_0003,4p5inchStickout/F_13-Jun-2017_rpm1030_doc0p015,validation,42,1,cv_evaluation,no_chatter,0,0.019469017,32
turning,cnn_ae,global_mae,2inchStickout_F_08-Jun-2017_rpm1030_doc0p001_window_0000,2inchStickout/F_08-Jun-2017_rpm1030_doc0p001,train,42,1,cv_evaluation,no_chatter,0,0.053063706,32
turning,cnn_ae,global_mae,2inchStickout_F_08-Jun-2017_rpm1030_doc0p001_window_0001,2inchStickout/F_08-Jun-2017_rpm1030_doc0p001,validation,42,1,cv_evaluation,chatter,1,0.23325795,32
turning,cnn_ae,global_mae,2inchStickout_F_08-Jun-2017_rpm1030_doc0p001_window_0002,2inchStickout/F_08-Jun-2017_rpm1030_doc0p001,validation,42,1,cv_evaluation,chatter,1,0.25757173,32
turning,cnn_ae,global_mae,2inchStickout_F_08-Jun-2017_rpm1030_doc0p001_window_0003,2inchStickout/F_08-Jun-2017_rpm1030_doc0p001,validation,42,1,cv_evaluation,chatter,1,0.28702104,32
turning,cnn_ae,global_mae,2inchStickout_F_08-Jun-2017_rpm320_doc0p010_window_0000,2inchStickout/F_08-Jun-2017_rpm320_doc0p010,train,42,1,cv_evaluation,no_chatter,0,0.049021624,32
turning,cnn_ae,global_mae,2inchStickout_F_08-Jun-2017_rpm320_doc0p010_window_0001,2inchStickout/F_08-Jun-2017_rpm320_doc0p010,train,42,1,cv_evaluation,no_chatter,0,0.048979063,32
turning,cnn_ae,global_mae,2inchStickout_F_08-Jun-2017_rpm320_doc0p010_window_0002,2inchStickout/F_08-Jun-2017_rpm320_doc0p010,train,42,1,cv_evaluation,no_chatter,0,0.048999973,32
turning,cnn_ae,global_mae,2inchStickout_F_08-Jun-2017_rpm320_doc0p010_window_0003,2inchStickout/F_08-Jun-2017_rpm320_doc0p010,train,42,1,cv_evaluation,no_chatter,0,0.048630524,32
turning,cnn_ae,global_mae,2inchStickout_F_08-Jun-2017_rpm320_doc0p010_window_0004,2inchStickout/F_08-Jun-2017_rpm320_doc0p010,train,42,1,cv_evaluation,no_chatter,0,0.044593766,32
turning,cnn_ae,global_mae,2inchStickout_F_08-Jun-2017_rpm320_doc0p010_window_0005,2inchStickout/F_08-Jun-2017_rpm320_doc0p010,validation,42,1,cv_evaluation,no_chatter,0,0.04256517,32
turning,cnn_ae,global_mae,2inchStickout_F_08-Jun-2017_rpm320_doc0p010_window_0006,2inchStickout/F_08-Jun-2017_rpm320_doc0p010,validation,42,1,cv_evaluation,no_chatter,0,0.04296505,32
turning,cnn_ae,global_mae,2inchStickout_F_08-Jun-2017_rpm320_doc0p010_window_0007,2inchStickout/F_08-Jun-2017_rpm320_doc0p010,train,42,1,cv_evaluation,no_chatter,0,0.045316152,32
turning,cnn_ae,global_mae,2inchStickout_F_08-Jun-2017_rpm320_doc0p010_window_0008,2inchStickout/F_08-Jun-2017_rpm320_doc0p010,validation,42,1,cv_evaluation,no_chatter,0,0.048157107,32
turning,cnn_ae,global_mae,2inchStickout_F_08-Jun-2017_rpm320_doc0p010_window_0009,2inchStickout/F_08-Jun-2017_rpm320_doc0p010,train,42,1,cv_evaluation,no_chatter,0,0.0679782,32
turning,cnn_ae,global_mae,2inchStickout_F_08-Jun-2017_rpm320_doc0p010_window_0010,2inchStickout/F_08-Jun-2017_rpm320_doc0p010,train,42,1,cv_evaluation,no_chatter,0,0.08267879,32
turning,cnn_ae,global_mae,2inchStickout_F_08-Jun-2017_rpm320_doc0p010_window_0011,2inchStickout/F_08-Jun-2017_rpm320_doc0p010,validation,42,1,cv_evaluation,no_chatter,0,0.07295518,32
turning,cnn_ae,global_mae,2inchStickout_F_08-Jun-2017_rpm320_doc0p010_window_0012,2inchStickout/F_08-Jun-2017_rpm320_doc0p010,train,42,1,cv_evaluation,no_chatter,0,0.059685275,32
turning,cnn_ae,global_mae,2inchStickout_F_08-Jun-2017_rpm320_doc0p010_window_0013,2inchStickout/F_08-Jun-2017_rpm320_doc0p010,validation,42,1,cv_evaluation,no_chatter,0,0.0663552,32
turning,cnn_ae,global_mae,2inchStickout_F_08-Jun-2017_rpm320_doc0p010_window_0014,2inchStickout/F_08-Jun-2017_rpm320_doc0p010,train,42,1,cv_evaluation,no_chatter,0,0.061554957,32
turning,cnn_ae,global_mae,2inchStickout_F_08-Jun-2017_rpm320_doc0p010_window_0015,2inchStickout/F_08-Jun-2017_rpm320_doc0p010,train,42,1,cv_evaluation,no_chatter,0,0.053916287,32
turning,cnn_ae,global_mae,2inchStickout_F_08-Jun-2017_rpm320_doc0p010_window_0016,2inchStickout/F_08-Jun-2017_rpm320_doc0p010,train,42,1,cv_evaluation,no_chatter,0,0.05419222,32
turning,cnn_ae,global_mae,2inchStickout_F_08-Jun-2017_rpm320_doc0p010_window_0017,2inchStickout/F_08-Jun-2017_rpm320_doc0p010,train,42,1,cv_evaluation,no_chatter,0,0.051589224,32
turning,cnn_ae,global_mae,2inchStickout_F_08-Jun-2017_rpm320_doc0p010_window_0018,2inchStickout/F_08-Jun-2017_rpm320_doc0p010,train,42,1,cv_evaluation,no_chatter,0,0.05170253,32
turning,cnn_ae,global_mae,2inchStickout_F_08-Jun-2017_rpm320_doc0p010_window_0019,2inchStickout/F_08-Jun-2017_rpm320_doc0p010,train,42,1,cv_evaluation,no_chatter,0,0.049922213,32
turning,cnn_ae,global_mae,2inchStickout_F_08-Jun-2017_rpm320_doc0p010_window_0020,2inchStickout/F_08-Jun-2017_rpm320_doc0p010,train,42,1,cv_evaluation,no_chatter,0,0.047583137,32
turning,cnn_ae,global_mae,2inchStickout_F_08-Jun-2017_rpm320_doc0p010_window_0021,2inchStickout/F_08-Jun-2017_rpm320_doc0p010,train,42,1,cv_evaluation,no_chatter,0,0.051858652,32
turning,cnn_ae,global_mae,2inchStickout_F_08-Jun-2017_rpm320_doc0p010_window_0022,2inchStickout/F_08-Jun-2017_rpm320_doc0p010,train,42,1,cv_evaluation,no_chatter,0,0.05553405,32
turning,cnn_ae,global_mae,2inchStickout_F_08-Jun-2017_rpm320_doc0p010_window_0023,2inchStickout/F_08-Jun-2017_rpm320_doc0p010,train,42,1,cv_evaluation,no_chatter,0,0.049056716,32
turning,cnn_ae,global_mae,2inchStickout_F_08-Jun-2017_rpm320_doc0p045_window_0000,2inchStickout/F_08-Jun-2017_rpm320_doc0p045,train,42,1,cv_evaluation,no_chatter,0,0.049519558,32
turning,cnn_ae,global_mae,2inchStickout_F_08-Jun-2017_rpm320_doc0p045_window_0001,2inchStickout/F_08-Jun-2017_rpm320_doc0p045,train,42,1,cv_evaluation,no_chatter,0,0.049874604,32
turning,cnn_ae,global_mae,2inchStickout_F_08-Jun-2017_rpm320_doc0p045_window_0002,2inchStickout/F_08-Jun-2017_rpm320_doc0p045,train,42,1,cv_evaluation,no_chatter,0,0.050535373,32
turning,cnn_ae,global_mae,2inchStickout_F_08-Jun-2017_rpm320_doc0p045_window_0003,2inchStickout/F_08-Jun-2017_rpm320_doc0p045,train,42,1,cv_evaluation,no_chatter,0,0.04798941,32
turning,cnn_ae,global_mae,2inchStickout_F_08-Jun-2017_rpm320_doc0p045_window_0004,2inchStickout/F_08-Jun-2017_rpm320_doc0p045,train,42,1,cv_evaluation,no_chatter,0,0.049803864,32
turning,cnn_ae,global_mae,2inchStickout_F_08-Jun-2017_rpm320_doc0p045_window_0005,2inchStickout/F_08-Jun-2017_rpm320_doc0p045,train,42,1,cv_evaluation,no_chatter,0,0.054566354,32
turning,cnn_ae,global_mae,2inchStickout_F_08-Jun-2017_rpm320_doc0p045_window_0006,2inchStickout/F_08-Jun-2017_rpm320_doc0p045,train,42,1,cv_evaluation,no_chatter,0,0.056295905,32
turning,cnn_ae,global_mae,2inchStickout_F_08-Jun-2017_rpm320_doc0p045_window_0007,2inchStickout/F_08-Jun-2017_rpm320_doc0p045,train,42,1,cv_evaluation,no_chatter,0,0.05545038,32
turning,cnn_ae,global_mae,2inchStickout_F_08-Jun-2017_rpm320_doc0p045_window_0008,2inchStickout/F_08-Jun-2017_rpm320_doc0p045,train,42,1,cv_evaluation,no_chatter,0,0.053864878,32
turning,cnn_ae,global_mae,2inchStickout_F_08-Jun-2017_rpm320_doc0p045_window_0009,2inchStickout/F_08-Jun-2017_rpm320_doc0p045,validation,42,1,cv_evaluation,no_chatter,0,0.054027896,32
turning,cnn_ae,global_mae,2inchStickout_F_08-Jun-2017_rpm320_doc0p045_window_0010,2inchStickout/F_08-Jun-2017_rpm320_doc0p045,train,42,1,cv_evaluation,no_chatter,0,0.05118805,32
turning,cnn_ae,global_mae,2inchStickout_F_08-Jun-2017_rpm320_doc0p045_window_0011,2inchStickout/F_08-Jun-2017_rpm320_doc0p045,train,42,1,cv_evaluation,no_chatter,0,0.049071886,32
turning,cnn_ae,global_mae,2inchStickout_F_08-Jun-2017_rpm320_doc0p045_window_0012,2inchStickout/F_08-Jun-2017_rpm320_doc0p045,train,42,1,cv_evaluation,no_chatter,0,0.048009247,32
turning,cnn_ae,global_mae,2inchStickout_F_08-Jun-2017_rpm320_doc0p045_window_0013,2inchStickout/F_08-Jun-2017_rpm320_doc0p045,train,42,1,cv_evaluation,no_chatter,0,0.04675602,32
turning,cnn_ae,global_mae,2inchStickout_F_08-Jun-2017_rpm320_doc0p045_window_0014,2inchStickout/F_08-Jun-2017_rpm320_doc0p045,train,42,1,cv_evaluation,no_chatter,0,0.044219866,32
turning,cnn_ae,global_mae,2inchStickout_F_08-Jun-2017_rpm320_doc0p045_window_0015,2inchStickout/F_08-Jun-2017_rpm320_doc0p045,validation,42,1,cv_evaluation,no_chatter,0,0.043190602,32
turning,cnn_ae,global_mae,2inchStickout_F_08-Jun-2017_rpm320_doc0p045_window_0016,2inchStickout/F_08-Jun-2017_rpm320_doc0p045,validation,42,1,cv_evaluation,no_chatter,0,0.043290243,32
turning,cnn_ae,global_mae,2inchStickout_F_08-Jun-2017_rpm320_doc0p045_window_0017,2inchStickout/F_08-Jun-2017_rpm320_doc0p045,validation,42,1,cv_evaluation,no_chatter,0,0.043877073,32
turning,cnn_ae,global_mae,2inchStickout_F_08-Jun-2017_rpm320_doc0p045_window_0018,2inchStickout/F_08-Jun-2017_rpm320_doc0p045,train,42,1,cv_evaluation,no_chatter,0,0.047669325,32
turning,cnn_ae,global_mae,2inchStickout_F_08-Jun-2017_rpm320_doc0p045_window_0019,2inchStickout/F_08-Jun-2017_rpm320_doc0p045,train,42,1,cv_evaluation,no_chatter,0,0.05338863,32
turning,cnn_ae,global_mae,2inchStickout_F_08-Jun-2017_rpm320_doc0p045_window_0020,2inchStickout/F_08-Jun-2017_rpm320_doc0p045,train,42,1,cv_evaluation,no_chatter,0,0.053174175,32
turning,cnn_ae,global_mae,2inchStickout_F_08-Jun-2017_rpm320_doc0p045_window_0021,2inchStickout/F_08-Jun-2017_rpm320_doc0p045,train,42,1,cv_evaluation,no_chatter,0,0.057493627,32
turning,cnn_ae,global_mae,2inchStickout_F_08-Jun-2017_rpm320_doc0p045_window_0022,2inchStickout/F_08-Jun-2017_rpm320_doc0p045,train,42,1,cv_evaluation,no_chatter,0,0.050608154,32
turning,cnn_ae,global_mae,2inchStickout_F_08-Jun-2017_rpm320_doc0p045_window_0023,2inchStickout/F_08-Jun-2017_rpm320_doc0p045,train,42,1,cv_evaluation,no_chatter,0,0.049658388,32
turning,cnn_ae,global_mae,2inchStickout_F_08-Jun-2017_rpm320_doc0p060_xAccDetached_window_0000,2inchStickout/F_08-Jun-2017_rpm320_doc0p060_xAccDetached,train,42,1,cv_evaluation,no_chatter,0,0.049574126,32
turning,cnn_ae,global_mae,2inchStickout_F_08-Jun-2017_rpm320_doc0p060_xAccDetached_window_0001,2inchStickout/F_08-Jun-2017_rpm320_doc0p060_xAccDetached,train,42,1,cv_evaluation,no_chatter,0,0.049737733,32
turning,cnn_ae,global_mae,2inchStickout_F_08-Jun-2017_rpm320_doc0p060_xAccDetached_window_0002,2inchStickout/F_08-Jun-2017_rpm320_doc0p060_xAccDetached,train,42,1,cv_evaluation,no_chatter,0,0.051113226,32
turning,cnn_ae,global_mae,2inchStickout_F_08-Jun-2017_rpm320_doc0p060_xAccDetached_window_0003,2inchStickout/F_08-Jun-2017_rpm320_doc0p060_xAccDetached,validation,42,1,cv_evaluation,no_chatter,0,0.047623493,32
turning,cnn_ae,global_mae,2inchStickout_F_08-Jun-2017_rpm320_doc0p060_xAccDetached_window_0004,2inchStickout/F_08-Jun-2017_rpm320_doc0p060_xAccDetached,train,42,1,cv_evaluation,no_chatter,0,0.04921937,32
turning,cnn_ae,global_mae,2inchStickout_F_08-Jun-2017_rpm320_doc0p060_xAccDetached_window_0005,2inchStickout/F_08-Jun-2017_rpm320_doc0p060_xAccDetached,train,42,1,cv_evaluation,no_chatter,0,0.04922846,32
turning,cnn_ae,global_mae,2inchStickout_F_08-Jun-2017_rpm320_doc0p060_xAccDetached_window_0006,2inchStickout/F_08-Jun-2017_rpm320_doc0p060_xAccDetached,train,42,1,cv_evaluation,no_chatter,0,0.049638856,32
turning,cnn_ae,global_mae,2inchStickout_F_08-Jun-2017_rpm320_doc0p060_xAccDetached_window_0007,2inchStickout/F_08-Jun-2017_rpm320_doc0p060_xAccDetached,train,42,1,cv_evaluation,no_chatter,0,0.050291065,32
turning,cnn_ae,global_mae,2inchStickout_F_08-Jun-2017_rpm320_doc0p060_xAccDetached_window_0008,2inchStickout/F_08-Jun-2017_rpm320_doc0p060_xAccDetached,train,42,1,cv_evaluation,no_chatter,0,0.050571214,32
turning,cnn_ae,global_mae,2inchStickout_F_08-Jun-2017_rpm320_doc0p060_xAccDetached_window_0009,2inchStickout/F_08-Jun-2017_rpm320_doc0p060_xAccDetached,train,42,1,cv_evaluation,no_chatter,0,0.050019763,32
turning,cnn_ae,global_mae,2inchStickout_F_08-Jun-2017_rpm320_doc0p060_xAccDetached_window_0010,2inchStickout/F_08-Jun-2017_rpm320_doc0p060_xAccDetached,train,42,1,cv_evaluation,no_chatter,0,0.049446583,32
turning,cnn_ae,global_mae,2inchStickout_F_08-Jun-2017_rpm320_doc0p060_xAccDetached_window_0011,2inchStickout/F_08-Jun-2017_rpm320_doc0p060_xAccDetached,train,42,1,cv_evaluation,no_chatter,0,0.04836999,32
turning,cnn_ae,global_mae,2inchStickout_F_08-Jun-2017_rpm425_doc0p025_window_0000,2inchStickout/F_08-Jun-2017_rpm425_doc0p025,train,42,1,cv_evaluation,no_chatter,0,0.05045364,32
turning,cnn_ae,global_mae,2inchStickout_F_08-Jun-2017_rpm425_doc0p025_window_0001,2inchStickout/F_08-Jun-2017_rpm425_doc0p025,train,42,1,cv_evaluation,no_chatter,0,0.05063725,32
turning,cnn_ae,global_mae,2inchStickout_F_08-Jun-2017_rpm425_doc0p025_window_0002,2inchStickout/F_08-Jun-2017_rpm425_doc0p025,test,42,1,cv_evaluation,no_chatter,0,0.049193863,32
turning,cnn_ae,global_mae,2inchStickout_F_08-Jun-2017_rpm425_doc0p025_window_0003,2inchStickout/F_08-Jun-2017_rpm425_doc0p025,train,42,1,cv_evaluation,no_chatter,0,0.062491108,32
turning,cnn_ae,global_mae,2inchStickout_F_08-Jun-2017_rpm425_doc0p025_window_0004,2inchStickout/F_08-Jun-2017_rpm425_doc0p025,validation,42,1,cv_evaluation,chatter,1,0.104669854,32
turning,cnn_ae,global_mae,2inchStickout_F_08-Jun-2017_rpm425_doc0p025_window_0005,2inchStickout/F_08-Jun-2017_rpm425_doc0p025,validation,42,1,cv_evaluation,chatter,1,0.108141415,32
turning,cnn_ae,global_mae,2inchStickout_F_08-Jun-2017_rpm425_doc0p025_window_0006,2inchStickout/F_08-Jun-2017_rpm425_doc0p025,validation,42,1,cv_evaluation,chatter,1,0.107548915,32
turning,cnn_ae,global_mae,2inchStickout_F_08-Jun-2017_rpm425_doc0p025_window_0007,2inchStickout/F_08-Jun-2017_rpm425_doc0p025,validation,42,1,cv_evaluation,chatter,1,0.09834367,32
turning,cnn_ae,global_mae,2inchStickout_F_08-Jun-2017_rpm570_doc0p002_window_0000,2inchStickout/F_08-Jun-2017_rpm570_doc0p002,train,42,1,cv_evaluation,no_chatter,0,0.051013548,32
turning,cnn_ae,global_mae,2inchStickout_F_08-Jun-2017_rpm570_doc0p002_window_0001,2inchStickout/F_08-Jun-2017_rpm570_doc0p002,train,42,1,cv_evaluation,no_chatter,0,0.04936762,32
turning,cnn_ae,global_mae,2inchStickout_F_08-Jun-2017_rpm570_doc0p002_window_0002,2inchStickout/F_08-Jun-2017_rpm570_doc0p002,test,42,1,cv_evaluation,chatter,1,0.0710499,32
turning,cnn_ae,global_mae,2inchStickout_F_08-Jun-2017_rpm570_doc0p002_window_0003,2inchStickout/F_08-Jun-2017_rpm570_doc0p002,test,42,1,cv_evaluation,chatter,1,0.10644784,32
turning,cnn_ae,global_mae,2inchStickout_F_08-Jun-2017_rpm570_doc0p002_window_0004,2inchStickout/F_08-Jun-2017_rpm570_doc0p002,train,42,1,cv_evaluation,no_chatter,0,0.07926091,32
turning,cnn_ae,global_mae,2inchStickout_F_08-Jun-2017_rpm570_doc0p002_window_0005,2inchStickout/F_08-Jun-2017_rpm570_doc0p002,train,42,1,cv_evaluation,no_chatter,0,0.12285599,32
turning,cnn_ae,global_mae,2inchStickout_F_08-Jun-2017_rpm570_doc0p005_window_0000,2inchStickout/F_08-Jun-2017_rpm570_doc0p005,train,42,1,cv_evaluation,no_chatter,0,0.051419113,32
turning,cnn_ae,global_mae,2inchStickout_F_08-Jun-2017_rpm570_doc0p005_window_0001,2inchStickout/F_08-Jun-2017_rpm570_doc0p005,test,42,1,cv_evaluation,no_chatter,0,0.0507986,32
turning,cnn_ae,global_mae,2inchStickout_F_08-Jun-2017_rpm570_doc0p005_window_0002,2inchStickout/F_08-Jun-2017_rpm570_doc0p005,test,42,1,cv_evaluation,chatter,1,0.08247235,32
turning,cnn_ae,global_mae,2inchStickout_F_08-Jun-2017_rpm570_doc0p005_window_0003,2inchStickout/F_08-Jun-2017_rpm570_doc0p005,train,42,1,cv_evaluation,no_chatter,0,0.072806485,32
turning,cnn_ae,global_mae,2p5inchStickout_F_12-Jun-2017_rpm570_doc0p012_window_0000,2p5inchStickout/F_12-Jun-2017_rpm570_doc0p012,train,42,1,cv_evaluation,no_chatter,0,0.048805468,32
turning,cnn_ae,global_mae,2p5inchStickout_F_12-Jun-2017_rpm570_doc0p012_window_0001,2p5inchStickout/F_12-Jun-2017_rpm570_doc0p012,train,42,1,cv_evaluation,no_chatter,0,0.055315193,32
turning,cnn_ae,global_mae,2p5inchStickout_F_12-Jun-2017_rpm570_doc0p012_window_0002,2p5inchStickout/F_12-Jun-2017_rpm570_doc0p012,test,42,1,cv_evaluation,chatter,1,0.079257935,32
turning,cnn_ae,global_mae,2p5inchStickout_F_12-Jun-2017_rpm570_doc0p012_window_0003,2p5inchStickout/F_12-Jun-2017_rpm570_doc0p012,train,42,1,cv_evaluation,no_chatter,0,0.06786953,32
turning,cnn_ae,global_mae,2p5inchStickout_F_12-Jun-2017_rpm570_doc0p012_window_0004,2p5inchStickout/F_12-Jun-2017_rpm570_doc0p012,train,42,1,cv_evaluation,no_chatter,0,0.068029836,32
turning,cnn_ae,global_mae,2p5inchStickout_F_12-Jun-2017_rpm570_doc0p012_window_0005,2p5inchStickout/F_12-Jun-2017_rpm570_doc0p012,train,42,1,cv_evaluation,no_chatter,0,0.07071259,32
turning,cnn_ae,global_mae,2p5inchStickout_F_12-Jun-2017_rpm570_doc0p012_window_0006,2p5inchStickout/F_12-Jun-2017_rpm570_doc0p012,validation,42,1,cv_evaluation,no_chatter,0,0.061731283,32
turning,cnn_ae,global_mae,2p5inchStickout_F_12-Jun-2017_rpm570_doc0p012_window_0007,2p5inchStickout/F_12-Jun-2017_rpm570_doc0p012,train,42,1,cv_evaluation,no_chatter,0,0.061790917,32
turning,cnn_ae,global_mae,2p5inchStickout_F_12-Jun-2017_rpm570_doc0p012_window_0008,2p5inchStickout/F_12-Jun-2017_rpm570_doc0p012,validation,42,1,cv_evaluation,no_chatter,0,0.061878428,32
turning,cnn_ae,global_mae,2p5inchStickout_F_12-Jun-2017_rpm570_doc0p012_window_0009,2p5inchStickout/F_12-Jun-2017_rpm570_doc0p012,validation,42,1,cv_evaluation,no_chatter,0,0.06169734,32
turning,cnn_ae,global_mae,2p5inchStickout_F_12-Jun-2017_rpm570_doc0p014_window_0000,2p5inchStickout/F_12-Jun-2017_rpm570_doc0p014,train,42,1,cv_evaluation,no_chatter,0,0.04872358,32
turning,cnn_ae,global_mae,2p5inchStickout_F_12-Jun-2017_rpm570_doc0p014_window_0001,2p5inchStickout/F_12-Jun-2017_rpm570_doc0p014,train,42,1,cv_evaluation,no_chatter,0,0.049475037,32
turning,cnn_ae,global_mae,2p5inchStickout_F_12-Jun-2017_rpm570_doc0p014_window_0002,2p5inchStickout/F_12-Jun-2017_rpm570_doc0p014,train,42,1,cv_evaluation,no_chatter,0,0.076047786,32
turning,cnn_ae,global_mae,2p5inchStickout_F_12-Jun-2017_rpm570_doc0p014_window_0003,2p5inchStickout/F_12-Jun-2017_rpm570_doc0p014,validation,42,1,cv_evaluation,no_chatter,0,0.06988344,32
turning,cnn_ae,global_mae,2p5inchStickout_F_12-Jun-2017_rpm570_doc0p014_window_0004,2p5inchStickout/F_12-Jun-2017_rpm570_doc0p014,validation,42,1,cv_evaluation,no_chatter,0,0.06701417,32
turning,cnn_ae,global_mae,2p5inchStickout_F_12-Jun-2017_rpm570_doc0p014_window_0005,2p5inchStickout/F_12-Jun-2017_rpm570_doc0p014,validation,42,1,cv_evaluation,no_chatter,0,0.06537884,32
turning,cnn_ae,global_mae,2p5inchStickout_F_12-Jun-2017_rpm770_doc0p005_window_0000,2p5inchStickout/F_12-Jun-2017_rpm770_doc0p005,train,42,1,cv_evaluation,no_chatter,0,0.04928678,32
turning,cnn_ae,global_mae,2p5inchStickout_F_12-Jun-2017_rpm770_doc0p005_window_0001,2p5inchStickout/F_12-Jun-2017_rpm770_doc0p005,train,42,1,cv_evaluation,no_chatter,0,0.09082433,32
turning,cnn_ae,global_mae,2p5inchStickout_F_12-Jun-2017_rpm770_doc0p005_window_0002,2p5inchStickout/F_12-Jun-2017_rpm770_doc0p005,train,42,1,cv_evaluation,no_chatter,0,0.0616284,32
turning,cnn_ae,global_mae,2p5inchStickout_F_12-Jun-2017_rpm770_doc0p005_window_0003,2p5inchStickout/F_12-Jun-2017_rpm770_doc0p005,train,42,1,cv_evaluation,no_chatter,0,0.080003515,32
turning,cnn_ae,global_mae,3p5inchStickout_F_12-Jun-2017_rpm570_doc0p025_window_0000,3p5inchStickout/F_12-Jun-2017_rpm570_doc0p025,validation,42,1,cv_evaluation,no_chatter,0,0.047224343,32
turning,cnn_ae,global_mae,3p5inchStickout_F_12-Jun-2017_rpm570_doc0p025_window_0001,3p5inchStickout/F_12-Jun-2017_rpm570_doc0p025,train,42,1,cv_evaluation,no_chatter,0,0.047365483,32
turning,cnn_ae,global_mae,3p5inchStickout_F_12-Jun-2017_rpm570_doc0p025_window_0002,3p5inchStickout/F_12-Jun-2017_rpm570_doc0p025,train,42,1,cv_evaluation,no_chatter,0,0.052042123,32
turning,cnn_ae,global_mae,3p5inchStickout_F_12-Jun-2017_rpm570_doc0p025_window_0003,3p5inchStickout/F_12-Jun-2017_rpm570_doc0p025,validation,42,1,cv_evaluation,no_chatter,0,0.0591332,32
turning,cnn_ae,global_mae,3p5inchStickout_F_12-Jun-2017_rpm570_doc0p025_window_0004,3p5inchStickout/F_12-Jun-2017_rpm570_doc0p025,train,42,1,cv_evaluation,no_chatter,0,0.056592606,32
turning,cnn_ae,global_mae,3p5inchStickout_F_12-Jun-2017_rpm570_doc0p025_window_0005,3p5inchStickout/F_12-Jun-2017_rpm570_doc0p025,train,42,1,cv_evaluation,no_chatter,0,0.06674666,32
turning,cnn_ae,global_mae,3p5inchStickout_F_12-Jun-2017_rpm570_doc0p025_window_0006,3p5inchStickout/F_12-Jun-2017_rpm570_doc0p025,train,42,1,cv_evaluation,no_chatter,0,0.06699037,32
turning,cnn_ae,global_mae,3p5inchStickout_F_12-Jun-2017_rpm570_doc0p025_window_0007,3p5inchStickout/F_12-Jun-2017_rpm570_doc0p025,train,42,1,cv_evaluation,no_chatter,0,0.064407684,32
turning,cnn_ae,global_mae,3p5inchStickout_F_12-Jun-2017_rpm570_doc0p025_window_0008,3p5inchStickout/F_12-Jun-2017_rpm570_doc0p025,train,42,1,cv_evaluation,no_chatter,0,0.059045378,32
turning,cnn_ae,global_mae,3p5inchStickout_F_12-Jun-2017_rpm570_doc0p025_window_0009,3p5inchStickout/F_12-Jun-2017_rpm570_doc0p025,train,42,1,cv_evaluation,no_chatter,0,0.06225575,32
turning,cnn_ae,global_mae,3p5inchStickout_F_14-Jun-2017_rpm1030_doc0p002_window_0000,3p5inchStickout/F_14-Jun-2017_rpm1030_doc0p002,train,42,1,cv_evaluation,no_chatter,0,0.046786036,32
turning,cnn_ae,global_mae,3p5inchStickout_F_14-Jun-2017_rpm1030_doc0p002_window_0001,3p5inchStickout/F_14-Jun-2017_rpm1030_doc0p002,train,42,1,cv_evaluation,no_chatter,0,0.12526025,32
turning,cnn_ae,global_mae,3p5inchStickout_F_14-Jun-2017_rpm1030_doc0p002_window_0002,3p5inchStickout/F_14-Jun-2017_rpm1030_doc0p002,train,42,1,cv_evaluation,no_chatter,0,0.15465304,32
turning,cnn_ae,global_mae,3p5inchStickout_F_14-Jun-2017_rpm770_doc0p010_window_0000,3p5inchStickout/F_14-Jun-2017_rpm770_doc0p010,train,42,1,cv_evaluation,no_chatter,0,0.047241878,32
turning,cnn_ae,global_mae,3p5inchStickout_F_14-Jun-2017_rpm770_doc0p010_window_0001,3p5inchStickout/F_14-Jun-2017_rpm770_doc0p010,train,42,1,cv_evaluation,no_chatter,0,0.049035758,32
turning,cnn_ae,global_mae,3p5inchStickout_F_14-Jun-2017_rpm770_doc0p010_window_0002,3p5inchStickout/F_14-Jun-2017_rpm770_doc0p010,train,42,1,cv_evaluation,no_chatter,0,0.08623792,32
turning,cnn_ae,global_mae,3p5inchStickout_F_14-Jun-2017_rpm770_doc0p010_window_0003,3p5inchStickout/F_14-Jun-2017_rpm770_doc0p010,train,42,1,cv_evaluation,no_chatter,0,0.08638401,32
turning,cnn_ae,global_mae,4p5inchStickout_F_12-Jun-2017_rpm570_doc0p040_window_0000,4p5inchStickout/F_12-Jun-2017_rpm570_doc0p040,train,42,1,cv_evaluation,no_chatter,0,0.048151024,32
turning,cnn_ae,global_mae,4p5inchStickout_F_12-Jun-2017_rpm570_doc0p040_window_0001,4p5inchStickout/F_12-Jun-2017_rpm570_doc0p040,train,42,1,cv_evaluation,no_chatter,0,0.047840003,32
turning,cnn_ae,global_mae,4p5inchStickout_F_12-Jun-2017_rpm570_doc0p040_window_0002,4p5inchStickout/F_12-Jun-2017_rpm570_doc0p040,train,42,1,cv_evaluation,no_chatter,0,0.04769039,32
turning,cnn_ae,global_mae,4p5inchStickout_F_12-Jun-2017_rpm570_doc0p040_window_0003,4p5inchStickout/F_12-Jun-2017_rpm570_doc0p040,train,42,1,cv_evaluation,no_chatter,0,0.047690794,32
turning,cnn_ae,global_mae,4p5inchStickout_F_12-Jun-2017_rpm570_doc0p040_window_0004,4p5inchStickout/F_12-Jun-2017_rpm570_doc0p040,train,42,1,cv_evaluation,no_chatter,0,0.04257521,32
turning,cnn_ae,global_mae,4p5inchStickout_F_12-Jun-2017_rpm570_doc0p040_window_0005,4p5inchStickout/F_12-Jun-2017_rpm570_doc0p040,train,42,1,cv_evaluation,no_chatter,0,0.042519983,32
turning,cnn_ae,global_mae,4p5inchStickout_F_12-Jun-2017_rpm570_doc0p040_window_0006,4p5inchStickout/F_12-Jun-2017_rpm570_doc0p040,train,42,1,cv_evaluation,no_chatter,0,0.074470244,32
turning,cnn_ae,global_mae,4p5inchStickout_F_12-Jun-2017_rpm570_doc0p040_window_0007,4p5inchStickout/F_12-Jun-2017_rpm570_doc0p040,train,42,1,cv_evaluation,no_chatter,0,0.08867474,32
turning,cnn_ae,global_mae,4p5inchStickout_F_12-Jun-2017_rpm570_doc0p040_window_0008,4p5inchStickout/F_12-Jun-2017_rpm570_doc0p040,train,42,1,cv_evaluation,no_chatter,0,0.08461519,32
turning,cnn_ae,global_mae,4p5inchStickout_F_12-Jun-2017_rpm570_doc0p040_window_0009,4p5inchStickout/F_12-Jun-2017_rpm570_doc0p040,train,42,1,cv_evaluation,no_chatter,0,0.0756927,32
turning,cnn_ae,global_mae,4p5inchStickout_F_12-Jun-2017_rpm570_doc0p040_window_0010,4p5inchStickout/F_12-Jun-2017_rpm570_doc0p040,train,42,1,cv_evaluation,no_chatter,0,0.060479373,32
turning,cnn_ae,global_mae,4p5inchStickout_F_12-Jun-2017_rpm570_doc0p040_window_0011,4p5inchStickout/F_12-Jun-2017_rpm570_doc0p040,train,42,1,cv_evaluation,no_chatter,0,0.050855055,32
turning,cnn_ae,global_mae,4p5inchStickout_F_13-Jun-2017_rpm1030_doc0p015_window_0000,4p5inchStickout/F_13-Jun-2017_rpm1030_doc0p015,train,42,1,cv_evaluation,no_chatter,0,0.04869716,32
turning,cnn_ae,global_mae,4p5inchStickout_F_13-Jun-2017_rpm1030_doc0p015_window_0001,4p5inchStickout/F_13-Jun-2017_rpm1030_doc0p015,train,42,1,cv_evaluation,no_chatter,0,0.06502073,32
turning,cnn_ae,global_mae,4p5inchStickout_F_13-Jun-2017_rpm1030_doc0p015_window_0002,4p5inchStickout/F_13-Jun-2017_rpm1030_doc0p015,train,42,1,cv_evaluation,no_chatter,0,0.09164047,32
turning,cnn_ae,global_mae,4p5inchStickout_F_13-Jun-2017_rpm1030_doc0p015_window_0003,4p5inchStickout/F_13-Jun-2017_rpm1030_doc0p015,validation,42,1,cv_evaluation,no_chatter,0,0.09462302,32
turning,cnn_ae,ver_max,2inchStickout_F_08-Jun-2017_rpm1030_doc0p001_window_0000,2inchStickout/F_08-Jun-2017_rpm1030_doc0p001,train,42,1,cv_evaluation,no_chatter,0,0.010884052,32
turning,cnn_ae,ver_max,2inchStickout_F_08-Jun-2017_rpm1030_doc0p001_window_0001,2inchStickout/F_08-Jun-2017_rpm1030_doc0p001,validation,42,1,cv_evaluation,chatter,1,0.12233462,32
turning,cnn_ae,ver_max,2inchStickout_F_08-Jun-2017_rpm1030_doc0p001_window_0002,2inchStickout/F_08-Jun-2017_rpm1030_doc0p001,validation,42,1,cv_evaluation,chatter,1,0.12961657,32
turning,cnn_ae,ver_max,2inchStickout_F_08-Jun-2017_rpm1030_doc0p001_window_0003,2inchStickout/F_08-Jun-2017_rpm1030_doc0p001,validation,42,1,cv_evaluation,chatter,1,0.15781741,32
turning,cnn_ae,ver_max,2inchStickout_F_08-Jun-2017_rpm320_doc0p010_window_0000,2inchStickout/F_08-Jun-2017_rpm320_doc0p010,train,42,1,cv_evaluation,no_chatter,0,0.0033154297,32
turning,cnn_ae,ver_max,2inchStickout_F_08-Jun-2017_rpm320_doc0p010_window_0001,2inchStickout/F_08-Jun-2017_rpm320_doc0p010,train,42,1,cv_evaluation,no_chatter,0,0.0032747525,32
turning,cnn_ae,ver_max,2inchStickout_F_08-Jun-2017_rpm320_doc0p010_window_0002,2inchStickout/F_08-Jun-2017_rpm320_doc0p010,train,42,1,cv_evaluation,no_chatter,0,0.0032742762,32
turning,cnn_ae,ver_max,2inchStickout_F_08-Jun-2017_rpm320_doc0p010_window_0003,2inchStickout/F_08-Jun-2017_rpm320_doc0p010,train,42,1,cv_evaluation,no_chatter,0,0.003681961,32
turning,cnn_ae,ver_max,2inchStickout_F_08-Jun-2017_rpm320_doc0p010_window_0004,2inchStickout/F_08-Jun-2017_rpm320_doc0p010,train,42,1,cv_evaluation,no_chatter,0,0.0035939042,32
turning,cnn_ae,ver_max,2inchStickout_F_08-Jun-2017_rpm320_doc0p010_window_0005,2inchStickout/F_08-Jun-2017_rpm320_doc0p010,validation,42,1,cv_evaluation,no_chatter,0,0.0031460593,32
turning,cnn_ae,ver_max,2inchStickout_F_08-Jun-2017_rpm320_doc0p010_window_0006,2inchStickout/F_08-Jun-2017_rpm320_doc0p010,validation,42,1,cv_evaluation,no_chatter,0,0.0036801775,32
turning,cnn_ae,ver_max,2inchStickout_F_08-Jun-2017_rpm320_doc0p010_window_0007,2inchStickout/F_08-Jun-2017_rpm320_doc0p010,train,42,1,cv_evaluation,no_chatter,0,0.0044838674,32
turning,cnn_ae,ver_max,2inchStickout_F_08-Jun-2017_rpm320_doc0p010_window_0008,2inchStickout/F_08-Jun-2017_rpm320_doc0p010,validation,42,1,cv_evaluation,no_chatter,0,0.0057028886,32
turning,cnn_ae,ver_max,2inchStickout_F_08-Jun-2017_rpm320_doc0p010_window_0009,2inchStickout/F_08-Jun-2017_rpm320_doc0p010,train,42,1,cv_evaluation,no_chatter,0,0.017736746,32
turning,cnn_ae,ver_max,2inchStickout_F_08-Jun-2017_rpm320_doc0p010_window_0010,2inchStickout/F_08-Jun-2017_rpm320_doc0p010,train,42,1,cv_evaluation,no_chatter,0,0.024550702,32
turning,cnn_ae,ver_max,2inchStickout_F_08-Jun-2017_rpm320_doc0p010_window_0011,2inchStickout/F_08-Jun-2017_rpm320_doc0p010,validation,42,1,cv_evaluation,no_chatter,0,0.017605675,32
turning,cnn_ae,ver_max,2inchStickout_F_08-Jun-2017_rpm320_doc0p010_window_0012,2inchStickout/F_08-Jun-2017_rpm320_doc0p010,train,42,1,cv_evaluation,no_chatter,0,0.012474726,32
turning,cnn_ae,ver_max,2inchStickout_F_08-Jun-2017_rpm320_doc0p010_window_0013,2inchStickout/F_08-Jun-2017_rpm320_doc0p010,validation,42,1,cv_evaluation,no_chatter,0,0.012812913,32
turning,cnn_ae,ver_max,2inchStickout_F_08-Jun-2017_rpm320_doc0p010_window_0014,2inchStickout/F_08-Jun-2017_rpm320_doc0p010,train,42,1,cv_evaluation,no_chatter,0,0.012874891,32
turning,cnn_ae,ver_max,2inchStickout_F_08-Jun-2017_rpm320_doc0p010_window_0015,2inchStickout/F_08-Jun-2017_rpm320_doc0p010,train,42,1,cv_evaluation,no_chatter,0,0.009884436,32
turning,cnn_ae,ver_max,2inchStickout_F_08-Jun-2017_rpm320_doc0p010_window_0016,2inchStickout/F_08-Jun-2017_rpm320_doc0p010,train,42,1,cv_evaluation,no_chatter,0,0.010158787,32
turning,cnn_ae,ver_max,2inchStickout_F_08-Jun-2017_rpm320_doc0p010_window_0017,2inchStickout/F_08-Jun-2017_rpm320_doc0p010,train,42,1,cv_evaluation,no_chatter,0,0.008556412,32
turning,cnn_ae,ver_max,2inchStickout_F_08-Jun-2017_rpm320_doc0p010_window_0018,2inchStickout/F_08-Jun-2017_rpm320_doc0p010,train,42,1,cv_evaluation,no_chatter,0,0.007870005,32
turning,cnn_ae,ver_max,2inchStickout_F_08-Jun-2017_rpm320_doc0p010_window_0019,2inchStickout/F_08-Jun-2017_rpm320_doc0p010,train,42,1,cv_evaluation,no_chatter,0,0.00663424,32
turning,cnn_ae,ver_max,2inchStickout_F_08-Jun-2017_rpm320_doc0p010_window_0020,2inchStickout/F_08-Jun-2017_rpm320_doc0p010,train,42,1,cv_evaluation,no_chatter,0,0.006115099,32
turning,cnn_ae,ver_max,2inchStickout_F_08-Jun-2017_rpm320_doc0p010_window_0021,2inchStickout/F_08-Jun-2017_rpm320_doc0p010,train,42,1,cv_evaluation,no_chatter,0,0.007079342,32
turning,cnn_ae,ver_max,2inchStickout_F_08-Jun-2017_rpm320_doc0p010_window_0022,2inchStickout/F_08-Jun-2017_rpm320_doc0p010,train,42,1,cv_evaluation,no_chatter,0,0.011713514,32
turning,cnn_ae,ver_max,2inchStickout_F_08-Jun-2017_rpm320_doc0p010_window_0023,2inchStickout/F_08-Jun-2017_rpm320_doc0p010,train,42,1,cv_evaluation,no_chatter,0,0.0065244846,32
turning,cnn_ae,ver_max,2inchStickout_F_08-Jun-2017_rpm320_doc0p045_window_0000,2inchStickout/F_08-Jun-2017_rpm320_doc0p045,train,42,1,cv_evaluation,no_chatter,0,0.0036101532,32
turning,cnn_ae,ver_max,2inchStickout_F_08-Jun-2017_rpm320_doc0p045_window_0001,2inchStickout/F_08-Jun-2017_rpm320_doc0p045,train,42,1,cv_evaluation,no_chatter,0,0.003663467,32
turning,cnn_ae,ver_max,2inchStickout_F_08-Jun-2017_rpm320_doc0p045_window_0002,2inchStickout/F_08-Jun-2017_rpm320_doc0p045,train,42,1,cv_evaluation,no_chatter,0,0.005543669,32
turning,cnn_ae,ver_max,2inchStickout_F_08-Jun-2017_rpm320_doc0p045_window_0003,2inchStickout/F_08-Jun-2017_rpm320_doc0p045,train,42,1,cv_evaluation,no_chatter,0,0.0056653502,32
turning,cnn_ae,ver_max,2inchStickout_F_08-Jun-2017_rpm320_doc0p045_window_0004,2inchStickout/F_08-Jun-2017_rpm320_doc0p045,train,42,1,cv_evaluation,no_chatter,0,0.0063916524,32
turning,cnn_ae,ver_max,2inchStickout_F_08-Jun-2017_rpm320_doc0p045_window_0005,2inchStickout/F_08-Jun-2017_rpm320_doc0p045,train,42,1,cv_evaluation,no_chatter,0,0.008751166,32
turning,cnn_ae,ver_max,2inchStickout_F_08-Jun-2017_rpm320_doc0p045_window_0006,2inchStickout/F_08-Jun-2017_rpm320_doc0p045,train,42,1,cv_evaluation,no_chatter,0,0.008804591,32
turning,cnn_ae,ver_max,2inchStickout_F_08-Jun-2017_rpm320_doc0p045_window_0007,2inchStickout/F_08-Jun-2017_rpm320_doc0p045,train,42,1,cv_evaluation,no_chatter,0,0.008277366,32
turning,cnn_ae,ver_max,2inchStickout_F_08-Jun-2017_rpm320_doc0p045_window_0008,2inchStickout/F_08-Jun-2017_rpm320_doc0p045,train,42,1,cv_evaluation,no_chatter,0,0.007870439,32
turning,cnn_ae,ver_max,2inchStickout_F_08-Jun-2017_rpm320_doc0p045_window_0009,2inchStickout/F_08-Jun-2017_rpm320_doc0p045,validation,42,1,cv_evaluation,no_chatter,0,0.0075833197,32
turning,cnn_ae,ver_max,2inchStickout_F_08-Jun-2017_rpm320_doc0p045_window_0010,2inchStickout/F_08-Jun-2017_rpm320_doc0p045,train,42,1,cv_evaluation,no_chatter,0,0.007536701,32
turning,cnn_ae,ver_max,2inchStickout_F_08-Jun-2017_rpm320_doc0p045_window_0011,2inchStickout/F_08-Jun-2017_rpm320_doc0p045,train,42,1,cv_evaluation,no_chatter,0,0.0057415767,32
turning,cnn_ae,ver_max,2inchStickout_F_08-Jun-2017_rpm320_doc0p045_window_0012,2inchStickout/F_08-Jun-2017_rpm320_doc0p045,train,42,1,cv_evaluation,no_chatter,0,0.005368995,32
turning,cnn_ae,ver_max,2inchStickout_F_08-Jun-2017_rpm320_doc0p045_window_0013,2inchStickout/F_08-Jun-2017_rpm320_doc0p045,train,42,1,cv_evaluation,no_chatter,0,0.005107563,32
turning,cnn_ae,ver_max,2inchStickout_F_08-Jun-2017_rpm320_doc0p045_window_0014,2inchStickout/F_08-Jun-2017_rpm320_doc0p045,train,42,1,cv_evaluation,no_chatter,0,0.0045287223,32
turning,cnn_ae,ver_max,2inchStickout_F_08-Jun-2017_rpm320_doc0p045_window_0015,2inchStickout/F_08-Jun-2017_rpm320_doc0p045,validation,42,1,cv_evaluation,no_chatter,0,0.004072485,32
turning,cnn_ae,ver_max,2inchStickout_F_08-Jun-2017_rpm320_doc0p045_window_0016,2inchStickout/F_08-Jun-2017_rpm320_doc0p045,validation,42,1,cv_evaluation,no_chatter,0,0.0042020953,32
turning,cnn_ae,ver_max,2inchStickout_F_08-Jun-2017_rpm320_doc0p045_window_0017,2inchStickout/F_08-Jun-2017_rpm320_doc0p045,validation,42,1,cv_evaluation,no_chatter,0,0.0053274985,32
turning,cnn_ae,ver_max,2inchStickout_F_08-Jun-2017_rpm320_doc0p045_window_0018,2inchStickout/F_08-Jun-2017_rpm320_doc0p045,train,42,1,cv_evaluation,no_chatter,0,0.006028312,32
turning,cnn_ae,ver_max,2inchStickout_F_08-Jun-2017_rpm320_doc0p045_window_0019,2inchStickout/F_08-Jun-2017_rpm320_doc0p045,train,42,1,cv_evaluation,no_chatter,0,0.008822194,32
turning,cnn_ae,ver_max,2inchStickout_F_08-Jun-2017_rpm320_doc0p045_window_0020,2inchStickout/F_08-Jun-2017_rpm320_doc0p045,train,42,1,cv_evaluation,no_chatter,0,0.010352072,32
turning,cnn_ae,ver_max,2inchStickout_F_08-Jun-2017_rpm320_doc0p045_window_0021,2inchStickout/F_08-Jun-2017_rpm320_doc0p045,train,42,1,cv_evaluation,no_chatter,0,0.01341317,32
turning,cnn_ae,ver_max,2inchStickout_F_08-Jun-2017_rpm320_doc0p045_window_0022,2inchStickout/F_08-Jun-2017_rpm320_doc0p045,train,42,1,cv_evaluation,no_chatter,0,0.007038864,32
turning,cnn_ae,ver_max,2inchStickout_F_08-Jun-2017_rpm320_doc0p045_window_0023,2inchStickout/F_08-Jun-2017_rpm320_doc0p045,train,42,1,cv_evaluation,no_chatter,0,0.007199987,32
turning,cnn_ae,ver_max,2inchStickout_F_08-Jun-2017_rpm320_doc0p060_xAccDetached_window_0000,2inchStickout/F_08-Jun-2017_rpm320_doc0p060_xAccDetached,train,42,1,cv_evaluation,no_chatter,0,0.0033874975,32
turning,cnn_ae,ver_max,2inchStickout_F_08-Jun-2017_rpm320_doc0p060_xAccDetached_window_0001,2inchStickout/F_08-Jun-2017_rpm320_doc0p060_xAccDetached,train,42,1,cv_evaluation,no_chatter,0,0.0037436727,32
turning,cnn_ae,ver_max,2inchStickout_F_08-Jun-2017_rpm320_doc0p060_xAccDetached_window_0002,2inchStickout/F_08-Jun-2017_rpm320_doc0p060_xAccDetached,train,42,1,cv_evaluation,no_chatter,0,0.0060383515,32
turning,cnn_ae,ver_max,2inchStickout_F_08-Jun-2017_rpm320_doc0p060_xAccDetached_window_0003,2inchStickout/F_08-Jun-2017_rpm320_doc0p060_xAccDetached,validation,42,1,cv_evaluation,no_chatter,0,0.004086452,32
turning,cnn_ae,ver_max,2inchStickout_F_08-Jun-2017_rpm320_doc0p060_xAccDetached_window_0004,2inchStickout/F_08-Jun-2017_rpm320_doc0p060_xAccDetached,train,42,1,cv_evaluation,no_chatter,0,0.005125688,32
turning,cnn_ae,ver_max,2inchStickout_F_08-Jun-2017_rpm320_doc0p060_xAccDetached_window_0005,2inchStickout/F_08-Jun-2017_rpm320_doc0p060_xAccDetached,train,42,1,cv_evaluation,no_chatter,0,0.004885702,32
turning,cnn_ae,ver_max,2inchStickout_F_08-Jun-2017_rpm320_doc0p060_xAccDetached_window_0006,2inchStickout/F_08-Jun-2017_rpm320_doc0p060_xAccDetached,train,42,1,cv_evaluation,no_chatter,0,0.004904734,32
turning,cnn_ae,ver_max,2inchStickout_F_08-Jun-2017_rpm320_doc0p060_xAccDetached_window_0007,2inchStickout/F_08-Jun-2017_rpm320_doc0p060_xAccDetached,train,42,1,cv_evaluation,no_chatter,0,0.0050279014,32
turning,cnn_ae,ver_max,2inchStickout_F_08-Jun-2017_rpm320_doc0p060_xAccDetached_window_0008,2inchStickout/F_08-Jun-2017_rpm320_doc0p060_xAccDetached,train,42,1,cv_evaluation,no_chatter,0,0.006495143,32
turning,cnn_ae,ver_max,2inchStickout_F_08-Jun-2017_rpm320_doc0p060_xAccDetached_window_0009,2inchStickout/F_08-Jun-2017_rpm320_doc0p060_xAccDetached,train,42,1,cv_evaluation,no_chatter,0,0.005346482,32
turning,cnn_ae,ver_max,2inchStickout_F_08-Jun-2017_rpm320_doc0p060_xAccDetached_window_0010,2inchStickout/F_08-Jun-2017_rpm320_doc0p060_xAccDetached,train,42,1,cv_evaluation,no_chatter,0,0.005012563,32
turning,cnn_ae,ver_max,2inchStickout_F_08-Jun-2017_rpm320_doc0p060_xAccDetached_window_0011,2inchStickout/F_08-Jun-2017_rpm320_doc0p060_xAccDetached,train,42,1,cv_evaluation,no_chatter,0,0.003905988,32
turning,cnn_ae,ver_max,2inchStickout_F_08-Jun-2017_rpm425_doc0p025_window_0000,2inchStickout/F_08-Jun-2017_rpm425_doc0p025,train,42,1,cv_evaluation,no_chatter,0,0.0037779897,32
turning,cnn_ae,ver_max,2inchStickout_F_08-Jun-2017_rpm425_doc0p025_window_0001,2inchStickout/F_08-Jun-2017_rpm425_doc0p025,train,42,1,cv_evaluation,no_chatter,0,0.0038658734,32
turning,cnn_ae,ver_max,2inchStickout_F_08-Jun-2017_rpm425_doc0p025_window_0002,2inchStickout/F_08-Jun-2017_rpm425_doc0p025,test,42,1,cv_evaluation,no_chatter,0,0.004699301,32
turning,cnn_ae,ver_max,2inchStickout_F_08-Jun-2017_rpm425_doc0p025_window_0003,2inchStickout/F_08-Jun-2017_rpm425_doc0p025,train,42,1,cv_evaluation,no_chatter,0,0.023789454,32
turning,cnn_ae,ver_max,2inchStickout_F_08-Jun-2017_rpm425_doc0p025_window_0004,2inchStickout/F_08-Jun-2017_rpm425_doc0p025,validation,42,1,cv_evaluation,chatter,1,0.03839514,32
turning,cnn_ae,ver_max,2inchStickout_F_08-Jun-2017_rpm425_doc0p025_window_0005,2inchStickout/F_08-Jun-2017_rpm425_doc0p025,validation,42,1,cv_evaluation,chatter,1,0.040413294,32
turning,cnn_ae,ver_max,2inchStickout_F_08-Jun-2017_rpm425_doc0p025_window_0006,2inchStickout/F_08-Jun-2017_rpm425_doc0p025,validation,42,1,cv_evaluation,chatter,1,0.040125906,32
turning,cnn_ae,ver_max,2inchStickout_F_08-Jun-2017_rpm425_doc0p025_window_0007,2inchStickout/F_08-Jun-2017_rpm425_doc0p025,validation,42,1,cv_evaluation,chatter,1,0.039503418,32
turning,cnn_ae,ver_max,2inchStickout_F_08-Jun-2017_rpm570_doc0p002_window_0000,2inchStickout/F_08-Jun-2017_rpm570_doc0p002,train,42,1,cv_evaluation,no_chatter,0,0.004003828,32
turning,cnn_ae,ver_max,2inchStickout_F_08-Jun-2017_rpm570_doc0p002_window_0001,2inchStickout/F_08-Jun-2017_rpm570_doc0p002,train,42,1,cv_evaluation,no_chatter,0,0.006069673,32
turning,cnn_ae,ver_max,2inchStickout_F_08-Jun-2017_rpm570_doc0p002_window_0002,2inchStickout/F_08-Jun-2017_rpm570_doc0p002,test,42,1,cv_evaluation,chatter,1,0.02783347,32
turning,cnn_ae,ver_max,2inchStickout_F_08-Jun-2017_rpm570_doc0p002_window_0003,2inchStickout/F_08-Jun-2017_rpm570_doc0p002,test,42,1,cv_evaluation,chatter,1,0.03911971,32
turning,cnn_ae,ver_max,2inchStickout_F_08-Jun-2017_rpm570_doc0p002_window_0004,2inchStickout/F_08-Jun-2017_rpm570_doc0p002,train,42,1,cv_evaluation,no_chatter,0,0.018317379,32
turning,cnn_ae,ver_max,2inchStickout_F_08-Jun-2017_rpm570_doc0p002_window_0005,2inchStickout/F_08-Jun-2017_rpm570_doc0p002,train,42,1,cv_evaluation,no_chatter,0,0.06674284,32
turning,cnn_ae,ver_max,2inchStickout_F_08-Jun-2017_rpm570_doc0p005_window_0000,2inchStickout/F_08-Jun-2017_rpm570_doc0p005,train,42,1,cv_evaluation,no_chatter,0,0.0041230097,32
turning,cnn_ae,ver_max,2inchStickout_F_08-Jun-2017_rpm570_doc0p005_window_0001,2inchStickout/F_08-Jun-2017_rpm570_doc0p005,test,42,1,cv_evaluation,no_chatter,0,0.0056792744,32
turning,cnn_ae,ver_max,2inchStickout_F_08-Jun-2017_rpm570_doc0p005_window_0002,2inchStickout/F_08-Jun-2017_rpm570_doc0p005,test,42,1,cv_evaluation,chatter,1,0.03590156,32
turning,cnn_ae,ver_max,2inchStickout_F_08-Jun-2017_rpm570_doc0p005_window_0003,2inchStickout/F_08-Jun-2017_rpm570_doc0p005,train,42,1,cv_evaluation,no_chatter,0,0.018318476,32
turning,cnn_ae,ver_max,2p5inchStickout_F_12-Jun-2017_rpm570_doc0p012_window_0000,2p5inchStickout/F_12-Jun-2017_rpm570_doc0p012,train,42,1,cv_evaluation,no_chatter,0,0.0033863708,32
turning,cnn_ae,ver_max,2p5inchStickout_F_12-Jun-2017_rpm570_doc0p012_window_0001,2p5inchStickout/F_12-Jun-2017_rpm570_doc0p012,train,42,1,cv_evaluation,no_chatter,0,0.016557118,32
turning,cnn_ae,ver_max,2p5inchStickout_F_12-Jun-2017_rpm570_doc0p012_window_0002,2p5inchStickout/F_12-Jun-2017_rpm570_doc0p012,test,42,1,cv_evaluation,chatter,1,0.021526067,32
turning,cnn_ae,ver_max,2p5inchStickout_F_12-Jun-2017_rpm570_doc0p012_window_0003,2p5inchStickout/F_12-Jun-2017_rpm570_doc0p012,train,42,1,cv_evaluation,no_chatter,0,0.014068478,32
turning,cnn_ae,ver_max,2p5inchStickout_F_12-Jun-2017_rpm570_doc0p012_window_0004,2p5inchStickout/F_12-Jun-2017_rpm570_doc0p012,train,42,1,cv_evaluation,no_chatter,0,0.012856681,32
turning,cnn_ae,ver_max,2p5inchStickout_F_12-Jun-2017_rpm570_doc0p012_window_0005,2p5inchStickout/F_12-Jun-2017_rpm570_doc0p012,train,42,1,cv_evaluation,no_chatter,0,0.016042512,32
turning,cnn_ae,ver_max,2p5inchStickout_F_12-Jun-2017_rpm570_doc0p012_window_0006,2p5inchStickout/F_12-Jun-2017_rpm570_doc0p012,validation,42,1,cv_evaluation,no_chatter,0,0.010859238,32
turning,cnn_ae,ver_max,2p5inchStickout_F_12-Jun-2017_rpm570_doc0p012_window_0007,2p5inchStickout/F_12-Jun-2017_rpm570_doc0p012,train,42,1,cv_evaluation,no_chatter,0,0.010239776,32
turning,cnn_ae,ver_max,2p5inchStickout_F_12-Jun-2017_rpm570_doc0p012_window_0008,2p5inchStickout/F_12-Jun-2017_rpm570_doc0p012,validation,42,1,cv_evaluation,no_chatter,0,0.01060241,32
turning,cnn_ae,ver_max,2p5inchStickout_F_12-Jun-2017_rpm570_doc0p012_window_0009,2p5inchStickout/F_12-Jun-2017_rpm570_doc0p012,validation,42,1,cv_evaluation,no_chatter,0,0.009982133,32
turning,cnn_ae,ver_max,2p5inchStickout_F_12-Jun-2017_rpm570_doc0p014_window_0000,2p5inchStickout/F_12-Jun-2017_rpm570_doc0p014,train,42,1,cv_evaluation,no_chatter,0,0.0032847647,32
turning,cnn_ae,ver_max,2p5inchStickout_F_12-Jun-2017_rpm570_doc0p014_window_0001,2p5inchStickout/F_12-Jun-2017_rpm570_doc0p014,train,42,1,cv_evaluation,no_chatter,0,0.0070969285,32
turning,cnn_ae,ver_max,2p5inchStickout_F_12-Jun-2017_rpm570_doc0p014_window_0002,2p5inchStickout/F_12-Jun-2017_rpm570_doc0p014,train,42,1,cv_evaluation,no_chatter,0,0.022018405,32
turning,cnn_ae,ver_max,2p5inchStickout_F_12-Jun-2017_rpm570_doc0p014_window_0003,2p5inchStickout/F_12-Jun-2017_rpm570_doc0p014,validation,42,1,cv_evaluation,no_chatter,0,0.014041816,32
turning,cnn_ae,ver_max,2p5inchStickout_F_12-Jun-2017_rpm570_doc0p014_window_0004,2p5inchStickout/F_12-Jun-2017_rpm570_doc0p014,validation,42,1,cv_evaluation,no_chatter,0,0.012616415,32
turning,cnn_ae,ver_max,2p5inchStickout_F_12-Jun-2017_rpm570_doc0p014_window_0005,2p5inchStickout/F_12-Jun-2017_rpm570_doc0p014,validation,42,1,cv_evaluation,no_chatter,0,0.011362465,32
turning,cnn_ae,ver_max,2p5inchStickout_F_12-Jun-2017_rpm770_doc0p005_window_0000,2p5inchStickout/F_12-Jun-2017_rpm770_doc0p005,train,42,1,cv_evaluation,no_chatter,0,0.006790631,32
turning,cnn_ae,ver_max,2p5inchStickout_F_12-Jun-2017_rpm770_doc0p005_window_0001,2p5inchStickout/F_12-Jun-2017_rpm770_doc0p005,train,42,1,cv_evaluation,no_chatter,0,0.04949025,32
turning,cnn_ae,ver_max,2p5inchStickout_F_12-Jun-2017_rpm770_doc0p005_window_0002,2p5inchStickout/F_12-Jun-2017_rpm770_doc0p005,train,42,1,cv_evaluation,no_chatter,0,0.009865297,32
turning,cnn_ae,ver_max,2p5inchStickout_F_12-Jun-2017_rpm770_doc0p005_window_0003,2p5inchStickout/F_12-Jun-2017_rpm770_doc0p005,train,42,1,cv_evaluation,no_chatter,0,0.019169603,32
turning,cnn_ae,ver_max,3p5inchStickout_F_12-Jun-2017_rpm570_doc0p025_window_0000,3p5inchStickout/F_12-Jun-2017_rpm570_doc0p025,validation,42,1,cv_evaluation,no_chatter,0,0.002826437,32
turning,cnn_ae,ver_max,3p5inchStickout_F_12-Jun-2017_rpm570_doc0p025_window_0001,3p5inchStickout/F_12-Jun-2017_rpm570_doc0p025,train,42,1,cv_evaluation,no_chatter,0,0.0045562335,32
turning,cnn_ae,ver_max,3p5inchStickout_F_12-Jun-2017_rpm570_doc0p025_window_0002,3p5inchStickout/F_12-Jun-2017_rpm570_doc0p025,train,42,1,cv_evaluation,no_chatter,0,0.0060931225,32
turning,cnn_ae,ver_max,3p5inchStickout_F_12-Jun-2017_rpm570_doc0p025_window_0003,3p5inchStickout/F_12-Jun-2017_rpm570_doc0p025,validation,42,1,cv_evaluation,no_chatter,0,0.010282001,32
turning,cnn_ae,ver_max,3p5inchStickout_F_12-Jun-2017_rpm570_doc0p025_window_0004,3p5inchStickout/F_12-Jun-2017_rpm570_doc0p025,train,42,1,cv_evaluation,no_chatter,0,0.0080634225,32
turning,cnn_ae,ver_max,3p5inchStickout_F_12-Jun-2017_rpm570_doc0p025_window_0005,3p5inchStickout/F_12-Jun-2017_rpm570_doc0p025,train,42,1,cv_evaluation,no_chatter,0,0.016984437,32
turning,cnn_ae,ver_max,3p5inchStickout_F_12-Jun-2017_rpm570_doc0p025_window_0006,3p5inchStickout/F_12-Jun-2017_rpm570_doc0p025,train,42,1,cv_evaluation,no_chatter,0,0.0146745015,32
turning,cnn_ae,ver_max,3p5inchStickout_F_12-Jun-2017_rpm570_doc0p025_window_0007,3p5inchStickout/F_12-Jun-2017_rpm570_doc0p025,train,42,1,cv_evaluation,no_chatter,0,0.011778915,32
turning,cnn_ae,ver_max,3p5inchStickout_F_12-Jun-2017_rpm570_doc0p025_window_0008,3p5inchStickout/F_12-Jun-2017_rpm570_doc0p025,train,42,1,cv_evaluation,no_chatter,0,0.009416196,32
turning,cnn_ae,ver_max,3p5inchStickout_F_12-Jun-2017_rpm570_doc0p025_window_0009,3p5inchStickout/F_12-Jun-2017_rpm570_doc0p025,train,42,1,cv_evaluation,no_chatter,0,0.010611019,32
turning,cnn_ae,ver_max,3p5inchStickout_F_14-Jun-2017_rpm1030_doc0p002_window_0000,3p5inchStickout/F_14-Jun-2017_rpm1030_doc0p002,train,42,1,cv_evaluation,no_chatter,0,0.0027547157,32
turning,cnn_ae,ver_max,3p5inchStickout_F_14-Jun-2017_rpm1030_doc0p002_window_0001,3p5inchStickout/F_14-Jun-2017_rpm1030_doc0p002,train,42,1,cv_evaluation,no_chatter,0,0.06603758,32
turning,cnn_ae,ver_max,3p5inchStickout_F_14-Jun-2017_rpm1030_doc0p002_window_0002,3p5inchStickout/F_14-Jun-2017_rpm1030_doc0p002,train,42,1,cv_evaluation,no_chatter,0,0.057687324,32
turning,cnn_ae,ver_max,3p5inchStickout_F_14-Jun-2017_rpm770_doc0p010_window_0000,3p5inchStickout/F_14-Jun-2017_rpm770_doc0p010,train,42,1,cv_evaluation,no_chatter,0,0.0029071916,32
turning,cnn_ae,ver_max,3p5inchStickout_F_14-Jun-2017_rpm770_doc0p010_window_0001,3p5inchStickout/F_14-Jun-2017_rpm770_doc0p010,train,42,1,cv_evaluation,no_chatter,0,0.0074568354,32
turning,cnn_ae,ver_max,3p5inchStickout_F_14-Jun-2017_rpm770_doc0p010_window_0002,3p5inchStickout/F_14-Jun-2017_rpm770_doc0p010,train,42,1,cv_evaluation,no_chatter,0,0.028373847,32
turning,cnn_ae,ver_max,3p5inchStickout_F_14-Jun-2017_rpm770_doc0p010_window_0003,3p5inchStickout/F_14-Jun-2017_rpm770_doc0p010,train,42,1,cv_evaluation,no_chatter,0,0.027526015,32
turning,cnn_ae,ver_max,4p5inchStickout_F_12-Jun-2017_rpm570_doc0p040_window_0000,4p5inchStickout/F_12-Jun-2017_rpm570_doc0p040,train,42,1,cv_evaluation,no_chatter,0,0.00299821,32
turning,cnn_ae,ver_max,4p5inchStickout_F_12-Jun-2017_rpm570_doc0p040_window_0001,4p5inchStickout/F_12-Jun-2017_rpm570_doc0p040,train,42,1,cv_evaluation,no_chatter,0,0.0028818639,32
turning,cnn_ae,ver_max,4p5inchStickout_F_12-Jun-2017_rpm570_doc0p040_window_0002,4p5inchStickout/F_12-Jun-2017_rpm570_doc0p040,train,42,1,cv_evaluation,no_chatter,0,0.002821881,32
turning,cnn_ae,ver_max,4p5inchStickout_F_12-Jun-2017_rpm570_doc0p040_window_0003,4p5inchStickout/F_12-Jun-2017_rpm570_doc0p040,train,42,1,cv_evaluation,no_chatter,0,0.0028212203,32
turning,cnn_ae,ver_max,4p5inchStickout_F_12-Jun-2017_rpm570_doc0p040_window_0004,4p5inchStickout/F_12-Jun-2017_rpm570_doc0p040,train,42,1,cv_evaluation,no_chatter,0,0.0029117826,32
turning,cnn_ae,ver_max,4p5inchStickout_F_12-Jun-2017_rpm570_doc0p040_window_0005,4p5inchStickout/F_12-Jun-2017_rpm570_doc0p040,train,42,1,cv_evaluation,no_chatter,0,0.004012643,32
turning,cnn_ae,ver_max,4p5inchStickout_F_12-Jun-2017_rpm570_doc0p040_window_0006,4p5inchStickout/F_12-Jun-2017_rpm570_doc0p040,train,42,1,cv_evaluation,no_chatter,0,0.014006212,32
turning,cnn_ae,ver_max,4p5inchStickout_F_12-Jun-2017_rpm570_doc0p040_window_0007,4p5inchStickout/F_12-Jun-2017_rpm570_doc0p040,train,42,1,cv_evaluation,no_chatter,0,0.015965048,32
turning,cnn_ae,ver_max,4p5inchStickout_F_12-Jun-2017_rpm570_doc0p040_window_0008,4p5inchStickout/F_12-Jun-2017_rpm570_doc0p040,train,42,1,cv_evaluation,no_chatter,0,0.014932048,32
turning,cnn_ae,ver_max,4p5inchStickout_F_12-Jun-2017_rpm570_doc0p040_window_0009,4p5inchStickout/F_12-Jun-2017_rpm570_doc0p040,train,42,1,cv_evaluation,no_chatter,0,0.012802281,32
turning,cnn_ae,ver_max,4p5inchStickout_F_12-Jun-2017_rpm570_doc0p040_window_0010,4p5inchStickout/F_12-Jun-2017_rpm570_doc0p040,train,42,1,cv_evaluation,no_chatter,0,0.00990766,32
turning,cnn_ae,ver_max,4p5inchStickout_F_12-Jun-2017_rpm570_doc0p040_window_0011,4p5inchStickout/F_12-Jun-2017_rpm570_doc0p040,train,42,1,cv_evaluation,no_chatter,0,0.008047089,32
turning,cnn_ae,ver_max,4p5inchStickout_F_13-Jun-2017_rpm1030_doc0p015_window_0000,4p5inchStickout/F_13-Jun-2017_rpm1030_doc0p015,train,42,1,cv_evaluation,no_chatter,0,0.003159086,32
turning,cnn_ae,ver_max,4p5inchStickout_F_13-Jun-2017_rpm1030_doc0p015_window_0001,4p5inchStickout/F_13-Jun-2017_rpm1030_doc0p015,train,42,1,cv_evaluation,no_chatter,0,0.024923429,32
turning,cnn_ae,ver_max,4p5inchStickout_F_13-Jun-2017_rpm1030_doc0p015_window_0002,4p5inchStickout/F_13-Jun-2017_rpm1030_doc0p015,train,42,1,cv_evaluation,no_chatter,0,0.024264246,32
turning,cnn_ae,ver_max,4p5inchStickout_F_13-Jun-2017_rpm1030_doc0p015_window_0003,4p5inchStickout/F_13-Jun-2017_rpm1030_doc0p015,validation,42,1,cv_evaluation,no_chatter,0,0.024275947,32
turning,cnn_ae,ver_topk,2inchStickout_F_08-Jun-2017_rpm1030_doc0p001_window_0000,2inchStickout/F_08-Jun-2017_rpm1030_doc0p001,train,42,1,cv_evaluation,no_chatter,0,0.00741249,32
turning,cnn_ae,ver_topk,2inchStickout_F_08-Jun-2017_rpm1030_doc0p001_window_0001,2inchStickout/F_08-Jun-2017_rpm1030_doc0p001,validation,42,1,cv_evaluation,chatter,1,0.121236056,32
turning,cnn_ae,ver_topk,2inchStickout_F_08-Jun-2017_rpm1030_doc0p001_window_0002,2inchStickout/F_08-Jun-2017_rpm1030_doc0p001,validation,42,1,cv_evaluation,chatter,1,0.12721987,32
turning,cnn_ae,ver_topk,2inchStickout_F_08-Jun-2017_rpm1030_doc0p001_window_0003,2inchStickout/F_08-Jun-2017_rpm1030_doc0p001,validation,42,1,cv_evaluation,chatter,1,0.15530418,32
turning,cnn_ae,ver_topk,2inchStickout_F_08-Jun-2017_rpm320_doc0p010_window_0000,2inchStickout/F_08-Jun-2017_rpm320_doc0p010,train,42,1,cv_evaluation,no_chatter,0,0.0032932758,32
turning,cnn_ae,ver_topk,2inchStickout_F_08-Jun-2017_rpm320_doc0p010_window_0001,2inchStickout/F_08-Jun-2017_rpm320_doc0p010,train,42,1,cv_evaluation,no_chatter,0,0.0032638803,32
turning,cnn_ae,ver_topk,2inchStickout_F_08-Jun-2017_rpm320_doc0p010_window_0002,2inchStickout/F_08-Jun-2017_rpm320_doc0p010,train,42,1,cv_evaluation,no_chatter,0,0.0032602649,32
turning,cnn_ae,ver_topk,2inchStickout_F_08-Jun-2017_rpm320_doc0p010_window_0003,2inchStickout/F_08-Jun-2017_rpm320_doc0p010,train,42,1,cv_evaluation,no_chatter,0,0.003599412,32
turning,cnn_ae,ver_topk,2inchStickout_F_08-Jun-2017_rpm320_doc0p010_window_0004,2inchStickout/F_08-Jun-2017_rpm320_doc0p010,train,42,1,cv_evaluation,no_chatter,0,0.0034089906,32
turning,cnn_ae,ver_topk,2inchStickout_F_08-Jun-2017_rpm320_doc0p010_window_0005,2inchStickout/F_08-Jun-2017_rpm320_doc0p010,validation,42,1,cv_evaluation,no_chatter,0,0.0031144796,32
turning,cnn_ae,ver_topk,2inchStickout_F_08-Jun-2017_rpm320_doc0p010_window_0006,2inchStickout/F_08-Jun-2017_rpm320_doc0p010,validation,42,1,cv_evaluation,no_chatter,0,0.0033187103,32
turning,cnn_ae,ver_topk,2inchStickout_F_08-Jun-2017_rpm320_doc0p010_window_0007,2inchStickout/F_08-Jun-2017_rpm320_doc0p010,train,42,1,cv_evaluation,no_chatter,0,0.0041922447,32
turning,cnn_ae,ver_topk,2inchStickout_F_08-Jun-2017_rpm320_doc0p010_window_0008,2inchStickout/F_08-Jun-2017_rpm320_doc0p010,validation,42,1,cv_evaluation,no_chatter,0,0.0054778135,32
turning,cnn_ae,ver_topk,2inchStickout_F_08-Jun-2017_rpm320_doc0p010_window_0009,2inchStickout/F_08-Jun-2017_rpm320_doc0p010,train,42,1,cv_evaluation,no_chatter,0,0.01595849,32
turning,cnn_ae,ver_topk,2inchStickout_F_08-Jun-2017_rpm320_doc0p010_window_0010,2inchStickout/F_08-Jun-2017_rpm320_doc0p010,train,42,1,cv_evaluation,no_chatter,0,0.023054479,32
turning,cnn_ae,ver_topk,2inchStickout_F_08-Jun-2017_rpm320_doc0p010_window_0011,2inchStickout/F_08-Jun-2017_rpm320_doc0p010,validation,42,1,cv_evaluation,no_chatter,0,0.017265657,32
turning,cnn_ae,ver_topk,2inchStickout_F_08-Jun-2017_rpm320_doc0p010_window_0012,2inchStickout/F_08-Jun-2017_rpm320_doc0p010,train,42,1,cv_evaluation,no_chatter,0,0.010356751,32
turning,cnn_ae,ver_topk,2inchStickout_F_08-Jun-2017_rpm320_doc0p010_window_0013,2inchStickout/F_08-Jun-2017_rpm320_doc0p010,validation,42,1,cv_evaluation,no_chatter,0,0.012750088,32
turning,cnn_ae,ver_topk,2inchStickout_F_08-Jun-2017_rpm320_doc0p010_window_0014,2inchStickout/F_08-Jun-2017_rpm320_doc0p010,train,42,1,cv_evaluation,no_chatter,0,0.012132096,32
turning,cnn_ae,ver_topk,2inchStickout_F_08-Jun-2017_rpm320_doc0p010_window_0015,2inchStickout/F_08-Jun-2017_rpm320_doc0p010,train,42,1,cv_evaluation,no_chatter,0,0.007911387,32
turning,cnn_ae,ver_topk,2inchStickout_F_08-Jun-2017_rpm320_doc0p010_window_0016,2inchStickout/F_08-Jun-2017_rpm320_doc0p010,train,42,1,cv_evaluation,no_chatter,0,0.008819675,32
turning,cnn_ae,ver_topk,2inchStickout_F_08-Jun-2017_rpm320_doc0p010_window_0017,2inchStickout/F_08-Jun-2017_rpm320_doc0p010,train,42,1,cv_evaluation,no_chatter,0,0.007812709,32
turning,cnn_ae,ver_topk,2inchStickout_F_08-Jun-2017_rpm320_doc0p010_window_0018,2inchStickout/F_08-Jun-2017_rpm320_doc0p010,train,42,1,cv_evaluation,no_chatter,0,0.0073815663,32
turning,cnn_ae,ver_topk,2inchStickout_F_08-Jun-2017_rpm320_doc0p010_window_0019,2inchStickout/F_08-Jun-2017_rpm320_doc0p010,train,42,1,cv_evaluation,no_chatter,0,0.0063248104,32
turning,cnn_ae,ver_topk,2inchStickout_F_08-Jun-2017_rpm320_doc0p010_window_0020,2inchStickout/F_08-Jun-2017_rpm320_doc0p010,train,42,1,cv_evaluation,no_chatter,0,0.005529213,32
turning,cnn_ae,ver_topk,2inchStickout_F_08-Jun-2017_rpm320_doc0p010_window_0021,2inchStickout/F_08-Jun-2017_rpm320_doc0p010,train,42,1,cv_evaluation,no_chatter,0,0.006733842,32
turning,cnn_ae,ver_topk,2inchStickout_F_08-Jun-2017_rpm320_doc0p010_window_0022,2inchStickout/F_08-Jun-2017_rpm320_doc0p010,train,42,1,cv_evaluation,no_chatter,0,0.009359294,32
turning,cnn_ae,ver_topk,2inchStickout_F_08-Jun-2017_rpm320_doc0p010_window_0023,2inchStickout/F_08-Jun-2017_rpm320_doc0p010,train,42,1,cv_evaluation,no_chatter,0,0.006118461,32
turning,cnn_ae,ver_topk,2inchStickout_F_08-Jun-2017_rpm320_doc0p045_window_0000,2inchStickout/F_08-Jun-2017_rpm320_doc0p045,train,42,1,cv_evaluation,no_chatter,0,0.0035073187,32
turning,cnn_ae,ver_topk,2inchStickout_F_08-Jun-2017_rpm320_doc0p045_window_0001,2inchStickout/F_08-Jun-2017_rpm320_doc0p045,train,42,1,cv_evaluation,no_chatter,0,0.0035925172,32
turning,cnn_ae,ver_topk,2inchStickout_F_08-Jun-2017_rpm320_doc0p045_window_0002,2inchStickout/F_08-Jun-2017_rpm320_doc0p045,train,42,1,cv_evaluation,no_chatter,0,0.0050489786,32
turning,cnn_ae,ver_topk,2inchStickout_F_08-Jun-2017_rpm320_doc0p045_window_0003,2inchStickout/F_08-Jun-2017_rpm320_doc0p045,train,42,1,cv_evaluation,no_chatter,0,0.005059056,32
turning,cnn_ae,ver_topk,2inchStickout_F_08-Jun-2017_rpm320_doc0p045_window_0004,2inchStickout/F_08-Jun-2017_rpm320_doc0p045,train,42,1,cv_evaluation,no_chatter,0,0.0062007303,32
turning,cnn_ae,ver_topk,2inchStickout_F_08-Jun-2017_rpm320_doc0p045_window_0005,2inchStickout/F_08-Jun-2017_rpm320_doc0p045,train,42,1,cv_evaluation,no_chatter,0,0.008294498,32
turning,cnn_ae,ver_topk,2inchStickout_F_08-Jun-2017_rpm320_doc0p045_window_0006,2inchStickout/F_08-Jun-2017_rpm320_doc0p045,train,42,1,cv_evaluation,no_chatter,0,0.008510324,32
turning,cnn_ae,ver_topk,2inchStickout_F_08-Jun-2017_rpm320_doc0p045_window_0007,2inchStickout/F_08-Jun-2017_rpm320_doc0p045,train,42,1,cv_evaluation,no_chatter,0,0.008141667,32
turning,cnn_ae,ver_topk,2inchStickout_F_08-Jun-2017_rpm320_doc0p045_window_0008,2inchStickout/F_08-Jun-2017_rpm320_doc0p045,train,42,1,cv_evaluation,no_chatter,0,0.0076601524,32
turning,cnn_ae,ver_topk,2inchStickout_F_08-Jun-2017_rpm320_doc0p045_window_0009,2inchStickout/F_08-Jun-2017_rpm320_doc0p045,validation,42,1,cv_evaluation,no_chatter,0,0.0074497927,32
turning,cnn_ae,ver_topk,2inchStickout_F_08-Jun-2017_rpm320_doc0p045_window_0010,2inchStickout/F_08-Jun-2017_rpm320_doc0p045,train,42,1,cv_evaluation,no_chatter,0,0.007469069,32
turning,cnn_ae,ver_topk,2inchStickout_F_08-Jun-2017_rpm320_doc0p045_window_0011,2inchStickout/F_08-Jun-2017_rpm320_doc0p045,train,42,1,cv_evaluation,no_chatter,0,0.0057022125,32
turning,cnn_ae,ver_topk,2inchStickout_F_08-Jun-2017_rpm320_doc0p045_window_0012,2inchStickout/F_08-Jun-2017_rpm320_doc0p045,train,42,1,cv_evaluation,no_chatter,0,0.00522608,32
turning,cnn_ae,ver_topk,2inchStickout_F_08-Jun-2017_rpm320_doc0p045_window_0013,2inchStickout/F_08-Jun-2017_rpm320_doc0p045,train,42,1,cv_evaluation,no_chatter,0,0.004955122,32
turning,cnn_ae,ver_topk,2inchStickout_F_08-Jun-2017_rpm320_doc0p045_window_0014,2inchStickout/F_08-Jun-2017_rpm320_doc0p045,train,42,1,cv_evaluation,no_chatter,0,0.004460622,32
turning,cnn_ae,ver_topk,2inchStickout_F_08-Jun-2017_rpm320_doc0p045_window_0015,2inchStickout/F_08-Jun-2017_rpm320_doc0p045,validation,42,1,cv_evaluation,no_chatter,0,0.0040087164,32
turning,cnn_ae,ver_topk,2inchStickout_F_08-Jun-2017_rpm320_doc0p045_window_0016,2inchStickout/F_08-Jun-2017_rpm320_doc0p045,validation,42,1,cv_evaluation,no_chatter,0,0.0040892162,32
turning,cnn_ae,ver_topk,2inchStickout_F_08-Jun-2017_rpm320_doc0p045_window_0017,2inchStickout/F_08-Jun-2017_rpm320_doc0p045,validation,42,1,cv_evaluation,no_chatter,0,0.004866258,32
turning,cnn_ae,ver_topk,2inchStickout_F_08-Jun-2017_rpm320_doc0p045_window_0018,2inchStickout/F_08-Jun-2017_rpm320_doc0p045,train,42,1,cv_evaluation,no_chatter,0,0.005890651,32
turning,cnn_ae,ver_topk,2inchStickout_F_08-Jun-2017_rpm320_doc0p045_window_0019,2inchStickout/F_08-Jun-2017_rpm320_doc0p045,train,42,1,cv_evaluation,no_chatter,0,0.008474216,32
turning,cnn_ae,ver_topk,2inchStickout_F_08-Jun-2017_rpm320_doc0p045_window_0020,2inchStickout/F_08-Jun-2017_rpm320_doc0p045,train,42,1,cv_evaluation,no_chatter,0,0.009427364,32
turning,cnn_ae,ver_topk,2inchStickout_F_08-Jun-2017_rpm320_doc0p045_window_0021,2inchStickout/F_08-Jun-2017_rpm320_doc0p045,train,42,1,cv_evaluation,no_chatter,0,0.011123374,32
turning,cnn_ae,ver_topk,2inchStickout_F_08-Jun-2017_rpm320_doc0p045_window_0022,2inchStickout/F_08-Jun-2017_rpm320_doc0p045,train,42,1,cv_evaluation,no_chatter,0,0.00680249,32
turning,cnn_ae,ver_topk,2inchStickout_F_08-Jun-2017_rpm320_doc0p045_window_0023,2inchStickout/F_08-Jun-2017_rpm320_doc0p045,train,42,1,cv_evaluation,no_chatter,0,0.006855613,32
turning,cnn_ae,ver_topk,2inchStickout_F_08-Jun-2017_rpm320_doc0p060_xAccDetached_window_0000,2inchStickout/F_08-Jun-2017_rpm320_doc0p060_xAccDetached,train,42,1,cv_evaluation,no_chatter,0,0.0033787433,32
turning,cnn_ae,ver_topk,2inchStickout_F_08-Jun-2017_rpm320_doc0p060_xAccDetached_window_0001,2inchStickout/F_08-Jun-2017_rpm320_doc0p060_xAccDetached,train,42,1,cv_evaluation,no_chatter,0,0.0035378113,32
turning,cnn_ae,ver_topk,2inchStickout_F_08-Jun-2017_rpm320_doc0p060_xAccDetached_window_0002,2inchStickout/F_08-Jun-2017_rpm320_doc0p060_xAccDetached,train,42,1,cv_evaluation,no_chatter,0,0.005540864,32
turning,cnn_ae,ver_topk,2inchStickout_F_08-Jun-2017_rpm320_doc0p060_xAccDetached_window_0003,2inchStickout/F_08-Jun-2017_rpm320_doc0p060_xAccDetached,validation,42,1,cv_evaluation,no_chatter,0,0.003894278,32
turning,cnn_ae,ver_topk,2inchStickout_F_08-Jun-2017_rpm320_doc0p060_xAccDetached_window_0004,2inchStickout/F_08-Jun-2017_rpm320_doc0p060_xAccDetached,train,42,1,cv_evaluation,no_chatter,0,0.004650404,32
turning,cnn_ae,ver_topk,2inchStickout_F_08-Jun-2017_rpm320_doc0p060_xAccDetached_window_0005,2inchStickout/F_08-Jun-2017_rpm320_doc0p060_xAccDetached,train,42,1,cv_evaluation,no_chatter,0,0.004635621,32
turning,cnn_ae,ver_topk,2inchStickout_F_08-Jun-2017_rpm320_doc0p060_xAccDetached_window_0006,2inchStickout/F_08-Jun-2017_rpm320_doc0p060_xAccDetached,train,42,1,cv_evaluation,no_chatter,0,0.004669978,32
turning,cnn_ae,ver_topk,2inchStickout_F_08-Jun-2017_rpm320_doc0p060_xAccDetached_window_0007,2inchStickout/F_08-Jun-2017_rpm320_doc0p060_xAccDetached,train,42,1,cv_evaluation,no_chatter,0,0.0048780907,32
turning,cnn_ae,ver_topk,2inchStickout_F_08-Jun-2017_rpm320_doc0p060_xAccDetached_window_0008,2inchStickout/F_08-Jun-2017_rpm320_doc0p060_xAccDetached,train,42,1,cv_evaluation,no_chatter,0,0.0056103193,32
turning,cnn_ae,ver_topk,2inchStickout_F_08-Jun-2017_rpm320_doc0p060_xAccDetached_window_0009,2inchStickout/F_08-Jun-2017_rpm320_doc0p060_xAccDetached,train,42,1,cv_evaluation,no_chatter,0,0.0051287287,32
turning,cnn_ae,ver_topk,2inchStickout_F_08-Jun-2017_rpm320_doc0p060_xAccDetached_window_0010,2inchStickout/F_08-Jun-2017_rpm320_doc0p060_xAccDetached,train,42,1,cv_evaluation,no_chatter,0,0.0047318973,32
turning,cnn_ae,ver_topk,2inchStickout_F_08-Jun-2017_rpm320_doc0p060_xAccDetached_window_0011,2inchStickout/F_08-Jun-2017_rpm320_doc0p060_xAccDetached,train,42,1,cv_evaluation,no_chatter,0,0.003865093,32
turning,cnn_ae,ver_topk,2inchStickout_F_08-Jun-2017_rpm425_doc0p025_window_0000,2inchStickout/F_08-Jun-2017_rpm425_doc0p025,train,42,1,cv_evaluation,no_chatter,0,0.0037625972,32
turning,cnn_ae,ver_topk,2inchStickout_F_08-Jun-2017_rpm425_doc0p025_window_0001,2inchStickout/F_08-Jun-2017_rpm425_doc0p025,train,42,1,cv_evaluation,no_chatter,0,0.0038485106,32
turning,cnn_ae,ver_topk,2inchStickout_F_08-Jun-2017_rpm425_doc0p025_window_0002,2inchStickout/F_08-Jun-2017_rpm425_doc0p025,test,42,1,cv_evaluation,no_chatter,0,0.00468001,32
turning,cnn_ae,ver_topk,2inchStickout_F_08-Jun-2017_rpm425_doc0p025_window_0003,2inchStickout/F_08-Jun-2017_rpm425_doc0p025,train,42,1,cv_evaluation,no_chatter,0,0.018684391,32
turning,cnn_ae,ver_topk,2inchStickout_F_08-Jun-2017_rpm425_doc0p025_window_0004,2inchStickout/F_08-Jun-2017_rpm425_doc0p025,validation,42,1,cv_evaluation,chatter,1,0.037450325,32
turning,cnn_ae,ver_topk,2inchStickout_F_08-Jun-2017_rpm425_doc0p025_window_0005,2inchStickout/F_08-Jun-2017_rpm425_doc0p025,validation,42,1,cv_evaluation,chatter,1,0.039763168,32
turning,cnn_ae,ver_topk,2inchStickout_F_08-Jun-2017_rpm425_doc0p025_window_0006,2inchStickout/F_08-Jun-2017_rpm425_doc0p025,validation,42,1,cv_evaluation,chatter,1,0.03886302,32
turning,cnn_ae,ver_topk,2inchStickout_F_08-Jun-2017_rpm425_doc0p025_window_0007,2inchStickout/F_08-Jun-2017_rpm425_doc0p025,validation,42,1,cv_evaluation,chatter,1,0.037328687,32
turning,cnn_ae,ver_topk,2inchStickout_F_08-Jun-2017_rpm570_doc0p002_window_0000,2inchStickout/F_08-Jun-2017_rpm570_doc0p002,train,42,1,cv_evaluation,no_chatter,0,0.0039811623,32
turning,cnn_ae,ver_topk,2inchStickout_F_08-Jun-2017_rpm570_doc0p002_window_0001,2inchStickout/F_08-Jun-2017_rpm570_doc0p002,train,42,1,cv_evaluation,no_chatter,0,0.005251543,32
turning,cnn_ae,ver_topk,2inchStickout_F_08-Jun-2017_rpm570_doc0p002_window_0002,2inchStickout/F_08-Jun-2017_rpm570_doc0p002,test,42,1,cv_evaluation,chatter,1,0.023954362,32
turning,cnn_ae,ver_topk,2inchStickout_F_08-Jun-2017_rpm570_doc0p002_window_0003,2inchStickout/F_08-Jun-2017_rpm570_doc0p002,test,42,1,cv_evaluation,chatter,1,0.038044717,32
turning,cnn_ae,ver_topk,2inchStickout_F_08-Jun-2017_rpm570_doc0p002_window_0004,2inchStickout/F_08-Jun-2017_rpm570_doc0p002,train,42,1,cv_evaluation,no_chatter,0,0.017877072,32
turning,cnn_ae,ver_topk,2inchStickout_F_08-Jun-2017_rpm570_doc0p002_window_0005,2inchStickout/F_08-Jun-2017_rpm570_doc0p002,train,42,1,cv_evaluation,no_chatter,0,0.058663752,32
turning,cnn_ae,ver_topk,2inchStickout_F_08-Jun-2017_rpm570_doc0p005_window_0000,2inchStickout/F_08-Jun-2017_rpm570_doc0p005,train,42,1,cv_evaluation,no_chatter,0,0.0040943534,32
turning,cnn_ae,ver_topk,2inchStickout_F_08-Jun-2017_rpm570_doc0p005_window_0001,2inchStickout/F_08-Jun-2017_rpm570_doc0p005,test,42,1,cv_evaluation,no_chatter,0,0.005602373,32
turning,cnn_ae,ver_topk,2inchStickout_F_08-Jun-2017_rpm570_doc0p005_window_0002,2inchStickout/F_08-Jun-2017_rpm570_doc0p005,test,42,1,cv_evaluation,chatter,1,0.03348491,32
turning,cnn_ae,ver_topk,2inchStickout_F_08-Jun-2017_rpm570_doc0p005_window_0003,2inchStickout/F_08-Jun-2017_rpm570_doc0p005,train,42,1,cv_evaluation,no_chatter,0,0.015665738,32
turning,cnn_ae,ver_topk,2p5inchStickout_F_12-Jun-2017_rpm570_doc0p012_window_0000,2p5inchStickout/F_12-Jun-2017_rpm570_doc0p012,train,42,1,cv_evaluation,no_chatter,0,0.0033757351,32
turning,cnn_ae,ver_topk,2p5inchStickout_F_12-Jun-2017_rpm570_doc0p012_window_0001,2p5inchStickout/F_12-Jun-2017_rpm570_doc0p012,train,42,1,cv_evaluation,no_chatter,0,0.013139348,32
turning,cnn_ae,ver_topk,2p5inchStickout_F_12-Jun-2017_rpm570_doc0p012_window_0002,2p5inchStickout/F_12-Jun-2017_rpm570_doc0p012,test,42,1,cv_evaluation,chatter,1,0.020383226,32
turning,cnn_ae,ver_topk,2p5inchStickout_F_12-Jun-2017_rpm570_doc0p012_window_0003,2p5inchStickout/F_12-Jun-2017_rpm570_doc0p012,train,42,1,cv_evaluation,no_chatter,0,0.013897813,32
turning,cnn_ae,ver_topk,2p5inchStickout_F_12-Jun-2017_rpm570_doc0p012_window_0004,2p5inchStickout/F_12-Jun-2017_rpm570_doc0p012,train,42,1,cv_evaluation,no_chatter,0,0.012694583,32
turning,cnn_ae,ver_topk,2p5inchStickout_F_12-Jun-2017_rpm570_doc0p012_window_0005,2p5inchStickout/F_12-Jun-2017_rpm570_doc0p012,train,42,1,cv_evaluation,no_chatter,0,0.015945118,32
turning,cnn_ae,ver_topk,2p5inchStickout_F_12-Jun-2017_rpm570_doc0p012_window_0006,2p5inchStickout/F_12-Jun-2017_rpm570_doc0p012,validation,42,1,cv_evaluation,no_chatter,0,0.010044581,32
turning,cnn_ae,ver_topk,2p5inchStickout_F_12-Jun-2017_rpm570_doc0p012_window_0007,2p5inchStickout/F_12-Jun-2017_rpm570_doc0p012,train,42,1,cv_evaluation,no_chatter,0,0.009913211,32
turning,cnn_ae,ver_topk,2p5inchStickout_F_12-Jun-2017_rpm570_doc0p012_window_0008,2p5inchStickout/F_12-Jun-2017_rpm570_doc0p012,validation,42,1,cv_evaluation,no_chatter,0,0.010102459,32
turning,cnn_ae,ver_topk,2p5inchStickout_F_12-Jun-2017_rpm570_doc0p012_window_0009,2p5inchStickout/F_12-Jun-2017_rpm570_doc0p012,validation,42,1,cv_evaluation,no_chatter,0,0.009459445,32
turning,cnn_ae,ver_topk,2p5inchStickout_F_12-Jun-2017_rpm570_doc0p014_window_0000,2p5inchStickout/F_12-Jun-2017_rpm570_doc0p014,train,42,1,cv_evaluation,no_chatter,0,0.0032834064,32
turning,cnn_ae,ver_topk,2p5inchStickout_F_12-Jun-2017_rpm570_doc0p014_window_0001,2p5inchStickout/F_12-Jun-2017_rpm570_doc0p014,train,42,1,cv_evaluation,no_chatter,0,0.0066169933,32
turning,cnn_ae,ver_topk,2p5inchStickout_F_12-Jun-2017_rpm570_doc0p014_window_0002,2p5inchStickout/F_12-Jun-2017_rpm570_doc0p014,train,42,1,cv_evaluation,no_chatter,0,0.020413004,32
turning,cnn_ae,ver_topk,2p5inchStickout_F_12-Jun-2017_rpm570_doc0p014_window_0003,2p5inchStickout/F_12-Jun-2017_rpm570_doc0p014,validation,42,1,cv_evaluation,no_chatter,0,0.013463806,32
turning,cnn_ae,ver_topk,2p5inchStickout_F_12-Jun-2017_rpm570_doc0p014_window_0004,2p5inchStickout/F_12-Jun-2017_rpm570_doc0p014,validation,42,1,cv_evaluation,no_chatter,0,0.012282658,32
turning,cnn_ae,ver_topk,2p5inchStickout_F_12-Jun-2017_rpm570_doc0p014_window_0005,2p5inchStickout/F_12-Jun-2017_rpm570_doc0p014,validation,42,1,cv_evaluation,no_chatter,0,0.011142943,32
turning,cnn_ae,ver_topk,2p5inchStickout_F_12-Jun-2017_rpm770_doc0p005_window_0000,2p5inchStickout/F_12-Jun-2017_rpm770_doc0p005,train,42,1,cv_evaluation,no_chatter,0,0.004606048,32
turning,cnn_ae,ver_topk,2p5inchStickout_F_12-Jun-2017_rpm770_doc0p005_window_0001,2p5inchStickout/F_12-Jun-2017_rpm770_doc0p005,train,42,1,cv_evaluation,no_chatter,0,0.042683322,32
turning,cnn_ae,ver_topk,2p5inchStickout_F_12-Jun-2017_rpm770_doc0p005_window_0002,2p5inchStickout/F_12-Jun-2017_rpm770_doc0p005,train,42,1,cv_evaluation,no_chatter,0,0.009558448,32
turning,cnn_ae,ver_topk,2p5inchStickout_F_12-Jun-2017_rpm770_doc0p005_window_0003,2p5inchStickout/F_12-Jun-2017_rpm770_doc0p005,train,42,1,cv_evaluation,no_chatter,0,0.018885223,32
turning,cnn_ae,ver_topk,3p5inchStickout_F_12-Jun-2017_rpm570_doc0p025_window_0000,3p5inchStickout/F_12-Jun-2017_rpm570_doc0p025,validation,42,1,cv_evaluation,no_chatter,0,0.0028008337,32
turning,cnn_ae,ver_topk,3p5inchStickout_F_12-Jun-2017_rpm570_doc0p025_window_0001,3p5inchStickout/F_12-Jun-2017_rpm570_doc0p025,train,42,1,cv_evaluation,no_chatter,0,0.0044061854,32
turning,cnn_ae,ver_topk,3p5inchStickout_F_12-Jun-2017_rpm570_doc0p025_window_0002,3p5inchStickout/F_12-Jun-2017_rpm570_doc0p025,train,42,1,cv_evaluation,no_chatter,0,0.006034605,32
turning,cnn_ae,ver_topk,3p5inchStickout_F_12-Jun-2017_rpm570_doc0p025_window_0003,3p5inchStickout/F_12-Jun-2017_rpm570_doc0p025,validation,42,1,cv_evaluation,no_chatter,0,0.008988998,32
turning,cnn_ae,ver_topk,3p5inchStickout_F_12-Jun-2017_rpm570_doc0p025_window_0004,3p5inchStickout/F_12-Jun-2017_rpm570_doc0p025,train,42,1,cv_evaluation,no_chatter,0,0.0077597587,32
turning,cnn_ae,ver_topk,3p5inchStickout_F_12-Jun-2017_rpm570_doc0p025_window_0005,3p5inchStickout/F_12-Jun-2017_rpm570_doc0p025,train,42,1,cv_evaluation,no_chatter,0,0.014192703,32
turning,cnn_ae,ver_topk,3p5inchStickout_F_12-Jun-2017_rpm570_doc0p025_window_0006,3p5inchStickout/F_12-Jun-2017_rpm570_doc0p025,train,42,1,cv_evaluation,no_chatter,0,0.012979292,32
turning,cnn_ae,ver_topk,3p5inchStickout_F_12-Jun-2017_rpm570_doc0p025_window_0007,3p5inchStickout/F_12-Jun-2017_rpm570_doc0p025,train,42,1,cv_evaluation,no_chatter,0,0.011354647,32
turning,cnn_ae,ver_topk,3p5inchStickout_F_12-Jun-2017_rpm570_doc0p025_window_0008,3p5inchStickout/F_12-Jun-2017_rpm570_doc0p025,train,42,1,cv_evaluation,no_chatter,0,0.009064323,32
turning,cnn_ae,ver_topk,3p5inchStickout_F_12-Jun-2017_rpm570_doc0p025_window_0009,3p5inchStickout/F_12-Jun-2017_rpm570_doc0p025,train,42,1,cv_evaluation,no_chatter,0,0.010262356,32
turning,cnn_ae,ver_topk,3p5inchStickout_F_14-Jun-2017_rpm1030_doc0p002_window_0000,3p5inchStickout/F_14-Jun-2017_rpm1030_doc0p002,train,42,1,cv_evaluation,no_chatter,0,0.0027370949,32
turning,cnn_ae,ver_topk,3p5inchStickout_F_14-Jun-2017_rpm1030_doc0p002_window_0001,3p5inchStickout/F_14-Jun-2017_rpm1030_doc0p002,train,42,1,cv_evaluation,no_chatter,0,0.06407126,32
turning,cnn_ae,ver_topk,3p5inchStickout_F_14-Jun-2017_rpm1030_doc0p002_window_0002,3p5inchStickout/F_14-Jun-2017_rpm1030_doc0p002,train,42,1,cv_evaluation,no_chatter,0,0.056002274,32
turning,cnn_ae,ver_topk,3p5inchStickout_F_14-Jun-2017_rpm770_doc0p010_window_0000,3p5inchStickout/F_14-Jun-2017_rpm770_doc0p010,train,42,1,cv_evaluation,no_chatter,0,0.002900755,32
turning,cnn_ae,ver_topk,3p5inchStickout_F_14-Jun-2017_rpm770_doc0p010_window_0001,3p5inchStickout/F_14-Jun-2017_rpm770_doc0p010,train,42,1,cv_evaluation,no_chatter,0,0.006278362,32
turning,cnn_ae,ver_topk,3p5inchStickout_F_14-Jun-2017_rpm770_doc0p010_window_0002,3p5inchStickout/F_14-Jun-2017_rpm770_doc0p010,train,42,1,cv_evaluation,no_chatter,0,0.026576394,32
turning,cnn_ae,ver_topk,3p5inchStickout_F_14-Jun-2017_rpm770_doc0p010_window_0003,3p5inchStickout/F_14-Jun-2017_rpm770_doc0p010,train,42,1,cv_evaluation,no_chatter,0,0.02621968,32
turning,cnn_ae,ver_topk,4p5inchStickout_F_12-Jun-2017_rpm570_doc0p040_window_0000,4p5inchStickout/F_12-Jun-2017_rpm570_doc0p040,train,42,1,cv_evaluation,no_chatter,0,0.002957796,32
turning,cnn_ae,ver_topk,4p5inchStickout_F_12-Jun-2017_rpm570_doc0p040_window_0001,4p5inchStickout/F_12-Jun-2017_rpm570_doc0p040,train,42,1,cv_evaluation,no_chatter,0,0.0028581114,32
turning,cnn_ae,ver_topk,4p5inchStickout_F_12-Jun-2017_rpm570_doc0p040_window_0002,4p5inchStickout/F_12-Jun-2017_rpm570_doc0p040,train,42,1,cv_evaluation,no_chatter,0,0.0028096111,32
turning,cnn_ae,ver_topk,4p5inchStickout_F_12-Jun-2017_rpm570_doc0p040_window_0003,4p5inchStickout/F_12-Jun-2017_rpm570_doc0p040,train,42,1,cv_evaluation,no_chatter,0,0.0028101753,32
turning,cnn_ae,ver_topk,4p5inchStickout_F_12-Jun-2017_rpm570_doc0p040_window_0004,4p5inchStickout/F_12-Jun-2017_rpm570_doc0p040,train,42,1,cv_evaluation,no_chatter,0,0.0028304171,32
turning,cnn_ae,ver_topk,4p5inchStickout_F_12-Jun-2017_rpm570_doc0p040_window_0005,4p5inchStickout/F_12-Jun-2017_rpm570_doc0p040,train,42,1,cv_evaluation,no_chatter,0,0.0038417962,32
turning,cnn_ae,ver_topk,4p5inchStickout_F_12-Jun-2017_rpm570_doc0p040_window_0006,4p5inchStickout/F_12-Jun-2017_rpm570_doc0p040,train,42,1,cv_evaluation,no_chatter,0,0.013184593,32
turning,cnn_ae,ver_topk,4p5inchStickout_F_12-Jun-2017_rpm570_doc0p040_window_0007,4p5inchStickout/F_12-Jun-2017_rpm570_doc0p040,train,42,1,cv_evaluation,no_chatter,0,0.015797807,32
turning,cnn_ae,ver_topk,4p5inchStickout_F_12-Jun-2017_rpm570_doc0p040_window_0008,4p5inchStickout/F_12-Jun-2017_rpm570_doc0p040,train,42,1,cv_evaluation,no_chatter,0,0.014686621,32
turning,cnn_ae,ver_topk,4p5inchStickout_F_12-Jun-2017_rpm570_doc0p040_window_0009,4p5inchStickout/F_12-Jun-2017_rpm570_doc0p040,train,42,1,cv_evaluation,no_chatter,0,0.012454412,32
turning,cnn_ae,ver_topk,4p5inchStickout_F_12-Jun-2017_rpm570_doc0p040_window_0010,4p5inchStickout/F_12-Jun-2017_rpm570_doc0p040,train,42,1,cv_evaluation,no_chatter,0,0.00961404,32
turning,cnn_ae,ver_topk,4p5inchStickout_F_12-Jun-2017_rpm570_doc0p040_window_0011,4p5inchStickout/F_12-Jun-2017_rpm570_doc0p040,train,42,1,cv_evaluation,no_chatter,0,0.0074839876,32
turning,cnn_ae,ver_topk,4p5inchStickout_F_13-Jun-2017_rpm1030_doc0p015_window_0000,4p5inchStickout/F_13-Jun-2017_rpm1030_doc0p015,train,42,1,cv_evaluation,no_chatter,0,0.0031428167,32
turning,cnn_ae,ver_topk,4p5inchStickout_F_13-Jun-2017_rpm1030_doc0p015_window_0001,4p5inchStickout/F_13-Jun-2017_rpm1030_doc0p015,train,42,1,cv_evaluation,no_chatter,0,0.023782365,32
turning,cnn_ae,ver_topk,4p5inchStickout_F_13-Jun-2017_rpm1030_doc0p015_window_0002,4p5inchStickout/F_13-Jun-2017_rpm1030_doc0p015,train,42,1,cv_evaluation,no_chatter,0,0.020872256,32
turning,cnn_ae,ver_topk,4p5inchStickout_F_13-Jun-2017_rpm1030_doc0p015_window_0003,4p5inchStickout/F_13-Jun-2017_rpm1030_doc0p015,validation,42,1,cv_evaluation,no_chatter,0,0.023821523,32
turning,cnn_ae,global_mse,2inchStickout_F_08-Jun-2017_rpm320_doc0p015_window_0000,2inchStickout/F_08-Jun-2017_rpm320_doc0p015,train,42,2,cv_evaluation,no_chatter,0,6.5336244e-05,32
turning,cnn_ae,global_mse,2inchStickout_F_08-Jun-2017_rpm320_doc0p015_window_0001,2inchStickout/F_08-Jun-2017_rpm320_doc0p015,validation,42,2,cv_evaluation,no_chatter,0,6.314971e-05,32
turning,cnn_ae,global_mse,2inchStickout_F_08-Jun-2017_rpm320_doc0p015_window_0002,2inchStickout/F_08-Jun-2017_rpm320_doc0p015,train,42,2,cv_evaluation,no_chatter,0,6.765257e-05,32
turning,cnn_ae,global_mse,2inchStickout_F_08-Jun-2017_rpm320_doc0p015_window_0003,2inchStickout/F_08-Jun-2017_rpm320_doc0p015,validation,42,2,cv_evaluation,no_chatter,0,0.0003360069,32
turning,cnn_ae,global_mse,2inchStickout_F_08-Jun-2017_rpm320_doc0p015_window_0004,2inchStickout/F_08-Jun-2017_rpm320_doc0p015,train,42,2,cv_evaluation,no_chatter,0,0.0005855045,32
turning,cnn_ae,global_mse,2inchStickout_F_08-Jun-2017_rpm320_doc0p015_window_0005,2inchStickout/F_08-Jun-2017_rpm320_doc0p015,train,42,2,cv_evaluation,no_chatter,0,0.0006918051,32
turning,cnn_ae,global_mse,2inchStickout_F_08-Jun-2017_rpm320_doc0p015_window_0006,2inchStickout/F_08-Jun-2017_rpm320_doc0p015,train,42,2,cv_evaluation,no_chatter,0,0.000651852,32
turning,cnn_ae,global_mse,2inchStickout_F_08-Jun-2017_rpm320_doc0p015_window_0007,2inchStickout/F_08-Jun-2017_rpm320_doc0p015,train,42,2,cv_evaluation,no_chatter,0,0.00042576104,32
turning,cnn_ae,global_mse,2inchStickout_F_08-Jun-2017_rpm320_doc0p015_window_0008,2inchStickout/F_08-Jun-2017_rpm320_doc0p015,train,42,2,cv_evaluation,no_chatter,0,0.00053618255,32
turning,cnn_ae,global_mse,2inchStickout_F_08-Jun-2017_rpm320_doc0p015_window_0009,2inchStickout/F_08-Jun-2017_rpm320_doc0p015,train,42,2,cv_evaluation,no_chatter,0,0.0006785567,32
turning,cnn_ae,global_mse,2inchStickout_F_08-Jun-2017_rpm320_doc0p015_window_0010,2inchStickout/F_08-Jun-2017_rpm320_doc0p015,train,42,2,cv_evaluation,no_chatter,0,0.00046214575,32
turning,cnn_ae,global_mse,2inchStickout_F_08-Jun-2017_rpm320_doc0p015_window_0011,2inchStickout/F_08-Jun-2017_rpm320_doc0p015,train,42,2,cv_evaluation,no_chatter,0,0.0004200142,32
turning,cnn_ae,global_mse,2inchStickout_F_08-Jun-2017_rpm320_doc0p015_window_0012,2inchStickout/F_08-Jun-2017_rpm320_doc0p015,train,42,2,cv_evaluation,no_chatter,0,0.00041140255,32
turning,cnn_ae,global_mse,2inchStickout_F_08-Jun-2017_rpm320_doc0p015_window_0013,2inchStickout/F_08-Jun-2017_rpm320_doc0p015,validation,42,2,cv_evaluation,no_chatter,0,0.00052074227,32
turning,cnn_ae,global_mse,2inchStickout_F_08-Jun-2017_rpm320_doc0p015_window_0014,2inchStickout/F_08-Jun-2017_rpm320_doc0p015,validation,42,2,cv_evaluation,no_chatter,0,0.000670229,32
turning,cnn_ae,global_mse,2inchStickout_F_08-Jun-2017_rpm320_doc0p015_window_0015,2inchStickout/F_08-Jun-2017_rpm320_doc0p015,train,42,2,cv_evaluation,no_chatter,0,0.00041256048,32
turning,cnn_ae,global_mse,2inchStickout_F_08-Jun-2017_rpm320_doc0p015_window_0016,2inchStickout/F_08-Jun-2017_rpm320_doc0p015,train,42,2,cv_evaluation,no_chatter,0,0.0005154949,32
turning,cnn_ae,global_mse,2inchStickout_F_08-Jun-2017_rpm320_doc0p015_window_0017,2inchStickout/F_08-Jun-2017_rpm320_doc0p015,train,42,2,cv_evaluation,no_chatter,0,0.00040123487,32
turning,cnn_ae,global_mse,2inchStickout_F_08-Jun-2017_rpm320_doc0p015_window_0018,2inchStickout/F_08-Jun-2017_rpm320_doc0p015,train,42,2,cv_evaluation,no_chatter,0,0.00042576736,32
turning,cnn_ae,global_mse,2inchStickout_F_08-Jun-2017_rpm320_doc0p015_window_0019,2inchStickout/F_08-Jun-2017_rpm320_doc0p015,train,42,2,cv_evaluation,no_chatter,0,0.0006200432,32
turning,cnn_ae,global_mse,2inchStickout_F_08-Jun-2017_rpm320_doc0p015_window_0020,2inchStickout/F_08-Jun-2017_rpm320_doc0p015,train,42,2,cv_evaluation,no_chatter,0,0.0005464093,32
turning,cnn_ae,global_mse,2inchStickout_F_08-Jun-2017_rpm320_doc0p015_window_0021,2inchStickout/F_08-Jun-2017_rpm320_doc0p015,train,42,2,cv_evaluation,no_chatter,0,0.00052370946,32
turning,cnn_ae,global_mse,2inchStickout_F_08-Jun-2017_rpm320_doc0p015_window_0022,2inchStickout/F_08-Jun-2017_rpm320_doc0p015,train,42,2,cv_evaluation,no_chatter,0,0.00038209264,32
turning,cnn_ae,global_mse,2inchStickout_F_08-Jun-2017_rpm320_doc0p015_window_0023,2inchStickout/F_08-Jun-2017_rpm320_doc0p015,train,42,2,cv_evaluation,no_chatter,0,0.00065780827,32
turning,cnn_ae,global_mse,2inchStickout_F_08-Jun-2017_rpm320_doc0p050_window_0000,2inchStickout/F_08-Jun-2017_rpm320_doc0p050,train,42,2,cv_evaluation,no_chatter,0,8.7013315e-05,32
turning,cnn_ae,global_mse,2inchStickout_F_08-Jun-2017_rpm320_doc0p050_window_0001,2inchStickout/F_08-Jun-2017_rpm320_doc0p050,train,42,2,cv_evaluation,no_chatter,0,5.294424e-05,32
turning,cnn_ae,global_mse,2inchStickout_F_08-Jun-2017_rpm320_doc0p050_window_0002,2inchStickout/F_08-Jun-2017_rpm320_doc0p050,train,42,2,cv_evaluation,no_chatter,0,5.2915133e-05,32
turning,cnn_ae,global_mse,2inchStickout_F_08-Jun-2017_rpm320_doc0p050_window_0003,2inchStickout/F_08-Jun-2017_rpm320_doc0p050,test,42,2,cv_evaluation,no_chatter,0,0.0014275047,32
turning,cnn_ae,global_mse,2inchStickout_F_08-Jun-2017_rpm320_doc0p050_window_0004,2inchStickout/F_08-Jun-2017_rpm320_doc0p050,train,42,2,cv_evaluation,no_chatter,0,0.00052386714,32
turning,cnn_ae,global_mse,2inchStickout_F_08-Jun-2017_rpm320_doc0p050_window_0005,2inchStickout/F_08-Jun-2017_rpm320_doc0p050,train,42,2,cv_evaluation,no_chatter,0,0.0005674156,32
turning,cnn_ae,global_mse,2inchStickout_F_08-Jun-2017_rpm320_doc0p050_window_0006,2inchStickout/F_08-Jun-2017_rpm320_doc0p050,train,42,2,cv_evaluation,no_chatter,0,0.0005322213,32
turning,cnn_ae,global_mse,2inchStickout_F_08-Jun-2017_rpm320_doc0p050_window_0007,2inchStickout/F_08-Jun-2017_rpm320_doc0p050,train,42,2,cv_evaluation,no_chatter,0,0.0006316314,32
turning,cnn_ae,global_mse,2inchStickout_F_08-Jun-2017_rpm320_doc0p050_window_0008,2inchStickout/F_08-Jun-2017_rpm320_doc0p050,test,42,2,cv_evaluation,no_chatter,0,0.00046769078,32
turning,cnn_ae,global_mse,2inchStickout_F_08-Jun-2017_rpm320_doc0p050_window_0009,2inchStickout/F_08-Jun-2017_rpm320_doc0p050,test,42,2,cv_evaluation,no_chatter,0,0.000609461,32
turning,cnn_ae,global_mse,2inchStickout_F_08-Jun-2017_rpm320_doc0p050_window_0010,2inchStickout/F_08-Jun-2017_rpm320_doc0p050,train,42,2,cv_evaluation,no_chatter,0,0.00056219834,32
turning,cnn_ae,global_mse,2inchStickout_F_08-Jun-2017_rpm320_doc0p050_window_0011,2inchStickout/F_08-Jun-2017_rpm320_doc0p050,train,42,2,cv_evaluation,no_chatter,0,0.0005941095,32
turning,cnn_ae,global_mse,2inchStickout_F_08-Jun-2017_rpm320_doc0p050_window_0012,2inchStickout/F_08-Jun-2017_rpm320_doc0p050,test,42,2,cv_evaluation,no_chatter,0,0.0005568108,32
turning,cnn_ae,global_mse,2inchStickout_F_08-Jun-2017_rpm320_doc0p050_window_0013,2inchStickout/F_08-Jun-2017_rpm320_doc0p050,test,42,2,cv_evaluation,no_chatter,0,0.0008278778,32
turning,cnn_ae,global_mse,2inchStickout_F_08-Jun-2017_rpm320_doc0p050_window_0014,2inchStickout/F_08-Jun-2017_rpm320_doc0p050,test,42,2,cv_evaluation,no_chatter,0,0.0006902832,32
turning,cnn_ae,global_mse,2inchStickout_F_08-Jun-2017_rpm320_doc0p050_window_0015,2inchStickout/F_08-Jun-2017_rpm320_doc0p050,train,42,2,cv_evaluation,no_chatter,0,0.0009930521,32
turning,cnn_ae,global_mse,2inchStickout_F_08-Jun-2017_rpm320_doc0p050_window_0016,2inchStickout/F_08-Jun-2017_rpm320_doc0p050,train,42,2,cv_evaluation,no_chatter,0,0.0006485465,32
turning,cnn_ae,global_mse,2inchStickout_F_08-Jun-2017_rpm320_doc0p050_window_0017,2inchStickout/F_08-Jun-2017_rpm320_doc0p050,test,42,2,cv_evaluation,no_chatter,0,0.000601985,32
turning,cnn_ae,global_mse,2inchStickout_F_08-Jun-2017_rpm320_doc0p050_window_0018,2inchStickout/F_08-Jun-2017_rpm320_doc0p050,train,42,2,cv_evaluation,no_chatter,0,0.0008281706,32
turning,cnn_ae,global_mse,2inchStickout_F_08-Jun-2017_rpm320_doc0p050_window_0019,2inchStickout/F_08-Jun-2017_rpm320_doc0p050,train,42,2,cv_evaluation,no_chatter,0,0.0010690689,32
turning,cnn_ae,global_mse,2inchStickout_F_08-Jun-2017_rpm320_doc0p050_window_0020,2inchStickout/F_08-Jun-2017_rpm320_doc0p050,train,42,2,cv_evaluation,no_chatter,0,0.0005291022,32
turning,cnn_ae,global_mse,2inchStickout_F_08-Jun-2017_rpm320_doc0p050_window_0021,2inchStickout/F_08-Jun-2017_rpm320_doc0p050,train,42,2,cv_evaluation,no_chatter,0,0.0006251657,32
turning,cnn_ae,global_mse,2inchStickout_F_08-Jun-2017_rpm320_doc0p050_window_0022,2inchStickout/F_08-Jun-2017_rpm320_doc0p050,test,42,2,cv_evaluation,no_chatter,0,0.0006348782,32
turning,cnn_ae,global_mse,2inchStickout_F_08-Jun-2017_rpm320_doc0p050_window_0023,2inchStickout/F_08-Jun-2017_rpm320_doc0p050,test,42,2,cv_evaluation,no_chatter,0,0.0007562258,32
turning,cnn_ae,global_mse,2inchStickout_F_08-Jun-2017_rpm570_doc0p001_window_0000,2inchStickout/F_08-Jun-2017_rpm570_doc0p001,train,42,2,cv_evaluation,no_chatter,0,9.600214e-05,32
turning,cnn_ae,global_mse,2inchStickout_F_08-Jun-2017_rpm570_doc0p001_window_0001,2inchStickout/F_08-Jun-2017_rpm570_doc0p001,validation,42,2,cv_evaluation,no_chatter,0,0.0007761328,32
turning,cnn_ae,global_mse,2inchStickout_F_08-Jun-2017_rpm570_doc0p001_window_0002,2inchStickout/F_08-Jun-2017_rpm570_doc0p001,validation,42,2,cv_evaluation,chatter,1,0.0033169251,32
turning,cnn_ae,global_mse,2inchStickout_F_08-Jun-2017_rpm570_doc0p001_window_0003,2inchStickout/F_08-Jun-2017_rpm570_doc0p001,validation,42,2,cv_evaluation,chatter,1,0.004086359,32
turning,cnn_ae,global_mse,2inchStickout_F_08-Jun-2017_rpm570_doc0p001_window_0004,2inchStickout/F_08-Jun-2017_rpm570_doc0p001,validation,42,2,cv_evaluation,chatter,1,0.004562953,32
turning,cnn_ae,global_mse,2inchStickout_F_08-Jun-2017_rpm570_doc0p001_window_0005,2inchStickout/F_08-Jun-2017_rpm570_doc0p001,validation,42,2,cv_evaluation,chatter,1,0.0053109275,32
turning,cnn_ae,global_mse,2inchStickout_F_08-Jun-2017_rpm770_doc0p001_window_0000,2inchStickout/F_08-Jun-2017_rpm770_doc0p001,test,42,2,cv_evaluation,no_chatter,0,0.00023688804,32
turning,cnn_ae,global_mse,2inchStickout_F_08-Jun-2017_rpm770_doc0p001_window_0001,2inchStickout/F_08-Jun-2017_rpm770_doc0p001,train,42,2,cv_evaluation,no_chatter,0,0.0013328941,32
turning,cnn_ae,global_mse,2inchStickout_F_08-Jun-2017_rpm770_doc0p001_window_0002,2inchStickout/F_08-Jun-2017_rpm770_doc0p001,train,42,2,cv_evaluation,no_chatter,0,0.0026255832,32
turning,cnn_ae,global_mse,2inchStickout_F_08-Jun-2017_rpm770_doc0p001_window_0003,2inchStickout/F_08-Jun-2017_rpm770_doc0p001,train,42,2,cv_evaluation,no_chatter,0,0.0027008716,32
turning,cnn_ae,global_mse,2inchStickout_F_08-Jun-2017_rpm770_doc0p001_window_0004,2inchStickout/F_08-Jun-2017_rpm770_doc0p001,train,42,2,cv_evaluation,no_chatter,0,0.0032189486,32
turning,cnn_ae,global_mse,2inchStickout_F_08-Jun-2017_rpm770_doc0p001_window_0005,2inchStickout/F_08-Jun-2017_rpm770_doc0p001,train,42,2,cv_evaluation,no_chatter,0,0.003952033,32
turning,cnn_ae,global_mse,2inchStickout_F_08-Jun-2017_rpm770_doc0p001_window_0006,2inchStickout/F_08-Jun-2017_rpm770_doc0p001,test,42,2,cv_evaluation,chatter,1,0.0050771786,32
turning,cnn_ae,global_mse,2inchStickout_F_08-Jun-2017_rpm770_doc0p001_window_0007,2inchStickout/F_08-Jun-2017_rpm770_doc0p001,test,42,2,cv_evaluation,chatter,1,0.009746528,32
turning,cnn_ae,global_mse,2p5inchStickout_F_12-Jun-2017_rpm570_doc0p003_window_0000,2p5inchStickout/F_12-Jun-2017_rpm570_doc0p003,train,42,2,cv_evaluation,no_chatter,0,0.00034433696,32
turning,cnn_ae,global_mse,2p5inchStickout_F_12-Jun-2017_rpm570_doc0p003_window_0001,2p5inchStickout/F_12-Jun-2017_rpm570_doc0p003,test,42,2,cv_evaluation,no_chatter,0,0.00051982235,32
turning,cnn_ae,global_mse,2p5inchStickout_F_12-Jun-2017_rpm570_doc0p003_window_0002,2p5inchStickout/F_12-Jun-2017_rpm570_doc0p003,train,42,2,cv_evaluation,no_chatter,0,0.0010393041,32
turning,cnn_ae,global_mse,2p5inchStickout_F_12-Jun-2017_rpm570_doc0p003_window_0003,2p5inchStickout/F_12-Jun-2017_rpm570_doc0p003,train,42,2,cv_evaluation,no_chatter,0,0.0022425358,32
turning,cnn_ae,global_mse,2p5inchStickout_F_12-Jun-2017_rpm570_doc0p003_window_0004,2p5inchStickout/F_12-Jun-2017_rpm570_doc0p003,train,42,2,cv_evaluation,no_chatter,0,0.001959017,32
turning,cnn_ae,global_mse,2p5inchStickout_F_12-Jun-2017_rpm570_doc0p003_window_0005,2p5inchStickout/F_12-Jun-2017_rpm570_doc0p003,train,42,2,cv_evaluation,no_chatter,0,0.0010555625,32
turning,cnn_ae,global_mse,2p5inchStickout_F_12-Jun-2017_rpm570_doc0p003_window_0006,2p5inchStickout/F_12-Jun-2017_rpm570_doc0p003,train,42,2,cv_evaluation,no_chatter,0,0.0011328976,32
turning,cnn_ae,global_mse,2p5inchStickout_F_12-Jun-2017_rpm570_doc0p003_window_0007,2p5inchStickout/F_12-Jun-2017_rpm570_doc0p003,train,42,2,cv_evaluation,no_chatter,0,0.0019107303,32
turning,cnn_ae,global_mse,2p5inchStickout_F_12-Jun-2017_rpm570_doc0p003_window_0008,2p5inchStickout/F_12-Jun-2017_rpm570_doc0p003,train,42,2,cv_evaluation,no_chatter,0,0.0015406491,32
turning,cnn_ae,global_mse,2p5inchStickout_F_12-Jun-2017_rpm570_doc0p003_window_0009,2p5inchStickout/F_12-Jun-2017_rpm570_doc0p003,train,42,2,cv_evaluation,no_chatter,0,0.0012314238,32
turning,cnn_ae,global_mse,2p5inchStickout_F_12-Jun-2017_rpm570_doc0p015_trial2_window_0000,2p5inchStickout/F_12-Jun-2017_rpm570_doc0p015_trial2,train,42,2,cv_evaluation,no_chatter,0,0.00032159558,32
turning,cnn_ae,global_mse,2p5inchStickout_F_12-Jun-2017_rpm570_doc0p015_trial2_window_0001,2p5inchStickout/F_12-Jun-2017_rpm570_doc0p015_trial2,train,42,2,cv_evaluation,no_chatter,0,0.00071294943,32
turning,cnn_ae,global_mse,2p5inchStickout_F_12-Jun-2017_rpm570_doc0p015_trial2_window_0002,2p5inchStickout/F_12-Jun-2017_rpm570_doc0p015_trial2,test,42,2,cv_evaluation,chatter,1,0.0042642653,32
turning,cnn_ae,global_mse,2p5inchStickout_F_12-Jun-2017_rpm570_doc0p015_trial2_window_0003,2p5inchStickout/F_12-Jun-2017_rpm570_doc0p015_trial2,test,42,2,cv_evaluation,chatter,1,0.008708774,32
turning,cnn_ae,global_mse,2p5inchStickout_F_12-Jun-2017_rpm570_doc0p015_trial2_window_0004,2p5inchStickout/F_12-Jun-2017_rpm570_doc0p015_trial2,test,42,2,cv_evaluation,chatter,1,0.009478336,32
turning,cnn_ae,global_mse,2p5inchStickout_F_12-Jun-2017_rpm570_doc0p015_trial2_window_0005,2p5inchStickout/F_12-Jun-2017_rpm570_doc0p015_trial2,test,42,2,cv_evaluation,chatter,1,0.0069423253,32
turning,cnn_ae,global_mse,3p5inchStickout_F_12-Jun-2017_rpm570_doc0p015_window_0000,3p5inchStickout/F_12-Jun-2017_rpm570_doc0p015,train,42,2,cv_evaluation,no_chatter,0,3.7625632e-05,32
turning,cnn_ae,global_mse,3p5inchStickout_F_12-Jun-2017_rpm570_doc0p015_window_0001,3p5inchStickout/F_12-Jun-2017_rpm570_doc0p015,train,42,2,cv_evaluation,no_chatter,0,0.0009682503,32
turning,cnn_ae,global_mse,3p5inchStickout_F_12-Jun-2017_rpm570_doc0p015_window_0002,3p5inchStickout/F_12-Jun-2017_rpm570_doc0p015,train,42,2,cv_evaluation,no_chatter,0,0.0015642259,32
turning,cnn_ae,global_mse,3p5inchStickout_F_12-Jun-2017_rpm570_doc0p015_window_0003,3p5inchStickout/F_12-Jun-2017_rpm570_doc0p015,train,42,2,cv_evaluation,no_chatter,0,0.0021276004,32
turning,cnn_ae,global_mse,3p5inchStickout_F_12-Jun-2017_rpm570_doc0p015_window_0004,3p5inchStickout/F_12-Jun-2017_rpm570_doc0p015,train,42,2,cv_evaluation,no_chatter,0,0.0017005636,32
turning,cnn_ae,global_mse,3p5inchStickout_F_12-Jun-2017_rpm570_doc0p015_window_0005,3p5inchStickout/F_12-Jun-2017_rpm570_doc0p015,train,42,2,cv_evaluation,no_chatter,0,0.002104854,32
turning,cnn_ae,global_mse,3p5inchStickout_F_12-Jun-2017_rpm570_doc0p015_window_0006,3p5inchStickout/F_12-Jun-2017_rpm570_doc0p015,train,42,2,cv_evaluation,no_chatter,0,0.0065669906,32
turning,cnn_ae,global_mse,3p5inchStickout_F_12-Jun-2017_rpm570_doc0p015_window_0007,3p5inchStickout/F_12-Jun-2017_rpm570_doc0p015,train,42,2,cv_evaluation,no_chatter,0,0.0042176987,32
turning,cnn_ae,global_mse,3p5inchStickout_F_12-Jun-2017_rpm570_doc0p015_window_0008,3p5inchStickout/F_12-Jun-2017_rpm570_doc0p015,train,42,2,cv_evaluation,no_chatter,0,0.0029096534,32
turning,cnn_ae,global_mse,3p5inchStickout_F_12-Jun-2017_rpm570_doc0p015_window_0009,3p5inchStickout/F_12-Jun-2017_rpm570_doc0p015,train,42,2,cv_evaluation,no_chatter,0,0.002779585,32
turning,cnn_ae,global_mse,3p5inchStickout_F_12-Jun-2017_rpm570_doc0p030_window_0000,3p5inchStickout/F_12-Jun-2017_rpm570_doc0p030,train,42,2,cv_evaluation,no_chatter,0,6.941106e-05,32
turning,cnn_ae,global_mse,3p5inchStickout_F_12-Jun-2017_rpm570_doc0p030_window_0001,3p5inchStickout/F_12-Jun-2017_rpm570_doc0p030,test,42,2,cv_evaluation,no_chatter,0,4.8706563e-05,32
turning,cnn_ae,global_mse,3p5inchStickout_F_12-Jun-2017_rpm570_doc0p030_window_0002,3p5inchStickout/F_12-Jun-2017_rpm570_doc0p030,train,42,2,cv_evaluation,no_chatter,0,0.0012766856,32
turning,cnn_ae,global_mse,3p5inchStickout_F_12-Jun-2017_rpm570_doc0p030_window_0003,3p5inchStickout/F_12-Jun-2017_rpm570_doc0p030,train,42,2,cv_evaluation,no_chatter,0,0.0010135723,32
turning,cnn_ae,global_mse,3p5inchStickout_F_12-Jun-2017_rpm570_doc0p030_window_0004,3p5inchStickout/F_12-Jun-2017_rpm570_doc0p030,train,42,2,cv_evaluation,no_chatter,0,0.0012759098,32
turning,cnn_ae,global_mse,3p5inchStickout_F_12-Jun-2017_rpm570_doc0p030_window_0005,3p5inchStickout/F_12-Jun-2017_rpm570_doc0p030,train,42,2,cv_evaluation,no_chatter,0,0.0016894228,32
turning,cnn_ae,global_mse,3p5inchStickout_F_12-Jun-2017_rpm570_doc0p030_window_0006,3p5inchStickout/F_12-Jun-2017_rpm570_doc0p030,train,42,2,cv_evaluation,no_chatter,0,0.0012769544,32
turning,cnn_ae,global_mse,3p5inchStickout_F_12-Jun-2017_rpm570_doc0p030_window_0007,3p5inchStickout/F_12-Jun-2017_rpm570_doc0p030,train,42,2,cv_evaluation,no_chatter,0,0.0017056637,32
turning,cnn_ae,global_mse,3p5inchStickout_F_12-Jun-2017_rpm570_doc0p030_window_0008,3p5inchStickout/F_12-Jun-2017_rpm570_doc0p030,train,42,2,cv_evaluation,no_chatter,0,0.004427523,32
turning,cnn_ae,global_mse,3p5inchStickout_F_12-Jun-2017_rpm570_doc0p030_window_0009,3p5inchStickout/F_12-Jun-2017_rpm570_doc0p030,test,42,2,cv_evaluation,no_chatter,0,0.0037073721,32
turning,cnn_ae,global_mse,3p5inchStickout_F_14-Jun-2017_rpm770_doc0p008_window_0000,3p5inchStickout/F_14-Jun-2017_rpm770_doc0p008,train,42,2,cv_evaluation,no_chatter,0,0.00013431396,32
turning,cnn_ae,global_mse,3p5inchStickout_F_14-Jun-2017_rpm770_doc0p008_window_0001,3p5inchStickout/F_14-Jun-2017_rpm770_doc0p008,train,42,2,cv_evaluation,no_chatter,0,0.00044207348,32
turning,cnn_ae,global_mse,3p5inchStickout_F_14-Jun-2017_rpm770_doc0p008_window_0002,3p5inchStickout/F_14-Jun-2017_rpm770_doc0p008,train,42,2,cv_evaluation,no_chatter,0,0.001431856,32
turning,cnn_ae,global_mse,3p5inchStickout_F_14-Jun-2017_rpm770_doc0p008_window_0003,3p5inchStickout/F_14-Jun-2017_rpm770_doc0p008,test,42,2,cv_evaluation,no_chatter,0,0.0011833871,32
turning,cnn_ae,global_mse,3p5inchStickout_F_14-Jun-2017_rpm770_doc0p015_window_0000,3p5inchStickout/F_14-Jun-2017_rpm770_doc0p015,validation,42,2,cv_evaluation,no_chatter,0,0.00013376672,32
turning,cnn_ae,global_mse,3p5inchStickout_F_14-Jun-2017_rpm770_doc0p015_window_0001,3p5inchStickout/F_14-Jun-2017_rpm770_doc0p015,train,42,2,cv_evaluation,no_chatter,0,0.00061079644,32
turning,cnn_ae,global_mse,3p5inchStickout_F_14-Jun-2017_rpm770_doc0p015_window_0002,3p5inchStickout/F_14-Jun-2017_rpm770_doc0p015,train,42,2,cv_evaluation,no_chatter,0,0.0038655114,32
turning,cnn_ae,global_mse,3p5inchStickout_F_14-Jun-2017_rpm770_doc0p015_window_0003,3p5inchStickout/F_14-Jun-2017_rpm770_doc0p015,validation,42,2,cv_evaluation,no_chatter,0,0.0048295395,32
turning,cnn_ae,global_mse,4p5inchStickout_F_12-Jun-2017_rpm570_doc0p005_window_0000,4p5inchStickout/F_12-Jun-2017_rpm570_doc0p005,validation,42,2,cv_evaluation,no_chatter,0,6.0874336e-05,32
turning,cnn_ae,global_mse,4p5inchStickout_F_12-Jun-2017_rpm570_doc0p005_window_0001,4p5inchStickout/F_12-Jun-2017_rpm570_doc0p005,train,42,2,cv_evaluation,no_chatter,0,6.205677e-05,32
turning,cnn_ae,global_mse,4p5inchStickout_F_12-Jun-2017_rpm570_doc0p005_window_0002,4p5inchStickout/F_12-Jun-2017_rpm570_doc0p005,validation,42,2,cv_evaluation,no_chatter,0,5.5057466e-05,32
turning,cnn_ae,global_mse,4p5inchStickout_F_12-Jun-2017_rpm570_doc0p005_window_0003,4p5inchStickout/F_12-Jun-2017_rpm570_doc0p005,train,42,2,cv_evaluation,no_chatter,0,4.3267482e-05,32
turning,cnn_ae,global_mse,4p5inchStickout_F_12-Jun-2017_rpm570_doc0p005_window_0004,4p5inchStickout/F_12-Jun-2017_rpm570_doc0p005,train,42,2,cv_evaluation,no_chatter,0,3.969905e-05,32
turning,cnn_ae,global_mse,4p5inchStickout_F_12-Jun-2017_rpm570_doc0p005_window_0005,4p5inchStickout/F_12-Jun-2017_rpm570_doc0p005,validation,42,2,cv_evaluation,no_chatter,0,0.00070844183,32
turning,cnn_ae,global_mse,4p5inchStickout_F_12-Jun-2017_rpm570_doc0p005_window_0006,4p5inchStickout/F_12-Jun-2017_rpm570_doc0p005,train,42,2,cv_evaluation,no_chatter,0,0.0009409337,32
turning,cnn_ae,global_mse,4p5inchStickout_F_12-Jun-2017_rpm570_doc0p005_window_0007,4p5inchStickout/F_12-Jun-2017_rpm570_doc0p005,train,42,2,cv_evaluation,no_chatter,0,0.000964719,32
turning,cnn_ae,global_mse,4p5inchStickout_F_12-Jun-2017_rpm570_doc0p005_window_0008,4p5inchStickout/F_12-Jun-2017_rpm570_doc0p005,train,42,2,cv_evaluation,no_chatter,0,0.0010124162,32
turning,cnn_ae,global_mse,4p5inchStickout_F_12-Jun-2017_rpm570_doc0p005_window_0009,4p5inchStickout/F_12-Jun-2017_rpm570_doc0p005,train,42,2,cv_evaluation,no_chatter,0,0.0011788143,32
turning,cnn_ae,global_mse,4p5inchStickout_F_12-Jun-2017_rpm570_doc0p005_window_0010,4p5inchStickout/F_12-Jun-2017_rpm570_doc0p005,train,42,2,cv_evaluation,no_chatter,0,0.0013431651,32
turning,cnn_ae,global_mse,4p5inchStickout_F_12-Jun-2017_rpm570_doc0p005_window_0011,4p5inchStickout/F_12-Jun-2017_rpm570_doc0p005,train,42,2,cv_evaluation,no_chatter,0,0.0010687846,32
turning,cnn_ae,global_mse,4p5inchStickout_F_13-Jun-2017_rpm1030_doc0p007_window_0000,4p5inchStickout/F_13-Jun-2017_rpm1030_doc0p007,train,42,2,cv_evaluation,no_chatter,0,0.00010615659,32
turning,cnn_ae,global_mse,4p5inchStickout_F_13-Jun-2017_rpm1030_doc0p007_window_0001,4p5inchStickout/F_13-Jun-2017_rpm1030_doc0p007,train,42,2,cv_evaluation,no_chatter,0,0.00096850377,32
turning,cnn_ae,global_mse,4p5inchStickout_F_13-Jun-2017_rpm1030_doc0p007_window_0002,4p5inchStickout/F_13-Jun-2017_rpm1030_doc0p007,train,42,2,cv_evaluation,no_chatter,0,0.0010328422,32
turning,cnn_ae,global_mse,4p5inchStickout_F_13-Jun-2017_rpm1030_doc0p007_window_0003,4p5inchStickout/F_13-Jun-2017_rpm1030_doc0p007,train,42,2,cv_evaluation,no_chatter,0,0.0016845347,32
turning,cnn_ae,global_mse,4p5inchStickout_F_13-Jun-2017_rpm770_doc0p010_window_0000,4p5inchStickout/F_13-Jun-2017_rpm770_doc0p010,train,42,2,cv_evaluation,no_chatter,0,6.0533715e-05,32
turning,cnn_ae,global_mse,4p5inchStickout_F_13-Jun-2017_rpm770_doc0p010_window_0001,4p5inchStickout/F_13-Jun-2017_rpm770_doc0p010,train,42,2,cv_evaluation,no_chatter,0,8.344191e-05,32
turning,cnn_ae,global_mse,4p5inchStickout_F_13-Jun-2017_rpm770_doc0p010_window_0002,4p5inchStickout/F_13-Jun-2017_rpm770_doc0p010,train,42,2,cv_evaluation,no_chatter,0,0.0009833995,32
turning,cnn_ae,global_mse,4p5inchStickout_F_13-Jun-2017_rpm770_doc0p010_window_0003,4p5inchStickout/F_13-Jun-2017_rpm770_doc0p010,test,42,2,cv_evaluation,no_chatter,0,0.0012630541,32
turning,cnn_ae,global_mse,4p5inchStickout_F_13-Jun-2017_rpm770_doc0p010_window_0004,4p5inchStickout/F_13-Jun-2017_rpm770_doc0p010,train,42,2,cv_evaluation,no_chatter,0,0.0012153423,32
turning,cnn_ae,global_mse,4p5inchStickout_F_13-Jun-2017_rpm770_doc0p010_window_0005,4p5inchStickout/F_13-Jun-2017_rpm770_doc0p010,train,42,2,cv_evaluation,no_chatter,0,0.001129387,32
turning,cnn_ae,global_mae,2inchStickout_F_08-Jun-2017_rpm320_doc0p015_window_0000,2inchStickout/F_08-Jun-2017_rpm320_doc0p015,train,42,2,cv_evaluation,no_chatter,0,0.0024699706,32
turning,cnn_ae,global_mae,2inchStickout_F_08-Jun-2017_rpm320_doc0p015_window_0001,2inchStickout/F_08-Jun-2017_rpm320_doc0p015,validation,42,2,cv_evaluation,no_chatter,0,0.0024370886,32
turning,cnn_ae,global_mae,2inchStickout_F_08-Jun-2017_rpm320_doc0p015_window_0002,2inchStickout/F_08-Jun-2017_rpm320_doc0p015,train,42,2,cv_evaluation,no_chatter,0,0.0025108552,32
turning,cnn_ae,global_mae,2inchStickout_F_08-Jun-2017_rpm320_doc0p015_window_0003,2inchStickout/F_08-Jun-2017_rpm320_doc0p015,validation,42,2,cv_evaluation,no_chatter,0,0.006157727,32
turning,cnn_ae,global_mae,2inchStickout_F_08-Jun-2017_rpm320_doc0p015_window_0004,2inchStickout/F_08-Jun-2017_rpm320_doc0p015,train,42,2,cv_evaluation,no_chatter,0,0.01160453,32
turning,cnn_ae,global_mae,2inchStickout_F_08-Jun-2017_rpm320_doc0p015_window_0005,2inchStickout/F_08-Jun-2017_rpm320_doc0p015,train,42,2,cv_evaluation,no_chatter,0,0.014286349,32
turning,cnn_ae,global_mae,2inchStickout_F_08-Jun-2017_rpm320_doc0p015_window_0006,2inchStickout/F_08-Jun-2017_rpm320_doc0p015,train,42,2,cv_evaluation,no_chatter,0,0.014221132,32
turning,cnn_ae,global_mae,2inchStickout_F_08-Jun-2017_rpm320_doc0p015_window_0007,2inchStickout/F_08-Jun-2017_rpm320_doc0p015,train,42,2,cv_evaluation,no_chatter,0,0.011141855,32
turning,cnn_ae,global_mae,2inchStickout_F_08-Jun-2017_rpm320_doc0p015_window_0008,2inchStickout/F_08-Jun-2017_rpm320_doc0p015,train,42,2,cv_evaluation,no_chatter,0,0.012467103,32
turning,cnn_ae,global_mae,2inchStickout_F_08-Jun-2017_rpm320_doc0p015_window_0009,2inchStickout/F_08-Jun-2017_rpm320_doc0p015,train,42,2,cv_evaluation,no_chatter,0,0.0141553795,32
turning,cnn_ae,global_mae,2inchStickout_F_08-Jun-2017_rpm320_doc0p015_window_0010,2inchStickout/F_08-Jun-2017_rpm320_doc0p015,train,42,2,cv_evaluation,no_chatter,0,0.011751847,32
turning,cnn_ae,global_mae,2inchStickout_F_08-Jun-2017_rpm320_doc0p015_window_0011,2inchStickout/F_08-Jun-2017_rpm320_doc0p015,train,42,2,cv_evaluation,no_chatter,0,0.011280531,32
turning,cnn_ae,global_mae,2inchStickout_F_08-Jun-2017_rpm320_doc0p015_window_0012,2inchStickout/F_08-Jun-2017_rpm320_doc0p015,train,42,2,cv_evaluation,no_chatter,0,0.011032131,32
turning,cnn_ae,global_mae,2inchStickout_F_08-Jun-2017_rpm320_doc0p015_window_0013,2inchStickout/F_08-Jun-2017_rpm320_doc0p015,validation,42,2,cv_evaluation,no_chatter,0,0.012800623,32
turning,cnn_ae,global_mae,2inchStickout_F_08-Jun-2017_rpm320_doc0p015_window_0014,2inchStickout/F_08-Jun-2017_rpm320_doc0p015,validation,42,2,cv_evaluation,no_chatter,0,0.014110023,32
turning,cnn_ae,global_mae,2inchStickout_F_08-Jun-2017_rpm320_doc0p015_window_0015,2inchStickout/F_08-Jun-2017_rpm320_doc0p015,train,42,2,cv_evaluation,no_chatter,0,0.010779981,32
turning,cnn_ae,global_mae,2inchStickout_F_08-Jun-2017_rpm320_doc0p015_window_0016,2inchStickout/F_08-Jun-2017_rpm320_doc0p015,train,42,2,cv_evaluation,no_chatter,0,0.013071121,32
turning,cnn_ae,global_mae,2inchStickout_F_08-Jun-2017_rpm320_doc0p015_window_0017,2inchStickout/F_08-Jun-2017_rpm320_doc0p015,train,42,2,cv_evaluation,no_chatter,0,0.01092597,32
turning,cnn_ae,global_mae,2inchStickout_F_08-Jun-2017_rpm320_doc0p015_window_0018,2inchStickout/F_08-Jun-2017_rpm320_doc0p015,train,42,2,cv_evaluation,no_chatter,0,0.011700141,32
turning,cnn_ae,global_mae,2inchStickout_F_08-Jun-2017_rpm320_doc0p015_window_0019,2inchStickout/F_08-Jun-2017_rpm320_doc0p015,train,42,2,cv_evaluation,no_chatter,0,0.014373113,32
turning,cnn_ae,global_mae,2inchStickout_F_08-Jun-2017_rpm320_doc0p015_window_0020,2inchStickout/F_08-Jun-2017_rpm320_doc0p015,train,42,2,cv_evaluation,no_chatter,0,0.013241039,32
turning,cnn_ae,global_mae,2inchStickout_F_08-Jun-2017_rpm320_doc0p015_window_0021,2inchStickout/F_08-Jun-2017_rpm320_doc0p015,train,42,2,cv_evaluation,no_chatter,0,0.012611698,32
turning,cnn_ae,global_mae,2inchStickout_F_08-Jun-2017_rpm320_doc0p015_window_0022,2inchStickout/F_08-Jun-2017_rpm320_doc0p015,train,42,2,cv_evaluation,no_chatter,0,0.010435597,32
turning,cnn_ae,global_mae,2inchStickout_F_08-Jun-2017_rpm320_doc0p015_window_0023,2inchStickout/F_08-Jun-2017_rpm320_doc0p015,train,42,2,cv_evaluation,no_chatter,0,0.013985813,32
turning,cnn_ae,global_mae,2inchStickout_F_08-Jun-2017_rpm320_doc0p050_window_0000,2inchStickout/F_08-Jun-2017_rpm320_doc0p050,train,42,2,cv_evaluation,no_chatter,0,0.0028185083,32
turning,cnn_ae,global_mae,2inchStickout_F_08-Jun-2017_rpm320_doc0p050_window_0001,2inchStickout/F_08-Jun-2017_rpm320_doc0p050,train,42,2,cv_evaluation,no_chatter,0,0.002263606,32
turning,cnn_ae,global_mae,2inchStickout_F_08-Jun-2017_rpm320_doc0p050_window_0002,2inchStickout/F_08-Jun-2017_rpm320_doc0p050,train,42,2,cv_evaluation,no_chatter,0,0.0022716823,32
turning,cnn_ae,global_mae,2inchStickout_F_08-Jun-2017_rpm320_doc0p050_window_0003,2inchStickout/F_08-Jun-2017_rpm320_doc0p050,test,42,2,cv_evaluation,no_chatter,0,0.016461823,32
turning,cnn_ae,global_mae,2inchStickout_F_08-Jun-2017_rpm320_doc0p050_window_0004,2inchStickout/F_08-Jun-2017_rpm320_doc0p050,train,42,2,cv_evaluation,no_chatter,0,0.011959087,32
turning,cnn_ae,global_mae,2inchStickout_F_08-Jun-2017_rpm320_doc0p050_window_0005,2inchStickout/F_08-Jun-2017_rpm320_doc0p050,train,42,2,cv_evaluation,no_chatter,0,0.012552642,32
turning,cnn_ae,global_mae,2inchStickout_F_08-Jun-2017_rpm320_doc0p050_window_0006,2inchStickout/F_08-Jun-2017_rpm320_doc0p050,train,42,2,cv_evaluation,no_chatter,0,0.012378198,32
turning,cnn_ae,global_mae,2inchStickout_F_08-Jun-2017_rpm320_doc0p050_window_0007,2inchStickout/F_08-Jun-2017_rpm320_doc0p050,train,42,2,cv_evaluation,no_chatter,0,0.013253253,32
turning,cnn_ae,global_mae,2inchStickout_F_08-Jun-2017_rpm320_doc0p050_window_0008,2inchStickout/F_08-Jun-2017_rpm320_doc0p050,test,42,2,cv_evaluation,no_chatter,0,0.011605341,32
turning,cnn_ae,global_mae,2inchStickout_F_08-Jun-2017_rpm320_doc0p050_window_0009,2inchStickout/F_08-Jun-2017_rpm320_doc0p050,test,42,2,cv_evaluation,no_chatter,0,0.013229869,32
turning,cnn_ae,global_mae,2inchStickout_F_08-Jun-2017_rpm320_doc0p050_window_0010,2inchStickout/F_08-Jun-2017_rpm320_doc0p050,train,42,2,cv_evaluation,no_chatter,0,0.012666582,32
turning,cnn_ae,global_mae,2inchStickout_F_08-Jun-2017_rpm320_doc0p050_window_0011,2inchStickout/F_08-Jun-2017_rpm320_doc0p050,train,42,2,cv_evaluation,no_chatter,0,0.012930349,32
turning,cnn_ae,global_mae,2inchStickout_F_08-Jun-2017_rpm320_doc0p050_window_0012,2inchStickout/F_08-Jun-2017_rpm320_doc0p050,test,42,2,cv_evaluation,no_chatter,0,0.012446713,32
turning,cnn_ae,global_mae,2inchStickout_F_08-Jun-2017_rpm320_doc0p050_window_0013,2inchStickout/F_08-Jun-2017_rpm320_doc0p050,test,42,2,cv_evaluation,no_chatter,0,0.0153136365,32
turning,cnn_ae,global_mae,2inchStickout_F_08-Jun-2017_rpm320_doc0p050_window_0014,2inchStickout/F_08-Jun-2017_rpm320_doc0p050,test,42,2,cv_evaluation,no_chatter,0,0.014962625,32
turning,cnn_ae,global_mae,2inchStickout_F_08-Jun-2017_rpm320_doc0p050_window_0015,2inchStickout/F_08-Jun-2017_rpm320_doc0p050,train,42,2,cv_evaluation,no_chatter,0,0.01758612,32
turning,cnn_ae,global_mae,2inchStickout_F_08-Jun-2017_rpm320_doc0p050_window_0016,2inchStickout/F_08-Jun-2017_rpm320_doc0p050,train,42,2,cv_evaluation,no_chatter,0,0.013374676,32
turning,cnn_ae,global_mae,2inchStickout_F_08-Jun-2017_rpm320_doc0p050_window_0017,2inchStickout/F_08-Jun-2017_rpm320_doc0p050,test,42,2,cv_evaluation,no_chatter,0,0.013555954,32
turning,cnn_ae,global_mae,2inchStickout_F_08-Jun-2017_rpm320_doc0p050_window_0018,2inchStickout/F_08-Jun-2017_rpm320_doc0p050,train,42,2,cv_evaluation,no_chatter,0,0.01538869,32
turning,cnn_ae,global_mae,2inchStickout_F_08-Jun-2017_rpm320_doc0p050_window_0019,2inchStickout/F_08-Jun-2017_rpm320_doc0p050,train,42,2,cv_evaluation,no_chatter,0,0.018585298,32
turning,cnn_ae,global_mae,2inchStickout_F_08-Jun-2017_rpm320_doc0p050_window_0020,2inchStickout/F_08-Jun-2017_rpm320_doc0p050,train,42,2,cv_evaluation,no_chatter,0,0.0124046765,32
turning,cnn_ae,global_mae,2inchStickout_F_08-Jun-2017_rpm320_doc0p050_window_0021,2inchStickout/F_08-Jun-2017_rpm320_doc0p050,train,42,2,cv_evaluation,no_chatter,0,0.013586733,32
turning,cnn_ae,global_mae,2inchStickout_F_08-Jun-2017_rpm320_doc0p050_window_0022,2inchStickout/F_08-Jun-2017_rpm320_doc0p050,test,42,2,cv_evaluation,no_chatter,0,0.0134128025,32
turning,cnn_ae,global_mae,2inchStickout_F_08-Jun-2017_rpm320_doc0p050_window_0023,2inchStickout/F_08-Jun-2017_rpm320_doc0p050,test,42,2,cv_evaluation,no_chatter,0,0.014959379,32
turning,cnn_ae,global_mae,2inchStickout_F_08-Jun-2017_rpm570_doc0p001_window_0000,2inchStickout/F_08-Jun-2017_rpm570_doc0p001,train,42,2,cv_evaluation,no_chatter,0,0.00306537,32
turning,cnn_ae,global_mae,2inchStickout_F_08-Jun-2017_rpm570_doc0p001_window_0001,2inchStickout/F_08-Jun-2017_rpm570_doc0p001,validation,42,2,cv_evaluation,no_chatter,0,0.01157362,32
turning,cnn_ae,global_mae,2inchStickout_F_08-Jun-2017_rpm570_doc0p001_window_0002,2inchStickout/F_08-Jun-2017_rpm570_doc0p001,validation,42,2,cv_evaluation,chatter,1,0.034029018,32
turning,cnn_ae,global_mae,2inchStickout_F_08-Jun-2017_rpm570_doc0p001_window_0003,2inchStickout/F_08-Jun-2017_rpm570_doc0p001,validation,42,2,cv_evaluation,chatter,1,0.04043826,32
turning,cnn_ae,global_mae,2inchStickout_F_08-Jun-2017_rpm570_doc0p001_window_0004,2inchStickout/F_08-Jun-2017_rpm570_doc0p001,validation,42,2,cv_evaluation,chatter,1,0.04337719,32
turning,cnn_ae,global_mae,2inchStickout_F_08-Jun-2017_rpm570_doc0p001_window_0005,2inchStickout/F_08-Jun-2017_rpm570_doc0p001,validation,42,2,cv_evaluation,chatter,1,0.047779415,32
turning,cnn_ae,global_mae,2inchStickout_F_08-Jun-2017_rpm770_doc0p001_window_0000,2inchStickout/F_08-Jun-2017_rpm770_doc0p001,test,42,2,cv_evaluation,no_chatter,0,0.0047744745,32
turning,cnn_ae,global_mae,2inchStickout_F_08-Jun-2017_rpm770_doc0p001_window_0001,2inchStickout/F_08-Jun-2017_rpm770_doc0p001,train,42,2,cv_evaluation,no_chatter,0,0.017544286,32
turning,cnn_ae,global_mae,2inchStickout_F_08-Jun-2017_rpm770_doc0p001_window_0002,2inchStickout/F_08-Jun-2017_rpm770_doc0p001,train,42,2,cv_evaluation,no_chatter,0,0.028393326,32
turning,cnn_ae,global_mae,2inchStickout_F_08-Jun-2017_rpm770_doc0p001_window_0003,2inchStickout/F_08-Jun-2017_rpm770_doc0p001,train,42,2,cv_evaluation,no_chatter,0,0.029846469,32
turning,cnn_ae,global_mae,2inchStickout_F_08-Jun-2017_rpm770_doc0p001_window_0004,2inchStickout/F_08-Jun-2017_rpm770_doc0p001,train,42,2,cv_evaluation,no_chatter,0,0.033004746,32
turning,cnn_ae,global_mae,2inchStickout_F_08-Jun-2017_rpm770_doc0p001_window_0005,2inchStickout/F_08-Jun-2017_rpm770_doc0p001,train,42,2,cv_evaluation,no_chatter,0,0.038208913,32
turning,cnn_ae,global_mae,2inchStickout_F_08-Jun-2017_rpm770_doc0p001_window_0006,2inchStickout/F_08-Jun-2017_rpm770_doc0p001,test,42,2,cv_evaluation,chatter,1,0.047407888,32
turning,cnn_ae,global_mae,2inchStickout_F_08-Jun-2017_rpm770_doc0p001_window_0007,2inchStickout/F_08-Jun-2017_rpm770_doc0p001,test,42,2,cv_evaluation,chatter,1,0.06716002,32
turning,cnn_ae,global_mae,2p5inchStickout_F_12-Jun-2017_rpm570_doc0p003_window_0000,2p5inchStickout/F_12-Jun-2017_rpm570_doc0p003,train,42,2,cv_evaluation,no_chatter,0,0.0041790246,32
turning,cnn_ae,global_mae,2p5inchStickout_F_12-Jun-2017_rpm570_doc0p003_window_0001,2p5inchStickout/F_12-Jun-2017_rpm570_doc0p003,test,42,2,cv_evaluation,no_chatter,0,0.008337126,32
turning,cnn_ae,global_mae,2p5inchStickout_F_12-Jun-2017_rpm570_doc0p003_window_0002,2p5inchStickout/F_12-Jun-2017_rpm570_doc0p003,train,42,2,cv_evaluation,no_chatter,0,0.018359998,32
turning,cnn_ae,global_mae,2p5inchStickout_F_12-Jun-2017_rpm570_doc0p003_window_0003,2p5inchStickout/F_12-Jun-2017_rpm570_doc0p003,train,42,2,cv_evaluation,no_chatter,0,0.024938557,32
turning,cnn_ae,global_mae,2p5inchStickout_F_12-Jun-2017_rpm570_doc0p003_window_0004,2p5inchStickout/F_12-Jun-2017_rpm570_doc0p003,train,42,2,cv_evaluation,no_chatter,0,0.024920225,32
turning,cnn_ae,global_mae,2p5inchStickout_F_12-Jun-2017_rpm570_doc0p003_window_0005,2p5inchStickout/F_12-Jun-2017_rpm570_doc0p003,train,42,2,cv_evaluation,no_chatter,0,0.018718623,32
turning,cnn_ae,global_mae,2p5inchStickout_F_12-Jun-2017_rpm570_doc0p003_window_0006,2p5inchStickout/F_12-Jun-2017_rpm570_doc0p003,train,42,2,cv_evaluation,no_chatter,0,0.019483909,32
turning,cnn_ae,global_mae,2p5inchStickout_F_12-Jun-2017_rpm570_doc0p003_window_0007,2p5inchStickout/F_12-Jun-2017_rpm570_doc0p003,train,42,2,cv_evaluation,no_chatter,0,0.02398814,32
turning,cnn_ae,global_mae,2p5inchStickout_F_12-Jun-2017_rpm570_doc0p003_window_0008,2p5inchStickout/F_12-Jun-2017_rpm570_doc0p003,train,42,2,cv_evaluation,no_chatter,0,0.020150436,32
turning,cnn_ae,global_mae,2p5inchStickout_F_12-Jun-2017_rpm570_doc0p003_window_0009,2p5inchStickout/F_12-Jun-2017_rpm570_doc0p003,train,42,2,cv_evaluation,no_chatter,0,0.019835807,32
turning,cnn_ae,global_mae,2p5inchStickout_F_12-Jun-2017_rpm570_doc0p015_trial2_window_0000,2p5inchStickout/F_12-Jun-2017_rpm570_doc0p015_trial2,train,42,2,cv_evaluation,no_chatter,0,0.0039499816,32
turning,cnn_ae,global_mae,2p5inchStickout_F_12-Jun-2017_rpm570_doc0p015_trial2_window_0001,2p5inchStickout/F_12-Jun-2017_rpm570_doc0p015_trial2,train,42,2,cv_evaluation,no_chatter,0,0.011267457,32
turning,cnn_ae,global_mae,2p5inchStickout_F_12-Jun-2017_rpm570_doc0p015_trial2_window_0002,2p5inchStickout/F_12-Jun-2017_rpm570_doc0p015_trial2,test,42,2,cv_evaluation,chatter,1,0.03664721,32
turning,cnn_ae,global_mae,2p5inchStickout_F_12-Jun-2017_rpm570_doc0p015_trial2_window_0003,2p5inchStickout/F_12-Jun-2017_rpm570_doc0p015_trial2,test,42,2,cv_evaluation,chatter,1,0.058673818,32
turning,cnn_ae,global_mae,2p5inchStickout_F_12-Jun-2017_rpm570_doc0p015_trial2_window_0004,2p5inchStickout/F_12-Jun-2017_rpm570_doc0p015_trial2,test,42,2,cv_evaluation,chatter,1,0.06251458,32
turning,cnn_ae,global_mae,2p5inchStickout_F_12-Jun-2017_rpm570_doc0p015_trial2_window_0005,2p5inchStickout/F_12-Jun-2017_rpm570_doc0p015_trial2,test,42,2,cv_evaluation,chatter,1,0.051697742,32
turning,cnn_ae,global_mae,3p5inchStickout_F_12-Jun-2017_rpm570_doc0p015_window_0000,3p5inchStickout/F_12-Jun-2017_rpm570_doc0p015,train,42,2,cv_evaluation,no_chatter,0,0.0019222302,32
turning,cnn_ae,global_mae,3p5inchStickout_F_12-Jun-2017_rpm570_doc0p015_window_0001,3p5inchStickout/F_12-Jun-2017_rpm570_doc0p015,train,42,2,cv_evaluation,no_chatter,0,0.014092809,32
turning,cnn_ae,global_mae,3p5inchStickout_F_12-Jun-2017_rpm570_doc0p015_window_0002,3p5inchStickout/F_12-Jun-2017_rpm570_doc0p015,train,42,2,cv_evaluation,no_chatter,0,0.022893598,32
turning,cnn_ae,global_mae,3p5inchStickout_F_12-Jun-2017_rpm570_doc0p015_window_0003,3p5inchStickout/F_12-Jun-2017_rpm570_doc0p015,train,42,2,cv_evaluation,no_chatter,0,0.026453841,32
turning,cnn_ae,global_mae,3p5inchStickout_F_12-Jun-2017_rpm570_doc0p015_window_0004,3p5inchStickout/F_12-Jun-2017_rpm570_doc0p015,train,42,2,cv_evaluation,no_chatter,0,0.024136463,32
turning,cnn_ae,global_mae,3p5inchStickout_F_12-Jun-2017_rpm570_doc0p015_window_0005,3p5inchStickout/F_12-Jun-2017_rpm570_doc0p015,train,42,2,cv_evaluation,no_chatter,0,0.02586738,32
turning,cnn_ae,global_mae,3p5inchStickout_F_12-Jun-2017_rpm570_doc0p015_window_0006,3p5inchStickout/F_12-Jun-2017_rpm570_doc0p015,train,42,2,cv_evaluation,no_chatter,0,0.04637444,32
turning,cnn_ae,global_mae,3p5inchStickout_F_12-Jun-2017_rpm570_doc0p015_window_0007,3p5inchStickout/F_12-Jun-2017_rpm570_doc0p015,train,42,2,cv_evaluation,no_chatter,0,0.035726834,32
turning,cnn_ae,global_mae,3p5inchStickout_F_12-Jun-2017_rpm570_doc0p015_window_0008,3p5inchStickout/F_12-Jun-2017_rpm570_doc0p015,train,42,2,cv_evaluation,no_chatter,0,0.030190706,32
turning,cnn_ae,global_mae,3p5inchStickout_F_12-Jun-2017_rpm570_doc0p015_window_0009,3p5inchStickout/F_12-Jun-2017_rpm570_doc0p015,train,42,2,cv_evaluation,no_chatter,0,0.028974338,32
turning,cnn_ae,global_mae,3p5inchStickout_F_12-Jun-2017_rpm570_doc0p030_window_0000,3p5inchStickout/F_12-Jun-2017_rpm570_doc0p030,train,42,2,cv_evaluation,no_chatter,0,0.0023113396,32
turning,cnn_ae,global_mae,3p5inchStickout_F_12-Jun-2017_rpm570_doc0p030_window_0001,3p5inchStickout/F_12-Jun-2017_rpm570_doc0p030,test,42,2,cv_evaluation,no_chatter,0,0.0020751455,32
turning,cnn_ae,global_mae,3p5inchStickout_F_12-Jun-2017_rpm570_doc0p030_window_0002,3p5inchStickout/F_12-Jun-2017_rpm570_doc0p030,train,42,2,cv_evaluation,no_chatter,0,0.018587843,32
turning,cnn_ae,global_mae,3p5inchStickout_F_12-Jun-2017_rpm570_doc0p030_window_0003,3p5inchStickout/F_12-Jun-2017_rpm570_doc0p030,train,42,2,cv_evaluation,no_chatter,0,0.01900479,32
turning,cnn_ae,global_mae,3p5inchStickout_F_12-Jun-2017_rpm570_doc0p030_window_0004,3p5inchStickout/F_12-Jun-2017_rpm570_doc0p030,train,42,2,cv_evaluation,no_chatter,0,0.021312065,32
turning,cnn_ae,global_mae,3p5inchStickout_F_12-Jun-2017_rpm570_doc0p030_window_0005,3p5inchStickout/F_12-Jun-2017_rpm570_doc0p030,train,42,2,cv_evaluation,no_chatter,0,0.02473751,32
turning,cnn_ae,global_mae,3p5inchStickout_F_12-Jun-2017_rpm570_doc0p030_window_0006,3p5inchStickout/F_12-Jun-2017_rpm570_doc0p030,train,42,2,cv_evaluation,no_chatter,0,0.020909676,32
turning,cnn_ae,global_mae,3p5inchStickout_F_12-Jun-2017_rpm570_doc0p030_window_0007,3p5inchStickout/F_12-Jun-2017_rpm570_doc0p030,train,42,2,cv_evaluation,no_chatter,0,0.02358438,32
turning,cnn_ae,global_mae,3p5inchStickout_F_12-Jun-2017_rpm570_doc0p030_window_0008,3p5inchStickout/F_12-Jun-2017_rpm570_doc0p030,train,42,2,cv_evaluation,no_chatter,0,0.035157483,32
turning,cnn_ae,global_mae,3p5inchStickout_F_12-Jun-2017_rpm570_doc0p030_window_0009,3p5inchStickout/F_12-Jun-2017_rpm570_doc0p030,test,42,2,cv_evaluation,no_chatter,0,0.034582123,32
turning,cnn_ae,global_mae,3p5inchStickout_F_14-Jun-2017_rpm770_doc0p008_window_0000,3p5inchStickout/F_14-Jun-2017_rpm770_doc0p008,train,42,2,cv_evaluation,no_chatter,0,0.0031079173,32
turning,cnn_ae,global_mae,3p5inchStickout_F_14-Jun-2017_rpm770_doc0p008_window_0001,3p5inchStickout/F_14-Jun-2017_rpm770_doc0p008,train,42,2,cv_evaluation,no_chatter,0,0.008764389,32
turning,cnn_ae,global_mae,3p5inchStickout_F_14-Jun-2017_rpm770_doc0p008_window_0002,3p5inchStickout/F_14-Jun-2017_rpm770_doc0p008,train,42,2,cv_evaluation,no_chatter,0,0.022767194,32
turning,cnn_ae,global_mae,3p5inchStickout_F_14-Jun-2017_rpm770_doc0p008_window_0003,3p5inchStickout/F_14-Jun-2017_rpm770_doc0p008,test,42,2,cv_evaluation,no_chatter,0,0.020513168,32
turning,cnn_ae,global_mae,3p5inchStickout_F_14-Jun-2017_rpm770_doc0p015_window_0000,3p5inchStickout/F_14-Jun-2017_rpm770_doc0p015,validation,42,2,cv_evaluation,no_chatter,0,0.003136194,32
turning,cnn_ae,global_mae,3p5inchStickout_F_14-Jun-2017_rpm770_doc0p015_window_0001,3p5inchStickout/F_14-Jun-2017_rpm770_doc0p015,train,42,2,cv_evaluation,no_chatter,0,0.01100826,32
turning,cnn_ae,global_mae,3p5inchStickout_F_14-Jun-2017_rpm770_doc0p015_window_0002,3p5inchStickout/F_14-Jun-2017_rpm770_doc0p015,train,42,2,cv_evaluation,no_chatter,0,0.036777947,32
turning,cnn_ae,global_mae,3p5inchStickout_F_14-Jun-2017_rpm770_doc0p015_window_0003,3p5inchStickout/F_14-Jun-2017_rpm770_doc0p015,validation,42,2,cv_evaluation,no_chatter,0,0.041150704,32
turning,cnn_ae,global_mae,4p5inchStickout_F_12-Jun-2017_rpm570_doc0p005_window_0000,4p5inchStickout/F_12-Jun-2017_rpm570_doc0p005,validation,42,2,cv_evaluation,no_chatter,0,0.0021668668,32
turning,cnn_ae,global_mae,4p5inchStickout_F_12-Jun-2017_rpm570_doc0p005_window_0001,4p5inchStickout/F_12-Jun-2017_rpm570_doc0p005,train,42,2,cv_evaluation,no_chatter,0,0.0021809232,32
turning,cnn_ae,global_mae,4p5inchStickout_F_12-Jun-2017_rpm570_doc0p005_window_0002,4p5inchStickout/F_12-Jun-2017_rpm570_doc0p005,validation,42,2,cv_evaluation,no_chatter,0,0.002104825,32
turning,cnn_ae,global_mae,4p5inchStickout_F_12-Jun-2017_rpm570_doc0p005_window_0003,4p5inchStickout/F_12-Jun-2017_rpm570_doc0p005,train,42,2,cv_evaluation,no_chatter,0,0.0019671167,32
turning,cnn_ae,global_mae,4p5inchStickout_F_12-Jun-2017_rpm570_doc0p005_window_0004,4p5inchStickout/F_12-Jun-2017_rpm570_doc0p005,train,42,2,cv_evaluation,no_chatter,0,0.0019353898,32
turning,cnn_ae,global_mae,4p5inchStickout_F_12-Jun-2017_rpm570_doc0p005_window_0005,4p5inchStickout/F_12-Jun-2017_rpm570_doc0p005,validation,42,2,cv_evaluation,no_chatter,0,0.013099991,32
turning,cnn_ae,global_mae,4p5inchStickout_F_12-Jun-2017_rpm570_doc0p005_window_0006,4p5inchStickout/F_12-Jun-2017_rpm570_doc0p005,train,42,2,cv_evaluation,no_chatter,0,0.018741323,32
turning,cnn_ae,global_mae,4p5inchStickout_F_12-Jun-2017_rpm570_doc0p005_window_0007,4p5inchStickout/F_12-Jun-2017_rpm570_doc0p005,train,42,2,cv_evaluation,no_chatter,0,0.018716814,32
turning,cnn_ae,global_mae,4p5inchStickout_F_12-Jun-2017_rpm570_doc0p005_window_0008,4p5inchStickout/F_12-Jun-2017_rpm570_doc0p005,train,42,2,cv_evaluation,no_chatter,0,0.018940305,32
turning,cnn_ae,global_mae,4p5inchStickout_F_12-Jun-2017_rpm570_doc0p005_window_0009,4p5inchStickout/F_12-Jun-2017_rpm570_doc0p005,train,42,2,cv_evaluation,no_chatter,0,0.020961456,32
turning,cnn_ae,global_mae,4p5inchStickout_F_12-Jun-2017_rpm570_doc0p005_window_0010,4p5inchStickout/F_12-Jun-2017_rpm570_doc0p005,train,42,2,cv_evaluation,no_chatter,0,0.02191886,32
turning,cnn_ae,global_mae,4p5inchStickout_F_12-Jun-2017_rpm570_doc0p005_window_0011,4p5inchStickout/F_12-Jun-2017_rpm570_doc0p005,train,42,2,cv_evaluation,no_chatter,0,0.019406203,32
turning,cnn_ae,global_mae,4p5inchStickout_F_13-Jun-2017_rpm1030_doc0p007_window_0000,4p5inchStickout/F_13-Jun-2017_rpm1030_doc0p007,train,42,2,cv_evaluation,no_chatter,0,0.0029746369,32
turning,cnn_ae,global_mae,4p5inchStickout_F_13-Jun-2017_rpm1030_doc0p007_window_0001,4p5inchStickout/F_13-Jun-2017_rpm1030_doc0p007,train,42,2,cv_evaluation,no_chatter,0,0.019373236,32
turning,cnn_ae,global_mae,4p5inchStickout_F_13-Jun-2017_rpm1030_doc0p007_window_0002,4p5inchStickout/F_13-Jun-2017_rpm1030_doc0p007,train,42,2,cv_evaluation,no_chatter,0,0.021074664,32
turning,cnn_ae,global_mae,4p5inchStickout_F_13-Jun-2017_rpm1030_doc0p007_window_0003,4p5inchStickout/F_13-Jun-2017_rpm1030_doc0p007,train,42,2,cv_evaluation,no_chatter,0,0.024736822,32
turning,cnn_ae,global_mae,4p5inchStickout_F_13-Jun-2017_rpm770_doc0p010_window_0000,4p5inchStickout/F_13-Jun-2017_rpm770_doc0p010,train,42,2,cv_evaluation,no_chatter,0,0.002198724,32
turning,cnn_ae,global_mae,4p5inchStickout_F_13-Jun-2017_rpm770_doc0p010_window_0001,4p5inchStickout/F_13-Jun-2017_rpm770_doc0p010,train,42,2,cv_evaluation,no_chatter,0,0.0024441434,32
turning,cnn_ae,global_mae,4p5inchStickout_F_13-Jun-2017_rpm770_doc0p010_window_0002,4p5inchStickout/F_13-Jun-2017_rpm770_doc0p010,train,42,2,cv_evaluation,no_chatter,0,0.019294325,32
turning,cnn_ae,global_mae,4p5inchStickout_F_13-Jun-2017_rpm770_doc0p010_window_0003,4p5inchStickout/F_13-Jun-2017_rpm770_doc0p010,test,42,2,cv_evaluation,no_chatter,0,0.022438144,32
turning,cnn_ae,global_mae,4p5inchStickout_F_13-Jun-2017_rpm770_doc0p010_window_0004,4p5inchStickout/F_13-Jun-2017_rpm770_doc0p010,train,42,2,cv_evaluation,no_chatter,0,0.022064708,32
turning,cnn_ae,global_mae,4p5inchStickout_F_13-Jun-2017_rpm770_doc0p010_window_0005,4p5inchStickout/F_13-Jun-2017_rpm770_doc0p010,train,42,2,cv_evaluation,no_chatter,0,0.021316059,32
turning,cnn_ae,ver_max,2inchStickout_F_08-Jun-2017_rpm320_doc0p015_window_0000,2inchStickout/F_08-Jun-2017_rpm320_doc0p015,train,42,2,cv_evaluation,no_chatter,0,0.00012066095,32
turning,cnn_ae,ver_max,2inchStickout_F_08-Jun-2017_rpm320_doc0p015_window_0001,2inchStickout/F_08-Jun-2017_rpm320_doc0p015,validation,42,2,cv_evaluation,no_chatter,0,0.00011627462,32
turning,cnn_ae,ver_max,2inchStickout_F_08-Jun-2017_rpm320_doc0p015_window_0002,2inchStickout/F_08-Jun-2017_rpm320_doc0p015,train,42,2,cv_evaluation,no_chatter,0,0.00011120918,32
turning,cnn_ae,ver_max,2inchStickout_F_08-Jun-2017_rpm320_doc0p015_window_0003,2inchStickout/F_08-Jun-2017_rpm320_doc0p015,validation,42,2,cv_evaluation,no_chatter,0,0.0007260478,32
turning,cnn_ae,ver_max,2inchStickout_F_08-Jun-2017_rpm320_doc0p015_window_0004,2inchStickout/F_08-Jun-2017_rpm320_doc0p015,train,42,2,cv_evaluation,no_chatter,0,0.000822031,32
turning,cnn_ae,ver_max,2inchStickout_F_08-Jun-2017_rpm320_doc0p015_window_0005,2inchStickout/F_08-Jun-2017_rpm320_doc0p015,train,42,2,cv_evaluation,no_chatter,0,0.0011365062,32
turning,cnn_ae,ver_max,2inchStickout_F_08-Jun-2017_rpm320_doc0p015_window_0006,2inchStickout/F_08-Jun-2017_rpm320_doc0p015,train,42,2,cv_evaluation,no_chatter,0,0.00094644906,32
turning,cnn_ae,ver_max,2inchStickout_F_08-Jun-2017_rpm320_doc0p015_window_0007,2inchStickout/F_08-Jun-2017_rpm320_doc0p015,train,42,2,cv_evaluation,no_chatter,0,0.0006055084,32
turning,cnn_ae,ver_max,2inchStickout_F_08-Jun-2017_rpm320_doc0p015_window_0008,2inchStickout/F_08-Jun-2017_rpm320_doc0p015,train,42,2,cv_evaluation,no_chatter,0,0.0006919778,32
turning,cnn_ae,ver_max,2inchStickout_F_08-Jun-2017_rpm320_doc0p015_window_0009,2inchStickout/F_08-Jun-2017_rpm320_doc0p015,train,42,2,cv_evaluation,no_chatter,0,0.00078438176,32
turning,cnn_ae,ver_max,2inchStickout_F_08-Jun-2017_rpm320_doc0p015_window_0010,2inchStickout/F_08-Jun-2017_rpm320_doc0p015,train,42,2,cv_evaluation,no_chatter,0,0.00056048814,32
turning,cnn_ae,ver_max,2inchStickout_F_08-Jun-2017_rpm320_doc0p015_window_0011,2inchStickout/F_08-Jun-2017_rpm320_doc0p015,train,42,2,cv_evaluation,no_chatter,0,0.0005539928,32
turning,cnn_ae,ver_max,2inchStickout_F_08-Jun-2017_rpm320_doc0p015_window_0012,2inchStickout/F_08-Jun-2017_rpm320_doc0p015,train,42,2,cv_evaluation,no_chatter,0,0.00056999474,32
turning,cnn_ae,ver_max,2inchStickout_F_08-Jun-2017_rpm320_doc0p015_window_0013,2inchStickout/F_08-Jun-2017_rpm320_doc0p015,validation,42,2,cv_evaluation,no_chatter,0,0.00067626697,32
turning,cnn_ae,ver_max,2inchStickout_F_08-Jun-2017_rpm320_doc0p015_window_0014,2inchStickout/F_08-Jun-2017_rpm320_doc0p015,validation,42,2,cv_evaluation,no_chatter,0,0.0009706648,32
turning,cnn_ae,ver_max,2inchStickout_F_08-Jun-2017_rpm320_doc0p015_window_0015,2inchStickout/F_08-Jun-2017_rpm320_doc0p015,train,42,2,cv_evaluation,no_chatter,0,0.00067682,32
turning,cnn_ae,ver_max,2inchStickout_F_08-Jun-2017_rpm320_doc0p015_window_0016,2inchStickout/F_08-Jun-2017_rpm320_doc0p015,train,42,2,cv_evaluation,no_chatter,0,0.000913833,32
turning,cnn_ae,ver_max,2inchStickout_F_08-Jun-2017_rpm320_doc0p015_window_0017,2inchStickout/F_08-Jun-2017_rpm320_doc0p015,train,42,2,cv_evaluation,no_chatter,0,0.00053534296,32
turning,cnn_ae,ver_max,2inchStickout_F_08-Jun-2017_rpm320_doc0p015_window_0018,2inchStickout/F_08-Jun-2017_rpm320_doc0p015,train,42,2,cv_evaluation,no_chatter,0,0.00055491884,32
turning,cnn_ae,ver_max,2inchStickout_F_08-Jun-2017_rpm320_doc0p015_window_0019,2inchStickout/F_08-Jun-2017_rpm320_doc0p015,train,42,2,cv_evaluation,no_chatter,0,0.0012737751,32
turning,cnn_ae,ver_max,2inchStickout_F_08-Jun-2017_rpm320_doc0p015_window_0020,2inchStickout/F_08-Jun-2017_rpm320_doc0p015,train,42,2,cv_evaluation,no_chatter,0,0.0008076622,32
turning,cnn_ae,ver_max,2inchStickout_F_08-Jun-2017_rpm320_doc0p015_window_0021,2inchStickout/F_08-Jun-2017_rpm320_doc0p015,train,42,2,cv_evaluation,no_chatter,0,0.00076945475,32
turning,cnn_ae,ver_max,2inchStickout_F_08-Jun-2017_rpm320_doc0p015_window_0022,2inchStickout/F_08-Jun-2017_rpm320_doc0p015,train,42,2,cv_evaluation,no_chatter,0,0.00062622665,32
turning,cnn_ae,ver_max,2inchStickout_F_08-Jun-2017_rpm320_doc0p015_window_0023,2inchStickout/F_08-Jun-2017_rpm320_doc0p015,train,42,2,cv_evaluation,no_chatter,0,0.0010573209,32
turning,cnn_ae,ver_max,2inchStickout_F_08-Jun-2017_rpm320_doc0p050_window_0000,2inchStickout/F_08-Jun-2017_rpm320_doc0p050,train,42,2,cv_evaluation,no_chatter,0,0.0001805025,32
turning,cnn_ae,ver_max,2inchStickout_F_08-Jun-2017_rpm320_doc0p050_window_0001,2inchStickout/F_08-Jun-2017_rpm320_doc0p050,train,42,2,cv_evaluation,no_chatter,0,9.555707e-05,32
turning,cnn_ae,ver_max,2inchStickout_F_08-Jun-2017_rpm320_doc0p050_window_0002,2inchStickout/F_08-Jun-2017_rpm320_doc0p050,train,42,2,cv_evaluation,no_chatter,0,8.955081e-05,32
turning,cnn_ae,ver_max,2inchStickout_F_08-Jun-2017_rpm320_doc0p050_window_0003,2inchStickout/F_08-Jun-2017_rpm320_doc0p050,test,42,2,cv_evaluation,no_chatter,0,0.0030949411,32
turning,cnn_ae,ver_max,2inchStickout_F_08-Jun-2017_rpm320_doc0p050_window_0004,2inchStickout/F_08-Jun-2017_rpm320_doc0p050,train,42,2,cv_evaluation,no_chatter,0,0.0006264261,32
turning,cnn_ae,ver_max,2inchStickout_F_08-Jun-2017_rpm320_doc0p050_window_0005,2inchStickout/F_08-Jun-2017_rpm320_doc0p050,train,42,2,cv_evaluation,no_chatter,0,0.0006257226,32
turning,cnn_ae,ver_max,2inchStickout_F_08-Jun-2017_rpm320_doc0p050_window_0006,2inchStickout/F_08-Jun-2017_rpm320_doc0p050,train,42,2,cv_evaluation,no_chatter,0,0.0006081624,32
turning,cnn_ae,ver_max,2inchStickout_F_08-Jun-2017_rpm320_doc0p050_window_0007,2inchStickout/F_08-Jun-2017_rpm320_doc0p050,train,42,2,cv_evaluation,no_chatter,0,0.00091166655,32
turning,cnn_ae,ver_max,2inchStickout_F_08-Jun-2017_rpm320_doc0p050_window_0008,2inchStickout/F_08-Jun-2017_rpm320_doc0p050,test,42,2,cv_evaluation,no_chatter,0,0.0005762965,32
turning,cnn_ae,ver_max,2inchStickout_F_08-Jun-2017_rpm320_doc0p050_window_0009,2inchStickout/F_08-Jun-2017_rpm320_doc0p050,test,42,2,cv_evaluation,no_chatter,0,0.00095317344,32
turning,cnn_ae,ver_max,2inchStickout_F_08-Jun-2017_rpm320_doc0p050_window_0010,2inchStickout/F_08-Jun-2017_rpm320_doc0p050,train,42,2,cv_evaluation,no_chatter,0,0.00083853607,32
turning,cnn_ae,ver_max,2inchStickout_F_08-Jun-2017_rpm320_doc0p050_window_0011,2inchStickout/F_08-Jun-2017_rpm320_doc0p050,train,42,2,cv_evaluation,no_chatter,0,0.00073219364,32
turning,cnn_ae,ver_max,2inchStickout_F_08-Jun-2017_rpm320_doc0p050_window_0012,2inchStickout/F_08-Jun-2017_rpm320_doc0p050,test,42,2,cv_evaluation,no_chatter,0,0.0006677138,32
turning,cnn_ae,ver_max,2inchStickout_F_08-Jun-2017_rpm320_doc0p050_window_0013,2inchStickout/F_08-Jun-2017_rpm320_doc0p050,test,42,2,cv_evaluation,no_chatter,0,0.0011808957,32
turning,cnn_ae,ver_max,2inchStickout_F_08-Jun-2017_rpm320_doc0p050_window_0014,2inchStickout/F_08-Jun-2017_rpm320_doc0p050,test,42,2,cv_evaluation,no_chatter,0,0.0009424218,32
turning,cnn_ae,ver_max,2inchStickout_F_08-Jun-2017_rpm320_doc0p050_window_0015,2inchStickout/F_08-Jun-2017_rpm320_doc0p050,train,42,2,cv_evaluation,no_chatter,0,0.0013404014,32
turning,cnn_ae,ver_max,2inchStickout_F_08-Jun-2017_rpm320_doc0p050_window_0016,2inchStickout/F_08-Jun-2017_rpm320_doc0p050,train,42,2,cv_evaluation,no_chatter,0,0.0008923466,32
turning,cnn_ae,ver_max,2inchStickout_F_08-Jun-2017_rpm320_doc0p050_window_0017,2inchStickout/F_08-Jun-2017_rpm320_doc0p050,test,42,2,cv_evaluation,no_chatter,0,0.0008203334,32
turning,cnn_ae,ver_max,2inchStickout_F_08-Jun-2017_rpm320_doc0p050_window_0018,2inchStickout/F_08-Jun-2017_rpm320_doc0p050,train,42,2,cv_evaluation,no_chatter,0,0.0009797713,32
turning,cnn_ae,ver_max,2inchStickout_F_08-Jun-2017_rpm320_doc0p050_window_0019,2inchStickout/F_08-Jun-2017_rpm320_doc0p050,train,42,2,cv_evaluation,no_chatter,0,0.0015732476,32
turning,cnn_ae,ver_max,2inchStickout_F_08-Jun-2017_rpm320_doc0p050_window_0020,2inchStickout/F_08-Jun-2017_rpm320_doc0p050,train,42,2,cv_evaluation,no_chatter,0,0.0006632774,32
turning,cnn_ae,ver_max,2inchStickout_F_08-Jun-2017_rpm320_doc0p050_window_0021,2inchStickout/F_08-Jun-2017_rpm320_doc0p050,train,42,2,cv_evaluation,no_chatter,0,0.00075190596,32
turning,cnn_ae,ver_max,2inchStickout_F_08-Jun-2017_rpm320_doc0p050_window_0022,2inchStickout/F_08-Jun-2017_rpm320_doc0p050,test,42,2,cv_evaluation,no_chatter,0,0.0007643222,32
turning,cnn_ae,ver_max,2inchStickout_F_08-Jun-2017_rpm320_doc0p050_window_0023,2inchStickout/F_08-Jun-2017_rpm320_doc0p050,test,42,2,cv_evaluation,no_chatter,0,0.0014326368,32
turning,cnn_ae,ver_max,2inchStickout_F_08-Jun-2017_rpm570_doc0p001_window_0000,2inchStickout/F_08-Jun-2017_rpm570_doc0p001,train,42,2,cv_evaluation,no_chatter,0,0.00014786902,32
turning,cnn_ae,ver_max,2inchStickout_F_08-Jun-2017_rpm570_doc0p001_window_0001,2inchStickout/F_08-Jun-2017_rpm570_doc0p001,validation,42,2,cv_evaluation,no_chatter,0,0.0018499027,32
turning,cnn_ae,ver_max,2inchStickout_F_08-Jun-2017_rpm570_doc0p001_window_0002,2inchStickout/F_08-Jun-2017_rpm570_doc0p001,validation,42,2,cv_evaluation,chatter,1,0.0040453305,32
turning,cnn_ae,ver_max,2inchStickout_F_08-Jun-2017_rpm570_doc0p001_window_0003,2inchStickout/F_08-Jun-2017_rpm570_doc0p001,validation,42,2,cv_evaluation,chatter,1,0.0053469785,32
turning,cnn_ae,ver_max,2inchStickout_F_08-Jun-2017_rpm570_doc0p001_window_0004,2inchStickout/F_08-Jun-2017_rpm570_doc0p001,validation,42,2,cv_evaluation,chatter,1,0.0063937777,32
turning,cnn_ae,ver_max,2inchStickout_F_08-Jun-2017_rpm570_doc0p001_window_0005,2inchStickout/F_08-Jun-2017_rpm570_doc0p001,validation,42,2,cv_evaluation,chatter,1,0.010920538,32
turning,cnn_ae,ver_max,2inchStickout_F_08-Jun-2017_rpm770_doc0p001_window_0000,2inchStickout/F_08-Jun-2017_rpm770_doc0p001,test,42,2,cv_evaluation,no_chatter,0,0.00028884495,32
turning,cnn_ae,ver_max,2inchStickout_F_08-Jun-2017_rpm770_doc0p001_window_0001,2inchStickout/F_08-Jun-2017_rpm770_doc0p001,train,42,2,cv_evaluation,no_chatter,0,0.0028959059,32
turning,cnn_ae,ver_max,2inchStickout_F_08-Jun-2017_rpm770_doc0p001_window_0002,2inchStickout/F_08-Jun-2017_rpm770_doc0p001,train,42,2,cv_evaluation,no_chatter,0,0.0036479568,32
turning,cnn_ae,ver_max,2inchStickout_F_08-Jun-2017_rpm770_doc0p001_window_0003,2inchStickout/F_08-Jun-2017_rpm770_doc0p001,train,42,2,cv_evaluation,no_chatter,0,0.0037432977,32
turning,cnn_ae,ver_max,2inchStickout_F_08-Jun-2017_rpm770_doc0p001_window_0004,2inchStickout/F_08-Jun-2017_rpm770_doc0p001,train,42,2,cv_evaluation,no_chatter,0,0.0043274183,32
turning,cnn_ae,ver_max,2inchStickout_F_08-Jun-2017_rpm770_doc0p001_window_0005,2inchStickout/F_08-Jun-2017_rpm770_doc0p001,train,42,2,cv_evaluation,no_chatter,0,0.006097261,32
turning,cnn_ae,ver_max,2inchStickout_F_08-Jun-2017_rpm770_doc0p001_window_0006,2inchStickout/F_08-Jun-2017_rpm770_doc0p001,test,42,2,cv_evaluation,chatter,1,0.007886579,32
turning,cnn_ae,ver_max,2inchStickout_F_08-Jun-2017_rpm770_doc0p001_window_0007,2inchStickout/F_08-Jun-2017_rpm770_doc0p001,test,42,2,cv_evaluation,chatter,1,0.013470865,32
turning,cnn_ae,ver_max,2p5inchStickout_F_12-Jun-2017_rpm570_doc0p003_window_0000,2p5inchStickout/F_12-Jun-2017_rpm570_doc0p003,train,42,2,cv_evaluation,no_chatter,0,0.00037213025,32
turning,cnn_ae,ver_max,2p5inchStickout_F_12-Jun-2017_rpm570_doc0p003_window_0001,2p5inchStickout/F_12-Jun-2017_rpm570_doc0p003,test,42,2,cv_evaluation,no_chatter,0,0.0012320299,32
turning,cnn_ae,ver_max,2p5inchStickout_F_12-Jun-2017_rpm570_doc0p003_window_0002,2p5inchStickout/F_12-Jun-2017_rpm570_doc0p003,train,42,2,cv_evaluation,no_chatter,0,0.0013218166,32
turning,cnn_ae,ver_max,2p5inchStickout_F_12-Jun-2017_rpm570_doc0p003_window_0003,2p5inchStickout/F_12-Jun-2017_rpm570_doc0p003,train,42,2,cv_evaluation,no_chatter,0,0.0042100707,32
turning,cnn_ae,ver_max,2p5inchStickout_F_12-Jun-2017_rpm570_doc0p003_window_0004,2p5inchStickout/F_12-Jun-2017_rpm570_doc0p003,train,42,2,cv_evaluation,no_chatter,0,0.0024820927,32
turning,cnn_ae,ver_max,2p5inchStickout_F_12-Jun-2017_rpm570_doc0p003_window_0005,2p5inchStickout/F_12-Jun-2017_rpm570_doc0p003,train,42,2,cv_evaluation,no_chatter,0,0.0012307644,32
turning,cnn_ae,ver_max,2p5inchStickout_F_12-Jun-2017_rpm570_doc0p003_window_0006,2p5inchStickout/F_12-Jun-2017_rpm570_doc0p003,train,42,2,cv_evaluation,no_chatter,0,0.0015158067,32
turning,cnn_ae,ver_max,2p5inchStickout_F_12-Jun-2017_rpm570_doc0p003_window_0007,2p5inchStickout/F_12-Jun-2017_rpm570_doc0p003,train,42,2,cv_evaluation,no_chatter,0,0.003726626,32
turning,cnn_ae,ver_max,2p5inchStickout_F_12-Jun-2017_rpm570_doc0p003_window_0008,2p5inchStickout/F_12-Jun-2017_rpm570_doc0p003,train,42,2,cv_evaluation,no_chatter,0,0.0032120564,32
turning,cnn_ae,ver_max,2p5inchStickout_F_12-Jun-2017_rpm570_doc0p003_window_0009,2p5inchStickout/F_12-Jun-2017_rpm570_doc0p003,train,42,2,cv_evaluation,no_chatter,0,0.0016864196,32
turning,cnn_ae,ver_max,2p5inchStickout_F_12-Jun-2017_rpm570_doc0p015_trial2_window_0000,2p5inchStickout/F_12-Jun-2017_rpm570_doc0p015_trial2,train,42,2,cv_evaluation,no_chatter,0,0.00035628548,32
turning,cnn_ae,ver_max,2p5inchStickout_F_12-Jun-2017_rpm570_doc0p015_trial2_window_0001,2p5inchStickout/F_12-Jun-2017_rpm570_doc0p015_trial2,train,42,2,cv_evaluation,no_chatter,0,0.0015406227,32
turning,cnn_ae,ver_max,2p5inchStickout_F_12-Jun-2017_rpm570_doc0p015_trial2_window_0002,2p5inchStickout/F_12-Jun-2017_rpm570_doc0p015_trial2,test,42,2,cv_evaluation,chatter,1,0.008052274,32
turning,cnn_ae,ver_max,2p5inchStickout_F_12-Jun-2017_rpm570_doc0p015_trial2_window_0003,2p5inchStickout/F_12-Jun-2017_rpm570_doc0p015_trial2,test,42,2,cv_evaluation,chatter,1,0.013947801,32
turning,cnn_ae,ver_max,2p5inchStickout_F_12-Jun-2017_rpm570_doc0p015_trial2_window_0004,2p5inchStickout/F_12-Jun-2017_rpm570_doc0p015_trial2,test,42,2,cv_evaluation,chatter,1,0.016742365,32
turning,cnn_ae,ver_max,2p5inchStickout_F_12-Jun-2017_rpm570_doc0p015_trial2_window_0005,2p5inchStickout/F_12-Jun-2017_rpm570_doc0p015_trial2,test,42,2,cv_evaluation,chatter,1,0.013978783,32
turning,cnn_ae,ver_max,3p5inchStickout_F_12-Jun-2017_rpm570_doc0p015_window_0000,3p5inchStickout/F_12-Jun-2017_rpm570_doc0p015,train,42,2,cv_evaluation,no_chatter,0,7.718053e-05,32
turning,cnn_ae,ver_max,3p5inchStickout_F_12-Jun-2017_rpm570_doc0p015_window_0001,3p5inchStickout/F_12-Jun-2017_rpm570_doc0p015,train,42,2,cv_evaluation,no_chatter,0,0.0020122726,32
turning,cnn_ae,ver_max,3p5inchStickout_F_12-Jun-2017_rpm570_doc0p015_window_0002,3p5inchStickout/F_12-Jun-2017_rpm570_doc0p015,train,42,2,cv_evaluation,no_chatter,0,0.0027208088,32
turning,cnn_ae,ver_max,3p5inchStickout_F_12-Jun-2017_rpm570_doc0p015_window_0003,3p5inchStickout/F_12-Jun-2017_rpm570_doc0p015,train,42,2,cv_evaluation,no_chatter,0,0.002760894,32
turning,cnn_ae,ver_max,3p5inchStickout_F_12-Jun-2017_rpm570_doc0p015_window_0004,3p5inchStickout/F_12-Jun-2017_rpm570_doc0p015,train,42,2,cv_evaluation,no_chatter,0,0.0021954195,32
turning,cnn_ae,ver_max,3p5inchStickout_F_12-Jun-2017_rpm570_doc0p015_window_0005,3p5inchStickout/F_12-Jun-2017_rpm570_doc0p015,train,42,2,cv_evaluation,no_chatter,0,0.0033875317,32
turning,cnn_ae,ver_max,3p5inchStickout_F_12-Jun-2017_rpm570_doc0p015_window_0006,3p5inchStickout/F_12-Jun-2017_rpm570_doc0p015,train,42,2,cv_evaluation,no_chatter,0,0.008852857,32
turning,cnn_ae,ver_max,3p5inchStickout_F_12-Jun-2017_rpm570_doc0p015_window_0007,3p5inchStickout/F_12-Jun-2017_rpm570_doc0p015,train,42,2,cv_evaluation,no_chatter,0,0.007806688,32
turning,cnn_ae,ver_max,3p5inchStickout_F_12-Jun-2017_rpm570_doc0p015_window_0008,3p5inchStickout/F_12-Jun-2017_rpm570_doc0p015,train,42,2,cv_evaluation,no_chatter,0,0.006192231,32
turning,cnn_ae,ver_max,3p5inchStickout_F_12-Jun-2017_rpm570_doc0p015_window_0009,3p5inchStickout/F_12-Jun-2017_rpm570_doc0p015,train,42,2,cv_evaluation,no_chatter,0,0.0061120964,32
turning,cnn_ae,ver_max,3p5inchStickout_F_12-Jun-2017_rpm570_doc0p030_window_0000,3p5inchStickout/F_12-Jun-2017_rpm570_doc0p030,train,42,2,cv_evaluation,no_chatter,0,0.000107074186,32
turning,cnn_ae,ver_max,3p5inchStickout_F_12-Jun-2017_rpm570_doc0p030_window_0001,3p5inchStickout/F_12-Jun-2017_rpm570_doc0p030,test,42,2,cv_evaluation,no_chatter,0,7.518238e-05,32
turning,cnn_ae,ver_max,3p5inchStickout_F_12-Jun-2017_rpm570_doc0p030_window_0002,3p5inchStickout/F_12-Jun-2017_rpm570_doc0p030,train,42,2,cv_evaluation,no_chatter,0,0.002325667,32
turning,cnn_ae,ver_max,3p5inchStickout_F_12-Jun-2017_rpm570_doc0p030_window_0003,3p5inchStickout/F_12-Jun-2017_rpm570_doc0p030,train,42,2,cv_evaluation,no_chatter,0,0.0012754396,32
turning,cnn_ae,ver_max,3p5inchStickout_F_12-Jun-2017_rpm570_doc0p030_window_0004,3p5inchStickout/F_12-Jun-2017_rpm570_doc0p030,train,42,2,cv_evaluation,no_chatter,0,0.0017088321,32
turning,cnn_ae,ver_max,3p5inchStickout_F_12-Jun-2017_rpm570_doc0p030_window_0005,3p5inchStickout/F_12-Jun-2017_rpm570_doc0p030,train,42,2,cv_evaluation,no_chatter,0,0.002006669,32
turning,cnn_ae,ver_max,3p5inchStickout_F_12-Jun-2017_rpm570_doc0p030_window_0006,3p5inchStickout/F_12-Jun-2017_rpm570_doc0p030,train,42,2,cv_evaluation,no_chatter,0,0.0017752808,32
turning,cnn_ae,ver_max,3p5inchStickout_F_12-Jun-2017_rpm570_doc0p030_window_0007,3p5inchStickout/F_12-Jun-2017_rpm570_doc0p030,train,42,2,cv_evaluation,no_chatter,0,0.00419054,32
turning,cnn_ae,ver_max,3p5inchStickout_F_12-Jun-2017_rpm570_doc0p030_window_0008,3p5inchStickout/F_12-Jun-2017_rpm570_doc0p030,train,42,2,cv_evaluation,no_chatter,0,0.011952377,32
turning,cnn_ae,ver_max,3p5inchStickout_F_12-Jun-2017_rpm570_doc0p030_window_0009,3p5inchStickout/F_12-Jun-2017_rpm570_doc0p030,test,42,2,cv_evaluation,no_chatter,0,0.00893621,32
turning,cnn_ae,ver_max,3p5inchStickout_F_14-Jun-2017_rpm770_doc0p008_window_0000,3p5inchStickout/F_14-Jun-2017_rpm770_doc0p008,train,42,2,cv_evaluation,no_chatter,0,0.00017314374,32
turning,cnn_ae,ver_max,3p5inchStickout_F_14-Jun-2017_rpm770_doc0p008_window_0001,3p5inchStickout/F_14-Jun-2017_rpm770_doc0p008,train,42,2,cv_evaluation,no_chatter,0,0.0010500362,32
turning,cnn_ae,ver_max,3p5inchStickout_F_14-Jun-2017_rpm770_doc0p008_window_0002,3p5inchStickout/F_14-Jun-2017_rpm770_doc0p008,train,42,2,cv_evaluation,no_chatter,0,0.0018963886,32
turning,cnn_ae,ver_max,3p5inchStickout_F_14-Jun-2017_rpm770_doc0p008_window_0003,3p5inchStickout/F_14-Jun-2017_rpm770_doc0p008,test,42,2,cv_evaluation,no_chatter,0,0.0015394597,32
turning,cnn_ae,ver_max,3p5inchStickout_F_14-Jun-2017_rpm770_doc0p015_window_0000,3p5inchStickout/F_14-Jun-2017_rpm770_doc0p015,validation,42,2,cv_evaluation,no_chatter,0,0.00017758975,32
turning,cnn_ae,ver_max,3p5inchStickout_F_14-Jun-2017_rpm770_doc0p015_window_0001,3p5inchStickout/F_14-Jun-2017_rpm770_doc0p015,train,42,2,cv_evaluation,no_chatter,0,0.0018959444,32
turning,cnn_ae,ver_max,3p5inchStickout_F_14-Jun-2017_rpm770_doc0p015_window_0002,3p5inchStickout/F_14-Jun-2017_rpm770_doc0p015,train,42,2,cv_evaluation,no_chatter,0,0.006545269,32
turning,cnn_ae,ver_max,3p5inchStickout_F_14-Jun-2017_rpm770_doc0p015_window_0003,3p5inchStickout/F_14-Jun-2017_rpm770_doc0p015,validation,42,2,cv_evaluation,no_chatter,0,0.009858564,32
turning,cnn_ae,ver_max,4p5inchStickout_F_12-Jun-2017_rpm570_doc0p005_window_0000,4p5inchStickout/F_12-Jun-2017_rpm570_doc0p005,validation,42,2,cv_evaluation,no_chatter,0,7.537891e-05,32
turning,cnn_ae,ver_max,4p5inchStickout_F_12-Jun-2017_rpm570_doc0p005_window_0001,4p5inchStickout/F_12-Jun-2017_rpm570_doc0p005,train,42,2,cv_evaluation,no_chatter,0,8.840575e-05,32
turning,cnn_ae,ver_max,4p5inchStickout_F_12-Jun-2017_rpm570_doc0p005_window_0002,4p5inchStickout/F_12-Jun-2017_rpm570_doc0p005,validation,42,2,cv_evaluation,no_chatter,0,9.735177e-05,32
turning,cnn_ae,ver_max,4p5inchStickout_F_12-Jun-2017_rpm570_doc0p005_window_0003,4p5inchStickout/F_12-Jun-2017_rpm570_doc0p005,train,42,2,cv_evaluation,no_chatter,0,6.6524844e-05,32
turning,cnn_ae,ver_max,4p5inchStickout_F_12-Jun-2017_rpm570_doc0p005_window_0004,4p5inchStickout/F_12-Jun-2017_rpm570_doc0p005,train,42,2,cv_evaluation,no_chatter,0,8.657099e-05,32
turning,cnn_ae,ver_max,4p5inchStickout_F_12-Jun-2017_rpm570_doc0p005_window_0005,4p5inchStickout/F_12-Jun-2017_rpm570_doc0p005,validation,42,2,cv_evaluation,no_chatter,0,0.0013964224,32
turning,cnn_ae,ver_max,4p5inchStickout_F_12-Jun-2017_rpm570_doc0p005_window_0006,4p5inchStickout/F_12-Jun-2017_rpm570_doc0p005,train,42,2,cv_evaluation,no_chatter,0,0.0011597469,32
turning,cnn_ae,ver_max,4p5inchStickout_F_12-Jun-2017_rpm570_doc0p005_window_0007,4p5inchStickout/F_12-Jun-2017_rpm570_doc0p005,train,42,2,cv_evaluation,no_chatter,0,0.001138477,32
turning,cnn_ae,ver_max,4p5inchStickout_F_12-Jun-2017_rpm570_doc0p005_window_0008,4p5inchStickout/F_12-Jun-2017_rpm570_doc0p005,train,42,2,cv_evaluation,no_chatter,0,0.0013177213,32
turning,cnn_ae,ver_max,4p5inchStickout_F_12-Jun-2017_rpm570_doc0p005_window_0009,4p5inchStickout/F_12-Jun-2017_rpm570_doc0p005,train,42,2,cv_evaluation,no_chatter,0,0.0014675942,32
turning,cnn_ae,ver_max,4p5inchStickout_F_12-Jun-2017_rpm570_doc0p005_window_0010,4p5inchStickout/F_12-Jun-2017_rpm570_doc0p005,train,42,2,cv_evaluation,no_chatter,0,0.0017383769,32
turning,cnn_ae,ver_max,4p5inchStickout_F_12-Jun-2017_rpm570_doc0p005_window_0011,4p5inchStickout/F_12-Jun-2017_rpm570_doc0p005,train,42,2,cv_evaluation,no_chatter,0,0.0013006518,32
turning,cnn_ae,ver_max,4p5inchStickout_F_13-Jun-2017_rpm1030_doc0p007_window_0000,4p5inchStickout/F_13-Jun-2017_rpm1030_doc0p007,train,42,2,cv_evaluation,no_chatter,0,0.00015386815,32
turning,cnn_ae,ver_max,4p5inchStickout_F_13-Jun-2017_rpm1030_doc0p007_window_0001,4p5inchStickout/F_13-Jun-2017_rpm1030_doc0p007,train,42,2,cv_evaluation,no_chatter,0,0.0013139528,32
turning,cnn_ae,ver_max,4p5inchStickout_F_13-Jun-2017_rpm1030_doc0p007_window_0002,4p5inchStickout/F_13-Jun-2017_rpm1030_doc0p007,train,42,2,cv_evaluation,no_chatter,0,0.0013516226,32
turning,cnn_ae,ver_max,4p5inchStickout_F_13-Jun-2017_rpm1030_doc0p007_window_0003,4p5inchStickout/F_13-Jun-2017_rpm1030_doc0p007,train,42,2,cv_evaluation,no_chatter,0,0.003944777,32
turning,cnn_ae,ver_max,4p5inchStickout_F_13-Jun-2017_rpm770_doc0p010_window_0000,4p5inchStickout/F_13-Jun-2017_rpm770_doc0p010,train,42,2,cv_evaluation,no_chatter,0,0.000112320544,32
turning,cnn_ae,ver_max,4p5inchStickout_F_13-Jun-2017_rpm770_doc0p010_window_0001,4p5inchStickout/F_13-Jun-2017_rpm770_doc0p010,train,42,2,cv_evaluation,no_chatter,0,0.00028268917,32
turning,cnn_ae,ver_max,4p5inchStickout_F_13-Jun-2017_rpm770_doc0p010_window_0002,4p5inchStickout/F_13-Jun-2017_rpm770_doc0p010,train,42,2,cv_evaluation,no_chatter,0,0.0013218059,32
turning,cnn_ae,ver_max,4p5inchStickout_F_13-Jun-2017_rpm770_doc0p010_window_0003,4p5inchStickout/F_13-Jun-2017_rpm770_doc0p010,test,42,2,cv_evaluation,no_chatter,0,0.0023482442,32
turning,cnn_ae,ver_max,4p5inchStickout_F_13-Jun-2017_rpm770_doc0p010_window_0004,4p5inchStickout/F_13-Jun-2017_rpm770_doc0p010,train,42,2,cv_evaluation,no_chatter,0,0.0019851835,32
turning,cnn_ae,ver_max,4p5inchStickout_F_13-Jun-2017_rpm770_doc0p010_window_0005,4p5inchStickout/F_13-Jun-2017_rpm770_doc0p010,train,42,2,cv_evaluation,no_chatter,0,0.0013271872,32
turning,cnn_ae,ver_topk,2inchStickout_F_08-Jun-2017_rpm320_doc0p015_window_0000,2inchStickout/F_08-Jun-2017_rpm320_doc0p015,train,42,2,cv_evaluation,no_chatter,0,9.198531e-05,32
turning,cnn_ae,ver_topk,2inchStickout_F_08-Jun-2017_rpm320_doc0p015_window_0001,2inchStickout/F_08-Jun-2017_rpm320_doc0p015,validation,42,2,cv_evaluation,no_chatter,0,8.941194e-05,32
turning,cnn_ae,ver_topk,2inchStickout_F_08-Jun-2017_rpm320_doc0p015_window_0002,2inchStickout/F_08-Jun-2017_rpm320_doc0p015,train,42,2,cv_evaluation,no_chatter,0,9.186112e-05,32
turning,cnn_ae,ver_topk,2inchStickout_F_08-Jun-2017_rpm320_doc0p015_window_0003,2inchStickout/F_08-Jun-2017_rpm320_doc0p015,validation,42,2,cv_evaluation,no_chatter,0,0.00063876144,32
turning,cnn_ae,ver_topk,2inchStickout_F_08-Jun-2017_rpm320_doc0p015_window_0004,2inchStickout/F_08-Jun-2017_rpm320_doc0p015,train,42,2,cv_evaluation,no_chatter,0,0.00073824375,32
turning,cnn_ae,ver_topk,2inchStickout_F_08-Jun-2017_rpm320_doc0p015_window_0005,2inchStickout/F_08-Jun-2017_rpm320_doc0p015,train,42,2,cv_evaluation,no_chatter,0,0.0008634221,32
turning,cnn_ae,ver_topk,2inchStickout_F_08-Jun-2017_rpm320_doc0p015_window_0006,2inchStickout/F_08-Jun-2017_rpm320_doc0p015,train,42,2,cv_evaluation,no_chatter,0,0.00082128687,32
turning,cnn_ae,ver_topk,2inchStickout_F_08-Jun-2017_rpm320_doc0p015_window_0007,2inchStickout/F_08-Jun-2017_rpm320_doc0p015,train,42,2,cv_evaluation,no_chatter,0,0.00051317696,32
turning,cnn_ae,ver_topk,2inchStickout_F_08-Jun-2017_rpm320_doc0p015_window_0008,2inchStickout/F_08-Jun-2017_rpm320_doc0p015,train,42,2,cv_evaluation,no_chatter,0,0.0006456185,32
turning,cnn_ae,ver_topk,2inchStickout_F_08-Jun-2017_rpm320_doc0p015_window_0009,2inchStickout/F_08-Jun-2017_rpm320_doc0p015,train,42,2,cv_evaluation,no_chatter,0,0.0007520402,32
turning,cnn_ae,ver_topk,2inchStickout_F_08-Jun-2017_rpm320_doc0p015_window_0010,2inchStickout/F_08-Jun-2017_rpm320_doc0p015,train,42,2,cv_evaluation,no_chatter,0,0.00054180267,32
turning,cnn_ae,ver_topk,2inchStickout_F_08-Jun-2017_rpm320_doc0p015_window_0011,2inchStickout/F_08-Jun-2017_rpm320_doc0p015,train,42,2,cv_evaluation,no_chatter,0,0.00049213937,32
turning,cnn_ae,ver_topk,2inchStickout_F_08-Jun-2017_rpm320_doc0p015_window_0012,2inchStickout/F_08-Jun-2017_rpm320_doc0p015,train,42,2,cv_evaluation,no_chatter,0,0.00048672067,32
turning,cnn_ae,ver_topk,2inchStickout_F_08-Jun-2017_rpm320_doc0p015_window_0013,2inchStickout/F_08-Jun-2017_rpm320_doc0p015,validation,42,2,cv_evaluation,no_chatter,0,0.00062576623,32
turning,cnn_ae,ver_topk,2inchStickout_F_08-Jun-2017_rpm320_doc0p015_window_0014,2inchStickout/F_08-Jun-2017_rpm320_doc0p015,validation,42,2,cv_evaluation,no_chatter,0,0.0008697179,32
turning,cnn_ae,ver_topk,2inchStickout_F_08-Jun-2017_rpm320_doc0p015_window_0015,2inchStickout/F_08-Jun-2017_rpm320_doc0p015,train,42,2,cv_evaluation,no_chatter,0,0.0005520102,32
turning,cnn_ae,ver_topk,2inchStickout_F_08-Jun-2017_rpm320_doc0p015_window_0016,2inchStickout/F_08-Jun-2017_rpm320_doc0p015,train,42,2,cv_evaluation,no_chatter,0,0.000750776,32
turning,cnn_ae,ver_topk,2inchStickout_F_08-Jun-2017_rpm320_doc0p015_window_0017,2inchStickout/F_08-Jun-2017_rpm320_doc0p015,train,42,2,cv_evaluation,no_chatter,0,0.00047185132,32
turning,cnn_ae,ver_topk,2inchStickout_F_08-Jun-2017_rpm320_doc0p015_window_0018,2inchStickout/F_08-Jun-2017_rpm320_doc0p015,train,42,2,cv_evaluation,no_chatter,0,0.0005189476,32
turning,cnn_ae,ver_topk,2inchStickout_F_08-Jun-2017_rpm320_doc0p015_window_0019,2inchStickout/F_08-Jun-2017_rpm320_doc0p015,train,42,2,cv_evaluation,no_chatter,0,0.0009376399,32
turning,cnn_ae,ver_topk,2inchStickout_F_08-Jun-2017_rpm320_doc0p015_window_0020,2inchStickout/F_08-Jun-2017_rpm320_doc0p015,train,42,2,cv_evaluation,no_chatter,0,0.0006859494,32
turning,cnn_ae,ver_topk,2inchStickout_F_08-Jun-2017_rpm320_doc0p015_window_0021,2inchStickout/F_08-Jun-2017_rpm320_doc0p015,train,42,2,cv_evaluation,no_chatter,0,0.0007260495,32
turning,cnn_ae,ver_topk,2inchStickout_F_08-Jun-2017_rpm320_doc0p015_window_0022,2inchStickout/F_08-Jun-2017_rpm320_doc0p015,train,42,2,cv_evaluation,no_chatter,0,0.0004839944,32
turning,cnn_ae,ver_topk,2inchStickout_F_08-Jun-2017_rpm320_doc0p015_window_0023,2inchStickout/F_08-Jun-2017_rpm320_doc0p015,train,42,2,cv_evaluation,no_chatter,0,0.0009180573,32
turning,cnn_ae,ver_topk,2inchStickout_F_08-Jun-2017_rpm320_doc0p050_window_0000,2inchStickout/F_08-Jun-2017_rpm320_doc0p050,train,42,2,cv_evaluation,no_chatter,0,0.00012740747,32
turning,cnn_ae,ver_topk,2inchStickout_F_08-Jun-2017_rpm320_doc0p050_window_0001,2inchStickout/F_08-Jun-2017_rpm320_doc0p050,train,42,2,cv_evaluation,no_chatter,0,7.3401825e-05,32
turning,cnn_ae,ver_topk,2inchStickout_F_08-Jun-2017_rpm320_doc0p050_window_0002,2inchStickout/F_08-Jun-2017_rpm320_doc0p050,train,42,2,cv_evaluation,no_chatter,0,6.990574e-05,32
turning,cnn_ae,ver_topk,2inchStickout_F_08-Jun-2017_rpm320_doc0p050_window_0003,2inchStickout/F_08-Jun-2017_rpm320_doc0p050,test,42,2,cv_evaluation,no_chatter,0,0.0023011852,32
turning,cnn_ae,ver_topk,2inchStickout_F_08-Jun-2017_rpm320_doc0p050_window_0004,2inchStickout/F_08-Jun-2017_rpm320_doc0p050,train,42,2,cv_evaluation,no_chatter,0,0.00060658454,32
turning,cnn_ae,ver_topk,2inchStickout_F_08-Jun-2017_rpm320_doc0p050_window_0005,2inchStickout/F_08-Jun-2017_rpm320_doc0p050,train,42,2,cv_evaluation,no_chatter,0,0.00060734176,32
turning,cnn_ae,ver_topk,2inchStickout_F_08-Jun-2017_rpm320_doc0p050_window_0006,2inchStickout/F_08-Jun-2017_rpm320_doc0p050,train,42,2,cv_evaluation,no_chatter,0,0.000572061,32
turning,cnn_ae,ver_topk,2inchStickout_F_08-Jun-2017_rpm320_doc0p050_window_0007,2inchStickout/F_08-Jun-2017_rpm320_doc0p050,train,42,2,cv_evaluation,no_chatter,0,0.0007965393,32
turning,cnn_ae,ver_topk,2inchStickout_F_08-Jun-2017_rpm320_doc0p050_window_0008,2inchStickout/F_08-Jun-2017_rpm320_doc0p050,test,42,2,cv_evaluation,no_chatter,0,0.0005386838,32
turning,cnn_ae,ver_topk,2inchStickout_F_08-Jun-2017_rpm320_doc0p050_window_0009,2inchStickout/F_08-Jun-2017_rpm320_doc0p050,test,42,2,cv_evaluation,no_chatter,0,0.00079700816,32
turning,cnn_ae,ver_topk,2inchStickout_F_08-Jun-2017_rpm320_doc0p050_window_0010,2inchStickout/F_08-Jun-2017_rpm320_doc0p050,train,42,2,cv_evaluation,no_chatter,0,0.00076111854,32
turning,cnn_ae,ver_topk,2inchStickout_F_08-Jun-2017_rpm320_doc0p050_window_0011,2inchStickout/F_08-Jun-2017_rpm320_doc0p050,train,42,2,cv_evaluation,no_chatter,0,0.0006812062,32
turning,cnn_ae,ver_topk,2inchStickout_F_08-Jun-2017_rpm320_doc0p050_window_0012,2inchStickout/F_08-Jun-2017_rpm320_doc0p050,test,42,2,cv_evaluation,no_chatter,0,0.0006257549,32
turning,cnn_ae,ver_topk,2inchStickout_F_08-Jun-2017_rpm320_doc0p050_window_0013,2inchStickout/F_08-Jun-2017_rpm320_doc0p050,test,42,2,cv_evaluation,no_chatter,0,0.0010630033,32
turning,cnn_ae,ver_topk,2inchStickout_F_08-Jun-2017_rpm320_doc0p050_window_0014,2inchStickout/F_08-Jun-2017_rpm320_doc0p050,test,42,2,cv_evaluation,no_chatter,0,0.0008283593,32
turning,cnn_ae,ver_topk,2inchStickout_F_08-Jun-2017_rpm320_doc0p050_window_0015,2inchStickout/F_08-Jun-2017_rpm320_doc0p050,train,42,2,cv_evaluation,no_chatter,0,0.0011699408,32
turning,cnn_ae,ver_topk,2inchStickout_F_08-Jun-2017_rpm320_doc0p050_window_0016,2inchStickout/F_08-Jun-2017_rpm320_doc0p050,train,42,2,cv_evaluation,no_chatter,0,0.0008096746,32
turning,cnn_ae,ver_topk,2inchStickout_F_08-Jun-2017_rpm320_doc0p050_window_0017,2inchStickout/F_08-Jun-2017_rpm320_doc0p050,test,42,2,cv_evaluation,no_chatter,0,0.0007646992,32
turning,cnn_ae,ver_topk,2inchStickout_F_08-Jun-2017_rpm320_doc0p050_window_0018,2inchStickout/F_08-Jun-2017_rpm320_doc0p050,train,42,2,cv_evaluation,no_chatter,0,0.00096486026,32
turning,cnn_ae,ver_topk,2inchStickout_F_08-Jun-2017_rpm320_doc0p050_window_0019,2inchStickout/F_08-Jun-2017_rpm320_doc0p050,train,42,2,cv_evaluation,no_chatter,0,0.0014701182,32
turning,cnn_ae,ver_topk,2inchStickout_F_08-Jun-2017_rpm320_doc0p050_window_0020,2inchStickout/F_08-Jun-2017_rpm320_doc0p050,train,42,2,cv_evaluation,no_chatter,0,0.0006381753,32
turning,cnn_ae,ver_topk,2inchStickout_F_08-Jun-2017_rpm320_doc0p050_window_0021,2inchStickout/F_08-Jun-2017_rpm320_doc0p050,train,42,2,cv_evaluation,no_chatter,0,0.000700751,32
turning,cnn_ae,ver_topk,2inchStickout_F_08-Jun-2017_rpm320_doc0p050_window_0022,2inchStickout/F_08-Jun-2017_rpm320_doc0p050,test,42,2,cv_evaluation,no_chatter,0,0.0007519421,32
turning,cnn_ae,ver_topk,2inchStickout_F_08-Jun-2017_rpm320_doc0p050_window_0023,2inchStickout/F_08-Jun-2017_rpm320_doc0p050,test,42,2,cv_evaluation,no_chatter,0,0.001064506,32
turning,cnn_ae,ver_topk,2inchStickout_F_08-Jun-2017_rpm570_doc0p001_window_0000,2inchStickout/F_08-Jun-2017_rpm570_doc0p001,train,42,2,cv_evaluation,no_chatter,0,0.00011802719,32
turning,cnn_ae,ver_topk,2inchStickout_F_08-Jun-2017_rpm570_doc0p001_window_0001,2inchStickout/F_08-Jun-2017_rpm570_doc0p001,validation,42,2,cv_evaluation,no_chatter,0,0.0014203144,32
turning,cnn_ae,ver_topk,2inchStickout_F_08-Jun-2017_rpm570_doc0p001_window_0002,2inchStickout/F_08-Jun-2017_rpm570_doc0p001,validation,42,2,cv_evaluation,chatter,1,0.0038556282,32
turning,cnn_ae,ver_topk,2inchStickout_F_08-Jun-2017_rpm570_doc0p001_window_0003,2inchStickout/F_08-Jun-2017_rpm570_doc0p001,validation,42,2,cv_evaluation,chatter,1,0.0049329815,32
turning,cnn_ae,ver_topk,2inchStickout_F_08-Jun-2017_rpm570_doc0p001_window_0004,2inchStickout/F_08-Jun-2017_rpm570_doc0p001,validation,42,2,cv_evaluation,chatter,1,0.005591184,32
turning,cnn_ae,ver_topk,2inchStickout_F_08-Jun-2017_rpm570_doc0p001_window_0005,2inchStickout/F_08-Jun-2017_rpm570_doc0p001,validation,42,2,cv_evaluation,chatter,1,0.007834095,32
turning,cnn_ae,ver_topk,2inchStickout_F_08-Jun-2017_rpm770_doc0p001_window_0000,2inchStickout/F_08-Jun-2017_rpm770_doc0p001,test,42,2,cv_evaluation,no_chatter,0,0.00027051536,32
turning,cnn_ae,ver_topk,2inchStickout_F_08-Jun-2017_rpm770_doc0p001_window_0001,2inchStickout/F_08-Jun-2017_rpm770_doc0p001,train,42,2,cv_evaluation,no_chatter,0,0.0024370335,32
turning,cnn_ae,ver_topk,2inchStickout_F_08-Jun-2017_rpm770_doc0p001_window_0002,2inchStickout/F_08-Jun-2017_rpm770_doc0p001,train,42,2,cv_evaluation,no_chatter,0,0.0032188548,32
turning,cnn_ae,ver_topk,2inchStickout_F_08-Jun-2017_rpm770_doc0p001_window_0003,2inchStickout/F_08-Jun-2017_rpm770_doc0p001,train,42,2,cv_evaluation,no_chatter,0,0.0032154063,32
turning,cnn_ae,ver_topk,2inchStickout_F_08-Jun-2017_rpm770_doc0p001_window_0004,2inchStickout/F_08-Jun-2017_rpm770_doc0p001,train,42,2,cv_evaluation,no_chatter,0,0.0037590328,32
turning,cnn_ae,ver_topk,2inchStickout_F_08-Jun-2017_rpm770_doc0p001_window_0005,2inchStickout/F_08-Jun-2017_rpm770_doc0p001,train,42,2,cv_evaluation,no_chatter,0,0.0055664186,32
turning,cnn_ae,ver_topk,2inchStickout_F_08-Jun-2017_rpm770_doc0p001_window_0006,2inchStickout/F_08-Jun-2017_rpm770_doc0p001,test,42,2,cv_evaluation,chatter,1,0.006929051,32
turning,cnn_ae,ver_topk,2inchStickout_F_08-Jun-2017_rpm770_doc0p001_window_0007,2inchStickout/F_08-Jun-2017_rpm770_doc0p001,test,42,2,cv_evaluation,chatter,1,0.013202499,32
turning,cnn_ae,ver_topk,2p5inchStickout_F_12-Jun-2017_rpm570_doc0p003_window_0000,2p5inchStickout/F_12-Jun-2017_rpm570_doc0p003,train,42,2,cv_evaluation,no_chatter,0,0.00036488785,32
turning,cnn_ae,ver_topk,2p5inchStickout_F_12-Jun-2017_rpm570_doc0p003_window_0001,2p5inchStickout/F_12-Jun-2017_rpm570_doc0p003,test,42,2,cv_evaluation,no_chatter,0,0.0009040635,32
turning,cnn_ae,ver_topk,2p5inchStickout_F_12-Jun-2017_rpm570_doc0p003_window_0002,2p5inchStickout/F_12-Jun-2017_rpm570_doc0p003,train,42,2,cv_evaluation,no_chatter,0,0.0012264953,32
turning,cnn_ae,ver_topk,2p5inchStickout_F_12-Jun-2017_rpm570_doc0p003_window_0003,2p5inchStickout/F_12-Jun-2017_rpm570_doc0p003,train,42,2,cv_evaluation,no_chatter,0,0.0035773292,32
turning,cnn_ae,ver_topk,2p5inchStickout_F_12-Jun-2017_rpm570_doc0p003_window_0004,2p5inchStickout/F_12-Jun-2017_rpm570_doc0p003,train,42,2,cv_evaluation,no_chatter,0,0.0023549611,32
turning,cnn_ae,ver_topk,2p5inchStickout_F_12-Jun-2017_rpm570_doc0p003_window_0005,2p5inchStickout/F_12-Jun-2017_rpm570_doc0p003,train,42,2,cv_evaluation,no_chatter,0,0.0011759057,32
turning,cnn_ae,ver_topk,2p5inchStickout_F_12-Jun-2017_rpm570_doc0p003_window_0006,2p5inchStickout/F_12-Jun-2017_rpm570_doc0p003,train,42,2,cv_evaluation,no_chatter,0,0.0013447473,32
turning,cnn_ae,ver_topk,2p5inchStickout_F_12-Jun-2017_rpm570_doc0p003_window_0007,2p5inchStickout/F_12-Jun-2017_rpm570_doc0p003,train,42,2,cv_evaluation,no_chatter,0,0.0029028105,32
turning,cnn_ae,ver_topk,2p5inchStickout_F_12-Jun-2017_rpm570_doc0p003_window_0008,2p5inchStickout/F_12-Jun-2017_rpm570_doc0p003,train,42,2,cv_evaluation,no_chatter,0,0.002459785,32
turning,cnn_ae,ver_topk,2p5inchStickout_F_12-Jun-2017_rpm570_doc0p003_window_0009,2p5inchStickout/F_12-Jun-2017_rpm570_doc0p003,train,42,2,cv_evaluation,no_chatter,0,0.001452807,32
turning,cnn_ae,ver_topk,2p5inchStickout_F_12-Jun-2017_rpm570_doc0p015_trial2_window_0000,2p5inchStickout/F_12-Jun-2017_rpm570_doc0p015_trial2,train,42,2,cv_evaluation,no_chatter,0,0.0003426262,32
turning,cnn_ae,ver_topk,2p5inchStickout_F_12-Jun-2017_rpm570_doc0p015_trial2_window_0001,2p5inchStickout/F_12-Jun-2017_rpm570_doc0p015_trial2,train,42,2,cv_evaluation,no_chatter,0,0.0012793847,32
turning,cnn_ae,ver_topk,2p5inchStickout_F_12-Jun-2017_rpm570_doc0p015_trial2_window_0002,2p5inchStickout/F_12-Jun-2017_rpm570_doc0p015_trial2,test,42,2,cv_evaluation,chatter,1,0.0065344325,32
turning,cnn_ae,ver_topk,2p5inchStickout_F_12-Jun-2017_rpm570_doc0p015_trial2_window_0003,2p5inchStickout/F_12-Jun-2017_rpm570_doc0p015_trial2,test,42,2,cv_evaluation,chatter,1,0.012888458,32
turning,cnn_ae,ver_topk,2p5inchStickout_F_12-Jun-2017_rpm570_doc0p015_trial2_window_0004,2p5inchStickout/F_12-Jun-2017_rpm570_doc0p015_trial2,test,42,2,cv_evaluation,chatter,1,0.014502634,32
turning,cnn_ae,ver_topk,2p5inchStickout_F_12-Jun-2017_rpm570_doc0p015_trial2_window_0005,2p5inchStickout/F_12-Jun-2017_rpm570_doc0p015_trial2,test,42,2,cv_evaluation,chatter,1,0.011702214,32
turning,cnn_ae,ver_topk,3p5inchStickout_F_12-Jun-2017_rpm570_doc0p015_window_0000,3p5inchStickout/F_12-Jun-2017_rpm570_doc0p015,train,42,2,cv_evaluation,no_chatter,0,5.2424264e-05,32
turning,cnn_ae,ver_topk,3p5inchStickout_F_12-Jun-2017_rpm570_doc0p015_window_0001,3p5inchStickout/F_12-Jun-2017_rpm570_doc0p015,train,42,2,cv_evaluation,no_chatter,0,0.0016999543,32
turning,cnn_ae,ver_topk,3p5inchStickout_F_12-Jun-2017_rpm570_doc0p015_window_0002,3p5inchStickout/F_12-Jun-2017_rpm570_doc0p015,train,42,2,cv_evaluation,no_chatter,0,0.00215147,32
turning,cnn_ae,ver_topk,3p5inchStickout_F_12-Jun-2017_rpm570_doc0p015_window_0003,3p5inchStickout/F_12-Jun-2017_rpm570_doc0p015,train,42,2,cv_evaluation,no_chatter,0,0.002698262,32
turning,cnn_ae,ver_topk,3p5inchStickout_F_12-Jun-2017_rpm570_doc0p015_window_0004,3p5inchStickout/F_12-Jun-2017_rpm570_doc0p015,train,42,2,cv_evaluation,no_chatter,0,0.0020551803,32
turning,cnn_ae,ver_topk,3p5inchStickout_F_12-Jun-2017_rpm570_doc0p015_window_0005,3p5inchStickout/F_12-Jun-2017_rpm570_doc0p015,train,42,2,cv_evaluation,no_chatter,0,0.0028498552,32
turning,cnn_ae,ver_topk,3p5inchStickout_F_12-Jun-2017_rpm570_doc0p015_window_0006,3p5inchStickout/F_12-Jun-2017_rpm570_doc0p015,train,42,2,cv_evaluation,no_chatter,0,0.008256479,32
turning,cnn_ae,ver_topk,3p5inchStickout_F_12-Jun-2017_rpm570_doc0p015_window_0007,3p5inchStickout/F_12-Jun-2017_rpm570_doc0p015,train,42,2,cv_evaluation,no_chatter,0,0.00667206,32
turning,cnn_ae,ver_topk,3p5inchStickout_F_12-Jun-2017_rpm570_doc0p015_window_0008,3p5inchStickout/F_12-Jun-2017_rpm570_doc0p015,train,42,2,cv_evaluation,no_chatter,0,0.004970114,32
turning,cnn_ae,ver_topk,3p5inchStickout_F_12-Jun-2017_rpm570_doc0p015_window_0009,3p5inchStickout/F_12-Jun-2017_rpm570_doc0p015,train,42,2,cv_evaluation,no_chatter,0,0.0047457325,32
turning,cnn_ae,ver_topk,3p5inchStickout_F_12-Jun-2017_rpm570_doc0p030_window_0000,3p5inchStickout/F_12-Jun-2017_rpm570_doc0p030,train,42,2,cv_evaluation,no_chatter,0,9.556345e-05,32
turning,cnn_ae,ver_topk,3p5inchStickout_F_12-Jun-2017_rpm570_doc0p030_window_0001,3p5inchStickout/F_12-Jun-2017_rpm570_doc0p030,test,42,2,cv_evaluation,no_chatter,0,6.164346e-05,32
turning,cnn_ae,ver_topk,3p5inchStickout_F_12-Jun-2017_rpm570_doc0p030_window_0002,3p5inchStickout/F_12-Jun-2017_rpm570_doc0p030,train,42,2,cv_evaluation,no_chatter,0,0.0018096105,32
turning,cnn_ae,ver_topk,3p5inchStickout_F_12-Jun-2017_rpm570_doc0p030_window_0003,3p5inchStickout/F_12-Jun-2017_rpm570_doc0p030,train,42,2,cv_evaluation,no_chatter,0,0.0011888772,32
turning,cnn_ae,ver_topk,3p5inchStickout_F_12-Jun-2017_rpm570_doc0p030_window_0004,3p5inchStickout/F_12-Jun-2017_rpm570_doc0p030,train,42,2,cv_evaluation,no_chatter,0,0.001649364,32
turning,cnn_ae,ver_topk,3p5inchStickout_F_12-Jun-2017_rpm570_doc0p030_window_0005,3p5inchStickout/F_12-Jun-2017_rpm570_doc0p030,train,42,2,cv_evaluation,no_chatter,0,0.0019643821,32
turning,cnn_ae,ver_topk,3p5inchStickout_F_12-Jun-2017_rpm570_doc0p030_window_0006,3p5inchStickout/F_12-Jun-2017_rpm570_doc0p030,train,42,2,cv_evaluation,no_chatter,0,0.0015712116,32
turning,cnn_ae,ver_topk,3p5inchStickout_F_12-Jun-2017_rpm570_doc0p030_window_0007,3p5inchStickout/F_12-Jun-2017_rpm570_doc0p030,train,42,2,cv_evaluation,no_chatter,0,0.002636193,32
turning,cnn_ae,ver_topk,3p5inchStickout_F_12-Jun-2017_rpm570_doc0p030_window_0008,3p5inchStickout/F_12-Jun-2017_rpm570_doc0p030,train,42,2,cv_evaluation,no_chatter,0,0.008816028,32
turning,cnn_ae,ver_topk,3p5inchStickout_F_12-Jun-2017_rpm570_doc0p030_window_0009,3p5inchStickout/F_12-Jun-2017_rpm570_doc0p030,test,42,2,cv_evaluation,no_chatter,0,0.006648794,32
turning,cnn_ae,ver_topk,3p5inchStickout_F_14-Jun-2017_rpm770_doc0p008_window_0000,3p5inchStickout/F_14-Jun-2017_rpm770_doc0p008,train,42,2,cv_evaluation,no_chatter,0,0.00015792367,32
turning,cnn_ae,ver_topk,3p5inchStickout_F_14-Jun-2017_rpm770_doc0p008_window_0001,3p5inchStickout/F_14-Jun-2017_rpm770_doc0p008,train,42,2,cv_evaluation,no_chatter,0,0.0008970128,32
turning,cnn_ae,ver_topk,3p5inchStickout_F_14-Jun-2017_rpm770_doc0p008_window_0002,3p5inchStickout/F_14-Jun-2017_rpm770_doc0p008,train,42,2,cv_evaluation,no_chatter,0,0.0016987106,32
turning,cnn_ae,ver_topk,3p5inchStickout_F_14-Jun-2017_rpm770_doc0p008_window_0003,3p5inchStickout/F_14-Jun-2017_rpm770_doc0p008,test,42,2,cv_evaluation,no_chatter,0,0.0014336128,32
turning,cnn_ae,ver_topk,3p5inchStickout_F_14-Jun-2017_rpm770_doc0p015_window_0000,3p5inchStickout/F_14-Jun-2017_rpm770_doc0p015,validation,42,2,cv_evaluation,no_chatter,0,0.00016444274,32
turning,cnn_ae,ver_topk,3p5inchStickout_F_14-Jun-2017_rpm770_doc0p015_window_0001,3p5inchStickout/F_14-Jun-2017_rpm770_doc0p015,train,42,2,cv_evaluation,no_chatter,0,0.0012290269,32
turning,cnn_ae,ver_topk,3p5inchStickout_F_14-Jun-2017_rpm770_doc0p015_window_0002,3p5inchStickout/F_14-Jun-2017_rpm770_doc0p015,train,42,2,cv_evaluation,no_chatter,0,0.005460148,32
turning,cnn_ae,ver_topk,3p5inchStickout_F_14-Jun-2017_rpm770_doc0p015_window_0003,3p5inchStickout/F_14-Jun-2017_rpm770_doc0p015,validation,42,2,cv_evaluation,no_chatter,0,0.0071127433,32
turning,cnn_ae,ver_topk,4p5inchStickout_F_12-Jun-2017_rpm570_doc0p005_window_0000,4p5inchStickout/F_12-Jun-2017_rpm570_doc0p005,validation,42,2,cv_evaluation,no_chatter,0,7.101807e-05,32
turning,cnn_ae,ver_topk,4p5inchStickout_F_12-Jun-2017_rpm570_doc0p005_window_0001,4p5inchStickout/F_12-Jun-2017_rpm570_doc0p005,train,42,2,cv_evaluation,no_chatter,0,7.618254e-05,32
turning,cnn_ae,ver_topk,4p5inchStickout_F_12-Jun-2017_rpm570_doc0p005_window_0002,4p5inchStickout/F_12-Jun-2017_rpm570_doc0p005,validation,42,2,cv_evaluation,no_chatter,0,7.461779e-05,32
turning,cnn_ae,ver_topk,4p5inchStickout_F_12-Jun-2017_rpm570_doc0p005_window_0003,4p5inchStickout/F_12-Jun-2017_rpm570_doc0p005,train,42,2,cv_evaluation,no_chatter,0,6.12991e-05,32
turning,cnn_ae,ver_topk,4p5inchStickout_F_12-Jun-2017_rpm570_doc0p005_window_0004,4p5inchStickout/F_12-Jun-2017_rpm570_doc0p005,train,42,2,cv_evaluation,no_chatter,0,5.5115797e-05,32
turning,cnn_ae,ver_topk,4p5inchStickout_F_12-Jun-2017_rpm570_doc0p005_window_0005,4p5inchStickout/F_12-Jun-2017_rpm570_doc0p005,validation,42,2,cv_evaluation,no_chatter,0,0.0012152652,32
turning,cnn_ae,ver_topk,4p5inchStickout_F_12-Jun-2017_rpm570_doc0p005_window_0006,4p5inchStickout/F_12-Jun-2017_rpm570_doc0p005,train,42,2,cv_evaluation,no_chatter,0,0.0011098299,32
turning,cnn_ae,ver_topk,4p5inchStickout_F_12-Jun-2017_rpm570_doc0p005_window_0007,4p5inchStickout/F_12-Jun-2017_rpm570_doc0p005,train,42,2,cv_evaluation,no_chatter,0,0.0011160703,32
turning,cnn_ae,ver_topk,4p5inchStickout_F_12-Jun-2017_rpm570_doc0p005_window_0008,4p5inchStickout/F_12-Jun-2017_rpm570_doc0p005,train,42,2,cv_evaluation,no_chatter,0,0.0012126573,32
turning,cnn_ae,ver_topk,4p5inchStickout_F_12-Jun-2017_rpm570_doc0p005_window_0009,4p5inchStickout/F_12-Jun-2017_rpm570_doc0p005,train,42,2,cv_evaluation,no_chatter,0,0.0013798733,32
turning,cnn_ae,ver_topk,4p5inchStickout_F_12-Jun-2017_rpm570_doc0p005_window_0010,4p5inchStickout/F_12-Jun-2017_rpm570_doc0p005,train,42,2,cv_evaluation,no_chatter,0,0.0015881673,32
turning,cnn_ae,ver_topk,4p5inchStickout_F_12-Jun-2017_rpm570_doc0p005_window_0011,4p5inchStickout/F_12-Jun-2017_rpm570_doc0p005,train,42,2,cv_evaluation,no_chatter,0,0.0012402702,32
turning,cnn_ae,ver_topk,4p5inchStickout_F_13-Jun-2017_rpm1030_doc0p007_window_0000,4p5inchStickout/F_13-Jun-2017_rpm1030_doc0p007,train,42,2,cv_evaluation,no_chatter,0,0.00013254605,32
turning,cnn_ae,ver_topk,4p5inchStickout_F_13-Jun-2017_rpm1030_doc0p007_window_0001,4p5inchStickout/F_13-Jun-2017_rpm1030_doc0p007,train,42,2,cv_evaluation,no_chatter,0,0.0012109637,32
turning,cnn_ae,ver_topk,4p5inchStickout_F_13-Jun-2017_rpm1030_doc0p007_window_0002,4p5inchStickout/F_13-Jun-2017_rpm1030_doc0p007,train,42,2,cv_evaluation,no_chatter,0,0.0012850037,32
turning,cnn_ae,ver_topk,4p5inchStickout_F_13-Jun-2017_rpm1030_doc0p007_window_0003,4p5inchStickout/F_13-Jun-2017_rpm1030_doc0p007,train,42,2,cv_evaluation,no_chatter,0,0.0029345097,32
turning,cnn_ae,ver_topk,4p5inchStickout_F_13-Jun-2017_rpm770_doc0p010_window_0000,4p5inchStickout/F_13-Jun-2017_rpm770_doc0p010,train,42,2,cv_evaluation,no_chatter,0,8.556002e-05,32
turning,cnn_ae,ver_topk,4p5inchStickout_F_13-Jun-2017_rpm770_doc0p010_window_0001,4p5inchStickout/F_13-Jun-2017_rpm770_doc0p010,train,42,2,cv_evaluation,no_chatter,0,0.00014992784,32
turning,cnn_ae,ver_topk,4p5inchStickout_F_13-Jun-2017_rpm770_doc0p010_window_0002,4p5inchStickout/F_13-Jun-2017_rpm770_doc0p010,train,42,2,cv_evaluation,no_chatter,0,0.0012654824,32
turning,cnn_ae,ver_topk,4p5inchStickout_F_13-Jun-2017_rpm770_doc0p010_window_0003,4p5inchStickout/F_13-Jun-2017_rpm770_doc0p010,test,42,2,cv_evaluation,no_chatter,0,0.00181892,32
turning,cnn_ae,ver_topk,4p5inchStickout_F_13-Jun-2017_rpm770_doc0p010_window_0004,4p5inchStickout/F_13-Jun-2017_rpm770_doc0p010,train,42,2,cv_evaluation,no_chatter,0,0.001582648,32
turning,cnn_ae,ver_topk,4p5inchStickout_F_13-Jun-2017_rpm770_doc0p010_window_0005,4p5inchStickout/F_13-Jun-2017_rpm770_doc0p010,train,42,2,cv_evaluation,no_chatter,0,0.001278893,32
turning,cnn_ae,global_mse,2inchStickout_F_08-Jun-2017_rpm320_doc0p035_window_0000,2inchStickout/F_08-Jun-2017_rpm320_doc0p035,train,42,3,cv_evaluation,no_chatter,0,8.328325e-05,32
turning,cnn_ae,global_mse,2inchStickout_F_08-Jun-2017_rpm320_doc0p035_window_0001,2inchStickout/F_08-Jun-2017_rpm320_doc0p035,train,42,3,cv_evaluation,no_chatter,0,7.268417e-05,32
turning,cnn_ae,global_mse,2inchStickout_F_08-Jun-2017_rpm320_doc0p035_window_0002,2inchStickout/F_08-Jun-2017_rpm320_doc0p035,train,42,3,cv_evaluation,no_chatter,0,6.325436e-05,32
turning,cnn_ae,global_mse,2inchStickout_F_08-Jun-2017_rpm320_doc0p035_window_0003,2inchStickout/F_08-Jun-2017_rpm320_doc0p035,validation,42,3,cv_evaluation,no_chatter,0,0.0001490797,32
turning,cnn_ae,global_mse,2inchStickout_F_08-Jun-2017_rpm320_doc0p035_window_0004,2inchStickout/F_08-Jun-2017_rpm320_doc0p035,train,42,3,cv_evaluation,no_chatter,0,0.0006276444,32
turning,cnn_ae,global_mse,2inchStickout_F_08-Jun-2017_rpm320_doc0p035_window_0005,2inchStickout/F_08-Jun-2017_rpm320_doc0p035,train,42,3,cv_evaluation,no_chatter,0,0.00040246095,32
turning,cnn_ae,global_mse,2inchStickout_F_08-Jun-2017_rpm320_doc0p035_window_0006,2inchStickout/F_08-Jun-2017_rpm320_doc0p035,train,42,3,cv_evaluation,no_chatter,0,0.00038301357,32
turning,cnn_ae,global_mse,2inchStickout_F_08-Jun-2017_rpm320_doc0p035_window_0007,2inchStickout/F_08-Jun-2017_rpm320_doc0p035,train,42,3,cv_evaluation,no_chatter,0,0.00041907383,32
turning,cnn_ae,global_mse,2inchStickout_F_08-Jun-2017_rpm320_doc0p035_window_0008,2inchStickout/F_08-Jun-2017_rpm320_doc0p035,train,42,3,cv_evaluation,no_chatter,0,0.0004230679,32
turning,cnn_ae,global_mse,2inchStickout_F_08-Jun-2017_rpm320_doc0p035_window_0009,2inchStickout/F_08-Jun-2017_rpm320_doc0p035,train,42,3,cv_evaluation,no_chatter,0,0.00039506453,32
turning,cnn_ae,global_mse,2inchStickout_F_08-Jun-2017_rpm320_doc0p035_window_0010,2inchStickout/F_08-Jun-2017_rpm320_doc0p035,train,42,3,cv_evaluation,no_chatter,0,0.0005541708,32
turning,cnn_ae,global_mse,2inchStickout_F_08-Jun-2017_rpm320_doc0p035_window_0011,2inchStickout/F_08-Jun-2017_rpm320_doc0p035,train,42,3,cv_evaluation,no_chatter,0,0.000500195,32
turning,cnn_ae,global_mse,2inchStickout_F_08-Jun-2017_rpm320_doc0p035_window_0012,2inchStickout/F_08-Jun-2017_rpm320_doc0p035,train,42,3,cv_evaluation,no_chatter,0,0.000537696,32
turning,cnn_ae,global_mse,2inchStickout_F_08-Jun-2017_rpm320_doc0p035_window_0013,2inchStickout/F_08-Jun-2017_rpm320_doc0p035,train,42,3,cv_evaluation,no_chatter,0,0.0005714091,32
turning,cnn_ae,global_mse,2inchStickout_F_08-Jun-2017_rpm320_doc0p035_window_0014,2inchStickout/F_08-Jun-2017_rpm320_doc0p035,train,42,3,cv_evaluation,no_chatter,0,0.00037223176,32
turning,cnn_ae,global_mse,2inchStickout_F_08-Jun-2017_rpm320_doc0p035_window_0015,2inchStickout/F_08-Jun-2017_rpm320_doc0p035,train,42,3,cv_evaluation,no_chatter,0,0.00048321267,32
turning,cnn_ae,global_mse,2inchStickout_F_08-Jun-2017_rpm320_doc0p035_window_0016,2inchStickout/F_08-Jun-2017_rpm320_doc0p035,train,42,3,cv_evaluation,no_chatter,0,0.0005048938,32
turning,cnn_ae,global_mse,2inchStickout_F_08-Jun-2017_rpm320_doc0p035_window_0017,2inchStickout/F_08-Jun-2017_rpm320_doc0p035,train,42,3,cv_evaluation,no_chatter,0,0.00057342486,32
turning,cnn_ae,global_mse,2inchStickout_F_08-Jun-2017_rpm320_doc0p035_window_0018,2inchStickout/F_08-Jun-2017_rpm320_doc0p035,train,42,3,cv_evaluation,no_chatter,0,0.00059348263,32
turning,cnn_ae,global_mse,2inchStickout_F_08-Jun-2017_rpm320_doc0p035_window_0019,2inchStickout/F_08-Jun-2017_rpm320_doc0p035,train,42,3,cv_evaluation,no_chatter,0,0.00061639183,32
turning,cnn_ae,global_mse,2inchStickout_F_08-Jun-2017_rpm320_doc0p035_window_0020,2inchStickout/F_08-Jun-2017_rpm320_doc0p035,validation,42,3,cv_evaluation,no_chatter,0,0.00060979405,32
turning,cnn_ae,global_mse,2inchStickout_F_08-Jun-2017_rpm320_doc0p035_window_0021,2inchStickout/F_08-Jun-2017_rpm320_doc0p035,train,42,3,cv_evaluation,no_chatter,0,0.0006237509,32
turning,cnn_ae,global_mse,2inchStickout_F_08-Jun-2017_rpm320_doc0p035_window_0022,2inchStickout/F_08-Jun-2017_rpm320_doc0p035,validation,42,3,cv_evaluation,no_chatter,0,0.0007096873,32
turning,cnn_ae,global_mse,2inchStickout_F_08-Jun-2017_rpm320_doc0p035_window_0023,2inchStickout/F_08-Jun-2017_rpm320_doc0p035,train,42,3,cv_evaluation,no_chatter,0,0.0007539778,32
turning,cnn_ae,global_mse,2inchStickout_F_08-Jun-2017_rpm320_doc0p040_window_0000,2inchStickout/F_08-Jun-2017_rpm320_doc0p040,test,42,3,cv_evaluation,no_chatter,0,8.5079235e-05,32
turning,cnn_ae,global_mse,2inchStickout_F_08-Jun-2017_rpm320_doc0p040_window_0001,2inchStickout/F_08-Jun-2017_rpm320_doc0p040,train,42,3,cv_evaluation,no_chatter,0,8.440821e-05,32
turning,cnn_ae,global_mse,2inchStickout_F_08-Jun-2017_rpm320_doc0p040_window_0002,2inchStickout/F_08-Jun-2017_rpm320_doc0p040,train,42,3,cv_evaluation,no_chatter,0,7.0376795e-05,32
turning,cnn_ae,global_mse,2inchStickout_F_08-Jun-2017_rpm320_doc0p040_window_0003,2inchStickout/F_08-Jun-2017_rpm320_doc0p040,test,42,3,cv_evaluation,no_chatter,0,0.00087748904,32
turning,cnn_ae,global_mse,2inchStickout_F_08-Jun-2017_rpm320_doc0p040_window_0004,2inchStickout/F_08-Jun-2017_rpm320_doc0p040,test,42,3,cv_evaluation,no_chatter,0,0.00067462336,32
turning,cnn_ae,global_mse,2inchStickout_F_08-Jun-2017_rpm320_doc0p040_window_0005,2inchStickout/F_08-Jun-2017_rpm320_doc0p040,train,42,3,cv_evaluation,no_chatter,0,0.0005466887,32
turning,cnn_ae,global_mse,2inchStickout_F_08-Jun-2017_rpm320_doc0p040_window_0006,2inchStickout/F_08-Jun-2017_rpm320_doc0p040,train,42,3,cv_evaluation,no_chatter,0,0.00050757255,32
turning,cnn_ae,global_mse,2inchStickout_F_08-Jun-2017_rpm320_doc0p040_window_0007,2inchStickout/F_08-Jun-2017_rpm320_doc0p040,train,42,3,cv_evaluation,no_chatter,0,0.0005608624,32
turning,cnn_ae,global_mse,2inchStickout_F_08-Jun-2017_rpm320_doc0p040_window_0008,2inchStickout/F_08-Jun-2017_rpm320_doc0p040,train,42,3,cv_evaluation,no_chatter,0,0.0007484799,32
turning,cnn_ae,global_mse,2inchStickout_F_08-Jun-2017_rpm320_doc0p040_window_0009,2inchStickout/F_08-Jun-2017_rpm320_doc0p040,train,42,3,cv_evaluation,no_chatter,0,0.00085280865,32
turning,cnn_ae,global_mse,2inchStickout_F_08-Jun-2017_rpm320_doc0p040_window_0010,2inchStickout/F_08-Jun-2017_rpm320_doc0p040,train,42,3,cv_evaluation,no_chatter,0,0.0007536791,32
turning,cnn_ae,global_mse,2inchStickout_F_08-Jun-2017_rpm320_doc0p040_window_0011,2inchStickout/F_08-Jun-2017_rpm320_doc0p040,train,42,3,cv_evaluation,no_chatter,0,0.0006329029,32
turning,cnn_ae,global_mse,2inchStickout_F_08-Jun-2017_rpm320_doc0p040_window_0012,2inchStickout/F_08-Jun-2017_rpm320_doc0p040,test,42,3,cv_evaluation,no_chatter,0,0.0008545758,32
turning,cnn_ae,global_mse,2inchStickout_F_08-Jun-2017_rpm320_doc0p040_window_0013,2inchStickout/F_08-Jun-2017_rpm320_doc0p040,train,42,3,cv_evaluation,no_chatter,0,0.0008039779,32
turning,cnn_ae,global_mse,2inchStickout_F_08-Jun-2017_rpm320_doc0p040_window_0014,2inchStickout/F_08-Jun-2017_rpm320_doc0p040,train,42,3,cv_evaluation,no_chatter,0,0.00082900864,32
turning,cnn_ae,global_mse,2inchStickout_F_08-Jun-2017_rpm320_doc0p040_window_0015,2inchStickout/F_08-Jun-2017_rpm320_doc0p040,train,42,3,cv_evaluation,no_chatter,0,0.0007062763,32
turning,cnn_ae,global_mse,2inchStickout_F_08-Jun-2017_rpm320_doc0p040_window_0016,2inchStickout/F_08-Jun-2017_rpm320_doc0p040,train,42,3,cv_evaluation,no_chatter,0,0.0005476131,32
turning,cnn_ae,global_mse,2inchStickout_F_08-Jun-2017_rpm320_doc0p040_window_0017,2inchStickout/F_08-Jun-2017_rpm320_doc0p040,train,42,3,cv_evaluation,no_chatter,0,0.00054639933,32
turning,cnn_ae,global_mse,2inchStickout_F_08-Jun-2017_rpm320_doc0p040_window_0018,2inchStickout/F_08-Jun-2017_rpm320_doc0p040,train,42,3,cv_evaluation,no_chatter,0,0.00059864466,32
turning,cnn_ae,global_mse,2inchStickout_F_08-Jun-2017_rpm320_doc0p040_window_0019,2inchStickout/F_08-Jun-2017_rpm320_doc0p040,train,42,3,cv_evaluation,no_chatter,0,0.0005747376,32
turning,cnn_ae,global_mse,2inchStickout_F_08-Jun-2017_rpm320_doc0p040_window_0020,2inchStickout/F_08-Jun-2017_rpm320_doc0p040,train,42,3,cv_evaluation,no_chatter,0,0.0006346271,32
turning,cnn_ae,global_mse,2inchStickout_F_08-Jun-2017_rpm320_doc0p040_window_0021,2inchStickout/F_08-Jun-2017_rpm320_doc0p040,train,42,3,cv_evaluation,no_chatter,0,0.00045575155,32
turning,cnn_ae,global_mse,2inchStickout_F_08-Jun-2017_rpm320_doc0p040_window_0022,2inchStickout/F_08-Jun-2017_rpm320_doc0p040,test,42,3,cv_evaluation,no_chatter,0,0.0005599032,32
turning,cnn_ae,global_mse,2inchStickout_F_08-Jun-2017_rpm320_doc0p040_window_0023,2inchStickout/F_08-Jun-2017_rpm320_doc0p040,train,42,3,cv_evaluation,no_chatter,0,0.0004645071,32
turning,cnn_ae,global_mse,2inchStickout_F_08-Jun-2017_rpm425_doc0p005_window_0000,2inchStickout/F_08-Jun-2017_rpm425_doc0p005,train,42,3,cv_evaluation,no_chatter,0,0.00020689193,32
turning,cnn_ae,global_mse,2inchStickout_F_08-Jun-2017_rpm425_doc0p005_window_0001,2inchStickout/F_08-Jun-2017_rpm425_doc0p005,train,42,3,cv_evaluation,no_chatter,0,0.00020906728,32
turning,cnn_ae,global_mse,2inchStickout_F_08-Jun-2017_rpm425_doc0p005_window_0002,2inchStickout/F_08-Jun-2017_rpm425_doc0p005,train,42,3,cv_evaluation,no_chatter,0,0.00045260583,32
turning,cnn_ae,global_mse,2inchStickout_F_08-Jun-2017_rpm425_doc0p005_window_0003,2inchStickout/F_08-Jun-2017_rpm425_doc0p005,test,42,3,cv_evaluation,no_chatter,0,0.00070096506,32
turning,cnn_ae,global_mse,2inchStickout_F_08-Jun-2017_rpm425_doc0p005_window_0004,2inchStickout/F_08-Jun-2017_rpm425_doc0p005,train,42,3,cv_evaluation,no_chatter,0,0.0007115673,32
turning,cnn_ae,global_mse,2inchStickout_F_08-Jun-2017_rpm425_doc0p005_window_0005,2inchStickout/F_08-Jun-2017_rpm425_doc0p005,test,42,3,cv_evaluation,no_chatter,0,0.00072805403,32
turning,cnn_ae,global_mse,2inchStickout_F_08-Jun-2017_rpm425_doc0p005_window_0006,2inchStickout/F_08-Jun-2017_rpm425_doc0p005,train,42,3,cv_evaluation,no_chatter,0,0.00069959875,32
turning,cnn_ae,global_mse,2inchStickout_F_08-Jun-2017_rpm425_doc0p005_window_0007,2inchStickout/F_08-Jun-2017_rpm425_doc0p005,train,42,3,cv_evaluation,no_chatter,0,0.0007406773,32
turning,cnn_ae,global_mse,2inchStickout_F_08-Jun-2017_rpm425_doc0p015_window_0000,2inchStickout/F_08-Jun-2017_rpm425_doc0p015,train,42,3,cv_evaluation,no_chatter,0,0.00013531742,32
turning,cnn_ae,global_mse,2inchStickout_F_08-Jun-2017_rpm425_doc0p015_window_0001,2inchStickout/F_08-Jun-2017_rpm425_doc0p015,train,42,3,cv_evaluation,no_chatter,0,0.00013119057,32
turning,cnn_ae,global_mse,2inchStickout_F_08-Jun-2017_rpm425_doc0p015_window_0002,2inchStickout/F_08-Jun-2017_rpm425_doc0p015,train,42,3,cv_evaluation,no_chatter,0,0.0005937,32
turning,cnn_ae,global_mse,2inchStickout_F_08-Jun-2017_rpm425_doc0p015_window_0003,2inchStickout/F_08-Jun-2017_rpm425_doc0p015,train,42,3,cv_evaluation,no_chatter,0,0.0006752756,32
turning,cnn_ae,global_mse,2inchStickout_F_08-Jun-2017_rpm425_doc0p015_window_0004,2inchStickout/F_08-Jun-2017_rpm425_doc0p015,train,42,3,cv_evaluation,no_chatter,0,0.0009115648,32
turning,cnn_ae,global_mse,2inchStickout_F_08-Jun-2017_rpm425_doc0p015_window_0005,2inchStickout/F_08-Jun-2017_rpm425_doc0p015,train,42,3,cv_evaluation,no_chatter,0,0.00091044634,32
turning,cnn_ae,global_mse,2inchStickout_F_08-Jun-2017_rpm425_doc0p015_window_0006,2inchStickout/F_08-Jun-2017_rpm425_doc0p015,train,42,3,cv_evaluation,no_chatter,0,0.0013050467,32
turning,cnn_ae,global_mse,2inchStickout_F_08-Jun-2017_rpm425_doc0p015_window_0007,2inchStickout/F_08-Jun-2017_rpm425_doc0p015,validation,42,3,cv_evaluation,no_chatter,0,0.0012852986,32
turning,cnn_ae,global_mse,2inchStickout_F_08-Jun-2017_rpm770_doc0p005_window_0000,2inchStickout/F_08-Jun-2017_rpm770_doc0p005,validation,42,3,cv_evaluation,chatter,1,0.010114519,32
turning,cnn_ae,global_mse,2inchStickout_F_08-Jun-2017_rpm770_doc0p005_window_0001,2inchStickout/F_08-Jun-2017_rpm770_doc0p005,validation,42,3,cv_evaluation,chatter,1,0.039983373,32
turning,cnn_ae,global_mse,2inchStickout_F_08-Jun-2017_rpm770_doc0p005_window_0002,2inchStickout/F_08-Jun-2017_rpm770_doc0p005,validation,42,3,cv_evaluation,chatter,1,0.03509211,32
turning,cnn_ae,global_mse,2inchStickout_F_08-Jun-2017_rpm770_doc0p005_window_0003,2inchStickout/F_08-Jun-2017_rpm770_doc0p005,validation,42,3,cv_evaluation,chatter,1,0.031913497,32
turning,cnn_ae,global_mse,2inchStickout_F_08-Jun-2017_rpm770_doc0p005_window_0004,2inchStickout/F_08-Jun-2017_rpm770_doc0p005,validation,42,3,cv_evaluation,chatter,1,0.06265529,32
turning,cnn_ae,global_mse,2inchStickout_F_08-Jun-2017_rpm770_doc0p005_window_0005,2inchStickout/F_08-Jun-2017_rpm770_doc0p005,validation,42,3,cv_evaluation,chatter,1,0.05042693,32
turning,cnn_ae,global_mse,2inchStickout_F_08-Jun-2017_rpm770_doc0p005_window_0006,2inchStickout/F_08-Jun-2017_rpm770_doc0p005,validation,42,3,cv_evaluation,chatter,1,0.04880857,32
turning,cnn_ae,global_mse,2inchStickout_F_08-Jun-2017_rpm770_doc0p005_window_0007,2inchStickout/F_08-Jun-2017_rpm770_doc0p005,validation,42,3,cv_evaluation,chatter,1,0.053189512,32
turning,cnn_ae,global_mse,2inchStickout_F_08-Jun-2017_rpm770_doc0p005_window_0008,2inchStickout/F_08-Jun-2017_rpm770_doc0p005,validation,42,3,cv_evaluation,chatter,1,0.057338323,32
turning,cnn_ae,global_mse,2inchStickout_F_08-Jun-2017_rpm770_doc0p005_window_0009,2inchStickout/F_08-Jun-2017_rpm770_doc0p005,validation,42,3,cv_evaluation,chatter,1,0.037177328,32
turning,cnn_ae,global_mse,2inchStickout_F_08-Jun-2017_rpm770_doc0p005_window_0010,2inchStickout/F_08-Jun-2017_rpm770_doc0p005,validation,42,3,cv_evaluation,chatter,1,0.008985764,32
turning,cnn_ae,global_mse,2inchStickout_F_08-Jun-2017_rpm770_doc0p005_window_0011,2inchStickout/F_08-Jun-2017_rpm770_doc0p005,train,42,3,cv_evaluation,no_chatter,0,0.005918141,32
turning,cnn_ae,global_mse,2p5inchStickout_F_12-Jun-2017_rpm570_doc0p015_window_0000,2p5inchStickout/F_12-Jun-2017_rpm570_doc0p015,validation,42,3,cv_evaluation,no_chatter,0,0.00027444688,32
turning,cnn_ae,global_mse,2p5inchStickout_F_12-Jun-2017_rpm570_doc0p015_window_0001,2p5inchStickout/F_12-Jun-2017_rpm570_doc0p015,train,42,3,cv_evaluation,no_chatter,0,0.0010378401,32
turning,cnn_ae,global_mse,2p5inchStickout_F_12-Jun-2017_rpm570_doc0p015_window_0002,2p5inchStickout/F_12-Jun-2017_rpm570_doc0p015,train,42,3,cv_evaluation,no_chatter,0,0.002223839,32
turning,cnn_ae,global_mse,2p5inchStickout_F_12-Jun-2017_rpm570_doc0p015_window_0003,2p5inchStickout/F_12-Jun-2017_rpm570_doc0p015,train,42,3,cv_evaluation,no_chatter,0,0.0028491912,32
turning,cnn_ae,global_mse,2p5inchStickout_F_12-Jun-2017_rpm570_doc0p015_window_0004,2p5inchStickout/F_12-Jun-2017_rpm570_doc0p015,train,42,3,cv_evaluation,no_chatter,0,0.0014388609,32
turning,cnn_ae,global_mse,2p5inchStickout_F_12-Jun-2017_rpm570_doc0p015_window_0005,2p5inchStickout/F_12-Jun-2017_rpm570_doc0p015,train,42,3,cv_evaluation,no_chatter,0,0.0026617683,32
turning,cnn_ae,global_mse,2p5inchStickout_F_12-Jun-2017_rpm570_doc0p015_window_0006,2p5inchStickout/F_12-Jun-2017_rpm570_doc0p015,train,42,3,cv_evaluation,no_chatter,0,0.0036308025,32
turning,cnn_ae,global_mse,2p5inchStickout_F_12-Jun-2017_rpm570_doc0p015_window_0007,2p5inchStickout/F_12-Jun-2017_rpm570_doc0p015,train,42,3,cv_evaluation,no_chatter,0,0.002807996,32
turning,cnn_ae,global_mse,2p5inchStickout_F_12-Jun-2017_rpm570_doc0p015_window_0008,2p5inchStickout/F_12-Jun-2017_rpm570_doc0p015,train,42,3,cv_evaluation,no_chatter,0,0.0023795227,32
turning,cnn_ae,global_mse,2p5inchStickout_F_12-Jun-2017_rpm570_doc0p015_window_0009,2p5inchStickout/F_12-Jun-2017_rpm570_doc0p015,train,42,3,cv_evaluation,no_chatter,0,0.006962595,32
turning,cnn_ae,global_mse,2p5inchStickout_F_12-Jun-2017_rpm770_doc0p002_window_0000,2p5inchStickout/F_12-Jun-2017_rpm770_doc0p002,train,42,3,cv_evaluation,no_chatter,0,0.00042354656,32
turning,cnn_ae,global_mse,2p5inchStickout_F_12-Jun-2017_rpm770_doc0p002_window_0001,2p5inchStickout/F_12-Jun-2017_rpm770_doc0p002,train,42,3,cv_evaluation,no_chatter,0,0.0014265107,32
turning,cnn_ae,global_mse,2p5inchStickout_F_12-Jun-2017_rpm770_doc0p002_window_0002,2p5inchStickout/F_12-Jun-2017_rpm770_doc0p002,train,42,3,cv_evaluation,no_chatter,0,0.008456359,32
turning,cnn_ae,global_mse,2p5inchStickout_F_12-Jun-2017_rpm770_doc0p002_window_0003,2p5inchStickout/F_12-Jun-2017_rpm770_doc0p002,train,42,3,cv_evaluation,no_chatter,0,0.0068978067,32
turning,cnn_ae,global_mse,3inchStickout_F_12-Jun-2017_rpm570_doc0p015_window_0000,3inchStickout/F_12-Jun-2017_rpm570_doc0p015,train,42,3,cv_evaluation,no_chatter,0,0.00011407648,32
turning,cnn_ae,global_mse,3inchStickout_F_12-Jun-2017_rpm570_doc0p015_window_0001,3inchStickout/F_12-Jun-2017_rpm570_doc0p015,test,42,3,cv_evaluation,no_chatter,0,0.00013430297,32
turning,cnn_ae,global_mse,3inchStickout_F_12-Jun-2017_rpm570_doc0p015_window_0002,3inchStickout/F_12-Jun-2017_rpm570_doc0p015,train,42,3,cv_evaluation,no_chatter,0,0.00021866319,32
turning,cnn_ae,global_mse,3inchStickout_F_12-Jun-2017_rpm570_doc0p015_window_0003,3inchStickout/F_12-Jun-2017_rpm570_doc0p015,train,42,3,cv_evaluation,no_chatter,0,0.0016579988,32
turning,cnn_ae,global_mse,3inchStickout_F_12-Jun-2017_rpm570_doc0p015_window_0004,3inchStickout/F_12-Jun-2017_rpm570_doc0p015,train,42,3,cv_evaluation,no_chatter,0,0.0025143616,32
turning,cnn_ae,global_mse,3inchStickout_F_12-Jun-2017_rpm570_doc0p015_window_0005,3inchStickout/F_12-Jun-2017_rpm570_doc0p015,train,42,3,cv_evaluation,no_chatter,0,0.0023559858,32
turning,cnn_ae,global_mse,3inchStickout_F_12-Jun-2017_rpm570_doc0p015_window_0006,3inchStickout/F_12-Jun-2017_rpm570_doc0p015,train,42,3,cv_evaluation,no_chatter,0,0.0025085348,32
turning,cnn_ae,global_mse,3inchStickout_F_12-Jun-2017_rpm570_doc0p015_window_0007,3inchStickout/F_12-Jun-2017_rpm570_doc0p015,train,42,3,cv_evaluation,no_chatter,0,0.0023449028,32
turning,cnn_ae,global_mse,3inchStickout_F_12-Jun-2017_rpm570_doc0p015_window_0008,3inchStickout/F_12-Jun-2017_rpm570_doc0p015,train,42,3,cv_evaluation,no_chatter,0,0.002379344,32
turning,cnn_ae,global_mse,3inchStickout_F_12-Jun-2017_rpm570_doc0p015_window_0009,3inchStickout/F_12-Jun-2017_rpm570_doc0p015,train,42,3,cv_evaluation,no_chatter,0,0.0038759348,32
turning,cnn_ae,global_mse,4p5inchStickout_F_12-Jun-2017_rpm570_doc0p010_window_0000,4p5inchStickout/F_12-Jun-2017_rpm570_doc0p010,train,42,3,cv_evaluation,no_chatter,0,2.7730404e-05,32
turning,cnn_ae,global_mse,4p5inchStickout_F_12-Jun-2017_rpm570_doc0p010_window_0001,4p5inchStickout/F_12-Jun-2017_rpm570_doc0p010,train,42,3,cv_evaluation,no_chatter,0,3.7824153e-05,32
turning,cnn_ae,global_mse,4p5inchStickout_F_12-Jun-2017_rpm570_doc0p010_window_0002,4p5inchStickout/F_12-Jun-2017_rpm570_doc0p010,test,42,3,cv_evaluation,no_chatter,0,3.1589472e-05,32
turning,cnn_ae,global_mse,4p5inchStickout_F_12-Jun-2017_rpm570_doc0p010_window_0003,4p5inchStickout/F_12-Jun-2017_rpm570_doc0p010,train,42,3,cv_evaluation,no_chatter,0,4.0699073e-05,32
turning,cnn_ae,global_mse,4p5inchStickout_F_12-Jun-2017_rpm570_doc0p010_window_0004,4p5inchStickout/F_12-Jun-2017_rpm570_doc0p010,train,42,3,cv_evaluation,no_chatter,0,8.534713e-05,32
turning,cnn_ae,global_mse,4p5inchStickout_F_12-Jun-2017_rpm570_doc0p010_window_0005,4p5inchStickout/F_12-Jun-2017_rpm570_doc0p010,train,42,3,cv_evaluation,no_chatter,0,0.00064976246,32
turning,cnn_ae,global_mse,4p5inchStickout_F_12-Jun-2017_rpm570_doc0p010_window_0006,4p5inchStickout/F_12-Jun-2017_rpm570_doc0p010,train,42,3,cv_evaluation,no_chatter,0,0.00090102403,32
turning,cnn_ae,global_mse,4p5inchStickout_F_12-Jun-2017_rpm570_doc0p010_window_0007,4p5inchStickout/F_12-Jun-2017_rpm570_doc0p010,train,42,3,cv_evaluation,no_chatter,0,0.00082610967,32
turning,cnn_ae,global_mse,4p5inchStickout_F_12-Jun-2017_rpm570_doc0p010_window_0008,4p5inchStickout/F_12-Jun-2017_rpm570_doc0p010,train,42,3,cv_evaluation,no_chatter,0,0.0008196236,32
turning,cnn_ae,global_mse,4p5inchStickout_F_12-Jun-2017_rpm570_doc0p010_window_0009,4p5inchStickout/F_12-Jun-2017_rpm570_doc0p010,train,42,3,cv_evaluation,no_chatter,0,0.0014536913,32
turning,cnn_ae,global_mse,4p5inchStickout_F_12-Jun-2017_rpm570_doc0p010_window_0010,4p5inchStickout/F_12-Jun-2017_rpm570_doc0p010,train,42,3,cv_evaluation,no_chatter,0,0.0009674181,32
turning,cnn_ae,global_mse,4p5inchStickout_F_12-Jun-2017_rpm570_doc0p010_window_0011,4p5inchStickout/F_12-Jun-2017_rpm570_doc0p010,train,42,3,cv_evaluation,no_chatter,0,0.0009133645,32
turning,cnn_ae,global_mse,4p5inchStickout_F_13-Jun-2017_rpm1030_doc0p012_window_0000,4p5inchStickout/F_13-Jun-2017_rpm1030_doc0p012,train,42,3,cv_evaluation,no_chatter,0,8.256771e-05,32
turning,cnn_ae,global_mse,4p5inchStickout_F_13-Jun-2017_rpm1030_doc0p012_window_0001,4p5inchStickout/F_13-Jun-2017_rpm1030_doc0p012,train,42,3,cv_evaluation,no_chatter,0,0.0009314134,32
turning,cnn_ae,global_mse,4p5inchStickout_F_13-Jun-2017_rpm1030_doc0p012_window_0002,4p5inchStickout/F_13-Jun-2017_rpm1030_doc0p012,test,42,3,cv_evaluation,no_chatter,0,0.0010434175,32
turning,cnn_ae,global_mse,4p5inchStickout_F_13-Jun-2017_rpm1030_doc0p012_window_0003,4p5inchStickout/F_13-Jun-2017_rpm1030_doc0p012,train,42,3,cv_evaluation,no_chatter,0,0.0009570919,32
turning,cnn_ae,global_mse,4p5inchStickout_F_13-Jun-2017_rpm1030_doc0p016_window_0000,4p5inchStickout/F_13-Jun-2017_rpm1030_doc0p016,test,42,3,cv_evaluation,no_chatter,0,8.797527e-05,32
turning,cnn_ae,global_mse,4p5inchStickout_F_13-Jun-2017_rpm1030_doc0p016_window_0001,4p5inchStickout/F_13-Jun-2017_rpm1030_doc0p016,train,42,3,cv_evaluation,no_chatter,0,0.0009274479,32
turning,cnn_ae,global_mse,4p5inchStickout_F_13-Jun-2017_rpm1030_doc0p016_window_0002,4p5inchStickout/F_13-Jun-2017_rpm1030_doc0p016,train,42,3,cv_evaluation,no_chatter,0,0.0010936526,32
turning,cnn_ae,global_mse,4p5inchStickout_F_13-Jun-2017_rpm1030_doc0p016_window_0003,4p5inchStickout/F_13-Jun-2017_rpm1030_doc0p016,train,42,3,cv_evaluation,no_chatter,0,0.0010486902,32
turning,cnn_ae,global_mae,2inchStickout_F_08-Jun-2017_rpm320_doc0p035_window_0000,2inchStickout/F_08-Jun-2017_rpm320_doc0p035,train,42,3,cv_evaluation,no_chatter,0,0.0028170294,32
turning,cnn_ae,global_mae,2inchStickout_F_08-Jun-2017_rpm320_doc0p035_window_0001,2inchStickout/F_08-Jun-2017_rpm320_doc0p035,train,42,3,cv_evaluation,no_chatter,0,0.0026928897,32
turning,cnn_ae,global_mae,2inchStickout_F_08-Jun-2017_rpm320_doc0p035_window_0002,2inchStickout/F_08-Jun-2017_rpm320_doc0p035,train,42,3,cv_evaluation,no_chatter,0,0.002547607,32
turning,cnn_ae,global_mae,2inchStickout_F_08-Jun-2017_rpm320_doc0p035_window_0003,2inchStickout/F_08-Jun-2017_rpm320_doc0p035,validation,42,3,cv_evaluation,no_chatter,0,0.0033783875,32
turning,cnn_ae,global_mae,2inchStickout_F_08-Jun-2017_rpm320_doc0p035_window_0004,2inchStickout/F_08-Jun-2017_rpm320_doc0p035,train,42,3,cv_evaluation,no_chatter,0,0.011411161,32
turning,cnn_ae,global_mae,2inchStickout_F_08-Jun-2017_rpm320_doc0p035_window_0005,2inchStickout/F_08-Jun-2017_rpm320_doc0p035,train,42,3,cv_evaluation,no_chatter,0,0.010313041,32
turning,cnn_ae,global_mae,2inchStickout_F_08-Jun-2017_rpm320_doc0p035_window_0006,2inchStickout/F_08-Jun-2017_rpm320_doc0p035,train,42,3,cv_evaluation,no_chatter,0,0.010423828,32
turning,cnn_ae,global_mae,2inchStickout_F_08-Jun-2017_rpm320_doc0p035_window_0007,2inchStickout/F_08-Jun-2017_rpm320_doc0p035,train,42,3,cv_evaluation,no_chatter,0,0.011035142,32
turning,cnn_ae,global_mae,2inchStickout_F_08-Jun-2017_rpm320_doc0p035_window_0008,2inchStickout/F_08-Jun-2017_rpm320_doc0p035,train,42,3,cv_evaluation,no_chatter,0,0.011031049,32
turning,cnn_ae,global_mae,2inchStickout_F_08-Jun-2017_rpm320_doc0p035_window_0009,2inchStickout/F_08-Jun-2017_rpm320_doc0p035,train,42,3,cv_evaluation,no_chatter,0,0.010867318,32
turning,cnn_ae,global_mae,2inchStickout_F_08-Jun-2017_rpm320_doc0p035_window_0010,2inchStickout/F_08-Jun-2017_rpm320_doc0p035,train,42,3,cv_evaluation,no_chatter,0,0.012686167,32
turning,cnn_ae,global_mae,2inchStickout_F_08-Jun-2017_rpm320_doc0p035_window_0011,2inchStickout/F_08-Jun-2017_rpm320_doc0p035,train,42,3,cv_evaluation,no_chatter,0,0.011706472,32
turning,cnn_ae,global_mae,2inchStickout_F_08-Jun-2017_rpm320_doc0p035_window_0012,2inchStickout/F_08-Jun-2017_rpm320_doc0p035,train,42,3,cv_evaluation,no_chatter,0,0.012105287,32
turning,cnn_ae,global_mae,2inchStickout_F_08-Jun-2017_rpm320_doc0p035_window_0013,2inchStickout/F_08-Jun-2017_rpm320_doc0p035,train,42,3,cv_evaluation,no_chatter,0,0.012921633,32
turning,cnn_ae,global_mae,2inchStickout_F_08-Jun-2017_rpm320_doc0p035_window_0014,2inchStickout/F_08-Jun-2017_rpm320_doc0p035,train,42,3,cv_evaluation,no_chatter,0,0.010753739,32
turning,cnn_ae,global_mae,2inchStickout_F_08-Jun-2017_rpm320_doc0p035_window_0015,2inchStickout/F_08-Jun-2017_rpm320_doc0p035,train,42,3,cv_evaluation,no_chatter,0,0.01191724,32
turning,cnn_ae,global_mae,2inchStickout_F_08-Jun-2017_rpm320_doc0p035_window_0016,2inchStickout/F_08-Jun-2017_rpm320_doc0p035,train,42,3,cv_evaluation,no_chatter,0,0.012292958,32
turning,cnn_ae,global_mae,2inchStickout_F_08-Jun-2017_rpm320_doc0p035_window_0017,2inchStickout/F_08-Jun-2017_rpm320_doc0p035,train,42,3,cv_evaluation,no_chatter,0,0.013077306,32
turning,cnn_ae,global_mae,2inchStickout_F_08-Jun-2017_rpm320_doc0p035_window_0018,2inchStickout/F_08-Jun-2017_rpm320_doc0p035,train,42,3,cv_evaluation,no_chatter,0,0.013996777,32
turning,cnn_ae,global_mae,2inchStickout_F_08-Jun-2017_rpm320_doc0p035_window_0019,2inchStickout/F_08-Jun-2017_rpm320_doc0p035,train,42,3,cv_evaluation,no_chatter,0,0.014225561,32
turning,cnn_ae,global_mae,2inchStickout_F_08-Jun-2017_rpm320_doc0p035_window_0020,2inchStickout/F_08-Jun-2017_rpm320_doc0p035,validation,42,3,cv_evaluation,no_chatter,0,0.014558847,32
turning,cnn_ae,global_mae,2inchStickout_F_08-Jun-2017_rpm320_doc0p035_window_0021,2inchStickout/F_08-Jun-2017_rpm320_doc0p035,train,42,3,cv_evaluation,no_chatter,0,0.014549753,32
turning,cnn_ae,global_mae,2inchStickout_F_08-Jun-2017_rpm320_doc0p035_window_0022,2inchStickout/F_08-Jun-2017_rpm320_doc0p035,validation,42,3,cv_evaluation,no_chatter,0,0.015375103,32
turning,cnn_ae,global_mae,2inchStickout_F_08-Jun-2017_rpm320_doc0p035_window_0023,2inchStickout/F_08-Jun-2017_rpm320_doc0p035,train,42,3,cv_evaluation,no_chatter,0,0.016237184,32
turning,cnn_ae,global_mae,2inchStickout_F_08-Jun-2017_rpm320_doc0p040_window_0000,2inchStickout/F_08-Jun-2017_rpm320_doc0p040,test,42,3,cv_evaluation,no_chatter,0,0.002850157,32
turning,cnn_ae,global_mae,2inchStickout_F_08-Jun-2017_rpm320_doc0p040_window_0001,2inchStickout/F_08-Jun-2017_rpm320_doc0p040,train,42,3,cv_evaluation,no_chatter,0,0.0028086666,32
turning,cnn_ae,global_mae,2inchStickout_F_08-Jun-2017_rpm320_doc0p040_window_0002,2inchStickout/F_08-Jun-2017_rpm320_doc0p040,train,42,3,cv_evaluation,no_chatter,0,0.002651625,32
turning,cnn_ae,global_mae,2inchStickout_F_08-Jun-2017_rpm320_doc0p040_window_0003,2inchStickout/F_08-Jun-2017_rpm320_doc0p040,test,42,3,cv_evaluation,no_chatter,0,0.011645735,32
turning,cnn_ae,global_mae,2inchStickout_F_08-Jun-2017_rpm320_doc0p040_window_0004,2inchStickout/F_08-Jun-2017_rpm320_doc0p040,test,42,3,cv_evaluation,no_chatter,0,0.011826576,32
turning,cnn_ae,global_mae,2inchStickout_F_08-Jun-2017_rpm320_doc0p040_window_0005,2inchStickout/F_08-Jun-2017_rpm320_doc0p040,train,42,3,cv_evaluation,no_chatter,0,0.012285673,32
turning,cnn_ae,global_mae,2inchStickout_F_08-Jun-2017_rpm320_doc0p040_window_0006,2inchStickout/F_08-Jun-2017_rpm320_doc0p040,train,42,3,cv_evaluation,no_chatter,0,0.012042639,32
turning,cnn_ae,global_mae,2inchStickout_F_08-Jun-2017_rpm320_doc0p040_window_0007,2inchStickout/F_08-Jun-2017_rpm320_doc0p040,train,42,3,cv_evaluation,no_chatter,0,0.012720361,32
turning,cnn_ae,global_mae,2inchStickout_F_08-Jun-2017_rpm320_doc0p040_window_0008,2inchStickout/F_08-Jun-2017_rpm320_doc0p040,train,42,3,cv_evaluation,no_chatter,0,0.015090901,32
turning,cnn_ae,global_mae,2inchStickout_F_08-Jun-2017_rpm320_doc0p040_window_0009,2inchStickout/F_08-Jun-2017_rpm320_doc0p040,train,42,3,cv_evaluation,no_chatter,0,0.016121957,32
turning,cnn_ae,global_mae,2inchStickout_F_08-Jun-2017_rpm320_doc0p040_window_0010,2inchStickout/F_08-Jun-2017_rpm320_doc0p040,train,42,3,cv_evaluation,no_chatter,0,0.015031048,32
turning,cnn_ae,global_mae,2inchStickout_F_08-Jun-2017_rpm320_doc0p040_window_0011,2inchStickout/F_08-Jun-2017_rpm320_doc0p040,train,42,3,cv_evaluation,no_chatter,0,0.013895924,32
turning,cnn_ae,global_mae,2inchStickout_F_08-Jun-2017_rpm320_doc0p040_window_0012,2inchStickout/F_08-Jun-2017_rpm320_doc0p040,test,42,3,cv_evaluation,no_chatter,0,0.016163196,32
turning,cnn_ae,global_mae,2inchStickout_F_08-Jun-2017_rpm320_doc0p040_window_0013,2inchStickout/F_08-Jun-2017_rpm320_doc0p040,train,42,3,cv_evaluation,no_chatter,0,0.015598584,32
turning,cnn_ae,global_mae,2inchStickout_F_08-Jun-2017_rpm320_doc0p040_window_0014,2inchStickout/F_08-Jun-2017_rpm320_doc0p040,train,42,3,cv_evaluation,no_chatter,0,0.015255357,32
turning,cnn_ae,global_mae,2inchStickout_F_08-Jun-2017_rpm320_doc0p040_window_0015,2inchStickout/F_08-Jun-2017_rpm320_doc0p040,train,42,3,cv_evaluation,no_chatter,0,0.014087459,32
turning,cnn_ae,global_mae,2inchStickout_F_08-Jun-2017_rpm320_doc0p040_window_0016,2inchStickout/F_08-Jun-2017_rpm320_doc0p040,train,42,3,cv_evaluation,no_chatter,0,0.012318652,32
turning,cnn_ae,global_mae,2inchStickout_F_08-Jun-2017_rpm320_doc0p040_window_0017,2inchStickout/F_08-Jun-2017_rpm320_doc0p040,train,42,3,cv_evaluation,no_chatter,0,0.012579386,32
turning,cnn_ae,global_mae,2inchStickout_F_08-Jun-2017_rpm320_doc0p040_window_0018,2inchStickout/F_08-Jun-2017_rpm320_doc0p040,train,42,3,cv_evaluation,no_chatter,0,0.012983357,32
turning,cnn_ae,global_mae,2inchStickout_F_08-Jun-2017_rpm320_doc0p040_window_0019,2inchStickout/F_08-Jun-2017_rpm320_doc0p040,train,42,3,cv_evaluation,no_chatter,0,0.013075894,32
turning,cnn_ae,global_mae,2inchStickout_F_08-Jun-2017_rpm320_doc0p040_window_0020,2inchStickout/F_08-Jun-2017_rpm320_doc0p040,train,42,3,cv_evaluation,no_chatter,0,0.013288071,32
turning,cnn_ae,global_mae,2inchStickout_F_08-Jun-2017_rpm320_doc0p040_window_0021,2inchStickout/F_08-Jun-2017_rpm320_doc0p040,train,42,3,cv_evaluation,no_chatter,0,0.011448901,32
turning,cnn_ae,global_mae,2inchStickout_F_08-Jun-2017_rpm320_doc0p040_window_0022,2inchStickout/F_08-Jun-2017_rpm320_doc0p040,test,42,3,cv_evaluation,no_chatter,0,0.01303157,32
turning,cnn_ae,global_mae,2inchStickout_F_08-Jun-2017_rpm320_doc0p040_window_0023,2inchStickout/F_08-Jun-2017_rpm320_doc0p040,train,42,3,cv_evaluation,no_chatter,0,0.011703624,32
turning,cnn_ae,global_mae,2inchStickout_F_08-Jun-2017_rpm425_doc0p005_window_0000,2inchStickout/F_08-Jun-2017_rpm425_doc0p005,train,42,3,cv_evaluation,no_chatter,0,0.004173084,32
turning,cnn_ae,global_mae,2inchStickout_F_08-Jun-2017_rpm425_doc0p005_window_0001,2inchStickout/F_08-Jun-2017_rpm425_doc0p005,train,42,3,cv_evaluation,no_chatter,0,0.0041636014,32
turning,cnn_ae,global_mae,2inchStickout_F_08-Jun-2017_rpm425_doc0p005_window_0002,2inchStickout/F_08-Jun-2017_rpm425_doc0p005,train,42,3,cv_evaluation,no_chatter,0,0.009697678,32
turning,cnn_ae,global_mae,2inchStickout_F_08-Jun-2017_rpm425_doc0p005_window_0003,2inchStickout/F_08-Jun-2017_rpm425_doc0p005,test,42,3,cv_evaluation,no_chatter,0,0.014335665,32
turning,cnn_ae,global_mae,2inchStickout_F_08-Jun-2017_rpm425_doc0p005_window_0004,2inchStickout/F_08-Jun-2017_rpm425_doc0p005,train,42,3,cv_evaluation,no_chatter,0,0.014444633,32
turning,cnn_ae,global_mae,2inchStickout_F_08-Jun-2017_rpm425_doc0p005_window_0005,2inchStickout/F_08-Jun-2017_rpm425_doc0p005,test,42,3,cv_evaluation,no_chatter,0,0.014538349,32
turning,cnn_ae,global_mae,2inchStickout_F_08-Jun-2017_rpm425_doc0p005_window_0006,2inchStickout/F_08-Jun-2017_rpm425_doc0p005,train,42,3,cv_evaluation,no_chatter,0,0.014208024,32
turning,cnn_ae,global_mae,2inchStickout_F_08-Jun-2017_rpm425_doc0p005_window_0007,2inchStickout/F_08-Jun-2017_rpm425_doc0p005,train,42,3,cv_evaluation,no_chatter,0,0.015033372,32
turning,cnn_ae,global_mae,2inchStickout_F_08-Jun-2017_rpm425_doc0p015_window_0000,2inchStickout/F_08-Jun-2017_rpm425_doc0p015,train,42,3,cv_evaluation,no_chatter,0,0.0034377635,32
turning,cnn_ae,global_mae,2inchStickout_F_08-Jun-2017_rpm425_doc0p015_window_0001,2inchStickout/F_08-Jun-2017_rpm425_doc0p015,train,42,3,cv_evaluation,no_chatter,0,0.0033863045,32
turning,cnn_ae,global_mae,2inchStickout_F_08-Jun-2017_rpm425_doc0p015_window_0002,2inchStickout/F_08-Jun-2017_rpm425_doc0p015,train,42,3,cv_evaluation,no_chatter,0,0.011735038,32
turning,cnn_ae,global_mae,2inchStickout_F_08-Jun-2017_rpm425_doc0p015_window_0003,2inchStickout/F_08-Jun-2017_rpm425_doc0p015,train,42,3,cv_evaluation,no_chatter,0,0.0141575355,32
turning,cnn_ae,global_mae,2inchStickout_F_08-Jun-2017_rpm425_doc0p015_window_0004,2inchStickout/F_08-Jun-2017_rpm425_doc0p015,train,42,3,cv_evaluation,no_chatter,0,0.0166742,32
turning,cnn_ae,global_mae,2inchStickout_F_08-Jun-2017_rpm425_doc0p015_window_0005,2inchStickout/F_08-Jun-2017_rpm425_doc0p015,train,42,3,cv_evaluation,no_chatter,0,0.01678823,32
turning,cnn_ae,global_mae,2inchStickout_F_08-Jun-2017_rpm425_doc0p015_window_0006,2inchStickout/F_08-Jun-2017_rpm425_doc0p015,train,42,3,cv_evaluation,no_chatter,0,0.020371972,32
turning,cnn_ae,global_mae,2inchStickout_F_08-Jun-2017_rpm425_doc0p015_window_0007,2inchStickout/F_08-Jun-2017_rpm425_doc0p015,validation,42,3,cv_evaluation,no_chatter,0,0.020303592,32
turning,cnn_ae,global_mae,2inchStickout_F_08-Jun-2017_rpm770_doc0p005_window_0000,2inchStickout/F_08-Jun-2017_rpm770_doc0p005,validation,42,3,cv_evaluation,chatter,1,0.058550205,32
turning,cnn_ae,global_mae,2inchStickout_F_08-Jun-2017_rpm770_doc0p005_window_0001,2inchStickout/F_08-Jun-2017_rpm770_doc0p005,validation,42,3,cv_evaluation,chatter,1,0.14129688,32
turning,cnn_ae,global_mae,2inchStickout_F_08-Jun-2017_rpm770_doc0p005_window_0002,2inchStickout/F_08-Jun-2017_rpm770_doc0p005,validation,42,3,cv_evaluation,chatter,1,0.13177034,32
turning,cnn_ae,global_mae,2inchStickout_F_08-Jun-2017_rpm770_doc0p005_window_0003,2inchStickout/F_08-Jun-2017_rpm770_doc0p005,validation,42,3,cv_evaluation,chatter,1,0.12494658,32
turning,cnn_ae,global_mae,2inchStickout_F_08-Jun-2017_rpm770_doc0p005_window_0004,2inchStickout/F_08-Jun-2017_rpm770_doc0p005,validation,42,3,cv_evaluation,chatter,1,0.18120964,32
turning,cnn_ae,global_mae,2inchStickout_F_08-Jun-2017_rpm770_doc0p005_window_0005,2inchStickout/F_08-Jun-2017_rpm770_doc0p005,validation,42,3,cv_evaluation,chatter,1,0.1609338,32
turning,cnn_ae,global_mae,2inchStickout_F_08-Jun-2017_rpm770_doc0p005_window_0006,2inchStickout/F_08-Jun-2017_rpm770_doc0p005,validation,42,3,cv_evaluation,chatter,1,0.15687527,32
turning,cnn_ae,global_mae,2inchStickout_F_08-Jun-2017_rpm770_doc0p005_window_0007,2inchStickout/F_08-Jun-2017_rpm770_doc0p005,validation,42,3,cv_evaluation,chatter,1,0.1658994,32
turning,cnn_ae,global_mae,2inchStickout_F_08-Jun-2017_rpm770_doc0p005_window_0008,2inchStickout/F_08-Jun-2017_rpm770_doc0p005,validation,42,3,cv_evaluation,chatter,1,0.17282891,32
turning,cnn_ae,global_mae,2inchStickout_F_08-Jun-2017_rpm770_doc0p005_window_0009,2inchStickout/F_08-Jun-2017_rpm770_doc0p005,validation,42,3,cv_evaluation,chatter,1,0.13710897,32
turning,cnn_ae,global_mae,2inchStickout_F_08-Jun-2017_rpm770_doc0p005_window_0010,2inchStickout/F_08-Jun-2017_rpm770_doc0p005,validation,42,3,cv_evaluation,chatter,1,0.06175893,32
turning,cnn_ae,global_mae,2inchStickout_F_08-Jun-2017_rpm770_doc0p005_window_0011,2inchStickout/F_08-Jun-2017_rpm770_doc0p005,train,42,3,cv_evaluation,no_chatter,0,0.048257727,32
turning,cnn_ae,global_mae,2p5inchStickout_F_12-Jun-2017_rpm570_doc0p015_window_0000,2p5inchStickout/F_12-Jun-2017_rpm570_doc0p015,validation,42,3,cv_evaluation,no_chatter,0,0.0044950037,32
turning,cnn_ae,global_mae,2p5inchStickout_F_12-Jun-2017_rpm570_doc0p015_window_0001,2p5inchStickout/F_12-Jun-2017_rpm570_doc0p015,train,42,3,cv_evaluation,no_chatter,0,0.015419122,32
turning,cnn_ae,global_mae,2p5inchStickout_F_12-Jun-2017_rpm570_doc0p015_window_0002,2p5inchStickout/F_12-Jun-2017_rpm570_doc0p015,train,42,3,cv_evaluation,no_chatter,0,0.026859842,32
turning,cnn_ae,global_mae,2p5inchStickout_F_12-Jun-2017_rpm570_doc0p015_window_0003,2p5inchStickout/F_12-Jun-2017_rpm570_doc0p015,train,42,3,cv_evaluation,no_chatter,0,0.028705047,32
turning,cnn_ae,global_mae,2p5inchStickout_F_12-Jun-2017_rpm570_doc0p015_window_0004,2p5inchStickout/F_12-Jun-2017_rpm570_doc0p015,train,42,3,cv_evaluation,no_chatter,0,0.020082429,32
turning,cnn_ae,global_mae,2p5inchStickout_F_12-Jun-2017_rpm570_doc0p015_window_0005,2p5inchStickout/F_12-Jun-2017_rpm570_doc0p015,train,42,3,cv_evaluation,no_chatter,0,0.028188433,32
turning,cnn_ae,global_mae,2p5inchStickout_F_12-Jun-2017_rpm570_doc0p015_window_0006,2p5inchStickout/F_12-Jun-2017_rpm570_doc0p015,train,42,3,cv_evaluation,no_chatter,0,0.034375,32
turning,cnn_ae,global_mae,2p5inchStickout_F_12-Jun-2017_rpm570_doc0p015_window_0007,2p5inchStickout/F_12-Jun-2017_rpm570_doc0p015,train,42,3,cv_evaluation,no_chatter,0,0.028111795,32
turning,cnn_ae,global_mae,2p5inchStickout_F_12-Jun-2017_rpm570_doc0p015_window_0008,2p5inchStickout/F_12-Jun-2017_rpm570_doc0p015,train,42,3,cv_evaluation,no_chatter,0,0.026448641,32
turning,cnn_ae,global_mae,2p5inchStickout_F_12-Jun-2017_rpm570_doc0p015_window_0009,2p5inchStickout/F_12-Jun-2017_rpm570_doc0p015,train,42,3,cv_evaluation,no_chatter,0,0.050520286,32
turning,cnn_ae,global_mae,2p5inchStickout_F_12-Jun-2017_rpm770_doc0p002_window_0000,2p5inchStickout/F_12-Jun-2017_rpm770_doc0p002,train,42,3,cv_evaluation,no_chatter,0,0.006168205,32
turning,cnn_ae,global_mae,2p5inchStickout_F_12-Jun-2017_rpm770_doc0p002_window_0001,2p5inchStickout/F_12-Jun-2017_rpm770_doc0p002,train,42,3,cv_evaluation,no_chatter,0,0.021390669,32
turning,cnn_ae,global_mae,2p5inchStickout_F_12-Jun-2017_rpm770_doc0p002_window_0002,2p5inchStickout/F_12-Jun-2017_rpm770_doc0p002,train,42,3,cv_evaluation,no_chatter,0,0.059440125,32
turning,cnn_ae,global_mae,2p5inchStickout_F_12-Jun-2017_rpm770_doc0p002_window_0003,2p5inchStickout/F_12-Jun-2017_rpm770_doc0p002,train,42,3,cv_evaluation,no_chatter,0,0.051387165,32
turning,cnn_ae,global_mae,3inchStickout_F_12-Jun-2017_rpm570_doc0p015_window_0000,3inchStickout/F_12-Jun-2017_rpm570_doc0p015,train,42,3,cv_evaluation,no_chatter,0,0.002946878,32
turning,cnn_ae,global_mae,3inchStickout_F_12-Jun-2017_rpm570_doc0p015_window_0001,3inchStickout/F_12-Jun-2017_rpm570_doc0p015,test,42,3,cv_evaluation,no_chatter,0,0.0031766826,32
turning,cnn_ae,global_mae,3inchStickout_F_12-Jun-2017_rpm570_doc0p015_window_0002,3inchStickout/F_12-Jun-2017_rpm570_doc0p015,train,42,3,cv_evaluation,no_chatter,0,0.004418019,32
turning,cnn_ae,global_mae,3inchStickout_F_12-Jun-2017_rpm570_doc0p015_window_0003,3inchStickout/F_12-Jun-2017_rpm570_doc0p015,train,42,3,cv_evaluation,no_chatter,0,0.019069038,32
turning,cnn_ae,global_mae,3inchStickout_F_12-Jun-2017_rpm570_doc0p015_window_0004,3inchStickout/F_12-Jun-2017_rpm570_doc0p015,train,42,3,cv_evaluation,no_chatter,0,0.02435664,32
turning,cnn_ae,global_mae,3inchStickout_F_12-Jun-2017_rpm570_doc0p015_window_0005,3inchStickout/F_12-Jun-2017_rpm570_doc0p015,train,42,3,cv_evaluation,no_chatter,0,0.023471847,32
turning,cnn_ae,global_mae,3inchStickout_F_12-Jun-2017_rpm570_doc0p015_window_0006,3inchStickout/F_12-Jun-2017_rpm570_doc0p015,train,42,3,cv_evaluation,no_chatter,0,0.024490777,32
turning,cnn_ae,global_mae,3inchStickout_F_12-Jun-2017_rpm570_doc0p015_window_0007,3inchStickout/F_12-Jun-2017_rpm570_doc0p015,train,42,3,cv_evaluation,no_chatter,0,0.023289805,32
turning,cnn_ae,global_mae,3inchStickout_F_12-Jun-2017_rpm570_doc0p015_window_0008,3inchStickout/F_12-Jun-2017_rpm570_doc0p015,train,42,3,cv_evaluation,no_chatter,0,0.023546254,32
turning,cnn_ae,global_mae,3inchStickout_F_12-Jun-2017_rpm570_doc0p015_window_0009,3inchStickout/F_12-Jun-2017_rpm570_doc0p015,train,42,3,cv_evaluation,no_chatter,0,0.0322883,32
turning,cnn_ae,global_mae,4p5inchStickout_F_12-Jun-2017_rpm570_doc0p010_window_0000,4p5inchStickout/F_12-Jun-2017_rpm570_doc0p010,train,42,3,cv_evaluation,no_chatter,0,0.0016611646,32
turning,cnn_ae,global_mae,4p5inchStickout_F_12-Jun-2017_rpm570_doc0p010_window_0001,4p5inchStickout/F_12-Jun-2017_rpm570_doc0p010,train,42,3,cv_evaluation,no_chatter,0,0.0017671492,32
turning,cnn_ae,global_mae,4p5inchStickout_F_12-Jun-2017_rpm570_doc0p010_window_0002,4p5inchStickout/F_12-Jun-2017_rpm570_doc0p010,test,42,3,cv_evaluation,no_chatter,0,0.00169298,32
turning,cnn_ae,global_mae,4p5inchStickout_F_12-Jun-2017_rpm570_doc0p010_window_0003,4p5inchStickout/F_12-Jun-2017_rpm570_doc0p010,train,42,3,cv_evaluation,no_chatter,0,0.0017822135,32
turning,cnn_ae,global_mae,4p5inchStickout_F_12-Jun-2017_rpm570_doc0p010_window_0004,4p5inchStickout/F_12-Jun-2017_rpm570_doc0p010,train,42,3,cv_evaluation,no_chatter,0,0.0024323796,32
turning,cnn_ae,global_mae,4p5inchStickout_F_12-Jun-2017_rpm570_doc0p010_window_0005,4p5inchStickout/F_12-Jun-2017_rpm570_doc0p010,train,42,3,cv_evaluation,no_chatter,0,0.015296924,32
turning,cnn_ae,global_mae,4p5inchStickout_F_12-Jun-2017_rpm570_doc0p010_window_0006,4p5inchStickout/F_12-Jun-2017_rpm570_doc0p010,train,42,3,cv_evaluation,no_chatter,0,0.018449126,32
turning,cnn_ae,global_mae,4p5inchStickout_F_12-Jun-2017_rpm570_doc0p010_window_0007,4p5inchStickout/F_12-Jun-2017_rpm570_doc0p010,train,42,3,cv_evaluation,no_chatter,0,0.0172661,32
turning,cnn_ae,global_mae,4p5inchStickout_F_12-Jun-2017_rpm570_doc0p010_window_0008,4p5inchStickout/F_12-Jun-2017_rpm570_doc0p010,train,42,3,cv_evaluation,no_chatter,0,0.017215747,32
turning,cnn_ae,global_mae,4p5inchStickout_F_12-Jun-2017_rpm570_doc0p010_window_0009,4p5inchStickout/F_12-Jun-2017_rpm570_doc0p010,train,42,3,cv_evaluation,no_chatter,0,0.021912385,32
turning,cnn_ae,global_mae,4p5inchStickout_F_12-Jun-2017_rpm570_doc0p010_window_0010,4p5inchStickout/F_12-Jun-2017_rpm570_doc0p010,train,42,3,cv_evaluation,no_chatter,0,0.019235305,32
turning,cnn_ae,global_mae,4p5inchStickout_F_12-Jun-2017_rpm570_doc0p010_window_0011,4p5inchStickout/F_12-Jun-2017_rpm570_doc0p010,train,42,3,cv_evaluation,no_chatter,0,0.018726885,32
turning,cnn_ae,global_mae,4p5inchStickout_F_13-Jun-2017_rpm1030_doc0p012_window_0000,4p5inchStickout/F_13-Jun-2017_rpm1030_doc0p012,train,42,3,cv_evaluation,no_chatter,0,0.0026017092,32
turning,cnn_ae,global_mae,4p5inchStickout_F_13-Jun-2017_rpm1030_doc0p012_window_0001,4p5inchStickout/F_13-Jun-2017_rpm1030_doc0p012,train,42,3,cv_evaluation,no_chatter,0,0.017811071,32
turning,cnn_ae,global_mae,4p5inchStickout_F_13-Jun-2017_rpm1030_doc0p012_window_0002,4p5inchStickout/F_13-Jun-2017_rpm1030_doc0p012,test,42,3,cv_evaluation,no_chatter,0,0.02122992,32
turning,cnn_ae,global_mae,4p5inchStickout_F_13-Jun-2017_rpm1030_doc0p012_window_0003,4p5inchStickout/F_13-Jun-2017_rpm1030_doc0p012,train,42,3,cv_evaluation,no_chatter,0,0.020138185,32
turning,cnn_ae,global_mae,4p5inchStickout_F_13-Jun-2017_rpm1030_doc0p016_window_0000,4p5inchStickout/F_13-Jun-2017_rpm1030_doc0p016,test,42,3,cv_evaluation,no_chatter,0,0.0026637486,32
turning,cnn_ae,global_mae,4p5inchStickout_F_13-Jun-2017_rpm1030_doc0p016_window_0001,4p5inchStickout/F_13-Jun-2017_rpm1030_doc0p016,train,42,3,cv_evaluation,no_chatter,0,0.019621436,32
turning,cnn_ae,global_mae,4p5inchStickout_F_13-Jun-2017_rpm1030_doc0p016_window_0002,4p5inchStickout/F_13-Jun-2017_rpm1030_doc0p016,train,42,3,cv_evaluation,no_chatter,0,0.022771185,32
turning,cnn_ae,global_mae,4p5inchStickout_F_13-Jun-2017_rpm1030_doc0p016_window_0003,4p5inchStickout/F_13-Jun-2017_rpm1030_doc0p016,train,42,3,cv_evaluation,no_chatter,0,0.022114329,32
turning,cnn_ae,ver_max,2inchStickout_F_08-Jun-2017_rpm320_doc0p035_window_0000,2inchStickout/F_08-Jun-2017_rpm320_doc0p035,train,42,3,cv_evaluation,no_chatter,0,0.00010624823,32
turning,cnn_ae,ver_max,2inchStickout_F_08-Jun-2017_rpm320_doc0p035_window_0001,2inchStickout/F_08-Jun-2017_rpm320_doc0p035,train,42,3,cv_evaluation,no_chatter,0,0.00010591654,32
turning,cnn_ae,ver_max,2inchStickout_F_08-Jun-2017_rpm320_doc0p035_window_0002,2inchStickout/F_08-Jun-2017_rpm320_doc0p035,train,42,3,cv_evaluation,no_chatter,0,8.736176e-05,32
turning,cnn_ae,ver_max,2inchStickout_F_08-Jun-2017_rpm320_doc0p035_window_0003,2inchStickout/F_08-Jun-2017_rpm320_doc0p035,validation,42,3,cv_evaluation,no_chatter,0,0.0008666122,32
turning,cnn_ae,ver_max,2inchStickout_F_08-Jun-2017_rpm320_doc0p035_window_0004,2inchStickout/F_08-Jun-2017_rpm320_doc0p035,train,42,3,cv_evaluation,no_chatter,0,0.0010093128,32
turning,cnn_ae,ver_max,2inchStickout_F_08-Jun-2017_rpm320_doc0p035_window_0005,2inchStickout/F_08-Jun-2017_rpm320_doc0p035,train,42,3,cv_evaluation,no_chatter,0,0.00056769216,32
turning,cnn_ae,ver_max,2inchStickout_F_08-Jun-2017_rpm320_doc0p035_window_0006,2inchStickout/F_08-Jun-2017_rpm320_doc0p035,train,42,3,cv_evaluation,no_chatter,0,0.00044365728,32
turning,cnn_ae,ver_max,2inchStickout_F_08-Jun-2017_rpm320_doc0p035_window_0007,2inchStickout/F_08-Jun-2017_rpm320_doc0p035,train,42,3,cv_evaluation,no_chatter,0,0.000512965,32
turning,cnn_ae,ver_max,2inchStickout_F_08-Jun-2017_rpm320_doc0p035_window_0008,2inchStickout/F_08-Jun-2017_rpm320_doc0p035,train,42,3,cv_evaluation,no_chatter,0,0.0005153527,32
turning,cnn_ae,ver_max,2inchStickout_F_08-Jun-2017_rpm320_doc0p035_window_0009,2inchStickout/F_08-Jun-2017_rpm320_doc0p035,train,42,3,cv_evaluation,no_chatter,0,0.0004707746,32
turning,cnn_ae,ver_max,2inchStickout_F_08-Jun-2017_rpm320_doc0p035_window_0010,2inchStickout/F_08-Jun-2017_rpm320_doc0p035,train,42,3,cv_evaluation,no_chatter,0,0.0007690374,32
turning,cnn_ae,ver_max,2inchStickout_F_08-Jun-2017_rpm320_doc0p035_window_0011,2inchStickout/F_08-Jun-2017_rpm320_doc0p035,train,42,3,cv_evaluation,no_chatter,0,0.0007444455,32
turning,cnn_ae,ver_max,2inchStickout_F_08-Jun-2017_rpm320_doc0p035_window_0012,2inchStickout/F_08-Jun-2017_rpm320_doc0p035,train,42,3,cv_evaluation,no_chatter,0,0.000740826,32
turning,cnn_ae,ver_max,2inchStickout_F_08-Jun-2017_rpm320_doc0p035_window_0013,2inchStickout/F_08-Jun-2017_rpm320_doc0p035,train,42,3,cv_evaluation,no_chatter,0,0.0009180186,32
turning,cnn_ae,ver_max,2inchStickout_F_08-Jun-2017_rpm320_doc0p035_window_0014,2inchStickout/F_08-Jun-2017_rpm320_doc0p035,train,42,3,cv_evaluation,no_chatter,0,0.0004412038,32
turning,cnn_ae,ver_max,2inchStickout_F_08-Jun-2017_rpm320_doc0p035_window_0015,2inchStickout/F_08-Jun-2017_rpm320_doc0p035,train,42,3,cv_evaluation,no_chatter,0,0.0010311359,32
turning,cnn_ae,ver_max,2inchStickout_F_08-Jun-2017_rpm320_doc0p035_window_0016,2inchStickout/F_08-Jun-2017_rpm320_doc0p035,train,42,3,cv_evaluation,no_chatter,0,0.0006714358,32
turning,cnn_ae,ver_max,2inchStickout_F_08-Jun-2017_rpm320_doc0p035_window_0017,2inchStickout/F_08-Jun-2017_rpm320_doc0p035,train,42,3,cv_evaluation,no_chatter,0,0.0008978082,32
turning,cnn_ae,ver_max,2inchStickout_F_08-Jun-2017_rpm320_doc0p035_window_0018,2inchStickout/F_08-Jun-2017_rpm320_doc0p035,train,42,3,cv_evaluation,no_chatter,0,0.0008757589,32
turning,cnn_ae,ver_max,2inchStickout_F_08-Jun-2017_rpm320_doc0p035_window_0019,2inchStickout/F_08-Jun-2017_rpm320_doc0p035,train,42,3,cv_evaluation,no_chatter,0,0.0009298858,32
turning,cnn_ae,ver_max,2inchStickout_F_08-Jun-2017_rpm320_doc0p035_window_0020,2inchStickout/F_08-Jun-2017_rpm320_doc0p035,validation,42,3,cv_evaluation,no_chatter,0,0.000783286,32
turning,cnn_ae,ver_max,2inchStickout_F_08-Jun-2017_rpm320_doc0p035_window_0021,2inchStickout/F_08-Jun-2017_rpm320_doc0p035,train,42,3,cv_evaluation,no_chatter,0,0.0008965324,32
turning,cnn_ae,ver_max,2inchStickout_F_08-Jun-2017_rpm320_doc0p035_window_0022,2inchStickout/F_08-Jun-2017_rpm320_doc0p035,validation,42,3,cv_evaluation,no_chatter,0,0.0010380662,32
turning,cnn_ae,ver_max,2inchStickout_F_08-Jun-2017_rpm320_doc0p035_window_0023,2inchStickout/F_08-Jun-2017_rpm320_doc0p035,train,42,3,cv_evaluation,no_chatter,0,0.0011711117,32
turning,cnn_ae,ver_max,2inchStickout_F_08-Jun-2017_rpm320_doc0p040_window_0000,2inchStickout/F_08-Jun-2017_rpm320_doc0p040,test,42,3,cv_evaluation,no_chatter,0,0.00011197927,32
turning,cnn_ae,ver_max,2inchStickout_F_08-Jun-2017_rpm320_doc0p040_window_0001,2inchStickout/F_08-Jun-2017_rpm320_doc0p040,train,42,3,cv_evaluation,no_chatter,0,0.00013639493,32
turning,cnn_ae,ver_max,2inchStickout_F_08-Jun-2017_rpm320_doc0p040_window_0002,2inchStickout/F_08-Jun-2017_rpm320_doc0p040,train,42,3,cv_evaluation,no_chatter,0,0.000109262735,32
turning,cnn_ae,ver_max,2inchStickout_F_08-Jun-2017_rpm320_doc0p040_window_0003,2inchStickout/F_08-Jun-2017_rpm320_doc0p040,test,42,3,cv_evaluation,no_chatter,0,0.0022922212,32
turning,cnn_ae,ver_max,2inchStickout_F_08-Jun-2017_rpm320_doc0p040_window_0004,2inchStickout/F_08-Jun-2017_rpm320_doc0p040,test,42,3,cv_evaluation,no_chatter,0,0.0014960706,32
turning,cnn_ae,ver_max,2inchStickout_F_08-Jun-2017_rpm320_doc0p040_window_0005,2inchStickout/F_08-Jun-2017_rpm320_doc0p040,train,42,3,cv_evaluation,no_chatter,0,0.00071828876,32
turning,cnn_ae,ver_max,2inchStickout_F_08-Jun-2017_rpm320_doc0p040_window_0006,2inchStickout/F_08-Jun-2017_rpm320_doc0p040,train,42,3,cv_evaluation,no_chatter,0,0.0006266667,32
turning,cnn_ae,ver_max,2inchStickout_F_08-Jun-2017_rpm320_doc0p040_window_0007,2inchStickout/F_08-Jun-2017_rpm320_doc0p040,train,42,3,cv_evaluation,no_chatter,0,0.00064042327,32
turning,cnn_ae,ver_max,2inchStickout_F_08-Jun-2017_rpm320_doc0p040_window_0008,2inchStickout/F_08-Jun-2017_rpm320_doc0p040,train,42,3,cv_evaluation,no_chatter,0,0.00091185974,32
turning,cnn_ae,ver_max,2inchStickout_F_08-Jun-2017_rpm320_doc0p040_window_0009,2inchStickout/F_08-Jun-2017_rpm320_doc0p040,train,42,3,cv_evaluation,no_chatter,0,0.0010146816,32
turning,cnn_ae,ver_max,2inchStickout_F_08-Jun-2017_rpm320_doc0p040_window_0010,2inchStickout/F_08-Jun-2017_rpm320_doc0p040,train,42,3,cv_evaluation,no_chatter,0,0.00090735767,32
turning,cnn_ae,ver_max,2inchStickout_F_08-Jun-2017_rpm320_doc0p040_window_0011,2inchStickout/F_08-Jun-2017_rpm320_doc0p040,train,42,3,cv_evaluation,no_chatter,0,0.000982442,32
turning,cnn_ae,ver_max,2inchStickout_F_08-Jun-2017_rpm320_doc0p040_window_0012,2inchStickout/F_08-Jun-2017_rpm320_doc0p040,test,42,3,cv_evaluation,no_chatter,0,0.0016596199,32
turning,cnn_ae,ver_max,2inchStickout_F_08-Jun-2017_rpm320_doc0p040_window_0013,2inchStickout/F_08-Jun-2017_rpm320_doc0p040,train,42,3,cv_evaluation,no_chatter,0,0.001052049,32
turning,cnn_ae,ver_max,2inchStickout_F_08-Jun-2017_rpm320_doc0p040_window_0014,2inchStickout/F_08-Jun-2017_rpm320_doc0p040,train,42,3,cv_evaluation,no_chatter,0,0.0016390291,32
turning,cnn_ae,ver_max,2inchStickout_F_08-Jun-2017_rpm320_doc0p040_window_0015,2inchStickout/F_08-Jun-2017_rpm320_doc0p040,train,42,3,cv_evaluation,no_chatter,0,0.0013645577,32
turning,cnn_ae,ver_max,2inchStickout_F_08-Jun-2017_rpm320_doc0p040_window_0016,2inchStickout/F_08-Jun-2017_rpm320_doc0p040,train,42,3,cv_evaluation,no_chatter,0,0.00077231124,32
turning,cnn_ae,ver_max,2inchStickout_F_08-Jun-2017_rpm320_doc0p040_window_0017,2inchStickout/F_08-Jun-2017_rpm320_doc0p040,train,42,3,cv_evaluation,no_chatter,0,0.0007235826,32
turning,cnn_ae,ver_max,2inchStickout_F_08-Jun-2017_rpm320_doc0p040_window_0018,2inchStickout/F_08-Jun-2017_rpm320_doc0p040,train,42,3,cv_evaluation,no_chatter,0,0.0010127949,32
turning,cnn_ae,ver_max,2inchStickout_F_08-Jun-2017_rpm320_doc0p040_window_0019,2inchStickout/F_08-Jun-2017_rpm320_doc0p040,train,42,3,cv_evaluation,no_chatter,0,0.0007368259,32
turning,cnn_ae,ver_max,2inchStickout_F_08-Jun-2017_rpm320_doc0p040_window_0020,2inchStickout/F_08-Jun-2017_rpm320_doc0p040,train,42,3,cv_evaluation,no_chatter,0,0.0008120719,32
turning,cnn_ae,ver_max,2inchStickout_F_08-Jun-2017_rpm320_doc0p040_window_0021,2inchStickout/F_08-Jun-2017_rpm320_doc0p040,train,42,3,cv_evaluation,no_chatter,0,0.0005098029,32
turning,cnn_ae,ver_max,2inchStickout_F_08-Jun-2017_rpm320_doc0p040_window_0022,2inchStickout/F_08-Jun-2017_rpm320_doc0p040,test,42,3,cv_evaluation,no_chatter,0,0.0008203813,32
turning,cnn_ae,ver_max,2inchStickout_F_08-Jun-2017_rpm320_doc0p040_window_0023,2inchStickout/F_08-Jun-2017_rpm320_doc0p040,train,42,3,cv_evaluation,no_chatter,0,0.0005455709,32
turning,cnn_ae,ver_max,2inchStickout_F_08-Jun-2017_rpm425_doc0p005_window_0000,2inchStickout/F_08-Jun-2017_rpm425_doc0p005,train,42,3,cv_evaluation,no_chatter,0,0.00024114596,32
turning,cnn_ae,ver_max,2inchStickout_F_08-Jun-2017_rpm425_doc0p005_window_0001,2inchStickout/F_08-Jun-2017_rpm425_doc0p005,train,42,3,cv_evaluation,no_chatter,0,0.0002429762,32
turning,cnn_ae,ver_max,2inchStickout_F_08-Jun-2017_rpm425_doc0p005_window_0002,2inchStickout/F_08-Jun-2017_rpm425_doc0p005,train,42,3,cv_evaluation,no_chatter,0,0.0006435167,32
turning,cnn_ae,ver_max,2inchStickout_F_08-Jun-2017_rpm425_doc0p005_window_0003,2inchStickout/F_08-Jun-2017_rpm425_doc0p005,test,42,3,cv_evaluation,no_chatter,0,0.00082597067,32
turning,cnn_ae,ver_max,2inchStickout_F_08-Jun-2017_rpm425_doc0p005_window_0004,2inchStickout/F_08-Jun-2017_rpm425_doc0p005,train,42,3,cv_evaluation,no_chatter,0,0.00082854746,32
turning,cnn_ae,ver_max,2inchStickout_F_08-Jun-2017_rpm425_doc0p005_window_0005,2inchStickout/F_08-Jun-2017_rpm425_doc0p005,test,42,3,cv_evaluation,no_chatter,0,0.0008930766,32
turning,cnn_ae,ver_max,2inchStickout_F_08-Jun-2017_rpm425_doc0p005_window_0006,2inchStickout/F_08-Jun-2017_rpm425_doc0p005,train,42,3,cv_evaluation,no_chatter,0,0.000889026,32
turning,cnn_ae,ver_max,2inchStickout_F_08-Jun-2017_rpm425_doc0p005_window_0007,2inchStickout/F_08-Jun-2017_rpm425_doc0p005,train,42,3,cv_evaluation,no_chatter,0,0.00097351585,32
turning,cnn_ae,ver_max,2inchStickout_F_08-Jun-2017_rpm425_doc0p015_window_0000,2inchStickout/F_08-Jun-2017_rpm425_doc0p015,train,42,3,cv_evaluation,no_chatter,0,0.00016025349,32
turning,cnn_ae,ver_max,2inchStickout_F_08-Jun-2017_rpm425_doc0p015_window_0001,2inchStickout/F_08-Jun-2017_rpm425_doc0p015,train,42,3,cv_evaluation,no_chatter,0,0.00016194434,32
turning,cnn_ae,ver_max,2inchStickout_F_08-Jun-2017_rpm425_doc0p015_window_0002,2inchStickout/F_08-Jun-2017_rpm425_doc0p015,train,42,3,cv_evaluation,no_chatter,0,0.0007874869,32
turning,cnn_ae,ver_max,2inchStickout_F_08-Jun-2017_rpm425_doc0p015_window_0003,2inchStickout/F_08-Jun-2017_rpm425_doc0p015,train,42,3,cv_evaluation,no_chatter,0,0.0008688867,32
turning,cnn_ae,ver_max,2inchStickout_F_08-Jun-2017_rpm425_doc0p015_window_0004,2inchStickout/F_08-Jun-2017_rpm425_doc0p015,train,42,3,cv_evaluation,no_chatter,0,0.0011484777,32
turning,cnn_ae,ver_max,2inchStickout_F_08-Jun-2017_rpm425_doc0p015_window_0005,2inchStickout/F_08-Jun-2017_rpm425_doc0p015,train,42,3,cv_evaluation,no_chatter,0,0.0010657723,32
turning,cnn_ae,ver_max,2inchStickout_F_08-Jun-2017_rpm425_doc0p015_window_0006,2inchStickout/F_08-Jun-2017_rpm425_doc0p015,train,42,3,cv_evaluation,no_chatter,0,0.0014644655,32
turning,cnn_ae,ver_max,2inchStickout_F_08-Jun-2017_rpm425_doc0p015_window_0007,2inchStickout/F_08-Jun-2017_rpm425_doc0p015,validation,42,3,cv_evaluation,no_chatter,0,0.0016838523,32
turning,cnn_ae,ver_max,2inchStickout_F_08-Jun-2017_rpm770_doc0p005_window_0000,2inchStickout/F_08-Jun-2017_rpm770_doc0p005,validation,42,3,cv_evaluation,chatter,1,0.020904861,32
turning,cnn_ae,ver_max,2inchStickout_F_08-Jun-2017_rpm770_doc0p005_window_0001,2inchStickout/F_08-Jun-2017_rpm770_doc0p005,validation,42,3,cv_evaluation,chatter,1,0.057956528,32
turning,cnn_ae,ver_max,2inchStickout_F_08-Jun-2017_rpm770_doc0p005_window_0002,2inchStickout/F_08-Jun-2017_rpm770_doc0p005,validation,42,3,cv_evaluation,chatter,1,0.045735136,32
turning,cnn_ae,ver_max,2inchStickout_F_08-Jun-2017_rpm770_doc0p005_window_0003,2inchStickout/F_08-Jun-2017_rpm770_doc0p005,validation,42,3,cv_evaluation,chatter,1,0.037695,32
turning,cnn_ae,ver_max,2inchStickout_F_08-Jun-2017_rpm770_doc0p005_window_0004,2inchStickout/F_08-Jun-2017_rpm770_doc0p005,validation,42,3,cv_evaluation,chatter,1,0.07115564,32
turning,cnn_ae,ver_max,2inchStickout_F_08-Jun-2017_rpm770_doc0p005_window_0005,2inchStickout/F_08-Jun-2017_rpm770_doc0p005,validation,42,3,cv_evaluation,chatter,1,0.06621857,32
turning,cnn_ae,ver_max,2inchStickout_F_08-Jun-2017_rpm770_doc0p005_window_0006,2inchStickout/F_08-Jun-2017_rpm770_doc0p005,validation,42,3,cv_evaluation,chatter,1,0.05650274,32
turning,cnn_ae,ver_max,2inchStickout_F_08-Jun-2017_rpm770_doc0p005_window_0007,2inchStickout/F_08-Jun-2017_rpm770_doc0p005,validation,42,3,cv_evaluation,chatter,1,0.063211694,32
turning,cnn_ae,ver_max,2inchStickout_F_08-Jun-2017_rpm770_doc0p005_window_0008,2inchStickout/F_08-Jun-2017_rpm770_doc0p005,validation,42,3,cv_evaluation,chatter,1,0.065833844,32
turning,cnn_ae,ver_max,2inchStickout_F_08-Jun-2017_rpm770_doc0p005_window_0009,2inchStickout/F_08-Jun-2017_rpm770_doc0p005,validation,42,3,cv_evaluation,chatter,1,0.04890933,32
turning,cnn_ae,ver_max,2inchStickout_F_08-Jun-2017_rpm770_doc0p005_window_0010,2inchStickout/F_08-Jun-2017_rpm770_doc0p005,validation,42,3,cv_evaluation,chatter,1,0.017767431,32
turning,cnn_ae,ver_max,2inchStickout_F_08-Jun-2017_rpm770_doc0p005_window_0011,2inchStickout/F_08-Jun-2017_rpm770_doc0p005,train,42,3,cv_evaluation,no_chatter,0,0.012556268,32
turning,cnn_ae,ver_max,2p5inchStickout_F_12-Jun-2017_rpm570_doc0p015_window_0000,2p5inchStickout/F_12-Jun-2017_rpm570_doc0p015,validation,42,3,cv_evaluation,no_chatter,0,0.00035283086,32
turning,cnn_ae,ver_max,2p5inchStickout_F_12-Jun-2017_rpm570_doc0p015_window_0001,2p5inchStickout/F_12-Jun-2017_rpm570_doc0p015,train,42,3,cv_evaluation,no_chatter,0,0.0023344934,32
turning,cnn_ae,ver_max,2p5inchStickout_F_12-Jun-2017_rpm570_doc0p015_window_0002,2p5inchStickout/F_12-Jun-2017_rpm570_doc0p015,train,42,3,cv_evaluation,no_chatter,0,0.0043155686,32
turning,cnn_ae,ver_max,2p5inchStickout_F_12-Jun-2017_rpm570_doc0p015_window_0003,2p5inchStickout/F_12-Jun-2017_rpm570_doc0p015,train,42,3,cv_evaluation,no_chatter,0,0.006415022,32
turning,cnn_ae,ver_max,2p5inchStickout_F_12-Jun-2017_rpm570_doc0p015_window_0004,2p5inchStickout/F_12-Jun-2017_rpm570_doc0p015,train,42,3,cv_evaluation,no_chatter,0,0.0022810437,32
turning,cnn_ae,ver_max,2p5inchStickout_F_12-Jun-2017_rpm570_doc0p015_window_0005,2p5inchStickout/F_12-Jun-2017_rpm570_doc0p015,train,42,3,cv_evaluation,no_chatter,0,0.0065118275,32
turning,cnn_ae,ver_max,2p5inchStickout_F_12-Jun-2017_rpm570_doc0p015_window_0006,2p5inchStickout/F_12-Jun-2017_rpm570_doc0p015,train,42,3,cv_evaluation,no_chatter,0,0.007657517,32
turning,cnn_ae,ver_max,2p5inchStickout_F_12-Jun-2017_rpm570_doc0p015_window_0007,2p5inchStickout/F_12-Jun-2017_rpm570_doc0p015,train,42,3,cv_evaluation,no_chatter,0,0.012626262,32
turning,cnn_ae,ver_max,2p5inchStickout_F_12-Jun-2017_rpm570_doc0p015_window_0008,2p5inchStickout/F_12-Jun-2017_rpm570_doc0p015,train,42,3,cv_evaluation,no_chatter,0,0.004195801,32
turning,cnn_ae,ver_max,2p5inchStickout_F_12-Jun-2017_rpm570_doc0p015_window_0009,2p5inchStickout/F_12-Jun-2017_rpm570_doc0p015,train,42,3,cv_evaluation,no_chatter,0,0.010567289,32
turning,cnn_ae,ver_max,2p5inchStickout_F_12-Jun-2017_rpm770_doc0p002_window_0000,2p5inchStickout/F_12-Jun-2017_rpm770_doc0p002,train,42,3,cv_evaluation,no_chatter,0,0.0014532561,32
turning,cnn_ae,ver_max,2p5inchStickout_F_12-Jun-2017_rpm770_doc0p002_window_0001,2p5inchStickout/F_12-Jun-2017_rpm770_doc0p002,train,42,3,cv_evaluation,no_chatter,0,0.0027396411,32
turning,cnn_ae,ver_max,2p5inchStickout_F_12-Jun-2017_rpm770_doc0p002_window_0002,2p5inchStickout/F_12-Jun-2017_rpm770_doc0p002,train,42,3,cv_evaluation,no_chatter,0,0.012006019,32
turning,cnn_ae,ver_max,2p5inchStickout_F_12-Jun-2017_rpm770_doc0p002_window_0003,2p5inchStickout/F_12-Jun-2017_rpm770_doc0p002,train,42,3,cv_evaluation,no_chatter,0,0.013401718,32
turning,cnn_ae,ver_max,3inchStickout_F_12-Jun-2017_rpm570_doc0p015_window_0000,3inchStickout/F_12-Jun-2017_rpm570_doc0p015,train,42,3,cv_evaluation,no_chatter,0,0.00012823283,32
turning,cnn_ae,ver_max,3inchStickout_F_12-Jun-2017_rpm570_doc0p015_window_0001,3inchStickout/F_12-Jun-2017_rpm570_doc0p015,test,42,3,cv_evaluation,no_chatter,0,0.00016976765,32
turning,cnn_ae,ver_max,3inchStickout_F_12-Jun-2017_rpm570_doc0p015_window_0002,3inchStickout/F_12-Jun-2017_rpm570_doc0p015,train,42,3,cv_evaluation,no_chatter,0,0.001055841,32
turning,cnn_ae,ver_max,3inchStickout_F_12-Jun-2017_rpm570_doc0p015_window_0003,3inchStickout/F_12-Jun-2017_rpm570_doc0p015,train,42,3,cv_evaluation,no_chatter,0,0.0022560172,32
turning,cnn_ae,ver_max,3inchStickout_F_12-Jun-2017_rpm570_doc0p015_window_0004,3inchStickout/F_12-Jun-2017_rpm570_doc0p015,train,42,3,cv_evaluation,no_chatter,0,0.002930459,32
turning,cnn_ae,ver_max,3inchStickout_F_12-Jun-2017_rpm570_doc0p015_window_0005,3inchStickout/F_12-Jun-2017_rpm570_doc0p015,train,42,3,cv_evaluation,no_chatter,0,0.002979015,32
turning,cnn_ae,ver_max,3inchStickout_F_12-Jun-2017_rpm570_doc0p015_window_0006,3inchStickout/F_12-Jun-2017_rpm570_doc0p015,train,42,3,cv_evaluation,no_chatter,0,0.0032749756,32
turning,cnn_ae,ver_max,3inchStickout_F_12-Jun-2017_rpm570_doc0p015_window_0007,3inchStickout/F_12-Jun-2017_rpm570_doc0p015,train,42,3,cv_evaluation,no_chatter,0,0.0028225249,32
turning,cnn_ae,ver_max,3inchStickout_F_12-Jun-2017_rpm570_doc0p015_window_0008,3inchStickout/F_12-Jun-2017_rpm570_doc0p015,train,42,3,cv_evaluation,no_chatter,0,0.0028876327,32
turning,cnn_ae,ver_max,3inchStickout_F_12-Jun-2017_rpm570_doc0p015_window_0009,3inchStickout/F_12-Jun-2017_rpm570_doc0p015,train,42,3,cv_evaluation,no_chatter,0,0.00570488,32
turning,cnn_ae,ver_max,4p5inchStickout_F_12-Jun-2017_rpm570_doc0p010_window_0000,4p5inchStickout/F_12-Jun-2017_rpm570_doc0p010,train,42,3,cv_evaluation,no_chatter,0,3.892637e-05,32
turning,cnn_ae,ver_max,4p5inchStickout_F_12-Jun-2017_rpm570_doc0p010_window_0001,4p5inchStickout/F_12-Jun-2017_rpm570_doc0p010,train,42,3,cv_evaluation,no_chatter,0,5.133636e-05,32
turning,cnn_ae,ver_max,4p5inchStickout_F_12-Jun-2017_rpm570_doc0p010_window_0002,4p5inchStickout/F_12-Jun-2017_rpm570_doc0p010,test,42,3,cv_evaluation,no_chatter,0,4.3279928e-05,32
turning,cnn_ae,ver_max,4p5inchStickout_F_12-Jun-2017_rpm570_doc0p010_window_0003,4p5inchStickout/F_12-Jun-2017_rpm570_doc0p010,train,42,3,cv_evaluation,no_chatter,0,5.9373742e-05,32
turning,cnn_ae,ver_max,4p5inchStickout_F_12-Jun-2017_rpm570_doc0p010_window_0004,4p5inchStickout/F_12-Jun-2017_rpm570_doc0p010,train,42,3,cv_evaluation,no_chatter,0,0.00047279565,32
turning,cnn_ae,ver_max,4p5inchStickout_F_12-Jun-2017_rpm570_doc0p010_window_0005,4p5inchStickout/F_12-Jun-2017_rpm570_doc0p010,train,42,3,cv_evaluation,no_chatter,0,0.0007917037,32
turning,cnn_ae,ver_max,4p5inchStickout_F_12-Jun-2017_rpm570_doc0p010_window_0006,4p5inchStickout/F_12-Jun-2017_rpm570_doc0p010,train,42,3,cv_evaluation,no_chatter,0,0.0011596034,32
turning,cnn_ae,ver_max,4p5inchStickout_F_12-Jun-2017_rpm570_doc0p010_window_0007,4p5inchStickout/F_12-Jun-2017_rpm570_doc0p010,train,42,3,cv_evaluation,no_chatter,0,0.0010245849,32
turning,cnn_ae,ver_max,4p5inchStickout_F_12-Jun-2017_rpm570_doc0p010_window_0008,4p5inchStickout/F_12-Jun-2017_rpm570_doc0p010,train,42,3,cv_evaluation,no_chatter,0,0.0009370187,32
turning,cnn_ae,ver_max,4p5inchStickout_F_12-Jun-2017_rpm570_doc0p010_window_0009,4p5inchStickout/F_12-Jun-2017_rpm570_doc0p010,train,42,3,cv_evaluation,no_chatter,0,0.0035274595,32
turning,cnn_ae,ver_max,4p5inchStickout_F_12-Jun-2017_rpm570_doc0p010_window_0010,4p5inchStickout/F_12-Jun-2017_rpm570_doc0p010,train,42,3,cv_evaluation,no_chatter,0,0.0013003197,32
turning,cnn_ae,ver_max,4p5inchStickout_F_12-Jun-2017_rpm570_doc0p010_window_0011,4p5inchStickout/F_12-Jun-2017_rpm570_doc0p010,train,42,3,cv_evaluation,no_chatter,0,0.00119404,32
turning,cnn_ae,ver_max,4p5inchStickout_F_13-Jun-2017_rpm1030_doc0p012_window_0000,4p5inchStickout/F_13-Jun-2017_rpm1030_doc0p012,train,42,3,cv_evaluation,no_chatter,0,0.00012884177,32
turning,cnn_ae,ver_max,4p5inchStickout_F_13-Jun-2017_rpm1030_doc0p012_window_0001,4p5inchStickout/F_13-Jun-2017_rpm1030_doc0p012,train,42,3,cv_evaluation,no_chatter,0,0.0015272725,32
turning,cnn_ae,ver_max,4p5inchStickout_F_13-Jun-2017_rpm1030_doc0p012_window_0002,4p5inchStickout/F_13-Jun-2017_rpm1030_doc0p012,test,42,3,cv_evaluation,no_chatter,0,0.0012629534,32
turning,cnn_ae,ver_max,4p5inchStickout_F_13-Jun-2017_rpm1030_doc0p012_window_0003,4p5inchStickout/F_13-Jun-2017_rpm1030_doc0p012,train,42,3,cv_evaluation,no_chatter,0,0.0013814806,32
turning,cnn_ae,ver_max,4p5inchStickout_F_13-Jun-2017_rpm1030_doc0p016_window_0000,4p5inchStickout/F_13-Jun-2017_rpm1030_doc0p016,test,42,3,cv_evaluation,no_chatter,0,0.0001869351,32
turning,cnn_ae,ver_max,4p5inchStickout_F_13-Jun-2017_rpm1030_doc0p016_window_0001,4p5inchStickout/F_13-Jun-2017_rpm1030_doc0p016,train,42,3,cv_evaluation,no_chatter,0,0.0010890963,32
turning,cnn_ae,ver_max,4p5inchStickout_F_13-Jun-2017_rpm1030_doc0p016_window_0002,4p5inchStickout/F_13-Jun-2017_rpm1030_doc0p016,train,42,3,cv_evaluation,no_chatter,0,0.0013162395,32
turning,cnn_ae,ver_max,4p5inchStickout_F_13-Jun-2017_rpm1030_doc0p016_window_0003,4p5inchStickout/F_13-Jun-2017_rpm1030_doc0p016,train,42,3,cv_evaluation,no_chatter,0,0.0016451488,32
turning,cnn_ae,ver_topk,2inchStickout_F_08-Jun-2017_rpm320_doc0p035_window_0000,2inchStickout/F_08-Jun-2017_rpm320_doc0p035,train,42,3,cv_evaluation,no_chatter,0,0.0001051942,32
turning,cnn_ae,ver_topk,2inchStickout_F_08-Jun-2017_rpm320_doc0p035_window_0001,2inchStickout/F_08-Jun-2017_rpm320_doc0p035,train,42,3,cv_evaluation,no_chatter,0,8.564768e-05,32
turning,cnn_ae,ver_topk,2inchStickout_F_08-Jun-2017_rpm320_doc0p035_window_0002,2inchStickout/F_08-Jun-2017_rpm320_doc0p035,train,42,3,cv_evaluation,no_chatter,0,7.815749e-05,32
turning,cnn_ae,ver_topk,2inchStickout_F_08-Jun-2017_rpm320_doc0p035_window_0003,2inchStickout/F_08-Jun-2017_rpm320_doc0p035,validation,42,3,cv_evaluation,no_chatter,0,0.00034909495,32
turning,cnn_ae,ver_topk,2inchStickout_F_08-Jun-2017_rpm320_doc0p035_window_0004,2inchStickout/F_08-Jun-2017_rpm320_doc0p035,train,42,3,cv_evaluation,no_chatter,0,0.0008446947,32
turning,cnn_ae,ver_topk,2inchStickout_F_08-Jun-2017_rpm320_doc0p035_window_0005,2inchStickout/F_08-Jun-2017_rpm320_doc0p035,train,42,3,cv_evaluation,no_chatter,0,0.00047553665,32
turning,cnn_ae,ver_topk,2inchStickout_F_08-Jun-2017_rpm320_doc0p035_window_0006,2inchStickout/F_08-Jun-2017_rpm320_doc0p035,train,42,3,cv_evaluation,no_chatter,0,0.00043148707,32
turning,cnn_ae,ver_topk,2inchStickout_F_08-Jun-2017_rpm320_doc0p035_window_0007,2inchStickout/F_08-Jun-2017_rpm320_doc0p035,train,42,3,cv_evaluation,no_chatter,0,0.00048587416,32
turning,cnn_ae,ver_topk,2inchStickout_F_08-Jun-2017_rpm320_doc0p035_window_0008,2inchStickout/F_08-Jun-2017_rpm320_doc0p035,train,42,3,cv_evaluation,no_chatter,0,0.00048956636,32
turning,cnn_ae,ver_topk,2inchStickout_F_08-Jun-2017_rpm320_doc0p035_window_0009,2inchStickout/F_08-Jun-2017_rpm320_doc0p035,train,42,3,cv_evaluation,no_chatter,0,0.0004463119,32
turning,cnn_ae,ver_topk,2inchStickout_F_08-Jun-2017_rpm320_doc0p035_window_0010,2inchStickout/F_08-Jun-2017_rpm320_doc0p035,train,42,3,cv_evaluation,no_chatter,0,0.0007416615,32
turning,cnn_ae,ver_topk,2inchStickout_F_08-Jun-2017_rpm320_doc0p035_window_0011,2inchStickout/F_08-Jun-2017_rpm320_doc0p035,train,42,3,cv_evaluation,no_chatter,0,0.0006367745,32
turning,cnn_ae,ver_topk,2inchStickout_F_08-Jun-2017_rpm320_doc0p035_window_0012,2inchStickout/F_08-Jun-2017_rpm320_doc0p035,train,42,3,cv_evaluation,no_chatter,0,0.0006453767,32
turning,cnn_ae,ver_topk,2inchStickout_F_08-Jun-2017_rpm320_doc0p035_window_0013,2inchStickout/F_08-Jun-2017_rpm320_doc0p035,train,42,3,cv_evaluation,no_chatter,0,0.00072219764,32
turning,cnn_ae,ver_topk,2inchStickout_F_08-Jun-2017_rpm320_doc0p035_window_0014,2inchStickout/F_08-Jun-2017_rpm320_doc0p035,train,42,3,cv_evaluation,no_chatter,0,0.00043468038,32
turning,cnn_ae,ver_topk,2inchStickout_F_08-Jun-2017_rpm320_doc0p035_window_0015,2inchStickout/F_08-Jun-2017_rpm320_doc0p035,train,42,3,cv_evaluation,no_chatter,0,0.0006966446,32
turning,cnn_ae,ver_topk,2inchStickout_F_08-Jun-2017_rpm320_doc0p035_window_0016,2inchStickout/F_08-Jun-2017_rpm320_doc0p035,train,42,3,cv_evaluation,no_chatter,0,0.0006406729,32
turning,cnn_ae,ver_topk,2inchStickout_F_08-Jun-2017_rpm320_doc0p035_window_0017,2inchStickout/F_08-Jun-2017_rpm320_doc0p035,train,42,3,cv_evaluation,no_chatter,0,0.00078315573,32
turning,cnn_ae,ver_topk,2inchStickout_F_08-Jun-2017_rpm320_doc0p035_window_0018,2inchStickout/F_08-Jun-2017_rpm320_doc0p035,train,42,3,cv_evaluation,no_chatter,0,0.00073980045,32
turning,cnn_ae,ver_topk,2inchStickout_F_08-Jun-2017_rpm320_doc0p035_window_0019,2inchStickout/F_08-Jun-2017_rpm320_doc0p035,train,42,3,cv_evaluation,no_chatter,0,0.0007646572,32
turning,cnn_ae,ver_topk,2inchStickout_F_08-Jun-2017_rpm320_doc0p035_window_0020,2inchStickout/F_08-Jun-2017_rpm320_doc0p035,validation,42,3,cv_evaluation,no_chatter,0,0.0006872134,32
turning,cnn_ae,ver_topk,2inchStickout_F_08-Jun-2017_rpm320_doc0p035_window_0021,2inchStickout/F_08-Jun-2017_rpm320_doc0p035,train,42,3,cv_evaluation,no_chatter,0,0.00080107065,32
turning,cnn_ae,ver_topk,2inchStickout_F_08-Jun-2017_rpm320_doc0p035_window_0022,2inchStickout/F_08-Jun-2017_rpm320_doc0p035,validation,42,3,cv_evaluation,no_chatter,0,0.0008743941,32
turning,cnn_ae,ver_topk,2inchStickout_F_08-Jun-2017_rpm320_doc0p035_window_0023,2inchStickout/F_08-Jun-2017_rpm320_doc0p035,train,42,3,cv_evaluation,no_chatter,0,0.0010044224,32
turning,cnn_ae,ver_topk,2inchStickout_F_08-Jun-2017_rpm320_doc0p040_window_0000,2inchStickout/F_08-Jun-2017_rpm320_doc0p040,test,42,3,cv_evaluation,no_chatter,0,0.00010171195,32
turning,cnn_ae,ver_topk,2inchStickout_F_08-Jun-2017_rpm320_doc0p040_window_0001,2inchStickout/F_08-Jun-2017_rpm320_doc0p040,train,42,3,cv_evaluation,no_chatter,0,0.00010713434,32
turning,cnn_ae,ver_topk,2inchStickout_F_08-Jun-2017_rpm320_doc0p040_window_0002,2inchStickout/F_08-Jun-2017_rpm320_doc0p040,train,42,3,cv_evaluation,no_chatter,0,8.8194814e-05,32
turning,cnn_ae,ver_topk,2inchStickout_F_08-Jun-2017_rpm320_doc0p040_window_0003,2inchStickout/F_08-Jun-2017_rpm320_doc0p040,test,42,3,cv_evaluation,no_chatter,0,0.0017258903,32
turning,cnn_ae,ver_topk,2inchStickout_F_08-Jun-2017_rpm320_doc0p040_window_0004,2inchStickout/F_08-Jun-2017_rpm320_doc0p040,test,42,3,cv_evaluation,no_chatter,0,0.001173769,32
turning,cnn_ae,ver_topk,2inchStickout_F_08-Jun-2017_rpm320_doc0p040_window_0005,2inchStickout/F_08-Jun-2017_rpm320_doc0p040,train,42,3,cv_evaluation,no_chatter,0,0.0006555741,32
turning,cnn_ae,ver_topk,2inchStickout_F_08-Jun-2017_rpm320_doc0p040_window_0006,2inchStickout/F_08-Jun-2017_rpm320_doc0p040,train,42,3,cv_evaluation,no_chatter,0,0.0005840228,32
turning,cnn_ae,ver_topk,2inchStickout_F_08-Jun-2017_rpm320_doc0p040_window_0007,2inchStickout/F_08-Jun-2017_rpm320_doc0p040,train,42,3,cv_evaluation,no_chatter,0,0.00063085876,32
turning,cnn_ae,ver_topk,2inchStickout_F_08-Jun-2017_rpm320_doc0p040_window_0008,2inchStickout/F_08-Jun-2017_rpm320_doc0p040,train,42,3,cv_evaluation,no_chatter,0,0.00086870167,32
turning,cnn_ae,ver_topk,2inchStickout_F_08-Jun-2017_rpm320_doc0p040_window_0009,2inchStickout/F_08-Jun-2017_rpm320_doc0p040,train,42,3,cv_evaluation,no_chatter,0,0.0009618655,32
turning,cnn_ae,ver_topk,2inchStickout_F_08-Jun-2017_rpm320_doc0p040_window_0010,2inchStickout/F_08-Jun-2017_rpm320_doc0p040,train,42,3,cv_evaluation,no_chatter,0,0.0008944245,32
turning,cnn_ae,ver_topk,2inchStickout_F_08-Jun-2017_rpm320_doc0p040_window_0011,2inchStickout/F_08-Jun-2017_rpm320_doc0p040,train,42,3,cv_evaluation,no_chatter,0,0.000831966,32
turning,cnn_ae,ver_topk,2inchStickout_F_08-Jun-2017_rpm320_doc0p040_window_0012,2inchStickout/F_08-Jun-2017_rpm320_doc0p040,test,42,3,cv_evaluation,no_chatter,0,0.0011707557,32
turning,cnn_ae,ver_topk,2inchStickout_F_08-Jun-2017_rpm320_doc0p040_window_0013,2inchStickout/F_08-Jun-2017_rpm320_doc0p040,train,42,3,cv_evaluation,no_chatter,0,0.0010001439,32
turning,cnn_ae,ver_topk,2inchStickout_F_08-Jun-2017_rpm320_doc0p040_window_0014,2inchStickout/F_08-Jun-2017_rpm320_doc0p040,train,42,3,cv_evaluation,no_chatter,0,0.0011735185,32
turning,cnn_ae,ver_topk,2inchStickout_F_08-Jun-2017_rpm320_doc0p040_window_0015,2inchStickout/F_08-Jun-2017_rpm320_doc0p040,train,42,3,cv_evaluation,no_chatter,0,0.0009997749,32
turning,cnn_ae,ver_topk,2inchStickout_F_08-Jun-2017_rpm320_doc0p040_window_0016,2inchStickout/F_08-Jun-2017_rpm320_doc0p040,train,42,3,cv_evaluation,no_chatter,0,0.0006805889,32
turning,cnn_ae,ver_topk,2inchStickout_F_08-Jun-2017_rpm320_doc0p040_window_0017,2inchStickout/F_08-Jun-2017_rpm320_doc0p040,train,42,3,cv_evaluation,no_chatter,0,0.000644413,32
turning,cnn_ae,ver_topk,2inchStickout_F_08-Jun-2017_rpm320_doc0p040_window_0018,2inchStickout/F_08-Jun-2017_rpm320_doc0p040,train,42,3,cv_evaluation,no_chatter,0,0.0008335992,32
turning,cnn_ae,ver_topk,2inchStickout_F_08-Jun-2017_rpm320_doc0p040_window_0019,2inchStickout/F_08-Jun-2017_rpm320_doc0p040,train,42,3,cv_evaluation,no_chatter,0,0.0007176402,32
turning,cnn_ae,ver_topk,2inchStickout_F_08-Jun-2017_rpm320_doc0p040_window_0020,2inchStickout/F_08-Jun-2017_rpm320_doc0p040,train,42,3,cv_evaluation,no_chatter,0,0.00075282756,32
turning,cnn_ae,ver_topk,2inchStickout_F_08-Jun-2017_rpm320_doc0p040_window_0021,2inchStickout/F_08-Jun-2017_rpm320_doc0p040,train,42,3,cv_evaluation,no_chatter,0,0.00049241254,32
turning,cnn_ae,ver_topk,2inchStickout_F_08-Jun-2017_rpm320_doc0p040_window_0022,2inchStickout/F_08-Jun-2017_rpm320_doc0p040,test,42,3,cv_evaluation,no_chatter,0,0.0006887874,32
turning,cnn_ae,ver_topk,2inchStickout_F_08-Jun-2017_rpm320_doc0p040_window_0023,2inchStickout/F_08-Jun-2017_rpm320_doc0p040,train,42,3,cv_evaluation,no_chatter,0,0.0005048366,32
turning,cnn_ae,ver_topk,2inchStickout_F_08-Jun-2017_rpm425_doc0p005_window_0000,2inchStickout/F_08-Jun-2017_rpm425_doc0p005,train,42,3,cv_evaluation,no_chatter,0,0.000231822,32
turning,cnn_ae,ver_topk,2inchStickout_F_08-Jun-2017_rpm425_doc0p005_window_0001,2inchStickout/F_08-Jun-2017_rpm425_doc0p005,train,42,3,cv_evaluation,no_chatter,0,0.00023748296,32
turning,cnn_ae,ver_topk,2inchStickout_F_08-Jun-2017_rpm425_doc0p005_window_0002,2inchStickout/F_08-Jun-2017_rpm425_doc0p005,train,42,3,cv_evaluation,no_chatter,0,0.00061731786,32
turning,cnn_ae,ver_topk,2inchStickout_F_08-Jun-2017_rpm425_doc0p005_window_0003,2inchStickout/F_08-Jun-2017_rpm425_doc0p005,test,42,3,cv_evaluation,no_chatter,0,0.00080465805,32
turning,cnn_ae,ver_topk,2inchStickout_F_08-Jun-2017_rpm425_doc0p005_window_0004,2inchStickout/F_08-Jun-2017_rpm425_doc0p005,train,42,3,cv_evaluation,no_chatter,0,0.0008076688,32
turning,cnn_ae,ver_topk,2inchStickout_F_08-Jun-2017_rpm425_doc0p005_window_0005,2inchStickout/F_08-Jun-2017_rpm425_doc0p005,test,42,3,cv_evaluation,no_chatter,0,0.00081640994,32
turning,cnn_ae,ver_topk,2inchStickout_F_08-Jun-2017_rpm425_doc0p005_window_0006,2inchStickout/F_08-Jun-2017_rpm425_doc0p005,train,42,3,cv_evaluation,no_chatter,0,0.0008310116,32
turning,cnn_ae,ver_topk,2inchStickout_F_08-Jun-2017_rpm425_doc0p005_window_0007,2inchStickout/F_08-Jun-2017_rpm425_doc0p005,train,42,3,cv_evaluation,no_chatter,0,0.0008729766,32
turning,cnn_ae,ver_topk,2inchStickout_F_08-Jun-2017_rpm425_doc0p015_window_0000,2inchStickout/F_08-Jun-2017_rpm425_doc0p015,train,42,3,cv_evaluation,no_chatter,0,0.00015299507,32
turning,cnn_ae,ver_topk,2inchStickout_F_08-Jun-2017_rpm425_doc0p015_window_0001,2inchStickout/F_08-Jun-2017_rpm425_doc0p015,train,42,3,cv_evaluation,no_chatter,0,0.00015136374,32
turning,cnn_ae,ver_topk,2inchStickout_F_08-Jun-2017_rpm425_doc0p015_window_0002,2inchStickout/F_08-Jun-2017_rpm425_doc0p015,train,42,3,cv_evaluation,no_chatter,0,0.0007563533,32
turning,cnn_ae,ver_topk,2inchStickout_F_08-Jun-2017_rpm425_doc0p015_window_0003,2inchStickout/F_08-Jun-2017_rpm425_doc0p015,train,42,3,cv_evaluation,no_chatter,0,0.00077524484,32
turning,cnn_ae,ver_topk,2inchStickout_F_08-Jun-2017_rpm425_doc0p015_window_0004,2inchStickout/F_08-Jun-2017_rpm425_doc0p015,train,42,3,cv_evaluation,no_chatter,0,0.0010901578,32
turning,cnn_ae,ver_topk,2inchStickout_F_08-Jun-2017_rpm425_doc0p015_window_0005,2inchStickout/F_08-Jun-2017_rpm425_doc0p015,train,42,3,cv_evaluation,no_chatter,0,0.0010200243,32
turning,cnn_ae,ver_topk,2inchStickout_F_08-Jun-2017_rpm425_doc0p015_window_0006,2inchStickout/F_08-Jun-2017_rpm425_doc0p015,train,42,3,cv_evaluation,no_chatter,0,0.0014355812,32
turning,cnn_ae,ver_topk,2inchStickout_F_08-Jun-2017_rpm425_doc0p015_window_0007,2inchStickout/F_08-Jun-2017_rpm425_doc0p015,validation,42,3,cv_evaluation,no_chatter,0,0.0015078733,32
turning,cnn_ae,ver_topk,2inchStickout_F_08-Jun-2017_rpm770_doc0p005_window_0000,2inchStickout/F_08-Jun-2017_rpm770_doc0p005,validation,42,3,cv_evaluation,chatter,1,0.019247942,32
turning,cnn_ae,ver_topk,2inchStickout_F_08-Jun-2017_rpm770_doc0p005_window_0001,2inchStickout/F_08-Jun-2017_rpm770_doc0p005,validation,42,3,cv_evaluation,chatter,1,0.05079174,32
turning,cnn_ae,ver_topk,2inchStickout_F_08-Jun-2017_rpm770_doc0p005_window_0002,2inchStickout/F_08-Jun-2017_rpm770_doc0p005,validation,42,3,cv_evaluation,chatter,1,0.04242991,32
turning,cnn_ae,ver_topk,2inchStickout_F_08-Jun-2017_rpm770_doc0p005_window_0003,2inchStickout/F_08-Jun-2017_rpm770_doc0p005,validation,42,3,cv_evaluation,chatter,1,0.035961285,32
turning,cnn_ae,ver_topk,2inchStickout_F_08-Jun-2017_rpm770_doc0p005_window_0004,2inchStickout/F_08-Jun-2017_rpm770_doc0p005,validation,42,3,cv_evaluation,chatter,1,0.06936006,32
turning,cnn_ae,ver_topk,2inchStickout_F_08-Jun-2017_rpm770_doc0p005_window_0005,2inchStickout/F_08-Jun-2017_rpm770_doc0p005,validation,42,3,cv_evaluation,chatter,1,0.062032524,32
turning,cnn_ae,ver_topk,2inchStickout_F_08-Jun-2017_rpm770_doc0p005_window_0006,2inchStickout/F_08-Jun-2017_rpm770_doc0p005,validation,42,3,cv_evaluation,chatter,1,0.054896098,32
turning,cnn_ae,ver_topk,2inchStickout_F_08-Jun-2017_rpm770_doc0p005_window_0007,2inchStickout/F_08-Jun-2017_rpm770_doc0p005,validation,42,3,cv_evaluation,chatter,1,0.061810974,32
turning,cnn_ae,ver_topk,2inchStickout_F_08-Jun-2017_rpm770_doc0p005_window_0008,2inchStickout/F_08-Jun-2017_rpm770_doc0p005,validation,42,3,cv_evaluation,chatter,1,0.06494557,32
turning,cnn_ae,ver_topk,2inchStickout_F_08-Jun-2017_rpm770_doc0p005_window_0009,2inchStickout/F_08-Jun-2017_rpm770_doc0p005,validation,42,3,cv_evaluation,chatter,1,0.047943562,32
turning,cnn_ae,ver_topk,2inchStickout_F_08-Jun-2017_rpm770_doc0p005_window_0010,2inchStickout/F_08-Jun-2017_rpm770_doc0p005,validation,42,3,cv_evaluation,chatter,1,0.015504192,32
turning,cnn_ae,ver_topk,2inchStickout_F_08-Jun-2017_rpm770_doc0p005_window_0011,2inchStickout/F_08-Jun-2017_rpm770_doc0p005,train,42,3,cv_evaluation,no_chatter,0,0.010676651,32
turning,cnn_ae,ver_topk,2p5inchStickout_F_12-Jun-2017_rpm570_doc0p015_window_0000,2p5inchStickout/F_12-Jun-2017_rpm570_doc0p015,validation,42,3,cv_evaluation,no_chatter,0,0.00032674786,32
turning,cnn_ae,ver_topk,2p5inchStickout_F_12-Jun-2017_rpm570_doc0p015_window_0001,2p5inchStickout/F_12-Jun-2017_rpm570_doc0p015,train,42,3,cv_evaluation,no_chatter,0,0.0017363103,32
turning,cnn_ae,ver_topk,2p5inchStickout_F_12-Jun-2017_rpm570_doc0p015_window_0002,2p5inchStickout/F_12-Jun-2017_rpm570_doc0p015,train,42,3,cv_evaluation,no_chatter,0,0.0032586176,32
turning,cnn_ae,ver_topk,2p5inchStickout_F_12-Jun-2017_rpm570_doc0p015_window_0003,2p5inchStickout/F_12-Jun-2017_rpm570_doc0p015,train,42,3,cv_evaluation,no_chatter,0,0.0048584375,32
turning,cnn_ae,ver_topk,2p5inchStickout_F_12-Jun-2017_rpm570_doc0p015_window_0004,2p5inchStickout/F_12-Jun-2017_rpm570_doc0p015,train,42,3,cv_evaluation,no_chatter,0,0.0020831507,32
turning,cnn_ae,ver_topk,2p5inchStickout_F_12-Jun-2017_rpm570_doc0p015_window_0005,2p5inchStickout/F_12-Jun-2017_rpm570_doc0p015,train,42,3,cv_evaluation,no_chatter,0,0.0054613226,32
turning,cnn_ae,ver_topk,2p5inchStickout_F_12-Jun-2017_rpm570_doc0p015_window_0006,2p5inchStickout/F_12-Jun-2017_rpm570_doc0p015,train,42,3,cv_evaluation,no_chatter,0,0.006598583,32
turning,cnn_ae,ver_topk,2p5inchStickout_F_12-Jun-2017_rpm570_doc0p015_window_0007,2p5inchStickout/F_12-Jun-2017_rpm570_doc0p015,train,42,3,cv_evaluation,no_chatter,0,0.006103307,32
turning,cnn_ae,ver_topk,2p5inchStickout_F_12-Jun-2017_rpm570_doc0p015_window_0008,2p5inchStickout/F_12-Jun-2017_rpm570_doc0p015,train,42,3,cv_evaluation,no_chatter,0,0.0036271953,32
turning,cnn_ae,ver_topk,2p5inchStickout_F_12-Jun-2017_rpm570_doc0p015_window_0009,2p5inchStickout/F_12-Jun-2017_rpm570_doc0p015,train,42,3,cv_evaluation,no_chatter,0,0.009885866,32
turning,cnn_ae,ver_topk,2p5inchStickout_F_12-Jun-2017_rpm770_doc0p002_window_0000,2p5inchStickout/F_12-Jun-2017_rpm770_doc0p002,train,42,3,cv_evaluation,no_chatter,0,0.00074300636,32
turning,cnn_ae,ver_topk,2p5inchStickout_F_12-Jun-2017_rpm770_doc0p002_window_0001,2p5inchStickout/F_12-Jun-2017_rpm770_doc0p002,train,42,3,cv_evaluation,no_chatter,0,0.0020382695,32
turning,cnn_ae,ver_topk,2p5inchStickout_F_12-Jun-2017_rpm770_doc0p002_window_0002,2p5inchStickout/F_12-Jun-2017_rpm770_doc0p002,train,42,3,cv_evaluation,no_chatter,0,0.010760401,32
turning,cnn_ae,ver_topk,2p5inchStickout_F_12-Jun-2017_rpm770_doc0p002_window_0003,2p5inchStickout/F_12-Jun-2017_rpm770_doc0p002,train,42,3,cv_evaluation,no_chatter,0,0.011718099,32
turning,cnn_ae,ver_topk,3inchStickout_F_12-Jun-2017_rpm570_doc0p015_window_0000,3inchStickout/F_12-Jun-2017_rpm570_doc0p015,train,42,3,cv_evaluation,no_chatter,0,0.0001240065,32
turning,cnn_ae,ver_topk,3inchStickout_F_12-Jun-2017_rpm570_doc0p015_window_0001,3inchStickout/F_12-Jun-2017_rpm570_doc0p015,test,42,3,cv_evaluation,no_chatter,0,0.00015501765,32
turning,cnn_ae,ver_topk,3inchStickout_F_12-Jun-2017_rpm570_doc0p015_window_0002,3inchStickout/F_12-Jun-2017_rpm570_doc0p015,train,42,3,cv_evaluation,no_chatter,0,0.0005291985,32
turning,cnn_ae,ver_topk,3inchStickout_F_12-Jun-2017_rpm570_doc0p015_window_0003,3inchStickout/F_12-Jun-2017_rpm570_doc0p015,train,42,3,cv_evaluation,no_chatter,0,0.0021777803,32
turning,cnn_ae,ver_topk,3inchStickout_F_12-Jun-2017_rpm570_doc0p015_window_0004,3inchStickout/F_12-Jun-2017_rpm570_doc0p015,train,42,3,cv_evaluation,no_chatter,0,0.0027471401,32
turning,cnn_ae,ver_topk,3inchStickout_F_12-Jun-2017_rpm570_doc0p015_window_0005,3inchStickout/F_12-Jun-2017_rpm570_doc0p015,train,42,3,cv_evaluation,no_chatter,0,0.0026356594,32
turning,cnn_ae,ver_topk,3inchStickout_F_12-Jun-2017_rpm570_doc0p015_window_0006,3inchStickout/F_12-Jun-2017_rpm570_doc0p015,train,42,3,cv_evaluation,no_chatter,0,0.0030648687,32
turning,cnn_ae,ver_topk,3inchStickout_F_12-Jun-2017_rpm570_doc0p015_window_0007,3inchStickout/F_12-Jun-2017_rpm570_doc0p015,train,42,3,cv_evaluation,no_chatter,0,0.0027016054,32
turning,cnn_ae,ver_topk,3inchStickout_F_12-Jun-2017_rpm570_doc0p015_window_0008,3inchStickout/F_12-Jun-2017_rpm570_doc0p015,train,42,3,cv_evaluation,no_chatter,0,0.00266531,32
turning,cnn_ae,ver_topk,3inchStickout_F_12-Jun-2017_rpm570_doc0p015_window_0009,3inchStickout/F_12-Jun-2017_rpm570_doc0p015,train,42,3,cv_evaluation,no_chatter,0,0.0048110173,32
turning,cnn_ae,ver_topk,4p5inchStickout_F_12-Jun-2017_rpm570_doc0p010_window_0000,4p5inchStickout/F_12-Jun-2017_rpm570_doc0p010,train,42,3,cv_evaluation,no_chatter,0,3.6160523e-05,32
turning,cnn_ae,ver_topk,4p5inchStickout_F_12-Jun-2017_rpm570_doc0p010_window_0001,4p5inchStickout/F_12-Jun-2017_rpm570_doc0p010,train,42,3,cv_evaluation,no_chatter,0,4.9642465e-05,32
turning,cnn_ae,ver_topk,4p5inchStickout_F_12-Jun-2017_rpm570_doc0p010_window_0002,4p5inchStickout/F_12-Jun-2017_rpm570_doc0p010,test,42,3,cv_evaluation,no_chatter,0,4.091213e-05,32
turning,cnn_ae,ver_topk,4p5inchStickout_F_12-Jun-2017_rpm570_doc0p010_window_0003,4p5inchStickout/F_12-Jun-2017_rpm570_doc0p010,train,42,3,cv_evaluation,no_chatter,0,5.716198e-05,32
turning,cnn_ae,ver_topk,4p5inchStickout_F_12-Jun-2017_rpm570_doc0p010_window_0004,4p5inchStickout/F_12-Jun-2017_rpm570_doc0p010,train,42,3,cv_evaluation,no_chatter,0,0.00020636128,32
turning,cnn_ae,ver_topk,4p5inchStickout_F_12-Jun-2017_rpm570_doc0p010_window_0005,4p5inchStickout/F_12-Jun-2017_rpm570_doc0p010,train,42,3,cv_evaluation,no_chatter,0,0.00075985445,32
turning,cnn_ae,ver_topk,4p5inchStickout_F_12-Jun-2017_rpm570_doc0p010_window_0006,4p5inchStickout/F_12-Jun-2017_rpm570_doc0p010,train,42,3,cv_evaluation,no_chatter,0,0.0011154941,32
turning,cnn_ae,ver_topk,4p5inchStickout_F_12-Jun-2017_rpm570_doc0p010_window_0007,4p5inchStickout/F_12-Jun-2017_rpm570_doc0p010,train,42,3,cv_evaluation,no_chatter,0,0.00092647976,32
turning,cnn_ae,ver_topk,4p5inchStickout_F_12-Jun-2017_rpm570_doc0p010_window_0008,4p5inchStickout/F_12-Jun-2017_rpm570_doc0p010,train,42,3,cv_evaluation,no_chatter,0,0.00090370915,32
turning,cnn_ae,ver_topk,4p5inchStickout_F_12-Jun-2017_rpm570_doc0p010_window_0009,4p5inchStickout/F_12-Jun-2017_rpm570_doc0p010,train,42,3,cv_evaluation,no_chatter,0,0.002484537,32
turning,cnn_ae,ver_topk,4p5inchStickout_F_12-Jun-2017_rpm570_doc0p010_window_0010,4p5inchStickout/F_12-Jun-2017_rpm570_doc0p010,train,42,3,cv_evaluation,no_chatter,0,0.0011993226,32
turning,cnn_ae,ver_topk,4p5inchStickout_F_12-Jun-2017_rpm570_doc0p010_window_0011,4p5inchStickout/F_12-Jun-2017_rpm570_doc0p010,train,42,3,cv_evaluation,no_chatter,0,0.0011293838,32
turning,cnn_ae,ver_topk,4p5inchStickout_F_13-Jun-2017_rpm1030_doc0p012_window_0000,4p5inchStickout/F_13-Jun-2017_rpm1030_doc0p012,train,42,3,cv_evaluation,no_chatter,0,0.00010696121,32
turning,cnn_ae,ver_topk,4p5inchStickout_F_13-Jun-2017_rpm1030_doc0p012_window_0001,4p5inchStickout/F_13-Jun-2017_rpm1030_doc0p012,train,42,3,cv_evaluation,no_chatter,0,0.0014576962,32
turning,cnn_ae,ver_topk,4p5inchStickout_F_13-Jun-2017_rpm1030_doc0p012_window_0002,4p5inchStickout/F_13-Jun-2017_rpm1030_doc0p012,test,42,3,cv_evaluation,no_chatter,0,0.0012057397,32
turning,cnn_ae,ver_topk,4p5inchStickout_F_13-Jun-2017_rpm1030_doc0p012_window_0003,4p5inchStickout/F_13-Jun-2017_rpm1030_doc0p012,train,42,3,cv_evaluation,no_chatter,0,0.0011654586,32
turning,cnn_ae,ver_topk,4p5inchStickout_F_13-Jun-2017_rpm1030_doc0p016_window_0000,4p5inchStickout/F_13-Jun-2017_rpm1030_doc0p016,test,42,3,cv_evaluation,no_chatter,0,0.0001231788,32
turning,cnn_ae,ver_topk,4p5inchStickout_F_13-Jun-2017_rpm1030_doc0p016_window_0001,4p5inchStickout/F_13-Jun-2017_rpm1030_doc0p016,train,42,3,cv_evaluation,no_chatter,0,0.0010744521,32
turning,cnn_ae,ver_topk,4p5inchStickout_F_13-Jun-2017_rpm1030_doc0p016_window_0002,4p5inchStickout/F_13-Jun-2017_rpm1030_doc0p016,train,42,3,cv_evaluation,no_chatter,0,0.001261653,32
turning,cnn_ae,ver_topk,4p5inchStickout_F_13-Jun-2017_rpm1030_doc0p016_window_0003,4p5inchStickout/F_13-Jun-2017_rpm1030_doc0p016,train,42,3,cv_evaluation,no_chatter,0,0.0013413975,32
turning,cnn_ae,global_mse,2inchStickout_F_08-Jun-2017_rpm320_doc0p005_window_0000,2inchStickout/F_08-Jun-2017_rpm320_doc0p005,train,42,4,cv_evaluation,no_chatter,0,0.00029353352,32
turning,cnn_ae,global_mse,2inchStickout_F_08-Jun-2017_rpm320_doc0p005_window_0001,2inchStickout/F_08-Jun-2017_rpm320_doc0p005,train,42,4,cv_evaluation,no_chatter,0,0.00021943278,32
turning,cnn_ae,global_mse,2inchStickout_F_08-Jun-2017_rpm320_doc0p005_window_0002,2inchStickout/F_08-Jun-2017_rpm320_doc0p005,train,42,4,cv_evaluation,no_chatter,0,0.00020617023,32
turning,cnn_ae,global_mse,2inchStickout_F_08-Jun-2017_rpm320_doc0p005_window_0003,2inchStickout/F_08-Jun-2017_rpm320_doc0p005,train,42,4,cv_evaluation,no_chatter,0,0.00018696836,32
turning,cnn_ae,global_mse,2inchStickout_F_08-Jun-2017_rpm320_doc0p005_window_0004,2inchStickout/F_08-Jun-2017_rpm320_doc0p005,train,42,4,cv_evaluation,no_chatter,0,0.00030102173,32
turning,cnn_ae,global_mse,2inchStickout_F_08-Jun-2017_rpm320_doc0p005_window_0005,2inchStickout/F_08-Jun-2017_rpm320_doc0p005,validation,42,4,cv_evaluation,no_chatter,0,0.007251654,32
turning,cnn_ae,global_mse,2inchStickout_F_08-Jun-2017_rpm320_doc0p005_window_0006,2inchStickout/F_08-Jun-2017_rpm320_doc0p005,validation,42,4,cv_evaluation,chatter,1,0.005153676,32
turning,cnn_ae,global_mse,2inchStickout_F_08-Jun-2017_rpm320_doc0p005_window_0007,2inchStickout/F_08-Jun-2017_rpm320_doc0p005,validation,42,4,cv_evaluation,chatter,1,0.004741516,32
turning,cnn_ae,global_mse,2inchStickout_F_08-Jun-2017_rpm320_doc0p005_window_0008,2inchStickout/F_08-Jun-2017_rpm320_doc0p005,validation,42,4,cv_evaluation,chatter,1,0.0055982177,32
turning,cnn_ae,global_mse,2inchStickout_F_08-Jun-2017_rpm320_doc0p005_window_0009,2inchStickout/F_08-Jun-2017_rpm320_doc0p005,validation,42,4,cv_evaluation,chatter,1,0.004672093,32
turning,cnn_ae,global_mse,2inchStickout_F_08-Jun-2017_rpm320_doc0p005_window_0010,2inchStickout/F_08-Jun-2017_rpm320_doc0p005,validation,42,4,cv_evaluation,chatter,1,0.0044066776,32
turning,cnn_ae,global_mse,2inchStickout_F_08-Jun-2017_rpm320_doc0p005_window_0011,2inchStickout/F_08-Jun-2017_rpm320_doc0p005,validation,42,4,cv_evaluation,chatter,1,0.004597078,32
turning,cnn_ae,global_mse,2inchStickout_F_08-Jun-2017_rpm320_doc0p005_window_0012,2inchStickout/F_08-Jun-2017_rpm320_doc0p005,train,42,4,cv_evaluation,no_chatter,0,0.0035972276,32
turning,cnn_ae,global_mse,2inchStickout_F_08-Jun-2017_rpm320_doc0p005_window_0013,2inchStickout/F_08-Jun-2017_rpm320_doc0p005,train,42,4,cv_evaluation,no_chatter,0,0.0020613046,32
turning,cnn_ae,global_mse,2inchStickout_F_08-Jun-2017_rpm320_doc0p005_window_0014,2inchStickout/F_08-Jun-2017_rpm320_doc0p005,train,42,4,cv_evaluation,no_chatter,0,0.0015159949,32
turning,cnn_ae,global_mse,2inchStickout_F_08-Jun-2017_rpm320_doc0p005_window_0015,2inchStickout/F_08-Jun-2017_rpm320_doc0p005,train,42,4,cv_evaluation,no_chatter,0,0.0014137955,32
turning,cnn_ae,global_mse,2inchStickout_F_08-Jun-2017_rpm320_doc0p005_window_0016,2inchStickout/F_08-Jun-2017_rpm320_doc0p005,train,42,4,cv_evaluation,no_chatter,0,0.0015146028,32
turning,cnn_ae,global_mse,2inchStickout_F_08-Jun-2017_rpm320_doc0p005_window_0017,2inchStickout/F_08-Jun-2017_rpm320_doc0p005,train,42,4,cv_evaluation,no_chatter,0,0.0013601368,32
turning,cnn_ae,global_mse,2inchStickout_F_08-Jun-2017_rpm320_doc0p005_window_0018,2inchStickout/F_08-Jun-2017_rpm320_doc0p005,train,42,4,cv_evaluation,no_chatter,0,0.0013652771,32
turning,cnn_ae,global_mse,2inchStickout_F_08-Jun-2017_rpm320_doc0p005_window_0019,2inchStickout/F_08-Jun-2017_rpm320_doc0p005,train,42,4,cv_evaluation,no_chatter,0,0.0014620958,32
turning,cnn_ae,global_mse,2inchStickout_F_08-Jun-2017_rpm320_doc0p005_window_0020,2inchStickout/F_08-Jun-2017_rpm320_doc0p005,train,42,4,cv_evaluation,no_chatter,0,0.0014844947,32
turning,cnn_ae,global_mse,2inchStickout_F_08-Jun-2017_rpm320_doc0p005_window_0021,2inchStickout/F_08-Jun-2017_rpm320_doc0p005,train,42,4,cv_evaluation,no_chatter,0,0.0029229387,32
turning,cnn_ae,global_mse,2inchStickout_F_08-Jun-2017_rpm320_doc0p005_window_0022,2inchStickout/F_08-Jun-2017_rpm320_doc0p005,train,42,4,cv_evaluation,no_chatter,0,0.0037118974,32
turning,cnn_ae,global_mse,2inchStickout_F_08-Jun-2017_rpm320_doc0p005_window_0023,2inchStickout/F_08-Jun-2017_rpm320_doc0p005,train,42,4,cv_evaluation,no_chatter,0,0.004408921,32
turning,cnn_ae,global_mse,2inchStickout_F_08-Jun-2017_rpm320_doc0p030_window_0000,2inchStickout/F_08-Jun-2017_rpm320_doc0p030,train,42,4,cv_evaluation,no_chatter,0,0.00013846986,32
turning,cnn_ae,global_mse,2inchStickout_F_08-Jun-2017_rpm320_doc0p030_window_0001,2inchStickout/F_08-Jun-2017_rpm320_doc0p030,train,42,4,cv_evaluation,no_chatter,0,0.00014549526,32
turning,cnn_ae,global_mse,2inchStickout_F_08-Jun-2017_rpm320_doc0p030_window_0002,2inchStickout/F_08-Jun-2017_rpm320_doc0p030,train,42,4,cv_evaluation,no_chatter,0,0.00013807093,32
turning,cnn_ae,global_mse,2inchStickout_F_08-Jun-2017_rpm320_doc0p030_window_0003,2inchStickout/F_08-Jun-2017_rpm320_doc0p030,train,42,4,cv_evaluation,no_chatter,0,0.00088146585,32
turning,cnn_ae,global_mse,2inchStickout_F_08-Jun-2017_rpm320_doc0p030_window_0004,2inchStickout/F_08-Jun-2017_rpm320_doc0p030,train,42,4,cv_evaluation,no_chatter,0,0.00064046186,32
turning,cnn_ae,global_mse,2inchStickout_F_08-Jun-2017_rpm320_doc0p030_window_0005,2inchStickout/F_08-Jun-2017_rpm320_doc0p030,train,42,4,cv_evaluation,no_chatter,0,0.00044497396,32
turning,cnn_ae,global_mse,2inchStickout_F_08-Jun-2017_rpm320_doc0p030_window_0006,2inchStickout/F_08-Jun-2017_rpm320_doc0p030,train,42,4,cv_evaluation,no_chatter,0,0.00049437996,32
turning,cnn_ae,global_mse,2inchStickout_F_08-Jun-2017_rpm320_doc0p030_window_0007,2inchStickout/F_08-Jun-2017_rpm320_doc0p030,train,42,4,cv_evaluation,no_chatter,0,0.00058580464,32
turning,cnn_ae,global_mse,2inchStickout_F_08-Jun-2017_rpm320_doc0p030_window_0008,2inchStickout/F_08-Jun-2017_rpm320_doc0p030,train,42,4,cv_evaluation,no_chatter,0,0.0005164651,32
turning,cnn_ae,global_mse,2inchStickout_F_08-Jun-2017_rpm320_doc0p030_window_0009,2inchStickout/F_08-Jun-2017_rpm320_doc0p030,train,42,4,cv_evaluation,no_chatter,0,0.0005154988,32
turning,cnn_ae,global_mse,2inchStickout_F_08-Jun-2017_rpm320_doc0p030_window_0010,2inchStickout/F_08-Jun-2017_rpm320_doc0p030,train,42,4,cv_evaluation,no_chatter,0,0.0005331224,32
turning,cnn_ae,global_mse,2inchStickout_F_08-Jun-2017_rpm320_doc0p030_window_0011,2inchStickout/F_08-Jun-2017_rpm320_doc0p030,validation,42,4,cv_evaluation,no_chatter,0,0.00058220455,32
turning,cnn_ae,global_mse,2inchStickout_F_08-Jun-2017_rpm320_doc0p030_window_0012,2inchStickout/F_08-Jun-2017_rpm320_doc0p030,validation,42,4,cv_evaluation,no_chatter,0,0.0004683069,32
turning,cnn_ae,global_mse,2inchStickout_F_08-Jun-2017_rpm320_doc0p030_window_0013,2inchStickout/F_08-Jun-2017_rpm320_doc0p030,train,42,4,cv_evaluation,no_chatter,0,0.00058505737,32
turning,cnn_ae,global_mse,2inchStickout_F_08-Jun-2017_rpm320_doc0p030_window_0014,2inchStickout/F_08-Jun-2017_rpm320_doc0p030,train,42,4,cv_evaluation,no_chatter,0,0.0009179849,32
turning,cnn_ae,global_mse,2inchStickout_F_08-Jun-2017_rpm320_doc0p030_window_0015,2inchStickout/F_08-Jun-2017_rpm320_doc0p030,train,42,4,cv_evaluation,no_chatter,0,0.0006919134,32
turning,cnn_ae,global_mse,2inchStickout_F_08-Jun-2017_rpm320_doc0p030_window_0016,2inchStickout/F_08-Jun-2017_rpm320_doc0p030,train,42,4,cv_evaluation,no_chatter,0,0.00059091044,32
turning,cnn_ae,global_mse,2inchStickout_F_08-Jun-2017_rpm320_doc0p030_window_0017,2inchStickout/F_08-Jun-2017_rpm320_doc0p030,train,42,4,cv_evaluation,no_chatter,0,0.0009283078,32
turning,cnn_ae,global_mse,2inchStickout_F_08-Jun-2017_rpm320_doc0p030_window_0018,2inchStickout/F_08-Jun-2017_rpm320_doc0p030,train,42,4,cv_evaluation,no_chatter,0,0.0010432946,32
turning,cnn_ae,global_mse,2inchStickout_F_08-Jun-2017_rpm320_doc0p030_window_0019,2inchStickout/F_08-Jun-2017_rpm320_doc0p030,validation,42,4,cv_evaluation,no_chatter,0,0.0014314987,32
turning,cnn_ae,global_mse,2inchStickout_F_08-Jun-2017_rpm320_doc0p030_window_0020,2inchStickout/F_08-Jun-2017_rpm320_doc0p030,validation,42,4,cv_evaluation,no_chatter,0,0.0017009611,32
turning,cnn_ae,global_mse,2inchStickout_F_08-Jun-2017_rpm320_doc0p030_window_0021,2inchStickout/F_08-Jun-2017_rpm320_doc0p030,train,42,4,cv_evaluation,no_chatter,0,0.0016774727,32
turning,cnn_ae,global_mse,2inchStickout_F_08-Jun-2017_rpm320_doc0p030_window_0022,2inchStickout/F_08-Jun-2017_rpm320_doc0p030,train,42,4,cv_evaluation,no_chatter,0,0.0021428477,32
turning,cnn_ae,global_mse,2inchStickout_F_08-Jun-2017_rpm320_doc0p030_window_0023,2inchStickout/F_08-Jun-2017_rpm320_doc0p030,train,42,4,cv_evaluation,no_chatter,0,0.002044924,32
turning,cnn_ae,global_mse,2inchStickout_F_08-Jun-2017_rpm425_doc0p017_window_0000,2inchStickout/F_08-Jun-2017_rpm425_doc0p017,train,42,4,cv_evaluation,no_chatter,0,0.00022434998,32
turning,cnn_ae,global_mse,2inchStickout_F_08-Jun-2017_rpm425_doc0p017_window_0001,2inchStickout/F_08-Jun-2017_rpm425_doc0p017,train,42,4,cv_evaluation,no_chatter,0,0.00030979037,32
turning,cnn_ae,global_mse,2inchStickout_F_08-Jun-2017_rpm425_doc0p017_window_0002,2inchStickout/F_08-Jun-2017_rpm425_doc0p017,validation,42,4,cv_evaluation,no_chatter,0,0.0010111558,32
turning,cnn_ae,global_mse,2inchStickout_F_08-Jun-2017_rpm425_doc0p017_window_0003,2inchStickout/F_08-Jun-2017_rpm425_doc0p017,validation,42,4,cv_evaluation,no_chatter,0,0.0014205961,32
turning,cnn_ae,global_mse,2inchStickout_F_08-Jun-2017_rpm425_doc0p017_window_0004,2inchStickout/F_08-Jun-2017_rpm425_doc0p017,validation,42,4,cv_evaluation,no_chatter,0,0.0033439216,32
turning,cnn_ae,global_mse,2inchStickout_F_08-Jun-2017_rpm425_doc0p017_window_0005,2inchStickout/F_08-Jun-2017_rpm425_doc0p017,validation,42,4,cv_evaluation,no_chatter,0,0.002317048,32
turning,cnn_ae,global_mse,2inchStickout_F_08-Jun-2017_rpm425_doc0p017_window_0006,2inchStickout/F_08-Jun-2017_rpm425_doc0p017,train,42,4,cv_evaluation,no_chatter,0,0.001368137,32
turning,cnn_ae,global_mse,2inchStickout_F_08-Jun-2017_rpm425_doc0p017_window_0007,2inchStickout/F_08-Jun-2017_rpm425_doc0p017,train,42,4,cv_evaluation,no_chatter,0,0.0048811664,32
turning,cnn_ae,global_mse,2inchStickout_F_08-Jun-2017_rpm570_doc0p010_window_0000,2inchStickout/F_08-Jun-2017_rpm570_doc0p010,test,42,4,cv_evaluation,no_chatter,0,0.0002312734,32
turning,cnn_ae,global_mse,2inchStickout_F_08-Jun-2017_rpm570_doc0p010_window_0001,2inchStickout/F_08-Jun-2017_rpm570_doc0p010,test,42,4,cv_evaluation,no_chatter,0,0.001995714,32
turning,cnn_ae,global_mse,2inchStickout_F_08-Jun-2017_rpm570_doc0p010_window_0002,2inchStickout/F_08-Jun-2017_rpm570_doc0p010,test,42,4,cv_evaluation,chatter,1,0.0061939913,32
turning,cnn_ae,global_mse,2inchStickout_F_08-Jun-2017_rpm570_doc0p010_window_0003,2inchStickout/F_08-Jun-2017_rpm570_doc0p010,test,42,4,cv_evaluation,chatter,1,0.005500841,32
turning,cnn_ae,global_mse,2inchStickout_F_08-Jun-2017_rpm570_doc0p010_window_0004,2inchStickout/F_08-Jun-2017_rpm570_doc0p010,test,42,4,cv_evaluation,chatter,1,0.0073964708,32
turning,cnn_ae,global_mse,2inchStickout_F_08-Jun-2017_rpm570_doc0p010_window_0005,2inchStickout/F_08-Jun-2017_rpm570_doc0p010,test,42,4,cv_evaluation,chatter,1,0.008267117,32
turning,cnn_ae,global_mse,2inchStickout_F_08-Jun-2017_rpm770_doc0p002_window_0000,2inchStickout/F_08-Jun-2017_rpm770_doc0p002,train,42,4,cv_evaluation,no_chatter,0,0.0003446196,32
turning,cnn_ae,global_mse,2inchStickout_F_08-Jun-2017_rpm770_doc0p002_window_0001,2inchStickout/F_08-Jun-2017_rpm770_doc0p002,validation,42,4,cv_evaluation,chatter,1,0.010735054,32
turning,cnn_ae,global_mse,2inchStickout_F_08-Jun-2017_rpm770_doc0p002_window_0002,2inchStickout/F_08-Jun-2017_rpm770_doc0p002,validation,42,4,cv_evaluation,chatter,1,0.012784641,32
turning,cnn_ae,global_mse,2inchStickout_F_08-Jun-2017_rpm770_doc0p002_window_0003,2inchStickout/F_08-Jun-2017_rpm770_doc0p002,train,42,4,cv_evaluation,no_chatter,0,0.0043724766,32
turning,cnn_ae,global_mse,2inchStickout_F_08-Jun-2017_rpm770_doc0p002_window_0004,2inchStickout/F_08-Jun-2017_rpm770_doc0p002,validation,42,4,cv_evaluation,chatter,1,0.0038661815,32
turning,cnn_ae,global_mse,2inchStickout_F_08-Jun-2017_rpm770_doc0p002_window_0005,2inchStickout/F_08-Jun-2017_rpm770_doc0p002,train,42,4,cv_evaluation,no_chatter,0,0.0039946423,32
turning,cnn_ae,global_mse,2inchStickout_F_08-Jun-2017_rpm770_doc0p002_window_0006,2inchStickout/F_08-Jun-2017_rpm770_doc0p002,train,42,4,cv_evaluation,no_chatter,0,0.012905848,32
turning,cnn_ae,global_mse,2inchStickout_F_08-Jun-2017_rpm770_doc0p002_window_0007,2inchStickout/F_08-Jun-2017_rpm770_doc0p002,validation,42,4,cv_evaluation,chatter,1,0.007278331,32
turning,cnn_ae,global_mse,2p5inchStickout_F_12-Jun-2017_rpm570_doc0p005_window_0000,2p5inchStickout/F_12-Jun-2017_rpm570_doc0p005,test,42,4,cv_evaluation,no_chatter,0,0.00046036777,32
turning,cnn_ae,global_mse,2p5inchStickout_F_12-Jun-2017_rpm570_doc0p005_window_0001,2p5inchStickout/F_12-Jun-2017_rpm570_doc0p005,train,42,4,cv_evaluation,no_chatter,0,0.002082928,32
turning,cnn_ae,global_mse,2p5inchStickout_F_12-Jun-2017_rpm570_doc0p005_window_0002,2p5inchStickout/F_12-Jun-2017_rpm570_doc0p005,train,42,4,cv_evaluation,no_chatter,0,0.001903732,32
turning,cnn_ae,global_mse,2p5inchStickout_F_12-Jun-2017_rpm570_doc0p005_window_0003,2p5inchStickout/F_12-Jun-2017_rpm570_doc0p005,train,42,4,cv_evaluation,no_chatter,0,0.0019719459,32
turning,cnn_ae,global_mse,2p5inchStickout_F_12-Jun-2017_rpm570_doc0p005_window_0004,2p5inchStickout/F_12-Jun-2017_rpm570_doc0p005,test,42,4,cv_evaluation,no_chatter,0,0.0030323113,32
turning,cnn_ae,global_mse,2p5inchStickout_F_12-Jun-2017_rpm570_doc0p005_window_0005,2p5inchStickout/F_12-Jun-2017_rpm570_doc0p005,train,42,4,cv_evaluation,no_chatter,0,0.0046717874,32
turning,cnn_ae,global_mse,2p5inchStickout_F_12-Jun-2017_rpm570_doc0p005_window_0006,2p5inchStickout/F_12-Jun-2017_rpm570_doc0p005,train,42,4,cv_evaluation,no_chatter,0,0.0025428561,32
turning,cnn_ae,global_mse,2p5inchStickout_F_12-Jun-2017_rpm570_doc0p005_window_0007,2p5inchStickout/F_12-Jun-2017_rpm570_doc0p005,train,42,4,cv_evaluation,no_chatter,0,0.001810928,32
turning,cnn_ae,global_mse,2p5inchStickout_F_12-Jun-2017_rpm570_doc0p005_window_0008,2p5inchStickout/F_12-Jun-2017_rpm570_doc0p005,test,42,4,cv_evaluation,no_chatter,0,0.004630019,32
turning,cnn_ae,global_mse,2p5inchStickout_F_12-Jun-2017_rpm570_doc0p005_window_0009,2p5inchStickout/F_12-Jun-2017_rpm570_doc0p005,train,42,4,cv_evaluation,no_chatter,0,0.00442338,32
turning,cnn_ae,global_mse,2p5inchStickout_F_12-Jun-2017_rpm570_doc0p010_window_0000,2p5inchStickout/F_12-Jun-2017_rpm570_doc0p010,train,42,4,cv_evaluation,no_chatter,0,0.00082001503,32
turning,cnn_ae,global_mse,2p5inchStickout_F_12-Jun-2017_rpm570_doc0p010_window_0001,2p5inchStickout/F_12-Jun-2017_rpm570_doc0p010,train,42,4,cv_evaluation,no_chatter,0,0.0024576185,32
turning,cnn_ae,global_mse,2p5inchStickout_F_12-Jun-2017_rpm570_doc0p010_window_0002,2p5inchStickout/F_12-Jun-2017_rpm570_doc0p010,train,42,4,cv_evaluation,no_chatter,0,0.0015556628,32
turning,cnn_ae,global_mse,2p5inchStickout_F_12-Jun-2017_rpm570_doc0p010_window_0003,2p5inchStickout/F_12-Jun-2017_rpm570_doc0p010,test,42,4,cv_evaluation,no_chatter,0,0.0014743208,32
turning,cnn_ae,global_mse,2p5inchStickout_F_12-Jun-2017_rpm570_doc0p010_window_0004,2p5inchStickout/F_12-Jun-2017_rpm570_doc0p010,train,42,4,cv_evaluation,no_chatter,0,0.0017751821,32
turning,cnn_ae,global_mse,2p5inchStickout_F_12-Jun-2017_rpm570_doc0p010_window_0005,2p5inchStickout/F_12-Jun-2017_rpm570_doc0p010,train,42,4,cv_evaluation,no_chatter,0,0.0021189458,32
turning,cnn_ae,global_mse,2p5inchStickout_F_12-Jun-2017_rpm570_doc0p010_window_0006,2p5inchStickout/F_12-Jun-2017_rpm570_doc0p010,test,42,4,cv_evaluation,no_chatter,0,0.0025614742,32
turning,cnn_ae,global_mse,2p5inchStickout_F_12-Jun-2017_rpm570_doc0p010_window_0007,2p5inchStickout/F_12-Jun-2017_rpm570_doc0p010,train,42,4,cv_evaluation,no_chatter,0,0.0019527025,32
turning,cnn_ae,global_mse,2p5inchStickout_F_12-Jun-2017_rpm570_doc0p010_window_0008,2p5inchStickout/F_12-Jun-2017_rpm570_doc0p010,train,42,4,cv_evaluation,no_chatter,0,0.0017103968,32
turning,cnn_ae,global_mse,2p5inchStickout_F_12-Jun-2017_rpm570_doc0p010_window_0009,2p5inchStickout/F_12-Jun-2017_rpm570_doc0p010,test,42,4,cv_evaluation,no_chatter,0,0.0015758995,32
turning,cnn_ae,global_mse,3p5inchStickout_F_14-Jun-2017_rpm770_doc0p005_window_0000,3p5inchStickout/F_14-Jun-2017_rpm770_doc0p005,validation,42,4,cv_evaluation,no_chatter,0,0.0002851356,32
turning,cnn_ae,global_mse,3p5inchStickout_F_14-Jun-2017_rpm770_doc0p005_window_0001,3p5inchStickout/F_14-Jun-2017_rpm770_doc0p005,train,42,4,cv_evaluation,no_chatter,0,0.002098273,32
turning,cnn_ae,global_mse,3p5inchStickout_F_14-Jun-2017_rpm770_doc0p005_window_0002,3p5inchStickout/F_14-Jun-2017_rpm770_doc0p005,train,42,4,cv_evaluation,no_chatter,0,0.0017403554,32
turning,cnn_ae,global_mse,3p5inchStickout_F_14-Jun-2017_rpm770_doc0p005_window_0003,3p5inchStickout/F_14-Jun-2017_rpm770_doc0p005,train,42,4,cv_evaluation,no_chatter,0,0.0022121114,32
turning,cnn_ae,global_mse,4p5inchStickout_F_12-Jun-2017_rpm570_doc0p015_window_0000,4p5inchStickout/F_12-Jun-2017_rpm570_doc0p015,train,42,4,cv_evaluation,no_chatter,0,5.561816e-05,32
turning,cnn_ae,global_mse,4p5inchStickout_F_12-Jun-2017_rpm570_doc0p015_window_0001,4p5inchStickout/F_12-Jun-2017_rpm570_doc0p015,train,42,4,cv_evaluation,no_chatter,0,4.83295e-05,32
turning,cnn_ae,global_mse,4p5inchStickout_F_12-Jun-2017_rpm570_doc0p015_window_0002,4p5inchStickout/F_12-Jun-2017_rpm570_doc0p015,train,42,4,cv_evaluation,no_chatter,0,5.0342274e-05,32
turning,cnn_ae,global_mse,4p5inchStickout_F_12-Jun-2017_rpm570_doc0p015_window_0003,4p5inchStickout/F_12-Jun-2017_rpm570_doc0p015,train,42,4,cv_evaluation,no_chatter,0,5.828049e-05,32
turning,cnn_ae,global_mse,4p5inchStickout_F_12-Jun-2017_rpm570_doc0p015_window_0004,4p5inchStickout/F_12-Jun-2017_rpm570_doc0p015,train,42,4,cv_evaluation,no_chatter,0,0.0006188023,32
turning,cnn_ae,global_mse,4p5inchStickout_F_12-Jun-2017_rpm570_doc0p015_window_0005,4p5inchStickout/F_12-Jun-2017_rpm570_doc0p015,train,42,4,cv_evaluation,no_chatter,0,0.0010993603,32
turning,cnn_ae,global_mse,4p5inchStickout_F_12-Jun-2017_rpm570_doc0p015_window_0006,4p5inchStickout/F_12-Jun-2017_rpm570_doc0p015,train,42,4,cv_evaluation,no_chatter,0,0.000962868,32
turning,cnn_ae,global_mse,4p5inchStickout_F_12-Jun-2017_rpm570_doc0p015_window_0007,4p5inchStickout/F_12-Jun-2017_rpm570_doc0p015,train,42,4,cv_evaluation,no_chatter,0,0.0010265363,32
turning,cnn_ae,global_mse,4p5inchStickout_F_12-Jun-2017_rpm570_doc0p015_window_0008,4p5inchStickout/F_12-Jun-2017_rpm570_doc0p015,train,42,4,cv_evaluation,no_chatter,0,0.0011793147,32
turning,cnn_ae,global_mse,4p5inchStickout_F_12-Jun-2017_rpm570_doc0p015_window_0009,4p5inchStickout/F_12-Jun-2017_rpm570_doc0p015,train,42,4,cv_evaluation,no_chatter,0,0.0021863002,32
turning,cnn_ae,global_mse,4p5inchStickout_F_12-Jun-2017_rpm570_doc0p015_window_0010,4p5inchStickout/F_12-Jun-2017_rpm570_doc0p015,train,42,4,cv_evaluation,no_chatter,0,0.0015539326,32
turning,cnn_ae,global_mse,4p5inchStickout_F_12-Jun-2017_rpm570_doc0p015_window_0011,4p5inchStickout/F_12-Jun-2017_rpm570_doc0p015,train,42,4,cv_evaluation,no_chatter,0,0.0020086847,32
turning,cnn_ae,global_mse,4p5inchStickout_F_12-Jun-2017_rpm570_doc0p025_window_0000,4p5inchStickout/F_12-Jun-2017_rpm570_doc0p025,train,42,4,cv_evaluation,no_chatter,0,7.1846625e-05,32
turning,cnn_ae,global_mse,4p5inchStickout_F_12-Jun-2017_rpm570_doc0p025_window_0001,4p5inchStickout/F_12-Jun-2017_rpm570_doc0p025,train,42,4,cv_evaluation,no_chatter,0,7.088537e-05,32
turning,cnn_ae,global_mse,4p5inchStickout_F_12-Jun-2017_rpm570_doc0p025_window_0002,4p5inchStickout/F_12-Jun-2017_rpm570_doc0p025,train,42,4,cv_evaluation,no_chatter,0,6.852946e-05,32
turning,cnn_ae,global_mse,4p5inchStickout_F_12-Jun-2017_rpm570_doc0p025_window_0003,4p5inchStickout/F_12-Jun-2017_rpm570_doc0p025,train,42,4,cv_evaluation,no_chatter,0,6.203864e-05,32
turning,cnn_ae,global_mse,4p5inchStickout_F_12-Jun-2017_rpm570_doc0p025_window_0004,4p5inchStickout/F_12-Jun-2017_rpm570_doc0p025,train,42,4,cv_evaluation,no_chatter,0,0.0008760176,32
turning,cnn_ae,global_mse,4p5inchStickout_F_12-Jun-2017_rpm570_doc0p025_window_0005,4p5inchStickout/F_12-Jun-2017_rpm570_doc0p025,train,42,4,cv_evaluation,no_chatter,0,0.00088078395,32
turning,cnn_ae,global_mse,4p5inchStickout_F_12-Jun-2017_rpm570_doc0p025_window_0006,4p5inchStickout/F_12-Jun-2017_rpm570_doc0p025,test,42,4,cv_evaluation,no_chatter,0,0.00081856706,32
turning,cnn_ae,global_mse,4p5inchStickout_F_12-Jun-2017_rpm570_doc0p025_window_0007,4p5inchStickout/F_12-Jun-2017_rpm570_doc0p025,train,42,4,cv_evaluation,no_chatter,0,0.0009292785,32
turning,cnn_ae,global_mse,4p5inchStickout_F_12-Jun-2017_rpm570_doc0p025_window_0008,4p5inchStickout/F_12-Jun-2017_rpm570_doc0p025,train,42,4,cv_evaluation,no_chatter,0,0.0016982964,32
turning,cnn_ae,global_mse,4p5inchStickout_F_12-Jun-2017_rpm570_doc0p025_window_0009,4p5inchStickout/F_12-Jun-2017_rpm570_doc0p025,train,42,4,cv_evaluation,no_chatter,0,0.0023928992,32
turning,cnn_ae,global_mse,4p5inchStickout_F_12-Jun-2017_rpm570_doc0p025_window_0010,4p5inchStickout/F_12-Jun-2017_rpm570_doc0p025,train,42,4,cv_evaluation,no_chatter,0,0.0022641616,32
turning,cnn_ae,global_mse,4p5inchStickout_F_12-Jun-2017_rpm570_doc0p025_window_0011,4p5inchStickout/F_12-Jun-2017_rpm570_doc0p025,train,42,4,cv_evaluation,no_chatter,0,0.0024239642,32
turning,cnn_ae,global_mse,4p5inchStickout_F_13-Jun-2017_rpm1030_doc0p010_window_0000,4p5inchStickout/F_13-Jun-2017_rpm1030_doc0p010,train,42,4,cv_evaluation,no_chatter,0,0.00011518703,32
turning,cnn_ae,global_mse,4p5inchStickout_F_13-Jun-2017_rpm1030_doc0p010_window_0001,4p5inchStickout/F_13-Jun-2017_rpm1030_doc0p010,test,42,4,cv_evaluation,no_chatter,0,0.0044524907,32
turning,cnn_ae,global_mse,4p5inchStickout_F_13-Jun-2017_rpm1030_doc0p010_window_0002,4p5inchStickout/F_13-Jun-2017_rpm1030_doc0p010,train,42,4,cv_evaluation,no_chatter,0,0.0023720446,32
turning,cnn_ae,global_mse,4p5inchStickout_F_13-Jun-2017_rpm1030_doc0p010_window_0003,4p5inchStickout/F_13-Jun-2017_rpm1030_doc0p010,train,42,4,cv_evaluation,no_chatter,0,0.0025993423,32
turning,cnn_ae,global_mse,4p5inchStickout_F_13-Jun-2017_rpm1030_doc0p013_window_0000,4p5inchStickout/F_13-Jun-2017_rpm1030_doc0p013,test,42,4,cv_evaluation,no_chatter,0,0.00011660426,32
turning,cnn_ae,global_mse,4p5inchStickout_F_13-Jun-2017_rpm1030_doc0p013_window_0001,4p5inchStickout/F_13-Jun-2017_rpm1030_doc0p013,train,42,4,cv_evaluation,no_chatter,0,0.0021474755,32
turning,cnn_ae,global_mse,4p5inchStickout_F_13-Jun-2017_rpm1030_doc0p013_window_0002,4p5inchStickout/F_13-Jun-2017_rpm1030_doc0p013,test,42,4,cv_evaluation,no_chatter,0,0.0015159034,32
turning,cnn_ae,global_mse,4p5inchStickout_F_13-Jun-2017_rpm1030_doc0p013_window_0003,4p5inchStickout/F_13-Jun-2017_rpm1030_doc0p013,train,42,4,cv_evaluation,no_chatter,0,0.0022198847,32
turning,cnn_ae,global_mse,4p5inchStickout_F_13-Jun-2017_rpm770_doc0p020_window_0000,4p5inchStickout/F_13-Jun-2017_rpm770_doc0p020,train,42,4,cv_evaluation,no_chatter,0,9.692994e-05,32
turning,cnn_ae,global_mse,4p5inchStickout_F_13-Jun-2017_rpm770_doc0p020_window_0001,4p5inchStickout/F_13-Jun-2017_rpm770_doc0p020,train,42,4,cv_evaluation,no_chatter,0,0.00056595856,32
turning,cnn_ae,global_mse,4p5inchStickout_F_13-Jun-2017_rpm770_doc0p020_window_0002,4p5inchStickout/F_13-Jun-2017_rpm770_doc0p020,test,42,4,cv_evaluation,no_chatter,0,0.0009911893,32
turning,cnn_ae,global_mse,4p5inchStickout_F_13-Jun-2017_rpm770_doc0p020_window_0003,4p5inchStickout/F_13-Jun-2017_rpm770_doc0p020,train,42,4,cv_evaluation,no_chatter,0,0.0014133595,32
turning,cnn_ae,global_mse,4p5inchStickout_F_13-Jun-2017_rpm770_doc0p020_window_0004,4p5inchStickout/F_13-Jun-2017_rpm770_doc0p020,train,42,4,cv_evaluation,no_chatter,0,0.0012746573,32
turning,cnn_ae,global_mse,4p5inchStickout_F_13-Jun-2017_rpm770_doc0p020_window_0005,4p5inchStickout/F_13-Jun-2017_rpm770_doc0p020,train,42,4,cv_evaluation,no_chatter,0,0.0030605493,32
turning,cnn_ae,global_mae,2inchStickout_F_08-Jun-2017_rpm320_doc0p005_window_0000,2inchStickout/F_08-Jun-2017_rpm320_doc0p005,train,42,4,cv_evaluation,no_chatter,0,0.00620382,32
turning,cnn_ae,global_mae,2inchStickout_F_08-Jun-2017_rpm320_doc0p005_window_0001,2inchStickout/F_08-Jun-2017_rpm320_doc0p005,train,42,4,cv_evaluation,no_chatter,0,0.005663145,32
turning,cnn_ae,global_mae,2inchStickout_F_08-Jun-2017_rpm320_doc0p005_window_0002,2inchStickout/F_08-Jun-2017_rpm320_doc0p005,train,42,4,cv_evaluation,no_chatter,0,0.0056520887,32
turning,cnn_ae,global_mae,2inchStickout_F_08-Jun-2017_rpm320_doc0p005_window_0003,2inchStickout/F_08-Jun-2017_rpm320_doc0p005,train,42,4,cv_evaluation,no_chatter,0,0.0054559144,32
turning,cnn_ae,global_mae,2inchStickout_F_08-Jun-2017_rpm320_doc0p005_window_0004,2inchStickout/F_08-Jun-2017_rpm320_doc0p005,train,42,4,cv_evaluation,no_chatter,0,0.006401465,32
turning,cnn_ae,global_mae,2inchStickout_F_08-Jun-2017_rpm320_doc0p005_window_0005,2inchStickout/F_08-Jun-2017_rpm320_doc0p005,validation,42,4,cv_evaluation,no_chatter,0,0.041801367,32
turning,cnn_ae,global_mae,2inchStickout_F_08-Jun-2017_rpm320_doc0p005_window_0006,2inchStickout/F_08-Jun-2017_rpm320_doc0p005,validation,42,4,cv_evaluation,chatter,1,0.042699635,32
turning,cnn_ae,global_mae,2inchStickout_F_08-Jun-2017_rpm320_doc0p005_window_0007,2inchStickout/F_08-Jun-2017_rpm320_doc0p005,validation,42,4,cv_evaluation,chatter,1,0.041129705,32
turning,cnn_ae,global_mae,2inchStickout_F_08-Jun-2017_rpm320_doc0p005_window_0008,2inchStickout/F_08-Jun-2017_rpm320_doc0p005,validation,42,4,cv_evaluation,chatter,1,0.045404978,32
turning,cnn_ae,global_mae,2inchStickout_F_08-Jun-2017_rpm320_doc0p005_window_0009,2inchStickout/F_08-Jun-2017_rpm320_doc0p005,validation,42,4,cv_evaluation,chatter,1,0.03899422,32
turning,cnn_ae,global_mae,2inchStickout_F_08-Jun-2017_rpm320_doc0p005_window_0010,2inchStickout/F_08-Jun-2017_rpm320_doc0p005,validation,42,4,cv_evaluation,chatter,1,0.03577919,32
turning,cnn_ae,global_mae,2inchStickout_F_08-Jun-2017_rpm320_doc0p005_window_0011,2inchStickout/F_08-Jun-2017_rpm320_doc0p005,validation,42,4,cv_evaluation,chatter,1,0.03678668,32
turning,cnn_ae,global_mae,2inchStickout_F_08-Jun-2017_rpm320_doc0p005_window_0012,2inchStickout/F_08-Jun-2017_rpm320_doc0p005,train,42,4,cv_evaluation,no_chatter,0,0.031893693,32
turning,cnn_ae,global_mae,2inchStickout_F_08-Jun-2017_rpm320_doc0p005_window_0013,2inchStickout/F_08-Jun-2017_rpm320_doc0p005,train,42,4,cv_evaluation,no_chatter,0,0.02265115,32
turning,cnn_ae,global_mae,2inchStickout_F_08-Jun-2017_rpm320_doc0p005_window_0014,2inchStickout/F_08-Jun-2017_rpm320_doc0p005,train,42,4,cv_evaluation,no_chatter,0,0.018867884,32
turning,cnn_ae,global_mae,2inchStickout_F_08-Jun-2017_rpm320_doc0p005_window_0015,2inchStickout/F_08-Jun-2017_rpm320_doc0p005,train,42,4,cv_evaluation,no_chatter,0,0.018345477,32
turning,cnn_ae,global_mae,2inchStickout_F_08-Jun-2017_rpm320_doc0p005_window_0016,2inchStickout/F_08-Jun-2017_rpm320_doc0p005,train,42,4,cv_evaluation,no_chatter,0,0.018788317,32
turning,cnn_ae,global_mae,2inchStickout_F_08-Jun-2017_rpm320_doc0p005_window_0017,2inchStickout/F_08-Jun-2017_rpm320_doc0p005,train,42,4,cv_evaluation,no_chatter,0,0.017711632,32
turning,cnn_ae,global_mae,2inchStickout_F_08-Jun-2017_rpm320_doc0p005_window_0018,2inchStickout/F_08-Jun-2017_rpm320_doc0p005,train,42,4,cv_evaluation,no_chatter,0,0.018148988,32
turning,cnn_ae,global_mae,2inchStickout_F_08-Jun-2017_rpm320_doc0p005_window_0019,2inchStickout/F_08-Jun-2017_rpm320_doc0p005,train,42,4,cv_evaluation,no_chatter,0,0.01915129,32
turning,cnn_ae,global_mae,2inchStickout_F_08-Jun-2017_rpm320_doc0p005_window_0020,2inchStickout/F_08-Jun-2017_rpm320_doc0p005,train,42,4,cv_evaluation,no_chatter,0,0.019783575,32
turning,cnn_ae,global_mae,2inchStickout_F_08-Jun-2017_rpm320_doc0p005_window_0021,2inchStickout/F_08-Jun-2017_rpm320_doc0p005,train,42,4,cv_evaluation,no_chatter,0,0.029827014,32
turning,cnn_ae,global_mae,2inchStickout_F_08-Jun-2017_rpm320_doc0p005_window_0022,2inchStickout/F_08-Jun-2017_rpm320_doc0p005,train,42,4,cv_evaluation,no_chatter,0,0.037551153,32
turning,cnn_ae,global_mae,2inchStickout_F_08-Jun-2017_rpm320_doc0p005_window_0023,2inchStickout/F_08-Jun-2017_rpm320_doc0p005,train,42,4,cv_evaluation,no_chatter,0,0.037840024,32
turning,cnn_ae,global_mae,2inchStickout_F_08-Jun-2017_rpm320_doc0p030_window_0000,2inchStickout/F_08-Jun-2017_rpm320_doc0p030,train,42,4,cv_evaluation,no_chatter,0,0.0049795886,32
turning,cnn_ae,global_mae,2inchStickout_F_08-Jun-2017_rpm320_doc0p030_window_0001,2inchStickout/F_08-Jun-2017_rpm320_doc0p030,train,42,4,cv_evaluation,no_chatter,0,0.005055321,32
turning,cnn_ae,global_mae,2inchStickout_F_08-Jun-2017_rpm320_doc0p030_window_0002,2inchStickout/F_08-Jun-2017_rpm320_doc0p030,train,42,4,cv_evaluation,no_chatter,0,0.0049569365,32
turning,cnn_ae,global_mae,2inchStickout_F_08-Jun-2017_rpm320_doc0p030_window_0003,2inchStickout/F_08-Jun-2017_rpm320_doc0p030,train,42,4,cv_evaluation,no_chatter,0,0.011590426,32
turning,cnn_ae,global_mae,2inchStickout_F_08-Jun-2017_rpm320_doc0p030_window_0004,2inchStickout/F_08-Jun-2017_rpm320_doc0p030,train,42,4,cv_evaluation,no_chatter,0,0.01251163,32
turning,cnn_ae,global_mae,2inchStickout_F_08-Jun-2017_rpm320_doc0p030_window_0005,2inchStickout/F_08-Jun-2017_rpm320_doc0p030,train,42,4,cv_evaluation,no_chatter,0,0.011582031,32
turning,cnn_ae,global_mae,2inchStickout_F_08-Jun-2017_rpm320_doc0p030_window_0006,2inchStickout/F_08-Jun-2017_rpm320_doc0p030,train,42,4,cv_evaluation,no_chatter,0,0.012065675,32
turning,cnn_ae,global_mae,2inchStickout_F_08-Jun-2017_rpm320_doc0p030_window_0007,2inchStickout/F_08-Jun-2017_rpm320_doc0p030,train,42,4,cv_evaluation,no_chatter,0,0.012813572,32
turning,cnn_ae,global_mae,2inchStickout_F_08-Jun-2017_rpm320_doc0p030_window_0008,2inchStickout/F_08-Jun-2017_rpm320_doc0p030,train,42,4,cv_evaluation,no_chatter,0,0.012586445,32
turning,cnn_ae,global_mae,2inchStickout_F_08-Jun-2017_rpm320_doc0p030_window_0009,2inchStickout/F_08-Jun-2017_rpm320_doc0p030,train,42,4,cv_evaluation,no_chatter,0,0.012792161,32
turning,cnn_ae,global_mae,2inchStickout_F_08-Jun-2017_rpm320_doc0p030_window_0010,2inchStickout/F_08-Jun-2017_rpm320_doc0p030,train,42,4,cv_evaluation,no_chatter,0,0.012743354,32
turning,cnn_ae,global_mae,2inchStickout_F_08-Jun-2017_rpm320_doc0p030_window_0011,2inchStickout/F_08-Jun-2017_rpm320_doc0p030,validation,42,4,cv_evaluation,no_chatter,0,0.01318234,32
turning,cnn_ae,global_mae,2inchStickout_F_08-Jun-2017_rpm320_doc0p030_window_0012,2inchStickout/F_08-Jun-2017_rpm320_doc0p030,validation,42,4,cv_evaluation,no_chatter,0,0.012338312,32
turning,cnn_ae,global_mae,2inchStickout_F_08-Jun-2017_rpm320_doc0p030_window_0013,2inchStickout/F_08-Jun-2017_rpm320_doc0p030,train,42,4,cv_evaluation,no_chatter,0,0.013504985,32
turning,cnn_ae,global_mae,2inchStickout_F_08-Jun-2017_rpm320_doc0p030_window_0014,2inchStickout/F_08-Jun-2017_rpm320_doc0p030,train,42,4,cv_evaluation,no_chatter,0,0.016704319,32
turning,cnn_ae,global_mae,2inchStickout_F_08-Jun-2017_rpm320_doc0p030_window_0015,2inchStickout/F_08-Jun-2017_rpm320_doc0p030,train,42,4,cv_evaluation,no_chatter,0,0.014943373,32
turning,cnn_ae,global_mae,2inchStickout_F_08-Jun-2017_rpm320_doc0p030_window_0016,2inchStickout/F_08-Jun-2017_rpm320_doc0p030,train,42,4,cv_evaluation,no_chatter,0,0.013197007,32
turning,cnn_ae,global_mae,2inchStickout_F_08-Jun-2017_rpm320_doc0p030_window_0017,2inchStickout/F_08-Jun-2017_rpm320_doc0p030,train,42,4,cv_evaluation,no_chatter,0,0.016664905,32
turning,cnn_ae,global_mae,2inchStickout_F_08-Jun-2017_rpm320_doc0p030_window_0018,2inchStickout/F_08-Jun-2017_rpm320_doc0p030,train,42,4,cv_evaluation,no_chatter,0,0.016948042,32
turning,cnn_ae,global_mae,2inchStickout_F_08-Jun-2017_rpm320_doc0p030_window_0019,2inchStickout/F_08-Jun-2017_rpm320_doc0p030,validation,42,4,cv_evaluation,no_chatter,0,0.019881025,32
turning,cnn_ae,global_mae,2inchStickout_F_08-Jun-2017_rpm320_doc0p030_window_0020,2inchStickout/F_08-Jun-2017_rpm320_doc0p030,validation,42,4,cv_evaluation,no_chatter,0,0.021733072,32
turning,cnn_ae,global_mae,2inchStickout_F_08-Jun-2017_rpm320_doc0p030_window_0021,2inchStickout/F_08-Jun-2017_rpm320_doc0p030,train,42,4,cv_evaluation,no_chatter,0,0.020123176,32
turning,cnn_ae,global_mae,2inchStickout_F_08-Jun-2017_rpm320_doc0p030_window_0022,2inchStickout/F_08-Jun-2017_rpm320_doc0p030,train,42,4,cv_evaluation,no_chatter,0,0.02330236,32
turning,cnn_ae,global_mae,2inchStickout_F_08-Jun-2017_rpm320_doc0p030_window_0023,2inchStickout/F_08-Jun-2017_rpm320_doc0p030,train,42,4,cv_evaluation,no_chatter,0,0.02369111,32
turning,cnn_ae,global_mae,2inchStickout_F_08-Jun-2017_rpm425_doc0p017_window_0000,2inchStickout/F_08-Jun-2017_rpm425_doc0p017,train,42,4,cv_evaluation,no_chatter,0,0.005793038,32
turning,cnn_ae,global_mae,2inchStickout_F_08-Jun-2017_rpm425_doc0p017_window_0001,2inchStickout/F_08-Jun-2017_rpm425_doc0p017,train,42,4,cv_evaluation,no_chatter,0,0.0071625486,32
turning,cnn_ae,global_mae,2inchStickout_F_08-Jun-2017_rpm425_doc0p017_window_0002,2inchStickout/F_08-Jun-2017_rpm425_doc0p017,validation,42,4,cv_evaluation,no_chatter,0,0.017292721,32
turning,cnn_ae,global_mae,2inchStickout_F_08-Jun-2017_rpm425_doc0p017_window_0003,2inchStickout/F_08-Jun-2017_rpm425_doc0p017,validation,42,4,cv_evaluation,no_chatter,0,0.020673828,32
turning,cnn_ae,global_mae,2inchStickout_F_08-Jun-2017_rpm425_doc0p017_window_0004,2inchStickout/F_08-Jun-2017_rpm425_doc0p017,validation,42,4,cv_evaluation,no_chatter,0,0.031826835,32
turning,cnn_ae,global_mae,2inchStickout_F_08-Jun-2017_rpm425_doc0p017_window_0005,2inchStickout/F_08-Jun-2017_rpm425_doc0p017,validation,42,4,cv_evaluation,no_chatter,0,0.028572973,32
turning,cnn_ae,global_mae,2inchStickout_F_08-Jun-2017_rpm425_doc0p017_window_0006,2inchStickout/F_08-Jun-2017_rpm425_doc0p017,train,42,4,cv_evaluation,no_chatter,0,0.021686899,32
turning,cnn_ae,global_mae,2inchStickout_F_08-Jun-2017_rpm425_doc0p017_window_0007,2inchStickout/F_08-Jun-2017_rpm425_doc0p017,train,42,4,cv_evaluation,no_chatter,0,0.038908217,32
turning,cnn_ae,global_mae,2inchStickout_F_08-Jun-2017_rpm570_doc0p010_window_0000,2inchStickout/F_08-Jun-2017_rpm570_doc0p010,test,42,4,cv_evaluation,no_chatter,0,0.005882198,32
turning,cnn_ae,global_mae,2inchStickout_F_08-Jun-2017_rpm570_doc0p010_window_0001,2inchStickout/F_08-Jun-2017_rpm570_doc0p010,test,42,4,cv_evaluation,no_chatter,0,0.022461511,32
turning,cnn_ae,global_mae,2inchStickout_F_08-Jun-2017_rpm570_doc0p010_window_0002,2inchStickout/F_08-Jun-2017_rpm570_doc0p010,test,42,4,cv_evaluation,chatter,1,0.051133953,32
turning,cnn_ae,global_mae,2inchStickout_F_08-Jun-2017_rpm570_doc0p010_window_0003,2inchStickout/F_08-Jun-2017_rpm570_doc0p010,test,42,4,cv_evaluation,chatter,1,0.047947552,32
turning,cnn_ae,global_mae,2inchStickout_F_08-Jun-2017_rpm570_doc0p010_window_0004,2inchStickout/F_08-Jun-2017_rpm570_doc0p010,test,42,4,cv_evaluation,chatter,1,0.057087455,32
turning,cnn_ae,global_mae,2inchStickout_F_08-Jun-2017_rpm570_doc0p010_window_0005,2inchStickout/F_08-Jun-2017_rpm570_doc0p010,test,42,4,cv_evaluation,chatter,1,0.061606053,32
turning,cnn_ae,global_mae,2inchStickout_F_08-Jun-2017_rpm770_doc0p002_window_0000,2inchStickout/F_08-Jun-2017_rpm770_doc0p002,train,42,4,cv_evaluation,no_chatter,0,0.006712987,32
turning,cnn_ae,global_mae,2inchStickout_F_08-Jun-2017_rpm770_doc0p002_window_0001,2inchStickout/F_08-Jun-2017_rpm770_doc0p002,validation,42,4,cv_evaluation,chatter,1,0.06479223,32
turning,cnn_ae,global_mae,2inchStickout_F_08-Jun-2017_rpm770_doc0p002_window_0002,2inchStickout/F_08-Jun-2017_rpm770_doc0p002,validation,42,4,cv_evaluation,chatter,1,0.07989269,32
turning,cnn_ae,global_mae,2inchStickout_F_08-Jun-2017_rpm770_doc0p002_window_0003,2inchStickout/F_08-Jun-2017_rpm770_doc0p002,train,42,4,cv_evaluation,no_chatter,0,0.04313829,32
turning,cnn_ae,global_mae,2inchStickout_F_08-Jun-2017_rpm770_doc0p002_window_0004,2inchStickout/F_08-Jun-2017_rpm770_doc0p002,validation,42,4,cv_evaluation,chatter,1,0.04023337,32
turning,cnn_ae,global_mae,2inchStickout_F_08-Jun-2017_rpm770_doc0p002_window_0005,2inchStickout/F_08-Jun-2017_rpm770_doc0p002,train,42,4,cv_evaluation,no_chatter,0,0.04048285,32
turning,cnn_ae,global_mae,2inchStickout_F_08-Jun-2017_rpm770_doc0p002_window_0006,2inchStickout/F_08-Jun-2017_rpm770_doc0p002,train,42,4,cv_evaluation,no_chatter,0,0.08205667,32
turning,cnn_ae,global_mae,2inchStickout_F_08-Jun-2017_rpm770_doc0p002_window_0007,2inchStickout/F_08-Jun-2017_rpm770_doc0p002,validation,42,4,cv_evaluation,chatter,1,0.058873333,32
turning,cnn_ae,global_mae,2p5inchStickout_F_12-Jun-2017_rpm570_doc0p005_window_0000,2p5inchStickout/F_12-Jun-2017_rpm570_doc0p005,test,42,4,cv_evaluation,no_chatter,0,0.006780582,32
turning,cnn_ae,global_mae,2p5inchStickout_F_12-Jun-2017_rpm570_doc0p005_window_0001,2p5inchStickout/F_12-Jun-2017_rpm570_doc0p005,train,42,4,cv_evaluation,no_chatter,0,0.022854796,32
turning,cnn_ae,global_mae,2p5inchStickout_F_12-Jun-2017_rpm570_doc0p005_window_0002,2p5inchStickout/F_12-Jun-2017_rpm570_doc0p005,train,42,4,cv_evaluation,no_chatter,0,0.026461506,32
turning,cnn_ae,global_mae,2p5inchStickout_F_12-Jun-2017_rpm570_doc0p005_window_0003,2p5inchStickout/F_12-Jun-2017_rpm570_doc0p005,train,42,4,cv_evaluation,no_chatter,0,0.02735829,32
turning,cnn_ae,global_mae,2p5inchStickout_F_12-Jun-2017_rpm570_doc0p005_window_0004,2p5inchStickout/F_12-Jun-2017_rpm570_doc0p005,test,42,4,cv_evaluation,no_chatter,0,0.03255175,32
turning,cnn_ae,global_mae,2p5inchStickout_F_12-Jun-2017_rpm570_doc0p005_window_0005,2p5inchStickout/F_12-Jun-2017_rpm570_doc0p005,train,42,4,cv_evaluation,no_chatter,0,0.040405236,32
turning,cnn_ae,global_mae,2p5inchStickout_F_12-Jun-2017_rpm570_doc0p005_window_0006,2p5inchStickout/F_12-Jun-2017_rpm570_doc0p005,train,42,4,cv_evaluation,no_chatter,0,0.030705642,32
turning,cnn_ae,global_mae,2p5inchStickout_F_12-Jun-2017_rpm570_doc0p005_window_0007,2p5inchStickout/F_12-Jun-2017_rpm570_doc0p005,train,42,4,cv_evaluation,no_chatter,0,0.02609398,32
turning,cnn_ae,global_mae,2p5inchStickout_F_12-Jun-2017_rpm570_doc0p005_window_0008,2p5inchStickout/F_12-Jun-2017_rpm570_doc0p005,test,42,4,cv_evaluation,no_chatter,0,0.039206862,32
turning,cnn_ae,global_mae,2p5inchStickout_F_12-Jun-2017_rpm570_doc0p005_window_0009,2p5inchStickout/F_12-Jun-2017_rpm570_doc0p005,train,42,4,cv_evaluation,no_chatter,0,0.038306504,32
turning,cnn_ae,global_mae,2p5inchStickout_F_12-Jun-2017_rpm570_doc0p010_window_0000,2p5inchStickout/F_12-Jun-2017_rpm570_doc0p010,train,42,4,cv_evaluation,no_chatter,0,0.0112047475,32
turning,cnn_ae,global_mae,2p5inchStickout_F_12-Jun-2017_rpm570_doc0p010_window_0001,2p5inchStickout/F_12-Jun-2017_rpm570_doc0p010,train,42,4,cv_evaluation,no_chatter,0,0.028298937,32
turning,cnn_ae,global_mae,2p5inchStickout_F_12-Jun-2017_rpm570_doc0p010_window_0002,2p5inchStickout/F_12-Jun-2017_rpm570_doc0p010,train,42,4,cv_evaluation,no_chatter,0,0.024990235,32
turning,cnn_ae,global_mae,2p5inchStickout_F_12-Jun-2017_rpm570_doc0p010_window_0003,2p5inchStickout/F_12-Jun-2017_rpm570_doc0p010,test,42,4,cv_evaluation,no_chatter,0,0.02470258,32
turning,cnn_ae,global_mae,2p5inchStickout_F_12-Jun-2017_rpm570_doc0p010_window_0004,2p5inchStickout/F_12-Jun-2017_rpm570_doc0p010,train,42,4,cv_evaluation,no_chatter,0,0.026746914,32
turning,cnn_ae,global_mae,2p5inchStickout_F_12-Jun-2017_rpm570_doc0p010_window_0005,2p5inchStickout/F_12-Jun-2017_rpm570_doc0p010,train,42,4,cv_evaluation,no_chatter,0,0.029227816,32
turning,cnn_ae,global_mae,2p5inchStickout_F_12-Jun-2017_rpm570_doc0p010_window_0006,2p5inchStickout/F_12-Jun-2017_rpm570_doc0p010,test,42,4,cv_evaluation,no_chatter,0,0.030844476,32
turning,cnn_ae,global_mae,2p5inchStickout_F_12-Jun-2017_rpm570_doc0p010_window_0007,2p5inchStickout/F_12-Jun-2017_rpm570_doc0p010,train,42,4,cv_evaluation,no_chatter,0,0.026929254,32
turning,cnn_ae,global_mae,2p5inchStickout_F_12-Jun-2017_rpm570_doc0p010_window_0008,2p5inchStickout/F_12-Jun-2017_rpm570_doc0p010,train,42,4,cv_evaluation,no_chatter,0,0.025445757,32
turning,cnn_ae,global_mae,2p5inchStickout_F_12-Jun-2017_rpm570_doc0p010_window_0009,2p5inchStickout/F_12-Jun-2017_rpm570_doc0p010,test,42,4,cv_evaluation,no_chatter,0,0.02549525,32
turning,cnn_ae,global_mae,3p5inchStickout_F_14-Jun-2017_rpm770_doc0p005_window_0000,3p5inchStickout/F_14-Jun-2017_rpm770_doc0p005,validation,42,4,cv_evaluation,no_chatter,0,0.0068727992,32
turning,cnn_ae,global_mae,3p5inchStickout_F_14-Jun-2017_rpm770_doc0p005_window_0001,3p5inchStickout/F_14-Jun-2017_rpm770_doc0p005,train,42,4,cv_evaluation,no_chatter,0,0.01971189,32
turning,cnn_ae,global_mae,3p5inchStickout_F_14-Jun-2017_rpm770_doc0p005_window_0002,3p5inchStickout/F_14-Jun-2017_rpm770_doc0p005,train,42,4,cv_evaluation,no_chatter,0,0.025961334,32
turning,cnn_ae,global_mae,3p5inchStickout_F_14-Jun-2017_rpm770_doc0p005_window_0003,3p5inchStickout/F_14-Jun-2017_rpm770_doc0p005,train,42,4,cv_evaluation,no_chatter,0,0.028842375,32
turning,cnn_ae,global_mae,4p5inchStickout_F_12-Jun-2017_rpm570_doc0p015_window_0000,4p5inchStickout/F_12-Jun-2017_rpm570_doc0p015,train,42,4,cv_evaluation,no_chatter,0,0.0037371344,32
turning,cnn_ae,global_mae,4p5inchStickout_F_12-Jun-2017_rpm570_doc0p015_window_0001,4p5inchStickout/F_12-Jun-2017_rpm570_doc0p015,train,42,4,cv_evaluation,no_chatter,0,0.0036316698,32
turning,cnn_ae,global_mae,4p5inchStickout_F_12-Jun-2017_rpm570_doc0p015_window_0002,4p5inchStickout/F_12-Jun-2017_rpm570_doc0p015,train,42,4,cv_evaluation,no_chatter,0,0.0036497018,32
turning,cnn_ae,global_mae,4p5inchStickout_F_12-Jun-2017_rpm570_doc0p015_window_0003,4p5inchStickout/F_12-Jun-2017_rpm570_doc0p015,train,42,4,cv_evaluation,no_chatter,0,0.003760983,32
turning,cnn_ae,global_mae,4p5inchStickout_F_12-Jun-2017_rpm570_doc0p015_window_0004,4p5inchStickout/F_12-Jun-2017_rpm570_doc0p015,train,42,4,cv_evaluation,no_chatter,0,0.009420196,32
turning,cnn_ae,global_mae,4p5inchStickout_F_12-Jun-2017_rpm570_doc0p015_window_0005,4p5inchStickout/F_12-Jun-2017_rpm570_doc0p015,train,42,4,cv_evaluation,no_chatter,0,0.01927619,32
turning,cnn_ae,global_mae,4p5inchStickout_F_12-Jun-2017_rpm570_doc0p015_window_0006,4p5inchStickout/F_12-Jun-2017_rpm570_doc0p015,train,42,4,cv_evaluation,no_chatter,0,0.01756991,32
turning,cnn_ae,global_mae,4p5inchStickout_F_12-Jun-2017_rpm570_doc0p015_window_0007,4p5inchStickout/F_12-Jun-2017_rpm570_doc0p015,train,42,4,cv_evaluation,no_chatter,0,0.019238202,32
turning,cnn_ae,global_mae,4p5inchStickout_F_12-Jun-2017_rpm570_doc0p015_window_0008,4p5inchStickout/F_12-Jun-2017_rpm570_doc0p015,train,42,4,cv_evaluation,no_chatter,0,0.020514997,32
turning,cnn_ae,global_mae,4p5inchStickout_F_12-Jun-2017_rpm570_doc0p015_window_0009,4p5inchStickout/F_12-Jun-2017_rpm570_doc0p015,train,42,4,cv_evaluation,no_chatter,0,0.027411085,32
turning,cnn_ae,global_mae,4p5inchStickout_F_12-Jun-2017_rpm570_doc0p015_window_0010,4p5inchStickout/F_12-Jun-2017_rpm570_doc0p015,train,42,4,cv_evaluation,no_chatter,0,0.02427,32
turning,cnn_ae,global_mae,4p5inchStickout_F_12-Jun-2017_rpm570_doc0p015_window_0011,4p5inchStickout/F_12-Jun-2017_rpm570_doc0p015,train,42,4,cv_evaluation,no_chatter,0,0.027320817,32
turning,cnn_ae,global_mae,4p5inchStickout_F_12-Jun-2017_rpm570_doc0p025_window_0000,4p5inchStickout/F_12-Jun-2017_rpm570_doc0p025,train,42,4,cv_evaluation,no_chatter,0,0.0039168987,32
turning,cnn_ae,global_mae,4p5inchStickout_F_12-Jun-2017_rpm570_doc0p025_window_0001,4p5inchStickout/F_12-Jun-2017_rpm570_doc0p025,train,42,4,cv_evaluation,no_chatter,0,0.0039350903,32
turning,cnn_ae,global_mae,4p5inchStickout_F_12-Jun-2017_rpm570_doc0p025_window_0002,4p5inchStickout/F_12-Jun-2017_rpm570_doc0p025,train,42,4,cv_evaluation,no_chatter,0,0.0038933733,32
turning,cnn_ae,global_mae,4p5inchStickout_F_12-Jun-2017_rpm570_doc0p025_window_0003,4p5inchStickout/F_12-Jun-2017_rpm570_doc0p025,train,42,4,cv_evaluation,no_chatter,0,0.003820583,32
turning,cnn_ae,global_mae,4p5inchStickout_F_12-Jun-2017_rpm570_doc0p025_window_0004,4p5inchStickout/F_12-Jun-2017_rpm570_doc0p025,train,42,4,cv_evaluation,no_chatter,0,0.012190963,32
turning,cnn_ae,global_mae,4p5inchStickout_F_12-Jun-2017_rpm570_doc0p025_window_0005,4p5inchStickout/F_12-Jun-2017_rpm570_doc0p025,train,42,4,cv_evaluation,no_chatter,0,0.017568523,32
turning,cnn_ae,global_mae,4p5inchStickout_F_12-Jun-2017_rpm570_doc0p025_window_0006,4p5inchStickout/F_12-Jun-2017_rpm570_doc0p025,test,42,4,cv_evaluation,no_chatter,0,0.01727151,32
turning,cnn_ae,global_mae,4p5inchStickout_F_12-Jun-2017_rpm570_doc0p025_window_0007,4p5inchStickout/F_12-Jun-2017_rpm570_doc0p025,train,42,4,cv_evaluation,no_chatter,0,0.0190652,32
turning,cnn_ae,global_mae,4p5inchStickout_F_12-Jun-2017_rpm570_doc0p025_window_0008,4p5inchStickout/F_12-Jun-2017_rpm570_doc0p025,train,42,4,cv_evaluation,no_chatter,0,0.024581801,32
turning,cnn_ae,global_mae,4p5inchStickout_F_12-Jun-2017_rpm570_doc0p025_window_0009,4p5inchStickout/F_12-Jun-2017_rpm570_doc0p025,train,42,4,cv_evaluation,no_chatter,0,0.029045356,32
turning,cnn_ae,global_mae,4p5inchStickout_F_12-Jun-2017_rpm570_doc0p025_window_0010,4p5inchStickout/F_12-Jun-2017_rpm570_doc0p025,train,42,4,cv_evaluation,no_chatter,0,0.028446527,32
turning,cnn_ae,global_mae,4p5inchStickout_F_12-Jun-2017_rpm570_doc0p025_window_0011,4p5inchStickout/F_12-Jun-2017_rpm570_doc0p025,train,42,4,cv_evaluation,no_chatter,0,0.02829585,32
turning,cnn_ae,global_mae,4p5inchStickout_F_13-Jun-2017_rpm1030_doc0p010_window_0000,4p5inchStickout/F_13-Jun-2017_rpm1030_doc0p010,train,42,4,cv_evaluation,no_chatter,0,0.0046944446,32
turning,cnn_ae,global_mae,4p5inchStickout_F_13-Jun-2017_rpm1030_doc0p010_window_0001,4p5inchStickout/F_13-Jun-2017_rpm1030_doc0p010,test,42,4,cv_evaluation,no_chatter,0,0.042408697,32
turning,cnn_ae,global_mae,4p5inchStickout_F_13-Jun-2017_rpm1030_doc0p010_window_0002,4p5inchStickout/F_13-Jun-2017_rpm1030_doc0p010,train,42,4,cv_evaluation,no_chatter,0,0.029505307,32
turning,cnn_ae,global_mae,4p5inchStickout_F_13-Jun-2017_rpm1030_doc0p010_window_0003,4p5inchStickout/F_13-Jun-2017_rpm1030_doc0p010,train,42,4,cv_evaluation,no_chatter,0,0.029152062,32
turning,cnn_ae,global_mae,4p5inchStickout_F_13-Jun-2017_rpm1030_doc0p013_window_0000,4p5inchStickout/F_13-Jun-2017_rpm1030_doc0p013,test,42,4,cv_evaluation,no_chatter,0,0.0045746462,32
turning,cnn_ae,global_mae,4p5inchStickout_F_13-Jun-2017_rpm1030_doc0p013_window_0001,4p5inchStickout/F_13-Jun-2017_rpm1030_doc0p013,train,42,4,cv_evaluation,no_chatter,0,0.028642144,32
turning,cnn_ae,global_mae,4p5inchStickout_F_13-Jun-2017_rpm1030_doc0p013_window_0002,4p5inchStickout/F_13-Jun-2017_rpm1030_doc0p013,test,42,4,cv_evaluation,no_chatter,0,0.024903694,32
turning,cnn_ae,global_mae,4p5inchStickout_F_13-Jun-2017_rpm1030_doc0p013_window_0003,4p5inchStickout/F_13-Jun-2017_rpm1030_doc0p013,train,42,4,cv_evaluation,no_chatter,0,0.028668609,32
turning,cnn_ae,global_mae,4p5inchStickout_F_13-Jun-2017_rpm770_doc0p020_window_0000,4p5inchStickout/F_13-Jun-2017_rpm770_doc0p020,train,42,4,cv_evaluation,no_chatter,0,0.0043766066,32
turning,cnn_ae,global_mae,4p5inchStickout_F_13-Jun-2017_rpm770_doc0p020_window_0001,4p5inchStickout/F_13-Jun-2017_rpm770_doc0p020,train,42,4,cv_evaluation,no_chatter,0,0.008570078,32
turning,cnn_ae,global_mae,4p5inchStickout_F_13-Jun-2017_rpm770_doc0p020_window_0002,4p5inchStickout/F_13-Jun-2017_rpm770_doc0p020,test,42,4,cv_evaluation,no_chatter,0,0.01967596,32
turning,cnn_ae,global_mae,4p5inchStickout_F_13-Jun-2017_rpm770_doc0p020_window_0003,4p5inchStickout/F_13-Jun-2017_rpm770_doc0p020,train,42,4,cv_evaluation,no_chatter,0,0.02419465,32
turning,cnn_ae,global_mae,4p5inchStickout_F_13-Jun-2017_rpm770_doc0p020_window_0004,4p5inchStickout/F_13-Jun-2017_rpm770_doc0p020,train,42,4,cv_evaluation,no_chatter,0,0.022945274,32
turning,cnn_ae,global_mae,4p5inchStickout_F_13-Jun-2017_rpm770_doc0p020_window_0005,4p5inchStickout/F_13-Jun-2017_rpm770_doc0p020,train,42,4,cv_evaluation,no_chatter,0,0.03366102,32
turning,cnn_ae,ver_max,2inchStickout_F_08-Jun-2017_rpm320_doc0p005_window_0000,2inchStickout/F_08-Jun-2017_rpm320_doc0p005,train,42,4,cv_evaluation,no_chatter,0,0.00038001893,32
turning,cnn_ae,ver_max,2inchStickout_F_08-Jun-2017_rpm320_doc0p005_window_0001,2inchStickout/F_08-Jun-2017_rpm320_doc0p005,train,42,4,cv_evaluation,no_chatter,0,0.00035629308,32
turning,cnn_ae,ver_max,2inchStickout_F_08-Jun-2017_rpm320_doc0p005_window_0002,2inchStickout/F_08-Jun-2017_rpm320_doc0p005,train,42,4,cv_evaluation,no_chatter,0,0.0002582394,32
turning,cnn_ae,ver_max,2inchStickout_F_08-Jun-2017_rpm320_doc0p005_window_0003,2inchStickout/F_08-Jun-2017_rpm320_doc0p005,train,42,4,cv_evaluation,no_chatter,0,0.00025718514,32
turning,cnn_ae,ver_max,2inchStickout_F_08-Jun-2017_rpm320_doc0p005_window_0004,2inchStickout/F_08-Jun-2017_rpm320_doc0p005,train,42,4,cv_evaluation,no_chatter,0,0.000929982,32
turning,cnn_ae,ver_max,2inchStickout_F_08-Jun-2017_rpm320_doc0p005_window_0005,2inchStickout/F_08-Jun-2017_rpm320_doc0p005,validation,42,4,cv_evaluation,no_chatter,0,0.0130815115,32
turning,cnn_ae,ver_max,2inchStickout_F_08-Jun-2017_rpm320_doc0p005_window_0006,2inchStickout/F_08-Jun-2017_rpm320_doc0p005,validation,42,4,cv_evaluation,chatter,1,0.009123022,32
turning,cnn_ae,ver_max,2inchStickout_F_08-Jun-2017_rpm320_doc0p005_window_0007,2inchStickout/F_08-Jun-2017_rpm320_doc0p005,validation,42,4,cv_evaluation,chatter,1,0.005523229,32
turning,cnn_ae,ver_max,2inchStickout_F_08-Jun-2017_rpm320_doc0p005_window_0008,2inchStickout/F_08-Jun-2017_rpm320_doc0p005,validation,42,4,cv_evaluation,chatter,1,0.006998234,32
turning,cnn_ae,ver_max,2inchStickout_F_08-Jun-2017_rpm320_doc0p005_window_0009,2inchStickout/F_08-Jun-2017_rpm320_doc0p005,validation,42,4,cv_evaluation,chatter,1,0.008731741,32
turning,cnn_ae,ver_max,2inchStickout_F_08-Jun-2017_rpm320_doc0p005_window_0010,2inchStickout/F_08-Jun-2017_rpm320_doc0p005,validation,42,4,cv_evaluation,chatter,1,0.007712817,32
turning,cnn_ae,ver_max,2inchStickout_F_08-Jun-2017_rpm320_doc0p005_window_0011,2inchStickout/F_08-Jun-2017_rpm320_doc0p005,validation,42,4,cv_evaluation,chatter,1,0.0068021715,32
turning,cnn_ae,ver_max,2inchStickout_F_08-Jun-2017_rpm320_doc0p005_window_0012,2inchStickout/F_08-Jun-2017_rpm320_doc0p005,train,42,4,cv_evaluation,no_chatter,0,0.006430167,32
turning,cnn_ae,ver_max,2inchStickout_F_08-Jun-2017_rpm320_doc0p005_window_0013,2inchStickout/F_08-Jun-2017_rpm320_doc0p005,train,42,4,cv_evaluation,no_chatter,0,0.00419663,32
turning,cnn_ae,ver_max,2inchStickout_F_08-Jun-2017_rpm320_doc0p005_window_0014,2inchStickout/F_08-Jun-2017_rpm320_doc0p005,train,42,4,cv_evaluation,no_chatter,0,0.0018919837,32
turning,cnn_ae,ver_max,2inchStickout_F_08-Jun-2017_rpm320_doc0p005_window_0015,2inchStickout/F_08-Jun-2017_rpm320_doc0p005,train,42,4,cv_evaluation,no_chatter,0,0.0018678237,32
turning,cnn_ae,ver_max,2inchStickout_F_08-Jun-2017_rpm320_doc0p005_window_0016,2inchStickout/F_08-Jun-2017_rpm320_doc0p005,train,42,4,cv_evaluation,no_chatter,0,0.0018375007,32
turning,cnn_ae,ver_max,2inchStickout_F_08-Jun-2017_rpm320_doc0p005_window_0017,2inchStickout/F_08-Jun-2017_rpm320_doc0p005,train,42,4,cv_evaluation,no_chatter,0,0.0016255527,32
turning,cnn_ae,ver_max,2inchStickout_F_08-Jun-2017_rpm320_doc0p005_window_0018,2inchStickout/F_08-Jun-2017_rpm320_doc0p005,train,42,4,cv_evaluation,no_chatter,0,0.0018985517,32
turning,cnn_ae,ver_max,2inchStickout_F_08-Jun-2017_rpm320_doc0p005_window_0019,2inchStickout/F_08-Jun-2017_rpm320_doc0p005,train,42,4,cv_evaluation,no_chatter,0,0.0019303269,32
turning,cnn_ae,ver_max,2inchStickout_F_08-Jun-2017_rpm320_doc0p005_window_0020,2inchStickout/F_08-Jun-2017_rpm320_doc0p005,train,42,4,cv_evaluation,no_chatter,0,0.0022548966,32
turning,cnn_ae,ver_max,2inchStickout_F_08-Jun-2017_rpm320_doc0p005_window_0021,2inchStickout/F_08-Jun-2017_rpm320_doc0p005,train,42,4,cv_evaluation,no_chatter,0,0.006058604,32
turning,cnn_ae,ver_max,2inchStickout_F_08-Jun-2017_rpm320_doc0p005_window_0022,2inchStickout/F_08-Jun-2017_rpm320_doc0p005,train,42,4,cv_evaluation,no_chatter,0,0.0049578976,32
turning,cnn_ae,ver_max,2inchStickout_F_08-Jun-2017_rpm320_doc0p005_window_0023,2inchStickout/F_08-Jun-2017_rpm320_doc0p005,train,42,4,cv_evaluation,no_chatter,0,0.005162179,32
turning,cnn_ae,ver_max,2inchStickout_F_08-Jun-2017_rpm320_doc0p030_window_0000,2inchStickout/F_08-Jun-2017_rpm320_doc0p030,train,42,4,cv_evaluation,no_chatter,0,0.00021636029,32
turning,cnn_ae,ver_max,2inchStickout_F_08-Jun-2017_rpm320_doc0p030_window_0001,2inchStickout/F_08-Jun-2017_rpm320_doc0p030,train,42,4,cv_evaluation,no_chatter,0,0.00017281412,32
turning,cnn_ae,ver_max,2inchStickout_F_08-Jun-2017_rpm320_doc0p030_window_0002,2inchStickout/F_08-Jun-2017_rpm320_doc0p030,train,42,4,cv_evaluation,no_chatter,0,0.0001836313,32
turning,cnn_ae,ver_max,2inchStickout_F_08-Jun-2017_rpm320_doc0p030_window_0003,2inchStickout/F_08-Jun-2017_rpm320_doc0p030,train,42,4,cv_evaluation,no_chatter,0,0.0025600018,32
turning,cnn_ae,ver_max,2inchStickout_F_08-Jun-2017_rpm320_doc0p030_window_0004,2inchStickout/F_08-Jun-2017_rpm320_doc0p030,train,42,4,cv_evaluation,no_chatter,0,0.0013028552,32
turning,cnn_ae,ver_max,2inchStickout_F_08-Jun-2017_rpm320_doc0p030_window_0005,2inchStickout/F_08-Jun-2017_rpm320_doc0p030,train,42,4,cv_evaluation,no_chatter,0,0.00060243154,32
turning,cnn_ae,ver_max,2inchStickout_F_08-Jun-2017_rpm320_doc0p030_window_0006,2inchStickout/F_08-Jun-2017_rpm320_doc0p030,train,42,4,cv_evaluation,no_chatter,0,0.00061005837,32
turning,cnn_ae,ver_max,2inchStickout_F_08-Jun-2017_rpm320_doc0p030_window_0007,2inchStickout/F_08-Jun-2017_rpm320_doc0p030,train,42,4,cv_evaluation,no_chatter,0,0.0008742613,32
turning,cnn_ae,ver_max,2inchStickout_F_08-Jun-2017_rpm320_doc0p030_window_0008,2inchStickout/F_08-Jun-2017_rpm320_doc0p030,train,42,4,cv_evaluation,no_chatter,0,0.0006046247,32
turning,cnn_ae,ver_max,2inchStickout_F_08-Jun-2017_rpm320_doc0p030_window_0009,2inchStickout/F_08-Jun-2017_rpm320_doc0p030,train,42,4,cv_evaluation,no_chatter,0,0.00066011027,32
turning,cnn_ae,ver_max,2inchStickout_F_08-Jun-2017_rpm320_doc0p030_window_0010,2inchStickout/F_08-Jun-2017_rpm320_doc0p030,train,42,4,cv_evaluation,no_chatter,0,0.0007090628,32
turning,cnn_ae,ver_max,2inchStickout_F_08-Jun-2017_rpm320_doc0p030_window_0011,2inchStickout/F_08-Jun-2017_rpm320_doc0p030,validation,42,4,cv_evaluation,no_chatter,0,0.0007934808,32
turning,cnn_ae,ver_max,2inchStickout_F_08-Jun-2017_rpm320_doc0p030_window_0012,2inchStickout/F_08-Jun-2017_rpm320_doc0p030,validation,42,4,cv_evaluation,no_chatter,0,0.00053983286,32
turning,cnn_ae,ver_max,2inchStickout_F_08-Jun-2017_rpm320_doc0p030_window_0013,2inchStickout/F_08-Jun-2017_rpm320_doc0p030,train,42,4,cv_evaluation,no_chatter,0,0.0007630683,32
turning,cnn_ae,ver_max,2inchStickout_F_08-Jun-2017_rpm320_doc0p030_window_0014,2inchStickout/F_08-Jun-2017_rpm320_doc0p030,train,42,4,cv_evaluation,no_chatter,0,0.001211901,32
turning,cnn_ae,ver_max,2inchStickout_F_08-Jun-2017_rpm320_doc0p030_window_0015,2inchStickout/F_08-Jun-2017_rpm320_doc0p030,train,42,4,cv_evaluation,no_chatter,0,0.0009279462,32
turning,cnn_ae,ver_max,2inchStickout_F_08-Jun-2017_rpm320_doc0p030_window_0016,2inchStickout/F_08-Jun-2017_rpm320_doc0p030,train,42,4,cv_evaluation,no_chatter,0,0.0006986939,32
turning,cnn_ae,ver_max,2inchStickout_F_08-Jun-2017_rpm320_doc0p030_window_0017,2inchStickout/F_08-Jun-2017_rpm320_doc0p030,train,42,4,cv_evaluation,no_chatter,0,0.0012420327,32
turning,cnn_ae,ver_max,2inchStickout_F_08-Jun-2017_rpm320_doc0p030_window_0018,2inchStickout/F_08-Jun-2017_rpm320_doc0p030,train,42,4,cv_evaluation,no_chatter,0,0.0013481367,32
turning,cnn_ae,ver_max,2inchStickout_F_08-Jun-2017_rpm320_doc0p030_window_0019,2inchStickout/F_08-Jun-2017_rpm320_doc0p030,validation,42,4,cv_evaluation,no_chatter,0,0.0020307114,32
turning,cnn_ae,ver_max,2inchStickout_F_08-Jun-2017_rpm320_doc0p030_window_0020,2inchStickout/F_08-Jun-2017_rpm320_doc0p030,validation,42,4,cv_evaluation,no_chatter,0,0.0024266634,32
turning,cnn_ae,ver_max,2inchStickout_F_08-Jun-2017_rpm320_doc0p030_window_0021,2inchStickout/F_08-Jun-2017_rpm320_doc0p030,train,42,4,cv_evaluation,no_chatter,0,0.0023625477,32
turning,cnn_ae,ver_max,2inchStickout_F_08-Jun-2017_rpm320_doc0p030_window_0022,2inchStickout/F_08-Jun-2017_rpm320_doc0p030,train,42,4,cv_evaluation,no_chatter,0,0.002722061,32
turning,cnn_ae,ver_max,2inchStickout_F_08-Jun-2017_rpm320_doc0p030_window_0023,2inchStickout/F_08-Jun-2017_rpm320_doc0p030,train,42,4,cv_evaluation,no_chatter,0,0.0025324512,32
turning,cnn_ae,ver_max,2inchStickout_F_08-Jun-2017_rpm425_doc0p017_window_0000,2inchStickout/F_08-Jun-2017_rpm425_doc0p017,train,42,4,cv_evaluation,no_chatter,0,0.00025506248,32
turning,cnn_ae,ver_max,2inchStickout_F_08-Jun-2017_rpm425_doc0p017_window_0001,2inchStickout/F_08-Jun-2017_rpm425_doc0p017,train,42,4,cv_evaluation,no_chatter,0,0.0007922485,32
turning,cnn_ae,ver_max,2inchStickout_F_08-Jun-2017_rpm425_doc0p017_window_0002,2inchStickout/F_08-Jun-2017_rpm425_doc0p017,validation,42,4,cv_evaluation,no_chatter,0,0.0013535217,32
turning,cnn_ae,ver_max,2inchStickout_F_08-Jun-2017_rpm425_doc0p017_window_0003,2inchStickout/F_08-Jun-2017_rpm425_doc0p017,validation,42,4,cv_evaluation,no_chatter,0,0.0026600037,32
turning,cnn_ae,ver_max,2inchStickout_F_08-Jun-2017_rpm425_doc0p017_window_0004,2inchStickout/F_08-Jun-2017_rpm425_doc0p017,validation,42,4,cv_evaluation,no_chatter,0,0.0072606564,32
turning,cnn_ae,ver_max,2inchStickout_F_08-Jun-2017_rpm425_doc0p017_window_0005,2inchStickout/F_08-Jun-2017_rpm425_doc0p017,validation,42,4,cv_evaluation,no_chatter,0,0.0043724338,32
turning,cnn_ae,ver_max,2inchStickout_F_08-Jun-2017_rpm425_doc0p017_window_0006,2inchStickout/F_08-Jun-2017_rpm425_doc0p017,train,42,4,cv_evaluation,no_chatter,0,0.0018773028,32
turning,cnn_ae,ver_max,2inchStickout_F_08-Jun-2017_rpm425_doc0p017_window_0007,2inchStickout/F_08-Jun-2017_rpm425_doc0p017,train,42,4,cv_evaluation,no_chatter,0,0.009053175,32
turning,cnn_ae,ver_max,2inchStickout_F_08-Jun-2017_rpm570_doc0p010_window_0000,2inchStickout/F_08-Jun-2017_rpm570_doc0p010,test,42,4,cv_evaluation,no_chatter,0,0.00028354212,32
turning,cnn_ae,ver_max,2inchStickout_F_08-Jun-2017_rpm570_doc0p010_window_0001,2inchStickout/F_08-Jun-2017_rpm570_doc0p010,test,42,4,cv_evaluation,no_chatter,0,0.00505345,32
turning,cnn_ae,ver_max,2inchStickout_F_08-Jun-2017_rpm570_doc0p010_window_0002,2inchStickout/F_08-Jun-2017_rpm570_doc0p010,test,42,4,cv_evaluation,chatter,1,0.006795997,32
turning,cnn_ae,ver_max,2inchStickout_F_08-Jun-2017_rpm570_doc0p010_window_0003,2inchStickout/F_08-Jun-2017_rpm570_doc0p010,test,42,4,cv_evaluation,chatter,1,0.0068165264,32
turning,cnn_ae,ver_max,2inchStickout_F_08-Jun-2017_rpm570_doc0p010_window_0004,2inchStickout/F_08-Jun-2017_rpm570_doc0p010,test,42,4,cv_evaluation,chatter,1,0.009205738,32
turning,cnn_ae,ver_max,2inchStickout_F_08-Jun-2017_rpm570_doc0p010_window_0005,2inchStickout/F_08-Jun-2017_rpm570_doc0p010,test,42,4,cv_evaluation,chatter,1,0.010421809,32
turning,cnn_ae,ver_max,2inchStickout_F_08-Jun-2017_rpm770_doc0p002_window_0000,2inchStickout/F_08-Jun-2017_rpm770_doc0p002,train,42,4,cv_evaluation,no_chatter,0,0.00050237245,32
turning,cnn_ae,ver_max,2inchStickout_F_08-Jun-2017_rpm770_doc0p002_window_0001,2inchStickout/F_08-Jun-2017_rpm770_doc0p002,validation,42,4,cv_evaluation,chatter,1,0.017482765,32
turning,cnn_ae,ver_max,2inchStickout_F_08-Jun-2017_rpm770_doc0p002_window_0002,2inchStickout/F_08-Jun-2017_rpm770_doc0p002,validation,42,4,cv_evaluation,chatter,1,0.018669194,32
turning,cnn_ae,ver_max,2inchStickout_F_08-Jun-2017_rpm770_doc0p002_window_0003,2inchStickout/F_08-Jun-2017_rpm770_doc0p002,train,42,4,cv_evaluation,no_chatter,0,0.0070675644,32
turning,cnn_ae,ver_max,2inchStickout_F_08-Jun-2017_rpm770_doc0p002_window_0004,2inchStickout/F_08-Jun-2017_rpm770_doc0p002,validation,42,4,cv_evaluation,chatter,1,0.005073956,32
turning,cnn_ae,ver_max,2inchStickout_F_08-Jun-2017_rpm770_doc0p002_window_0005,2inchStickout/F_08-Jun-2017_rpm770_doc0p002,train,42,4,cv_evaluation,no_chatter,0,0.0047827503,32
turning,cnn_ae,ver_max,2inchStickout_F_08-Jun-2017_rpm770_doc0p002_window_0006,2inchStickout/F_08-Jun-2017_rpm770_doc0p002,train,42,4,cv_evaluation,no_chatter,0,0.024947664,32
turning,cnn_ae,ver_max,2inchStickout_F_08-Jun-2017_rpm770_doc0p002_window_0007,2inchStickout/F_08-Jun-2017_rpm770_doc0p002,validation,42,4,cv_evaluation,chatter,1,0.01008039,32
turning,cnn_ae,ver_max,2p5inchStickout_F_12-Jun-2017_rpm570_doc0p005_window_0000,2p5inchStickout/F_12-Jun-2017_rpm570_doc0p005,test,42,4,cv_evaluation,no_chatter,0,0.000514306,32
turning,cnn_ae,ver_max,2p5inchStickout_F_12-Jun-2017_rpm570_doc0p005_window_0001,2p5inchStickout/F_12-Jun-2017_rpm570_doc0p005,train,42,4,cv_evaluation,no_chatter,0,0.004086953,32
turning,cnn_ae,ver_max,2p5inchStickout_F_12-Jun-2017_rpm570_doc0p005_window_0002,2p5inchStickout/F_12-Jun-2017_rpm570_doc0p005,train,42,4,cv_evaluation,no_chatter,0,0.002325274,32
turning,cnn_ae,ver_max,2p5inchStickout_F_12-Jun-2017_rpm570_doc0p005_window_0003,2p5inchStickout/F_12-Jun-2017_rpm570_doc0p005,train,42,4,cv_evaluation,no_chatter,0,0.0026112888,32
turning,cnn_ae,ver_max,2p5inchStickout_F_12-Jun-2017_rpm570_doc0p005_window_0004,2p5inchStickout/F_12-Jun-2017_rpm570_doc0p005,test,42,4,cv_evaluation,no_chatter,0,0.004470819,32
turning,cnn_ae,ver_max,2p5inchStickout_F_12-Jun-2017_rpm570_doc0p005_window_0005,2p5inchStickout/F_12-Jun-2017_rpm570_doc0p005,train,42,4,cv_evaluation,no_chatter,0,0.0075621735,32
turning,cnn_ae,ver_max,2p5inchStickout_F_12-Jun-2017_rpm570_doc0p005_window_0006,2p5inchStickout/F_12-Jun-2017_rpm570_doc0p005,train,42,4,cv_evaluation,no_chatter,0,0.004194242,32
turning,cnn_ae,ver_max,2p5inchStickout_F_12-Jun-2017_rpm570_doc0p005_window_0007,2p5inchStickout/F_12-Jun-2017_rpm570_doc0p005,train,42,4,cv_evaluation,no_chatter,0,0.0023615037,32
turning,cnn_ae,ver_max,2p5inchStickout_F_12-Jun-2017_rpm570_doc0p005_window_0008,2p5inchStickout/F_12-Jun-2017_rpm570_doc0p005,test,42,4,cv_evaluation,no_chatter,0,0.008060033,32
turning,cnn_ae,ver_max,2p5inchStickout_F_12-Jun-2017_rpm570_doc0p005_window_0009,2p5inchStickout/F_12-Jun-2017_rpm570_doc0p005,train,42,4,cv_evaluation,no_chatter,0,0.0074306116,32
turning,cnn_ae,ver_max,2p5inchStickout_F_12-Jun-2017_rpm570_doc0p010_window_0000,2p5inchStickout/F_12-Jun-2017_rpm570_doc0p010,train,42,4,cv_evaluation,no_chatter,0,0.0019311014,32
turning,cnn_ae,ver_max,2p5inchStickout_F_12-Jun-2017_rpm570_doc0p010_window_0001,2p5inchStickout/F_12-Jun-2017_rpm570_doc0p010,train,42,4,cv_evaluation,no_chatter,0,0.0035251118,32
turning,cnn_ae,ver_max,2p5inchStickout_F_12-Jun-2017_rpm570_doc0p010_window_0002,2p5inchStickout/F_12-Jun-2017_rpm570_doc0p010,train,42,4,cv_evaluation,no_chatter,0,0.0018475312,32
turning,cnn_ae,ver_max,2p5inchStickout_F_12-Jun-2017_rpm570_doc0p010_window_0003,2p5inchStickout/F_12-Jun-2017_rpm570_doc0p010,test,42,4,cv_evaluation,no_chatter,0,0.0016219878,32
turning,cnn_ae,ver_max,2p5inchStickout_F_12-Jun-2017_rpm570_doc0p010_window_0004,2p5inchStickout/F_12-Jun-2017_rpm570_doc0p010,train,42,4,cv_evaluation,no_chatter,0,0.002268565,32
turning,cnn_ae,ver_max,2p5inchStickout_F_12-Jun-2017_rpm570_doc0p010_window_0005,2p5inchStickout/F_12-Jun-2017_rpm570_doc0p010,train,42,4,cv_evaluation,no_chatter,0,0.002432404,32
turning,cnn_ae,ver_max,2p5inchStickout_F_12-Jun-2017_rpm570_doc0p010_window_0006,2p5inchStickout/F_12-Jun-2017_rpm570_doc0p010,test,42,4,cv_evaluation,no_chatter,0,0.0033178926,32
turning,cnn_ae,ver_max,2p5inchStickout_F_12-Jun-2017_rpm570_doc0p010_window_0007,2p5inchStickout/F_12-Jun-2017_rpm570_doc0p010,train,42,4,cv_evaluation,no_chatter,0,0.002380897,32
turning,cnn_ae,ver_max,2p5inchStickout_F_12-Jun-2017_rpm570_doc0p010_window_0008,2p5inchStickout/F_12-Jun-2017_rpm570_doc0p010,train,42,4,cv_evaluation,no_chatter,0,0.0023201853,32
turning,cnn_ae,ver_max,2p5inchStickout_F_12-Jun-2017_rpm570_doc0p010_window_0009,2p5inchStickout/F_12-Jun-2017_rpm570_doc0p010,test,42,4,cv_evaluation,no_chatter,0,0.001752311,32
turning,cnn_ae,ver_max,3p5inchStickout_F_14-Jun-2017_rpm770_doc0p005_window_0000,3p5inchStickout/F_14-Jun-2017_rpm770_doc0p005,validation,42,4,cv_evaluation,no_chatter,0,0.00037305953,32
turning,cnn_ae,ver_max,3p5inchStickout_F_14-Jun-2017_rpm770_doc0p005_window_0001,3p5inchStickout/F_14-Jun-2017_rpm770_doc0p005,train,42,4,cv_evaluation,no_chatter,0,0.006739964,32
turning,cnn_ae,ver_max,3p5inchStickout_F_14-Jun-2017_rpm770_doc0p005_window_0002,3p5inchStickout/F_14-Jun-2017_rpm770_doc0p005,train,42,4,cv_evaluation,no_chatter,0,0.001998967,32
turning,cnn_ae,ver_max,3p5inchStickout_F_14-Jun-2017_rpm770_doc0p005_window_0003,3p5inchStickout/F_14-Jun-2017_rpm770_doc0p005,train,42,4,cv_evaluation,no_chatter,0,0.0031985354,32
turning,cnn_ae,ver_max,4p5inchStickout_F_12-Jun-2017_rpm570_doc0p015_window_0000,4p5inchStickout/F_12-Jun-2017_rpm570_doc0p015,train,42,4,cv_evaluation,no_chatter,0,8.1006736e-05,32
turning,cnn_ae,ver_max,4p5inchStickout_F_12-Jun-2017_rpm570_doc0p015_window_0001,4p5inchStickout/F_12-Jun-2017_rpm570_doc0p015,train,42,4,cv_evaluation,no_chatter,0,7.8184115e-05,32
turning,cnn_ae,ver_max,4p5inchStickout_F_12-Jun-2017_rpm570_doc0p015_window_0002,4p5inchStickout/F_12-Jun-2017_rpm570_doc0p015,train,42,4,cv_evaluation,no_chatter,0,8.8041335e-05,32
turning,cnn_ae,ver_max,4p5inchStickout_F_12-Jun-2017_rpm570_doc0p015_window_0003,4p5inchStickout/F_12-Jun-2017_rpm570_doc0p015,train,42,4,cv_evaluation,no_chatter,0,0.00010140401,32
turning,cnn_ae,ver_max,4p5inchStickout_F_12-Jun-2017_rpm570_doc0p015_window_0004,4p5inchStickout/F_12-Jun-2017_rpm570_doc0p015,train,42,4,cv_evaluation,no_chatter,0,0.00315122,32
turning,cnn_ae,ver_max,4p5inchStickout_F_12-Jun-2017_rpm570_doc0p015_window_0005,4p5inchStickout/F_12-Jun-2017_rpm570_doc0p015,train,42,4,cv_evaluation,no_chatter,0,0.0016502469,32
turning,cnn_ae,ver_max,4p5inchStickout_F_12-Jun-2017_rpm570_doc0p015_window_0006,4p5inchStickout/F_12-Jun-2017_rpm570_doc0p015,train,42,4,cv_evaluation,no_chatter,0,0.001576508,32
turning,cnn_ae,ver_max,4p5inchStickout_F_12-Jun-2017_rpm570_doc0p015_window_0007,4p5inchStickout/F_12-Jun-2017_rpm570_doc0p015,train,42,4,cv_evaluation,no_chatter,0,0.0012701785,32
turning,cnn_ae,ver_max,4p5inchStickout_F_12-Jun-2017_rpm570_doc0p015_window_0008,4p5inchStickout/F_12-Jun-2017_rpm570_doc0p015,train,42,4,cv_evaluation,no_chatter,0,0.0016466434,32
turning,cnn_ae,ver_max,4p5inchStickout_F_12-Jun-2017_rpm570_doc0p015_window_0009,4p5inchStickout/F_12-Jun-2017_rpm570_doc0p015,train,42,4,cv_evaluation,no_chatter,0,0.0026195443,32
turning,cnn_ae,ver_max,4p5inchStickout_F_12-Jun-2017_rpm570_doc0p015_window_0010,4p5inchStickout/F_12-Jun-2017_rpm570_doc0p015,train,42,4,cv_evaluation,no_chatter,0,0.0033695793,32
turning,cnn_ae,ver_max,4p5inchStickout_F_12-Jun-2017_rpm570_doc0p015_window_0011,4p5inchStickout/F_12-Jun-2017_rpm570_doc0p015,train,42,4,cv_evaluation,no_chatter,0,0.0030134816,32
turning,cnn_ae,ver_max,4p5inchStickout_F_12-Jun-2017_rpm570_doc0p025_window_0000,4p5inchStickout/F_12-Jun-2017_rpm570_doc0p025,train,42,4,cv_evaluation,no_chatter,0,0.00010526482,32
turning,cnn_ae,ver_max,4p5inchStickout_F_12-Jun-2017_rpm570_doc0p025_window_0001,4p5inchStickout/F_12-Jun-2017_rpm570_doc0p025,train,42,4,cv_evaluation,no_chatter,0,0.00010542969,32
turning,cnn_ae,ver_max,4p5inchStickout_F_12-Jun-2017_rpm570_doc0p025_window_0002,4p5inchStickout/F_12-Jun-2017_rpm570_doc0p025,train,42,4,cv_evaluation,no_chatter,0,0.000103736005,32
turning,cnn_ae,ver_max,4p5inchStickout_F_12-Jun-2017_rpm570_doc0p025_window_0003,4p5inchStickout/F_12-Jun-2017_rpm570_doc0p025,train,42,4,cv_evaluation,no_chatter,0,9.808091e-05,32
turning,cnn_ae,ver_max,4p5inchStickout_F_12-Jun-2017_rpm570_doc0p025_window_0004,4p5inchStickout/F_12-Jun-2017_rpm570_doc0p025,train,42,4,cv_evaluation,no_chatter,0,0.0026642964,32
turning,cnn_ae,ver_max,4p5inchStickout_F_12-Jun-2017_rpm570_doc0p025_window_0005,4p5inchStickout/F_12-Jun-2017_rpm570_doc0p025,train,42,4,cv_evaluation,no_chatter,0,0.0011703471,32
turning,cnn_ae,ver_max,4p5inchStickout_F_12-Jun-2017_rpm570_doc0p025_window_0006,4p5inchStickout/F_12-Jun-2017_rpm570_doc0p025,test,42,4,cv_evaluation,no_chatter,0,0.0009717507,32
turning,cnn_ae,ver_max,4p5inchStickout_F_12-Jun-2017_rpm570_doc0p025_window_0007,4p5inchStickout/F_12-Jun-2017_rpm570_doc0p025,train,42,4,cv_evaluation,no_chatter,0,0.0011518156,32
turning,cnn_ae,ver_max,4p5inchStickout_F_12-Jun-2017_rpm570_doc0p025_window_0008,4p5inchStickout/F_12-Jun-2017_rpm570_doc0p025,train,42,4,cv_evaluation,no_chatter,0,0.002221601,32
turning,cnn_ae,ver_max,4p5inchStickout_F_12-Jun-2017_rpm570_doc0p025_window_0009,4p5inchStickout/F_12-Jun-2017_rpm570_doc0p025,train,42,4,cv_evaluation,no_chatter,0,0.0027868818,32
turning,cnn_ae,ver_max,4p5inchStickout_F_12-Jun-2017_rpm570_doc0p025_window_0010,4p5inchStickout/F_12-Jun-2017_rpm570_doc0p025,train,42,4,cv_evaluation,no_chatter,0,0.003218458,32
turning,cnn_ae,ver_max,4p5inchStickout_F_12-Jun-2017_rpm570_doc0p025_window_0011,4p5inchStickout/F_12-Jun-2017_rpm570_doc0p025,train,42,4,cv_evaluation,no_chatter,0,0.0028742244,32
turning,cnn_ae,ver_max,4p5inchStickout_F_13-Jun-2017_rpm1030_doc0p010_window_0000,4p5inchStickout/F_13-Jun-2017_rpm1030_doc0p010,train,42,4,cv_evaluation,no_chatter,0,0.00014463271,32
turning,cnn_ae,ver_max,4p5inchStickout_F_13-Jun-2017_rpm1030_doc0p010_window_0001,4p5inchStickout/F_13-Jun-2017_rpm1030_doc0p010,test,42,4,cv_evaluation,no_chatter,0,0.0066901883,32
turning,cnn_ae,ver_max,4p5inchStickout_F_13-Jun-2017_rpm1030_doc0p010_window_0002,4p5inchStickout/F_13-Jun-2017_rpm1030_doc0p010,train,42,4,cv_evaluation,no_chatter,0,0.0035350341,32
turning,cnn_ae,ver_max,4p5inchStickout_F_13-Jun-2017_rpm1030_doc0p010_window_0003,4p5inchStickout/F_13-Jun-2017_rpm1030_doc0p010,train,42,4,cv_evaluation,no_chatter,0,0.0051786923,32
turning,cnn_ae,ver_max,4p5inchStickout_F_13-Jun-2017_rpm1030_doc0p013_window_0000,4p5inchStickout/F_13-Jun-2017_rpm1030_doc0p013,test,42,4,cv_evaluation,no_chatter,0,0.00015446983,32
turning,cnn_ae,ver_max,4p5inchStickout_F_13-Jun-2017_rpm1030_doc0p013_window_0001,4p5inchStickout/F_13-Jun-2017_rpm1030_doc0p013,train,42,4,cv_evaluation,no_chatter,0,0.003661709,32
turning,cnn_ae,ver_max,4p5inchStickout_F_13-Jun-2017_rpm1030_doc0p013_window_0002,4p5inchStickout/F_13-Jun-2017_rpm1030_doc0p013,test,42,4,cv_evaluation,no_chatter,0,0.0025361998,32
turning,cnn_ae,ver_max,4p5inchStickout_F_13-Jun-2017_rpm1030_doc0p013_window_0003,4p5inchStickout/F_13-Jun-2017_rpm1030_doc0p013,train,42,4,cv_evaluation,no_chatter,0,0.0032655685,32
turning,cnn_ae,ver_max,4p5inchStickout_F_13-Jun-2017_rpm770_doc0p020_window_0000,4p5inchStickout/F_13-Jun-2017_rpm770_doc0p020,train,42,4,cv_evaluation,no_chatter,0,0.00013051495,32
turning,cnn_ae,ver_max,4p5inchStickout_F_13-Jun-2017_rpm770_doc0p020_window_0001,4p5inchStickout/F_13-Jun-2017_rpm770_doc0p020,train,42,4,cv_evaluation,no_chatter,0,0.003843516,32
turning,cnn_ae,ver_max,4p5inchStickout_F_13-Jun-2017_rpm770_doc0p020_window_0002,4p5inchStickout/F_13-Jun-2017_rpm770_doc0p020,test,42,4,cv_evaluation,no_chatter,0,0.0012176418,32
turning,cnn_ae,ver_max,4p5inchStickout_F_13-Jun-2017_rpm770_doc0p020_window_0003,4p5inchStickout/F_13-Jun-2017_rpm770_doc0p020,train,42,4,cv_evaluation,no_chatter,0,0.0020107196,32
turning,cnn_ae,ver_max,4p5inchStickout_F_13-Jun-2017_rpm770_doc0p020_window_0004,4p5inchStickout/F_13-Jun-2017_rpm770_doc0p020,train,42,4,cv_evaluation,no_chatter,0,0.00175896,32
turning,cnn_ae,ver_max,4p5inchStickout_F_13-Jun-2017_rpm770_doc0p020_window_0005,4p5inchStickout/F_13-Jun-2017_rpm770_doc0p020,train,42,4,cv_evaluation,no_chatter,0,0.0040365043,32
turning,cnn_ae,ver_topk,2inchStickout_F_08-Jun-2017_rpm320_doc0p005_window_0000,2inchStickout/F_08-Jun-2017_rpm320_doc0p005,train,42,4,cv_evaluation,no_chatter,0,0.00033150127,32
turning,cnn_ae,ver_topk,2inchStickout_F_08-Jun-2017_rpm320_doc0p005_window_0001,2inchStickout/F_08-Jun-2017_rpm320_doc0p005,train,42,4,cv_evaluation,no_chatter,0,0.00029897553,32
turning,cnn_ae,ver_topk,2inchStickout_F_08-Jun-2017_rpm320_doc0p005_window_0002,2inchStickout/F_08-Jun-2017_rpm320_doc0p005,train,42,4,cv_evaluation,no_chatter,0,0.0002380504,32
turning,cnn_ae,ver_topk,2inchStickout_F_08-Jun-2017_rpm320_doc0p005_window_0003,2inchStickout/F_08-Jun-2017_rpm320_doc0p005,train,42,4,cv_evaluation,no_chatter,0,0.0002263828,32
turning,cnn_ae,ver_topk,2inchStickout_F_08-Jun-2017_rpm320_doc0p005_window_0004,2inchStickout/F_08-Jun-2017_rpm320_doc0p005,train,42,4,cv_evaluation,no_chatter,0,0.00051616895,32
turning,cnn_ae,ver_topk,2inchStickout_F_08-Jun-2017_rpm320_doc0p005_window_0005,2inchStickout/F_08-Jun-2017_rpm320_doc0p005,validation,42,4,cv_evaluation,no_chatter,0,0.010792062,32
turning,cnn_ae,ver_topk,2inchStickout_F_08-Jun-2017_rpm320_doc0p005_window_0006,2inchStickout/F_08-Jun-2017_rpm320_doc0p005,validation,42,4,cv_evaluation,chatter,1,0.007000676,32
turning,cnn_ae,ver_topk,2inchStickout_F_08-Jun-2017_rpm320_doc0p005_window_0007,2inchStickout/F_08-Jun-2017_rpm320_doc0p005,validation,42,4,cv_evaluation,chatter,1,0.005379236,32
turning,cnn_ae,ver_topk,2inchStickout_F_08-Jun-2017_rpm320_doc0p005_window_0008,2inchStickout/F_08-Jun-2017_rpm320_doc0p005,validation,42,4,cv_evaluation,chatter,1,0.00676555,32
turning,cnn_ae,ver_topk,2inchStickout_F_08-Jun-2017_rpm320_doc0p005_window_0009,2inchStickout/F_08-Jun-2017_rpm320_doc0p005,validation,42,4,cv_evaluation,chatter,1,0.006370391,32
turning,cnn_ae,ver_topk,2inchStickout_F_08-Jun-2017_rpm320_doc0p005_window_0010,2inchStickout/F_08-Jun-2017_rpm320_doc0p005,validation,42,4,cv_evaluation,chatter,1,0.005858088,32
turning,cnn_ae,ver_topk,2inchStickout_F_08-Jun-2017_rpm320_doc0p005_window_0011,2inchStickout/F_08-Jun-2017_rpm320_doc0p005,validation,42,4,cv_evaluation,chatter,1,0.005796792,32
turning,cnn_ae,ver_topk,2inchStickout_F_08-Jun-2017_rpm320_doc0p005_window_0012,2inchStickout/F_08-Jun-2017_rpm320_doc0p005,train,42,4,cv_evaluation,no_chatter,0,0.0048804,32
turning,cnn_ae,ver_topk,2inchStickout_F_08-Jun-2017_rpm320_doc0p005_window_0013,2inchStickout/F_08-Jun-2017_rpm320_doc0p005,train,42,4,cv_evaluation,no_chatter,0,0.0030643328,32
turning,cnn_ae,ver_topk,2inchStickout_F_08-Jun-2017_rpm320_doc0p005_window_0014,2inchStickout/F_08-Jun-2017_rpm320_doc0p005,train,42,4,cv_evaluation,no_chatter,0,0.0018293833,32
turning,cnn_ae,ver_topk,2inchStickout_F_08-Jun-2017_rpm320_doc0p005_window_0015,2inchStickout/F_08-Jun-2017_rpm320_doc0p005,train,42,4,cv_evaluation,no_chatter,0,0.0017059544,32
turning,cnn_ae,ver_topk,2inchStickout_F_08-Jun-2017_rpm320_doc0p005_window_0016,2inchStickout/F_08-Jun-2017_rpm320_doc0p005,train,42,4,cv_evaluation,no_chatter,0,0.001768198,32
turning,cnn_ae,ver_topk,2inchStickout_F_08-Jun-2017_rpm320_doc0p005_window_0017,2inchStickout/F_08-Jun-2017_rpm320_doc0p005,train,42,4,cv_evaluation,no_chatter,0,0.0016108322,32
turning,cnn_ae,ver_topk,2inchStickout_F_08-Jun-2017_rpm320_doc0p005_window_0018,2inchStickout/F_08-Jun-2017_rpm320_doc0p005,train,42,4,cv_evaluation,no_chatter,0,0.0015920969,32
turning,cnn_ae,ver_topk,2inchStickout_F_08-Jun-2017_rpm320_doc0p005_window_0019,2inchStickout/F_08-Jun-2017_rpm320_doc0p005,train,42,4,cv_evaluation,no_chatter,0,0.0017721473,32
turning,cnn_ae,ver_topk,2inchStickout_F_08-Jun-2017_rpm320_doc0p005_window_0020,2inchStickout/F_08-Jun-2017_rpm320_doc0p005,train,42,4,cv_evaluation,no_chatter,0,0.0018007016,32
turning,cnn_ae,ver_topk,2inchStickout_F_08-Jun-2017_rpm320_doc0p005_window_0021,2inchStickout/F_08-Jun-2017_rpm320_doc0p005,train,42,4,cv_evaluation,no_chatter,0,0.004525631,32
turning,cnn_ae,ver_topk,2inchStickout_F_08-Jun-2017_rpm320_doc0p005_window_0022,2inchStickout/F_08-Jun-2017_rpm320_doc0p005,train,42,4,cv_evaluation,no_chatter,0,0.0046047084,32
turning,cnn_ae,ver_topk,2inchStickout_F_08-Jun-2017_rpm320_doc0p005_window_0023,2inchStickout/F_08-Jun-2017_rpm320_doc0p005,train,42,4,cv_evaluation,no_chatter,0,0.0049047316,32
turning,cnn_ae,ver_topk,2inchStickout_F_08-Jun-2017_rpm320_doc0p030_window_0000,2inchStickout/F_08-Jun-2017_rpm320_doc0p030,train,42,4,cv_evaluation,no_chatter,0,0.00018489768,32
turning,cnn_ae,ver_topk,2inchStickout_F_08-Jun-2017_rpm320_doc0p030_window_0001,2inchStickout/F_08-Jun-2017_rpm320_doc0p030,train,42,4,cv_evaluation,no_chatter,0,0.00016698799,32
turning,cnn_ae,ver_topk,2inchStickout_F_08-Jun-2017_rpm320_doc0p030_window_0002,2inchStickout/F_08-Jun-2017_rpm320_doc0p030,train,42,4,cv_evaluation,no_chatter,0,0.00016927824,32
turning,cnn_ae,ver_topk,2inchStickout_F_08-Jun-2017_rpm320_doc0p030_window_0003,2inchStickout/F_08-Jun-2017_rpm320_doc0p030,train,42,4,cv_evaluation,no_chatter,0,0.0017149979,32
turning,cnn_ae,ver_topk,2inchStickout_F_08-Jun-2017_rpm320_doc0p030_window_0004,2inchStickout/F_08-Jun-2017_rpm320_doc0p030,train,42,4,cv_evaluation,no_chatter,0,0.0010089491,32
turning,cnn_ae,ver_topk,2inchStickout_F_08-Jun-2017_rpm320_doc0p030_window_0005,2inchStickout/F_08-Jun-2017_rpm320_doc0p030,train,42,4,cv_evaluation,no_chatter,0,0.00052611256,32
turning,cnn_ae,ver_topk,2inchStickout_F_08-Jun-2017_rpm320_doc0p030_window_0006,2inchStickout/F_08-Jun-2017_rpm320_doc0p030,train,42,4,cv_evaluation,no_chatter,0,0.0005813775,32
turning,cnn_ae,ver_topk,2inchStickout_F_08-Jun-2017_rpm320_doc0p030_window_0007,2inchStickout/F_08-Jun-2017_rpm320_doc0p030,train,42,4,cv_evaluation,no_chatter,0,0.00078981114,32
turning,cnn_ae,ver_topk,2inchStickout_F_08-Jun-2017_rpm320_doc0p030_window_0008,2inchStickout/F_08-Jun-2017_rpm320_doc0p030,train,42,4,cv_evaluation,no_chatter,0,0.0005976401,32
turning,cnn_ae,ver_topk,2inchStickout_F_08-Jun-2017_rpm320_doc0p030_window_0009,2inchStickout/F_08-Jun-2017_rpm320_doc0p030,train,42,4,cv_evaluation,no_chatter,0,0.0006057483,32
turning,cnn_ae,ver_topk,2inchStickout_F_08-Jun-2017_rpm320_doc0p030_window_0010,2inchStickout/F_08-Jun-2017_rpm320_doc0p030,train,42,4,cv_evaluation,no_chatter,0,0.0006563282,32
turning,cnn_ae,ver_topk,2inchStickout_F_08-Jun-2017_rpm320_doc0p030_window_0011,2inchStickout/F_08-Jun-2017_rpm320_doc0p030,validation,42,4,cv_evaluation,no_chatter,0,0.0007375339,32
turning,cnn_ae,ver_topk,2inchStickout_F_08-Jun-2017_rpm320_doc0p030_window_0012,2inchStickout/F_08-Jun-2017_rpm320_doc0p030,validation,42,4,cv_evaluation,no_chatter,0,0.0005183949,32
turning,cnn_ae,ver_topk,2inchStickout_F_08-Jun-2017_rpm320_doc0p030_window_0013,2inchStickout/F_08-Jun-2017_rpm320_doc0p030,train,42,4,cv_evaluation,no_chatter,0,0.0007225626,32
turning,cnn_ae,ver_topk,2inchStickout_F_08-Jun-2017_rpm320_doc0p030_window_0014,2inchStickout/F_08-Jun-2017_rpm320_doc0p030,train,42,4,cv_evaluation,no_chatter,0,0.0011195276,32
turning,cnn_ae,ver_topk,2inchStickout_F_08-Jun-2017_rpm320_doc0p030_window_0015,2inchStickout/F_08-Jun-2017_rpm320_doc0p030,train,42,4,cv_evaluation,no_chatter,0,0.0008581106,32
turning,cnn_ae,ver_topk,2inchStickout_F_08-Jun-2017_rpm320_doc0p030_window_0016,2inchStickout/F_08-Jun-2017_rpm320_doc0p030,train,42,4,cv_evaluation,no_chatter,0,0.0006905968,32
turning,cnn_ae,ver_topk,2inchStickout_F_08-Jun-2017_rpm320_doc0p030_window_0017,2inchStickout/F_08-Jun-2017_rpm320_doc0p030,train,42,4,cv_evaluation,no_chatter,0,0.0011735732,32
turning,cnn_ae,ver_topk,2inchStickout_F_08-Jun-2017_rpm320_doc0p030_window_0018,2inchStickout/F_08-Jun-2017_rpm320_doc0p030,train,42,4,cv_evaluation,no_chatter,0,0.0013206643,32
turning,cnn_ae,ver_topk,2inchStickout_F_08-Jun-2017_rpm320_doc0p030_window_0019,2inchStickout/F_08-Jun-2017_rpm320_doc0p030,validation,42,4,cv_evaluation,no_chatter,0,0.0019094581,32
turning,cnn_ae,ver_topk,2inchStickout_F_08-Jun-2017_rpm320_doc0p030_window_0020,2inchStickout/F_08-Jun-2017_rpm320_doc0p030,validation,42,4,cv_evaluation,no_chatter,0,0.0021310581,32
turning,cnn_ae,ver_topk,2inchStickout_F_08-Jun-2017_rpm320_doc0p030_window_0021,2inchStickout/F_08-Jun-2017_rpm320_doc0p030,train,42,4,cv_evaluation,no_chatter,0,0.0021049418,32
turning,cnn_ae,ver_topk,2inchStickout_F_08-Jun-2017_rpm320_doc0p030_window_0022,2inchStickout/F_08-Jun-2017_rpm320_doc0p030,train,42,4,cv_evaluation,no_chatter,0,0.002554652,32
turning,cnn_ae,ver_topk,2inchStickout_F_08-Jun-2017_rpm320_doc0p030_window_0023,2inchStickout/F_08-Jun-2017_rpm320_doc0p030,train,42,4,cv_evaluation,no_chatter,0,0.0023509124,32
turning,cnn_ae,ver_topk,2inchStickout_F_08-Jun-2017_rpm425_doc0p017_window_0000,2inchStickout/F_08-Jun-2017_rpm425_doc0p017,train,42,4,cv_evaluation,no_chatter,0,0.00024380955,32
turning,cnn_ae,ver_topk,2inchStickout_F_08-Jun-2017_rpm425_doc0p017_window_0001,2inchStickout/F_08-Jun-2017_rpm425_doc0p017,train,42,4,cv_evaluation,no_chatter,0,0.0005346046,32
turning,cnn_ae,ver_topk,2inchStickout_F_08-Jun-2017_rpm425_doc0p017_window_0002,2inchStickout/F_08-Jun-2017_rpm425_doc0p017,validation,42,4,cv_evaluation,no_chatter,0,0.0012811227,32
turning,cnn_ae,ver_topk,2inchStickout_F_08-Jun-2017_rpm425_doc0p017_window_0003,2inchStickout/F_08-Jun-2017_rpm425_doc0p017,validation,42,4,cv_evaluation,no_chatter,0,0.0021797519,32
turning,cnn_ae,ver_topk,2inchStickout_F_08-Jun-2017_rpm425_doc0p017_window_0004,2inchStickout/F_08-Jun-2017_rpm425_doc0p017,validation,42,4,cv_evaluation,no_chatter,0,0.0049839537,32
turning,cnn_ae,ver_topk,2inchStickout_F_08-Jun-2017_rpm425_doc0p017_window_0005,2inchStickout/F_08-Jun-2017_rpm425_doc0p017,validation,42,4,cv_evaluation,no_chatter,0,0.0035248466,32
turning,cnn_ae,ver_topk,2inchStickout_F_08-Jun-2017_rpm425_doc0p017_window_0006,2inchStickout/F_08-Jun-2017_rpm425_doc0p017,train,42,4,cv_evaluation,no_chatter,0,0.0016898018,32
turning,cnn_ae,ver_topk,2inchStickout_F_08-Jun-2017_rpm425_doc0p017_window_0007,2inchStickout/F_08-Jun-2017_rpm425_doc0p017,train,42,4,cv_evaluation,no_chatter,0,0.006971451,32
turning,cnn_ae,ver_topk,2inchStickout_F_08-Jun-2017_rpm570_doc0p010_window_0000,2inchStickout/F_08-Jun-2017_rpm570_doc0p010,test,42,4,cv_evaluation,no_chatter,0,0.0002714248,32
turning,cnn_ae,ver_topk,2inchStickout_F_08-Jun-2017_rpm570_doc0p010_window_0001,2inchStickout/F_08-Jun-2017_rpm570_doc0p010,test,42,4,cv_evaluation,no_chatter,0,0.00340971,32
turning,cnn_ae,ver_topk,2inchStickout_F_08-Jun-2017_rpm570_doc0p010_window_0002,2inchStickout/F_08-Jun-2017_rpm570_doc0p010,test,42,4,cv_evaluation,chatter,1,0.006673584,32
turning,cnn_ae,ver_topk,2inchStickout_F_08-Jun-2017_rpm570_doc0p010_window_0003,2inchStickout/F_08-Jun-2017_rpm570_doc0p010,test,42,4,cv_evaluation,chatter,1,0.0062465784,32
turning,cnn_ae,ver_topk,2inchStickout_F_08-Jun-2017_rpm570_doc0p010_window_0004,2inchStickout/F_08-Jun-2017_rpm570_doc0p010,test,42,4,cv_evaluation,chatter,1,0.008692184,32
turning,cnn_ae,ver_topk,2inchStickout_F_08-Jun-2017_rpm570_doc0p010_window_0005,2inchStickout/F_08-Jun-2017_rpm570_doc0p010,test,42,4,cv_evaluation,chatter,1,0.009763933,32
turning,cnn_ae,ver_topk,2inchStickout_F_08-Jun-2017_rpm770_doc0p002_window_0000,2inchStickout/F_08-Jun-2017_rpm770_doc0p002,train,42,4,cv_evaluation,no_chatter,0,0.00040926086,32
turning,cnn_ae,ver_topk,2inchStickout_F_08-Jun-2017_rpm770_doc0p002_window_0001,2inchStickout/F_08-Jun-2017_rpm770_doc0p002,validation,42,4,cv_evaluation,chatter,1,0.01678597,32
turning,cnn_ae,ver_topk,2inchStickout_F_08-Jun-2017_rpm770_doc0p002_window_0002,2inchStickout/F_08-Jun-2017_rpm770_doc0p002,validation,42,4,cv_evaluation,chatter,1,0.01775325,32
turning,cnn_ae,ver_topk,2inchStickout_F_08-Jun-2017_rpm770_doc0p002_window_0003,2inchStickout/F_08-Jun-2017_rpm770_doc0p002,train,42,4,cv_evaluation,no_chatter,0,0.0055196118,32
turning,cnn_ae,ver_topk,2inchStickout_F_08-Jun-2017_rpm770_doc0p002_window_0004,2inchStickout/F_08-Jun-2017_rpm770_doc0p002,validation,42,4,cv_evaluation,chatter,1,0.004845328,32
turning,cnn_ae,ver_topk,2inchStickout_F_08-Jun-2017_rpm770_doc0p002_window_0005,2inchStickout/F_08-Jun-2017_rpm770_doc0p002,train,42,4,cv_evaluation,no_chatter,0,0.00455545,32
turning,cnn_ae,ver_topk,2inchStickout_F_08-Jun-2017_rpm770_doc0p002_window_0006,2inchStickout/F_08-Jun-2017_rpm770_doc0p002,train,42,4,cv_evaluation,no_chatter,0,0.020366535,32
turning,cnn_ae,ver_topk,2inchStickout_F_08-Jun-2017_rpm770_doc0p002_window_0007,2inchStickout/F_08-Jun-2017_rpm770_doc0p002,validation,42,4,cv_evaluation,chatter,1,0.009283637,32
turning,cnn_ae,ver_topk,2p5inchStickout_F_12-Jun-2017_rpm570_doc0p005_window_0000,2p5inchStickout/F_12-Jun-2017_rpm570_doc0p005,test,42,4,cv_evaluation,no_chatter,0,0.0004916881,32
turning,cnn_ae,ver_topk,2p5inchStickout_F_12-Jun-2017_rpm570_doc0p005_window_0001,2p5inchStickout/F_12-Jun-2017_rpm570_doc0p005,train,42,4,cv_evaluation,no_chatter,0,0.0036284334,32
turning,cnn_ae,ver_topk,2p5inchStickout_F_12-Jun-2017_rpm570_doc0p005_window_0002,2p5inchStickout/F_12-Jun-2017_rpm570_doc0p005,train,42,4,cv_evaluation,no_chatter,0,0.0021766846,32
turning,cnn_ae,ver_topk,2p5inchStickout_F_12-Jun-2017_rpm570_doc0p005_window_0003,2p5inchStickout/F_12-Jun-2017_rpm570_doc0p005,train,42,4,cv_evaluation,no_chatter,0,0.0022935707,32
turning,cnn_ae,ver_topk,2p5inchStickout_F_12-Jun-2017_rpm570_doc0p005_window_0004,2p5inchStickout/F_12-Jun-2017_rpm570_doc0p005,test,42,4,cv_evaluation,no_chatter,0,0.0040437686,32
turning,cnn_ae,ver_topk,2p5inchStickout_F_12-Jun-2017_rpm570_doc0p005_window_0005,2p5inchStickout/F_12-Jun-2017_rpm570_doc0p005,train,42,4,cv_evaluation,no_chatter,0,0.006586496,32
turning,cnn_ae,ver_topk,2p5inchStickout_F_12-Jun-2017_rpm570_doc0p005_window_0006,2p5inchStickout/F_12-Jun-2017_rpm570_doc0p005,train,42,4,cv_evaluation,no_chatter,0,0.0031726698,32
turning,cnn_ae,ver_topk,2p5inchStickout_F_12-Jun-2017_rpm570_doc0p005_window_0007,2p5inchStickout/F_12-Jun-2017_rpm570_doc0p005,train,42,4,cv_evaluation,no_chatter,0,0.0021580628,32
turning,cnn_ae,ver_topk,2p5inchStickout_F_12-Jun-2017_rpm570_doc0p005_window_0008,2p5inchStickout/F_12-Jun-2017_rpm570_doc0p005,test,42,4,cv_evaluation,no_chatter,0,0.0070870197,32
turning,cnn_ae,ver_topk,2p5inchStickout_F_12-Jun-2017_rpm570_doc0p005_window_0009,2p5inchStickout/F_12-Jun-2017_rpm570_doc0p005,train,42,4,cv_evaluation,no_chatter,0,0.006347727,32
turning,cnn_ae,ver_topk,2p5inchStickout_F_12-Jun-2017_rpm570_doc0p010_window_0000,2p5inchStickout/F_12-Jun-2017_rpm570_doc0p010,train,42,4,cv_evaluation,no_chatter,0,0.0015970534,32
turning,cnn_ae,ver_topk,2p5inchStickout_F_12-Jun-2017_rpm570_doc0p010_window_0001,2p5inchStickout/F_12-Jun-2017_rpm570_doc0p010,train,42,4,cv_evaluation,no_chatter,0,0.0032846283,32
turning,cnn_ae,ver_topk,2p5inchStickout_F_12-Jun-2017_rpm570_doc0p010_window_0002,2p5inchStickout/F_12-Jun-2017_rpm570_doc0p010,train,42,4,cv_evaluation,no_chatter,0,0.0017197373,32
turning,cnn_ae,ver_topk,2p5inchStickout_F_12-Jun-2017_rpm570_doc0p010_window_0003,2p5inchStickout/F_12-Jun-2017_rpm570_doc0p010,test,42,4,cv_evaluation,no_chatter,0,0.0016025454,32
turning,cnn_ae,ver_topk,2p5inchStickout_F_12-Jun-2017_rpm570_doc0p010_window_0004,2p5inchStickout/F_12-Jun-2017_rpm570_doc0p010,train,42,4,cv_evaluation,no_chatter,0,0.00210071,32
turning,cnn_ae,ver_topk,2p5inchStickout_F_12-Jun-2017_rpm570_doc0p010_window_0005,2p5inchStickout/F_12-Jun-2017_rpm570_doc0p010,train,42,4,cv_evaluation,no_chatter,0,0.0022929388,32
turning,cnn_ae,ver_topk,2p5inchStickout_F_12-Jun-2017_rpm570_doc0p010_window_0006,2p5inchStickout/F_12-Jun-2017_rpm570_doc0p010,test,42,4,cv_evaluation,no_chatter,0,0.0031340562,32
turning,cnn_ae,ver_topk,2p5inchStickout_F_12-Jun-2017_rpm570_doc0p010_window_0007,2p5inchStickout/F_12-Jun-2017_rpm570_doc0p010,train,42,4,cv_evaluation,no_chatter,0,0.0022787445,32
turning,cnn_ae,ver_topk,2p5inchStickout_F_12-Jun-2017_rpm570_doc0p010_window_0008,2p5inchStickout/F_12-Jun-2017_rpm570_doc0p010,train,42,4,cv_evaluation,no_chatter,0,0.0020788542,32
turning,cnn_ae,ver_topk,2p5inchStickout_F_12-Jun-2017_rpm570_doc0p010_window_0009,2p5inchStickout/F_12-Jun-2017_rpm570_doc0p010,test,42,4,cv_evaluation,no_chatter,0,0.0017236877,32
turning,cnn_ae,ver_topk,3p5inchStickout_F_14-Jun-2017_rpm770_doc0p005_window_0000,3p5inchStickout/F_14-Jun-2017_rpm770_doc0p005,validation,42,4,cv_evaluation,no_chatter,0,0.00034804957,32
turning,cnn_ae,ver_topk,3p5inchStickout_F_14-Jun-2017_rpm770_doc0p005_window_0001,3p5inchStickout/F_14-Jun-2017_rpm770_doc0p005,train,42,4,cv_evaluation,no_chatter,0,0.005499179,32
turning,cnn_ae,ver_topk,3p5inchStickout_F_14-Jun-2017_rpm770_doc0p005_window_0002,3p5inchStickout/F_14-Jun-2017_rpm770_doc0p005,train,42,4,cv_evaluation,no_chatter,0,0.0019008514,32
turning,cnn_ae,ver_topk,3p5inchStickout_F_14-Jun-2017_rpm770_doc0p005_window_0003,3p5inchStickout/F_14-Jun-2017_rpm770_doc0p005,train,42,4,cv_evaluation,no_chatter,0,0.0028193502,32
turning,cnn_ae,ver_topk,4p5inchStickout_F_12-Jun-2017_rpm570_doc0p015_window_0000,4p5inchStickout/F_12-Jun-2017_rpm570_doc0p015,train,42,4,cv_evaluation,no_chatter,0,6.775361e-05,32
turning,cnn_ae,ver_topk,4p5inchStickout_F_12-Jun-2017_rpm570_doc0p015_window_0001,4p5inchStickout/F_12-Jun-2017_rpm570_doc0p015,train,42,4,cv_evaluation,no_chatter,0,5.947734e-05,32
turning,cnn_ae,ver_topk,4p5inchStickout_F_12-Jun-2017_rpm570_doc0p015_window_0002,4p5inchStickout/F_12-Jun-2017_rpm570_doc0p015,train,42,4,cv_evaluation,no_chatter,0,6.45717e-05,32
turning,cnn_ae,ver_topk,4p5inchStickout_F_12-Jun-2017_rpm570_doc0p015_window_0003,4p5inchStickout/F_12-Jun-2017_rpm570_doc0p015,train,42,4,cv_evaluation,no_chatter,0,8.219647e-05,32
turning,cnn_ae,ver_topk,4p5inchStickout_F_12-Jun-2017_rpm570_doc0p015_window_0004,4p5inchStickout/F_12-Jun-2017_rpm570_doc0p015,train,42,4,cv_evaluation,no_chatter,0,0.001666273,32
turning,cnn_ae,ver_topk,4p5inchStickout_F_12-Jun-2017_rpm570_doc0p015_window_0005,4p5inchStickout/F_12-Jun-2017_rpm570_doc0p015,train,42,4,cv_evaluation,no_chatter,0,0.0014468473,32
turning,cnn_ae,ver_topk,4p5inchStickout_F_12-Jun-2017_rpm570_doc0p015_window_0006,4p5inchStickout/F_12-Jun-2017_rpm570_doc0p015,train,42,4,cv_evaluation,no_chatter,0,0.0012818222,32
turning,cnn_ae,ver_topk,4p5inchStickout_F_12-Jun-2017_rpm570_doc0p015_window_0007,4p5inchStickout/F_12-Jun-2017_rpm570_doc0p015,train,42,4,cv_evaluation,no_chatter,0,0.001195518,32
turning,cnn_ae,ver_topk,4p5inchStickout_F_12-Jun-2017_rpm570_doc0p015_window_0008,4p5inchStickout/F_12-Jun-2017_rpm570_doc0p015,train,42,4,cv_evaluation,no_chatter,0,0.0014700185,32
turning,cnn_ae,ver_topk,4p5inchStickout_F_12-Jun-2017_rpm570_doc0p015_window_0009,4p5inchStickout/F_12-Jun-2017_rpm570_doc0p015,train,42,4,cv_evaluation,no_chatter,0,0.00256805,32
turning,cnn_ae,ver_topk,4p5inchStickout_F_12-Jun-2017_rpm570_doc0p015_window_0010,4p5inchStickout/F_12-Jun-2017_rpm570_doc0p015,train,42,4,cv_evaluation,no_chatter,0,0.0023144963,32
turning,cnn_ae,ver_topk,4p5inchStickout_F_12-Jun-2017_rpm570_doc0p015_window_0011,4p5inchStickout/F_12-Jun-2017_rpm570_doc0p015,train,42,4,cv_evaluation,no_chatter,0,0.0026772053,32
turning,cnn_ae,ver_topk,4p5inchStickout_F_12-Jun-2017_rpm570_doc0p025_window_0000,4p5inchStickout/F_12-Jun-2017_rpm570_doc0p025,train,42,4,cv_evaluation,no_chatter,0,9.411012e-05,32
turning,cnn_ae,ver_topk,4p5inchStickout_F_12-Jun-2017_rpm570_doc0p025_window_0001,4p5inchStickout/F_12-Jun-2017_rpm570_doc0p025,train,42,4,cv_evaluation,no_chatter,0,9.2136914e-05,32
turning,cnn_ae,ver_topk,4p5inchStickout_F_12-Jun-2017_rpm570_doc0p025_window_0002,4p5inchStickout/F_12-Jun-2017_rpm570_doc0p025,train,42,4,cv_evaluation,no_chatter,0,9.066518e-05,32
turning,cnn_ae,ver_topk,4p5inchStickout_F_12-Jun-2017_rpm570_doc0p025_window_0003,4p5inchStickout/F_12-Jun-2017_rpm570_doc0p025,train,42,4,cv_evaluation,no_chatter,0,7.600639e-05,32
turning,cnn_ae,ver_topk,4p5inchStickout_F_12-Jun-2017_rpm570_doc0p025_window_0004,4p5inchStickout/F_12-Jun-2017_rpm570_doc0p025,train,42,4,cv_evaluation,no_chatter,0,0.002365081,32
turning,cnn_ae,ver_topk,4p5inchStickout_F_12-Jun-2017_rpm570_doc0p025_window_0005,4p5inchStickout/F_12-Jun-2017_rpm570_doc0p025,train,42,4,cv_evaluation,no_chatter,0,0.0010354448,32
turning,cnn_ae,ver_topk,4p5inchStickout_F_12-Jun-2017_rpm570_doc0p025_window_0006,4p5inchStickout/F_12-Jun-2017_rpm570_doc0p025,test,42,4,cv_evaluation,no_chatter,0,0.00092553906,32
turning,cnn_ae,ver_topk,4p5inchStickout_F_12-Jun-2017_rpm570_doc0p025_window_0007,4p5inchStickout/F_12-Jun-2017_rpm570_doc0p025,train,42,4,cv_evaluation,no_chatter,0,0.0010995556,32
turning,cnn_ae,ver_topk,4p5inchStickout_F_12-Jun-2017_rpm570_doc0p025_window_0008,4p5inchStickout/F_12-Jun-2017_rpm570_doc0p025,train,42,4,cv_evaluation,no_chatter,0,0.002078794,32
turning,cnn_ae,ver_topk,4p5inchStickout_F_12-Jun-2017_rpm570_doc0p025_window_0009,4p5inchStickout/F_12-Jun-2017_rpm570_doc0p025,train,42,4,cv_evaluation,no_chatter,0,0.0026863583,32
turning,cnn_ae,ver_topk,4p5inchStickout_F_12-Jun-2017_rpm570_doc0p025_window_0010,4p5inchStickout/F_12-Jun-2017_rpm570_doc0p025,train,42,4,cv_evaluation,no_chatter,0,0.0029226963,32
turning,cnn_ae,ver_topk,4p5inchStickout_F_12-Jun-2017_rpm570_doc0p025_window_0011,4p5inchStickout/F_12-Jun-2017_rpm570_doc0p025,train,42,4,cv_evaluation,no_chatter,0,0.0027759757,32
turning,cnn_ae,ver_topk,4p5inchStickout_F_13-Jun-2017_rpm1030_doc0p010_window_0000,4p5inchStickout/F_13-Jun-2017_rpm1030_doc0p010,train,42,4,cv_evaluation,no_chatter,0,0.00013309676,32
turning,cnn_ae,ver_topk,4p5inchStickout_F_13-Jun-2017_rpm1030_doc0p010_window_0001,4p5inchStickout/F_13-Jun-2017_rpm1030_doc0p010,test,42,4,cv_evaluation,no_chatter,0,0.006129811,32
turning,cnn_ae,ver_topk,4p5inchStickout_F_13-Jun-2017_rpm1030_doc0p010_window_0002,4p5inchStickout/F_13-Jun-2017_rpm1030_doc0p010,train,42,4,cv_evaluation,no_chatter,0,0.0033553941,32
turning,cnn_ae,ver_topk,4p5inchStickout_F_13-Jun-2017_rpm1030_doc0p010_window_0003,4p5inchStickout/F_13-Jun-2017_rpm1030_doc0p010,train,42,4,cv_evaluation,no_chatter,0,0.004275684,32
turning,cnn_ae,ver_topk,4p5inchStickout_F_13-Jun-2017_rpm1030_doc0p013_window_0000,4p5inchStickout/F_13-Jun-2017_rpm1030_doc0p013,test,42,4,cv_evaluation,no_chatter,0,0.00013168131,32
turning,cnn_ae,ver_topk,4p5inchStickout_F_13-Jun-2017_rpm1030_doc0p013_window_0001,4p5inchStickout/F_13-Jun-2017_rpm1030_doc0p013,train,42,4,cv_evaluation,no_chatter,0,0.0031514477,32
turning,cnn_ae,ver_topk,4p5inchStickout_F_13-Jun-2017_rpm1030_doc0p013_window_0002,4p5inchStickout/F_13-Jun-2017_rpm1030_doc0p013,test,42,4,cv_evaluation,no_chatter,0,0.0021607766,32
turning,cnn_ae,ver_topk,4p5inchStickout_F_13-Jun-2017_rpm1030_doc0p013_window_0003,4p5inchStickout/F_13-Jun-2017_rpm1030_doc0p013,train,42,4,cv_evaluation,no_chatter,0,0.003081942,32
turning,cnn_ae,ver_topk,4p5inchStickout_F_13-Jun-2017_rpm770_doc0p020_window_0000,4p5inchStickout/F_13-Jun-2017_rpm770_doc0p020,train,42,4,cv_evaluation,no_chatter,0,0.000120355086,32
turning,cnn_ae,ver_topk,4p5inchStickout_F_13-Jun-2017_rpm770_doc0p020_window_0001,4p5inchStickout/F_13-Jun-2017_rpm770_doc0p020,train,42,4,cv_evaluation,no_chatter,0,0.001688485,32
turning,cnn_ae,ver_topk,4p5inchStickout_F_13-Jun-2017_rpm770_doc0p020_window_0002,4p5inchStickout/F_13-Jun-2017_rpm770_doc0p020,test,42,4,cv_evaluation,no_chatter,0,0.0011201734,32
turning,cnn_ae,ver_topk,4p5inchStickout_F_13-Jun-2017_rpm770_doc0p020_window_0003,4p5inchStickout/F_13-Jun-2017_rpm770_doc0p020,train,42,4,cv_evaluation,no_chatter,0,0.001722171,32
turning,cnn_ae,ver_topk,4p5inchStickout_F_13-Jun-2017_rpm770_doc0p020_window_0004,4p5inchStickout/F_13-Jun-2017_rpm770_doc0p020,train,42,4,cv_evaluation,no_chatter,0,0.0016454295,32
turning,cnn_ae,ver_topk,4p5inchStickout_F_13-Jun-2017_rpm770_doc0p020_window_0005,4p5inchStickout/F_13-Jun-2017_rpm770_doc0p020,train,42,4,cv_evaluation,no_chatter,0,0.0038282871,32
