dataset,method,score,sample_id,source_run,source_split,cv_seed,cv_fold,split,label,target,score_value,bottleneck_dim
turning,cnn_ae,global_mse,2inchStickout_F_08-Jun-2017_rpm320_doc0p020_window_0000,2inchStickout/F_08-Jun-2017_rpm320_doc0p020,validation,42,0,cv_evaluation,no_chatter,0,0.0030055426,64
turning,cnn_ae,global_mse,2inchStickout_F_08-Jun-2017_rpm320_doc0p020_window_0001,2inchStickout/F_08-Jun-2017_rpm320_doc0p020,train,42,0,cv_evaluation,no_chatter,0,0.0029978645,64
turning,cnn_ae,global_mse,2inchStickout_F_08-Jun-2017_rpm320_doc0p020_window_0002,2inchStickout/F_08-Jun-2017_rpm320_doc0p020,train,42,0,cv_evaluation,no_chatter,0,0.0029835002,64
turning,cnn_ae,global_mse,2inchStickout_F_08-Jun-2017_rpm320_doc0p020_window_0003,2inchStickout/F_08-Jun-2017_rpm320_doc0p020,validation,42,0,cv_evaluation,no_chatter,0,0.0029678063,64
turning,cnn_ae,global_mse,2inchStickout_F_08-Jun-2017_rpm320_doc0p020_window_0004,2inchStickout/F_08-Jun-2017_rpm320_doc0p020,validation,42,0,cv_evaluation,no_chatter,0,0.002295527,64
turning,cnn_ae,global_mse,2inchStickout_F_08-Jun-2017_rpm320_doc0p020_window_0005,2inchStickout/F_08-Jun-2017_rpm320_doc0p020,train,42,0,cv_evaluation,no_chatter,0,0.0020327517,64
turning,cnn_ae,global_mse,2inchStickout_F_08-Jun-2017_rpm320_doc0p020_window_0006,2inchStickout/F_08-Jun-2017_rpm320_doc0p020,validation,42,0,cv_evaluation,no_chatter,0,0.0018640632,64
turning,cnn_ae,global_mse,2inchStickout_F_08-Jun-2017_rpm320_doc0p020_window_0007,2inchStickout/F_08-Jun-2017_rpm320_doc0p020,train,42,0,cv_evaluation,no_chatter,0,0.0017681393,64
turning,cnn_ae,global_mse,2inchStickout_F_08-Jun-2017_rpm320_doc0p020_window_0008,2inchStickout/F_08-Jun-2017_rpm320_doc0p020,train,42,0,cv_evaluation,no_chatter,0,0.002591161,64
turning,cnn_ae,global_mse,2inchStickout_F_08-Jun-2017_rpm320_doc0p020_window_0009,2inchStickout/F_08-Jun-2017_rpm320_doc0p020,train,42,0,cv_evaluation,no_chatter,0,0.0033674208,64
turning,cnn_ae,global_mse,2inchStickout_F_08-Jun-2017_rpm320_doc0p020_window_0010,2inchStickout/F_08-Jun-2017_rpm320_doc0p020,train,42,0,cv_evaluation,no_chatter,0,0.004738162,64
turning,cnn_ae,global_mse,2inchStickout_F_08-Jun-2017_rpm320_doc0p020_window_0011,2inchStickout/F_08-Jun-2017_rpm320_doc0p020,train,42,0,cv_evaluation,no_chatter,0,0.00657585,64
turning,cnn_ae,global_mse,2inchStickout_F_08-Jun-2017_rpm320_doc0p020_window_0012,2inchStickout/F_08-Jun-2017_rpm320_doc0p020,train,42,0,cv_evaluation,no_chatter,0,0.004533151,64
turning,cnn_ae,global_mse,2inchStickout_F_08-Jun-2017_rpm320_doc0p020_window_0013,2inchStickout/F_08-Jun-2017_rpm320_doc0p020,validation,42,0,cv_evaluation,no_chatter,0,0.0019238642,64
turning,cnn_ae,global_mse,2inchStickout_F_08-Jun-2017_rpm320_doc0p020_window_0014,2inchStickout/F_08-Jun-2017_rpm320_doc0p020,validation,42,0,cv_evaluation,no_chatter,0,0.0020970812,64
turning,cnn_ae,global_mse,2inchStickout_F_08-Jun-2017_rpm320_doc0p020_window_0015,2inchStickout/F_08-Jun-2017_rpm320_doc0p020,train,42,0,cv_evaluation,no_chatter,0,0.0020321007,64
turning,cnn_ae,global_mse,2inchStickout_F_08-Jun-2017_rpm320_doc0p020_window_0016,2inchStickout/F_08-Jun-2017_rpm320_doc0p020,train,42,0,cv_evaluation,no_chatter,0,0.0019069312,64
turning,cnn_ae,global_mse,2inchStickout_F_08-Jun-2017_rpm320_doc0p020_window_0017,2inchStickout/F_08-Jun-2017_rpm320_doc0p020,train,42,0,cv_evaluation,no_chatter,0,0.0018707416,64
turning,cnn_ae,global_mse,2inchStickout_F_08-Jun-2017_rpm320_doc0p020_window_0018,2inchStickout/F_08-Jun-2017_rpm320_doc0p020,train,42,0,cv_evaluation,no_chatter,0,0.0019264396,64
turning,cnn_ae,global_mse,2inchStickout_F_08-Jun-2017_rpm320_doc0p020_window_0019,2inchStickout/F_08-Jun-2017_rpm320_doc0p020,train,42,0,cv_evaluation,no_chatter,0,0.0018965098,64
turning,cnn_ae,global_mse,2inchStickout_F_08-Jun-2017_rpm320_doc0p020_window_0020,2inchStickout/F_08-Jun-2017_rpm320_doc0p020,train,42,0,cv_evaluation,no_chatter,0,0.0019884685,64
turning,cnn_ae,global_mse,2inchStickout_F_08-Jun-2017_rpm320_doc0p020_window_0021,2inchStickout/F_08-Jun-2017_rpm320_doc0p020,train,42,0,cv_evaluation,no_chatter,0,0.002073404,64
turning,cnn_ae,global_mse,2inchStickout_F_08-Jun-2017_rpm320_doc0p020_window_0022,2inchStickout/F_08-Jun-2017_rpm320_doc0p020,validation,42,0,cv_evaluation,no_chatter,0,0.0021174266,64
turning,cnn_ae,global_mse,2inchStickout_F_08-Jun-2017_rpm320_doc0p020_window_0023,2inchStickout/F_08-Jun-2017_rpm320_doc0p020,train,42,0,cv_evaluation,no_chatter,0,0.0016853922,64
turning,cnn_ae,global_mse,2inchStickout_F_08-Jun-2017_rpm320_doc0p025_window_0000,2inchStickout/F_08-Jun-2017_rpm320_doc0p025,train,42,0,cv_evaluation,no_chatter,0,0.0030037502,64
turning,cnn_ae,global_mse,2inchStickout_F_08-Jun-2017_rpm320_doc0p025_window_0001,2inchStickout/F_08-Jun-2017_rpm320_doc0p025,train,42,0,cv_evaluation,no_chatter,0,0.0029865832,64
turning,cnn_ae,global_mse,2inchStickout_F_08-Jun-2017_rpm320_doc0p025_window_0002,2inchStickout/F_08-Jun-2017_rpm320_doc0p025,train,42,0,cv_evaluation,no_chatter,0,0.0029282402,64
turning,cnn_ae,global_mse,2inchStickout_F_08-Jun-2017_rpm320_doc0p025_window_0003,2inchStickout/F_08-Jun-2017_rpm320_doc0p025,validation,42,0,cv_evaluation,no_chatter,0,0.002050414,64
turning,cnn_ae,global_mse,2inchStickout_F_08-Jun-2017_rpm320_doc0p025_window_0004,2inchStickout/F_08-Jun-2017_rpm320_doc0p025,validation,42,0,cv_evaluation,no_chatter,0,0.0013974607,64
turning,cnn_ae,global_mse,2inchStickout_F_08-Jun-2017_rpm320_doc0p025_window_0005,2inchStickout/F_08-Jun-2017_rpm320_doc0p025,train,42,0,cv_evaluation,no_chatter,0,0.0012659994,64
turning,cnn_ae,global_mse,2inchStickout_F_08-Jun-2017_rpm320_doc0p025_window_0006,2inchStickout/F_08-Jun-2017_rpm320_doc0p025,train,42,0,cv_evaluation,no_chatter,0,0.0010947814,64
turning,cnn_ae,global_mse,2inchStickout_F_08-Jun-2017_rpm320_doc0p025_window_0007,2inchStickout/F_08-Jun-2017_rpm320_doc0p025,train,42,0,cv_evaluation,no_chatter,0,0.0011151149,64
turning,cnn_ae,global_mse,2inchStickout_F_08-Jun-2017_rpm320_doc0p025_window_0008,2inchStickout/F_08-Jun-2017_rpm320_doc0p025,validation,42,0,cv_evaluation,no_chatter,0,0.0010349102,64
turning,cnn_ae,global_mse,2inchStickout_F_08-Jun-2017_rpm320_doc0p025_window_0009,2inchStickout/F_08-Jun-2017_rpm320_doc0p025,train,42,0,cv_evaluation,no_chatter,0,0.0010763695,64
turning,cnn_ae,global_mse,2inchStickout_F_08-Jun-2017_rpm320_doc0p025_window_0010,2inchStickout/F_08-Jun-2017_rpm320_doc0p025,train,42,0,cv_evaluation,no_chatter,0,0.0010927395,64
turning,cnn_ae,global_mse,2inchStickout_F_08-Jun-2017_rpm320_doc0p025_window_0011,2inchStickout/F_08-Jun-2017_rpm320_doc0p025,train,42,0,cv_evaluation,no_chatter,0,0.0011537642,64
turning,cnn_ae,global_mse,2inchStickout_F_08-Jun-2017_rpm320_doc0p025_window_0012,2inchStickout/F_08-Jun-2017_rpm320_doc0p025,validation,42,0,cv_evaluation,no_chatter,0,0.0028601969,64
turning,cnn_ae,global_mse,2inchStickout_F_08-Jun-2017_rpm320_doc0p025_window_0013,2inchStickout/F_08-Jun-2017_rpm320_doc0p025,validation,42,0,cv_evaluation,no_chatter,0,0.0040880954,64
turning,cnn_ae,global_mse,2inchStickout_F_08-Jun-2017_rpm320_doc0p025_window_0014,2inchStickout/F_08-Jun-2017_rpm320_doc0p025,train,42,0,cv_evaluation,no_chatter,0,0.005928967,64
turning,cnn_ae,global_mse,2inchStickout_F_08-Jun-2017_rpm320_doc0p025_window_0015,2inchStickout/F_08-Jun-2017_rpm320_doc0p025,train,42,0,cv_evaluation,no_chatter,0,0.0077599245,64
turning,cnn_ae,global_mse,2inchStickout_F_08-Jun-2017_rpm320_doc0p025_window_0016,2inchStickout/F_08-Jun-2017_rpm320_doc0p025,train,42,0,cv_evaluation,no_chatter,0,0.0044516786,64
turning,cnn_ae,global_mse,2inchStickout_F_08-Jun-2017_rpm320_doc0p025_window_0017,2inchStickout/F_08-Jun-2017_rpm320_doc0p025,validation,42,0,cv_evaluation,no_chatter,0,0.0030035423,64
turning,cnn_ae,global_mse,2inchStickout_F_08-Jun-2017_rpm320_doc0p025_window_0018,2inchStickout/F_08-Jun-2017_rpm320_doc0p025,train,42,0,cv_evaluation,no_chatter,0,0.0034218058,64
turning,cnn_ae,global_mse,2inchStickout_F_08-Jun-2017_rpm320_doc0p025_window_0019,2inchStickout/F_08-Jun-2017_rpm320_doc0p025,train,42,0,cv_evaluation,no_chatter,0,0.003018913,64
turning,cnn_ae,global_mse,2inchStickout_F_08-Jun-2017_rpm320_doc0p025_window_0020,2inchStickout/F_08-Jun-2017_rpm320_doc0p025,train,42,0,cv_evaluation,no_chatter,0,0.0031093808,64
turning,cnn_ae,global_mse,2inchStickout_F_08-Jun-2017_rpm320_doc0p025_window_0021,2inchStickout/F_08-Jun-2017_rpm320_doc0p025,validation,42,0,cv_evaluation,no_chatter,0,0.0021368284,64
turning,cnn_ae,global_mse,2inchStickout_F_08-Jun-2017_rpm320_doc0p025_window_0022,2inchStickout/F_08-Jun-2017_rpm320_doc0p025,train,42,0,cv_evaluation,no_chatter,0,0.0014345858,64
turning,cnn_ae,global_mse,2inchStickout_F_08-Jun-2017_rpm320_doc0p025_window_0023,2inchStickout/F_08-Jun-2017_rpm320_doc0p025,validation,42,0,cv_evaluation,no_chatter,0,0.0020534033,64
turning,cnn_ae,global_mse,2inchStickout_F_08-Jun-2017_rpm425_doc0p010_window_0000,2inchStickout/F_08-Jun-2017_rpm425_doc0p010,validation,42,0,cv_evaluation,no_chatter,0,0.002989327,64
turning,cnn_ae,global_mse,2inchStickout_F_08-Jun-2017_rpm425_doc0p010_window_0001,2inchStickout/F_08-Jun-2017_rpm425_doc0p010,train,42,0,cv_evaluation,no_chatter,0,0.0028539181,64
turning,cnn_ae,global_mse,2inchStickout_F_08-Jun-2017_rpm425_doc0p010_window_0002,2inchStickout/F_08-Jun-2017_rpm425_doc0p010,train,42,0,cv_evaluation,no_chatter,0,0.0017319205,64
turning,cnn_ae,global_mse,2inchStickout_F_08-Jun-2017_rpm425_doc0p010_window_0003,2inchStickout/F_08-Jun-2017_rpm425_doc0p010,train,42,0,cv_evaluation,no_chatter,0,0.0017423881,64
turning,cnn_ae,global_mse,2inchStickout_F_08-Jun-2017_rpm425_doc0p010_window_0004,2inchStickout/F_08-Jun-2017_rpm425_doc0p010,train,42,0,cv_evaluation,no_chatter,0,0.0017835005,64
turning,cnn_ae,global_mse,2inchStickout_F_08-Jun-2017_rpm425_doc0p010_window_0005,2inchStickout/F_08-Jun-2017_rpm425_doc0p010,validation,42,0,cv_evaluation,no_chatter,0,0.0019730043,64
turning,cnn_ae,global_mse,2inchStickout_F_08-Jun-2017_rpm425_doc0p010_window_0006,2inchStickout/F_08-Jun-2017_rpm425_doc0p010,train,42,0,cv_evaluation,no_chatter,0,0.0024406381,64
turning,cnn_ae,global_mse,2inchStickout_F_08-Jun-2017_rpm425_doc0p010_window_0007,2inchStickout/F_08-Jun-2017_rpm425_doc0p010,train,42,0,cv_evaluation,no_chatter,0,0.0028240597,64
turning,cnn_ae,global_mse,2inchStickout_F_08-Jun-2017_rpm425_doc0p020_window_0000,2inchStickout/F_08-Jun-2017_rpm425_doc0p020,train,42,0,cv_evaluation,no_chatter,0,0.0030365563,64
turning,cnn_ae,global_mse,2inchStickout_F_08-Jun-2017_rpm425_doc0p020_window_0001,2inchStickout/F_08-Jun-2017_rpm425_doc0p020,train,42,0,cv_evaluation,no_chatter,0,0.0028650442,64
turning,cnn_ae,global_mse,2inchStickout_F_08-Jun-2017_rpm425_doc0p020_window_0002,2inchStickout/F_08-Jun-2017_rpm425_doc0p020,test,42,0,cv_evaluation,no_chatter,0,0.0017086619,64
turning,cnn_ae,global_mse,2inchStickout_F_08-Jun-2017_rpm425_doc0p020_window_0003,2inchStickout/F_08-Jun-2017_rpm425_doc0p020,train,42,0,cv_evaluation,no_chatter,0,0.0019958005,64
turning,cnn_ae,global_mse,2inchStickout_F_08-Jun-2017_rpm425_doc0p020_window_0004,2inchStickout/F_08-Jun-2017_rpm425_doc0p020,train,42,0,cv_evaluation,no_chatter,0,0.0033111356,64
turning,cnn_ae,global_mse,2inchStickout_F_08-Jun-2017_rpm425_doc0p020_window_0005,2inchStickout/F_08-Jun-2017_rpm425_doc0p020,test,42,0,cv_evaluation,no_chatter,0,0.008998063,64
turning,cnn_ae,global_mse,2inchStickout_F_08-Jun-2017_rpm425_doc0p020_window_0006,2inchStickout/F_08-Jun-2017_rpm425_doc0p020,validation,42,0,cv_evaluation,chatter,1,0.018080838,64
turning,cnn_ae,global_mse,2inchStickout_F_08-Jun-2017_rpm425_doc0p020_window_0007,2inchStickout/F_08-Jun-2017_rpm425_doc0p020,validation,42,0,cv_evaluation,chatter,1,0.014860161,64
turning,cnn_ae,global_mse,2inchStickout_F_08-Jun-2017_rpm770_doc0p010_window_0000,2inchStickout/F_08-Jun-2017_rpm770_doc0p010,train,42,0,cv_evaluation,no_chatter,0,0.0030697384,64
turning,cnn_ae,global_mse,2inchStickout_F_08-Jun-2017_rpm770_doc0p010_window_0001,2inchStickout/F_08-Jun-2017_rpm770_doc0p010,test,42,0,cv_evaluation,chatter,1,0.024224335,64
turning,cnn_ae,global_mse,2inchStickout_F_08-Jun-2017_rpm770_doc0p010_window_0002,2inchStickout/F_08-Jun-2017_rpm770_doc0p010,test,42,0,cv_evaluation,chatter,1,0.057981815,64
turning,cnn_ae,global_mse,2inchStickout_F_08-Jun-2017_rpm770_doc0p010_window_0003,2inchStickout/F_08-Jun-2017_rpm770_doc0p010,test,42,0,cv_evaluation,chatter,1,0.061340414,64
turning,cnn_ae,global_mse,2inchStickout_F_08-Jun-2017_rpm770_doc0p010_window_0004,2inchStickout/F_08-Jun-2017_rpm770_doc0p010,test,42,0,cv_evaluation,chatter,1,0.063976005,64
turning,cnn_ae,global_mse,2inchStickout_F_08-Jun-2017_rpm770_doc0p010_window_0005,2inchStickout/F_08-Jun-2017_rpm770_doc0p010,test,42,0,cv_evaluation,chatter,1,0.06666171,64
turning,cnn_ae,global_mse,2inchStickout_F_08-Jun-2017_rpm770_doc0p010_window_0006,2inchStickout/F_08-Jun-2017_rpm770_doc0p010,test,42,0,cv_evaluation,chatter,1,0.06740894,64
turning,cnn_ae,global_mse,2inchStickout_F_08-Jun-2017_rpm770_doc0p010_window_0007,2inchStickout/F_08-Jun-2017_rpm770_doc0p010,test,42,0,cv_evaluation,chatter,1,0.06398733,64
turning,cnn_ae,global_mse,2inchStickout_F_08-Jun-2017_rpm770_doc0p010_window_0008,2inchStickout/F_08-Jun-2017_rpm770_doc0p010,test,42,0,cv_evaluation,chatter,1,0.067373104,64
turning,cnn_ae,global_mse,2inchStickout_F_08-Jun-2017_rpm770_doc0p010_window_0009,2inchStickout/F_08-Jun-2017_rpm770_doc0p010,test,42,0,cv_evaluation,chatter,1,0.07056522,64
turning,cnn_ae,global_mse,2inchStickout_F_08-Jun-2017_rpm770_doc0p010_window_0010,2inchStickout/F_08-Jun-2017_rpm770_doc0p010,test,42,0,cv_evaluation,chatter,1,0.08206497,64
turning,cnn_ae,global_mse,2inchStickout_F_08-Jun-2017_rpm770_doc0p010_window_0011,2inchStickout/F_08-Jun-2017_rpm770_doc0p010,test,42,0,cv_evaluation,chatter,1,0.0794998,64
turning,cnn_ae,global_mse,2inchStickout_F_08-Jun-2017_rpm770_doc0p010_window_0012,2inchStickout/F_08-Jun-2017_rpm770_doc0p010,test,42,0,cv_evaluation,chatter,1,0.0655418,64
turning,cnn_ae,global_mse,2inchStickout_F_08-Jun-2017_rpm770_doc0p010_window_0013,2inchStickout/F_08-Jun-2017_rpm770_doc0p010,test,42,0,cv_evaluation,chatter,1,0.046334837,64
turning,cnn_ae,global_mse,2inchStickout_F_08-Jun-2017_rpm770_doc0p010_window_0014,2inchStickout/F_08-Jun-2017_rpm770_doc0p010,train,42,0,cv_evaluation,no_chatter,0,0.0120746065,64
turning,cnn_ae,global_mse,2inchStickout_F_08-Jun-2017_rpm770_doc0p010_window_0015,2inchStickout/F_08-Jun-2017_rpm770_doc0p010,train,42,0,cv_evaluation,no_chatter,0,0.0030737899,64
turning,cnn_ae,global_mse,2inchStickout_F_08-Jun-2017_rpm770_doc0p010_window_0016,2inchStickout/F_08-Jun-2017_rpm770_doc0p010,train,42,0,cv_evaluation,no_chatter,0,0.003079545,64
turning,cnn_ae,global_mse,2inchStickout_F_08-Jun-2017_rpm770_doc0p010_window_0017,2inchStickout/F_08-Jun-2017_rpm770_doc0p010,train,42,0,cv_evaluation,no_chatter,0,0.0030754262,64
turning,cnn_ae,global_mse,2inchStickout_F_08-Jun-2017_rpm770_doc0p010_window_0018,2inchStickout/F_08-Jun-2017_rpm770_doc0p010,train,42,0,cv_evaluation,no_chatter,0,0.0031602918,64
turning,cnn_ae,global_mse,2inchStickout_F_08-Jun-2017_rpm770_doc0p010_window_0019,2inchStickout/F_08-Jun-2017_rpm770_doc0p010,train,42,0,cv_evaluation,no_chatter,0,0.0032012872,64
turning,cnn_ae,global_mse,2inchStickout_F_08-Jun-2017_rpm770_doc0p010_window_0020,2inchStickout/F_08-Jun-2017_rpm770_doc0p010,train,42,0,cv_evaluation,no_chatter,0,0.0032095772,64
turning,cnn_ae,global_mse,2inchStickout_F_08-Jun-2017_rpm770_doc0p010_window_0021,2inchStickout/F_08-Jun-2017_rpm770_doc0p010,train,42,0,cv_evaluation,no_chatter,0,0.0031849213,64
turning,cnn_ae,global_mse,2inchStickout_F_08-Jun-2017_rpm770_doc0p010_window_0022,2inchStickout/F_08-Jun-2017_rpm770_doc0p010,train,42,0,cv_evaluation,no_chatter,0,0.003154504,64
turning,cnn_ae,global_mse,2inchStickout_F_08-Jun-2017_rpm770_doc0p010_window_0023,2inchStickout/F_08-Jun-2017_rpm770_doc0p010,train,42,0,cv_evaluation,no_chatter,0,0.0031531304,64
turning,cnn_ae,global_mse,2inchStickout_F_08-Jun-2017_smoothingCut2_noChatter_window_0000,2inchStickout/F_08-Jun-2017_smoothingCut2_noChatter,train,42,0,cv_evaluation,no_chatter,0,0.0029620216,64
turning,cnn_ae,global_mse,2inchStickout_F_08-Jun-2017_smoothingCut2_noChatter_window_0001,2inchStickout/F_08-Jun-2017_smoothingCut2_noChatter,test,42,0,cv_evaluation,no_chatter,0,0.0027033403,64
turning,cnn_ae,global_mse,2inchStickout_F_08-Jun-2017_smoothingCut2_noChatter_window_0002,2inchStickout/F_08-Jun-2017_smoothingCut2_noChatter,train,42,0,cv_evaluation,no_chatter,0,0.0052141277,64
turning,cnn_ae,global_mse,2inchStickout_F_08-Jun-2017_smoothingCut2_noChatter_window_0003,2inchStickout/F_08-Jun-2017_smoothingCut2_noChatter,train,42,0,cv_evaluation,no_chatter,0,0.0031230485,64
turning,cnn_ae,global_mse,2inchStickout_F_08-Jun-2017_smoothingCut2_noChatter_window_0004,2inchStickout/F_08-Jun-2017_smoothingCut2_noChatter,train,42,0,cv_evaluation,no_chatter,0,0.0022175023,64
turning,cnn_ae,global_mse,2inchStickout_F_08-Jun-2017_smoothingCut2_noChatter_window_0005,2inchStickout/F_08-Jun-2017_smoothingCut2_noChatter,train,42,0,cv_evaluation,no_chatter,0,0.0017913083,64
turning,cnn_ae,global_mse,2inchStickout_F_08-Jun-2017_smoothingCut2_noChatter_window_0006,2inchStickout/F_08-Jun-2017_smoothingCut2_noChatter,train,42,0,cv_evaluation,no_chatter,0,0.0017612112,64
turning,cnn_ae,global_mse,2inchStickout_F_08-Jun-2017_smoothingCut2_noChatter_window_0007,2inchStickout/F_08-Jun-2017_smoothingCut2_noChatter,test,42,0,cv_evaluation,no_chatter,0,0.0017417447,64
turning,cnn_ae,global_mse,2inchStickout_F_08-Jun-2017_smoothingCut2_noChatter_window_0008,2inchStickout/F_08-Jun-2017_smoothingCut2_noChatter,train,42,0,cv_evaluation,no_chatter,0,0.001625142,64
turning,cnn_ae,global_mse,2inchStickout_F_08-Jun-2017_smoothingCut2_noChatter_window_0009,2inchStickout/F_08-Jun-2017_smoothingCut2_noChatter,train,42,0,cv_evaluation,no_chatter,0,0.0017391487,64
turning,cnn_ae,global_mse,2inchStickout_F_08-Jun-2017_smoothingCut2_noChatter_window_0010,2inchStickout/F_08-Jun-2017_smoothingCut2_noChatter,test,42,0,cv_evaluation,no_chatter,0,0.0017219533,64
turning,cnn_ae,global_mse,2inchStickout_F_08-Jun-2017_smoothingCut2_noChatter_window_0011,2inchStickout/F_08-Jun-2017_smoothingCut2_noChatter,train,42,0,cv_evaluation,no_chatter,0,0.0017931641,64
turning,cnn_ae,global_mse,2p5inchStickout_F_12-Jun-2017_rpm570_doc0p008_window_0000,2p5inchStickout/F_12-Jun-2017_rpm570_doc0p008,train,42,0,cv_evaluation,no_chatter,0,0.002559251,64
turning,cnn_ae,global_mse,2p5inchStickout_F_12-Jun-2017_rpm570_doc0p008_window_0001,2p5inchStickout/F_12-Jun-2017_rpm570_doc0p008,train,42,0,cv_evaluation,no_chatter,0,0.003712963,64
turning,cnn_ae,global_mse,2p5inchStickout_F_12-Jun-2017_rpm570_doc0p008_window_0002,2p5inchStickout/F_12-Jun-2017_rpm570_doc0p008,train,42,0,cv_evaluation,no_chatter,0,0.004464253,64
turning,cnn_ae,global_mse,2p5inchStickout_F_12-Jun-2017_rpm570_doc0p008_window_0003,2p5inchStickout/F_12-Jun-2017_rpm570_doc0p008,train,42,0,cv_evaluation,no_chatter,0,0.006483224,64
turning,cnn_ae,global_mse,2p5inchStickout_F_12-Jun-2017_rpm570_doc0p008_window_0004,2p5inchStickout/F_12-Jun-2017_rpm570_doc0p008,train,42,0,cv_evaluation,no_chatter,0,0.00449799,64
turning,cnn_ae,global_mse,2p5inchStickout_F_12-Jun-2017_rpm570_doc0p008_window_0005,2p5inchStickout/F_12-Jun-2017_rpm570_doc0p008,train,42,0,cv_evaluation,no_chatter,0,0.007837819,64
turning,cnn_ae,global_mse,2p5inchStickout_F_12-Jun-2017_rpm570_doc0p008_window_0006,2p5inchStickout/F_12-Jun-2017_rpm570_doc0p008,train,42,0,cv_evaluation,no_chatter,0,0.003726046,64
turning,cnn_ae,global_mse,2p5inchStickout_F_12-Jun-2017_rpm570_doc0p008_window_0007,2p5inchStickout/F_12-Jun-2017_rpm570_doc0p008,train,42,0,cv_evaluation,no_chatter,0,0.004654044,64
turning,cnn_ae,global_mse,2p5inchStickout_F_12-Jun-2017_rpm570_doc0p008_window_0008,2p5inchStickout/F_12-Jun-2017_rpm570_doc0p008,train,42,0,cv_evaluation,no_chatter,0,0.0046724454,64
turning,cnn_ae,global_mse,2p5inchStickout_F_12-Jun-2017_rpm570_doc0p008_window_0009,2p5inchStickout/F_12-Jun-2017_rpm570_doc0p008,validation,42,0,cv_evaluation,no_chatter,0,0.0044092955,64
turning,cnn_ae,global_mse,4p5inchStickout_F_12-Jun-2017_rpm570_doc0p035_window_0000,4p5inchStickout/F_12-Jun-2017_rpm570_doc0p035,validation,42,0,cv_evaluation,no_chatter,0,0.0050380495,64
turning,cnn_ae,global_mse,4p5inchStickout_F_12-Jun-2017_rpm570_doc0p035_window_0001,4p5inchStickout/F_12-Jun-2017_rpm570_doc0p035,validation,42,0,cv_evaluation,no_chatter,0,0.007335357,64
turning,cnn_ae,global_mse,4p5inchStickout_F_12-Jun-2017_rpm570_doc0p035_window_0002,4p5inchStickout/F_12-Jun-2017_rpm570_doc0p035,train,42,0,cv_evaluation,no_chatter,0,0.008130019,64
turning,cnn_ae,global_mse,4p5inchStickout_F_12-Jun-2017_rpm570_doc0p035_window_0003,4p5inchStickout/F_12-Jun-2017_rpm570_doc0p035,train,42,0,cv_evaluation,no_chatter,0,0.006735586,64
turning,cnn_ae,global_mse,4p5inchStickout_F_12-Jun-2017_rpm570_doc0p035_window_0004,4p5inchStickout/F_12-Jun-2017_rpm570_doc0p035,train,42,0,cv_evaluation,no_chatter,0,0.006204632,64
turning,cnn_ae,global_mse,4p5inchStickout_F_12-Jun-2017_rpm570_doc0p035_window_0005,4p5inchStickout/F_12-Jun-2017_rpm570_doc0p035,train,42,0,cv_evaluation,no_chatter,0,0.0056739696,64
turning,cnn_ae,global_mse,4p5inchStickout_F_12-Jun-2017_rpm570_doc0p035_window_0006,4p5inchStickout/F_12-Jun-2017_rpm570_doc0p035,train,42,0,cv_evaluation,no_chatter,0,0.005503213,64
turning,cnn_ae,global_mse,4p5inchStickout_F_12-Jun-2017_rpm570_doc0p035_window_0007,4p5inchStickout/F_12-Jun-2017_rpm570_doc0p035,train,42,0,cv_evaluation,no_chatter,0,0.005308222,64
turning,cnn_ae,global_mse,4p5inchStickout_F_12-Jun-2017_rpm570_doc0p035_window_0008,4p5inchStickout/F_12-Jun-2017_rpm570_doc0p035,train,42,0,cv_evaluation,no_chatter,0,0.0049557923,64
turning,cnn_ae,global_mse,4p5inchStickout_F_12-Jun-2017_rpm570_doc0p035_window_0009,4p5inchStickout/F_12-Jun-2017_rpm570_doc0p035,train,42,0,cv_evaluation,no_chatter,0,0.0052182376,64
turning,cnn_ae,global_mse,4p5inchStickout_F_12-Jun-2017_rpm570_doc0p035_window_0010,4p5inchStickout/F_12-Jun-2017_rpm570_doc0p035,validation,42,0,cv_evaluation,no_chatter,0,0.0039683883,64
turning,cnn_ae,global_mse,4p5inchStickout_F_12-Jun-2017_rpm570_doc0p035_window_0011,4p5inchStickout/F_12-Jun-2017_rpm570_doc0p035,train,42,0,cv_evaluation,no_chatter,0,0.0040145456,64
turning,cnn_ae,global_mse,4p5inchStickout_F_13-Jun-2017_rpm1030_doc0p005_window_0000,4p5inchStickout/F_13-Jun-2017_rpm1030_doc0p005,train,42,0,cv_evaluation,no_chatter,0,0.0040008733,64
turning,cnn_ae,global_mse,4p5inchStickout_F_13-Jun-2017_rpm1030_doc0p005_window_0001,4p5inchStickout/F_13-Jun-2017_rpm1030_doc0p005,test,42,0,cv_evaluation,no_chatter,0,0.008174625,64
turning,cnn_ae,global_mse,4p5inchStickout_F_13-Jun-2017_rpm1030_doc0p005_window_0002,4p5inchStickout/F_13-Jun-2017_rpm1030_doc0p005,test,42,0,cv_evaluation,no_chatter,0,0.009082609,64
turning,cnn_ae,global_mse,4p5inchStickout_F_13-Jun-2017_rpm1030_doc0p005_window_0003,4p5inchStickout/F_13-Jun-2017_rpm1030_doc0p005,train,42,0,cv_evaluation,no_chatter,0,0.010016466,64
turning,cnn_ae,global_mse,4p5inchStickout_F_13-Jun-2017_rpm1030_doc0p014_window_0000,4p5inchStickout/F_13-Jun-2017_rpm1030_doc0p014,train,42,0,cv_evaluation,no_chatter,0,0.004044831,64
turning,cnn_ae,global_mse,4p5inchStickout_F_13-Jun-2017_rpm1030_doc0p014_window_0001,4p5inchStickout/F_13-Jun-2017_rpm1030_doc0p014,train,42,0,cv_evaluation,no_chatter,0,0.009752241,64
turning,cnn_ae,global_mse,4p5inchStickout_F_13-Jun-2017_rpm1030_doc0p014_window_0002,4p5inchStickout/F_13-Jun-2017_rpm1030_doc0p014,validation,42,0,cv_evaluation,no_chatter,0,0.009874729,64
turning,cnn_ae,global_mse,4p5inchStickout_F_13-Jun-2017_rpm1030_doc0p014_window_0003,4p5inchStickout/F_13-Jun-2017_rpm1030_doc0p014,train,42,0,cv_evaluation,no_chatter,0,0.008125771,64
turning,cnn_ae,global_mse,4p5inchStickout_F_13-Jun-2017_rpm770_doc0p015_window_0000,4p5inchStickout/F_13-Jun-2017_rpm770_doc0p015,train,42,0,cv_evaluation,no_chatter,0,0.003981215,64
turning,cnn_ae,global_mse,4p5inchStickout_F_13-Jun-2017_rpm770_doc0p015_window_0001,4p5inchStickout/F_13-Jun-2017_rpm770_doc0p015,validation,42,0,cv_evaluation,no_chatter,0,0.0037760397,64
turning,cnn_ae,global_mse,4p5inchStickout_F_13-Jun-2017_rpm770_doc0p015_window_0002,4p5inchStickout/F_13-Jun-2017_rpm770_doc0p015,validation,42,0,cv_evaluation,no_chatter,0,0.0049081566,64
turning,cnn_ae,global_mse,4p5inchStickout_F_13-Jun-2017_rpm770_doc0p015_window_0003,4p5inchStickout/F_13-Jun-2017_rpm770_doc0p015,train,42,0,cv_evaluation,no_chatter,0,0.005559276,64
turning,cnn_ae,global_mse,4p5inchStickout_F_13-Jun-2017_rpm770_doc0p015_window_0004,4p5inchStickout/F_13-Jun-2017_rpm770_doc0p015,validation,42,0,cv_evaluation,no_chatter,0,0.006416395,64
turning,cnn_ae,global_mse,4p5inchStickout_F_13-Jun-2017_rpm770_doc0p015_window_0005,4p5inchStickout/F_13-Jun-2017_rpm770_doc0p015,validation,42,0,cv_evaluation,no_chatter,0,0.004699747,64
turning,cnn_ae,global_mae,2inchStickout_F_08-Jun-2017_rpm320_doc0p020_window_0000,2inchStickout/F_08-Jun-2017_rpm320_doc0p020,validation,42,0,cv_evaluation,no_chatter,0,0.038140748,64
turning,cnn_ae,global_mae,2inchStickout_F_08-Jun-2017_rpm320_doc0p020_window_0001,2inchStickout/F_08-Jun-2017_rpm320_doc0p020,train,42,0,cv_evaluation,no_chatter,0,0.038221925,64
turning,cnn_ae,global_mae,2inchStickout_F_08-Jun-2017_rpm320_doc0p020_window_0002,2inchStickout/F_08-Jun-2017_rpm320_doc0p020,train,42,0,cv_evaluation,no_chatter,0,0.038086474,64
turning,cnn_ae,global_mae,2inchStickout_F_08-Jun-2017_rpm320_doc0p020_window_0003,2inchStickout/F_08-Jun-2017_rpm320_doc0p020,validation,42,0,cv_evaluation,no_chatter,0,0.03802789,64
turning,cnn_ae,global_mae,2inchStickout_F_08-Jun-2017_rpm320_doc0p020_window_0004,2inchStickout/F_08-Jun-2017_rpm320_doc0p020,validation,42,0,cv_evaluation,no_chatter,0,0.033479556,64
turning,cnn_ae,global_mae,2inchStickout_F_08-Jun-2017_rpm320_doc0p020_window_0005,2inchStickout/F_08-Jun-2017_rpm320_doc0p020,train,42,0,cv_evaluation,no_chatter,0,0.030626915,64
turning,cnn_ae,global_mae,2inchStickout_F_08-Jun-2017_rpm320_doc0p020_window_0006,2inchStickout/F_08-Jun-2017_rpm320_doc0p020,validation,42,0,cv_evaluation,no_chatter,0,0.029881297,64
turning,cnn_ae,global_mae,2inchStickout_F_08-Jun-2017_rpm320_doc0p020_window_0007,2inchStickout/F_08-Jun-2017_rpm320_doc0p020,train,42,0,cv_evaluation,no_chatter,0,0.02909212,64
turning,cnn_ae,global_mae,2inchStickout_F_08-Jun-2017_rpm320_doc0p020_window_0008,2inchStickout/F_08-Jun-2017_rpm320_doc0p020,train,42,0,cv_evaluation,no_chatter,0,0.0320638,64
turning,cnn_ae,global_mae,2inchStickout_F_08-Jun-2017_rpm320_doc0p020_window_0009,2inchStickout/F_08-Jun-2017_rpm320_doc0p020,train,42,0,cv_evaluation,no_chatter,0,0.034741342,64
turning,cnn_ae,global_mae,2inchStickout_F_08-Jun-2017_rpm320_doc0p020_window_0010,2inchStickout/F_08-Jun-2017_rpm320_doc0p020,train,42,0,cv_evaluation,no_chatter,0,0.03769321,64
turning,cnn_ae,global_mae,2inchStickout_F_08-Jun-2017_rpm320_doc0p020_window_0011,2inchStickout/F_08-Jun-2017_rpm320_doc0p020,train,42,0,cv_evaluation,no_chatter,0,0.0423131,64
turning,cnn_ae,global_mae,2inchStickout_F_08-Jun-2017_rpm320_doc0p020_window_0012,2inchStickout/F_08-Jun-2017_rpm320_doc0p020,train,42,0,cv_evaluation,no_chatter,0,0.037732374,64
turning,cnn_ae,global_mae,2inchStickout_F_08-Jun-2017_rpm320_doc0p020_window_0013,2inchStickout/F_08-Jun-2017_rpm320_doc0p020,validation,42,0,cv_evaluation,no_chatter,0,0.030091936,64
turning,cnn_ae,global_mae,2inchStickout_F_08-Jun-2017_rpm320_doc0p020_window_0014,2inchStickout/F_08-Jun-2017_rpm320_doc0p020,validation,42,0,cv_evaluation,no_chatter,0,0.031345475,64
turning,cnn_ae,global_mae,2inchStickout_F_08-Jun-2017_rpm320_doc0p020_window_0015,2inchStickout/F_08-Jun-2017_rpm320_doc0p020,train,42,0,cv_evaluation,no_chatter,0,0.031247936,64
turning,cnn_ae,global_mae,2inchStickout_F_08-Jun-2017_rpm320_doc0p020_window_0016,2inchStickout/F_08-Jun-2017_rpm320_doc0p020,train,42,0,cv_evaluation,no_chatter,0,0.030101502,64
turning,cnn_ae,global_mae,2inchStickout_F_08-Jun-2017_rpm320_doc0p020_window_0017,2inchStickout/F_08-Jun-2017_rpm320_doc0p020,train,42,0,cv_evaluation,no_chatter,0,0.029704137,64
turning,cnn_ae,global_mae,2inchStickout_F_08-Jun-2017_rpm320_doc0p020_window_0018,2inchStickout/F_08-Jun-2017_rpm320_doc0p020,train,42,0,cv_evaluation,no_chatter,0,0.030091165,64
turning,cnn_ae,global_mae,2inchStickout_F_08-Jun-2017_rpm320_doc0p020_window_0019,2inchStickout/F_08-Jun-2017_rpm320_doc0p020,train,42,0,cv_evaluation,no_chatter,0,0.02976237,64
turning,cnn_ae,global_mae,2inchStickout_F_08-Jun-2017_rpm320_doc0p020_window_0020,2inchStickout/F_08-Jun-2017_rpm320_doc0p020,train,42,0,cv_evaluation,no_chatter,0,0.030415235,64
turning,cnn_ae,global_mae,2inchStickout_F_08-Jun-2017_rpm320_doc0p020_window_0021,2inchStickout/F_08-Jun-2017_rpm320_doc0p020,train,42,0,cv_evaluation,no_chatter,0,0.031062022,64
turning,cnn_ae,global_mae,2inchStickout_F_08-Jun-2017_rpm320_doc0p020_window_0022,2inchStickout/F_08-Jun-2017_rpm320_doc0p020,validation,42,0,cv_evaluation,no_chatter,0,0.031375226,64
turning,cnn_ae,global_mae,2inchStickout_F_08-Jun-2017_rpm320_doc0p020_window_0023,2inchStickout/F_08-Jun-2017_rpm320_doc0p020,train,42,0,cv_evaluation,no_chatter,0,0.027573189,64
turning,cnn_ae,global_mae,2inchStickout_F_08-Jun-2017_rpm320_doc0p025_window_0000,2inchStickout/F_08-Jun-2017_rpm320_doc0p025,train,42,0,cv_evaluation,no_chatter,0,0.038198095,64
turning,cnn_ae,global_mae,2inchStickout_F_08-Jun-2017_rpm320_doc0p025_window_0001,2inchStickout/F_08-Jun-2017_rpm320_doc0p025,train,42,0,cv_evaluation,no_chatter,0,0.038046718,64
turning,cnn_ae,global_mae,2inchStickout_F_08-Jun-2017_rpm320_doc0p025_window_0002,2inchStickout/F_08-Jun-2017_rpm320_doc0p025,train,42,0,cv_evaluation,no_chatter,0,0.037672535,64
turning,cnn_ae,global_mae,2inchStickout_F_08-Jun-2017_rpm320_doc0p025_window_0003,2inchStickout/F_08-Jun-2017_rpm320_doc0p025,validation,42,0,cv_evaluation,no_chatter,0,0.030679297,64
turning,cnn_ae,global_mae,2inchStickout_F_08-Jun-2017_rpm320_doc0p025_window_0004,2inchStickout/F_08-Jun-2017_rpm320_doc0p025,validation,42,0,cv_evaluation,no_chatter,0,0.02516384,64
turning,cnn_ae,global_mae,2inchStickout_F_08-Jun-2017_rpm320_doc0p025_window_0005,2inchStickout/F_08-Jun-2017_rpm320_doc0p025,train,42,0,cv_evaluation,no_chatter,0,0.024007319,64
turning,cnn_ae,global_mae,2inchStickout_F_08-Jun-2017_rpm320_doc0p025_window_0006,2inchStickout/F_08-Jun-2017_rpm320_doc0p025,train,42,0,cv_evaluation,no_chatter,0,0.022574946,64
turning,cnn_ae,global_mae,2inchStickout_F_08-Jun-2017_rpm320_doc0p025_window_0007,2inchStickout/F_08-Jun-2017_rpm320_doc0p025,train,42,0,cv_evaluation,no_chatter,0,0.022713931,64
turning,cnn_ae,global_mae,2inchStickout_F_08-Jun-2017_rpm320_doc0p025_window_0008,2inchStickout/F_08-Jun-2017_rpm320_doc0p025,validation,42,0,cv_evaluation,no_chatter,0,0.021827817,64
turning,cnn_ae,global_mae,2inchStickout_F_08-Jun-2017_rpm320_doc0p025_window_0009,2inchStickout/F_08-Jun-2017_rpm320_doc0p025,train,42,0,cv_evaluation,no_chatter,0,0.02229556,64
turning,cnn_ae,global_mae,2inchStickout_F_08-Jun-2017_rpm320_doc0p025_window_0010,2inchStickout/F_08-Jun-2017_rpm320_doc0p025,train,42,0,cv_evaluation,no_chatter,0,0.022347782,64
turning,cnn_ae,global_mae,2inchStickout_F_08-Jun-2017_rpm320_doc0p025_window_0011,2inchStickout/F_08-Jun-2017_rpm320_doc0p025,train,42,0,cv_evaluation,no_chatter,0,0.022705125,64
turning,cnn_ae,global_mae,2inchStickout_F_08-Jun-2017_rpm320_doc0p025_window_0012,2inchStickout/F_08-Jun-2017_rpm320_doc0p025,validation,42,0,cv_evaluation,no_chatter,0,0.029053103,64
turning,cnn_ae,global_mae,2inchStickout_F_08-Jun-2017_rpm320_doc0p025_window_0013,2inchStickout/F_08-Jun-2017_rpm320_doc0p025,validation,42,0,cv_evaluation,no_chatter,0,0.03246384,64
turning,cnn_ae,global_mae,2inchStickout_F_08-Jun-2017_rpm320_doc0p025_window_0014,2inchStickout/F_08-Jun-2017_rpm320_doc0p025,train,42,0,cv_evaluation,no_chatter,0,0.037546076,64
turning,cnn_ae,global_mae,2inchStickout_F_08-Jun-2017_rpm320_doc0p025_window_0015,2inchStickout/F_08-Jun-2017_rpm320_doc0p025,train,42,0,cv_evaluation,no_chatter,0,0.04113438,64
turning,cnn_ae,global_mae,2inchStickout_F_08-Jun-2017_rpm320_doc0p025_window_0016,2inchStickout/F_08-Jun-2017_rpm320_doc0p025,train,42,0,cv_evaluation,no_chatter,0,0.03374611,64
turning,cnn_ae,global_mae,2inchStickout_F_08-Jun-2017_rpm320_doc0p025_window_0017,2inchStickout/F_08-Jun-2017_rpm320_doc0p025,validation,42,0,cv_evaluation,no_chatter,0,0.02998679,64
turning,cnn_ae,global_mae,2inchStickout_F_08-Jun-2017_rpm320_doc0p025_window_0018,2inchStickout/F_08-Jun-2017_rpm320_doc0p025,train,42,0,cv_evaluation,no_chatter,0,0.031492133,64
turning,cnn_ae,global_mae,2inchStickout_F_08-Jun-2017_rpm320_doc0p025_window_0019,2inchStickout/F_08-Jun-2017_rpm320_doc0p025,train,42,0,cv_evaluation,no_chatter,0,0.030379683,64
turning,cnn_ae,global_mae,2inchStickout_F_08-Jun-2017_rpm320_doc0p025_window_0020,2inchStickout/F_08-Jun-2017_rpm320_doc0p025,train,42,0,cv_evaluation,no_chatter,0,0.03086275,64
turning,cnn_ae,global_mae,2inchStickout_F_08-Jun-2017_rpm320_doc0p025_window_0021,2inchStickout/F_08-Jun-2017_rpm320_doc0p025,validation,42,0,cv_evaluation,no_chatter,0,0.027992232,64
turning,cnn_ae,global_mae,2inchStickout_F_08-Jun-2017_rpm320_doc0p025_window_0022,2inchStickout/F_08-Jun-2017_rpm320_doc0p025,train,42,0,cv_evaluation,no_chatter,0,0.024082074,64
turning,cnn_ae,global_mae,2inchStickout_F_08-Jun-2017_rpm320_doc0p025_window_0023,2inchStickout/F_08-Jun-2017_rpm320_doc0p025,validation,42,0,cv_evaluation,no_chatter,0,0.026856504,64
turning,cnn_ae,global_mae,2inchStickout_F_08-Jun-2017_rpm425_doc0p010_window_0000,2inchStickout/F_08-Jun-2017_rpm425_doc0p010,validation,42,0,cv_evaluation,no_chatter,0,0.037971627,64
turning,cnn_ae,global_mae,2inchStickout_F_08-Jun-2017_rpm425_doc0p010_window_0001,2inchStickout/F_08-Jun-2017_rpm425_doc0p010,train,42,0,cv_evaluation,no_chatter,0,0.037190657,64
turning,cnn_ae,global_mae,2inchStickout_F_08-Jun-2017_rpm425_doc0p010_window_0002,2inchStickout/F_08-Jun-2017_rpm425_doc0p010,train,42,0,cv_evaluation,no_chatter,0,0.028155139,64
turning,cnn_ae,global_mae,2inchStickout_F_08-Jun-2017_rpm425_doc0p010_window_0003,2inchStickout/F_08-Jun-2017_rpm425_doc0p010,train,42,0,cv_evaluation,no_chatter,0,0.026069965,64
turning,cnn_ae,global_mae,2inchStickout_F_08-Jun-2017_rpm425_doc0p010_window_0004,2inchStickout/F_08-Jun-2017_rpm425_doc0p010,train,42,0,cv_evaluation,no_chatter,0,0.026077569,64
turning,cnn_ae,global_mae,2inchStickout_F_08-Jun-2017_rpm425_doc0p010_window_0005,2inchStickout/F_08-Jun-2017_rpm425_doc0p010,validation,42,0,cv_evaluation,no_chatter,0,0.026503079,64
turning,cnn_ae,global_mae,2inchStickout_F_08-Jun-2017_rpm425_doc0p010_window_0006,2inchStickout/F_08-Jun-2017_rpm425_doc0p010,train,42,0,cv_evaluation,no_chatter,0,0.028789636,64
turning,cnn_ae,global_mae,2inchStickout_F_08-Jun-2017_rpm425_doc0p010_window_0007,2inchStickout/F_08-Jun-2017_rpm425_doc0p010,train,42,0,cv_evaluation,no_chatter,0,0.031066764,64
turning,cnn_ae,global_mae,2inchStickout_F_08-Jun-2017_rpm425_doc0p020_window_0000,2inchStickout/F_08-Jun-2017_rpm425_doc0p020,train,42,0,cv_evaluation,no_chatter,0,0.038380742,64
turning,cnn_ae,global_mae,2inchStickout_F_08-Jun-2017_rpm425_doc0p020_window_0001,2inchStickout/F_08-Jun-2017_rpm425_doc0p020,train,42,0,cv_evaluation,no_chatter,0,0.03732068,64
turning,cnn_ae,global_mae,2inchStickout_F_08-Jun-2017_rpm425_doc0p020_window_0002,2inchStickout/F_08-Jun-2017_rpm425_doc0p020,test,42,0,cv_evaluation,no_chatter,0,0.02768691,64
turning,cnn_ae,global_mae,2inchStickout_F_08-Jun-2017_rpm425_doc0p020_window_0003,2inchStickout/F_08-Jun-2017_rpm425_doc0p020,train,42,0,cv_evaluation,no_chatter,0,0.026777659,64
turning,cnn_ae,global_mae,2inchStickout_F_08-Jun-2017_rpm425_doc0p020_window_0004,2inchStickout/F_08-Jun-2017_rpm425_doc0p020,train,42,0,cv_evaluation,no_chatter,0,0.03220125,64
turning,cnn_ae,global_mae,2inchStickout_F_08-Jun-2017_rpm425_doc0p020_window_0005,2inchStickout/F_08-Jun-2017_rpm425_doc0p020,test,42,0,cv_evaluation,no_chatter,0,0.049241222,64
turning,cnn_ae,global_mae,2inchStickout_F_08-Jun-2017_rpm425_doc0p020_window_0006,2inchStickout/F_08-Jun-2017_rpm425_doc0p020,validation,42,0,cv_evaluation,chatter,1,0.08042343,64
turning,cnn_ae,global_mae,2inchStickout_F_08-Jun-2017_rpm425_doc0p020_window_0007,2inchStickout/F_08-Jun-2017_rpm425_doc0p020,validation,42,0,cv_evaluation,chatter,1,0.068774305,64
turning,cnn_ae,global_mae,2inchStickout_F_08-Jun-2017_rpm770_doc0p010_window_0000,2inchStickout/F_08-Jun-2017_rpm770_doc0p010,train,42,0,cv_evaluation,no_chatter,0,0.03893431,64
turning,cnn_ae,global_mae,2inchStickout_F_08-Jun-2017_rpm770_doc0p010_window_0001,2inchStickout/F_08-Jun-2017_rpm770_doc0p010,test,42,0,cv_evaluation,chatter,1,0.08593104,64
turning,cnn_ae,global_mae,2inchStickout_F_08-Jun-2017_rpm770_doc0p010_window_0002,2inchStickout/F_08-Jun-2017_rpm770_doc0p010,test,42,0,cv_evaluation,chatter,1,0.1717073,64
turning,cnn_ae,global_mae,2inchStickout_F_08-Jun-2017_rpm770_doc0p010_window_0003,2inchStickout/F_08-Jun-2017_rpm770_doc0p010,test,42,0,cv_evaluation,chatter,1,0.17970216,64
turning,cnn_ae,global_mae,2inchStickout_F_08-Jun-2017_rpm770_doc0p010_window_0004,2inchStickout/F_08-Jun-2017_rpm770_doc0p010,test,42,0,cv_evaluation,chatter,1,0.1856938,64
turning,cnn_ae,global_mae,2inchStickout_F_08-Jun-2017_rpm770_doc0p010_window_0005,2inchStickout/F_08-Jun-2017_rpm770_doc0p010,test,42,0,cv_evaluation,chatter,1,0.19143125,64
turning,cnn_ae,global_mae,2inchStickout_F_08-Jun-2017_rpm770_doc0p010_window_0006,2inchStickout/F_08-Jun-2017_rpm770_doc0p010,test,42,0,cv_evaluation,chatter,1,0.19297874,64
turning,cnn_ae,global_mae,2inchStickout_F_08-Jun-2017_rpm770_doc0p010_window_0007,2inchStickout/F_08-Jun-2017_rpm770_doc0p010,test,42,0,cv_evaluation,chatter,1,0.18746936,64
turning,cnn_ae,global_mae,2inchStickout_F_08-Jun-2017_rpm770_doc0p010_window_0008,2inchStickout/F_08-Jun-2017_rpm770_doc0p010,test,42,0,cv_evaluation,chatter,1,0.19305645,64
turning,cnn_ae,global_mae,2inchStickout_F_08-Jun-2017_rpm770_doc0p010_window_0009,2inchStickout/F_08-Jun-2017_rpm770_doc0p010,test,42,0,cv_evaluation,chatter,1,0.1992054,64
turning,cnn_ae,global_mae,2inchStickout_F_08-Jun-2017_rpm770_doc0p010_window_0010,2inchStickout/F_08-Jun-2017_rpm770_doc0p010,test,42,0,cv_evaluation,chatter,1,0.22006609,64
turning,cnn_ae,global_mae,2inchStickout_F_08-Jun-2017_rpm770_doc0p010_window_0011,2inchStickout/F_08-Jun-2017_rpm770_doc0p010,test,42,0,cv_evaluation,chatter,1,0.21352565,64
turning,cnn_ae,global_mae,2inchStickout_F_08-Jun-2017_rpm770_doc0p010_window_0012,2inchStickout/F_08-Jun-2017_rpm770_doc0p010,test,42,0,cv_evaluation,chatter,1,0.18902457,64
turning,cnn_ae,global_mae,2inchStickout_F_08-Jun-2017_rpm770_doc0p010_window_0013,2inchStickout/F_08-Jun-2017_rpm770_doc0p010,test,42,0,cv_evaluation,chatter,1,0.14743471,64
turning,cnn_ae,global_mae,2inchStickout_F_08-Jun-2017_rpm770_doc0p010_window_0014,2inchStickout/F_08-Jun-2017_rpm770_doc0p010,train,42,0,cv_evaluation,no_chatter,0,0.059657905,64
turning,cnn_ae,global_mae,2inchStickout_F_08-Jun-2017_rpm770_doc0p010_window_0015,2inchStickout/F_08-Jun-2017_rpm770_doc0p010,train,42,0,cv_evaluation,no_chatter,0,0.038802773,64
turning,cnn_ae,global_mae,2inchStickout_F_08-Jun-2017_rpm770_doc0p010_window_0016,2inchStickout/F_08-Jun-2017_rpm770_doc0p010,train,42,0,cv_evaluation,no_chatter,0,0.03888567,64
turning,cnn_ae,global_mae,2inchStickout_F_08-Jun-2017_rpm770_doc0p010_window_0017,2inchStickout/F_08-Jun-2017_rpm770_doc0p010,train,42,0,cv_evaluation,no_chatter,0,0.03880463,64
turning,cnn_ae,global_mae,2inchStickout_F_08-Jun-2017_rpm770_doc0p010_window_0018,2inchStickout/F_08-Jun-2017_rpm770_doc0p010,train,42,0,cv_evaluation,no_chatter,0,0.039000697,64
turning,cnn_ae,global_mae,2inchStickout_F_08-Jun-2017_rpm770_doc0p010_window_0019,2inchStickout/F_08-Jun-2017_rpm770_doc0p010,train,42,0,cv_evaluation,no_chatter,0,0.039535075,64
turning,cnn_ae,global_mae,2inchStickout_F_08-Jun-2017_rpm770_doc0p010_window_0020,2inchStickout/F_08-Jun-2017_rpm770_doc0p010,train,42,0,cv_evaluation,no_chatter,0,0.039652016,64
turning,cnn_ae,global_mae,2inchStickout_F_08-Jun-2017_rpm770_doc0p010_window_0021,2inchStickout/F_08-Jun-2017_rpm770_doc0p010,train,42,0,cv_evaluation,no_chatter,0,0.039425656,64
turning,cnn_ae,global_mae,2inchStickout_F_08-Jun-2017_rpm770_doc0p010_window_0022,2inchStickout/F_08-Jun-2017_rpm770_doc0p010,train,42,0,cv_evaluation,no_chatter,0,0.039062366,64
turning,cnn_ae,global_mae,2inchStickout_F_08-Jun-2017_rpm770_doc0p010_window_0023,2inchStickout/F_08-Jun-2017_rpm770_doc0p010,train,42,0,cv_evaluation,no_chatter,0,0.03892084,64
turning,cnn_ae,global_mae,2inchStickout_F_08-Jun-2017_smoothingCut2_noChatter_window_0000,2inchStickout/F_08-Jun-2017_smoothingCut2_noChatter,train,42,0,cv_evaluation,no_chatter,0,0.0380595,64
turning,cnn_ae,global_mae,2inchStickout_F_08-Jun-2017_smoothingCut2_noChatter_window_0001,2inchStickout/F_08-Jun-2017_smoothingCut2_noChatter,test,42,0,cv_evaluation,no_chatter,0,0.035641354,64
turning,cnn_ae,global_mae,2inchStickout_F_08-Jun-2017_smoothingCut2_noChatter_window_0002,2inchStickout/F_08-Jun-2017_smoothingCut2_noChatter,train,42,0,cv_evaluation,no_chatter,0,0.03804548,64
turning,cnn_ae,global_mae,2inchStickout_F_08-Jun-2017_smoothingCut2_noChatter_window_0003,2inchStickout/F_08-Jun-2017_smoothingCut2_noChatter,train,42,0,cv_evaluation,no_chatter,0,0.0318922,64
turning,cnn_ae,global_mae,2inchStickout_F_08-Jun-2017_smoothingCut2_noChatter_window_0004,2inchStickout/F_08-Jun-2017_smoothingCut2_noChatter,train,42,0,cv_evaluation,no_chatter,0,0.028391786,64
turning,cnn_ae,global_mae,2inchStickout_F_08-Jun-2017_smoothingCut2_noChatter_window_0005,2inchStickout/F_08-Jun-2017_smoothingCut2_noChatter,train,42,0,cv_evaluation,no_chatter,0,0.026903957,64
turning,cnn_ae,global_mae,2inchStickout_F_08-Jun-2017_smoothingCut2_noChatter_window_0006,2inchStickout/F_08-Jun-2017_smoothingCut2_noChatter,train,42,0,cv_evaluation,no_chatter,0,0.026679292,64
turning,cnn_ae,global_mae,2inchStickout_F_08-Jun-2017_smoothingCut2_noChatter_window_0007,2inchStickout/F_08-Jun-2017_smoothingCut2_noChatter,test,42,0,cv_evaluation,no_chatter,0,0.026392134,64
turning,cnn_ae,global_mae,2inchStickout_F_08-Jun-2017_smoothingCut2_noChatter_window_0008,2inchStickout/F_08-Jun-2017_smoothingCut2_noChatter,train,42,0,cv_evaluation,no_chatter,0,0.025904253,64
turning,cnn_ae,global_mae,2inchStickout_F_08-Jun-2017_smoothingCut2_noChatter_window_0009,2inchStickout/F_08-Jun-2017_smoothingCut2_noChatter,train,42,0,cv_evaluation,no_chatter,0,0.026222726,64
turning,cnn_ae,global_mae,2inchStickout_F_08-Jun-2017_smoothingCut2_noChatter_window_0010,2inchStickout/F_08-Jun-2017_smoothingCut2_noChatter,test,42,0,cv_evaluation,no_chatter,0,0.025750196,64
turning,cnn_ae,global_mae,2inchStickout_F_08-Jun-2017_smoothingCut2_noChatter_window_0011,2inchStickout/F_08-Jun-2017_smoothingCut2_noChatter,train,42,0,cv_evaluation,no_chatter,0,0.025888149,64
turning,cnn_ae,global_mae,2p5inchStickout_F_12-Jun-2017_rpm570_doc0p008_window_0000,2p5inchStickout/F_12-Jun-2017_rpm570_doc0p008,train,42,0,cv_evaluation,no_chatter,0,0.035234224,64
turning,cnn_ae,global_mae,2p5inchStickout_F_12-Jun-2017_rpm570_doc0p008_window_0001,2p5inchStickout/F_12-Jun-2017_rpm570_doc0p008,train,42,0,cv_evaluation,no_chatter,0,0.03510146,64
turning,cnn_ae,global_mae,2p5inchStickout_F_12-Jun-2017_rpm570_doc0p008_window_0002,2p5inchStickout/F_12-Jun-2017_rpm570_doc0p008,train,42,0,cv_evaluation,no_chatter,0,0.03907757,64
turning,cnn_ae,global_mae,2p5inchStickout_F_12-Jun-2017_rpm570_doc0p008_window_0003,2p5inchStickout/F_12-Jun-2017_rpm570_doc0p008,train,42,0,cv_evaluation,no_chatter,0,0.046937414,64
turning,cnn_ae,global_mae,2p5inchStickout_F_12-Jun-2017_rpm570_doc0p008_window_0004,2p5inchStickout/F_12-Jun-2017_rpm570_doc0p008,train,42,0,cv_evaluation,no_chatter,0,0.039076816,64
turning,cnn_ae,global_mae,2p5inchStickout_F_12-Jun-2017_rpm570_doc0p008_window_0005,2p5inchStickout/F_12-Jun-2017_rpm570_doc0p008,train,42,0,cv_evaluation,no_chatter,0,0.052516185,64
turning,cnn_ae,global_mae,2p5inchStickout_F_12-Jun-2017_rpm570_doc0p008_window_0006,2p5inchStickout/F_12-Jun-2017_rpm570_doc0p008,train,42,0,cv_evaluation,no_chatter,0,0.035697673,64
turning,cnn_ae,global_mae,2p5inchStickout_F_12-Jun-2017_rpm570_doc0p008_window_0007,2p5inchStickout/F_12-Jun-2017_rpm570_doc0p008,train,42,0,cv_evaluation,no_chatter,0,0.039296225,64
turning,cnn_ae,global_mae,2p5inchStickout_F_12-Jun-2017_rpm570_doc0p008_window_0008,2p5inchStickout/F_12-Jun-2017_rpm570_doc0p008,train,42,0,cv_evaluation,no_chatter,0,0.039823286,64
turning,cnn_ae,global_mae,2p5inchStickout_F_12-Jun-2017_rpm570_doc0p008_window_0009,2p5inchStickout/F_12-Jun-2017_rpm570_doc0p008,validation,42,0,cv_evaluation,no_chatter,0,0.03823747,64
turning,cnn_ae,global_mae,4p5inchStickout_F_12-Jun-2017_rpm570_doc0p035_window_0000,4p5inchStickout/F_12-Jun-2017_rpm570_doc0p035,validation,42,0,cv_evaluation,no_chatter,0,0.04381162,64
turning,cnn_ae,global_mae,4p5inchStickout_F_12-Jun-2017_rpm570_doc0p035_window_0001,4p5inchStickout/F_12-Jun-2017_rpm570_doc0p035,validation,42,0,cv_evaluation,no_chatter,0,0.05635132,64
turning,cnn_ae,global_mae,4p5inchStickout_F_12-Jun-2017_rpm570_doc0p035_window_0002,4p5inchStickout/F_12-Jun-2017_rpm570_doc0p035,train,42,0,cv_evaluation,no_chatter,0,0.0596573,64
turning,cnn_ae,global_mae,4p5inchStickout_F_12-Jun-2017_rpm570_doc0p035_window_0003,4p5inchStickout/F_12-Jun-2017_rpm570_doc0p035,train,42,0,cv_evaluation,no_chatter,0,0.05255239,64
turning,cnn_ae,global_mae,4p5inchStickout_F_12-Jun-2017_rpm570_doc0p035_window_0004,4p5inchStickout/F_12-Jun-2017_rpm570_doc0p035,train,42,0,cv_evaluation,no_chatter,0,0.050273083,64
turning,cnn_ae,global_mae,4p5inchStickout_F_12-Jun-2017_rpm570_doc0p035_window_0005,4p5inchStickout/F_12-Jun-2017_rpm570_doc0p035,train,42,0,cv_evaluation,no_chatter,0,0.048004664,64
turning,cnn_ae,global_mae,4p5inchStickout_F_12-Jun-2017_rpm570_doc0p035_window_0006,4p5inchStickout/F_12-Jun-2017_rpm570_doc0p035,train,42,0,cv_evaluation,no_chatter,0,0.047067735,64
turning,cnn_ae,global_mae,4p5inchStickout_F_12-Jun-2017_rpm570_doc0p035_window_0007,4p5inchStickout/F_12-Jun-2017_rpm570_doc0p035,train,42,0,cv_evaluation,no_chatter,0,0.045920134,64
turning,cnn_ae,global_mae,4p5inchStickout_F_12-Jun-2017_rpm570_doc0p035_window_0008,4p5inchStickout/F_12-Jun-2017_rpm570_doc0p035,train,42,0,cv_evaluation,no_chatter,0,0.043074388,64
turning,cnn_ae,global_mae,4p5inchStickout_F_12-Jun-2017_rpm570_doc0p035_window_0009,4p5inchStickout/F_12-Jun-2017_rpm570_doc0p035,train,42,0,cv_evaluation,no_chatter,0,0.046674207,64
turning,cnn_ae,global_mae,4p5inchStickout_F_12-Jun-2017_rpm570_doc0p035_window_0010,4p5inchStickout/F_12-Jun-2017_rpm570_doc0p035,validation,42,0,cv_evaluation,no_chatter,0,0.042148672,64
turning,cnn_ae,global_mae,4p5inchStickout_F_12-Jun-2017_rpm570_doc0p035_window_0011,4p5inchStickout/F_12-Jun-2017_rpm570_doc0p035,train,42,0,cv_evaluation,no_chatter,0,0.042401426,64
turning,cnn_ae,global_mae,4p5inchStickout_F_13-Jun-2017_rpm1030_doc0p005_window_0000,4p5inchStickout/F_13-Jun-2017_rpm1030_doc0p005,train,42,0,cv_evaluation,no_chatter,0,0.042374186,64
turning,cnn_ae,global_mae,4p5inchStickout_F_13-Jun-2017_rpm1030_doc0p005_window_0001,4p5inchStickout/F_13-Jun-2017_rpm1030_doc0p005,test,42,0,cv_evaluation,no_chatter,0,0.056189552,64
turning,cnn_ae,global_mae,4p5inchStickout_F_13-Jun-2017_rpm1030_doc0p005_window_0002,4p5inchStickout/F_13-Jun-2017_rpm1030_doc0p005,test,42,0,cv_evaluation,no_chatter,0,0.06153013,64
turning,cnn_ae,global_mae,4p5inchStickout_F_13-Jun-2017_rpm1030_doc0p005_window_0003,4p5inchStickout/F_13-Jun-2017_rpm1030_doc0p005,train,42,0,cv_evaluation,no_chatter,0,0.07065912,64
turning,cnn_ae,global_mae,4p5inchStickout_F_13-Jun-2017_rpm1030_doc0p014_window_0000,4p5inchStickout/F_13-Jun-2017_rpm1030_doc0p014,train,42,0,cv_evaluation,no_chatter,0,0.042541448,64
turning,cnn_ae,global_mae,4p5inchStickout_F_13-Jun-2017_rpm1030_doc0p014_window_0001,4p5inchStickout/F_13-Jun-2017_rpm1030_doc0p014,train,42,0,cv_evaluation,no_chatter,0,0.05917761,64
turning,cnn_ae,global_mae,4p5inchStickout_F_13-Jun-2017_rpm1030_doc0p014_window_0002,4p5inchStickout/F_13-Jun-2017_rpm1030_doc0p014,validation,42,0,cv_evaluation,no_chatter,0,0.06553685,64
turning,cnn_ae,global_mae,4p5inchStickout_F_13-Jun-2017_rpm1030_doc0p014_window_0003,4p5inchStickout/F_13-Jun-2017_rpm1030_doc0p014,train,42,0,cv_evaluation,no_chatter,0,0.060842957,64
turning,cnn_ae,global_mae,4p5inchStickout_F_13-Jun-2017_rpm770_doc0p015_window_0000,4p5inchStickout/F_13-Jun-2017_rpm770_doc0p015,train,42,0,cv_evaluation,no_chatter,0,0.042230833,64
turning,cnn_ae,global_mae,4p5inchStickout_F_13-Jun-2017_rpm770_doc0p015_window_0001,4p5inchStickout/F_13-Jun-2017_rpm770_doc0p015,validation,42,0,cv_evaluation,no_chatter,0,0.03930255,64
turning,cnn_ae,global_mae,4p5inchStickout_F_13-Jun-2017_rpm770_doc0p015_window_0002,4p5inchStickout/F_13-Jun-2017_rpm770_doc0p015,validation,42,0,cv_evaluation,no_chatter,0,0.042816963,64
turning,cnn_ae,global_mae,4p5inchStickout_F_13-Jun-2017_rpm770_doc0p015_window_0003,4p5inchStickout/F_13-Jun-2017_rpm770_doc0p015,train,42,0,cv_evaluation,no_chatter,0,0.04627315,64
turning,cnn_ae,global_mae,4p5inchStickout_F_13-Jun-2017_rpm770_doc0p015_window_0004,4p5inchStickout/F_13-Jun-2017_rpm770_doc0p015,validation,42,0,cv_evaluation,no_chatter,0,0.05106725,64
turning,cnn_ae,global_mae,4p5inchStickout_F_13-Jun-2017_rpm770_doc0p015_window_0005,4p5inchStickout/F_13-Jun-2017_rpm770_doc0p015,validation,42,0,cv_evaluation,no_chatter,0,0.04185195,64
turning,cnn_ae,ver_max,2inchStickout_F_08-Jun-2017_rpm320_doc0p020_window_0000,2inchStickout/F_08-Jun-2017_rpm320_doc0p020,validation,42,0,cv_evaluation,no_chatter,0,0.0033824292,64
turning,cnn_ae,ver_max,2inchStickout_F_08-Jun-2017_rpm320_doc0p020_window_0001,2inchStickout/F_08-Jun-2017_rpm320_doc0p020,train,42,0,cv_evaluation,no_chatter,0,0.003400943,64
turning,cnn_ae,ver_max,2inchStickout_F_08-Jun-2017_rpm320_doc0p020_window_0002,2inchStickout/F_08-Jun-2017_rpm320_doc0p020,train,42,0,cv_evaluation,no_chatter,0,0.003379408,64
turning,cnn_ae,ver_max,2inchStickout_F_08-Jun-2017_rpm320_doc0p020_window_0003,2inchStickout/F_08-Jun-2017_rpm320_doc0p020,validation,42,0,cv_evaluation,no_chatter,0,0.003326423,64
turning,cnn_ae,ver_max,2inchStickout_F_08-Jun-2017_rpm320_doc0p020_window_0004,2inchStickout/F_08-Jun-2017_rpm320_doc0p020,validation,42,0,cv_evaluation,no_chatter,0,0.0025179295,64
turning,cnn_ae,ver_max,2inchStickout_F_08-Jun-2017_rpm320_doc0p020_window_0005,2inchStickout/F_08-Jun-2017_rpm320_doc0p020,train,42,0,cv_evaluation,no_chatter,0,0.0023653137,64
turning,cnn_ae,ver_max,2inchStickout_F_08-Jun-2017_rpm320_doc0p020_window_0006,2inchStickout/F_08-Jun-2017_rpm320_doc0p020,validation,42,0,cv_evaluation,no_chatter,0,0.0020092744,64
turning,cnn_ae,ver_max,2inchStickout_F_08-Jun-2017_rpm320_doc0p020_window_0007,2inchStickout/F_08-Jun-2017_rpm320_doc0p020,train,42,0,cv_evaluation,no_chatter,0,0.002770713,64
turning,cnn_ae,ver_max,2inchStickout_F_08-Jun-2017_rpm320_doc0p020_window_0008,2inchStickout/F_08-Jun-2017_rpm320_doc0p020,train,42,0,cv_evaluation,no_chatter,0,0.0031174032,64
turning,cnn_ae,ver_max,2inchStickout_F_08-Jun-2017_rpm320_doc0p020_window_0009,2inchStickout/F_08-Jun-2017_rpm320_doc0p020,train,42,0,cv_evaluation,no_chatter,0,0.004612498,64
turning,cnn_ae,ver_max,2inchStickout_F_08-Jun-2017_rpm320_doc0p020_window_0010,2inchStickout/F_08-Jun-2017_rpm320_doc0p020,train,42,0,cv_evaluation,no_chatter,0,0.008535083,64
turning,cnn_ae,ver_max,2inchStickout_F_08-Jun-2017_rpm320_doc0p020_window_0011,2inchStickout/F_08-Jun-2017_rpm320_doc0p020,train,42,0,cv_evaluation,no_chatter,0,0.007837508,64
turning,cnn_ae,ver_max,2inchStickout_F_08-Jun-2017_rpm320_doc0p020_window_0012,2inchStickout/F_08-Jun-2017_rpm320_doc0p020,train,42,0,cv_evaluation,no_chatter,0,0.007301907,64
turning,cnn_ae,ver_max,2inchStickout_F_08-Jun-2017_rpm320_doc0p020_window_0013,2inchStickout/F_08-Jun-2017_rpm320_doc0p020,validation,42,0,cv_evaluation,no_chatter,0,0.0021630314,64
turning,cnn_ae,ver_max,2inchStickout_F_08-Jun-2017_rpm320_doc0p020_window_0014,2inchStickout/F_08-Jun-2017_rpm320_doc0p020,validation,42,0,cv_evaluation,no_chatter,0,0.0024789374,64
turning,cnn_ae,ver_max,2inchStickout_F_08-Jun-2017_rpm320_doc0p020_window_0015,2inchStickout/F_08-Jun-2017_rpm320_doc0p020,train,42,0,cv_evaluation,no_chatter,0,0.0023373794,64
turning,cnn_ae,ver_max,2inchStickout_F_08-Jun-2017_rpm320_doc0p020_window_0016,2inchStickout/F_08-Jun-2017_rpm320_doc0p020,train,42,0,cv_evaluation,no_chatter,0,0.0022475093,64
turning,cnn_ae,ver_max,2inchStickout_F_08-Jun-2017_rpm320_doc0p020_window_0017,2inchStickout/F_08-Jun-2017_rpm320_doc0p020,train,42,0,cv_evaluation,no_chatter,0,0.0022748294,64
turning,cnn_ae,ver_max,2inchStickout_F_08-Jun-2017_rpm320_doc0p020_window_0018,2inchStickout/F_08-Jun-2017_rpm320_doc0p020,train,42,0,cv_evaluation,no_chatter,0,0.002072542,64
turning,cnn_ae,ver_max,2inchStickout_F_08-Jun-2017_rpm320_doc0p020_window_0019,2inchStickout/F_08-Jun-2017_rpm320_doc0p020,train,42,0,cv_evaluation,no_chatter,0,0.0022659365,64
turning,cnn_ae,ver_max,2inchStickout_F_08-Jun-2017_rpm320_doc0p020_window_0020,2inchStickout/F_08-Jun-2017_rpm320_doc0p020,train,42,0,cv_evaluation,no_chatter,0,0.0023589733,64
turning,cnn_ae,ver_max,2inchStickout_F_08-Jun-2017_rpm320_doc0p020_window_0021,2inchStickout/F_08-Jun-2017_rpm320_doc0p020,train,42,0,cv_evaluation,no_chatter,0,0.002511488,64
turning,cnn_ae,ver_max,2inchStickout_F_08-Jun-2017_rpm320_doc0p020_window_0022,2inchStickout/F_08-Jun-2017_rpm320_doc0p020,validation,42,0,cv_evaluation,no_chatter,0,0.0024473004,64
turning,cnn_ae,ver_max,2inchStickout_F_08-Jun-2017_rpm320_doc0p020_window_0023,2inchStickout/F_08-Jun-2017_rpm320_doc0p020,train,42,0,cv_evaluation,no_chatter,0,0.0018897253,64
turning,cnn_ae,ver_max,2inchStickout_F_08-Jun-2017_rpm320_doc0p025_window_0000,2inchStickout/F_08-Jun-2017_rpm320_doc0p025,train,42,0,cv_evaluation,no_chatter,0,0.0033987435,64
turning,cnn_ae,ver_max,2inchStickout_F_08-Jun-2017_rpm320_doc0p025_window_0001,2inchStickout/F_08-Jun-2017_rpm320_doc0p025,train,42,0,cv_evaluation,no_chatter,0,0.0033974657,64
turning,cnn_ae,ver_max,2inchStickout_F_08-Jun-2017_rpm320_doc0p025_window_0002,2inchStickout/F_08-Jun-2017_rpm320_doc0p025,train,42,0,cv_evaluation,no_chatter,0,0.003303864,64
turning,cnn_ae,ver_max,2inchStickout_F_08-Jun-2017_rpm320_doc0p025_window_0003,2inchStickout/F_08-Jun-2017_rpm320_doc0p025,validation,42,0,cv_evaluation,no_chatter,0,0.0026861269,64
turning,cnn_ae,ver_max,2inchStickout_F_08-Jun-2017_rpm320_doc0p025_window_0004,2inchStickout/F_08-Jun-2017_rpm320_doc0p025,validation,42,0,cv_evaluation,no_chatter,0,0.0015642053,64
turning,cnn_ae,ver_max,2inchStickout_F_08-Jun-2017_rpm320_doc0p025_window_0005,2inchStickout/F_08-Jun-2017_rpm320_doc0p025,train,42,0,cv_evaluation,no_chatter,0,0.0014689353,64
turning,cnn_ae,ver_max,2inchStickout_F_08-Jun-2017_rpm320_doc0p025_window_0006,2inchStickout/F_08-Jun-2017_rpm320_doc0p025,train,42,0,cv_evaluation,no_chatter,0,0.001201121,64
turning,cnn_ae,ver_max,2inchStickout_F_08-Jun-2017_rpm320_doc0p025_window_0007,2inchStickout/F_08-Jun-2017_rpm320_doc0p025,train,42,0,cv_evaluation,no_chatter,0,0.001241445,64
turning,cnn_ae,ver_max,2inchStickout_F_08-Jun-2017_rpm320_doc0p025_window_0008,2inchStickout/F_08-Jun-2017_rpm320_doc0p025,validation,42,0,cv_evaluation,no_chatter,0,0.0012342436,64
turning,cnn_ae,ver_max,2inchStickout_F_08-Jun-2017_rpm320_doc0p025_window_0009,2inchStickout/F_08-Jun-2017_rpm320_doc0p025,train,42,0,cv_evaluation,no_chatter,0,0.0012307491,64
turning,cnn_ae,ver_max,2inchStickout_F_08-Jun-2017_rpm320_doc0p025_window_0010,2inchStickout/F_08-Jun-2017_rpm320_doc0p025,train,42,0,cv_evaluation,no_chatter,0,0.001255626,64
turning,cnn_ae,ver_max,2inchStickout_F_08-Jun-2017_rpm320_doc0p025_window_0011,2inchStickout/F_08-Jun-2017_rpm320_doc0p025,train,42,0,cv_evaluation,no_chatter,0,0.001542701,64
turning,cnn_ae,ver_max,2inchStickout_F_08-Jun-2017_rpm320_doc0p025_window_0012,2inchStickout/F_08-Jun-2017_rpm320_doc0p025,validation,42,0,cv_evaluation,no_chatter,0,0.0045348653,64
turning,cnn_ae,ver_max,2inchStickout_F_08-Jun-2017_rpm320_doc0p025_window_0013,2inchStickout/F_08-Jun-2017_rpm320_doc0p025,validation,42,0,cv_evaluation,no_chatter,0,0.00781705,64
turning,cnn_ae,ver_max,2inchStickout_F_08-Jun-2017_rpm320_doc0p025_window_0014,2inchStickout/F_08-Jun-2017_rpm320_doc0p025,train,42,0,cv_evaluation,no_chatter,0,0.010011511,64
turning,cnn_ae,ver_max,2inchStickout_F_08-Jun-2017_rpm320_doc0p025_window_0015,2inchStickout/F_08-Jun-2017_rpm320_doc0p025,train,42,0,cv_evaluation,no_chatter,0,0.01160844,64
turning,cnn_ae,ver_max,2inchStickout_F_08-Jun-2017_rpm320_doc0p025_window_0016,2inchStickout/F_08-Jun-2017_rpm320_doc0p025,train,42,0,cv_evaluation,no_chatter,0,0.008940509,64
turning,cnn_ae,ver_max,2inchStickout_F_08-Jun-2017_rpm320_doc0p025_window_0017,2inchStickout/F_08-Jun-2017_rpm320_doc0p025,validation,42,0,cv_evaluation,no_chatter,0,0.0042051724,64
turning,cnn_ae,ver_max,2inchStickout_F_08-Jun-2017_rpm320_doc0p025_window_0018,2inchStickout/F_08-Jun-2017_rpm320_doc0p025,train,42,0,cv_evaluation,no_chatter,0,0.0052730935,64
turning,cnn_ae,ver_max,2inchStickout_F_08-Jun-2017_rpm320_doc0p025_window_0019,2inchStickout/F_08-Jun-2017_rpm320_doc0p025,train,42,0,cv_evaluation,no_chatter,0,0.005117995,64
turning,cnn_ae,ver_max,2inchStickout_F_08-Jun-2017_rpm320_doc0p025_window_0020,2inchStickout/F_08-Jun-2017_rpm320_doc0p025,train,42,0,cv_evaluation,no_chatter,0,0.005326632,64
turning,cnn_ae,ver_max,2inchStickout_F_08-Jun-2017_rpm320_doc0p025_window_0021,2inchStickout/F_08-Jun-2017_rpm320_doc0p025,validation,42,0,cv_evaluation,no_chatter,0,0.0028878767,64
turning,cnn_ae,ver_max,2inchStickout_F_08-Jun-2017_rpm320_doc0p025_window_0022,2inchStickout/F_08-Jun-2017_rpm320_doc0p025,train,42,0,cv_evaluation,no_chatter,0,0.0017870899,64
turning,cnn_ae,ver_max,2inchStickout_F_08-Jun-2017_rpm320_doc0p025_window_0023,2inchStickout/F_08-Jun-2017_rpm320_doc0p025,validation,42,0,cv_evaluation,no_chatter,0,0.0039822054,64
turning,cnn_ae,ver_max,2inchStickout_F_08-Jun-2017_rpm425_doc0p010_window_0000,2inchStickout/F_08-Jun-2017_rpm425_doc0p010,validation,42,0,cv_evaluation,no_chatter,0,0.0033641274,64
turning,cnn_ae,ver_max,2inchStickout_F_08-Jun-2017_rpm425_doc0p010_window_0001,2inchStickout/F_08-Jun-2017_rpm425_doc0p010,train,42,0,cv_evaluation,no_chatter,0,0.0032714484,64
turning,cnn_ae,ver_max,2inchStickout_F_08-Jun-2017_rpm425_doc0p010_window_0002,2inchStickout/F_08-Jun-2017_rpm425_doc0p010,train,42,0,cv_evaluation,no_chatter,0,0.0019013142,64
turning,cnn_ae,ver_max,2inchStickout_F_08-Jun-2017_rpm425_doc0p010_window_0003,2inchStickout/F_08-Jun-2017_rpm425_doc0p010,train,42,0,cv_evaluation,no_chatter,0,0.002031881,64
turning,cnn_ae,ver_max,2inchStickout_F_08-Jun-2017_rpm425_doc0p010_window_0004,2inchStickout/F_08-Jun-2017_rpm425_doc0p010,train,42,0,cv_evaluation,no_chatter,0,0.0020107487,64
turning,cnn_ae,ver_max,2inchStickout_F_08-Jun-2017_rpm425_doc0p010_window_0005,2inchStickout/F_08-Jun-2017_rpm425_doc0p010,validation,42,0,cv_evaluation,no_chatter,0,0.0026241506,64
turning,cnn_ae,ver_max,2inchStickout_F_08-Jun-2017_rpm425_doc0p010_window_0006,2inchStickout/F_08-Jun-2017_rpm425_doc0p010,train,42,0,cv_evaluation,no_chatter,0,0.003612103,64
turning,cnn_ae,ver_max,2inchStickout_F_08-Jun-2017_rpm425_doc0p010_window_0007,2inchStickout/F_08-Jun-2017_rpm425_doc0p010,train,42,0,cv_evaluation,no_chatter,0,0.0041304827,64
turning,cnn_ae,ver_max,2inchStickout_F_08-Jun-2017_rpm425_doc0p020_window_0000,2inchStickout/F_08-Jun-2017_rpm425_doc0p020,train,42,0,cv_evaluation,no_chatter,0,0.0033664952,64
turning,cnn_ae,ver_max,2inchStickout_F_08-Jun-2017_rpm425_doc0p020_window_0001,2inchStickout/F_08-Jun-2017_rpm425_doc0p020,train,42,0,cv_evaluation,no_chatter,0,0.0032185337,64
turning,cnn_ae,ver_max,2inchStickout_F_08-Jun-2017_rpm425_doc0p020_window_0002,2inchStickout/F_08-Jun-2017_rpm425_doc0p020,test,42,0,cv_evaluation,no_chatter,0,0.0018839213,64
turning,cnn_ae,ver_max,2inchStickout_F_08-Jun-2017_rpm425_doc0p020_window_0003,2inchStickout/F_08-Jun-2017_rpm425_doc0p020,train,42,0,cv_evaluation,no_chatter,0,0.0028813602,64
turning,cnn_ae,ver_max,2inchStickout_F_08-Jun-2017_rpm425_doc0p020_window_0004,2inchStickout/F_08-Jun-2017_rpm425_doc0p020,train,42,0,cv_evaluation,no_chatter,0,0.004146679,64
turning,cnn_ae,ver_max,2inchStickout_F_08-Jun-2017_rpm425_doc0p020_window_0005,2inchStickout/F_08-Jun-2017_rpm425_doc0p020,test,42,0,cv_evaluation,no_chatter,0,0.016607657,64
turning,cnn_ae,ver_max,2inchStickout_F_08-Jun-2017_rpm425_doc0p020_window_0006,2inchStickout/F_08-Jun-2017_rpm425_doc0p020,validation,42,0,cv_evaluation,chatter,1,0.040846672,64
turning,cnn_ae,ver_max,2inchStickout_F_08-Jun-2017_rpm425_doc0p020_window_0007,2inchStickout/F_08-Jun-2017_rpm425_doc0p020,validation,42,0,cv_evaluation,chatter,1,0.04689511,64
turning,cnn_ae,ver_max,2inchStickout_F_08-Jun-2017_rpm770_doc0p010_window_0000,2inchStickout/F_08-Jun-2017_rpm770_doc0p010,train,42,0,cv_evaluation,no_chatter,0,0.0034503788,64
turning,cnn_ae,ver_max,2inchStickout_F_08-Jun-2017_rpm770_doc0p010_window_0001,2inchStickout/F_08-Jun-2017_rpm770_doc0p010,test,42,0,cv_evaluation,chatter,1,0.065010734,64
turning,cnn_ae,ver_max,2inchStickout_F_08-Jun-2017_rpm770_doc0p010_window_0002,2inchStickout/F_08-Jun-2017_rpm770_doc0p010,test,42,0,cv_evaluation,chatter,1,0.0703065,64
turning,cnn_ae,ver_max,2inchStickout_F_08-Jun-2017_rpm770_doc0p010_window_0003,2inchStickout/F_08-Jun-2017_rpm770_doc0p010,test,42,0,cv_evaluation,chatter,1,0.065969415,64
turning,cnn_ae,ver_max,2inchStickout_F_08-Jun-2017_rpm770_doc0p010_window_0004,2inchStickout/F_08-Jun-2017_rpm770_doc0p010,test,42,0,cv_evaluation,chatter,1,0.075171635,64
turning,cnn_ae,ver_max,2inchStickout_F_08-Jun-2017_rpm770_doc0p010_window_0005,2inchStickout/F_08-Jun-2017_rpm770_doc0p010,test,42,0,cv_evaluation,chatter,1,0.074514896,64
turning,cnn_ae,ver_max,2inchStickout_F_08-Jun-2017_rpm770_doc0p010_window_0006,2inchStickout/F_08-Jun-2017_rpm770_doc0p010,test,42,0,cv_evaluation,chatter,1,0.07212107,64
turning,cnn_ae,ver_max,2inchStickout_F_08-Jun-2017_rpm770_doc0p010_window_0007,2inchStickout/F_08-Jun-2017_rpm770_doc0p010,test,42,0,cv_evaluation,chatter,1,0.071020804,64
turning,cnn_ae,ver_max,2inchStickout_F_08-Jun-2017_rpm770_doc0p010_window_0008,2inchStickout/F_08-Jun-2017_rpm770_doc0p010,test,42,0,cv_evaluation,chatter,1,0.07635431,64
turning,cnn_ae,ver_max,2inchStickout_F_08-Jun-2017_rpm770_doc0p010_window_0009,2inchStickout/F_08-Jun-2017_rpm770_doc0p010,test,42,0,cv_evaluation,chatter,1,0.07944365,64
turning,cnn_ae,ver_max,2inchStickout_F_08-Jun-2017_rpm770_doc0p010_window_0010,2inchStickout/F_08-Jun-2017_rpm770_doc0p010,test,42,0,cv_evaluation,chatter,1,0.08749475,64
turning,cnn_ae,ver_max,2inchStickout_F_08-Jun-2017_rpm770_doc0p010_window_0011,2inchStickout/F_08-Jun-2017_rpm770_doc0p010,test,42,0,cv_evaluation,chatter,1,0.09242464,64
turning,cnn_ae,ver_max,2inchStickout_F_08-Jun-2017_rpm770_doc0p010_window_0012,2inchStickout/F_08-Jun-2017_rpm770_doc0p010,test,42,0,cv_evaluation,chatter,1,0.07374176,64
turning,cnn_ae,ver_max,2inchStickout_F_08-Jun-2017_rpm770_doc0p010_window_0013,2inchStickout/F_08-Jun-2017_rpm770_doc0p010,test,42,0,cv_evaluation,chatter,1,0.06877419,64
turning,cnn_ae,ver_max,2inchStickout_F_08-Jun-2017_rpm770_doc0p010_window_0014,2inchStickout/F_08-Jun-2017_rpm770_doc0p010,train,42,0,cv_evaluation,no_chatter,0,0.0771939,64
turning,cnn_ae,ver_max,2inchStickout_F_08-Jun-2017_rpm770_doc0p010_window_0015,2inchStickout/F_08-Jun-2017_rpm770_doc0p010,train,42,0,cv_evaluation,no_chatter,0,0.0034858088,64
turning,cnn_ae,ver_max,2inchStickout_F_08-Jun-2017_rpm770_doc0p010_window_0016,2inchStickout/F_08-Jun-2017_rpm770_doc0p010,train,42,0,cv_evaluation,no_chatter,0,0.0034868766,64
turning,cnn_ae,ver_max,2inchStickout_F_08-Jun-2017_rpm770_doc0p010_window_0017,2inchStickout/F_08-Jun-2017_rpm770_doc0p010,train,42,0,cv_evaluation,no_chatter,0,0.003458983,64
turning,cnn_ae,ver_max,2inchStickout_F_08-Jun-2017_rpm770_doc0p010_window_0018,2inchStickout/F_08-Jun-2017_rpm770_doc0p010,train,42,0,cv_evaluation,no_chatter,0,0.003643835,64
turning,cnn_ae,ver_max,2inchStickout_F_08-Jun-2017_rpm770_doc0p010_window_0019,2inchStickout/F_08-Jun-2017_rpm770_doc0p010,train,42,0,cv_evaluation,no_chatter,0,0.0036492667,64
turning,cnn_ae,ver_max,2inchStickout_F_08-Jun-2017_rpm770_doc0p010_window_0020,2inchStickout/F_08-Jun-2017_rpm770_doc0p010,train,42,0,cv_evaluation,no_chatter,0,0.0036324447,64
turning,cnn_ae,ver_max,2inchStickout_F_08-Jun-2017_rpm770_doc0p010_window_0021,2inchStickout/F_08-Jun-2017_rpm770_doc0p010,train,42,0,cv_evaluation,no_chatter,0,0.0036077923,64
turning,cnn_ae,ver_max,2inchStickout_F_08-Jun-2017_rpm770_doc0p010_window_0022,2inchStickout/F_08-Jun-2017_rpm770_doc0p010,train,42,0,cv_evaluation,no_chatter,0,0.003579503,64
turning,cnn_ae,ver_max,2inchStickout_F_08-Jun-2017_rpm770_doc0p010_window_0023,2inchStickout/F_08-Jun-2017_rpm770_doc0p010,train,42,0,cv_evaluation,no_chatter,0,0.003570238,64
turning,cnn_ae,ver_max,2inchStickout_F_08-Jun-2017_smoothingCut2_noChatter_window_0000,2inchStickout/F_08-Jun-2017_smoothingCut2_noChatter,train,42,0,cv_evaluation,no_chatter,0,0.0033862004,64
turning,cnn_ae,ver_max,2inchStickout_F_08-Jun-2017_smoothingCut2_noChatter_window_0001,2inchStickout/F_08-Jun-2017_smoothingCut2_noChatter,test,42,0,cv_evaluation,no_chatter,0,0.0030892238,64
turning,cnn_ae,ver_max,2inchStickout_F_08-Jun-2017_smoothingCut2_noChatter_window_0002,2inchStickout/F_08-Jun-2017_smoothingCut2_noChatter,train,42,0,cv_evaluation,no_chatter,0,0.008232413,64
turning,cnn_ae,ver_max,2inchStickout_F_08-Jun-2017_smoothingCut2_noChatter_window_0003,2inchStickout/F_08-Jun-2017_smoothingCut2_noChatter,train,42,0,cv_evaluation,no_chatter,0,0.0039956146,64
turning,cnn_ae,ver_max,2inchStickout_F_08-Jun-2017_smoothingCut2_noChatter_window_0004,2inchStickout/F_08-Jun-2017_smoothingCut2_noChatter,train,42,0,cv_evaluation,no_chatter,0,0.0031433976,64
turning,cnn_ae,ver_max,2inchStickout_F_08-Jun-2017_smoothingCut2_noChatter_window_0005,2inchStickout/F_08-Jun-2017_smoothingCut2_noChatter,train,42,0,cv_evaluation,no_chatter,0,0.0021662347,64
turning,cnn_ae,ver_max,2inchStickout_F_08-Jun-2017_smoothingCut2_noChatter_window_0006,2inchStickout/F_08-Jun-2017_smoothingCut2_noChatter,train,42,0,cv_evaluation,no_chatter,0,0.001983417,64
turning,cnn_ae,ver_max,2inchStickout_F_08-Jun-2017_smoothingCut2_noChatter_window_0007,2inchStickout/F_08-Jun-2017_smoothingCut2_noChatter,test,42,0,cv_evaluation,no_chatter,0,0.001926076,64
turning,cnn_ae,ver_max,2inchStickout_F_08-Jun-2017_smoothingCut2_noChatter_window_0008,2inchStickout/F_08-Jun-2017_smoothingCut2_noChatter,train,42,0,cv_evaluation,no_chatter,0,0.0018168829,64
turning,cnn_ae,ver_max,2inchStickout_F_08-Jun-2017_smoothingCut2_noChatter_window_0009,2inchStickout/F_08-Jun-2017_smoothingCut2_noChatter,train,42,0,cv_evaluation,no_chatter,0,0.0019498122,64
turning,cnn_ae,ver_max,2inchStickout_F_08-Jun-2017_smoothingCut2_noChatter_window_0010,2inchStickout/F_08-Jun-2017_smoothingCut2_noChatter,test,42,0,cv_evaluation,no_chatter,0,0.002206531,64
turning,cnn_ae,ver_max,2inchStickout_F_08-Jun-2017_smoothingCut2_noChatter_window_0011,2inchStickout/F_08-Jun-2017_smoothingCut2_noChatter,train,42,0,cv_evaluation,no_chatter,0,0.0023872484,64
turning,cnn_ae,ver_max,2p5inchStickout_F_12-Jun-2017_rpm570_doc0p008_window_0000,2p5inchStickout/F_12-Jun-2017_rpm570_doc0p008,train,42,0,cv_evaluation,no_chatter,0,0.0029751188,64
turning,cnn_ae,ver_max,2p5inchStickout_F_12-Jun-2017_rpm570_doc0p008_window_0001,2p5inchStickout/F_12-Jun-2017_rpm570_doc0p008,train,42,0,cv_evaluation,no_chatter,0,0.004593266,64
turning,cnn_ae,ver_max,2p5inchStickout_F_12-Jun-2017_rpm570_doc0p008_window_0002,2p5inchStickout/F_12-Jun-2017_rpm570_doc0p008,train,42,0,cv_evaluation,no_chatter,0,0.0050123297,64
turning,cnn_ae,ver_max,2p5inchStickout_F_12-Jun-2017_rpm570_doc0p008_window_0003,2p5inchStickout/F_12-Jun-2017_rpm570_doc0p008,train,42,0,cv_evaluation,no_chatter,0,0.008852966,64
turning,cnn_ae,ver_max,2p5inchStickout_F_12-Jun-2017_rpm570_doc0p008_window_0004,2p5inchStickout/F_12-Jun-2017_rpm570_doc0p008,train,42,0,cv_evaluation,no_chatter,0,0.007835447,64
turning,cnn_ae,ver_max,2p5inchStickout_F_12-Jun-2017_rpm570_doc0p008_window_0005,2p5inchStickout/F_12-Jun-2017_rpm570_doc0p008,train,42,0,cv_evaluation,no_chatter,0,0.010042498,64
turning,cnn_ae,ver_max,2p5inchStickout_F_12-Jun-2017_rpm570_doc0p008_window_0006,2p5inchStickout/F_12-Jun-2017_rpm570_doc0p008,train,42,0,cv_evaluation,no_chatter,0,0.0053223306,64
turning,cnn_ae,ver_max,2p5inchStickout_F_12-Jun-2017_rpm570_doc0p008_window_0007,2p5inchStickout/F_12-Jun-2017_rpm570_doc0p008,train,42,0,cv_evaluation,no_chatter,0,0.005994316,64
turning,cnn_ae,ver_max,2p5inchStickout_F_12-Jun-2017_rpm570_doc0p008_window_0008,2p5inchStickout/F_12-Jun-2017_rpm570_doc0p008,train,42,0,cv_evaluation,no_chatter,0,0.006095321,64
turning,cnn_ae,ver_max,2p5inchStickout_F_12-Jun-2017_rpm570_doc0p008_window_0009,2p5inchStickout/F_12-Jun-2017_rpm570_doc0p008,validation,42,0,cv_evaluation,no_chatter,0,0.0064063235,64
turning,cnn_ae,ver_max,4p5inchStickout_F_12-Jun-2017_rpm570_doc0p035_window_0000,4p5inchStickout/F_12-Jun-2017_rpm570_doc0p035,validation,42,0,cv_evaluation,no_chatter,0,0.0064957775,64
turning,cnn_ae,ver_max,4p5inchStickout_F_12-Jun-2017_rpm570_doc0p035_window_0001,4p5inchStickout/F_12-Jun-2017_rpm570_doc0p035,validation,42,0,cv_evaluation,no_chatter,0,0.009879302,64
turning,cnn_ae,ver_max,4p5inchStickout_F_12-Jun-2017_rpm570_doc0p035_window_0002,4p5inchStickout/F_12-Jun-2017_rpm570_doc0p035,train,42,0,cv_evaluation,no_chatter,0,0.012773906,64
turning,cnn_ae,ver_max,4p5inchStickout_F_12-Jun-2017_rpm570_doc0p035_window_0003,4p5inchStickout/F_12-Jun-2017_rpm570_doc0p035,train,42,0,cv_evaluation,no_chatter,0,0.008474291,64
turning,cnn_ae,ver_max,4p5inchStickout_F_12-Jun-2017_rpm570_doc0p035_window_0004,4p5inchStickout/F_12-Jun-2017_rpm570_doc0p035,train,42,0,cv_evaluation,no_chatter,0,0.006754009,64
turning,cnn_ae,ver_max,4p5inchStickout_F_12-Jun-2017_rpm570_doc0p035_window_0005,4p5inchStickout/F_12-Jun-2017_rpm570_doc0p035,train,42,0,cv_evaluation,no_chatter,0,0.006354045,64
turning,cnn_ae,ver_max,4p5inchStickout_F_12-Jun-2017_rpm570_doc0p035_window_0006,4p5inchStickout/F_12-Jun-2017_rpm570_doc0p035,train,42,0,cv_evaluation,no_chatter,0,0.006387507,64
turning,cnn_ae,ver_max,4p5inchStickout_F_12-Jun-2017_rpm570_doc0p035_window_0007,4p5inchStickout/F_12-Jun-2017_rpm570_doc0p035,train,42,0,cv_evaluation,no_chatter,0,0.005983932,64
turning,cnn_ae,ver_max,4p5inchStickout_F_12-Jun-2017_rpm570_doc0p035_window_0008,4p5inchStickout/F_12-Jun-2017_rpm570_doc0p035,train,42,0,cv_evaluation,no_chatter,0,0.005596947,64
turning,cnn_ae,ver_max,4p5inchStickout_F_12-Jun-2017_rpm570_doc0p035_window_0009,4p5inchStickout/F_12-Jun-2017_rpm570_doc0p035,train,42,0,cv_evaluation,no_chatter,0,0.006423408,64
turning,cnn_ae,ver_max,4p5inchStickout_F_12-Jun-2017_rpm570_doc0p035_window_0010,4p5inchStickout/F_12-Jun-2017_rpm570_doc0p035,validation,42,0,cv_evaluation,no_chatter,0,0.0044798874,64
turning,cnn_ae,ver_max,4p5inchStickout_F_12-Jun-2017_rpm570_doc0p035_window_0011,4p5inchStickout/F_12-Jun-2017_rpm570_doc0p035,train,42,0,cv_evaluation,no_chatter,0,0.0044210632,64
turning,cnn_ae,ver_max,4p5inchStickout_F_13-Jun-2017_rpm1030_doc0p005_window_0000,4p5inchStickout/F_13-Jun-2017_rpm1030_doc0p005,train,42,0,cv_evaluation,no_chatter,0,0.004423095,64
turning,cnn_ae,ver_max,4p5inchStickout_F_13-Jun-2017_rpm1030_doc0p005_window_0001,4p5inchStickout/F_13-Jun-2017_rpm1030_doc0p005,test,42,0,cv_evaluation,no_chatter,0,0.011499172,64
turning,cnn_ae,ver_max,4p5inchStickout_F_13-Jun-2017_rpm1030_doc0p005_window_0002,4p5inchStickout/F_13-Jun-2017_rpm1030_doc0p005,test,42,0,cv_evaluation,no_chatter,0,0.010490358,64
turning,cnn_ae,ver_max,4p5inchStickout_F_13-Jun-2017_rpm1030_doc0p005_window_0003,4p5inchStickout/F_13-Jun-2017_rpm1030_doc0p005,train,42,0,cv_evaluation,no_chatter,0,0.012908493,64
turning,cnn_ae,ver_max,4p5inchStickout_F_13-Jun-2017_rpm1030_doc0p014_window_0000,4p5inchStickout/F_13-Jun-2017_rpm1030_doc0p014,train,42,0,cv_evaluation,no_chatter,0,0.0044543315,64
turning,cnn_ae,ver_max,4p5inchStickout_F_13-Jun-2017_rpm1030_doc0p014_window_0001,4p5inchStickout/F_13-Jun-2017_rpm1030_doc0p014,train,42,0,cv_evaluation,no_chatter,0,0.01513521,64
turning,cnn_ae,ver_max,4p5inchStickout_F_13-Jun-2017_rpm1030_doc0p014_window_0002,4p5inchStickout/F_13-Jun-2017_rpm1030_doc0p014,validation,42,0,cv_evaluation,no_chatter,0,0.015373666,64
turning,cnn_ae,ver_max,4p5inchStickout_F_13-Jun-2017_rpm1030_doc0p014_window_0003,4p5inchStickout/F_13-Jun-2017_rpm1030_doc0p014,train,42,0,cv_evaluation,no_chatter,0,0.00914246,64
turning,cnn_ae,ver_max,4p5inchStickout_F_13-Jun-2017_rpm770_doc0p015_window_0000,4p5inchStickout/F_13-Jun-2017_rpm770_doc0p015,train,42,0,cv_evaluation,no_chatter,0,0.0044335676,64
turning,cnn_ae,ver_max,4p5inchStickout_F_13-Jun-2017_rpm770_doc0p015_window_0001,4p5inchStickout/F_13-Jun-2017_rpm770_doc0p015,validation,42,0,cv_evaluation,no_chatter,0,0.00453111,64
turning,cnn_ae,ver_max,4p5inchStickout_F_13-Jun-2017_rpm770_doc0p015_window_0002,4p5inchStickout/F_13-Jun-2017_rpm770_doc0p015,validation,42,0,cv_evaluation,no_chatter,0,0.0052664746,64
turning,cnn_ae,ver_max,4p5inchStickout_F_13-Jun-2017_rpm770_doc0p015_window_0003,4p5inchStickout/F_13-Jun-2017_rpm770_doc0p015,train,42,0,cv_evaluation,no_chatter,0,0.006217309,64
turning,cnn_ae,ver_max,4p5inchStickout_F_13-Jun-2017_rpm770_doc0p015_window_0004,4p5inchStickout/F_13-Jun-2017_rpm770_doc0p015,validation,42,0,cv_evaluation,no_chatter,0,0.00816695,64
turning,cnn_ae,ver_max,4p5inchStickout_F_13-Jun-2017_rpm770_doc0p015_window_0005,4p5inchStickout/F_13-Jun-2017_rpm770_doc0p015,validation,42,0,cv_evaluation,no_chatter,0,0.0053538242,64
turning,cnn_ae,ver_topk,2inchStickout_F_08-Jun-2017_rpm320_doc0p020_window_0000,2inchStickout/F_08-Jun-2017_rpm320_doc0p020,validation,42,0,cv_evaluation,no_chatter,0,0.0033492923,64
turning,cnn_ae,ver_topk,2inchStickout_F_08-Jun-2017_rpm320_doc0p020_window_0001,2inchStickout/F_08-Jun-2017_rpm320_doc0p020,train,42,0,cv_evaluation,no_chatter,0,0.0033613665,64
turning,cnn_ae,ver_topk,2inchStickout_F_08-Jun-2017_rpm320_doc0p020_window_0002,2inchStickout/F_08-Jun-2017_rpm320_doc0p020,train,42,0,cv_evaluation,no_chatter,0,0.0033333877,64
turning,cnn_ae,ver_topk,2inchStickout_F_08-Jun-2017_rpm320_doc0p020_window_0003,2inchStickout/F_08-Jun-2017_rpm320_doc0p020,validation,42,0,cv_evaluation,no_chatter,0,0.0032791116,64
turning,cnn_ae,ver_topk,2inchStickout_F_08-Jun-2017_rpm320_doc0p020_window_0004,2inchStickout/F_08-Jun-2017_rpm320_doc0p020,validation,42,0,cv_evaluation,no_chatter,0,0.002436827,64
turning,cnn_ae,ver_topk,2inchStickout_F_08-Jun-2017_rpm320_doc0p020_window_0005,2inchStickout/F_08-Jun-2017_rpm320_doc0p020,train,42,0,cv_evaluation,no_chatter,0,0.00231654,64
turning,cnn_ae,ver_topk,2inchStickout_F_08-Jun-2017_rpm320_doc0p020_window_0006,2inchStickout/F_08-Jun-2017_rpm320_doc0p020,validation,42,0,cv_evaluation,no_chatter,0,0.00199436,64
turning,cnn_ae,ver_topk,2inchStickout_F_08-Jun-2017_rpm320_doc0p020_window_0007,2inchStickout/F_08-Jun-2017_rpm320_doc0p020,train,42,0,cv_evaluation,no_chatter,0,0.0021676847,64
turning,cnn_ae,ver_topk,2inchStickout_F_08-Jun-2017_rpm320_doc0p020_window_0008,2inchStickout/F_08-Jun-2017_rpm320_doc0p020,train,42,0,cv_evaluation,no_chatter,0,0.0031003754,64
turning,cnn_ae,ver_topk,2inchStickout_F_08-Jun-2017_rpm320_doc0p020_window_0009,2inchStickout/F_08-Jun-2017_rpm320_doc0p020,train,42,0,cv_evaluation,no_chatter,0,0.0044921576,64
turning,cnn_ae,ver_topk,2inchStickout_F_08-Jun-2017_rpm320_doc0p020_window_0010,2inchStickout/F_08-Jun-2017_rpm320_doc0p020,train,42,0,cv_evaluation,no_chatter,0,0.00791631,64
turning,cnn_ae,ver_topk,2inchStickout_F_08-Jun-2017_rpm320_doc0p020_window_0011,2inchStickout/F_08-Jun-2017_rpm320_doc0p020,train,42,0,cv_evaluation,no_chatter,0,0.0075219586,64
turning,cnn_ae,ver_topk,2inchStickout_F_08-Jun-2017_rpm320_doc0p020_window_0012,2inchStickout/F_08-Jun-2017_rpm320_doc0p020,train,42,0,cv_evaluation,no_chatter,0,0.0067936345,64
turning,cnn_ae,ver_topk,2inchStickout_F_08-Jun-2017_rpm320_doc0p020_window_0013,2inchStickout/F_08-Jun-2017_rpm320_doc0p020,validation,42,0,cv_evaluation,no_chatter,0,0.00209261,64
turning,cnn_ae,ver_topk,2inchStickout_F_08-Jun-2017_rpm320_doc0p020_window_0014,2inchStickout/F_08-Jun-2017_rpm320_doc0p020,validation,42,0,cv_evaluation,no_chatter,0,0.0023629044,64
turning,cnn_ae,ver_topk,2inchStickout_F_08-Jun-2017_rpm320_doc0p020_window_0015,2inchStickout/F_08-Jun-2017_rpm320_doc0p020,train,42,0,cv_evaluation,no_chatter,0,0.0022393793,64
turning,cnn_ae,ver_topk,2inchStickout_F_08-Jun-2017_rpm320_doc0p020_window_0016,2inchStickout/F_08-Jun-2017_rpm320_doc0p020,train,42,0,cv_evaluation,no_chatter,0,0.0021577915,64
turning,cnn_ae,ver_topk,2inchStickout_F_08-Jun-2017_rpm320_doc0p020_window_0017,2inchStickout/F_08-Jun-2017_rpm320_doc0p020,train,42,0,cv_evaluation,no_chatter,0,0.0021763116,64
turning,cnn_ae,ver_topk,2inchStickout_F_08-Jun-2017_rpm320_doc0p020_window_0018,2inchStickout/F_08-Jun-2017_rpm320_doc0p020,train,42,0,cv_evaluation,no_chatter,0,0.0020475513,64
turning,cnn_ae,ver_topk,2inchStickout_F_08-Jun-2017_rpm320_doc0p020_window_0019,2inchStickout/F_08-Jun-2017_rpm320_doc0p020,train,42,0,cv_evaluation,no_chatter,0,0.0022341118,64
turning,cnn_ae,ver_topk,2inchStickout_F_08-Jun-2017_rpm320_doc0p020_window_0020,2inchStickout/F_08-Jun-2017_rpm320_doc0p020,train,42,0,cv_evaluation,no_chatter,0,0.0022886822,64
turning,cnn_ae,ver_topk,2inchStickout_F_08-Jun-2017_rpm320_doc0p020_window_0021,2inchStickout/F_08-Jun-2017_rpm320_doc0p020,train,42,0,cv_evaluation,no_chatter,0,0.0023848594,64
turning,cnn_ae,ver_topk,2inchStickout_F_08-Jun-2017_rpm320_doc0p020_window_0022,2inchStickout/F_08-Jun-2017_rpm320_doc0p020,validation,42,0,cv_evaluation,no_chatter,0,0.0023953377,64
turning,cnn_ae,ver_topk,2inchStickout_F_08-Jun-2017_rpm320_doc0p020_window_0023,2inchStickout/F_08-Jun-2017_rpm320_doc0p020,train,42,0,cv_evaluation,no_chatter,0,0.0018648711,64
turning,cnn_ae,ver_topk,2inchStickout_F_08-Jun-2017_rpm320_doc0p025_window_0000,2inchStickout/F_08-Jun-2017_rpm320_doc0p025,train,42,0,cv_evaluation,no_chatter,0,0.0033677134,64
turning,cnn_ae,ver_topk,2inchStickout_F_08-Jun-2017_rpm320_doc0p025_window_0001,2inchStickout/F_08-Jun-2017_rpm320_doc0p025,train,42,0,cv_evaluation,no_chatter,0,0.003346606,64
turning,cnn_ae,ver_topk,2inchStickout_F_08-Jun-2017_rpm320_doc0p025_window_0002,2inchStickout/F_08-Jun-2017_rpm320_doc0p025,train,42,0,cv_evaluation,no_chatter,0,0.0031951137,64
turning,cnn_ae,ver_topk,2inchStickout_F_08-Jun-2017_rpm320_doc0p025_window_0003,2inchStickout/F_08-Jun-2017_rpm320_doc0p025,validation,42,0,cv_evaluation,no_chatter,0,0.002332786,64
turning,cnn_ae,ver_topk,2inchStickout_F_08-Jun-2017_rpm320_doc0p025_window_0004,2inchStickout/F_08-Jun-2017_rpm320_doc0p025,validation,42,0,cv_evaluation,no_chatter,0,0.0015412647,64
turning,cnn_ae,ver_topk,2inchStickout_F_08-Jun-2017_rpm320_doc0p025_window_0005,2inchStickout/F_08-Jun-2017_rpm320_doc0p025,train,42,0,cv_evaluation,no_chatter,0,0.0014200216,64
turning,cnn_ae,ver_topk,2inchStickout_F_08-Jun-2017_rpm320_doc0p025_window_0006,2inchStickout/F_08-Jun-2017_rpm320_doc0p025,train,42,0,cv_evaluation,no_chatter,0,0.0011859263,64
turning,cnn_ae,ver_topk,2inchStickout_F_08-Jun-2017_rpm320_doc0p025_window_0007,2inchStickout/F_08-Jun-2017_rpm320_doc0p025,train,42,0,cv_evaluation,no_chatter,0,0.0012340206,64
turning,cnn_ae,ver_topk,2inchStickout_F_08-Jun-2017_rpm320_doc0p025_window_0008,2inchStickout/F_08-Jun-2017_rpm320_doc0p025,validation,42,0,cv_evaluation,no_chatter,0,0.0012051854,64
turning,cnn_ae,ver_topk,2inchStickout_F_08-Jun-2017_rpm320_doc0p025_window_0009,2inchStickout/F_08-Jun-2017_rpm320_doc0p025,train,42,0,cv_evaluation,no_chatter,0,0.001220756,64
turning,cnn_ae,ver_topk,2inchStickout_F_08-Jun-2017_rpm320_doc0p025_window_0010,2inchStickout/F_08-Jun-2017_rpm320_doc0p025,train,42,0,cv_evaluation,no_chatter,0,0.0012239339,64
turning,cnn_ae,ver_topk,2inchStickout_F_08-Jun-2017_rpm320_doc0p025_window_0011,2inchStickout/F_08-Jun-2017_rpm320_doc0p025,train,42,0,cv_evaluation,no_chatter,0,0.0013888556,64
turning,cnn_ae,ver_topk,2inchStickout_F_08-Jun-2017_rpm320_doc0p025_window_0012,2inchStickout/F_08-Jun-2017_rpm320_doc0p025,validation,42,0,cv_evaluation,no_chatter,0,0.0041996003,64
turning,cnn_ae,ver_topk,2inchStickout_F_08-Jun-2017_rpm320_doc0p025_window_0013,2inchStickout/F_08-Jun-2017_rpm320_doc0p025,validation,42,0,cv_evaluation,no_chatter,0,0.006711811,64
turning,cnn_ae,ver_topk,2inchStickout_F_08-Jun-2017_rpm320_doc0p025_window_0014,2inchStickout/F_08-Jun-2017_rpm320_doc0p025,train,42,0,cv_evaluation,no_chatter,0,0.008656445,64
turning,cnn_ae,ver_topk,2inchStickout_F_08-Jun-2017_rpm320_doc0p025_window_0015,2inchStickout/F_08-Jun-2017_rpm320_doc0p025,train,42,0,cv_evaluation,no_chatter,0,0.011091079,64
turning,cnn_ae,ver_topk,2inchStickout_F_08-Jun-2017_rpm320_doc0p025_window_0016,2inchStickout/F_08-Jun-2017_rpm320_doc0p025,train,42,0,cv_evaluation,no_chatter,0,0.006677669,64
turning,cnn_ae,ver_topk,2inchStickout_F_08-Jun-2017_rpm320_doc0p025_window_0017,2inchStickout/F_08-Jun-2017_rpm320_doc0p025,validation,42,0,cv_evaluation,no_chatter,0,0.0039451444,64
turning,cnn_ae,ver_topk,2inchStickout_F_08-Jun-2017_rpm320_doc0p025_window_0018,2inchStickout/F_08-Jun-2017_rpm320_doc0p025,train,42,0,cv_evaluation,no_chatter,0,0.0049142293,64
turning,cnn_ae,ver_topk,2inchStickout_F_08-Jun-2017_rpm320_doc0p025_window_0019,2inchStickout/F_08-Jun-2017_rpm320_doc0p025,train,42,0,cv_evaluation,no_chatter,0,0.004292323,64
turning,cnn_ae,ver_topk,2inchStickout_F_08-Jun-2017_rpm320_doc0p025_window_0020,2inchStickout/F_08-Jun-2017_rpm320_doc0p025,train,42,0,cv_evaluation,no_chatter,0,0.00497154,64
turning,cnn_ae,ver_topk,2inchStickout_F_08-Jun-2017_rpm320_doc0p025_window_0021,2inchStickout/F_08-Jun-2017_rpm320_doc0p025,validation,42,0,cv_evaluation,no_chatter,0,0.0025566684,64
turning,cnn_ae,ver_topk,2inchStickout_F_08-Jun-2017_rpm320_doc0p025_window_0022,2inchStickout/F_08-Jun-2017_rpm320_doc0p025,train,42,0,cv_evaluation,no_chatter,0,0.0017012538,64
turning,cnn_ae,ver_topk,2inchStickout_F_08-Jun-2017_rpm320_doc0p025_window_0023,2inchStickout/F_08-Jun-2017_rpm320_doc0p025,validation,42,0,cv_evaluation,no_chatter,0,0.002699177,64
turning,cnn_ae,ver_topk,2inchStickout_F_08-Jun-2017_rpm425_doc0p010_window_0000,2inchStickout/F_08-Jun-2017_rpm425_doc0p010,validation,42,0,cv_evaluation,no_chatter,0,0.0033218667,64
turning,cnn_ae,ver_topk,2inchStickout_F_08-Jun-2017_rpm425_doc0p010_window_0001,2inchStickout/F_08-Jun-2017_rpm425_doc0p010,train,42,0,cv_evaluation,no_chatter,0,0.003149451,64
turning,cnn_ae,ver_topk,2inchStickout_F_08-Jun-2017_rpm425_doc0p010_window_0002,2inchStickout/F_08-Jun-2017_rpm425_doc0p010,train,42,0,cv_evaluation,no_chatter,0,0.001851699,64
turning,cnn_ae,ver_topk,2inchStickout_F_08-Jun-2017_rpm425_doc0p010_window_0003,2inchStickout/F_08-Jun-2017_rpm425_doc0p010,train,42,0,cv_evaluation,no_chatter,0,0.0019596973,64
turning,cnn_ae,ver_topk,2inchStickout_F_08-Jun-2017_rpm425_doc0p010_window_0004,2inchStickout/F_08-Jun-2017_rpm425_doc0p010,train,42,0,cv_evaluation,no_chatter,0,0.0019098888,64
turning,cnn_ae,ver_topk,2inchStickout_F_08-Jun-2017_rpm425_doc0p010_window_0005,2inchStickout/F_08-Jun-2017_rpm425_doc0p010,validation,42,0,cv_evaluation,no_chatter,0,0.002378275,64
turning,cnn_ae,ver_topk,2inchStickout_F_08-Jun-2017_rpm425_doc0p010_window_0006,2inchStickout/F_08-Jun-2017_rpm425_doc0p010,train,42,0,cv_evaluation,no_chatter,0,0.0034520093,64
turning,cnn_ae,ver_topk,2inchStickout_F_08-Jun-2017_rpm425_doc0p010_window_0007,2inchStickout/F_08-Jun-2017_rpm425_doc0p010,train,42,0,cv_evaluation,no_chatter,0,0.0035828818,64
turning,cnn_ae,ver_topk,2inchStickout_F_08-Jun-2017_rpm425_doc0p020_window_0000,2inchStickout/F_08-Jun-2017_rpm425_doc0p020,train,42,0,cv_evaluation,no_chatter,0,0.0033397477,64
turning,cnn_ae,ver_topk,2inchStickout_F_08-Jun-2017_rpm425_doc0p020_window_0001,2inchStickout/F_08-Jun-2017_rpm425_doc0p020,train,42,0,cv_evaluation,no_chatter,0,0.0031126514,64
turning,cnn_ae,ver_topk,2inchStickout_F_08-Jun-2017_rpm425_doc0p020_window_0002,2inchStickout/F_08-Jun-2017_rpm425_doc0p020,test,42,0,cv_evaluation,no_chatter,0,0.0018253858,64
turning,cnn_ae,ver_topk,2inchStickout_F_08-Jun-2017_rpm425_doc0p020_window_0003,2inchStickout/F_08-Jun-2017_rpm425_doc0p020,train,42,0,cv_evaluation,no_chatter,0,0.0025615068,64
turning,cnn_ae,ver_topk,2inchStickout_F_08-Jun-2017_rpm425_doc0p020_window_0004,2inchStickout/F_08-Jun-2017_rpm425_doc0p020,train,42,0,cv_evaluation,no_chatter,0,0.0038440127,64
turning,cnn_ae,ver_topk,2inchStickout_F_08-Jun-2017_rpm425_doc0p020_window_0005,2inchStickout/F_08-Jun-2017_rpm425_doc0p020,test,42,0,cv_evaluation,no_chatter,0,0.015427389,64
turning,cnn_ae,ver_topk,2inchStickout_F_08-Jun-2017_rpm425_doc0p020_window_0006,2inchStickout/F_08-Jun-2017_rpm425_doc0p020,validation,42,0,cv_evaluation,chatter,1,0.02946896,64
turning,cnn_ae,ver_topk,2inchStickout_F_08-Jun-2017_rpm425_doc0p020_window_0007,2inchStickout/F_08-Jun-2017_rpm425_doc0p020,validation,42,0,cv_evaluation,chatter,1,0.032526534,64
turning,cnn_ae,ver_topk,2inchStickout_F_08-Jun-2017_rpm770_doc0p010_window_0000,2inchStickout/F_08-Jun-2017_rpm770_doc0p010,train,42,0,cv_evaluation,no_chatter,0,0.0034113566,64
turning,cnn_ae,ver_topk,2inchStickout_F_08-Jun-2017_rpm770_doc0p010_window_0001,2inchStickout/F_08-Jun-2017_rpm770_doc0p010,test,42,0,cv_evaluation,chatter,1,0.06293153,64
turning,cnn_ae,ver_topk,2inchStickout_F_08-Jun-2017_rpm770_doc0p010_window_0002,2inchStickout/F_08-Jun-2017_rpm770_doc0p010,test,42,0,cv_evaluation,chatter,1,0.06628714,64
turning,cnn_ae,ver_topk,2inchStickout_F_08-Jun-2017_rpm770_doc0p010_window_0003,2inchStickout/F_08-Jun-2017_rpm770_doc0p010,test,42,0,cv_evaluation,chatter,1,0.06470504,64
turning,cnn_ae,ver_topk,2inchStickout_F_08-Jun-2017_rpm770_doc0p010_window_0004,2inchStickout/F_08-Jun-2017_rpm770_doc0p010,test,42,0,cv_evaluation,chatter,1,0.06874528,64
turning,cnn_ae,ver_topk,2inchStickout_F_08-Jun-2017_rpm770_doc0p010_window_0005,2inchStickout/F_08-Jun-2017_rpm770_doc0p010,test,42,0,cv_evaluation,chatter,1,0.07160778,64
turning,cnn_ae,ver_topk,2inchStickout_F_08-Jun-2017_rpm770_doc0p010_window_0006,2inchStickout/F_08-Jun-2017_rpm770_doc0p010,test,42,0,cv_evaluation,chatter,1,0.07077969,64
turning,cnn_ae,ver_topk,2inchStickout_F_08-Jun-2017_rpm770_doc0p010_window_0007,2inchStickout/F_08-Jun-2017_rpm770_doc0p010,test,42,0,cv_evaluation,chatter,1,0.06928885,64
turning,cnn_ae,ver_topk,2inchStickout_F_08-Jun-2017_rpm770_doc0p010_window_0008,2inchStickout/F_08-Jun-2017_rpm770_doc0p010,test,42,0,cv_evaluation,chatter,1,0.073351525,64
turning,cnn_ae,ver_topk,2inchStickout_F_08-Jun-2017_rpm770_doc0p010_window_0009,2inchStickout/F_08-Jun-2017_rpm770_doc0p010,test,42,0,cv_evaluation,chatter,1,0.077722125,64
turning,cnn_ae,ver_topk,2inchStickout_F_08-Jun-2017_rpm770_doc0p010_window_0010,2inchStickout/F_08-Jun-2017_rpm770_doc0p010,test,42,0,cv_evaluation,chatter,1,0.0867644,64
turning,cnn_ae,ver_topk,2inchStickout_F_08-Jun-2017_rpm770_doc0p010_window_0011,2inchStickout/F_08-Jun-2017_rpm770_doc0p010,test,42,0,cv_evaluation,chatter,1,0.08952776,64
turning,cnn_ae,ver_topk,2inchStickout_F_08-Jun-2017_rpm770_doc0p010_window_0012,2inchStickout/F_08-Jun-2017_rpm770_doc0p010,test,42,0,cv_evaluation,chatter,1,0.07288166,64
turning,cnn_ae,ver_topk,2inchStickout_F_08-Jun-2017_rpm770_doc0p010_window_0013,2inchStickout/F_08-Jun-2017_rpm770_doc0p010,test,42,0,cv_evaluation,chatter,1,0.06547914,64
turning,cnn_ae,ver_topk,2inchStickout_F_08-Jun-2017_rpm770_doc0p010_window_0014,2inchStickout/F_08-Jun-2017_rpm770_doc0p010,train,42,0,cv_evaluation,no_chatter,0,0.033083495,64
turning,cnn_ae,ver_topk,2inchStickout_F_08-Jun-2017_rpm770_doc0p010_window_0015,2inchStickout/F_08-Jun-2017_rpm770_doc0p010,train,42,0,cv_evaluation,no_chatter,0,0.0034363968,64
turning,cnn_ae,ver_topk,2inchStickout_F_08-Jun-2017_rpm770_doc0p010_window_0016,2inchStickout/F_08-Jun-2017_rpm770_doc0p010,train,42,0,cv_evaluation,no_chatter,0,0.0034305174,64
turning,cnn_ae,ver_topk,2inchStickout_F_08-Jun-2017_rpm770_doc0p010_window_0017,2inchStickout/F_08-Jun-2017_rpm770_doc0p010,train,42,0,cv_evaluation,no_chatter,0,0.00343928,64
turning,cnn_ae,ver_topk,2inchStickout_F_08-Jun-2017_rpm770_doc0p010_window_0018,2inchStickout/F_08-Jun-2017_rpm770_doc0p010,train,42,0,cv_evaluation,no_chatter,0,0.0035767455,64
turning,cnn_ae,ver_topk,2inchStickout_F_08-Jun-2017_rpm770_doc0p010_window_0019,2inchStickout/F_08-Jun-2017_rpm770_doc0p010,train,42,0,cv_evaluation,no_chatter,0,0.0035884483,64
turning,cnn_ae,ver_topk,2inchStickout_F_08-Jun-2017_rpm770_doc0p010_window_0020,2inchStickout/F_08-Jun-2017_rpm770_doc0p010,train,42,0,cv_evaluation,no_chatter,0,0.0035809844,64
turning,cnn_ae,ver_topk,2inchStickout_F_08-Jun-2017_rpm770_doc0p010_window_0021,2inchStickout/F_08-Jun-2017_rpm770_doc0p010,train,42,0,cv_evaluation,no_chatter,0,0.0035392868,64
turning,cnn_ae,ver_topk,2inchStickout_F_08-Jun-2017_rpm770_doc0p010_window_0022,2inchStickout/F_08-Jun-2017_rpm770_doc0p010,train,42,0,cv_evaluation,no_chatter,0,0.0035307556,64
turning,cnn_ae,ver_topk,2inchStickout_F_08-Jun-2017_rpm770_doc0p010_window_0023,2inchStickout/F_08-Jun-2017_rpm770_doc0p010,train,42,0,cv_evaluation,no_chatter,0,0.0035181616,64
turning,cnn_ae,ver_topk,2inchStickout_F_08-Jun-2017_smoothingCut2_noChatter_window_0000,2inchStickout/F_08-Jun-2017_smoothingCut2_noChatter,train,42,0,cv_evaluation,no_chatter,0,0.0033235643,64
turning,cnn_ae,ver_topk,2inchStickout_F_08-Jun-2017_smoothingCut2_noChatter_window_0001,2inchStickout/F_08-Jun-2017_smoothingCut2_noChatter,test,42,0,cv_evaluation,no_chatter,0,0.002882247,64
turning,cnn_ae,ver_topk,2inchStickout_F_08-Jun-2017_smoothingCut2_noChatter_window_0002,2inchStickout/F_08-Jun-2017_smoothingCut2_noChatter,train,42,0,cv_evaluation,no_chatter,0,0.0074073,64
turning,cnn_ae,ver_topk,2inchStickout_F_08-Jun-2017_smoothingCut2_noChatter_window_0003,2inchStickout/F_08-Jun-2017_smoothingCut2_noChatter,train,42,0,cv_evaluation,no_chatter,0,0.0037235867,64
turning,cnn_ae,ver_topk,2inchStickout_F_08-Jun-2017_smoothingCut2_noChatter_window_0004,2inchStickout/F_08-Jun-2017_smoothingCut2_noChatter,train,42,0,cv_evaluation,no_chatter,0,0.0027039256,64
turning,cnn_ae,ver_topk,2inchStickout_F_08-Jun-2017_smoothingCut2_noChatter_window_0005,2inchStickout/F_08-Jun-2017_smoothingCut2_noChatter,train,42,0,cv_evaluation,no_chatter,0,0.0020294257,64
turning,cnn_ae,ver_topk,2inchStickout_F_08-Jun-2017_smoothingCut2_noChatter_window_0006,2inchStickout/F_08-Jun-2017_smoothingCut2_noChatter,train,42,0,cv_evaluation,no_chatter,0,0.0018986883,64
turning,cnn_ae,ver_topk,2inchStickout_F_08-Jun-2017_smoothingCut2_noChatter_window_0007,2inchStickout/F_08-Jun-2017_smoothingCut2_noChatter,test,42,0,cv_evaluation,no_chatter,0,0.001879802,64
turning,cnn_ae,ver_topk,2inchStickout_F_08-Jun-2017_smoothingCut2_noChatter_window_0008,2inchStickout/F_08-Jun-2017_smoothingCut2_noChatter,train,42,0,cv_evaluation,no_chatter,0,0.0017915056,64
turning,cnn_ae,ver_topk,2inchStickout_F_08-Jun-2017_smoothingCut2_noChatter_window_0009,2inchStickout/F_08-Jun-2017_smoothingCut2_noChatter,train,42,0,cv_evaluation,no_chatter,0,0.0019158638,64
turning,cnn_ae,ver_topk,2inchStickout_F_08-Jun-2017_smoothingCut2_noChatter_window_0010,2inchStickout/F_08-Jun-2017_smoothingCut2_noChatter,test,42,0,cv_evaluation,no_chatter,0,0.0020165832,64
turning,cnn_ae,ver_topk,2inchStickout_F_08-Jun-2017_smoothingCut2_noChatter_window_0011,2inchStickout/F_08-Jun-2017_smoothingCut2_noChatter,train,42,0,cv_evaluation,no_chatter,0,0.0022203063,64
turning,cnn_ae,ver_topk,2p5inchStickout_F_12-Jun-2017_rpm570_doc0p008_window_0000,2p5inchStickout/F_12-Jun-2017_rpm570_doc0p008,train,42,0,cv_evaluation,no_chatter,0,0.0029156245,64
turning,cnn_ae,ver_topk,2p5inchStickout_F_12-Jun-2017_rpm570_doc0p008_window_0001,2p5inchStickout/F_12-Jun-2017_rpm570_doc0p008,train,42,0,cv_evaluation,no_chatter,0,0.0044081835,64
turning,cnn_ae,ver_topk,2p5inchStickout_F_12-Jun-2017_rpm570_doc0p008_window_0002,2p5inchStickout/F_12-Jun-2017_rpm570_doc0p008,train,42,0,cv_evaluation,no_chatter,0,0.0048476965,64
turning,cnn_ae,ver_topk,2p5inchStickout_F_12-Jun-2017_rpm570_doc0p008_window_0003,2p5inchStickout/F_12-Jun-2017_rpm570_doc0p008,train,42,0,cv_evaluation,no_chatter,0,0.008039397,64
turning,cnn_ae,ver_topk,2p5inchStickout_F_12-Jun-2017_rpm570_doc0p008_window_0004,2p5inchStickout/F_12-Jun-2017_rpm570_doc0p008,train,42,0,cv_evaluation,no_chatter,0,0.006245228,64
turning,cnn_ae,ver_topk,2p5inchStickout_F_12-Jun-2017_rpm570_doc0p008_window_0005,2p5inchStickout/F_12-Jun-2017_rpm570_doc0p008,train,42,0,cv_evaluation,no_chatter,0,0.009626259,64
turning,cnn_ae,ver_topk,2p5inchStickout_F_12-Jun-2017_rpm570_doc0p008_window_0006,2p5inchStickout/F_12-Jun-2017_rpm570_doc0p008,train,42,0,cv_evaluation,no_chatter,0,0.0045837844,64
turning,cnn_ae,ver_topk,2p5inchStickout_F_12-Jun-2017_rpm570_doc0p008_window_0007,2p5inchStickout/F_12-Jun-2017_rpm570_doc0p008,train,42,0,cv_evaluation,no_chatter,0,0.0058383197,64
turning,cnn_ae,ver_topk,2p5inchStickout_F_12-Jun-2017_rpm570_doc0p008_window_0008,2p5inchStickout/F_12-Jun-2017_rpm570_doc0p008,train,42,0,cv_evaluation,no_chatter,0,0.005831147,64
turning,cnn_ae,ver_topk,2p5inchStickout_F_12-Jun-2017_rpm570_doc0p008_window_0009,2p5inchStickout/F_12-Jun-2017_rpm570_doc0p008,validation,42,0,cv_evaluation,no_chatter,0,0.00614911,64
turning,cnn_ae,ver_topk,4p5inchStickout_F_12-Jun-2017_rpm570_doc0p035_window_0000,4p5inchStickout/F_12-Jun-2017_rpm570_doc0p035,validation,42,0,cv_evaluation,no_chatter,0,0.005711802,64
turning,cnn_ae,ver_topk,4p5inchStickout_F_12-Jun-2017_rpm570_doc0p035_window_0001,4p5inchStickout/F_12-Jun-2017_rpm570_doc0p035,validation,42,0,cv_evaluation,no_chatter,0,0.009145162,64
turning,cnn_ae,ver_topk,4p5inchStickout_F_12-Jun-2017_rpm570_doc0p035_window_0002,4p5inchStickout/F_12-Jun-2017_rpm570_doc0p035,train,42,0,cv_evaluation,no_chatter,0,0.010508827,64
turning,cnn_ae,ver_topk,4p5inchStickout_F_12-Jun-2017_rpm570_doc0p035_window_0003,4p5inchStickout/F_12-Jun-2017_rpm570_doc0p035,train,42,0,cv_evaluation,no_chatter,0,0.007909323,64
turning,cnn_ae,ver_topk,4p5inchStickout_F_12-Jun-2017_rpm570_doc0p035_window_0004,4p5inchStickout/F_12-Jun-2017_rpm570_doc0p035,train,42,0,cv_evaluation,no_chatter,0,0.0066699483,64
turning,cnn_ae,ver_topk,4p5inchStickout_F_12-Jun-2017_rpm570_doc0p035_window_0005,4p5inchStickout/F_12-Jun-2017_rpm570_doc0p035,train,42,0,cv_evaluation,no_chatter,0,0.006058859,64
turning,cnn_ae,ver_topk,4p5inchStickout_F_12-Jun-2017_rpm570_doc0p035_window_0006,4p5inchStickout/F_12-Jun-2017_rpm570_doc0p035,train,42,0,cv_evaluation,no_chatter,0,0.0062564793,64
turning,cnn_ae,ver_topk,4p5inchStickout_F_12-Jun-2017_rpm570_doc0p035_window_0007,4p5inchStickout/F_12-Jun-2017_rpm570_doc0p035,train,42,0,cv_evaluation,no_chatter,0,0.005705662,64
turning,cnn_ae,ver_topk,4p5inchStickout_F_12-Jun-2017_rpm570_doc0p035_window_0008,4p5inchStickout/F_12-Jun-2017_rpm570_doc0p035,train,42,0,cv_evaluation,no_chatter,0,0.005528958,64
turning,cnn_ae,ver_topk,4p5inchStickout_F_12-Jun-2017_rpm570_doc0p035_window_0009,4p5inchStickout/F_12-Jun-2017_rpm570_doc0p035,train,42,0,cv_evaluation,no_chatter,0,0.0059460513,64
turning,cnn_ae,ver_topk,4p5inchStickout_F_12-Jun-2017_rpm570_doc0p035_window_0010,4p5inchStickout/F_12-Jun-2017_rpm570_doc0p035,validation,42,0,cv_evaluation,no_chatter,0,0.004393829,64
turning,cnn_ae,ver_topk,4p5inchStickout_F_12-Jun-2017_rpm570_doc0p035_window_0011,4p5inchStickout/F_12-Jun-2017_rpm570_doc0p035,train,42,0,cv_evaluation,no_chatter,0,0.0043824394,64
turning,cnn_ae,ver_topk,4p5inchStickout_F_13-Jun-2017_rpm1030_doc0p005_window_0000,4p5inchStickout/F_13-Jun-2017_rpm1030_doc0p005,train,42,0,cv_evaluation,no_chatter,0,0.00438672,64
turning,cnn_ae,ver_topk,4p5inchStickout_F_13-Jun-2017_rpm1030_doc0p005_window_0001,4p5inchStickout/F_13-Jun-2017_rpm1030_doc0p005,test,42,0,cv_evaluation,no_chatter,0,0.010690833,64
turning,cnn_ae,ver_topk,4p5inchStickout_F_13-Jun-2017_rpm1030_doc0p005_window_0002,4p5inchStickout/F_13-Jun-2017_rpm1030_doc0p005,test,42,0,cv_evaluation,no_chatter,0,0.009766142,64
turning,cnn_ae,ver_topk,4p5inchStickout_F_13-Jun-2017_rpm1030_doc0p005_window_0003,4p5inchStickout/F_13-Jun-2017_rpm1030_doc0p005,train,42,0,cv_evaluation,no_chatter,0,0.012083814,64
turning,cnn_ae,ver_topk,4p5inchStickout_F_13-Jun-2017_rpm1030_doc0p014_window_0000,4p5inchStickout/F_13-Jun-2017_rpm1030_doc0p014,train,42,0,cv_evaluation,no_chatter,0,0.0044311197,64
turning,cnn_ae,ver_topk,4p5inchStickout_F_13-Jun-2017_rpm1030_doc0p014_window_0001,4p5inchStickout/F_13-Jun-2017_rpm1030_doc0p014,train,42,0,cv_evaluation,no_chatter,0,0.014010654,64
turning,cnn_ae,ver_topk,4p5inchStickout_F_13-Jun-2017_rpm1030_doc0p014_window_0002,4p5inchStickout/F_13-Jun-2017_rpm1030_doc0p014,validation,42,0,cv_evaluation,no_chatter,0,0.014581338,64
turning,cnn_ae,ver_topk,4p5inchStickout_F_13-Jun-2017_rpm1030_doc0p014_window_0003,4p5inchStickout/F_13-Jun-2017_rpm1030_doc0p014,train,42,0,cv_evaluation,no_chatter,0,0.008895264,64
turning,cnn_ae,ver_topk,4p5inchStickout_F_13-Jun-2017_rpm770_doc0p015_window_0000,4p5inchStickout/F_13-Jun-2017_rpm770_doc0p015,train,42,0,cv_evaluation,no_chatter,0,0.0043832366,64
turning,cnn_ae,ver_topk,4p5inchStickout_F_13-Jun-2017_rpm770_doc0p015_window_0001,4p5inchStickout/F_13-Jun-2017_rpm770_doc0p015,validation,42,0,cv_evaluation,no_chatter,0,0.0041298233,64
turning,cnn_ae,ver_topk,4p5inchStickout_F_13-Jun-2017_rpm770_doc0p015_window_0002,4p5inchStickout/F_13-Jun-2017_rpm770_doc0p015,validation,42,0,cv_evaluation,no_chatter,0,0.005197977,64
turning,cnn_ae,ver_topk,4p5inchStickout_F_13-Jun-2017_rpm770_doc0p015_window_0003,4p5inchStickout/F_13-Jun-2017_rpm770_doc0p015,train,42,0,cv_evaluation,no_chatter,0,0.006071975,64
turning,cnn_ae,ver_topk,4p5inchStickout_F_13-Jun-2017_rpm770_doc0p015_window_0004,4p5inchStickout/F_13-Jun-2017_rpm770_doc0p015,validation,42,0,cv_evaluation,no_chatter,0,0.0074660257,64
turning,cnn_ae,ver_topk,4p5inchStickout_F_13-Jun-2017_rpm770_doc0p015_window_0005,4p5inchStickout/F_13-Jun-2017_rpm770_doc0p015,validation,42,0,cv_evaluation,no_chatter,0,0.005210653,64
turning,cnn_ae,global_mse,2inchStickout_F_08-Jun-2017_rpm1030_doc0p001_window_0000,2inchStickout/F_08-Jun-2017_rpm1030_doc0p001,train,42,1,cv_evaluation,no_chatter,0,0.0050501856,64
turning,cnn_ae,global_mse,2inchStickout_F_08-Jun-2017_rpm1030_doc0p001_window_0001,2inchStickout/F_08-Jun-2017_rpm1030_doc0p001,validation,42,1,cv_evaluation,chatter,1,0.10173129,64
turning,cnn_ae,global_mse,2inchStickout_F_08-Jun-2017_rpm1030_doc0p001_window_0002,2inchStickout/F_08-Jun-2017_rpm1030_doc0p001,validation,42,1,cv_evaluation,chatter,1,0.11522878,64
turning,cnn_ae,global_mse,2inchStickout_F_08-Jun-2017_rpm1030_doc0p001_window_0003,2inchStickout/F_08-Jun-2017_rpm1030_doc0p001,validation,42,1,cv_evaluation,chatter,1,0.13558401,64
turning,cnn_ae,global_mse,2inchStickout_F_08-Jun-2017_rpm320_doc0p010_window_0000,2inchStickout/F_08-Jun-2017_rpm320_doc0p010,train,42,1,cv_evaluation,no_chatter,0,0.0032523721,64
turning,cnn_ae,global_mse,2inchStickout_F_08-Jun-2017_rpm320_doc0p010_window_0001,2inchStickout/F_08-Jun-2017_rpm320_doc0p010,train,42,1,cv_evaluation,no_chatter,0,0.0032155563,64
turning,cnn_ae,global_mse,2inchStickout_F_08-Jun-2017_rpm320_doc0p010_window_0002,2inchStickout/F_08-Jun-2017_rpm320_doc0p010,train,42,1,cv_evaluation,no_chatter,0,0.0032176443,64
turning,cnn_ae,global_mse,2inchStickout_F_08-Jun-2017_rpm320_doc0p010_window_0003,2inchStickout/F_08-Jun-2017_rpm320_doc0p010,train,42,1,cv_evaluation,no_chatter,0,0.0033270854,64
turning,cnn_ae,global_mse,2inchStickout_F_08-Jun-2017_rpm320_doc0p010_window_0004,2inchStickout/F_08-Jun-2017_rpm320_doc0p010,train,42,1,cv_evaluation,no_chatter,0,0.003173034,64
turning,cnn_ae,global_mse,2inchStickout_F_08-Jun-2017_rpm320_doc0p010_window_0005,2inchStickout/F_08-Jun-2017_rpm320_doc0p010,validation,42,1,cv_evaluation,no_chatter,0,0.0028515793,64
turning,cnn_ae,global_mse,2inchStickout_F_08-Jun-2017_rpm320_doc0p010_window_0006,2inchStickout/F_08-Jun-2017_rpm320_doc0p010,validation,42,1,cv_evaluation,no_chatter,0,0.003067609,64
turning,cnn_ae,global_mse,2inchStickout_F_08-Jun-2017_rpm320_doc0p010_window_0007,2inchStickout/F_08-Jun-2017_rpm320_doc0p010,train,42,1,cv_evaluation,no_chatter,0,0.0037630913,64
turning,cnn_ae,global_mse,2inchStickout_F_08-Jun-2017_rpm320_doc0p010_window_0008,2inchStickout/F_08-Jun-2017_rpm320_doc0p010,validation,42,1,cv_evaluation,no_chatter,0,0.0046809516,64
turning,cnn_ae,global_mse,2inchStickout_F_08-Jun-2017_rpm320_doc0p010_window_0009,2inchStickout/F_08-Jun-2017_rpm320_doc0p010,train,42,1,cv_evaluation,no_chatter,0,0.012441382,64
turning,cnn_ae,global_mse,2inchStickout_F_08-Jun-2017_rpm320_doc0p010_window_0010,2inchStickout/F_08-Jun-2017_rpm320_doc0p010,train,42,1,cv_evaluation,no_chatter,0,0.01845074,64
turning,cnn_ae,global_mse,2inchStickout_F_08-Jun-2017_rpm320_doc0p010_window_0011,2inchStickout/F_08-Jun-2017_rpm320_doc0p010,validation,42,1,cv_evaluation,no_chatter,0,0.014233213,64
turning,cnn_ae,global_mse,2inchStickout_F_08-Jun-2017_rpm320_doc0p010_window_0012,2inchStickout/F_08-Jun-2017_rpm320_doc0p010,train,42,1,cv_evaluation,no_chatter,0,0.008691608,64
turning,cnn_ae,global_mse,2inchStickout_F_08-Jun-2017_rpm320_doc0p010_window_0013,2inchStickout/F_08-Jun-2017_rpm320_doc0p010,validation,42,1,cv_evaluation,no_chatter,0,0.011865509,64
turning,cnn_ae,global_mse,2inchStickout_F_08-Jun-2017_rpm320_doc0p010_window_0014,2inchStickout/F_08-Jun-2017_rpm320_doc0p010,train,42,1,cv_evaluation,no_chatter,0,0.009866046,64
turning,cnn_ae,global_mse,2inchStickout_F_08-Jun-2017_rpm320_doc0p010_window_0015,2inchStickout/F_08-Jun-2017_rpm320_doc0p010,train,42,1,cv_evaluation,no_chatter,0,0.006705618,64
turning,cnn_ae,global_mse,2inchStickout_F_08-Jun-2017_rpm320_doc0p010_window_0016,2inchStickout/F_08-Jun-2017_rpm320_doc0p010,train,42,1,cv_evaluation,no_chatter,0,0.0076133166,64
turning,cnn_ae,global_mse,2inchStickout_F_08-Jun-2017_rpm320_doc0p010_window_0017,2inchStickout/F_08-Jun-2017_rpm320_doc0p010,train,42,1,cv_evaluation,no_chatter,0,0.0066592097,64
turning,cnn_ae,global_mse,2inchStickout_F_08-Jun-2017_rpm320_doc0p010_window_0018,2inchStickout/F_08-Jun-2017_rpm320_doc0p010,train,42,1,cv_evaluation,no_chatter,0,0.0064074984,64
turning,cnn_ae,global_mse,2inchStickout_F_08-Jun-2017_rpm320_doc0p010_window_0019,2inchStickout/F_08-Jun-2017_rpm320_doc0p010,train,42,1,cv_evaluation,no_chatter,0,0.0057684463,64
turning,cnn_ae,global_mse,2inchStickout_F_08-Jun-2017_rpm320_doc0p010_window_0020,2inchStickout/F_08-Jun-2017_rpm320_doc0p010,train,42,1,cv_evaluation,no_chatter,0,0.004942968,64
turning,cnn_ae,global_mse,2inchStickout_F_08-Jun-2017_rpm320_doc0p010_window_0021,2inchStickout/F_08-Jun-2017_rpm320_doc0p010,train,42,1,cv_evaluation,no_chatter,0,0.0062820762,64
turning,cnn_ae,global_mse,2inchStickout_F_08-Jun-2017_rpm320_doc0p010_window_0022,2inchStickout/F_08-Jun-2017_rpm320_doc0p010,train,42,1,cv_evaluation,no_chatter,0,0.00758179,64
turning,cnn_ae,global_mse,2inchStickout_F_08-Jun-2017_rpm320_doc0p010_window_0023,2inchStickout/F_08-Jun-2017_rpm320_doc0p010,train,42,1,cv_evaluation,no_chatter,0,0.0055128094,64
turning,cnn_ae,global_mse,2inchStickout_F_08-Jun-2017_rpm320_doc0p045_window_0000,2inchStickout/F_08-Jun-2017_rpm320_doc0p045,train,42,1,cv_evaluation,no_chatter,0,0.0033793007,64
turning,cnn_ae,global_mse,2inchStickout_F_08-Jun-2017_rpm320_doc0p045_window_0001,2inchStickout/F_08-Jun-2017_rpm320_doc0p045,train,42,1,cv_evaluation,no_chatter,0,0.003515754,64
turning,cnn_ae,global_mse,2inchStickout_F_08-Jun-2017_rpm320_doc0p045_window_0002,2inchStickout/F_08-Jun-2017_rpm320_doc0p045,train,42,1,cv_evaluation,no_chatter,0,0.0041065556,64
turning,cnn_ae,global_mse,2inchStickout_F_08-Jun-2017_rpm320_doc0p045_window_0003,2inchStickout/F_08-Jun-2017_rpm320_doc0p045,train,42,1,cv_evaluation,no_chatter,0,0.004583227,64
turning,cnn_ae,global_mse,2inchStickout_F_08-Jun-2017_rpm320_doc0p045_window_0004,2inchStickout/F_08-Jun-2017_rpm320_doc0p045,train,42,1,cv_evaluation,no_chatter,0,0.0056782886,64
turning,cnn_ae,global_mse,2inchStickout_F_08-Jun-2017_rpm320_doc0p045_window_0005,2inchStickout/F_08-Jun-2017_rpm320_doc0p045,train,42,1,cv_evaluation,no_chatter,0,0.007246168,64
turning,cnn_ae,global_mse,2inchStickout_F_08-Jun-2017_rpm320_doc0p045_window_0006,2inchStickout/F_08-Jun-2017_rpm320_doc0p045,train,42,1,cv_evaluation,no_chatter,0,0.0077607436,64
turning,cnn_ae,global_mse,2inchStickout_F_08-Jun-2017_rpm320_doc0p045_window_0007,2inchStickout/F_08-Jun-2017_rpm320_doc0p045,train,42,1,cv_evaluation,no_chatter,0,0.007624433,64
turning,cnn_ae,global_mse,2inchStickout_F_08-Jun-2017_rpm320_doc0p045_window_0008,2inchStickout/F_08-Jun-2017_rpm320_doc0p045,train,42,1,cv_evaluation,no_chatter,0,0.0071358737,64
turning,cnn_ae,global_mse,2inchStickout_F_08-Jun-2017_rpm320_doc0p045_window_0009,2inchStickout/F_08-Jun-2017_rpm320_doc0p045,validation,42,1,cv_evaluation,no_chatter,0,0.0071205953,64
turning,cnn_ae,global_mse,2inchStickout_F_08-Jun-2017_rpm320_doc0p045_window_0010,2inchStickout/F_08-Jun-2017_rpm320_doc0p045,train,42,1,cv_evaluation,no_chatter,0,0.006070611,64
turning,cnn_ae,global_mse,2inchStickout_F_08-Jun-2017_rpm320_doc0p045_window_0011,2inchStickout/F_08-Jun-2017_rpm320_doc0p045,train,42,1,cv_evaluation,no_chatter,0,0.005386329,64
turning,cnn_ae,global_mse,2inchStickout_F_08-Jun-2017_rpm320_doc0p045_window_0012,2inchStickout/F_08-Jun-2017_rpm320_doc0p045,train,42,1,cv_evaluation,no_chatter,0,0.0049125585,64
turning,cnn_ae,global_mse,2inchStickout_F_08-Jun-2017_rpm320_doc0p045_window_0013,2inchStickout/F_08-Jun-2017_rpm320_doc0p045,train,42,1,cv_evaluation,no_chatter,0,0.0044928878,64
turning,cnn_ae,global_mse,2inchStickout_F_08-Jun-2017_rpm320_doc0p045_window_0014,2inchStickout/F_08-Jun-2017_rpm320_doc0p045,train,42,1,cv_evaluation,no_chatter,0,0.0040541915,64
turning,cnn_ae,global_mse,2inchStickout_F_08-Jun-2017_rpm320_doc0p045_window_0015,2inchStickout/F_08-Jun-2017_rpm320_doc0p045,validation,42,1,cv_evaluation,no_chatter,0,0.003725867,64
turning,cnn_ae,global_mse,2inchStickout_F_08-Jun-2017_rpm320_doc0p045_window_0016,2inchStickout/F_08-Jun-2017_rpm320_doc0p045,validation,42,1,cv_evaluation,no_chatter,0,0.0037453491,64
turning,cnn_ae,global_mse,2inchStickout_F_08-Jun-2017_rpm320_doc0p045_window_0017,2inchStickout/F_08-Jun-2017_rpm320_doc0p045,validation,42,1,cv_evaluation,no_chatter,0,0.003947518,64
turning,cnn_ae,global_mse,2inchStickout_F_08-Jun-2017_rpm320_doc0p045_window_0018,2inchStickout/F_08-Jun-2017_rpm320_doc0p045,train,42,1,cv_evaluation,no_chatter,0,0.0051049786,64
turning,cnn_ae,global_mse,2inchStickout_F_08-Jun-2017_rpm320_doc0p045_window_0019,2inchStickout/F_08-Jun-2017_rpm320_doc0p045,train,42,1,cv_evaluation,no_chatter,0,0.007172588,64
turning,cnn_ae,global_mse,2inchStickout_F_08-Jun-2017_rpm320_doc0p045_window_0020,2inchStickout/F_08-Jun-2017_rpm320_doc0p045,train,42,1,cv_evaluation,no_chatter,0,0.0071640536,64
turning,cnn_ae,global_mse,2inchStickout_F_08-Jun-2017_rpm320_doc0p045_window_0021,2inchStickout/F_08-Jun-2017_rpm320_doc0p045,train,42,1,cv_evaluation,no_chatter,0,0.00882273,64
turning,cnn_ae,global_mse,2inchStickout_F_08-Jun-2017_rpm320_doc0p045_window_0022,2inchStickout/F_08-Jun-2017_rpm320_doc0p045,train,42,1,cv_evaluation,no_chatter,0,0.0061886786,64
turning,cnn_ae,global_mse,2inchStickout_F_08-Jun-2017_rpm320_doc0p045_window_0023,2inchStickout/F_08-Jun-2017_rpm320_doc0p045,train,42,1,cv_evaluation,no_chatter,0,0.0058187037,64
turning,cnn_ae,global_mse,2inchStickout_F_08-Jun-2017_rpm320_doc0p060_xAccDetached_window_0000,2inchStickout/F_08-Jun-2017_rpm320_doc0p060_xAccDetached,train,42,1,cv_evaluation,no_chatter,0,0.0033351416,64
turning,cnn_ae,global_mse,2inchStickout_F_08-Jun-2017_rpm320_doc0p060_xAccDetached_window_0001,2inchStickout/F_08-Jun-2017_rpm320_doc0p060_xAccDetached,train,42,1,cv_evaluation,no_chatter,0,0.003431651,64
turning,cnn_ae,global_mse,2inchStickout_F_08-Jun-2017_rpm320_doc0p060_xAccDetached_window_0002,2inchStickout/F_08-Jun-2017_rpm320_doc0p060_xAccDetached,train,42,1,cv_evaluation,no_chatter,0,0.0047079986,64
turning,cnn_ae,global_mse,2inchStickout_F_08-Jun-2017_rpm320_doc0p060_xAccDetached_window_0003,2inchStickout/F_08-Jun-2017_rpm320_doc0p060_xAccDetached,validation,42,1,cv_evaluation,no_chatter,0,0.0036689416,64
turning,cnn_ae,global_mse,2inchStickout_F_08-Jun-2017_rpm320_doc0p060_xAccDetached_window_0004,2inchStickout/F_08-Jun-2017_rpm320_doc0p060_xAccDetached,train,42,1,cv_evaluation,no_chatter,0,0.0042037647,64
turning,cnn_ae,global_mse,2inchStickout_F_08-Jun-2017_rpm320_doc0p060_xAccDetached_window_0005,2inchStickout/F_08-Jun-2017_rpm320_doc0p060_xAccDetached,train,42,1,cv_evaluation,no_chatter,0,0.0042151413,64
turning,cnn_ae,global_mse,2inchStickout_F_08-Jun-2017_rpm320_doc0p060_xAccDetached_window_0006,2inchStickout/F_08-Jun-2017_rpm320_doc0p060_xAccDetached,train,42,1,cv_evaluation,no_chatter,0,0.0043805246,64
turning,cnn_ae,global_mse,2inchStickout_F_08-Jun-2017_rpm320_doc0p060_xAccDetached_window_0007,2inchStickout/F_08-Jun-2017_rpm320_doc0p060_xAccDetached,train,42,1,cv_evaluation,no_chatter,0,0.004576624,64
turning,cnn_ae,global_mse,2inchStickout_F_08-Jun-2017_rpm320_doc0p060_xAccDetached_window_0008,2inchStickout/F_08-Jun-2017_rpm320_doc0p060_xAccDetached,train,42,1,cv_evaluation,no_chatter,0,0.0049267076,64
turning,cnn_ae,global_mse,2inchStickout_F_08-Jun-2017_rpm320_doc0p060_xAccDetached_window_0009,2inchStickout/F_08-Jun-2017_rpm320_doc0p060_xAccDetached,train,42,1,cv_evaluation,no_chatter,0,0.0046009202,64
turning,cnn_ae,global_mse,2inchStickout_F_08-Jun-2017_rpm320_doc0p060_xAccDetached_window_0010,2inchStickout/F_08-Jun-2017_rpm320_doc0p060_xAccDetached,train,42,1,cv_evaluation,no_chatter,0,0.004255784,64
turning,cnn_ae,global_mse,2inchStickout_F_08-Jun-2017_rpm320_doc0p060_xAccDetached_window_0011,2inchStickout/F_08-Jun-2017_rpm320_doc0p060_xAccDetached,train,42,1,cv_evaluation,no_chatter,0,0.0037388923,64
turning,cnn_ae,global_mse,2inchStickout_F_08-Jun-2017_rpm425_doc0p025_window_0000,2inchStickout/F_08-Jun-2017_rpm425_doc0p025,train,42,1,cv_evaluation,no_chatter,0,0.0037106937,64
turning,cnn_ae,global_mse,2inchStickout_F_08-Jun-2017_rpm425_doc0p025_window_0001,2inchStickout/F_08-Jun-2017_rpm425_doc0p025,train,42,1,cv_evaluation,no_chatter,0,0.0037880733,64
turning,cnn_ae,global_mse,2inchStickout_F_08-Jun-2017_rpm425_doc0p025_window_0002,2inchStickout/F_08-Jun-2017_rpm425_doc0p025,test,42,1,cv_evaluation,no_chatter,0,0.004437536,64
turning,cnn_ae,global_mse,2inchStickout_F_08-Jun-2017_rpm425_doc0p025_window_0003,2inchStickout/F_08-Jun-2017_rpm425_doc0p025,train,42,1,cv_evaluation,no_chatter,0,0.010951346,64
turning,cnn_ae,global_mse,2inchStickout_F_08-Jun-2017_rpm425_doc0p025_window_0004,2inchStickout/F_08-Jun-2017_rpm425_doc0p025,validation,42,1,cv_evaluation,chatter,1,0.031927742,64
turning,cnn_ae,global_mse,2inchStickout_F_08-Jun-2017_rpm425_doc0p025_window_0005,2inchStickout/F_08-Jun-2017_rpm425_doc0p025,validation,42,1,cv_evaluation,chatter,1,0.03484512,64
turning,cnn_ae,global_mse,2inchStickout_F_08-Jun-2017_rpm425_doc0p025_window_0006,2inchStickout/F_08-Jun-2017_rpm425_doc0p025,validation,42,1,cv_evaluation,chatter,1,0.034750696,64
turning,cnn_ae,global_mse,2inchStickout_F_08-Jun-2017_rpm425_doc0p025_window_0007,2inchStickout/F_08-Jun-2017_rpm425_doc0p025,validation,42,1,cv_evaluation,chatter,1,0.028754042,64
turning,cnn_ae,global_mse,2inchStickout_F_08-Jun-2017_rpm570_doc0p002_window_0000,2inchStickout/F_08-Jun-2017_rpm570_doc0p002,train,42,1,cv_evaluation,no_chatter,0,0.0038011053,64
turning,cnn_ae,global_mse,2inchStickout_F_08-Jun-2017_rpm570_doc0p002_window_0001,2inchStickout/F_08-Jun-2017_rpm570_doc0p002,train,42,1,cv_evaluation,no_chatter,0,0.004336686,64
turning,cnn_ae,global_mse,2inchStickout_F_08-Jun-2017_rpm570_doc0p002_window_0002,2inchStickout/F_08-Jun-2017_rpm570_doc0p002,test,42,1,cv_evaluation,chatter,1,0.014290129,64
turning,cnn_ae,global_mse,2inchStickout_F_08-Jun-2017_rpm570_doc0p002_window_0003,2inchStickout/F_08-Jun-2017_rpm570_doc0p002,test,42,1,cv_evaluation,chatter,1,0.031411003,64
turning,cnn_ae,global_mse,2inchStickout_F_08-Jun-2017_rpm570_doc0p002_window_0004,2inchStickout/F_08-Jun-2017_rpm570_doc0p002,train,42,1,cv_evaluation,no_chatter,0,0.015977552,64
turning,cnn_ae,global_mse,2inchStickout_F_08-Jun-2017_rpm570_doc0p002_window_0005,2inchStickout/F_08-Jun-2017_rpm570_doc0p002,train,42,1,cv_evaluation,no_chatter,0,0.035187833,64
turning,cnn_ae,global_mse,2inchStickout_F_08-Jun-2017_rpm570_doc0p005_window_0000,2inchStickout/F_08-Jun-2017_rpm570_doc0p005,train,42,1,cv_evaluation,no_chatter,0,0.003989263,64
turning,cnn_ae,global_mse,2inchStickout_F_08-Jun-2017_rpm570_doc0p005_window_0001,2inchStickout/F_08-Jun-2017_rpm570_doc0p005,test,42,1,cv_evaluation,no_chatter,0,0.0047555785,64
turning,cnn_ae,global_mse,2inchStickout_F_08-Jun-2017_rpm570_doc0p005_window_0002,2inchStickout/F_08-Jun-2017_rpm570_doc0p005,test,42,1,cv_evaluation,chatter,1,0.019783676,64
turning,cnn_ae,global_mse,2inchStickout_F_08-Jun-2017_rpm570_doc0p005_window_0003,2inchStickout/F_08-Jun-2017_rpm570_doc0p005,train,42,1,cv_evaluation,no_chatter,0,0.013562591,64
turning,cnn_ae,global_mse,2p5inchStickout_F_12-Jun-2017_rpm570_doc0p012_window_0000,2p5inchStickout/F_12-Jun-2017_rpm570_doc0p012,train,42,1,cv_evaluation,no_chatter,0,0.0033085907,64
turning,cnn_ae,global_mse,2p5inchStickout_F_12-Jun-2017_rpm570_doc0p012_window_0001,2p5inchStickout/F_12-Jun-2017_rpm570_doc0p012,train,42,1,cv_evaluation,no_chatter,0,0.007519772,64
turning,cnn_ae,global_mse,2p5inchStickout_F_12-Jun-2017_rpm570_doc0p012_window_0002,2p5inchStickout/F_12-Jun-2017_rpm570_doc0p012,test,42,1,cv_evaluation,chatter,1,0.01798695,64
turning,cnn_ae,global_mse,2p5inchStickout_F_12-Jun-2017_rpm570_doc0p012_window_0003,2p5inchStickout/F_12-Jun-2017_rpm570_doc0p012,train,42,1,cv_evaluation,no_chatter,0,0.011914394,64
turning,cnn_ae,global_mse,2p5inchStickout_F_12-Jun-2017_rpm570_doc0p012_window_0004,2p5inchStickout/F_12-Jun-2017_rpm570_doc0p012,train,42,1,cv_evaluation,no_chatter,0,0.01155941,64
turning,cnn_ae,global_mse,2p5inchStickout_F_12-Jun-2017_rpm570_doc0p012_window_0005,2p5inchStickout/F_12-Jun-2017_rpm570_doc0p012,train,42,1,cv_evaluation,no_chatter,0,0.013611609,64
turning,cnn_ae,global_mse,2p5inchStickout_F_12-Jun-2017_rpm570_doc0p012_window_0006,2p5inchStickout/F_12-Jun-2017_rpm570_doc0p012,validation,42,1,cv_evaluation,no_chatter,0,0.009188192,64
turning,cnn_ae,global_mse,2p5inchStickout_F_12-Jun-2017_rpm570_doc0p012_window_0007,2p5inchStickout/F_12-Jun-2017_rpm570_doc0p012,train,42,1,cv_evaluation,no_chatter,0,0.00883718,64
turning,cnn_ae,global_mse,2p5inchStickout_F_12-Jun-2017_rpm570_doc0p012_window_0008,2p5inchStickout/F_12-Jun-2017_rpm570_doc0p012,validation,42,1,cv_evaluation,no_chatter,0,0.009048142,64
turning,cnn_ae,global_mse,2p5inchStickout_F_12-Jun-2017_rpm570_doc0p012_window_0009,2p5inchStickout/F_12-Jun-2017_rpm570_doc0p012,validation,42,1,cv_evaluation,no_chatter,0,0.008650152,64
turning,cnn_ae,global_mse,2p5inchStickout_F_12-Jun-2017_rpm570_doc0p014_window_0000,2p5inchStickout/F_12-Jun-2017_rpm570_doc0p014,train,42,1,cv_evaluation,no_chatter,0,0.003265663,64
turning,cnn_ae,global_mse,2p5inchStickout_F_12-Jun-2017_rpm570_doc0p014_window_0001,2p5inchStickout/F_12-Jun-2017_rpm570_doc0p014,train,42,1,cv_evaluation,no_chatter,0,0.0047988994,64
turning,cnn_ae,global_mse,2p5inchStickout_F_12-Jun-2017_rpm570_doc0p014_window_0002,2p5inchStickout/F_12-Jun-2017_rpm570_doc0p014,train,42,1,cv_evaluation,no_chatter,0,0.016263181,64
turning,cnn_ae,global_mse,2p5inchStickout_F_12-Jun-2017_rpm570_doc0p014_window_0003,2p5inchStickout/F_12-Jun-2017_rpm570_doc0p014,validation,42,1,cv_evaluation,no_chatter,0,0.012105531,64
turning,cnn_ae,global_mse,2p5inchStickout_F_12-Jun-2017_rpm570_doc0p014_window_0004,2p5inchStickout/F_12-Jun-2017_rpm570_doc0p014,validation,42,1,cv_evaluation,no_chatter,0,0.0110272765,64
turning,cnn_ae,global_mse,2p5inchStickout_F_12-Jun-2017_rpm570_doc0p014_window_0005,2p5inchStickout/F_12-Jun-2017_rpm570_doc0p014,validation,42,1,cv_evaluation,no_chatter,0,0.010474531,64
turning,cnn_ae,global_mse,2p5inchStickout_F_12-Jun-2017_rpm770_doc0p005_window_0000,2p5inchStickout/F_12-Jun-2017_rpm770_doc0p005,train,42,1,cv_evaluation,no_chatter,0,0.0035748892,64
turning,cnn_ae,global_mse,2p5inchStickout_F_12-Jun-2017_rpm770_doc0p005_window_0001,2p5inchStickout/F_12-Jun-2017_rpm770_doc0p005,train,42,1,cv_evaluation,no_chatter,0,0.021903913,64
turning,cnn_ae,global_mse,2p5inchStickout_F_12-Jun-2017_rpm770_doc0p005_window_0002,2p5inchStickout/F_12-Jun-2017_rpm770_doc0p005,train,42,1,cv_evaluation,no_chatter,0,0.008523342,64
turning,cnn_ae,global_mse,2p5inchStickout_F_12-Jun-2017_rpm770_doc0p005_window_0003,2p5inchStickout/F_12-Jun-2017_rpm770_doc0p005,train,42,1,cv_evaluation,no_chatter,0,0.016697388,64
turning,cnn_ae,global_mse,3p5inchStickout_F_12-Jun-2017_rpm570_doc0p025_window_0000,3p5inchStickout/F_12-Jun-2017_rpm570_doc0p025,validation,42,1,cv_evaluation,no_chatter,0,0.002729994,64
turning,cnn_ae,global_mse,3p5inchStickout_F_12-Jun-2017_rpm570_doc0p025_window_0001,3p5inchStickout/F_12-Jun-2017_rpm570_doc0p025,train,42,1,cv_evaluation,no_chatter,0,0.003374016,64
turning,cnn_ae,global_mse,3p5inchStickout_F_12-Jun-2017_rpm570_doc0p025_window_0002,3p5inchStickout/F_12-Jun-2017_rpm570_doc0p025,train,42,1,cv_evaluation,no_chatter,0,0.005599547,64
turning,cnn_ae,global_mse,3p5inchStickout_F_12-Jun-2017_rpm570_doc0p025_window_0003,3p5inchStickout/F_12-Jun-2017_rpm570_doc0p025,validation,42,1,cv_evaluation,no_chatter,0,0.0075707277,64
turning,cnn_ae,global_mse,3p5inchStickout_F_12-Jun-2017_rpm570_doc0p025_window_0004,3p5inchStickout/F_12-Jun-2017_rpm570_doc0p025,train,42,1,cv_evaluation,no_chatter,0,0.0069456873,64
turning,cnn_ae,global_mse,3p5inchStickout_F_12-Jun-2017_rpm570_doc0p025_window_0005,3p5inchStickout/F_12-Jun-2017_rpm570_doc0p025,train,42,1,cv_evaluation,no_chatter,0,0.01054714,64
turning,cnn_ae,global_mse,3p5inchStickout_F_12-Jun-2017_rpm570_doc0p025_window_0006,3p5inchStickout/F_12-Jun-2017_rpm570_doc0p025,train,42,1,cv_evaluation,no_chatter,0,0.010454691,64
turning,cnn_ae,global_mse,3p5inchStickout_F_12-Jun-2017_rpm570_doc0p025_window_0007,3p5inchStickout/F_12-Jun-2017_rpm570_doc0p025,train,42,1,cv_evaluation,no_chatter,0,0.009366759,64
turning,cnn_ae,global_mse,3p5inchStickout_F_12-Jun-2017_rpm570_doc0p025_window_0008,3p5inchStickout/F_12-Jun-2017_rpm570_doc0p025,train,42,1,cv_evaluation,no_chatter,0,0.008125069,64
turning,cnn_ae,global_mse,3p5inchStickout_F_12-Jun-2017_rpm570_doc0p025_window_0009,3p5inchStickout/F_12-Jun-2017_rpm570_doc0p025,train,42,1,cv_evaluation,no_chatter,0,0.008856047,64
turning,cnn_ae,global_mse,3p5inchStickout_F_14-Jun-2017_rpm1030_doc0p002_window_0000,3p5inchStickout/F_14-Jun-2017_rpm1030_doc0p002,train,42,1,cv_evaluation,no_chatter,0,0.0027029202,64
turning,cnn_ae,global_mse,3p5inchStickout_F_14-Jun-2017_rpm1030_doc0p002_window_0001,3p5inchStickout/F_14-Jun-2017_rpm1030_doc0p002,train,42,1,cv_evaluation,no_chatter,0,0.039826866,64
turning,cnn_ae,global_mse,3p5inchStickout_F_14-Jun-2017_rpm1030_doc0p002_window_0002,3p5inchStickout/F_14-Jun-2017_rpm1030_doc0p002,train,42,1,cv_evaluation,no_chatter,0,0.052603777,64
turning,cnn_ae,global_mse,3p5inchStickout_F_14-Jun-2017_rpm770_doc0p010_window_0000,3p5inchStickout/F_14-Jun-2017_rpm770_doc0p010,train,42,1,cv_evaluation,no_chatter,0,0.0028599165,64
turning,cnn_ae,global_mse,3p5inchStickout_F_14-Jun-2017_rpm770_doc0p010_window_0001,3p5inchStickout/F_14-Jun-2017_rpm770_doc0p010,train,42,1,cv_evaluation,no_chatter,0,0.0041597434,64
turning,cnn_ae,global_mse,3p5inchStickout_F_14-Jun-2017_rpm770_doc0p010_window_0002,3p5inchStickout/F_14-Jun-2017_rpm770_doc0p010,train,42,1,cv_evaluation,no_chatter,0,0.018101089,64
turning,cnn_ae,global_mse,3p5inchStickout_F_14-Jun-2017_rpm770_doc0p010_window_0003,3p5inchStickout/F_14-Jun-2017_rpm770_doc0p010,train,42,1,cv_evaluation,no_chatter,0,0.017684048,64
turning,cnn_ae,global_mse,4p5inchStickout_F_12-Jun-2017_rpm570_doc0p040_window_0000,4p5inchStickout/F_12-Jun-2017_rpm570_doc0p040,train,42,1,cv_evaluation,no_chatter,0,0.0028955296,64
turning,cnn_ae,global_mse,4p5inchStickout_F_12-Jun-2017_rpm570_doc0p040_window_0001,4p5inchStickout/F_12-Jun-2017_rpm570_doc0p040,train,42,1,cv_evaluation,no_chatter,0,0.002810718,64
turning,cnn_ae,global_mse,4p5inchStickout_F_12-Jun-2017_rpm570_doc0p040_window_0002,4p5inchStickout/F_12-Jun-2017_rpm570_doc0p040,train,42,1,cv_evaluation,no_chatter,0,0.0027911968,64
turning,cnn_ae,global_mse,4p5inchStickout_F_12-Jun-2017_rpm570_doc0p040_window_0003,4p5inchStickout/F_12-Jun-2017_rpm570_doc0p040,train,42,1,cv_evaluation,no_chatter,0,0.0027881006,64
turning,cnn_ae,global_mse,4p5inchStickout_F_12-Jun-2017_rpm570_doc0p040_window_0004,4p5inchStickout/F_12-Jun-2017_rpm570_doc0p040,train,42,1,cv_evaluation,no_chatter,0,0.0027101345,64
turning,cnn_ae,global_mse,4p5inchStickout_F_12-Jun-2017_rpm570_doc0p040_window_0005,4p5inchStickout/F_12-Jun-2017_rpm570_doc0p040,train,42,1,cv_evaluation,no_chatter,0,0.0034852098,64
turning,cnn_ae,global_mse,4p5inchStickout_F_12-Jun-2017_rpm570_doc0p040_window_0006,4p5inchStickout/F_12-Jun-2017_rpm570_doc0p040,train,42,1,cv_evaluation,no_chatter,0,0.010975824,64
turning,cnn_ae,global_mse,4p5inchStickout_F_12-Jun-2017_rpm570_doc0p040_window_0007,4p5inchStickout/F_12-Jun-2017_rpm570_doc0p040,train,42,1,cv_evaluation,no_chatter,0,0.014693836,64
turning,cnn_ae,global_mse,4p5inchStickout_F_12-Jun-2017_rpm570_doc0p040_window_0008,4p5inchStickout/F_12-Jun-2017_rpm570_doc0p040,train,42,1,cv_evaluation,no_chatter,0,0.013621457,64
turning,cnn_ae,global_mse,4p5inchStickout_F_12-Jun-2017_rpm570_doc0p040_window_0009,4p5inchStickout/F_12-Jun-2017_rpm570_doc0p040,train,42,1,cv_evaluation,no_chatter,0,0.011417727,64
turning,cnn_ae,global_mse,4p5inchStickout_F_12-Jun-2017_rpm570_doc0p040_window_0010,4p5inchStickout/F_12-Jun-2017_rpm570_doc0p040,train,42,1,cv_evaluation,no_chatter,0,0.007852689,64
turning,cnn_ae,global_mse,4p5inchStickout_F_12-Jun-2017_rpm570_doc0p040_window_0011,4p5inchStickout/F_12-Jun-2017_rpm570_doc0p040,train,42,1,cv_evaluation,no_chatter,0,0.00554331,64
turning,cnn_ae,global_mse,4p5inchStickout_F_13-Jun-2017_rpm1030_doc0p015_window_0000,4p5inchStickout/F_13-Jun-2017_rpm1030_doc0p015,train,42,1,cv_evaluation,no_chatter,0,0.0031095387,64
turning,cnn_ae,global_mse,4p5inchStickout_F_13-Jun-2017_rpm1030_doc0p015_window_0001,4p5inchStickout/F_13-Jun-2017_rpm1030_doc0p015,train,42,1,cv_evaluation,no_chatter,0,0.011770331,64
turning,cnn_ae,global_mse,4p5inchStickout_F_13-Jun-2017_rpm1030_doc0p015_window_0002,4p5inchStickout/F_13-Jun-2017_rpm1030_doc0p015,train,42,1,cv_evaluation,no_chatter,0,0.018535526,64
turning,cnn_ae,global_mse,4p5inchStickout_F_13-Jun-2017_rpm1030_doc0p015_window_0003,4p5inchStickout/F_13-Jun-2017_rpm1030_doc0p015,validation,42,1,cv_evaluation,no_chatter,0,0.019469017,64
turning,cnn_ae,global_mae,2inchStickout_F_08-Jun-2017_rpm1030_doc0p001_window_0000,2inchStickout/F_08-Jun-2017_rpm1030_doc0p001,train,42,1,cv_evaluation,no_chatter,0,0.053063706,64
turning,cnn_ae,global_mae,2inchStickout_F_08-Jun-2017_rpm1030_doc0p001_window_0001,2inchStickout/F_08-Jun-2017_rpm1030_doc0p001,validation,42,1,cv_evaluation,chatter,1,0.23325795,64
turning,cnn_ae,global_mae,2inchStickout_F_08-Jun-2017_rpm1030_doc0p001_window_0002,2inchStickout/F_08-Jun-2017_rpm1030_doc0p001,validation,42,1,cv_evaluation,chatter,1,0.25757173,64
turning,cnn_ae,global_mae,2inchStickout_F_08-Jun-2017_rpm1030_doc0p001_window_0003,2inchStickout/F_08-Jun-2017_rpm1030_doc0p001,validation,42,1,cv_evaluation,chatter,1,0.28702104,64
turning,cnn_ae,global_mae,2inchStickout_F_08-Jun-2017_rpm320_doc0p010_window_0000,2inchStickout/F_08-Jun-2017_rpm320_doc0p010,train,42,1,cv_evaluation,no_chatter,0,0.049021624,64
turning,cnn_ae,global_mae,2inchStickout_F_08-Jun-2017_rpm320_doc0p010_window_0001,2inchStickout/F_08-Jun-2017_rpm320_doc0p010,train,42,1,cv_evaluation,no_chatter,0,0.048979063,64
turning,cnn_ae,global_mae,2inchStickout_F_08-Jun-2017_rpm320_doc0p010_window_0002,2inchStickout/F_08-Jun-2017_rpm320_doc0p010,train,42,1,cv_evaluation,no_chatter,0,0.048999973,64
turning,cnn_ae,global_mae,2inchStickout_F_08-Jun-2017_rpm320_doc0p010_window_0003,2inchStickout/F_08-Jun-2017_rpm320_doc0p010,train,42,1,cv_evaluation,no_chatter,0,0.048630524,64
turning,cnn_ae,global_mae,2inchStickout_F_08-Jun-2017_rpm320_doc0p010_window_0004,2inchStickout/F_08-Jun-2017_rpm320_doc0p010,train,42,1,cv_evaluation,no_chatter,0,0.044593766,64
turning,cnn_ae,global_mae,2inchStickout_F_08-Jun-2017_rpm320_doc0p010_window_0005,2inchStickout/F_08-Jun-2017_rpm320_doc0p010,validation,42,1,cv_evaluation,no_chatter,0,0.04256517,64
turning,cnn_ae,global_mae,2inchStickout_F_08-Jun-2017_rpm320_doc0p010_window_0006,2inchStickout/F_08-Jun-2017_rpm320_doc0p010,validation,42,1,cv_evaluation,no_chatter,0,0.04296505,64
turning,cnn_ae,global_mae,2inchStickout_F_08-Jun-2017_rpm320_doc0p010_window_0007,2inchStickout/F_08-Jun-2017_rpm320_doc0p010,train,42,1,cv_evaluation,no_chatter,0,0.045316152,64
turning,cnn_ae,global_mae,2inchStickout_F_08-Jun-2017_rpm320_doc0p010_window_0008,2inchStickout/F_08-Jun-2017_rpm320_doc0p010,validation,42,1,cv_evaluation,no_chatter,0,0.048157107,64
turning,cnn_ae,global_mae,2inchStickout_F_08-Jun-2017_rpm320_doc0p010_window_0009,2inchStickout/F_08-Jun-2017_rpm320_doc0p010,train,42,1,cv_evaluation,no_chatter,0,0.0679782,64
turning,cnn_ae,global_mae,2inchStickout_F_08-Jun-2017_rpm320_doc0p010_window_0010,2inchStickout/F_08-Jun-2017_rpm320_doc0p010,train,42,1,cv_evaluation,no_chatter,0,0.08267879,64
turning,cnn_ae,global_mae,2inchStickout_F_08-Jun-2017_rpm320_doc0p010_window_0011,2inchStickout/F_08-Jun-2017_rpm320_doc0p010,validation,42,1,cv_evaluation,no_chatter,0,0.07295518,64
turning,cnn_ae,global_mae,2inchStickout_F_08-Jun-2017_rpm320_doc0p010_window_0012,2inchStickout/F_08-Jun-2017_rpm320_doc0p010,train,42,1,cv_evaluation,no_chatter,0,0.059685275,64
turning,cnn_ae,global_mae,2inchStickout_F_08-Jun-2017_rpm320_doc0p010_window_0013,2inchStickout/F_08-Jun-2017_rpm320_doc0p010,validation,42,1,cv_evaluation,no_chatter,0,0.0663552,64
turning,cnn_ae,global_mae,2inchStickout_F_08-Jun-2017_rpm320_doc0p010_window_0014,2inchStickout/F_08-Jun-2017_rpm320_doc0p010,train,42,1,cv_evaluation,no_chatter,0,0.061554957,64
turning,cnn_ae,global_mae,2inchStickout_F_08-Jun-2017_rpm320_doc0p010_window_0015,2inchStickout/F_08-Jun-2017_rpm320_doc0p010,train,42,1,cv_evaluation,no_chatter,0,0.053916287,64
turning,cnn_ae,global_mae,2inchStickout_F_08-Jun-2017_rpm320_doc0p010_window_0016,2inchStickout/F_08-Jun-2017_rpm320_doc0p010,train,42,1,cv_evaluation,no_chatter,0,0.05419222,64
turning,cnn_ae,global_mae,2inchStickout_F_08-Jun-2017_rpm320_doc0p010_window_0017,2inchStickout/F_08-Jun-2017_rpm320_doc0p010,train,42,1,cv_evaluation,no_chatter,0,0.051589224,64
turning,cnn_ae,global_mae,2inchStickout_F_08-Jun-2017_rpm320_doc0p010_window_0018,2inchStickout/F_08-Jun-2017_rpm320_doc0p010,train,42,1,cv_evaluation,no_chatter,0,0.05170253,64
turning,cnn_ae,global_mae,2inchStickout_F_08-Jun-2017_rpm320_doc0p010_window_0019,2inchStickout/F_08-Jun-2017_rpm320_doc0p010,train,42,1,cv_evaluation,no_chatter,0,0.049922213,64
turning,cnn_ae,global_mae,2inchStickout_F_08-Jun-2017_rpm320_doc0p010_window_0020,2inchStickout/F_08-Jun-2017_rpm320_doc0p010,train,42,1,cv_evaluation,no_chatter,0,0.047583137,64
turning,cnn_ae,global_mae,2inchStickout_F_08-Jun-2017_rpm320_doc0p010_window_0021,2inchStickout/F_08-Jun-2017_rpm320_doc0p010,train,42,1,cv_evaluation,no_chatter,0,0.051858652,64
turning,cnn_ae,global_mae,2inchStickout_F_08-Jun-2017_rpm320_doc0p010_window_0022,2inchStickout/F_08-Jun-2017_rpm320_doc0p010,train,42,1,cv_evaluation,no_chatter,0,0.05553405,64
turning,cnn_ae,global_mae,2inchStickout_F_08-Jun-2017_rpm320_doc0p010_window_0023,2inchStickout/F_08-Jun-2017_rpm320_doc0p010,train,42,1,cv_evaluation,no_chatter,0,0.049056716,64
turning,cnn_ae,global_mae,2inchStickout_F_08-Jun-2017_rpm320_doc0p045_window_0000,2inchStickout/F_08-Jun-2017_rpm320_doc0p045,train,42,1,cv_evaluation,no_chatter,0,0.049519558,64
turning,cnn_ae,global_mae,2inchStickout_F_08-Jun-2017_rpm320_doc0p045_window_0001,2inchStickout/F_08-Jun-2017_rpm320_doc0p045,train,42,1,cv_evaluation,no_chatter,0,0.049874604,64
turning,cnn_ae,global_mae,2inchStickout_F_08-Jun-2017_rpm320_doc0p045_window_0002,2inchStickout/F_08-Jun-2017_rpm320_doc0p045,train,42,1,cv_evaluation,no_chatter,0,0.050535373,64
turning,cnn_ae,global_mae,2inchStickout_F_08-Jun-2017_rpm320_doc0p045_window_0003,2inchStickout/F_08-Jun-2017_rpm320_doc0p045,train,42,1,cv_evaluation,no_chatter,0,0.04798941,64
turning,cnn_ae,global_mae,2inchStickout_F_08-Jun-2017_rpm320_doc0p045_window_0004,2inchStickout/F_08-Jun-2017_rpm320_doc0p045,train,42,1,cv_evaluation,no_chatter,0,0.049803864,64
turning,cnn_ae,global_mae,2inchStickout_F_08-Jun-2017_rpm320_doc0p045_window_0005,2inchStickout/F_08-Jun-2017_rpm320_doc0p045,train,42,1,cv_evaluation,no_chatter,0,0.054566354,64
turning,cnn_ae,global_mae,2inchStickout_F_08-Jun-2017_rpm320_doc0p045_window_0006,2inchStickout/F_08-Jun-2017_rpm320_doc0p045,train,42,1,cv_evaluation,no_chatter,0,0.056295905,64
turning,cnn_ae,global_mae,2inchStickout_F_08-Jun-2017_rpm320_doc0p045_window_0007,2inchStickout/F_08-Jun-2017_rpm320_doc0p045,train,42,1,cv_evaluation,no_chatter,0,0.05545038,64
turning,cnn_ae,global_mae,2inchStickout_F_08-Jun-2017_rpm320_doc0p045_window_0008,2inchStickout/F_08-Jun-2017_rpm320_doc0p045,train,42,1,cv_evaluation,no_chatter,0,0.053864878,64
turning,cnn_ae,global_mae,2inchStickout_F_08-Jun-2017_rpm320_doc0p045_window_0009,2inchStickout/F_08-Jun-2017_rpm320_doc0p045,validation,42,1,cv_evaluation,no_chatter,0,0.054027896,64
turning,cnn_ae,global_mae,2inchStickout_F_08-Jun-2017_rpm320_doc0p045_window_0010,2inchStickout/F_08-Jun-2017_rpm320_doc0p045,train,42,1,cv_evaluation,no_chatter,0,0.05118805,64
turning,cnn_ae,global_mae,2inchStickout_F_08-Jun-2017_rpm320_doc0p045_window_0011,2inchStickout/F_08-Jun-2017_rpm320_doc0p045,train,42,1,cv_evaluation,no_chatter,0,0.049071886,64
turning,cnn_ae,global_mae,2inchStickout_F_08-Jun-2017_rpm320_doc0p045_window_0012,2inchStickout/F_08-Jun-2017_rpm320_doc0p045,train,42,1,cv_evaluation,no_chatter,0,0.048009247,64
turning,cnn_ae,global_mae,2inchStickout_F_08-Jun-2017_rpm320_doc0p045_window_0013,2inchStickout/F_08-Jun-2017_rpm320_doc0p045,train,42,1,cv_evaluation,no_chatter,0,0.04675602,64
turning,cnn_ae,global_mae,2inchStickout_F_08-Jun-2017_rpm320_doc0p045_window_0014,2inchStickout/F_08-Jun-2017_rpm320_doc0p045,train,42,1,cv_evaluation,no_chatter,0,0.044219866,64
turning,cnn_ae,global_mae,2inchStickout_F_08-Jun-2017_rpm320_doc0p045_window_0015,2inchStickout/F_08-Jun-2017_rpm320_doc0p045,validation,42,1,cv_evaluation,no_chatter,0,0.043190602,64
turning,cnn_ae,global_mae,2inchStickout_F_08-Jun-2017_rpm320_doc0p045_window_0016,2inchStickout/F_08-Jun-2017_rpm320_doc0p045,validation,42,1,cv_evaluation,no_chatter,0,0.043290243,64
turning,cnn_ae,global_mae,2inchStickout_F_08-Jun-2017_rpm320_doc0p045_window_0017,2inchStickout/F_08-Jun-2017_rpm320_doc0p045,validation,42,1,cv_evaluation,no_chatter,0,0.043877073,64
turning,cnn_ae,global_mae,2inchStickout_F_08-Jun-2017_rpm320_doc0p045_window_0018,2inchStickout/F_08-Jun-2017_rpm320_doc0p045,train,42,1,cv_evaluation,no_chatter,0,0.047669325,64
turning,cnn_ae,global_mae,2inchStickout_F_08-Jun-2017_rpm320_doc0p045_window_0019,2inchStickout/F_08-Jun-2017_rpm320_doc0p045,train,42,1,cv_evaluation,no_chatter,0,0.05338863,64
turning,cnn_ae,global_mae,2inchStickout_F_08-Jun-2017_rpm320_doc0p045_window_0020,2inchStickout/F_08-Jun-2017_rpm320_doc0p045,train,42,1,cv_evaluation,no_chatter,0,0.053174175,64
turning,cnn_ae,global_mae,2inchStickout_F_08-Jun-2017_rpm320_doc0p045_window_0021,2inchStickout/F_08-Jun-2017_rpm320_doc0p045,train,42,1,cv_evaluation,no_chatter,0,0.057493627,64
turning,cnn_ae,global_mae,2inchStickout_F_08-Jun-2017_rpm320_doc0p045_window_0022,2inchStickout/F_08-Jun-2017_rpm320_doc0p045,train,42,1,cv_evaluation,no_chatter,0,0.050608154,64
turning,cnn_ae,global_mae,2inchStickout_F_08-Jun-2017_rpm320_doc0p045_window_0023,2inchStickout/F_08-Jun-2017_rpm320_doc0p045,train,42,1,cv_evaluation,no_chatter,0,0.049658388,64
turning,cnn_ae,global_mae,2inchStickout_F_08-Jun-2017_rpm320_doc0p060_xAccDetached_window_0000,2inchStickout/F_08-Jun-2017_rpm320_doc0p060_xAccDetached,train,42,1,cv_evaluation,no_chatter,0,0.049574126,64
turning,cnn_ae,global_mae,2inchStickout_F_08-Jun-2017_rpm320_doc0p060_xAccDetached_window_0001,2inchStickout/F_08-Jun-2017_rpm320_doc0p060_xAccDetached,train,42,1,cv_evaluation,no_chatter,0,0.049737733,64
turning,cnn_ae,global_mae,2inchStickout_F_08-Jun-2017_rpm320_doc0p060_xAccDetached_window_0002,2inchStickout/F_08-Jun-2017_rpm320_doc0p060_xAccDetached,train,42,1,cv_evaluation,no_chatter,0,0.051113226,64
turning,cnn_ae,global_mae,2inchStickout_F_08-Jun-2017_rpm320_doc0p060_xAccDetached_window_0003,2inchStickout/F_08-Jun-2017_rpm320_doc0p060_xAccDetached,validation,42,1,cv_evaluation,no_chatter,0,0.047623493,64
turning,cnn_ae,global_mae,2inchStickout_F_08-Jun-2017_rpm320_doc0p060_xAccDetached_window_0004,2inchStickout/F_08-Jun-2017_rpm320_doc0p060_xAccDetached,train,42,1,cv_evaluation,no_chatter,0,0.04921937,64
turning,cnn_ae,global_mae,2inchStickout_F_08-Jun-2017_rpm320_doc0p060_xAccDetached_window_0005,2inchStickout/F_08-Jun-2017_rpm320_doc0p060_xAccDetached,train,42,1,cv_evaluation,no_chatter,0,0.04922846,64
turning,cnn_ae,global_mae,2inchStickout_F_08-Jun-2017_rpm320_doc0p060_xAccDetached_window_0006,2inchStickout/F_08-Jun-2017_rpm320_doc0p060_xAccDetached,train,42,1,cv_evaluation,no_chatter,0,0.049638856,64
turning,cnn_ae,global_mae,2inchStickout_F_08-Jun-2017_rpm320_doc0p060_xAccDetached_window_0007,2inchStickout/F_08-Jun-2017_rpm320_doc0p060_xAccDetached,train,42,1,cv_evaluation,no_chatter,0,0.050291065,64
turning,cnn_ae,global_mae,2inchStickout_F_08-Jun-2017_rpm320_doc0p060_xAccDetached_window_0008,2inchStickout/F_08-Jun-2017_rpm320_doc0p060_xAccDetached,train,42,1,cv_evaluation,no_chatter,0,0.050571214,64
turning,cnn_ae,global_mae,2inchStickout_F_08-Jun-2017_rpm320_doc0p060_xAccDetached_window_0009,2inchStickout/F_08-Jun-2017_rpm320_doc0p060_xAccDetached,train,42,1,cv_evaluation,no_chatter,0,0.050019763,64
turning,cnn_ae,global_mae,2inchStickout_F_08-Jun-2017_rpm320_doc0p060_xAccDetached_window_0010,2inchStickout/F_08-Jun-2017_rpm320_doc0p060_xAccDetached,train,42,1,cv_evaluation,no_chatter,0,0.049446583,64
turning,cnn_ae,global_mae,2inchStickout_F_08-Jun-2017_rpm320_doc0p060_xAccDetached_window_0011,2inchStickout/F_08-Jun-2017_rpm320_doc0p060_xAccDetached,train,42,1,cv_evaluation,no_chatter,0,0.04836999,64
turning,cnn_ae,global_mae,2inchStickout_F_08-Jun-2017_rpm425_doc0p025_window_0000,2inchStickout/F_08-Jun-2017_rpm425_doc0p025,train,42,1,cv_evaluation,no_chatter,0,0.05045364,64
turning,cnn_ae,global_mae,2inchStickout_F_08-Jun-2017_rpm425_doc0p025_window_0001,2inchStickout/F_08-Jun-2017_rpm425_doc0p025,train,42,1,cv_evaluation,no_chatter,0,0.05063725,64
turning,cnn_ae,global_mae,2inchStickout_F_08-Jun-2017_rpm425_doc0p025_window_0002,2inchStickout/F_08-Jun-2017_rpm425_doc0p025,test,42,1,cv_evaluation,no_chatter,0,0.049193863,64
turning,cnn_ae,global_mae,2inchStickout_F_08-Jun-2017_rpm425_doc0p025_window_0003,2inchStickout/F_08-Jun-2017_rpm425_doc0p025,train,42,1,cv_evaluation,no_chatter,0,0.062491108,64
turning,cnn_ae,global_mae,2inchStickout_F_08-Jun-2017_rpm425_doc0p025_window_0004,2inchStickout/F_08-Jun-2017_rpm425_doc0p025,validation,42,1,cv_evaluation,chatter,1,0.104669854,64
turning,cnn_ae,global_mae,2inchStickout_F_08-Jun-2017_rpm425_doc0p025_window_0005,2inchStickout/F_08-Jun-2017_rpm425_doc0p025,validation,42,1,cv_evaluation,chatter,1,0.108141415,64
turning,cnn_ae,global_mae,2inchStickout_F_08-Jun-2017_rpm425_doc0p025_window_0006,2inchStickout/F_08-Jun-2017_rpm425_doc0p025,validation,42,1,cv_evaluation,chatter,1,0.107548915,64
turning,cnn_ae,global_mae,2inchStickout_F_08-Jun-2017_rpm425_doc0p025_window_0007,2inchStickout/F_08-Jun-2017_rpm425_doc0p025,validation,42,1,cv_evaluation,chatter,1,0.09834367,64
turning,cnn_ae,global_mae,2inchStickout_F_08-Jun-2017_rpm570_doc0p002_window_0000,2inchStickout/F_08-Jun-2017_rpm570_doc0p002,train,42,1,cv_evaluation,no_chatter,0,0.051013548,64
turning,cnn_ae,global_mae,2inchStickout_F_08-Jun-2017_rpm570_doc0p002_window_0001,2inchStickout/F_08-Jun-2017_rpm570_doc0p002,train,42,1,cv_evaluation,no_chatter,0,0.04936762,64
turning,cnn_ae,global_mae,2inchStickout_F_08-Jun-2017_rpm570_doc0p002_window_0002,2inchStickout/F_08-Jun-2017_rpm570_doc0p002,test,42,1,cv_evaluation,chatter,1,0.0710499,64
turning,cnn_ae,global_mae,2inchStickout_F_08-Jun-2017_rpm570_doc0p002_window_0003,2inchStickout/F_08-Jun-2017_rpm570_doc0p002,test,42,1,cv_evaluation,chatter,1,0.10644784,64
turning,cnn_ae,global_mae,2inchStickout_F_08-Jun-2017_rpm570_doc0p002_window_0004,2inchStickout/F_08-Jun-2017_rpm570_doc0p002,train,42,1,cv_evaluation,no_chatter,0,0.07926091,64
turning,cnn_ae,global_mae,2inchStickout_F_08-Jun-2017_rpm570_doc0p002_window_0005,2inchStickout/F_08-Jun-2017_rpm570_doc0p002,train,42,1,cv_evaluation,no_chatter,0,0.12285599,64
turning,cnn_ae,global_mae,2inchStickout_F_08-Jun-2017_rpm570_doc0p005_window_0000,2inchStickout/F_08-Jun-2017_rpm570_doc0p005,train,42,1,cv_evaluation,no_chatter,0,0.051419113,64
turning,cnn_ae,global_mae,2inchStickout_F_08-Jun-2017_rpm570_doc0p005_window_0001,2inchStickout/F_08-Jun-2017_rpm570_doc0p005,test,42,1,cv_evaluation,no_chatter,0,0.0507986,64
turning,cnn_ae,global_mae,2inchStickout_F_08-Jun-2017_rpm570_doc0p005_window_0002,2inchStickout/F_08-Jun-2017_rpm570_doc0p005,test,42,1,cv_evaluation,chatter,1,0.08247235,64
turning,cnn_ae,global_mae,2inchStickout_F_08-Jun-2017_rpm570_doc0p005_window_0003,2inchStickout/F_08-Jun-2017_rpm570_doc0p005,train,42,1,cv_evaluation,no_chatter,0,0.072806485,64
turning,cnn_ae,global_mae,2p5inchStickout_F_12-Jun-2017_rpm570_doc0p012_window_0000,2p5inchStickout/F_12-Jun-2017_rpm570_doc0p012,train,42,1,cv_evaluation,no_chatter,0,0.048805468,64
turning,cnn_ae,global_mae,2p5inchStickout_F_12-Jun-2017_rpm570_doc0p012_window_0001,2p5inchStickout/F_12-Jun-2017_rpm570_doc0p012,train,42,1,cv_evaluation,no_chatter,0,0.055315193,64
turning,cnn_ae,global_mae,2p5inchStickout_F_12-Jun-2017_rpm570_doc0p012_window_0002,2p5inchStickout/F_12-Jun-2017_rpm570_doc0p012,test,42,1,cv_evaluation,chatter,1,0.079257935,64
turning,cnn_ae,global_mae,2p5inchStickout_F_12-Jun-2017_rpm570_doc0p012_window_0003,2p5inchStickout/F_12-Jun-2017_rpm570_doc0p012,train,42,1,cv_evaluation,no_chatter,0,0.06786953,64
turning,cnn_ae,global_mae,2p5inchStickout_F_12-Jun-2017_rpm570_doc0p012_window_0004,2p5inchStickout/F_12-Jun-2017_rpm570_doc0p012,train,42,1,cv_evaluation,no_chatter,0,0.068029836,64
turning,cnn_ae,global_mae,2p5inchStickout_F_12-Jun-2017_rpm570_doc0p012_window_0005,2p5inchStickout/F_12-Jun-2017_rpm570_doc0p012,train,42,1,cv_evaluation,no_chatter,0,0.07071259,64
turning,cnn_ae,global_mae,2p5inchStickout_F_12-Jun-2017_rpm570_doc0p012_window_0006,2p5inchStickout/F_12-Jun-2017_rpm570_doc0p012,validation,42,1,cv_evaluation,no_chatter,0,0.061731283,64
turning,cnn_ae,global_mae,2p5inchStickout_F_12-Jun-2017_rpm570_doc0p012_window_0007,2p5inchStickout/F_12-Jun-2017_rpm570_doc0p012,train,42,1,cv_evaluation,no_chatter,0,0.061790917,64
turning,cnn_ae,global_mae,2p5inchStickout_F_12-Jun-2017_rpm570_doc0p012_window_0008,2p5inchStickout/F_12-Jun-2017_rpm570_doc0p012,validation,42,1,cv_evaluation,no_chatter,0,0.061878428,64
turning,cnn_ae,global_mae,2p5inchStickout_F_12-Jun-2017_rpm570_doc0p012_window_0009,2p5inchStickout/F_12-Jun-2017_rpm570_doc0p012,validation,42,1,cv_evaluation,no_chatter,0,0.06169734,64
turning,cnn_ae,global_mae,2p5inchStickout_F_12-Jun-2017_rpm570_doc0p014_window_0000,2p5inchStickout/F_12-Jun-2017_rpm570_doc0p014,train,42,1,cv_evaluation,no_chatter,0,0.04872358,64
turning,cnn_ae,global_mae,2p5inchStickout_F_12-Jun-2017_rpm570_doc0p014_window_0001,2p5inchStickout/F_12-Jun-2017_rpm570_doc0p014,train,42,1,cv_evaluation,no_chatter,0,0.049475037,64
turning,cnn_ae,global_mae,2p5inchStickout_F_12-Jun-2017_rpm570_doc0p014_window_0002,2p5inchStickout/F_12-Jun-2017_rpm570_doc0p014,train,42,1,cv_evaluation,no_chatter,0,0.076047786,64
turning,cnn_ae,global_mae,2p5inchStickout_F_12-Jun-2017_rpm570_doc0p014_window_0003,2p5inchStickout/F_12-Jun-2017_rpm570_doc0p014,validation,42,1,cv_evaluation,no_chatter,0,0.06988344,64
turning,cnn_ae,global_mae,2p5inchStickout_F_12-Jun-2017_rpm570_doc0p014_window_0004,2p5inchStickout/F_12-Jun-2017_rpm570_doc0p014,validation,42,1,cv_evaluation,no_chatter,0,0.06701417,64
turning,cnn_ae,global_mae,2p5inchStickout_F_12-Jun-2017_rpm570_doc0p014_window_0005,2p5inchStickout/F_12-Jun-2017_rpm570_doc0p014,validation,42,1,cv_evaluation,no_chatter,0,0.06537884,64
turning,cnn_ae,global_mae,2p5inchStickout_F_12-Jun-2017_rpm770_doc0p005_window_0000,2p5inchStickout/F_12-Jun-2017_rpm770_doc0p005,train,42,1,cv_evaluation,no_chatter,0,0.04928678,64
turning,cnn_ae,global_mae,2p5inchStickout_F_12-Jun-2017_rpm770_doc0p005_window_0001,2p5inchStickout/F_12-Jun-2017_rpm770_doc0p005,train,42,1,cv_evaluation,no_chatter,0,0.09082433,64
turning,cnn_ae,global_mae,2p5inchStickout_F_12-Jun-2017_rpm770_doc0p005_window_0002,2p5inchStickout/F_12-Jun-2017_rpm770_doc0p005,train,42,1,cv_evaluation,no_chatter,0,0.0616284,64
turning,cnn_ae,global_mae,2p5inchStickout_F_12-Jun-2017_rpm770_doc0p005_window_0003,2p5inchStickout/F_12-Jun-2017_rpm770_doc0p005,train,42,1,cv_evaluation,no_chatter,0,0.080003515,64
turning,cnn_ae,global_mae,3p5inchStickout_F_12-Jun-2017_rpm570_doc0p025_window_0000,3p5inchStickout/F_12-Jun-2017_rpm570_doc0p025,validation,42,1,cv_evaluation,no_chatter,0,0.047224343,64
turning,cnn_ae,global_mae,3p5inchStickout_F_12-Jun-2017_rpm570_doc0p025_window_0001,3p5inchStickout/F_12-Jun-2017_rpm570_doc0p025,train,42,1,cv_evaluation,no_chatter,0,0.047365483,64
turning,cnn_ae,global_mae,3p5inchStickout_F_12-Jun-2017_rpm570_doc0p025_window_0002,3p5inchStickout/F_12-Jun-2017_rpm570_doc0p025,train,42,1,cv_evaluation,no_chatter,0,0.052042123,64
turning,cnn_ae,global_mae,3p5inchStickout_F_12-Jun-2017_rpm570_doc0p025_window_0003,3p5inchStickout/F_12-Jun-2017_rpm570_doc0p025,validation,42,1,cv_evaluation,no_chatter,0,0.0591332,64
turning,cnn_ae,global_mae,3p5inchStickout_F_12-Jun-2017_rpm570_doc0p025_window_0004,3p5inchStickout/F_12-Jun-2017_rpm570_doc0p025,train,42,1,cv_evaluation,no_chatter,0,0.056592606,64
turning,cnn_ae,global_mae,3p5inchStickout_F_12-Jun-2017_rpm570_doc0p025_window_0005,3p5inchStickout/F_12-Jun-2017_rpm570_doc0p025,train,42,1,cv_evaluation,no_chatter,0,0.06674666,64
turning,cnn_ae,global_mae,3p5inchStickout_F_12-Jun-2017_rpm570_doc0p025_window_0006,3p5inchStickout/F_12-Jun-2017_rpm570_doc0p025,train,42,1,cv_evaluation,no_chatter,0,0.06699037,64
turning,cnn_ae,global_mae,3p5inchStickout_F_12-Jun-2017_rpm570_doc0p025_window_0007,3p5inchStickout/F_12-Jun-2017_rpm570_doc0p025,train,42,1,cv_evaluation,no_chatter,0,0.064407684,64
turning,cnn_ae,global_mae,3p5inchStickout_F_12-Jun-2017_rpm570_doc0p025_window_0008,3p5inchStickout/F_12-Jun-2017_rpm570_doc0p025,train,42,1,cv_evaluation,no_chatter,0,0.059045378,64
turning,cnn_ae,global_mae,3p5inchStickout_F_12-Jun-2017_rpm570_doc0p025_window_0009,3p5inchStickout/F_12-Jun-2017_rpm570_doc0p025,train,42,1,cv_evaluation,no_chatter,0,0.06225575,64
turning,cnn_ae,global_mae,3p5inchStickout_F_14-Jun-2017_rpm1030_doc0p002_window_0000,3p5inchStickout/F_14-Jun-2017_rpm1030_doc0p002,train,42,1,cv_evaluation,no_chatter,0,0.046786036,64
turning,cnn_ae,global_mae,3p5inchStickout_F_14-Jun-2017_rpm1030_doc0p002_window_0001,3p5inchStickout/F_14-Jun-2017_rpm1030_doc0p002,train,42,1,cv_evaluation,no_chatter,0,0.12526025,64
turning,cnn_ae,global_mae,3p5inchStickout_F_14-Jun-2017_rpm1030_doc0p002_window_0002,3p5inchStickout/F_14-Jun-2017_rpm1030_doc0p002,train,42,1,cv_evaluation,no_chatter,0,0.15465304,64
turning,cnn_ae,global_mae,3p5inchStickout_F_14-Jun-2017_rpm770_doc0p010_window_0000,3p5inchStickout/F_14-Jun-2017_rpm770_doc0p010,train,42,1,cv_evaluation,no_chatter,0,0.047241878,64
turning,cnn_ae,global_mae,3p5inchStickout_F_14-Jun-2017_rpm770_doc0p010_window_0001,3p5inchStickout/F_14-Jun-2017_rpm770_doc0p010,train,42,1,cv_evaluation,no_chatter,0,0.049035758,64
turning,cnn_ae,global_mae,3p5inchStickout_F_14-Jun-2017_rpm770_doc0p010_window_0002,3p5inchStickout/F_14-Jun-2017_rpm770_doc0p010,train,42,1,cv_evaluation,no_chatter,0,0.08623792,64
turning,cnn_ae,global_mae,3p5inchStickout_F_14-Jun-2017_rpm770_doc0p010_window_0003,3p5inchStickout/F_14-Jun-2017_rpm770_doc0p010,train,42,1,cv_evaluation,no_chatter,0,0.08638401,64
turning,cnn_ae,global_mae,4p5inchStickout_F_12-Jun-2017_rpm570_doc0p040_window_0000,4p5inchStickout/F_12-Jun-2017_rpm570_doc0p040,train,42,1,cv_evaluation,no_chatter,0,0.048151024,64
turning,cnn_ae,global_mae,4p5inchStickout_F_12-Jun-2017_rpm570_doc0p040_window_0001,4p5inchStickout/F_12-Jun-2017_rpm570_doc0p040,train,42,1,cv_evaluation,no_chatter,0,0.047840003,64
turning,cnn_ae,global_mae,4p5inchStickout_F_12-Jun-2017_rpm570_doc0p040_window_0002,4p5inchStickout/F_12-Jun-2017_rpm570_doc0p040,train,42,1,cv_evaluation,no_chatter,0,0.04769039,64
turning,cnn_ae,global_mae,4p5inchStickout_F_12-Jun-2017_rpm570_doc0p040_window_0003,4p5inchStickout/F_12-Jun-2017_rpm570_doc0p040,train,42,1,cv_evaluation,no_chatter,0,0.047690794,64
turning,cnn_ae,global_mae,4p5inchStickout_F_12-Jun-2017_rpm570_doc0p040_window_0004,4p5inchStickout/F_12-Jun-2017_rpm570_doc0p040,train,42,1,cv_evaluation,no_chatter,0,0.04257521,64
turning,cnn_ae,global_mae,4p5inchStickout_F_12-Jun-2017_rpm570_doc0p040_window_0005,4p5inchStickout/F_12-Jun-2017_rpm570_doc0p040,train,42,1,cv_evaluation,no_chatter,0,0.042519983,64
turning,cnn_ae,global_mae,4p5inchStickout_F_12-Jun-2017_rpm570_doc0p040_window_0006,4p5inchStickout/F_12-Jun-2017_rpm570_doc0p040,train,42,1,cv_evaluation,no_chatter,0,0.074470244,64
turning,cnn_ae,global_mae,4p5inchStickout_F_12-Jun-2017_rpm570_doc0p040_window_0007,4p5inchStickout/F_12-Jun-2017_rpm570_doc0p040,train,42,1,cv_evaluation,no_chatter,0,0.08867474,64
turning,cnn_ae,global_mae,4p5inchStickout_F_12-Jun-2017_rpm570_doc0p040_window_0008,4p5inchStickout/F_12-Jun-2017_rpm570_doc0p040,train,42,1,cv_evaluation,no_chatter,0,0.08461519,64
turning,cnn_ae,global_mae,4p5inchStickout_F_12-Jun-2017_rpm570_doc0p040_window_0009,4p5inchStickout/F_12-Jun-2017_rpm570_doc0p040,train,42,1,cv_evaluation,no_chatter,0,0.0756927,64
turning,cnn_ae,global_mae,4p5inchStickout_F_12-Jun-2017_rpm570_doc0p040_window_0010,4p5inchStickout/F_12-Jun-2017_rpm570_doc0p040,train,42,1,cv_evaluation,no_chatter,0,0.060479373,64
turning,cnn_ae,global_mae,4p5inchStickout_F_12-Jun-2017_rpm570_doc0p040_window_0011,4p5inchStickout/F_12-Jun-2017_rpm570_doc0p040,train,42,1,cv_evaluation,no_chatter,0,0.050855055,64
turning,cnn_ae,global_mae,4p5inchStickout_F_13-Jun-2017_rpm1030_doc0p015_window_0000,4p5inchStickout/F_13-Jun-2017_rpm1030_doc0p015,train,42,1,cv_evaluation,no_chatter,0,0.04869716,64
turning,cnn_ae,global_mae,4p5inchStickout_F_13-Jun-2017_rpm1030_doc0p015_window_0001,4p5inchStickout/F_13-Jun-2017_rpm1030_doc0p015,train,42,1,cv_evaluation,no_chatter,0,0.06502073,64
turning,cnn_ae,global_mae,4p5inchStickout_F_13-Jun-2017_rpm1030_doc0p015_window_0002,4p5inchStickout/F_13-Jun-2017_rpm1030_doc0p015,train,42,1,cv_evaluation,no_chatter,0,0.09164047,64
turning,cnn_ae,global_mae,4p5inchStickout_F_13-Jun-2017_rpm1030_doc0p015_window_0003,4p5inchStickout/F_13-Jun-2017_rpm1030_doc0p015,validation,42,1,cv_evaluation,no_chatter,0,0.09462302,64
turning,cnn_ae,ver_max,2inchStickout_F_08-Jun-2017_rpm1030_doc0p001_window_0000,2inchStickout/F_08-Jun-2017_rpm1030_doc0p001,train,42,1,cv_evaluation,no_chatter,0,0.010884052,64
turning,cnn_ae,ver_max,2inchStickout_F_08-Jun-2017_rpm1030_doc0p001_window_0001,2inchStickout/F_08-Jun-2017_rpm1030_doc0p001,validation,42,1,cv_evaluation,chatter,1,0.12233462,64
turning,cnn_ae,ver_max,2inchStickout_F_08-Jun-2017_rpm1030_doc0p001_window_0002,2inchStickout/F_08-Jun-2017_rpm1030_doc0p001,validation,42,1,cv_evaluation,chatter,1,0.12961657,64
turning,cnn_ae,ver_max,2inchStickout_F_08-Jun-2017_rpm1030_doc0p001_window_0003,2inchStickout/F_08-Jun-2017_rpm1030_doc0p001,validation,42,1,cv_evaluation,chatter,1,0.15781741,64
turning,cnn_ae,ver_max,2inchStickout_F_08-Jun-2017_rpm320_doc0p010_window_0000,2inchStickout/F_08-Jun-2017_rpm320_doc0p010,train,42,1,cv_evaluation,no_chatter,0,0.0033154297,64
turning,cnn_ae,ver_max,2inchStickout_F_08-Jun-2017_rpm320_doc0p010_window_0001,2inchStickout/F_08-Jun-2017_rpm320_doc0p010,train,42,1,cv_evaluation,no_chatter,0,0.0032747525,64
turning,cnn_ae,ver_max,2inchStickout_F_08-Jun-2017_rpm320_doc0p010_window_0002,2inchStickout/F_08-Jun-2017_rpm320_doc0p010,train,42,1,cv_evaluation,no_chatter,0,0.0032742762,64
turning,cnn_ae,ver_max,2inchStickout_F_08-Jun-2017_rpm320_doc0p010_window_0003,2inchStickout/F_08-Jun-2017_rpm320_doc0p010,train,42,1,cv_evaluation,no_chatter,0,0.003681961,64
turning,cnn_ae,ver_max,2inchStickout_F_08-Jun-2017_rpm320_doc0p010_window_0004,2inchStickout/F_08-Jun-2017_rpm320_doc0p010,train,42,1,cv_evaluation,no_chatter,0,0.0035939042,64
turning,cnn_ae,ver_max,2inchStickout_F_08-Jun-2017_rpm320_doc0p010_window_0005,2inchStickout/F_08-Jun-2017_rpm320_doc0p010,validation,42,1,cv_evaluation,no_chatter,0,0.0031460593,64
turning,cnn_ae,ver_max,2inchStickout_F_08-Jun-2017_rpm320_doc0p010_window_0006,2inchStickout/F_08-Jun-2017_rpm320_doc0p010,validation,42,1,cv_evaluation,no_chatter,0,0.0036801775,64
turning,cnn_ae,ver_max,2inchStickout_F_08-Jun-2017_rpm320_doc0p010_window_0007,2inchStickout/F_08-Jun-2017_rpm320_doc0p010,train,42,1,cv_evaluation,no_chatter,0,0.0044838674,64
turning,cnn_ae,ver_max,2inchStickout_F_08-Jun-2017_rpm320_doc0p010_window_0008,2inchStickout/F_08-Jun-2017_rpm320_doc0p010,validation,42,1,cv_evaluation,no_chatter,0,0.0057028886,64
turning,cnn_ae,ver_max,2inchStickout_F_08-Jun-2017_rpm320_doc0p010_window_0009,2inchStickout/F_08-Jun-2017_rpm320_doc0p010,train,42,1,cv_evaluation,no_chatter,0,0.017736746,64
turning,cnn_ae,ver_max,2inchStickout_F_08-Jun-2017_rpm320_doc0p010_window_0010,2inchStickout/F_08-Jun-2017_rpm320_doc0p010,train,42,1,cv_evaluation,no_chatter,0,0.024550702,64
turning,cnn_ae,ver_max,2inchStickout_F_08-Jun-2017_rpm320_doc0p010_window_0011,2inchStickout/F_08-Jun-2017_rpm320_doc0p010,validation,42,1,cv_evaluation,no_chatter,0,0.017605675,64
turning,cnn_ae,ver_max,2inchStickout_F_08-Jun-2017_rpm320_doc0p010_window_0012,2inchStickout/F_08-Jun-2017_rpm320_doc0p010,train,42,1,cv_evaluation,no_chatter,0,0.012474726,64
turning,cnn_ae,ver_max,2inchStickout_F_08-Jun-2017_rpm320_doc0p010_window_0013,2inchStickout/F_08-Jun-2017_rpm320_doc0p010,validation,42,1,cv_evaluation,no_chatter,0,0.012812913,64
turning,cnn_ae,ver_max,2inchStickout_F_08-Jun-2017_rpm320_doc0p010_window_0014,2inchStickout/F_08-Jun-2017_rpm320_doc0p010,train,42,1,cv_evaluation,no_chatter,0,0.012874891,64
turning,cnn_ae,ver_max,2inchStickout_F_08-Jun-2017_rpm320_doc0p010_window_0015,2inchStickout/F_08-Jun-2017_rpm320_doc0p010,train,42,1,cv_evaluation,no_chatter,0,0.009884436,64
turning,cnn_ae,ver_max,2inchStickout_F_08-Jun-2017_rpm320_doc0p010_window_0016,2inchStickout/F_08-Jun-2017_rpm320_doc0p010,train,42,1,cv_evaluation,no_chatter,0,0.010158787,64
turning,cnn_ae,ver_max,2inchStickout_F_08-Jun-2017_rpm320_doc0p010_window_0017,2inchStickout/F_08-Jun-2017_rpm320_doc0p010,train,42,1,cv_evaluation,no_chatter,0,0.008556412,64
turning,cnn_ae,ver_max,2inchStickout_F_08-Jun-2017_rpm320_doc0p010_window_0018,2inchStickout/F_08-Jun-2017_rpm320_doc0p010,train,42,1,cv_evaluation,no_chatter,0,0.007870005,64
turning,cnn_ae,ver_max,2inchStickout_F_08-Jun-2017_rpm320_doc0p010_window_0019,2inchStickout/F_08-Jun-2017_rpm320_doc0p010,train,42,1,cv_evaluation,no_chatter,0,0.00663424,64
turning,cnn_ae,ver_max,2inchStickout_F_08-Jun-2017_rpm320_doc0p010_window_0020,2inchStickout/F_08-Jun-2017_rpm320_doc0p010,train,42,1,cv_evaluation,no_chatter,0,0.006115099,64
turning,cnn_ae,ver_max,2inchStickout_F_08-Jun-2017_rpm320_doc0p010_window_0021,2inchStickout/F_08-Jun-2017_rpm320_doc0p010,train,42,1,cv_evaluation,no_chatter,0,0.007079342,64
turning,cnn_ae,ver_max,2inchStickout_F_08-Jun-2017_rpm320_doc0p010_window_0022,2inchStickout/F_08-Jun-2017_rpm320_doc0p010,train,42,1,cv_evaluation,no_chatter,0,0.011713514,64
turning,cnn_ae,ver_max,2inchStickout_F_08-Jun-2017_rpm320_doc0p010_window_0023,2inchStickout/F_08-Jun-2017_rpm320_doc0p010,train,42,1,cv_evaluation,no_chatter,0,0.0065244846,64
turning,cnn_ae,ver_max,2inchStickout_F_08-Jun-2017_rpm320_doc0p045_window_0000,2inchStickout/F_08-Jun-2017_rpm320_doc0p045,train,42,1,cv_evaluation,no_chatter,0,0.0036101532,64
turning,cnn_ae,ver_max,2inchStickout_F_08-Jun-2017_rpm320_doc0p045_window_0001,2inchStickout/F_08-Jun-2017_rpm320_doc0p045,train,42,1,cv_evaluation,no_chatter,0,0.003663467,64
turning,cnn_ae,ver_max,2inchStickout_F_08-Jun-2017_rpm320_doc0p045_window_0002,2inchStickout/F_08-Jun-2017_rpm320_doc0p045,train,42,1,cv_evaluation,no_chatter,0,0.005543669,64
turning,cnn_ae,ver_max,2inchStickout_F_08-Jun-2017_rpm320_doc0p045_window_0003,2inchStickout/F_08-Jun-2017_rpm320_doc0p045,train,42,1,cv_evaluation,no_chatter,0,0.0056653502,64
turning,cnn_ae,ver_max,2inchStickout_F_08-Jun-2017_rpm320_doc0p045_window_0004,2inchStickout/F_08-Jun-2017_rpm320_doc0p045,train,42,1,cv_evaluation,no_chatter,0,0.0063916524,64
turning,cnn_ae,ver_max,2inchStickout_F_08-Jun-2017_rpm320_doc0p045_window_0005,2inchStickout/F_08-Jun-2017_rpm320_doc0p045,train,42,1,cv_evaluation,no_chatter,0,0.008751166,64
turning,cnn_ae,ver_max,2inchStickout_F_08-Jun-2017_rpm320_doc0p045_window_0006,2inchStickout/F_08-Jun-2017_rpm320_doc0p045,train,42,1,cv_evaluation,no_chatter,0,0.008804591,64
turning,cnn_ae,ver_max,2inchStickout_F_08-Jun-2017_rpm320_doc0p045_window_0007,2inchStickout/F_08-Jun-2017_rpm320_doc0p045,train,42,1,cv_evaluation,no_chatter,0,0.008277366,64
turning,cnn_ae,ver_max,2inchStickout_F_08-Jun-2017_rpm320_doc0p045_window_0008,2inchStickout/F_08-Jun-2017_rpm320_doc0p045,train,42,1,cv_evaluation,no_chatter,0,0.007870439,64
turning,cnn_ae,ver_max,2inchStickout_F_08-Jun-2017_rpm320_doc0p045_window_0009,2inchStickout/F_08-Jun-2017_rpm320_doc0p045,validation,42,1,cv_evaluation,no_chatter,0,0.0075833197,64
turning,cnn_ae,ver_max,2inchStickout_F_08-Jun-2017_rpm320_doc0p045_window_0010,2inchStickout/F_08-Jun-2017_rpm320_doc0p045,train,42,1,cv_evaluation,no_chatter,0,0.007536701,64
turning,cnn_ae,ver_max,2inchStickout_F_08-Jun-2017_rpm320_doc0p045_window_0011,2inchStickout/F_08-Jun-2017_rpm320_doc0p045,train,42,1,cv_evaluation,no_chatter,0,0.0057415767,64
turning,cnn_ae,ver_max,2inchStickout_F_08-Jun-2017_rpm320_doc0p045_window_0012,2inchStickout/F_08-Jun-2017_rpm320_doc0p045,train,42,1,cv_evaluation,no_chatter,0,0.005368995,64
turning,cnn_ae,ver_max,2inchStickout_F_08-Jun-2017_rpm320_doc0p045_window_0013,2inchStickout/F_08-Jun-2017_rpm320_doc0p045,train,42,1,cv_evaluation,no_chatter,0,0.005107563,64
turning,cnn_ae,ver_max,2inchStickout_F_08-Jun-2017_rpm320_doc0p045_window_0014,2inchStickout/F_08-Jun-2017_rpm320_doc0p045,train,42,1,cv_evaluation,no_chatter,0,0.0045287223,64
turning,cnn_ae,ver_max,2inchStickout_F_08-Jun-2017_rpm320_doc0p045_window_0015,2inchStickout/F_08-Jun-2017_rpm320_doc0p045,validation,42,1,cv_evaluation,no_chatter,0,0.004072485,64
turning,cnn_ae,ver_max,2inchStickout_F_08-Jun-2017_rpm320_doc0p045_window_0016,2inchStickout/F_08-Jun-2017_rpm320_doc0p045,validation,42,1,cv_evaluation,no_chatter,0,0.0042020953,64
turning,cnn_ae,ver_max,2inchStickout_F_08-Jun-2017_rpm320_doc0p045_window_0017,2inchStickout/F_08-Jun-2017_rpm320_doc0p045,validation,42,1,cv_evaluation,no_chatter,0,0.0053274985,64
turning,cnn_ae,ver_max,2inchStickout_F_08-Jun-2017_rpm320_doc0p045_window_0018,2inchStickout/F_08-Jun-2017_rpm320_doc0p045,train,42,1,cv_evaluation,no_chatter,0,0.006028312,64
turning,cnn_ae,ver_max,2inchStickout_F_08-Jun-2017_rpm320_doc0p045_window_0019,2inchStickout/F_08-Jun-2017_rpm320_doc0p045,train,42,1,cv_evaluation,no_chatter,0,0.008822194,64
turning,cnn_ae,ver_max,2inchStickout_F_08-Jun-2017_rpm320_doc0p045_window_0020,2inchStickout/F_08-Jun-2017_rpm320_doc0p045,train,42,1,cv_evaluation,no_chatter,0,0.010352072,64
turning,cnn_ae,ver_max,2inchStickout_F_08-Jun-2017_rpm320_doc0p045_window_0021,2inchStickout/F_08-Jun-2017_rpm320_doc0p045,train,42,1,cv_evaluation,no_chatter,0,0.01341317,64
turning,cnn_ae,ver_max,2inchStickout_F_08-Jun-2017_rpm320_doc0p045_window_0022,2inchStickout/F_08-Jun-2017_rpm320_doc0p045,train,42,1,cv_evaluation,no_chatter,0,0.007038864,64
turning,cnn_ae,ver_max,2inchStickout_F_08-Jun-2017_rpm320_doc0p045_window_0023,2inchStickout/F_08-Jun-2017_rpm320_doc0p045,train,42,1,cv_evaluation,no_chatter,0,0.007199987,64
turning,cnn_ae,ver_max,2inchStickout_F_08-Jun-2017_rpm320_doc0p060_xAccDetached_window_0000,2inchStickout/F_08-Jun-2017_rpm320_doc0p060_xAccDetached,train,42,1,cv_evaluation,no_chatter,0,0.0033874975,64
turning,cnn_ae,ver_max,2inchStickout_F_08-Jun-2017_rpm320_doc0p060_xAccDetached_window_0001,2inchStickout/F_08-Jun-2017_rpm320_doc0p060_xAccDetached,train,42,1,cv_evaluation,no_chatter,0,0.0037436727,64
turning,cnn_ae,ver_max,2inchStickout_F_08-Jun-2017_rpm320_doc0p060_xAccDetached_window_0002,2inchStickout/F_08-Jun-2017_rpm320_doc0p060_xAccDetached,train,42,1,cv_evaluation,no_chatter,0,0.0060383515,64
turning,cnn_ae,ver_max,2inchStickout_F_08-Jun-2017_rpm320_doc0p060_xAccDetached_window_0003,2inchStickout/F_08-Jun-2017_rpm320_doc0p060_xAccDetached,validation,42,1,cv_evaluation,no_chatter,0,0.004086452,64
turning,cnn_ae,ver_max,2inchStickout_F_08-Jun-2017_rpm320_doc0p060_xAccDetached_window_0004,2inchStickout/F_08-Jun-2017_rpm320_doc0p060_xAccDetached,train,42,1,cv_evaluation,no_chatter,0,0.005125688,64
turning,cnn_ae,ver_max,2inchStickout_F_08-Jun-2017_rpm320_doc0p060_xAccDetached_window_0005,2inchStickout/F_08-Jun-2017_rpm320_doc0p060_xAccDetached,train,42,1,cv_evaluation,no_chatter,0,0.004885702,64
turning,cnn_ae,ver_max,2inchStickout_F_08-Jun-2017_rpm320_doc0p060_xAccDetached_window_0006,2inchStickout/F_08-Jun-2017_rpm320_doc0p060_xAccDetached,train,42,1,cv_evaluation,no_chatter,0,0.004904734,64
turning,cnn_ae,ver_max,2inchStickout_F_08-Jun-2017_rpm320_doc0p060_xAccDetached_window_0007,2inchStickout/F_08-Jun-2017_rpm320_doc0p060_xAccDetached,train,42,1,cv_evaluation,no_chatter,0,0.0050279014,64
turning,cnn_ae,ver_max,2inchStickout_F_08-Jun-2017_rpm320_doc0p060_xAccDetached_window_0008,2inchStickout/F_08-Jun-2017_rpm320_doc0p060_xAccDetached,train,42,1,cv_evaluation,no_chatter,0,0.006495143,64
turning,cnn_ae,ver_max,2inchStickout_F_08-Jun-2017_rpm320_doc0p060_xAccDetached_window_0009,2inchStickout/F_08-Jun-2017_rpm320_doc0p060_xAccDetached,train,42,1,cv_evaluation,no_chatter,0,0.005346482,64
turning,cnn_ae,ver_max,2inchStickout_F_08-Jun-2017_rpm320_doc0p060_xAccDetached_window_0010,2inchStickout/F_08-Jun-2017_rpm320_doc0p060_xAccDetached,train,42,1,cv_evaluation,no_chatter,0,0.005012563,64
turning,cnn_ae,ver_max,2inchStickout_F_08-Jun-2017_rpm320_doc0p060_xAccDetached_window_0011,2inchStickout/F_08-Jun-2017_rpm320_doc0p060_xAccDetached,train,42,1,cv_evaluation,no_chatter,0,0.003905988,64
turning,cnn_ae,ver_max,2inchStickout_F_08-Jun-2017_rpm425_doc0p025_window_0000,2inchStickout/F_08-Jun-2017_rpm425_doc0p025,train,42,1,cv_evaluation,no_chatter,0,0.0037779897,64
turning,cnn_ae,ver_max,2inchStickout_F_08-Jun-2017_rpm425_doc0p025_window_0001,2inchStickout/F_08-Jun-2017_rpm425_doc0p025,train,42,1,cv_evaluation,no_chatter,0,0.0038658734,64
turning,cnn_ae,ver_max,2inchStickout_F_08-Jun-2017_rpm425_doc0p025_window_0002,2inchStickout/F_08-Jun-2017_rpm425_doc0p025,test,42,1,cv_evaluation,no_chatter,0,0.004699301,64
turning,cnn_ae,ver_max,2inchStickout_F_08-Jun-2017_rpm425_doc0p025_window_0003,2inchStickout/F_08-Jun-2017_rpm425_doc0p025,train,42,1,cv_evaluation,no_chatter,0,0.023789454,64
turning,cnn_ae,ver_max,2inchStickout_F_08-Jun-2017_rpm425_doc0p025_window_0004,2inchStickout/F_08-Jun-2017_rpm425_doc0p025,validation,42,1,cv_evaluation,chatter,1,0.03839514,64
turning,cnn_ae,ver_max,2inchStickout_F_08-Jun-2017_rpm425_doc0p025_window_0005,2inchStickout/F_08-Jun-2017_rpm425_doc0p025,validation,42,1,cv_evaluation,chatter,1,0.040413294,64
turning,cnn_ae,ver_max,2inchStickout_F_08-Jun-2017_rpm425_doc0p025_window_0006,2inchStickout/F_08-Jun-2017_rpm425_doc0p025,validation,42,1,cv_evaluation,chatter,1,0.040125906,64
turning,cnn_ae,ver_max,2inchStickout_F_08-Jun-2017_rpm425_doc0p025_window_0007,2inchStickout/F_08-Jun-2017_rpm425_doc0p025,validation,42,1,cv_evaluation,chatter,1,0.039503418,64
turning,cnn_ae,ver_max,2inchStickout_F_08-Jun-2017_rpm570_doc0p002_window_0000,2inchStickout/F_08-Jun-2017_rpm570_doc0p002,train,42,1,cv_evaluation,no_chatter,0,0.004003828,64
turning,cnn_ae,ver_max,2inchStickout_F_08-Jun-2017_rpm570_doc0p002_window_0001,2inchStickout/F_08-Jun-2017_rpm570_doc0p002,train,42,1,cv_evaluation,no_chatter,0,0.006069673,64
turning,cnn_ae,ver_max,2inchStickout_F_08-Jun-2017_rpm570_doc0p002_window_0002,2inchStickout/F_08-Jun-2017_rpm570_doc0p002,test,42,1,cv_evaluation,chatter,1,0.02783347,64
turning,cnn_ae,ver_max,2inchStickout_F_08-Jun-2017_rpm570_doc0p002_window_0003,2inchStickout/F_08-Jun-2017_rpm570_doc0p002,test,42,1,cv_evaluation,chatter,1,0.03911971,64
turning,cnn_ae,ver_max,2inchStickout_F_08-Jun-2017_rpm570_doc0p002_window_0004,2inchStickout/F_08-Jun-2017_rpm570_doc0p002,train,42,1,cv_evaluation,no_chatter,0,0.018317379,64
turning,cnn_ae,ver_max,2inchStickout_F_08-Jun-2017_rpm570_doc0p002_window_0005,2inchStickout/F_08-Jun-2017_rpm570_doc0p002,train,42,1,cv_evaluation,no_chatter,0,0.06674284,64
turning,cnn_ae,ver_max,2inchStickout_F_08-Jun-2017_rpm570_doc0p005_window_0000,2inchStickout/F_08-Jun-2017_rpm570_doc0p005,train,42,1,cv_evaluation,no_chatter,0,0.0041230097,64
turning,cnn_ae,ver_max,2inchStickout_F_08-Jun-2017_rpm570_doc0p005_window_0001,2inchStickout/F_08-Jun-2017_rpm570_doc0p005,test,42,1,cv_evaluation,no_chatter,0,0.0056792744,64
turning,cnn_ae,ver_max,2inchStickout_F_08-Jun-2017_rpm570_doc0p005_window_0002,2inchStickout/F_08-Jun-2017_rpm570_doc0p005,test,42,1,cv_evaluation,chatter,1,0.03590156,64
turning,cnn_ae,ver_max,2inchStickout_F_08-Jun-2017_rpm570_doc0p005_window_0003,2inchStickout/F_08-Jun-2017_rpm570_doc0p005,train,42,1,cv_evaluation,no_chatter,0,0.018318476,64
turning,cnn_ae,ver_max,2p5inchStickout_F_12-Jun-2017_rpm570_doc0p012_window_0000,2p5inchStickout/F_12-Jun-2017_rpm570_doc0p012,train,42,1,cv_evaluation,no_chatter,0,0.0033863708,64
turning,cnn_ae,ver_max,2p5inchStickout_F_12-Jun-2017_rpm570_doc0p012_window_0001,2p5inchStickout/F_12-Jun-2017_rpm570_doc0p012,train,42,1,cv_evaluation,no_chatter,0,0.016557118,64
turning,cnn_ae,ver_max,2p5inchStickout_F_12-Jun-2017_rpm570_doc0p012_window_0002,2p5inchStickout/F_12-Jun-2017_rpm570_doc0p012,test,42,1,cv_evaluation,chatter,1,0.021526067,64
turning,cnn_ae,ver_max,2p5inchStickout_F_12-Jun-2017_rpm570_doc0p012_window_0003,2p5inchStickout/F_12-Jun-2017_rpm570_doc0p012,train,42,1,cv_evaluation,no_chatter,0,0.014068478,64
turning,cnn_ae,ver_max,2p5inchStickout_F_12-Jun-2017_rpm570_doc0p012_window_0004,2p5inchStickout/F_12-Jun-2017_rpm570_doc0p012,train,42,1,cv_evaluation,no_chatter,0,0.012856681,64
turning,cnn_ae,ver_max,2p5inchStickout_F_12-Jun-2017_rpm570_doc0p012_window_0005,2p5inchStickout/F_12-Jun-2017_rpm570_doc0p012,train,42,1,cv_evaluation,no_chatter,0,0.016042512,64
turning,cnn_ae,ver_max,2p5inchStickout_F_12-Jun-2017_rpm570_doc0p012_window_0006,2p5inchStickout/F_12-Jun-2017_rpm570_doc0p012,validation,42,1,cv_evaluation,no_chatter,0,0.010859238,64
turning,cnn_ae,ver_max,2p5inchStickout_F_12-Jun-2017_rpm570_doc0p012_window_0007,2p5inchStickout/F_12-Jun-2017_rpm570_doc0p012,train,42,1,cv_evaluation,no_chatter,0,0.010239776,64
turning,cnn_ae,ver_max,2p5inchStickout_F_12-Jun-2017_rpm570_doc0p012_window_0008,2p5inchStickout/F_12-Jun-2017_rpm570_doc0p012,validation,42,1,cv_evaluation,no_chatter,0,0.01060241,64
turning,cnn_ae,ver_max,2p5inchStickout_F_12-Jun-2017_rpm570_doc0p012_window_0009,2p5inchStickout/F_12-Jun-2017_rpm570_doc0p012,validation,42,1,cv_evaluation,no_chatter,0,0.009982133,64
turning,cnn_ae,ver_max,2p5inchStickout_F_12-Jun-2017_rpm570_doc0p014_window_0000,2p5inchStickout/F_12-Jun-2017_rpm570_doc0p014,train,42,1,cv_evaluation,no_chatter,0,0.0032847647,64
turning,cnn_ae,ver_max,2p5inchStickout_F_12-Jun-2017_rpm570_doc0p014_window_0001,2p5inchStickout/F_12-Jun-2017_rpm570_doc0p014,train,42,1,cv_evaluation,no_chatter,0,0.0070969285,64
turning,cnn_ae,ver_max,2p5inchStickout_F_12-Jun-2017_rpm570_doc0p014_window_0002,2p5inchStickout/F_12-Jun-2017_rpm570_doc0p014,train,42,1,cv_evaluation,no_chatter,0,0.022018405,64
turning,cnn_ae,ver_max,2p5inchStickout_F_12-Jun-2017_rpm570_doc0p014_window_0003,2p5inchStickout/F_12-Jun-2017_rpm570_doc0p014,validation,42,1,cv_evaluation,no_chatter,0,0.014041816,64
turning,cnn_ae,ver_max,2p5inchStickout_F_12-Jun-2017_rpm570_doc0p014_window_0004,2p5inchStickout/F_12-Jun-2017_rpm570_doc0p014,validation,42,1,cv_evaluation,no_chatter,0,0.012616415,64
turning,cnn_ae,ver_max,2p5inchStickout_F_12-Jun-2017_rpm570_doc0p014_window_0005,2p5inchStickout/F_12-Jun-2017_rpm570_doc0p014,validation,42,1,cv_evaluation,no_chatter,0,0.011362465,64
turning,cnn_ae,ver_max,2p5inchStickout_F_12-Jun-2017_rpm770_doc0p005_window_0000,2p5inchStickout/F_12-Jun-2017_rpm770_doc0p005,train,42,1,cv_evaluation,no_chatter,0,0.006790631,64
turning,cnn_ae,ver_max,2p5inchStickout_F_12-Jun-2017_rpm770_doc0p005_window_0001,2p5inchStickout/F_12-Jun-2017_rpm770_doc0p005,train,42,1,cv_evaluation,no_chatter,0,0.04949025,64
turning,cnn_ae,ver_max,2p5inchStickout_F_12-Jun-2017_rpm770_doc0p005_window_0002,2p5inchStickout/F_12-Jun-2017_rpm770_doc0p005,train,42,1,cv_evaluation,no_chatter,0,0.009865297,64
turning,cnn_ae,ver_max,2p5inchStickout_F_12-Jun-2017_rpm770_doc0p005_window_0003,2p5inchStickout/F_12-Jun-2017_rpm770_doc0p005,train,42,1,cv_evaluation,no_chatter,0,0.019169603,64
turning,cnn_ae,ver_max,3p5inchStickout_F_12-Jun-2017_rpm570_doc0p025_window_0000,3p5inchStickout/F_12-Jun-2017_rpm570_doc0p025,validation,42,1,cv_evaluation,no_chatter,0,0.002826437,64
turning,cnn_ae,ver_max,3p5inchStickout_F_12-Jun-2017_rpm570_doc0p025_window_0001,3p5inchStickout/F_12-Jun-2017_rpm570_doc0p025,train,42,1,cv_evaluation,no_chatter,0,0.0045562335,64
turning,cnn_ae,ver_max,3p5inchStickout_F_12-Jun-2017_rpm570_doc0p025_window_0002,3p5inchStickout/F_12-Jun-2017_rpm570_doc0p025,train,42,1,cv_evaluation,no_chatter,0,0.0060931225,64
turning,cnn_ae,ver_max,3p5inchStickout_F_12-Jun-2017_rpm570_doc0p025_window_0003,3p5inchStickout/F_12-Jun-2017_rpm570_doc0p025,validation,42,1,cv_evaluation,no_chatter,0,0.010282001,64
turning,cnn_ae,ver_max,3p5inchStickout_F_12-Jun-2017_rpm570_doc0p025_window_0004,3p5inchStickout/F_12-Jun-2017_rpm570_doc0p025,train,42,1,cv_evaluation,no_chatter,0,0.0080634225,64
turning,cnn_ae,ver_max,3p5inchStickout_F_12-Jun-2017_rpm570_doc0p025_window_0005,3p5inchStickout/F_12-Jun-2017_rpm570_doc0p025,train,42,1,cv_evaluation,no_chatter,0,0.016984437,64
turning,cnn_ae,ver_max,3p5inchStickout_F_12-Jun-2017_rpm570_doc0p025_window_0006,3p5inchStickout/F_12-Jun-2017_rpm570_doc0p025,train,42,1,cv_evaluation,no_chatter,0,0.0146745015,64
turning,cnn_ae,ver_max,3p5inchStickout_F_12-Jun-2017_rpm570_doc0p025_window_0007,3p5inchStickout/F_12-Jun-2017_rpm570_doc0p025,train,42,1,cv_evaluation,no_chatter,0,0.011778915,64
turning,cnn_ae,ver_max,3p5inchStickout_F_12-Jun-2017_rpm570_doc0p025_window_0008,3p5inchStickout/F_12-Jun-2017_rpm570_doc0p025,train,42,1,cv_evaluation,no_chatter,0,0.009416196,64
turning,cnn_ae,ver_max,3p5inchStickout_F_12-Jun-2017_rpm570_doc0p025_window_0009,3p5inchStickout/F_12-Jun-2017_rpm570_doc0p025,train,42,1,cv_evaluation,no_chatter,0,0.010611019,64
turning,cnn_ae,ver_max,3p5inchStickout_F_14-Jun-2017_rpm1030_doc0p002_window_0000,3p5inchStickout/F_14-Jun-2017_rpm1030_doc0p002,train,42,1,cv_evaluation,no_chatter,0,0.0027547157,64
turning,cnn_ae,ver_max,3p5inchStickout_F_14-Jun-2017_rpm1030_doc0p002_window_0001,3p5inchStickout/F_14-Jun-2017_rpm1030_doc0p002,train,42,1,cv_evaluation,no_chatter,0,0.06603758,64
turning,cnn_ae,ver_max,3p5inchStickout_F_14-Jun-2017_rpm1030_doc0p002_window_0002,3p5inchStickout/F_14-Jun-2017_rpm1030_doc0p002,train,42,1,cv_evaluation,no_chatter,0,0.057687324,64
turning,cnn_ae,ver_max,3p5inchStickout_F_14-Jun-2017_rpm770_doc0p010_window_0000,3p5inchStickout/F_14-Jun-2017_rpm770_doc0p010,train,42,1,cv_evaluation,no_chatter,0,0.0029071916,64
turning,cnn_ae,ver_max,3p5inchStickout_F_14-Jun-2017_rpm770_doc0p010_window_0001,3p5inchStickout/F_14-Jun-2017_rpm770_doc0p010,train,42,1,cv_evaluation,no_chatter,0,0.0074568354,64
turning,cnn_ae,ver_max,3p5inchStickout_F_14-Jun-2017_rpm770_doc0p010_window_0002,3p5inchStickout/F_14-Jun-2017_rpm770_doc0p010,train,42,1,cv_evaluation,no_chatter,0,0.028373847,64
turning,cnn_ae,ver_max,3p5inchStickout_F_14-Jun-2017_rpm770_doc0p010_window_0003,3p5inchStickout/F_14-Jun-2017_rpm770_doc0p010,train,42,1,cv_evaluation,no_chatter,0,0.027526015,64
turning,cnn_ae,ver_max,4p5inchStickout_F_12-Jun-2017_rpm570_doc0p040_window_0000,4p5inchStickout/F_12-Jun-2017_rpm570_doc0p040,train,42,1,cv_evaluation,no_chatter,0,0.00299821,64
turning,cnn_ae,ver_max,4p5inchStickout_F_12-Jun-2017_rpm570_doc0p040_window_0001,4p5inchStickout/F_12-Jun-2017_rpm570_doc0p040,train,42,1,cv_evaluation,no_chatter,0,0.0028818639,64
turning,cnn_ae,ver_max,4p5inchStickout_F_12-Jun-2017_rpm570_doc0p040_window_0002,4p5inchStickout/F_12-Jun-2017_rpm570_doc0p040,train,42,1,cv_evaluation,no_chatter,0,0.002821881,64
turning,cnn_ae,ver_max,4p5inchStickout_F_12-Jun-2017_rpm570_doc0p040_window_0003,4p5inchStickout/F_12-Jun-2017_rpm570_doc0p040,train,42,1,cv_evaluation,no_chatter,0,0.0028212203,64
turning,cnn_ae,ver_max,4p5inchStickout_F_12-Jun-2017_rpm570_doc0p040_window_0004,4p5inchStickout/F_12-Jun-2017_rpm570_doc0p040,train,42,1,cv_evaluation,no_chatter,0,0.0029117826,64
turning,cnn_ae,ver_max,4p5inchStickout_F_12-Jun-2017_rpm570_doc0p040_window_0005,4p5inchStickout/F_12-Jun-2017_rpm570_doc0p040,train,42,1,cv_evaluation,no_chatter,0,0.004012643,64
turning,cnn_ae,ver_max,4p5inchStickout_F_12-Jun-2017_rpm570_doc0p040_window_0006,4p5inchStickout/F_12-Jun-2017_rpm570_doc0p040,train,42,1,cv_evaluation,no_chatter,0,0.014006212,64
turning,cnn_ae,ver_max,4p5inchStickout_F_12-Jun-2017_rpm570_doc0p040_window_0007,4p5inchStickout/F_12-Jun-2017_rpm570_doc0p040,train,42,1,cv_evaluation,no_chatter,0,0.015965048,64
turning,cnn_ae,ver_max,4p5inchStickout_F_12-Jun-2017_rpm570_doc0p040_window_0008,4p5inchStickout/F_12-Jun-2017_rpm570_doc0p040,train,42,1,cv_evaluation,no_chatter,0,0.014932048,64
turning,cnn_ae,ver_max,4p5inchStickout_F_12-Jun-2017_rpm570_doc0p040_window_0009,4p5inchStickout/F_12-Jun-2017_rpm570_doc0p040,train,42,1,cv_evaluation,no_chatter,0,0.012802281,64
turning,cnn_ae,ver_max,4p5inchStickout_F_12-Jun-2017_rpm570_doc0p040_window_0010,4p5inchStickout/F_12-Jun-2017_rpm570_doc0p040,train,42,1,cv_evaluation,no_chatter,0,0.00990766,64
turning,cnn_ae,ver_max,4p5inchStickout_F_12-Jun-2017_rpm570_doc0p040_window_0011,4p5inchStickout/F_12-Jun-2017_rpm570_doc0p040,train,42,1,cv_evaluation,no_chatter,0,0.008047089,64
turning,cnn_ae,ver_max,4p5inchStickout_F_13-Jun-2017_rpm1030_doc0p015_window_0000,4p5inchStickout/F_13-Jun-2017_rpm1030_doc0p015,train,42,1,cv_evaluation,no_chatter,0,0.003159086,64
turning,cnn_ae,ver_max,4p5inchStickout_F_13-Jun-2017_rpm1030_doc0p015_window_0001,4p5inchStickout/F_13-Jun-2017_rpm1030_doc0p015,train,42,1,cv_evaluation,no_chatter,0,0.024923429,64
turning,cnn_ae,ver_max,4p5inchStickout_F_13-Jun-2017_rpm1030_doc0p015_window_0002,4p5inchStickout/F_13-Jun-2017_rpm1030_doc0p015,train,42,1,cv_evaluation,no_chatter,0,0.024264246,64
turning,cnn_ae,ver_max,4p5inchStickout_F_13-Jun-2017_rpm1030_doc0p015_window_0003,4p5inchStickout/F_13-Jun-2017_rpm1030_doc0p015,validation,42,1,cv_evaluation,no_chatter,0,0.024275947,64
turning,cnn_ae,ver_topk,2inchStickout_F_08-Jun-2017_rpm1030_doc0p001_window_0000,2inchStickout/F_08-Jun-2017_rpm1030_doc0p001,train,42,1,cv_evaluation,no_chatter,0,0.00741249,64
turning,cnn_ae,ver_topk,2inchStickout_F_08-Jun-2017_rpm1030_doc0p001_window_0001,2inchStickout/F_08-Jun-2017_rpm1030_doc0p001,validation,42,1,cv_evaluation,chatter,1,0.121236056,64
turning,cnn_ae,ver_topk,2inchStickout_F_08-Jun-2017_rpm1030_doc0p001_window_0002,2inchStickout/F_08-Jun-2017_rpm1030_doc0p001,validation,42,1,cv_evaluation,chatter,1,0.12721987,64
turning,cnn_ae,ver_topk,2inchStickout_F_08-Jun-2017_rpm1030_doc0p001_window_0003,2inchStickout/F_08-Jun-2017_rpm1030_doc0p001,validation,42,1,cv_evaluation,chatter,1,0.15530418,64
turning,cnn_ae,ver_topk,2inchStickout_F_08-Jun-2017_rpm320_doc0p010_window_0000,2inchStickout/F_08-Jun-2017_rpm320_doc0p010,train,42,1,cv_evaluation,no_chatter,0,0.0032932758,64
turning,cnn_ae,ver_topk,2inchStickout_F_08-Jun-2017_rpm320_doc0p010_window_0001,2inchStickout/F_08-Jun-2017_rpm320_doc0p010,train,42,1,cv_evaluation,no_chatter,0,0.0032638803,64
turning,cnn_ae,ver_topk,2inchStickout_F_08-Jun-2017_rpm320_doc0p010_window_0002,2inchStickout/F_08-Jun-2017_rpm320_doc0p010,train,42,1,cv_evaluation,no_chatter,0,0.0032602649,64
turning,cnn_ae,ver_topk,2inchStickout_F_08-Jun-2017_rpm320_doc0p010_window_0003,2inchStickout/F_08-Jun-2017_rpm320_doc0p010,train,42,1,cv_evaluation,no_chatter,0,0.003599412,64
turning,cnn_ae,ver_topk,2inchStickout_F_08-Jun-2017_rpm320_doc0p010_window_0004,2inchStickout/F_08-Jun-2017_rpm320_doc0p010,train,42,1,cv_evaluation,no_chatter,0,0.0034089906,64
turning,cnn_ae,ver_topk,2inchStickout_F_08-Jun-2017_rpm320_doc0p010_window_0005,2inchStickout/F_08-Jun-2017_rpm320_doc0p010,validation,42,1,cv_evaluation,no_chatter,0,0.0031144796,64
turning,cnn_ae,ver_topk,2inchStickout_F_08-Jun-2017_rpm320_doc0p010_window_0006,2inchStickout/F_08-Jun-2017_rpm320_doc0p010,validation,42,1,cv_evaluation,no_chatter,0,0.0033187103,64
turning,cnn_ae,ver_topk,2inchStickout_F_08-Jun-2017_rpm320_doc0p010_window_0007,2inchStickout/F_08-Jun-2017_rpm320_doc0p010,train,42,1,cv_evaluation,no_chatter,0,0.0041922447,64
turning,cnn_ae,ver_topk,2inchStickout_F_08-Jun-2017_rpm320_doc0p010_window_0008,2inchStickout/F_08-Jun-2017_rpm320_doc0p010,validation,42,1,cv_evaluation,no_chatter,0,0.0054778135,64
turning,cnn_ae,ver_topk,2inchStickout_F_08-Jun-2017_rpm320_doc0p010_window_0009,2inchStickout/F_08-Jun-2017_rpm320_doc0p010,train,42,1,cv_evaluation,no_chatter,0,0.01595849,64
turning,cnn_ae,ver_topk,2inchStickout_F_08-Jun-2017_rpm320_doc0p010_window_0010,2inchStickout/F_08-Jun-2017_rpm320_doc0p010,train,42,1,cv_evaluation,no_chatter,0,0.023054479,64
turning,cnn_ae,ver_topk,2inchStickout_F_08-Jun-2017_rpm320_doc0p010_window_0011,2inchStickout/F_08-Jun-2017_rpm320_doc0p010,validation,42,1,cv_evaluation,no_chatter,0,0.017265657,64
turning,cnn_ae,ver_topk,2inchStickout_F_08-Jun-2017_rpm320_doc0p010_window_0012,2inchStickout/F_08-Jun-2017_rpm320_doc0p010,train,42,1,cv_evaluation,no_chatter,0,0.010356751,64
turning,cnn_ae,ver_topk,2inchStickout_F_08-Jun-2017_rpm320_doc0p010_window_0013,2inchStickout/F_08-Jun-2017_rpm320_doc0p010,validation,42,1,cv_evaluation,no_chatter,0,0.012750088,64
turning,cnn_ae,ver_topk,2inchStickout_F_08-Jun-2017_rpm320_doc0p010_window_0014,2inchStickout/F_08-Jun-2017_rpm320_doc0p010,train,42,1,cv_evaluation,no_chatter,0,0.012132096,64
turning,cnn_ae,ver_topk,2inchStickout_F_08-Jun-2017_rpm320_doc0p010_window_0015,2inchStickout/F_08-Jun-2017_rpm320_doc0p010,train,42,1,cv_evaluation,no_chatter,0,0.007911387,64
turning,cnn_ae,ver_topk,2inchStickout_F_08-Jun-2017_rpm320_doc0p010_window_0016,2inchStickout/F_08-Jun-2017_rpm320_doc0p010,train,42,1,cv_evaluation,no_chatter,0,0.008819675,64
turning,cnn_ae,ver_topk,2inchStickout_F_08-Jun-2017_rpm320_doc0p010_window_0017,2inchStickout/F_08-Jun-2017_rpm320_doc0p010,train,42,1,cv_evaluation,no_chatter,0,0.007812709,64
turning,cnn_ae,ver_topk,2inchStickout_F_08-Jun-2017_rpm320_doc0p010_window_0018,2inchStickout/F_08-Jun-2017_rpm320_doc0p010,train,42,1,cv_evaluation,no_chatter,0,0.0073815663,64
turning,cnn_ae,ver_topk,2inchStickout_F_08-Jun-2017_rpm320_doc0p010_window_0019,2inchStickout/F_08-Jun-2017_rpm320_doc0p010,train,42,1,cv_evaluation,no_chatter,0,0.0063248104,64
turning,cnn_ae,ver_topk,2inchStickout_F_08-Jun-2017_rpm320_doc0p010_window_0020,2inchStickout/F_08-Jun-2017_rpm320_doc0p010,train,42,1,cv_evaluation,no_chatter,0,0.005529213,64
turning,cnn_ae,ver_topk,2inchStickout_F_08-Jun-2017_rpm320_doc0p010_window_0021,2inchStickout/F_08-Jun-2017_rpm320_doc0p010,train,42,1,cv_evaluation,no_chatter,0,0.006733842,64
turning,cnn_ae,ver_topk,2inchStickout_F_08-Jun-2017_rpm320_doc0p010_window_0022,2inchStickout/F_08-Jun-2017_rpm320_doc0p010,train,42,1,cv_evaluation,no_chatter,0,0.009359294,64
turning,cnn_ae,ver_topk,2inchStickout_F_08-Jun-2017_rpm320_doc0p010_window_0023,2inchStickout/F_08-Jun-2017_rpm320_doc0p010,train,42,1,cv_evaluation,no_chatter,0,0.006118461,64
turning,cnn_ae,ver_topk,2inchStickout_F_08-Jun-2017_rpm320_doc0p045_window_0000,2inchStickout/F_08-Jun-2017_rpm320_doc0p045,train,42,1,cv_evaluation,no_chatter,0,0.0035073187,64
turning,cnn_ae,ver_topk,2inchStickout_F_08-Jun-2017_rpm320_doc0p045_window_0001,2inchStickout/F_08-Jun-2017_rpm320_doc0p045,train,42,1,cv_evaluation,no_chatter,0,0.0035925172,64
turning,cnn_ae,ver_topk,2inchStickout_F_08-Jun-2017_rpm320_doc0p045_window_0002,2inchStickout/F_08-Jun-2017_rpm320_doc0p045,train,42,1,cv_evaluation,no_chatter,0,0.0050489786,64
turning,cnn_ae,ver_topk,2inchStickout_F_08-Jun-2017_rpm320_doc0p045_window_0003,2inchStickout/F_08-Jun-2017_rpm320_doc0p045,train,42,1,cv_evaluation,no_chatter,0,0.005059056,64
turning,cnn_ae,ver_topk,2inchStickout_F_08-Jun-2017_rpm320_doc0p045_window_0004,2inchStickout/F_08-Jun-2017_rpm320_doc0p045,train,42,1,cv_evaluation,no_chatter,0,0.0062007303,64
turning,cnn_ae,ver_topk,2inchStickout_F_08-Jun-2017_rpm320_doc0p045_window_0005,2inchStickout/F_08-Jun-2017_rpm320_doc0p045,train,42,1,cv_evaluation,no_chatter,0,0.008294498,64
turning,cnn_ae,ver_topk,2inchStickout_F_08-Jun-2017_rpm320_doc0p045_window_0006,2inchStickout/F_08-Jun-2017_rpm320_doc0p045,train,42,1,cv_evaluation,no_chatter,0,0.008510324,64
turning,cnn_ae,ver_topk,2inchStickout_F_08-Jun-2017_rpm320_doc0p045_window_0007,2inchStickout/F_08-Jun-2017_rpm320_doc0p045,train,42,1,cv_evaluation,no_chatter,0,0.008141667,64
turning,cnn_ae,ver_topk,2inchStickout_F_08-Jun-2017_rpm320_doc0p045_window_0008,2inchStickout/F_08-Jun-2017_rpm320_doc0p045,train,42,1,cv_evaluation,no_chatter,0,0.0076601524,64
turning,cnn_ae,ver_topk,2inchStickout_F_08-Jun-2017_rpm320_doc0p045_window_0009,2inchStickout/F_08-Jun-2017_rpm320_doc0p045,validation,42,1,cv_evaluation,no_chatter,0,0.0074497927,64
turning,cnn_ae,ver_topk,2inchStickout_F_08-Jun-2017_rpm320_doc0p045_window_0010,2inchStickout/F_08-Jun-2017_rpm320_doc0p045,train,42,1,cv_evaluation,no_chatter,0,0.007469069,64
turning,cnn_ae,ver_topk,2inchStickout_F_08-Jun-2017_rpm320_doc0p045_window_0011,2inchStickout/F_08-Jun-2017_rpm320_doc0p045,train,42,1,cv_evaluation,no_chatter,0,0.0057022125,64
turning,cnn_ae,ver_topk,2inchStickout_F_08-Jun-2017_rpm320_doc0p045_window_0012,2inchStickout/F_08-Jun-2017_rpm320_doc0p045,train,42,1,cv_evaluation,no_chatter,0,0.00522608,64
turning,cnn_ae,ver_topk,2inchStickout_F_08-Jun-2017_rpm320_doc0p045_window_0013,2inchStickout/F_08-Jun-2017_rpm320_doc0p045,train,42,1,cv_evaluation,no_chatter,0,0.004955122,64
turning,cnn_ae,ver_topk,2inchStickout_F_08-Jun-2017_rpm320_doc0p045_window_0014,2inchStickout/F_08-Jun-2017_rpm320_doc0p045,train,42,1,cv_evaluation,no_chatter,0,0.004460622,64
turning,cnn_ae,ver_topk,2inchStickout_F_08-Jun-2017_rpm320_doc0p045_window_0015,2inchStickout/F_08-Jun-2017_rpm320_doc0p045,validation,42,1,cv_evaluation,no_chatter,0,0.0040087164,64
turning,cnn_ae,ver_topk,2inchStickout_F_08-Jun-2017_rpm320_doc0p045_window_0016,2inchStickout/F_08-Jun-2017_rpm320_doc0p045,validation,42,1,cv_evaluation,no_chatter,0,0.0040892162,64
turning,cnn_ae,ver_topk,2inchStickout_F_08-Jun-2017_rpm320_doc0p045_window_0017,2inchStickout/F_08-Jun-2017_rpm320_doc0p045,validation,42,1,cv_evaluation,no_chatter,0,0.004866258,64
turning,cnn_ae,ver_topk,2inchStickout_F_08-Jun-2017_rpm320_doc0p045_window_0018,2inchStickout/F_08-Jun-2017_rpm320_doc0p045,train,42,1,cv_evaluation,no_chatter,0,0.005890651,64
turning,cnn_ae,ver_topk,2inchStickout_F_08-Jun-2017_rpm320_doc0p045_window_0019,2inchStickout/F_08-Jun-2017_rpm320_doc0p045,train,42,1,cv_evaluation,no_chatter,0,0.008474216,64
turning,cnn_ae,ver_topk,2inchStickout_F_08-Jun-2017_rpm320_doc0p045_window_0020,2inchStickout/F_08-Jun-2017_rpm320_doc0p045,train,42,1,cv_evaluation,no_chatter,0,0.009427364,64
turning,cnn_ae,ver_topk,2inchStickout_F_08-Jun-2017_rpm320_doc0p045_window_0021,2inchStickout/F_08-Jun-2017_rpm320_doc0p045,train,42,1,cv_evaluation,no_chatter,0,0.011123374,64
turning,cnn_ae,ver_topk,2inchStickout_F_08-Jun-2017_rpm320_doc0p045_window_0022,2inchStickout/F_08-Jun-2017_rpm320_doc0p045,train,42,1,cv_evaluation,no_chatter,0,0.00680249,64
turning,cnn_ae,ver_topk,2inchStickout_F_08-Jun-2017_rpm320_doc0p045_window_0023,2inchStickout/F_08-Jun-2017_rpm320_doc0p045,train,42,1,cv_evaluation,no_chatter,0,0.006855613,64
turning,cnn_ae,ver_topk,2inchStickout_F_08-Jun-2017_rpm320_doc0p060_xAccDetached_window_0000,2inchStickout/F_08-Jun-2017_rpm320_doc0p060_xAccDetached,train,42,1,cv_evaluation,no_chatter,0,0.0033787433,64
turning,cnn_ae,ver_topk,2inchStickout_F_08-Jun-2017_rpm320_doc0p060_xAccDetached_window_0001,2inchStickout/F_08-Jun-2017_rpm320_doc0p060_xAccDetached,train,42,1,cv_evaluation,no_chatter,0,0.0035378113,64
turning,cnn_ae,ver_topk,2inchStickout_F_08-Jun-2017_rpm320_doc0p060_xAccDetached_window_0002,2inchStickout/F_08-Jun-2017_rpm320_doc0p060_xAccDetached,train,42,1,cv_evaluation,no_chatter,0,0.005540864,64
turning,cnn_ae,ver_topk,2inchStickout_F_08-Jun-2017_rpm320_doc0p060_xAccDetached_window_0003,2inchStickout/F_08-Jun-2017_rpm320_doc0p060_xAccDetached,validation,42,1,cv_evaluation,no_chatter,0,0.003894278,64
turning,cnn_ae,ver_topk,2inchStickout_F_08-Jun-2017_rpm320_doc0p060_xAccDetached_window_0004,2inchStickout/F_08-Jun-2017_rpm320_doc0p060_xAccDetached,train,42,1,cv_evaluation,no_chatter,0,0.004650404,64
turning,cnn_ae,ver_topk,2inchStickout_F_08-Jun-2017_rpm320_doc0p060_xAccDetached_window_0005,2inchStickout/F_08-Jun-2017_rpm320_doc0p060_xAccDetached,train,42,1,cv_evaluation,no_chatter,0,0.004635621,64
turning,cnn_ae,ver_topk,2inchStickout_F_08-Jun-2017_rpm320_doc0p060_xAccDetached_window_0006,2inchStickout/F_08-Jun-2017_rpm320_doc0p060_xAccDetached,train,42,1,cv_evaluation,no_chatter,0,0.004669978,64
turning,cnn_ae,ver_topk,2inchStickout_F_08-Jun-2017_rpm320_doc0p060_xAccDetached_window_0007,2inchStickout/F_08-Jun-2017_rpm320_doc0p060_xAccDetached,train,42,1,cv_evaluation,no_chatter,0,0.0048780907,64
turning,cnn_ae,ver_topk,2inchStickout_F_08-Jun-2017_rpm320_doc0p060_xAccDetached_window_0008,2inchStickout/F_08-Jun-2017_rpm320_doc0p060_xAccDetached,train,42,1,cv_evaluation,no_chatter,0,0.0056103193,64
turning,cnn_ae,ver_topk,2inchStickout_F_08-Jun-2017_rpm320_doc0p060_xAccDetached_window_0009,2inchStickout/F_08-Jun-2017_rpm320_doc0p060_xAccDetached,train,42,1,cv_evaluation,no_chatter,0,0.0051287287,64
turning,cnn_ae,ver_topk,2inchStickout_F_08-Jun-2017_rpm320_doc0p060_xAccDetached_window_0010,2inchStickout/F_08-Jun-2017_rpm320_doc0p060_xAccDetached,train,42,1,cv_evaluation,no_chatter,0,0.0047318973,64
turning,cnn_ae,ver_topk,2inchStickout_F_08-Jun-2017_rpm320_doc0p060_xAccDetached_window_0011,2inchStickout/F_08-Jun-2017_rpm320_doc0p060_xAccDetached,train,42,1,cv_evaluation,no_chatter,0,0.003865093,64
turning,cnn_ae,ver_topk,2inchStickout_F_08-Jun-2017_rpm425_doc0p025_window_0000,2inchStickout/F_08-Jun-2017_rpm425_doc0p025,train,42,1,cv_evaluation,no_chatter,0,0.0037625972,64
turning,cnn_ae,ver_topk,2inchStickout_F_08-Jun-2017_rpm425_doc0p025_window_0001,2inchStickout/F_08-Jun-2017_rpm425_doc0p025,train,42,1,cv_evaluation,no_chatter,0,0.0038485106,64
turning,cnn_ae,ver_topk,2inchStickout_F_08-Jun-2017_rpm425_doc0p025_window_0002,2inchStickout/F_08-Jun-2017_rpm425_doc0p025,test,42,1,cv_evaluation,no_chatter,0,0.00468001,64
turning,cnn_ae,ver_topk,2inchStickout_F_08-Jun-2017_rpm425_doc0p025_window_0003,2inchStickout/F_08-Jun-2017_rpm425_doc0p025,train,42,1,cv_evaluation,no_chatter,0,0.018684391,64
turning,cnn_ae,ver_topk,2inchStickout_F_08-Jun-2017_rpm425_doc0p025_window_0004,2inchStickout/F_08-Jun-2017_rpm425_doc0p025,validation,42,1,cv_evaluation,chatter,1,0.037450325,64
turning,cnn_ae,ver_topk,2inchStickout_F_08-Jun-2017_rpm425_doc0p025_window_0005,2inchStickout/F_08-Jun-2017_rpm425_doc0p025,validation,42,1,cv_evaluation,chatter,1,0.039763168,64
turning,cnn_ae,ver_topk,2inchStickout_F_08-Jun-2017_rpm425_doc0p025_window_0006,2inchStickout/F_08-Jun-2017_rpm425_doc0p025,validation,42,1,cv_evaluation,chatter,1,0.03886302,64
turning,cnn_ae,ver_topk,2inchStickout_F_08-Jun-2017_rpm425_doc0p025_window_0007,2inchStickout/F_08-Jun-2017_rpm425_doc0p025,validation,42,1,cv_evaluation,chatter,1,0.037328687,64
turning,cnn_ae,ver_topk,2inchStickout_F_08-Jun-2017_rpm570_doc0p002_window_0000,2inchStickout/F_08-Jun-2017_rpm570_doc0p002,train,42,1,cv_evaluation,no_chatter,0,0.0039811623,64
turning,cnn_ae,ver_topk,2inchStickout_F_08-Jun-2017_rpm570_doc0p002_window_0001,2inchStickout/F_08-Jun-2017_rpm570_doc0p002,train,42,1,cv_evaluation,no_chatter,0,0.005251543,64
turning,cnn_ae,ver_topk,2inchStickout_F_08-Jun-2017_rpm570_doc0p002_window_0002,2inchStickout/F_08-Jun-2017_rpm570_doc0p002,test,42,1,cv_evaluation,chatter,1,0.023954362,64
turning,cnn_ae,ver_topk,2inchStickout_F_08-Jun-2017_rpm570_doc0p002_window_0003,2inchStickout/F_08-Jun-2017_rpm570_doc0p002,test,42,1,cv_evaluation,chatter,1,0.038044717,64
turning,cnn_ae,ver_topk,2inchStickout_F_08-Jun-2017_rpm570_doc0p002_window_0004,2inchStickout/F_08-Jun-2017_rpm570_doc0p002,train,42,1,cv_evaluation,no_chatter,0,0.017877072,64
turning,cnn_ae,ver_topk,2inchStickout_F_08-Jun-2017_rpm570_doc0p002_window_0005,2inchStickout/F_08-Jun-2017_rpm570_doc0p002,train,42,1,cv_evaluation,no_chatter,0,0.058663752,64
turning,cnn_ae,ver_topk,2inchStickout_F_08-Jun-2017_rpm570_doc0p005_window_0000,2inchStickout/F_08-Jun-2017_rpm570_doc0p005,train,42,1,cv_evaluation,no_chatter,0,0.0040943534,64
turning,cnn_ae,ver_topk,2inchStickout_F_08-Jun-2017_rpm570_doc0p005_window_0001,2inchStickout/F_08-Jun-2017_rpm570_doc0p005,test,42,1,cv_evaluation,no_chatter,0,0.005602373,64
turning,cnn_ae,ver_topk,2inchStickout_F_08-Jun-2017_rpm570_doc0p005_window_0002,2inchStickout/F_08-Jun-2017_rpm570_doc0p005,test,42,1,cv_evaluation,chatter,1,0.03348491,64
turning,cnn_ae,ver_topk,2inchStickout_F_08-Jun-2017_rpm570_doc0p005_window_0003,2inchStickout/F_08-Jun-2017_rpm570_doc0p005,train,42,1,cv_evaluation,no_chatter,0,0.015665738,64
turning,cnn_ae,ver_topk,2p5inchStickout_F_12-Jun-2017_rpm570_doc0p012_window_0000,2p5inchStickout/F_12-Jun-2017_rpm570_doc0p012,train,42,1,cv_evaluation,no_chatter,0,0.0033757351,64
turning,cnn_ae,ver_topk,2p5inchStickout_F_12-Jun-2017_rpm570_doc0p012_window_0001,2p5inchStickout/F_12-Jun-2017_rpm570_doc0p012,train,42,1,cv_evaluation,no_chatter,0,0.013139348,64
turning,cnn_ae,ver_topk,2p5inchStickout_F_12-Jun-2017_rpm570_doc0p012_window_0002,2p5inchStickout/F_12-Jun-2017_rpm570_doc0p012,test,42,1,cv_evaluation,chatter,1,0.020383226,64
turning,cnn_ae,ver_topk,2p5inchStickout_F_12-Jun-2017_rpm570_doc0p012_window_0003,2p5inchStickout/F_12-Jun-2017_rpm570_doc0p012,train,42,1,cv_evaluation,no_chatter,0,0.013897813,64
turning,cnn_ae,ver_topk,2p5inchStickout_F_12-Jun-2017_rpm570_doc0p012_window_0004,2p5inchStickout/F_12-Jun-2017_rpm570_doc0p012,train,42,1,cv_evaluation,no_chatter,0,0.012694583,64
turning,cnn_ae,ver_topk,2p5inchStickout_F_12-Jun-2017_rpm570_doc0p012_window_0005,2p5inchStickout/F_12-Jun-2017_rpm570_doc0p012,train,42,1,cv_evaluation,no_chatter,0,0.015945118,64
turning,cnn_ae,ver_topk,2p5inchStickout_F_12-Jun-2017_rpm570_doc0p012_window_0006,2p5inchStickout/F_12-Jun-2017_rpm570_doc0p012,validation,42,1,cv_evaluation,no_chatter,0,0.010044581,64
turning,cnn_ae,ver_topk,2p5inchStickout_F_12-Jun-2017_rpm570_doc0p012_window_0007,2p5inchStickout/F_12-Jun-2017_rpm570_doc0p012,train,42,1,cv_evaluation,no_chatter,0,0.009913211,64
turning,cnn_ae,ver_topk,2p5inchStickout_F_12-Jun-2017_rpm570_doc0p012_window_0008,2p5inchStickout/F_12-Jun-2017_rpm570_doc0p012,validation,42,1,cv_evaluation,no_chatter,0,0.010102459,64
turning,cnn_ae,ver_topk,2p5inchStickout_F_12-Jun-2017_rpm570_doc0p012_window_0009,2p5inchStickout/F_12-Jun-2017_rpm570_doc0p012,validation,42,1,cv_evaluation,no_chatter,0,0.009459445,64
turning,cnn_ae,ver_topk,2p5inchStickout_F_12-Jun-2017_rpm570_doc0p014_window_0000,2p5inchStickout/F_12-Jun-2017_rpm570_doc0p014,train,42,1,cv_evaluation,no_chatter,0,0.0032834064,64
turning,cnn_ae,ver_topk,2p5inchStickout_F_12-Jun-2017_rpm570_doc0p014_window_0001,2p5inchStickout/F_12-Jun-2017_rpm570_doc0p014,train,42,1,cv_evaluation,no_chatter,0,0.0066169933,64
turning,cnn_ae,ver_topk,2p5inchStickout_F_12-Jun-2017_rpm570_doc0p014_window_0002,2p5inchStickout/F_12-Jun-2017_rpm570_doc0p014,train,42,1,cv_evaluation,no_chatter,0,0.020413004,64
turning,cnn_ae,ver_topk,2p5inchStickout_F_12-Jun-2017_rpm570_doc0p014_window_0003,2p5inchStickout/F_12-Jun-2017_rpm570_doc0p014,validation,42,1,cv_evaluation,no_chatter,0,0.013463806,64
turning,cnn_ae,ver_topk,2p5inchStickout_F_12-Jun-2017_rpm570_doc0p014_window_0004,2p5inchStickout/F_12-Jun-2017_rpm570_doc0p014,validation,42,1,cv_evaluation,no_chatter,0,0.012282658,64
turning,cnn_ae,ver_topk,2p5inchStickout_F_12-Jun-2017_rpm570_doc0p014_window_0005,2p5inchStickout/F_12-Jun-2017_rpm570_doc0p014,validation,42,1,cv_evaluation,no_chatter,0,0.011142943,64
turning,cnn_ae,ver_topk,2p5inchStickout_F_12-Jun-2017_rpm770_doc0p005_window_0000,2p5inchStickout/F_12-Jun-2017_rpm770_doc0p005,train,42,1,cv_evaluation,no_chatter,0,0.004606048,64
turning,cnn_ae,ver_topk,2p5inchStickout_F_12-Jun-2017_rpm770_doc0p005_window_0001,2p5inchStickout/F_12-Jun-2017_rpm770_doc0p005,train,42,1,cv_evaluation,no_chatter,0,0.042683322,64
turning,cnn_ae,ver_topk,2p5inchStickout_F_12-Jun-2017_rpm770_doc0p005_window_0002,2p5inchStickout/F_12-Jun-2017_rpm770_doc0p005,train,42,1,cv_evaluation,no_chatter,0,0.009558448,64
turning,cnn_ae,ver_topk,2p5inchStickout_F_12-Jun-2017_rpm770_doc0p005_window_0003,2p5inchStickout/F_12-Jun-2017_rpm770_doc0p005,train,42,1,cv_evaluation,no_chatter,0,0.018885223,64
turning,cnn_ae,ver_topk,3p5inchStickout_F_12-Jun-2017_rpm570_doc0p025_window_0000,3p5inchStickout/F_12-Jun-2017_rpm570_doc0p025,validation,42,1,cv_evaluation,no_chatter,0,0.0028008337,64
turning,cnn_ae,ver_topk,3p5inchStickout_F_12-Jun-2017_rpm570_doc0p025_window_0001,3p5inchStickout/F_12-Jun-2017_rpm570_doc0p025,train,42,1,cv_evaluation,no_chatter,0,0.0044061854,64
turning,cnn_ae,ver_topk,3p5inchStickout_F_12-Jun-2017_rpm570_doc0p025_window_0002,3p5inchStickout/F_12-Jun-2017_rpm570_doc0p025,train,42,1,cv_evaluation,no_chatter,0,0.006034605,64
turning,cnn_ae,ver_topk,3p5inchStickout_F_12-Jun-2017_rpm570_doc0p025_window_0003,3p5inchStickout/F_12-Jun-2017_rpm570_doc0p025,validation,42,1,cv_evaluation,no_chatter,0,0.008988998,64
turning,cnn_ae,ver_topk,3p5inchStickout_F_12-Jun-2017_rpm570_doc0p025_window_0004,3p5inchStickout/F_12-Jun-2017_rpm570_doc0p025,train,42,1,cv_evaluation,no_chatter,0,0.0077597587,64
turning,cnn_ae,ver_topk,3p5inchStickout_F_12-Jun-2017_rpm570_doc0p025_window_0005,3p5inchStickout/F_12-Jun-2017_rpm570_doc0p025,train,42,1,cv_evaluation,no_chatter,0,0.014192703,64
turning,cnn_ae,ver_topk,3p5inchStickout_F_12-Jun-2017_rpm570_doc0p025_window_0006,3p5inchStickout/F_12-Jun-2017_rpm570_doc0p025,train,42,1,cv_evaluation,no_chatter,0,0.012979292,64
turning,cnn_ae,ver_topk,3p5inchStickout_F_12-Jun-2017_rpm570_doc0p025_window_0007,3p5inchStickout/F_12-Jun-2017_rpm570_doc0p025,train,42,1,cv_evaluation,no_chatter,0,0.011354647,64
turning,cnn_ae,ver_topk,3p5inchStickout_F_12-Jun-2017_rpm570_doc0p025_window_0008,3p5inchStickout/F_12-Jun-2017_rpm570_doc0p025,train,42,1,cv_evaluation,no_chatter,0,0.009064323,64
turning,cnn_ae,ver_topk,3p5inchStickout_F_12-Jun-2017_rpm570_doc0p025_window_0009,3p5inchStickout/F_12-Jun-2017_rpm570_doc0p025,train,42,1,cv_evaluation,no_chatter,0,0.010262356,64
turning,cnn_ae,ver_topk,3p5inchStickout_F_14-Jun-2017_rpm1030_doc0p002_window_0000,3p5inchStickout/F_14-Jun-2017_rpm1030_doc0p002,train,42,1,cv_evaluation,no_chatter,0,0.0027370949,64
turning,cnn_ae,ver_topk,3p5inchStickout_F_14-Jun-2017_rpm1030_doc0p002_window_0001,3p5inchStickout/F_14-Jun-2017_rpm1030_doc0p002,train,42,1,cv_evaluation,no_chatter,0,0.06407126,64
turning,cnn_ae,ver_topk,3p5inchStickout_F_14-Jun-2017_rpm1030_doc0p002_window_0002,3p5inchStickout/F_14-Jun-2017_rpm1030_doc0p002,train,42,1,cv_evaluation,no_chatter,0,0.056002274,64
turning,cnn_ae,ver_topk,3p5inchStickout_F_14-Jun-2017_rpm770_doc0p010_window_0000,3p5inchStickout/F_14-Jun-2017_rpm770_doc0p010,train,42,1,cv_evaluation,no_chatter,0,0.002900755,64
turning,cnn_ae,ver_topk,3p5inchStickout_F_14-Jun-2017_rpm770_doc0p010_window_0001,3p5inchStickout/F_14-Jun-2017_rpm770_doc0p010,train,42,1,cv_evaluation,no_chatter,0,0.006278362,64
turning,cnn_ae,ver_topk,3p5inchStickout_F_14-Jun-2017_rpm770_doc0p010_window_0002,3p5inchStickout/F_14-Jun-2017_rpm770_doc0p010,train,42,1,cv_evaluation,no_chatter,0,0.026576394,64
turning,cnn_ae,ver_topk,3p5inchStickout_F_14-Jun-2017_rpm770_doc0p010_window_0003,3p5inchStickout/F_14-Jun-2017_rpm770_doc0p010,train,42,1,cv_evaluation,no_chatter,0,0.02621968,64
turning,cnn_ae,ver_topk,4p5inchStickout_F_12-Jun-2017_rpm570_doc0p040_window_0000,4p5inchStickout/F_12-Jun-2017_rpm570_doc0p040,train,42,1,cv_evaluation,no_chatter,0,0.002957796,64
turning,cnn_ae,ver_topk,4p5inchStickout_F_12-Jun-2017_rpm570_doc0p040_window_0001,4p5inchStickout/F_12-Jun-2017_rpm570_doc0p040,train,42,1,cv_evaluation,no_chatter,0,0.0028581114,64
turning,cnn_ae,ver_topk,4p5inchStickout_F_12-Jun-2017_rpm570_doc0p040_window_0002,4p5inchStickout/F_12-Jun-2017_rpm570_doc0p040,train,42,1,cv_evaluation,no_chatter,0,0.0028096111,64
turning,cnn_ae,ver_topk,4p5inchStickout_F_12-Jun-2017_rpm570_doc0p040_window_0003,4p5inchStickout/F_12-Jun-2017_rpm570_doc0p040,train,42,1,cv_evaluation,no_chatter,0,0.0028101753,64
turning,cnn_ae,ver_topk,4p5inchStickout_F_12-Jun-2017_rpm570_doc0p040_window_0004,4p5inchStickout/F_12-Jun-2017_rpm570_doc0p040,train,42,1,cv_evaluation,no_chatter,0,0.0028304171,64
turning,cnn_ae,ver_topk,4p5inchStickout_F_12-Jun-2017_rpm570_doc0p040_window_0005,4p5inchStickout/F_12-Jun-2017_rpm570_doc0p040,train,42,1,cv_evaluation,no_chatter,0,0.0038417962,64
turning,cnn_ae,ver_topk,4p5inchStickout_F_12-Jun-2017_rpm570_doc0p040_window_0006,4p5inchStickout/F_12-Jun-2017_rpm570_doc0p040,train,42,1,cv_evaluation,no_chatter,0,0.013184593,64
turning,cnn_ae,ver_topk,4p5inchStickout_F_12-Jun-2017_rpm570_doc0p040_window_0007,4p5inchStickout/F_12-Jun-2017_rpm570_doc0p040,train,42,1,cv_evaluation,no_chatter,0,0.015797807,64
turning,cnn_ae,ver_topk,4p5inchStickout_F_12-Jun-2017_rpm570_doc0p040_window_0008,4p5inchStickout/F_12-Jun-2017_rpm570_doc0p040,train,42,1,cv_evaluation,no_chatter,0,0.014686621,64
turning,cnn_ae,ver_topk,4p5inchStickout_F_12-Jun-2017_rpm570_doc0p040_window_0009,4p5inchStickout/F_12-Jun-2017_rpm570_doc0p040,train,42,1,cv_evaluation,no_chatter,0,0.012454412,64
turning,cnn_ae,ver_topk,4p5inchStickout_F_12-Jun-2017_rpm570_doc0p040_window_0010,4p5inchStickout/F_12-Jun-2017_rpm570_doc0p040,train,42,1,cv_evaluation,no_chatter,0,0.00961404,64
turning,cnn_ae,ver_topk,4p5inchStickout_F_12-Jun-2017_rpm570_doc0p040_window_0011,4p5inchStickout/F_12-Jun-2017_rpm570_doc0p040,train,42,1,cv_evaluation,no_chatter,0,0.0074839876,64
turning,cnn_ae,ver_topk,4p5inchStickout_F_13-Jun-2017_rpm1030_doc0p015_window_0000,4p5inchStickout/F_13-Jun-2017_rpm1030_doc0p015,train,42,1,cv_evaluation,no_chatter,0,0.0031428167,64
turning,cnn_ae,ver_topk,4p5inchStickout_F_13-Jun-2017_rpm1030_doc0p015_window_0001,4p5inchStickout/F_13-Jun-2017_rpm1030_doc0p015,train,42,1,cv_evaluation,no_chatter,0,0.023782365,64
turning,cnn_ae,ver_topk,4p5inchStickout_F_13-Jun-2017_rpm1030_doc0p015_window_0002,4p5inchStickout/F_13-Jun-2017_rpm1030_doc0p015,train,42,1,cv_evaluation,no_chatter,0,0.020872256,64
turning,cnn_ae,ver_topk,4p5inchStickout_F_13-Jun-2017_rpm1030_doc0p015_window_0003,4p5inchStickout/F_13-Jun-2017_rpm1030_doc0p015,validation,42,1,cv_evaluation,no_chatter,0,0.023821523,64
turning,cnn_ae,global_mse,2inchStickout_F_08-Jun-2017_rpm320_doc0p015_window_0000,2inchStickout/F_08-Jun-2017_rpm320_doc0p015,train,42,2,cv_evaluation,no_chatter,0,5.14745e-05,64
turning,cnn_ae,global_mse,2inchStickout_F_08-Jun-2017_rpm320_doc0p015_window_0001,2inchStickout/F_08-Jun-2017_rpm320_doc0p015,validation,42,2,cv_evaluation,no_chatter,0,4.923272e-05,64
turning,cnn_ae,global_mse,2inchStickout_F_08-Jun-2017_rpm320_doc0p015_window_0002,2inchStickout/F_08-Jun-2017_rpm320_doc0p015,train,42,2,cv_evaluation,no_chatter,0,5.406827e-05,64
turning,cnn_ae,global_mse,2inchStickout_F_08-Jun-2017_rpm320_doc0p015_window_0003,2inchStickout/F_08-Jun-2017_rpm320_doc0p015,validation,42,2,cv_evaluation,no_chatter,0,0.00026645805,64
turning,cnn_ae,global_mse,2inchStickout_F_08-Jun-2017_rpm320_doc0p015_window_0004,2inchStickout/F_08-Jun-2017_rpm320_doc0p015,train,42,2,cv_evaluation,no_chatter,0,0.0005508413,64
turning,cnn_ae,global_mse,2inchStickout_F_08-Jun-2017_rpm320_doc0p015_window_0005,2inchStickout/F_08-Jun-2017_rpm320_doc0p015,train,42,2,cv_evaluation,no_chatter,0,0.00058419874,64
turning,cnn_ae,global_mse,2inchStickout_F_08-Jun-2017_rpm320_doc0p015_window_0006,2inchStickout/F_08-Jun-2017_rpm320_doc0p015,train,42,2,cv_evaluation,no_chatter,0,0.0006254513,64
turning,cnn_ae,global_mse,2inchStickout_F_08-Jun-2017_rpm320_doc0p015_window_0007,2inchStickout/F_08-Jun-2017_rpm320_doc0p015,train,42,2,cv_evaluation,no_chatter,0,0.00036197476,64
turning,cnn_ae,global_mse,2inchStickout_F_08-Jun-2017_rpm320_doc0p015_window_0008,2inchStickout/F_08-Jun-2017_rpm320_doc0p015,train,42,2,cv_evaluation,no_chatter,0,0.00044191742,64
turning,cnn_ae,global_mse,2inchStickout_F_08-Jun-2017_rpm320_doc0p015_window_0009,2inchStickout/F_08-Jun-2017_rpm320_doc0p015,train,42,2,cv_evaluation,no_chatter,0,0.00052142626,64
turning,cnn_ae,global_mse,2inchStickout_F_08-Jun-2017_rpm320_doc0p015_window_0010,2inchStickout/F_08-Jun-2017_rpm320_doc0p015,train,42,2,cv_evaluation,no_chatter,0,0.0004001897,64
turning,cnn_ae,global_mse,2inchStickout_F_08-Jun-2017_rpm320_doc0p015_window_0011,2inchStickout/F_08-Jun-2017_rpm320_doc0p015,train,42,2,cv_evaluation,no_chatter,0,0.0003661719,64
turning,cnn_ae,global_mse,2inchStickout_F_08-Jun-2017_rpm320_doc0p015_window_0012,2inchStickout/F_08-Jun-2017_rpm320_doc0p015,train,42,2,cv_evaluation,no_chatter,0,0.00035841472,64
turning,cnn_ae,global_mse,2inchStickout_F_08-Jun-2017_rpm320_doc0p015_window_0013,2inchStickout/F_08-Jun-2017_rpm320_doc0p015,validation,42,2,cv_evaluation,no_chatter,0,0.00047583153,64
turning,cnn_ae,global_mse,2inchStickout_F_08-Jun-2017_rpm320_doc0p015_window_0014,2inchStickout/F_08-Jun-2017_rpm320_doc0p015,validation,42,2,cv_evaluation,no_chatter,0,0.0006236012,64
turning,cnn_ae,global_mse,2inchStickout_F_08-Jun-2017_rpm320_doc0p015_window_0015,2inchStickout/F_08-Jun-2017_rpm320_doc0p015,train,42,2,cv_evaluation,no_chatter,0,0.0003747734,64
turning,cnn_ae,global_mse,2inchStickout_F_08-Jun-2017_rpm320_doc0p015_window_0016,2inchStickout/F_08-Jun-2017_rpm320_doc0p015,train,42,2,cv_evaluation,no_chatter,0,0.00048521592,64
turning,cnn_ae,global_mse,2inchStickout_F_08-Jun-2017_rpm320_doc0p015_window_0017,2inchStickout/F_08-Jun-2017_rpm320_doc0p015,train,42,2,cv_evaluation,no_chatter,0,0.00035341678,64
turning,cnn_ae,global_mse,2inchStickout_F_08-Jun-2017_rpm320_doc0p015_window_0018,2inchStickout/F_08-Jun-2017_rpm320_doc0p015,train,42,2,cv_evaluation,no_chatter,0,0.0003717931,64
turning,cnn_ae,global_mse,2inchStickout_F_08-Jun-2017_rpm320_doc0p015_window_0019,2inchStickout/F_08-Jun-2017_rpm320_doc0p015,train,42,2,cv_evaluation,no_chatter,0,0.00055478385,64
turning,cnn_ae,global_mse,2inchStickout_F_08-Jun-2017_rpm320_doc0p015_window_0020,2inchStickout/F_08-Jun-2017_rpm320_doc0p015,train,42,2,cv_evaluation,no_chatter,0,0.00047968567,64
turning,cnn_ae,global_mse,2inchStickout_F_08-Jun-2017_rpm320_doc0p015_window_0021,2inchStickout/F_08-Jun-2017_rpm320_doc0p015,train,42,2,cv_evaluation,no_chatter,0,0.00047131686,64
turning,cnn_ae,global_mse,2inchStickout_F_08-Jun-2017_rpm320_doc0p015_window_0022,2inchStickout/F_08-Jun-2017_rpm320_doc0p015,train,42,2,cv_evaluation,no_chatter,0,0.00037762185,64
turning,cnn_ae,global_mse,2inchStickout_F_08-Jun-2017_rpm320_doc0p015_window_0023,2inchStickout/F_08-Jun-2017_rpm320_doc0p015,train,42,2,cv_evaluation,no_chatter,0,0.0006286324,64
turning,cnn_ae,global_mse,2inchStickout_F_08-Jun-2017_rpm320_doc0p050_window_0000,2inchStickout/F_08-Jun-2017_rpm320_doc0p050,train,42,2,cv_evaluation,no_chatter,0,5.5479133e-05,64
turning,cnn_ae,global_mse,2inchStickout_F_08-Jun-2017_rpm320_doc0p050_window_0001,2inchStickout/F_08-Jun-2017_rpm320_doc0p050,train,42,2,cv_evaluation,no_chatter,0,3.9401173e-05,64
turning,cnn_ae,global_mse,2inchStickout_F_08-Jun-2017_rpm320_doc0p050_window_0002,2inchStickout/F_08-Jun-2017_rpm320_doc0p050,train,42,2,cv_evaluation,no_chatter,0,3.983747e-05,64
turning,cnn_ae,global_mse,2inchStickout_F_08-Jun-2017_rpm320_doc0p050_window_0003,2inchStickout/F_08-Jun-2017_rpm320_doc0p050,test,42,2,cv_evaluation,no_chatter,0,0.0014658874,64
turning,cnn_ae,global_mse,2inchStickout_F_08-Jun-2017_rpm320_doc0p050_window_0004,2inchStickout/F_08-Jun-2017_rpm320_doc0p050,train,42,2,cv_evaluation,no_chatter,0,0.0004630578,64
turning,cnn_ae,global_mse,2inchStickout_F_08-Jun-2017_rpm320_doc0p050_window_0005,2inchStickout/F_08-Jun-2017_rpm320_doc0p050,train,42,2,cv_evaluation,no_chatter,0,0.0005044984,64
turning,cnn_ae,global_mse,2inchStickout_F_08-Jun-2017_rpm320_doc0p050_window_0006,2inchStickout/F_08-Jun-2017_rpm320_doc0p050,train,42,2,cv_evaluation,no_chatter,0,0.000524869,64
turning,cnn_ae,global_mse,2inchStickout_F_08-Jun-2017_rpm320_doc0p050_window_0007,2inchStickout/F_08-Jun-2017_rpm320_doc0p050,train,42,2,cv_evaluation,no_chatter,0,0.0006031574,64
turning,cnn_ae,global_mse,2inchStickout_F_08-Jun-2017_rpm320_doc0p050_window_0008,2inchStickout/F_08-Jun-2017_rpm320_doc0p050,test,42,2,cv_evaluation,no_chatter,0,0.0004425566,64
turning,cnn_ae,global_mse,2inchStickout_F_08-Jun-2017_rpm320_doc0p050_window_0009,2inchStickout/F_08-Jun-2017_rpm320_doc0p050,test,42,2,cv_evaluation,no_chatter,0,0.0005346195,64
turning,cnn_ae,global_mse,2inchStickout_F_08-Jun-2017_rpm320_doc0p050_window_0010,2inchStickout/F_08-Jun-2017_rpm320_doc0p050,train,42,2,cv_evaluation,no_chatter,0,0.0005763406,64
turning,cnn_ae,global_mse,2inchStickout_F_08-Jun-2017_rpm320_doc0p050_window_0011,2inchStickout/F_08-Jun-2017_rpm320_doc0p050,train,42,2,cv_evaluation,no_chatter,0,0.0005722378,64
turning,cnn_ae,global_mse,2inchStickout_F_08-Jun-2017_rpm320_doc0p050_window_0012,2inchStickout/F_08-Jun-2017_rpm320_doc0p050,test,42,2,cv_evaluation,no_chatter,0,0.0005326554,64
turning,cnn_ae,global_mse,2inchStickout_F_08-Jun-2017_rpm320_doc0p050_window_0013,2inchStickout/F_08-Jun-2017_rpm320_doc0p050,test,42,2,cv_evaluation,no_chatter,0,0.00077400426,64
turning,cnn_ae,global_mse,2inchStickout_F_08-Jun-2017_rpm320_doc0p050_window_0014,2inchStickout/F_08-Jun-2017_rpm320_doc0p050,test,42,2,cv_evaluation,no_chatter,0,0.0006032034,64
turning,cnn_ae,global_mse,2inchStickout_F_08-Jun-2017_rpm320_doc0p050_window_0015,2inchStickout/F_08-Jun-2017_rpm320_doc0p050,train,42,2,cv_evaluation,no_chatter,0,0.00080285536,64
turning,cnn_ae,global_mse,2inchStickout_F_08-Jun-2017_rpm320_doc0p050_window_0016,2inchStickout/F_08-Jun-2017_rpm320_doc0p050,train,42,2,cv_evaluation,no_chatter,0,0.0006852135,64
turning,cnn_ae,global_mse,2inchStickout_F_08-Jun-2017_rpm320_doc0p050_window_0017,2inchStickout/F_08-Jun-2017_rpm320_doc0p050,test,42,2,cv_evaluation,no_chatter,0,0.00050271384,64
turning,cnn_ae,global_mse,2inchStickout_F_08-Jun-2017_rpm320_doc0p050_window_0018,2inchStickout/F_08-Jun-2017_rpm320_doc0p050,train,42,2,cv_evaluation,no_chatter,0,0.00059627194,64
turning,cnn_ae,global_mse,2inchStickout_F_08-Jun-2017_rpm320_doc0p050_window_0019,2inchStickout/F_08-Jun-2017_rpm320_doc0p050,train,42,2,cv_evaluation,no_chatter,0,0.0009238638,64
turning,cnn_ae,global_mse,2inchStickout_F_08-Jun-2017_rpm320_doc0p050_window_0020,2inchStickout/F_08-Jun-2017_rpm320_doc0p050,train,42,2,cv_evaluation,no_chatter,0,0.00045408023,64
turning,cnn_ae,global_mse,2inchStickout_F_08-Jun-2017_rpm320_doc0p050_window_0021,2inchStickout/F_08-Jun-2017_rpm320_doc0p050,train,42,2,cv_evaluation,no_chatter,0,0.00055369246,64
turning,cnn_ae,global_mse,2inchStickout_F_08-Jun-2017_rpm320_doc0p050_window_0022,2inchStickout/F_08-Jun-2017_rpm320_doc0p050,test,42,2,cv_evaluation,no_chatter,0,0.00055444054,64
turning,cnn_ae,global_mse,2inchStickout_F_08-Jun-2017_rpm320_doc0p050_window_0023,2inchStickout/F_08-Jun-2017_rpm320_doc0p050,test,42,2,cv_evaluation,no_chatter,0,0.0006454149,64
turning,cnn_ae,global_mse,2inchStickout_F_08-Jun-2017_rpm570_doc0p001_window_0000,2inchStickout/F_08-Jun-2017_rpm570_doc0p001,train,42,2,cv_evaluation,no_chatter,0,7.275626e-05,64
turning,cnn_ae,global_mse,2inchStickout_F_08-Jun-2017_rpm570_doc0p001_window_0001,2inchStickout/F_08-Jun-2017_rpm570_doc0p001,validation,42,2,cv_evaluation,no_chatter,0,0.0007923679,64
turning,cnn_ae,global_mse,2inchStickout_F_08-Jun-2017_rpm570_doc0p001_window_0002,2inchStickout/F_08-Jun-2017_rpm570_doc0p001,validation,42,2,cv_evaluation,chatter,1,0.0030967118,64
turning,cnn_ae,global_mse,2inchStickout_F_08-Jun-2017_rpm570_doc0p001_window_0003,2inchStickout/F_08-Jun-2017_rpm570_doc0p001,validation,42,2,cv_evaluation,chatter,1,0.0036064663,64
turning,cnn_ae,global_mse,2inchStickout_F_08-Jun-2017_rpm570_doc0p001_window_0004,2inchStickout/F_08-Jun-2017_rpm570_doc0p001,validation,42,2,cv_evaluation,chatter,1,0.0036922037,64
turning,cnn_ae,global_mse,2inchStickout_F_08-Jun-2017_rpm570_doc0p001_window_0005,2inchStickout/F_08-Jun-2017_rpm570_doc0p001,validation,42,2,cv_evaluation,chatter,1,0.004238445,64
turning,cnn_ae,global_mse,2inchStickout_F_08-Jun-2017_rpm770_doc0p001_window_0000,2inchStickout/F_08-Jun-2017_rpm770_doc0p001,test,42,2,cv_evaluation,no_chatter,0,0.00016691715,64
turning,cnn_ae,global_mse,2inchStickout_F_08-Jun-2017_rpm770_doc0p001_window_0001,2inchStickout/F_08-Jun-2017_rpm770_doc0p001,train,42,2,cv_evaluation,no_chatter,0,0.0012616246,64
turning,cnn_ae,global_mse,2inchStickout_F_08-Jun-2017_rpm770_doc0p001_window_0002,2inchStickout/F_08-Jun-2017_rpm770_doc0p001,train,42,2,cv_evaluation,no_chatter,0,0.002212683,64
turning,cnn_ae,global_mse,2inchStickout_F_08-Jun-2017_rpm770_doc0p001_window_0003,2inchStickout/F_08-Jun-2017_rpm770_doc0p001,train,42,2,cv_evaluation,no_chatter,0,0.0023506526,64
turning,cnn_ae,global_mse,2inchStickout_F_08-Jun-2017_rpm770_doc0p001_window_0004,2inchStickout/F_08-Jun-2017_rpm770_doc0p001,train,42,2,cv_evaluation,no_chatter,0,0.0029384946,64
turning,cnn_ae,global_mse,2inchStickout_F_08-Jun-2017_rpm770_doc0p001_window_0005,2inchStickout/F_08-Jun-2017_rpm770_doc0p001,train,42,2,cv_evaluation,no_chatter,0,0.0037069935,64
turning,cnn_ae,global_mse,2inchStickout_F_08-Jun-2017_rpm770_doc0p001_window_0006,2inchStickout/F_08-Jun-2017_rpm770_doc0p001,test,42,2,cv_evaluation,chatter,1,0.004267552,64
turning,cnn_ae,global_mse,2inchStickout_F_08-Jun-2017_rpm770_doc0p001_window_0007,2inchStickout/F_08-Jun-2017_rpm770_doc0p001,test,42,2,cv_evaluation,chatter,1,0.009301429,64
turning,cnn_ae,global_mse,2p5inchStickout_F_12-Jun-2017_rpm570_doc0p003_window_0000,2p5inchStickout/F_12-Jun-2017_rpm570_doc0p003,train,42,2,cv_evaluation,no_chatter,0,0.000216196,64
turning,cnn_ae,global_mse,2p5inchStickout_F_12-Jun-2017_rpm570_doc0p003_window_0001,2p5inchStickout/F_12-Jun-2017_rpm570_doc0p003,test,42,2,cv_evaluation,no_chatter,0,0.00038808474,64
turning,cnn_ae,global_mse,2p5inchStickout_F_12-Jun-2017_rpm570_doc0p003_window_0002,2p5inchStickout/F_12-Jun-2017_rpm570_doc0p003,train,42,2,cv_evaluation,no_chatter,0,0.0010344326,64
turning,cnn_ae,global_mse,2p5inchStickout_F_12-Jun-2017_rpm570_doc0p003_window_0003,2p5inchStickout/F_12-Jun-2017_rpm570_doc0p003,train,42,2,cv_evaluation,no_chatter,0,0.0022430604,64
turning,cnn_ae,global_mse,2p5inchStickout_F_12-Jun-2017_rpm570_doc0p003_window_0004,2p5inchStickout/F_12-Jun-2017_rpm570_doc0p003,train,42,2,cv_evaluation,no_chatter,0,0.0016550748,64
turning,cnn_ae,global_mse,2p5inchStickout_F_12-Jun-2017_rpm570_doc0p003_window_0005,2p5inchStickout/F_12-Jun-2017_rpm570_doc0p003,train,42,2,cv_evaluation,no_chatter,0,0.0009804912,64
turning,cnn_ae,global_mse,2p5inchStickout_F_12-Jun-2017_rpm570_doc0p003_window_0006,2p5inchStickout/F_12-Jun-2017_rpm570_doc0p003,train,42,2,cv_evaluation,no_chatter,0,0.0010532845,64
turning,cnn_ae,global_mse,2p5inchStickout_F_12-Jun-2017_rpm570_doc0p003_window_0007,2p5inchStickout/F_12-Jun-2017_rpm570_doc0p003,train,42,2,cv_evaluation,no_chatter,0,0.0017984374,64
turning,cnn_ae,global_mse,2p5inchStickout_F_12-Jun-2017_rpm570_doc0p003_window_0008,2p5inchStickout/F_12-Jun-2017_rpm570_doc0p003,train,42,2,cv_evaluation,no_chatter,0,0.0014927933,64
turning,cnn_ae,global_mse,2p5inchStickout_F_12-Jun-2017_rpm570_doc0p003_window_0009,2p5inchStickout/F_12-Jun-2017_rpm570_doc0p003,train,42,2,cv_evaluation,no_chatter,0,0.0011325899,64
turning,cnn_ae,global_mse,2p5inchStickout_F_12-Jun-2017_rpm570_doc0p015_trial2_window_0000,2p5inchStickout/F_12-Jun-2017_rpm570_doc0p015_trial2,train,42,2,cv_evaluation,no_chatter,0,0.00020052287,64
turning,cnn_ae,global_mse,2p5inchStickout_F_12-Jun-2017_rpm570_doc0p015_trial2_window_0001,2p5inchStickout/F_12-Jun-2017_rpm570_doc0p015_trial2,train,42,2,cv_evaluation,no_chatter,0,0.0006326225,64
turning,cnn_ae,global_mse,2p5inchStickout_F_12-Jun-2017_rpm570_doc0p015_trial2_window_0002,2p5inchStickout/F_12-Jun-2017_rpm570_doc0p015_trial2,test,42,2,cv_evaluation,chatter,1,0.003897848,64
turning,cnn_ae,global_mse,2p5inchStickout_F_12-Jun-2017_rpm570_doc0p015_trial2_window_0003,2p5inchStickout/F_12-Jun-2017_rpm570_doc0p015_trial2,test,42,2,cv_evaluation,chatter,1,0.007257426,64
turning,cnn_ae,global_mse,2p5inchStickout_F_12-Jun-2017_rpm570_doc0p015_trial2_window_0004,2p5inchStickout/F_12-Jun-2017_rpm570_doc0p015_trial2,test,42,2,cv_evaluation,chatter,1,0.007465088,64
turning,cnn_ae,global_mse,2p5inchStickout_F_12-Jun-2017_rpm570_doc0p015_trial2_window_0005,2p5inchStickout/F_12-Jun-2017_rpm570_doc0p015_trial2,test,42,2,cv_evaluation,chatter,1,0.005625846,64
turning,cnn_ae,global_mse,3p5inchStickout_F_12-Jun-2017_rpm570_doc0p015_window_0000,3p5inchStickout/F_12-Jun-2017_rpm570_doc0p015,train,42,2,cv_evaluation,no_chatter,0,3.0619012e-05,64
turning,cnn_ae,global_mse,3p5inchStickout_F_12-Jun-2017_rpm570_doc0p015_window_0001,3p5inchStickout/F_12-Jun-2017_rpm570_doc0p015,train,42,2,cv_evaluation,no_chatter,0,0.0008637161,64
turning,cnn_ae,global_mse,3p5inchStickout_F_12-Jun-2017_rpm570_doc0p015_window_0002,3p5inchStickout/F_12-Jun-2017_rpm570_doc0p015,train,42,2,cv_evaluation,no_chatter,0,0.0014483813,64
turning,cnn_ae,global_mse,3p5inchStickout_F_12-Jun-2017_rpm570_doc0p015_window_0003,3p5inchStickout/F_12-Jun-2017_rpm570_doc0p015,train,42,2,cv_evaluation,no_chatter,0,0.0022143358,64
turning,cnn_ae,global_mse,3p5inchStickout_F_12-Jun-2017_rpm570_doc0p015_window_0004,3p5inchStickout/F_12-Jun-2017_rpm570_doc0p015,train,42,2,cv_evaluation,no_chatter,0,0.001602492,64
turning,cnn_ae,global_mse,3p5inchStickout_F_12-Jun-2017_rpm570_doc0p015_window_0005,3p5inchStickout/F_12-Jun-2017_rpm570_doc0p015,train,42,2,cv_evaluation,no_chatter,0,0.0020207895,64
turning,cnn_ae,global_mse,3p5inchStickout_F_12-Jun-2017_rpm570_doc0p015_window_0006,3p5inchStickout/F_12-Jun-2017_rpm570_doc0p015,train,42,2,cv_evaluation,no_chatter,0,0.0061217328,64
turning,cnn_ae,global_mse,3p5inchStickout_F_12-Jun-2017_rpm570_doc0p015_window_0007,3p5inchStickout/F_12-Jun-2017_rpm570_doc0p015,train,42,2,cv_evaluation,no_chatter,0,0.004248987,64
turning,cnn_ae,global_mse,3p5inchStickout_F_12-Jun-2017_rpm570_doc0p015_window_0008,3p5inchStickout/F_12-Jun-2017_rpm570_doc0p015,train,42,2,cv_evaluation,no_chatter,0,0.0025453924,64
turning,cnn_ae,global_mse,3p5inchStickout_F_12-Jun-2017_rpm570_doc0p015_window_0009,3p5inchStickout/F_12-Jun-2017_rpm570_doc0p015,train,42,2,cv_evaluation,no_chatter,0,0.0024120219,64
turning,cnn_ae,global_mse,3p5inchStickout_F_12-Jun-2017_rpm570_doc0p030_window_0000,3p5inchStickout/F_12-Jun-2017_rpm570_doc0p030,train,42,2,cv_evaluation,no_chatter,0,5.8205576e-05,64
turning,cnn_ae,global_mse,3p5inchStickout_F_12-Jun-2017_rpm570_doc0p030_window_0001,3p5inchStickout/F_12-Jun-2017_rpm570_doc0p030,test,42,2,cv_evaluation,no_chatter,0,3.831505e-05,64
turning,cnn_ae,global_mse,3p5inchStickout_F_12-Jun-2017_rpm570_doc0p030_window_0002,3p5inchStickout/F_12-Jun-2017_rpm570_doc0p030,train,42,2,cv_evaluation,no_chatter,0,0.0011277405,64
turning,cnn_ae,global_mse,3p5inchStickout_F_12-Jun-2017_rpm570_doc0p030_window_0003,3p5inchStickout/F_12-Jun-2017_rpm570_doc0p030,train,42,2,cv_evaluation,no_chatter,0,0.0009782241,64
turning,cnn_ae,global_mse,3p5inchStickout_F_12-Jun-2017_rpm570_doc0p030_window_0004,3p5inchStickout/F_12-Jun-2017_rpm570_doc0p030,train,42,2,cv_evaluation,no_chatter,0,0.0012106497,64
turning,cnn_ae,global_mse,3p5inchStickout_F_12-Jun-2017_rpm570_doc0p030_window_0005,3p5inchStickout/F_12-Jun-2017_rpm570_doc0p030,train,42,2,cv_evaluation,no_chatter,0,0.0014388034,64
turning,cnn_ae,global_mse,3p5inchStickout_F_12-Jun-2017_rpm570_doc0p030_window_0006,3p5inchStickout/F_12-Jun-2017_rpm570_doc0p030,train,42,2,cv_evaluation,no_chatter,0,0.0011621462,64
turning,cnn_ae,global_mse,3p5inchStickout_F_12-Jun-2017_rpm570_doc0p030_window_0007,3p5inchStickout/F_12-Jun-2017_rpm570_doc0p030,train,42,2,cv_evaluation,no_chatter,0,0.0016425722,64
turning,cnn_ae,global_mse,3p5inchStickout_F_12-Jun-2017_rpm570_doc0p030_window_0008,3p5inchStickout/F_12-Jun-2017_rpm570_doc0p030,train,42,2,cv_evaluation,no_chatter,0,0.004264863,64
turning,cnn_ae,global_mse,3p5inchStickout_F_12-Jun-2017_rpm570_doc0p030_window_0009,3p5inchStickout/F_12-Jun-2017_rpm570_doc0p030,test,42,2,cv_evaluation,no_chatter,0,0.003354185,64
turning,cnn_ae,global_mse,3p5inchStickout_F_14-Jun-2017_rpm770_doc0p008_window_0000,3p5inchStickout/F_14-Jun-2017_rpm770_doc0p008,train,42,2,cv_evaluation,no_chatter,0,0.00012633318,64
turning,cnn_ae,global_mse,3p5inchStickout_F_14-Jun-2017_rpm770_doc0p008_window_0001,3p5inchStickout/F_14-Jun-2017_rpm770_doc0p008,train,42,2,cv_evaluation,no_chatter,0,0.00040880166,64
turning,cnn_ae,global_mse,3p5inchStickout_F_14-Jun-2017_rpm770_doc0p008_window_0002,3p5inchStickout/F_14-Jun-2017_rpm770_doc0p008,train,42,2,cv_evaluation,no_chatter,0,0.0012884456,64
turning,cnn_ae,global_mse,3p5inchStickout_F_14-Jun-2017_rpm770_doc0p008_window_0003,3p5inchStickout/F_14-Jun-2017_rpm770_doc0p008,test,42,2,cv_evaluation,no_chatter,0,0.0010210116,64
turning,cnn_ae,global_mse,3p5inchStickout_F_14-Jun-2017_rpm770_doc0p015_window_0000,3p5inchStickout/F_14-Jun-2017_rpm770_doc0p015,validation,42,2,cv_evaluation,no_chatter,0,0.00012565289,64
turning,cnn_ae,global_mse,3p5inchStickout_F_14-Jun-2017_rpm770_doc0p015_window_0001,3p5inchStickout/F_14-Jun-2017_rpm770_doc0p015,train,42,2,cv_evaluation,no_chatter,0,0.0005548101,64
turning,cnn_ae,global_mse,3p5inchStickout_F_14-Jun-2017_rpm770_doc0p015_window_0002,3p5inchStickout/F_14-Jun-2017_rpm770_doc0p015,train,42,2,cv_evaluation,no_chatter,0,0.0037254652,64
turning,cnn_ae,global_mse,3p5inchStickout_F_14-Jun-2017_rpm770_doc0p015_window_0003,3p5inchStickout/F_14-Jun-2017_rpm770_doc0p015,validation,42,2,cv_evaluation,no_chatter,0,0.004936942,64
turning,cnn_ae,global_mse,4p5inchStickout_F_12-Jun-2017_rpm570_doc0p005_window_0000,4p5inchStickout/F_12-Jun-2017_rpm570_doc0p005,validation,42,2,cv_evaluation,no_chatter,0,4.6694106e-05,64
turning,cnn_ae,global_mse,4p5inchStickout_F_12-Jun-2017_rpm570_doc0p005_window_0001,4p5inchStickout/F_12-Jun-2017_rpm570_doc0p005,train,42,2,cv_evaluation,no_chatter,0,4.63129e-05,64
turning,cnn_ae,global_mse,4p5inchStickout_F_12-Jun-2017_rpm570_doc0p005_window_0002,4p5inchStickout/F_12-Jun-2017_rpm570_doc0p005,validation,42,2,cv_evaluation,no_chatter,0,4.025666e-05,64
turning,cnn_ae,global_mse,4p5inchStickout_F_12-Jun-2017_rpm570_doc0p005_window_0003,4p5inchStickout/F_12-Jun-2017_rpm570_doc0p005,train,42,2,cv_evaluation,no_chatter,0,3.1322583e-05,64
turning,cnn_ae,global_mse,4p5inchStickout_F_12-Jun-2017_rpm570_doc0p005_window_0004,4p5inchStickout/F_12-Jun-2017_rpm570_doc0p005,train,42,2,cv_evaluation,no_chatter,0,2.8480352e-05,64
turning,cnn_ae,global_mse,4p5inchStickout_F_12-Jun-2017_rpm570_doc0p005_window_0005,4p5inchStickout/F_12-Jun-2017_rpm570_doc0p005,validation,42,2,cv_evaluation,no_chatter,0,0.00065901974,64
turning,cnn_ae,global_mse,4p5inchStickout_F_12-Jun-2017_rpm570_doc0p005_window_0006,4p5inchStickout/F_12-Jun-2017_rpm570_doc0p005,train,42,2,cv_evaluation,no_chatter,0,0.0008684353,64
turning,cnn_ae,global_mse,4p5inchStickout_F_12-Jun-2017_rpm570_doc0p005_window_0007,4p5inchStickout/F_12-Jun-2017_rpm570_doc0p005,train,42,2,cv_evaluation,no_chatter,0,0.0009102439,64
turning,cnn_ae,global_mse,4p5inchStickout_F_12-Jun-2017_rpm570_doc0p005_window_0008,4p5inchStickout/F_12-Jun-2017_rpm570_doc0p005,train,42,2,cv_evaluation,no_chatter,0,0.00092050707,64
turning,cnn_ae,global_mse,4p5inchStickout_F_12-Jun-2017_rpm570_doc0p005_window_0009,4p5inchStickout/F_12-Jun-2017_rpm570_doc0p005,train,42,2,cv_evaluation,no_chatter,0,0.0010746684,64
turning,cnn_ae,global_mse,4p5inchStickout_F_12-Jun-2017_rpm570_doc0p005_window_0010,4p5inchStickout/F_12-Jun-2017_rpm570_doc0p005,train,42,2,cv_evaluation,no_chatter,0,0.0012348007,64
turning,cnn_ae,global_mse,4p5inchStickout_F_12-Jun-2017_rpm570_doc0p005_window_0011,4p5inchStickout/F_12-Jun-2017_rpm570_doc0p005,train,42,2,cv_evaluation,no_chatter,0,0.000965551,64
turning,cnn_ae,global_mse,4p5inchStickout_F_13-Jun-2017_rpm1030_doc0p007_window_0000,4p5inchStickout/F_13-Jun-2017_rpm1030_doc0p007,train,42,2,cv_evaluation,no_chatter,0,9.2720606e-05,64
turning,cnn_ae,global_mse,4p5inchStickout_F_13-Jun-2017_rpm1030_doc0p007_window_0001,4p5inchStickout/F_13-Jun-2017_rpm1030_doc0p007,train,42,2,cv_evaluation,no_chatter,0,0.00088326796,64
turning,cnn_ae,global_mse,4p5inchStickout_F_13-Jun-2017_rpm1030_doc0p007_window_0002,4p5inchStickout/F_13-Jun-2017_rpm1030_doc0p007,train,42,2,cv_evaluation,no_chatter,0,0.0009400119,64
turning,cnn_ae,global_mse,4p5inchStickout_F_13-Jun-2017_rpm1030_doc0p007_window_0003,4p5inchStickout/F_13-Jun-2017_rpm1030_doc0p007,train,42,2,cv_evaluation,no_chatter,0,0.0014772804,64
turning,cnn_ae,global_mse,4p5inchStickout_F_13-Jun-2017_rpm770_doc0p010_window_0000,4p5inchStickout/F_13-Jun-2017_rpm770_doc0p010,train,42,2,cv_evaluation,no_chatter,0,4.882236e-05,64
turning,cnn_ae,global_mse,4p5inchStickout_F_13-Jun-2017_rpm770_doc0p010_window_0001,4p5inchStickout/F_13-Jun-2017_rpm770_doc0p010,train,42,2,cv_evaluation,no_chatter,0,6.717616e-05,64
turning,cnn_ae,global_mse,4p5inchStickout_F_13-Jun-2017_rpm770_doc0p010_window_0002,4p5inchStickout/F_13-Jun-2017_rpm770_doc0p010,train,42,2,cv_evaluation,no_chatter,0,0.0008954527,64
turning,cnn_ae,global_mse,4p5inchStickout_F_13-Jun-2017_rpm770_doc0p010_window_0003,4p5inchStickout/F_13-Jun-2017_rpm770_doc0p010,test,42,2,cv_evaluation,no_chatter,0,0.0011526459,64
turning,cnn_ae,global_mse,4p5inchStickout_F_13-Jun-2017_rpm770_doc0p010_window_0004,4p5inchStickout/F_13-Jun-2017_rpm770_doc0p010,train,42,2,cv_evaluation,no_chatter,0,0.0011592244,64
turning,cnn_ae,global_mse,4p5inchStickout_F_13-Jun-2017_rpm770_doc0p010_window_0005,4p5inchStickout/F_13-Jun-2017_rpm770_doc0p010,train,42,2,cv_evaluation,no_chatter,0,0.0011201609,64
turning,cnn_ae,global_mae,2inchStickout_F_08-Jun-2017_rpm320_doc0p015_window_0000,2inchStickout/F_08-Jun-2017_rpm320_doc0p015,train,42,2,cv_evaluation,no_chatter,0,0.0020241777,64
turning,cnn_ae,global_mae,2inchStickout_F_08-Jun-2017_rpm320_doc0p015_window_0001,2inchStickout/F_08-Jun-2017_rpm320_doc0p015,validation,42,2,cv_evaluation,no_chatter,0,0.0019957586,64
turning,cnn_ae,global_mae,2inchStickout_F_08-Jun-2017_rpm320_doc0p015_window_0002,2inchStickout/F_08-Jun-2017_rpm320_doc0p015,train,42,2,cv_evaluation,no_chatter,0,0.0020737145,64
turning,cnn_ae,global_mae,2inchStickout_F_08-Jun-2017_rpm320_doc0p015_window_0003,2inchStickout/F_08-Jun-2017_rpm320_doc0p015,validation,42,2,cv_evaluation,no_chatter,0,0.005281812,64
turning,cnn_ae,global_mae,2inchStickout_F_08-Jun-2017_rpm320_doc0p015_window_0004,2inchStickout/F_08-Jun-2017_rpm320_doc0p015,train,42,2,cv_evaluation,no_chatter,0,0.011244713,64
turning,cnn_ae,global_mae,2inchStickout_F_08-Jun-2017_rpm320_doc0p015_window_0005,2inchStickout/F_08-Jun-2017_rpm320_doc0p015,train,42,2,cv_evaluation,no_chatter,0,0.013198629,64
turning,cnn_ae,global_mae,2inchStickout_F_08-Jun-2017_rpm320_doc0p015_window_0006,2inchStickout/F_08-Jun-2017_rpm320_doc0p015,train,42,2,cv_evaluation,no_chatter,0,0.0139767295,64
turning,cnn_ae,global_mae,2inchStickout_F_08-Jun-2017_rpm320_doc0p015_window_0007,2inchStickout/F_08-Jun-2017_rpm320_doc0p015,train,42,2,cv_evaluation,no_chatter,0,0.010325593,64
turning,cnn_ae,global_mae,2inchStickout_F_08-Jun-2017_rpm320_doc0p015_window_0008,2inchStickout/F_08-Jun-2017_rpm320_doc0p015,train,42,2,cv_evaluation,no_chatter,0,0.011406518,64
turning,cnn_ae,global_mae,2inchStickout_F_08-Jun-2017_rpm320_doc0p015_window_0009,2inchStickout/F_08-Jun-2017_rpm320_doc0p015,train,42,2,cv_evaluation,no_chatter,0,0.012600784,64
turning,cnn_ae,global_mae,2inchStickout_F_08-Jun-2017_rpm320_doc0p015_window_0010,2inchStickout/F_08-Jun-2017_rpm320_doc0p015,train,42,2,cv_evaluation,no_chatter,0,0.010977773,64
turning,cnn_ae,global_mae,2inchStickout_F_08-Jun-2017_rpm320_doc0p015_window_0011,2inchStickout/F_08-Jun-2017_rpm320_doc0p015,train,42,2,cv_evaluation,no_chatter,0,0.010462582,64
turning,cnn_ae,global_mae,2inchStickout_F_08-Jun-2017_rpm320_doc0p015_window_0012,2inchStickout/F_08-Jun-2017_rpm320_doc0p015,train,42,2,cv_evaluation,no_chatter,0,0.010275463,64
turning,cnn_ae,global_mae,2inchStickout_F_08-Jun-2017_rpm320_doc0p015_window_0013,2inchStickout/F_08-Jun-2017_rpm320_doc0p015,validation,42,2,cv_evaluation,no_chatter,0,0.012311664,64
turning,cnn_ae,global_mae,2inchStickout_F_08-Jun-2017_rpm320_doc0p015_window_0014,2inchStickout/F_08-Jun-2017_rpm320_doc0p015,validation,42,2,cv_evaluation,no_chatter,0,0.013517901,64
turning,cnn_ae,global_mae,2inchStickout_F_08-Jun-2017_rpm320_doc0p015_window_0015,2inchStickout/F_08-Jun-2017_rpm320_doc0p015,train,42,2,cv_evaluation,no_chatter,0,0.0103956815,64
turning,cnn_ae,global_mae,2inchStickout_F_08-Jun-2017_rpm320_doc0p015_window_0016,2inchStickout/F_08-Jun-2017_rpm320_doc0p015,train,42,2,cv_evaluation,no_chatter,0,0.012641211,64
turning,cnn_ae,global_mae,2inchStickout_F_08-Jun-2017_rpm320_doc0p015_window_0017,2inchStickout/F_08-Jun-2017_rpm320_doc0p015,train,42,2,cv_evaluation,no_chatter,0,0.010292185,64
turning,cnn_ae,global_mae,2inchStickout_F_08-Jun-2017_rpm320_doc0p015_window_0018,2inchStickout/F_08-Jun-2017_rpm320_doc0p015,train,42,2,cv_evaluation,no_chatter,0,0.01098297,64
turning,cnn_ae,global_mae,2inchStickout_F_08-Jun-2017_rpm320_doc0p015_window_0019,2inchStickout/F_08-Jun-2017_rpm320_doc0p015,train,42,2,cv_evaluation,no_chatter,0,0.013618101,64
turning,cnn_ae,global_mae,2inchStickout_F_08-Jun-2017_rpm320_doc0p015_window_0020,2inchStickout/F_08-Jun-2017_rpm320_doc0p015,train,42,2,cv_evaluation,no_chatter,0,0.012398648,64
turning,cnn_ae,global_mae,2inchStickout_F_08-Jun-2017_rpm320_doc0p015_window_0021,2inchStickout/F_08-Jun-2017_rpm320_doc0p015,train,42,2,cv_evaluation,no_chatter,0,0.012166693,64
turning,cnn_ae,global_mae,2inchStickout_F_08-Jun-2017_rpm320_doc0p015_window_0022,2inchStickout/F_08-Jun-2017_rpm320_doc0p015,train,42,2,cv_evaluation,no_chatter,0,0.010227051,64
turning,cnn_ae,global_mae,2inchStickout_F_08-Jun-2017_rpm320_doc0p015_window_0023,2inchStickout/F_08-Jun-2017_rpm320_doc0p015,train,42,2,cv_evaluation,no_chatter,0,0.01336352,64
turning,cnn_ae,global_mae,2inchStickout_F_08-Jun-2017_rpm320_doc0p050_window_0000,2inchStickout/F_08-Jun-2017_rpm320_doc0p050,train,42,2,cv_evaluation,no_chatter,0,0.0021719562,64
turning,cnn_ae,global_mae,2inchStickout_F_08-Jun-2017_rpm320_doc0p050_window_0001,2inchStickout/F_08-Jun-2017_rpm320_doc0p050,train,42,2,cv_evaluation,no_chatter,0,0.0018340144,64
turning,cnn_ae,global_mae,2inchStickout_F_08-Jun-2017_rpm320_doc0p050_window_0002,2inchStickout/F_08-Jun-2017_rpm320_doc0p050,train,42,2,cv_evaluation,no_chatter,0,0.0018607212,64
turning,cnn_ae,global_mae,2inchStickout_F_08-Jun-2017_rpm320_doc0p050_window_0003,2inchStickout/F_08-Jun-2017_rpm320_doc0p050,test,42,2,cv_evaluation,no_chatter,0,0.016507076,64
turning,cnn_ae,global_mae,2inchStickout_F_08-Jun-2017_rpm320_doc0p050_window_0004,2inchStickout/F_08-Jun-2017_rpm320_doc0p050,train,42,2,cv_evaluation,no_chatter,0,0.010861313,64
turning,cnn_ae,global_mae,2inchStickout_F_08-Jun-2017_rpm320_doc0p050_window_0005,2inchStickout/F_08-Jun-2017_rpm320_doc0p050,train,42,2,cv_evaluation,no_chatter,0,0.011520122,64
turning,cnn_ae,global_mae,2inchStickout_F_08-Jun-2017_rpm320_doc0p050_window_0006,2inchStickout/F_08-Jun-2017_rpm320_doc0p050,train,42,2,cv_evaluation,no_chatter,0,0.011959226,64
turning,cnn_ae,global_mae,2inchStickout_F_08-Jun-2017_rpm320_doc0p050_window_0007,2inchStickout/F_08-Jun-2017_rpm320_doc0p050,train,42,2,cv_evaluation,no_chatter,0,0.012629392,64
turning,cnn_ae,global_mae,2inchStickout_F_08-Jun-2017_rpm320_doc0p050_window_0008,2inchStickout/F_08-Jun-2017_rpm320_doc0p050,test,42,2,cv_evaluation,no_chatter,0,0.011091915,64
turning,cnn_ae,global_mae,2inchStickout_F_08-Jun-2017_rpm320_doc0p050_window_0009,2inchStickout/F_08-Jun-2017_rpm320_doc0p050,test,42,2,cv_evaluation,no_chatter,0,0.012427818,64
turning,cnn_ae,global_mae,2inchStickout_F_08-Jun-2017_rpm320_doc0p050_window_0010,2inchStickout/F_08-Jun-2017_rpm320_doc0p050,train,42,2,cv_evaluation,no_chatter,0,0.012402631,64
turning,cnn_ae,global_mae,2inchStickout_F_08-Jun-2017_rpm320_doc0p050_window_0011,2inchStickout/F_08-Jun-2017_rpm320_doc0p050,train,42,2,cv_evaluation,no_chatter,0,0.01236748,64
turning,cnn_ae,global_mae,2inchStickout_F_08-Jun-2017_rpm320_doc0p050_window_0012,2inchStickout/F_08-Jun-2017_rpm320_doc0p050,test,42,2,cv_evaluation,no_chatter,0,0.011930824,64
turning,cnn_ae,global_mae,2inchStickout_F_08-Jun-2017_rpm320_doc0p050_window_0013,2inchStickout/F_08-Jun-2017_rpm320_doc0p050,test,42,2,cv_evaluation,no_chatter,0,0.014588167,64
turning,cnn_ae,global_mae,2inchStickout_F_08-Jun-2017_rpm320_doc0p050_window_0014,2inchStickout/F_08-Jun-2017_rpm320_doc0p050,test,42,2,cv_evaluation,no_chatter,0,0.013820564,64
turning,cnn_ae,global_mae,2inchStickout_F_08-Jun-2017_rpm320_doc0p050_window_0015,2inchStickout/F_08-Jun-2017_rpm320_doc0p050,train,42,2,cv_evaluation,no_chatter,0,0.015784713,64
turning,cnn_ae,global_mae,2inchStickout_F_08-Jun-2017_rpm320_doc0p050_window_0016,2inchStickout/F_08-Jun-2017_rpm320_doc0p050,train,42,2,cv_evaluation,no_chatter,0,0.0132900495,64
turning,cnn_ae,global_mae,2inchStickout_F_08-Jun-2017_rpm320_doc0p050_window_0017,2inchStickout/F_08-Jun-2017_rpm320_doc0p050,test,42,2,cv_evaluation,no_chatter,0,0.012240055,64
turning,cnn_ae,global_mae,2inchStickout_F_08-Jun-2017_rpm320_doc0p050_window_0018,2inchStickout/F_08-Jun-2017_rpm320_doc0p050,train,42,2,cv_evaluation,no_chatter,0,0.013273934,64
turning,cnn_ae,global_mae,2inchStickout_F_08-Jun-2017_rpm320_doc0p050_window_0019,2inchStickout/F_08-Jun-2017_rpm320_doc0p050,train,42,2,cv_evaluation,no_chatter,0,0.017422333,64
turning,cnn_ae,global_mae,2inchStickout_F_08-Jun-2017_rpm320_doc0p050_window_0020,2inchStickout/F_08-Jun-2017_rpm320_doc0p050,train,42,2,cv_evaluation,no_chatter,0,0.011506589,64
turning,cnn_ae,global_mae,2inchStickout_F_08-Jun-2017_rpm320_doc0p050_window_0021,2inchStickout/F_08-Jun-2017_rpm320_doc0p050,train,42,2,cv_evaluation,no_chatter,0,0.012641474,64
turning,cnn_ae,global_mae,2inchStickout_F_08-Jun-2017_rpm320_doc0p050_window_0022,2inchStickout/F_08-Jun-2017_rpm320_doc0p050,test,42,2,cv_evaluation,no_chatter,0,0.012392037,64
turning,cnn_ae,global_mae,2inchStickout_F_08-Jun-2017_rpm320_doc0p050_window_0023,2inchStickout/F_08-Jun-2017_rpm320_doc0p050,test,42,2,cv_evaluation,no_chatter,0,0.013814286,64
turning,cnn_ae,global_mae,2inchStickout_F_08-Jun-2017_rpm570_doc0p001_window_0000,2inchStickout/F_08-Jun-2017_rpm570_doc0p001,train,42,2,cv_evaluation,no_chatter,0,0.0025147954,64
turning,cnn_ae,global_mae,2inchStickout_F_08-Jun-2017_rpm570_doc0p001_window_0001,2inchStickout/F_08-Jun-2017_rpm570_doc0p001,validation,42,2,cv_evaluation,no_chatter,0,0.0114467135,64
turning,cnn_ae,global_mae,2inchStickout_F_08-Jun-2017_rpm570_doc0p001_window_0002,2inchStickout/F_08-Jun-2017_rpm570_doc0p001,validation,42,2,cv_evaluation,chatter,1,0.033205774,64
turning,cnn_ae,global_mae,2inchStickout_F_08-Jun-2017_rpm570_doc0p001_window_0003,2inchStickout/F_08-Jun-2017_rpm570_doc0p001,validation,42,2,cv_evaluation,chatter,1,0.038436335,64
turning,cnn_ae,global_mae,2inchStickout_F_08-Jun-2017_rpm570_doc0p001_window_0004,2inchStickout/F_08-Jun-2017_rpm570_doc0p001,validation,42,2,cv_evaluation,chatter,1,0.03905092,64
turning,cnn_ae,global_mae,2inchStickout_F_08-Jun-2017_rpm570_doc0p001_window_0005,2inchStickout/F_08-Jun-2017_rpm570_doc0p001,validation,42,2,cv_evaluation,chatter,1,0.04239646,64
turning,cnn_ae,global_mae,2inchStickout_F_08-Jun-2017_rpm770_doc0p001_window_0000,2inchStickout/F_08-Jun-2017_rpm770_doc0p001,test,42,2,cv_evaluation,no_chatter,0,0.0037926836,64
turning,cnn_ae,global_mae,2inchStickout_F_08-Jun-2017_rpm770_doc0p001_window_0001,2inchStickout/F_08-Jun-2017_rpm770_doc0p001,train,42,2,cv_evaluation,no_chatter,0,0.016908593,64
turning,cnn_ae,global_mae,2inchStickout_F_08-Jun-2017_rpm770_doc0p001_window_0002,2inchStickout/F_08-Jun-2017_rpm770_doc0p001,train,42,2,cv_evaluation,no_chatter,0,0.027213465,64
turning,cnn_ae,global_mae,2inchStickout_F_08-Jun-2017_rpm770_doc0p001_window_0003,2inchStickout/F_08-Jun-2017_rpm770_doc0p001,train,42,2,cv_evaluation,no_chatter,0,0.029013135,64
turning,cnn_ae,global_mae,2inchStickout_F_08-Jun-2017_rpm770_doc0p001_window_0004,2inchStickout/F_08-Jun-2017_rpm770_doc0p001,train,42,2,cv_evaluation,no_chatter,0,0.032755695,64
turning,cnn_ae,global_mae,2inchStickout_F_08-Jun-2017_rpm770_doc0p001_window_0005,2inchStickout/F_08-Jun-2017_rpm770_doc0p001,train,42,2,cv_evaluation,no_chatter,0,0.037893586,64
turning,cnn_ae,global_mae,2inchStickout_F_08-Jun-2017_rpm770_doc0p001_window_0006,2inchStickout/F_08-Jun-2017_rpm770_doc0p001,test,42,2,cv_evaluation,chatter,1,0.042922046,64
turning,cnn_ae,global_mae,2inchStickout_F_08-Jun-2017_rpm770_doc0p001_window_0007,2inchStickout/F_08-Jun-2017_rpm770_doc0p001,test,42,2,cv_evaluation,chatter,1,0.06424028,64
turning,cnn_ae,global_mae,2p5inchStickout_F_12-Jun-2017_rpm570_doc0p003_window_0000,2p5inchStickout/F_12-Jun-2017_rpm570_doc0p003,train,42,2,cv_evaluation,no_chatter,0,0.0032764885,64
turning,cnn_ae,global_mae,2p5inchStickout_F_12-Jun-2017_rpm570_doc0p003_window_0001,2p5inchStickout/F_12-Jun-2017_rpm570_doc0p003,test,42,2,cv_evaluation,no_chatter,0,0.0074731247,64
turning,cnn_ae,global_mae,2p5inchStickout_F_12-Jun-2017_rpm570_doc0p003_window_0002,2p5inchStickout/F_12-Jun-2017_rpm570_doc0p003,train,42,2,cv_evaluation,no_chatter,0,0.017877685,64
turning,cnn_ae,global_mae,2p5inchStickout_F_12-Jun-2017_rpm570_doc0p003_window_0003,2p5inchStickout/F_12-Jun-2017_rpm570_doc0p003,train,42,2,cv_evaluation,no_chatter,0,0.02382546,64
turning,cnn_ae,global_mae,2p5inchStickout_F_12-Jun-2017_rpm570_doc0p003_window_0004,2p5inchStickout/F_12-Jun-2017_rpm570_doc0p003,train,42,2,cv_evaluation,no_chatter,0,0.022561861,64
turning,cnn_ae,global_mae,2p5inchStickout_F_12-Jun-2017_rpm570_doc0p003_window_0005,2p5inchStickout/F_12-Jun-2017_rpm570_doc0p003,train,42,2,cv_evaluation,no_chatter,0,0.017796414,64
turning,cnn_ae,global_mae,2p5inchStickout_F_12-Jun-2017_rpm570_doc0p003_window_0006,2p5inchStickout/F_12-Jun-2017_rpm570_doc0p003,train,42,2,cv_evaluation,no_chatter,0,0.018696265,64
turning,cnn_ae,global_mae,2p5inchStickout_F_12-Jun-2017_rpm570_doc0p003_window_0007,2p5inchStickout/F_12-Jun-2017_rpm570_doc0p003,train,42,2,cv_evaluation,no_chatter,0,0.022992333,64
turning,cnn_ae,global_mae,2p5inchStickout_F_12-Jun-2017_rpm570_doc0p003_window_0008,2p5inchStickout/F_12-Jun-2017_rpm570_doc0p003,train,42,2,cv_evaluation,no_chatter,0,0.019131357,64
turning,cnn_ae,global_mae,2p5inchStickout_F_12-Jun-2017_rpm570_doc0p003_window_0009,2p5inchStickout/F_12-Jun-2017_rpm570_doc0p003,train,42,2,cv_evaluation,no_chatter,0,0.018871568,64
turning,cnn_ae,global_mae,2p5inchStickout_F_12-Jun-2017_rpm570_doc0p015_trial2_window_0000,2p5inchStickout/F_12-Jun-2017_rpm570_doc0p015_trial2,train,42,2,cv_evaluation,no_chatter,0,0.0030818617,64
turning,cnn_ae,global_mae,2p5inchStickout_F_12-Jun-2017_rpm570_doc0p015_trial2_window_0001,2p5inchStickout/F_12-Jun-2017_rpm570_doc0p015_trial2,train,42,2,cv_evaluation,no_chatter,0,0.010605728,64
turning,cnn_ae,global_mae,2p5inchStickout_F_12-Jun-2017_rpm570_doc0p015_trial2_window_0002,2p5inchStickout/F_12-Jun-2017_rpm570_doc0p015_trial2,test,42,2,cv_evaluation,chatter,1,0.034957793,64
turning,cnn_ae,global_mae,2p5inchStickout_F_12-Jun-2017_rpm570_doc0p015_trial2_window_0003,2p5inchStickout/F_12-Jun-2017_rpm570_doc0p015_trial2,test,42,2,cv_evaluation,chatter,1,0.05429862,64
turning,cnn_ae,global_mae,2p5inchStickout_F_12-Jun-2017_rpm570_doc0p015_trial2_window_0004,2p5inchStickout/F_12-Jun-2017_rpm570_doc0p015_trial2,test,42,2,cv_evaluation,chatter,1,0.056531362,64
turning,cnn_ae,global_mae,2p5inchStickout_F_12-Jun-2017_rpm570_doc0p015_trial2_window_0005,2p5inchStickout/F_12-Jun-2017_rpm570_doc0p015_trial2,test,42,2,cv_evaluation,chatter,1,0.046533816,64
turning,cnn_ae,global_mae,3p5inchStickout_F_12-Jun-2017_rpm570_doc0p015_window_0000,3p5inchStickout/F_12-Jun-2017_rpm570_doc0p015,train,42,2,cv_evaluation,no_chatter,0,0.0015245749,64
turning,cnn_ae,global_mae,3p5inchStickout_F_12-Jun-2017_rpm570_doc0p015_window_0001,3p5inchStickout/F_12-Jun-2017_rpm570_doc0p015,train,42,2,cv_evaluation,no_chatter,0,0.01340947,64
turning,cnn_ae,global_mae,3p5inchStickout_F_12-Jun-2017_rpm570_doc0p015_window_0002,3p5inchStickout/F_12-Jun-2017_rpm570_doc0p015,train,42,2,cv_evaluation,no_chatter,0,0.022104252,64
turning,cnn_ae,global_mae,3p5inchStickout_F_12-Jun-2017_rpm570_doc0p015_window_0003,3p5inchStickout/F_12-Jun-2017_rpm570_doc0p015,train,42,2,cv_evaluation,no_chatter,0,0.026803939,64
turning,cnn_ae,global_mae,3p5inchStickout_F_12-Jun-2017_rpm570_doc0p015_window_0004,3p5inchStickout/F_12-Jun-2017_rpm570_doc0p015,train,42,2,cv_evaluation,no_chatter,0,0.023503998,64
turning,cnn_ae,global_mae,3p5inchStickout_F_12-Jun-2017_rpm570_doc0p015_window_0005,3p5inchStickout/F_12-Jun-2017_rpm570_doc0p015,train,42,2,cv_evaluation,no_chatter,0,0.025147969,64
turning,cnn_ae,global_mae,3p5inchStickout_F_12-Jun-2017_rpm570_doc0p015_window_0006,3p5inchStickout/F_12-Jun-2017_rpm570_doc0p015,train,42,2,cv_evaluation,no_chatter,0,0.044418007,64
turning,cnn_ae,global_mae,3p5inchStickout_F_12-Jun-2017_rpm570_doc0p015_window_0007,3p5inchStickout/F_12-Jun-2017_rpm570_doc0p015,train,42,2,cv_evaluation,no_chatter,0,0.035508983,64
turning,cnn_ae,global_mae,3p5inchStickout_F_12-Jun-2017_rpm570_doc0p015_window_0008,3p5inchStickout/F_12-Jun-2017_rpm570_doc0p015,train,42,2,cv_evaluation,no_chatter,0,0.02865747,64
turning,cnn_ae,global_mae,3p5inchStickout_F_12-Jun-2017_rpm570_doc0p015_window_0009,3p5inchStickout/F_12-Jun-2017_rpm570_doc0p015,train,42,2,cv_evaluation,no_chatter,0,0.027490132,64
turning,cnn_ae,global_mae,3p5inchStickout_F_12-Jun-2017_rpm570_doc0p030_window_0000,3p5inchStickout/F_12-Jun-2017_rpm570_doc0p030,train,42,2,cv_evaluation,no_chatter,0,0.0019564058,64
turning,cnn_ae,global_mae,3p5inchStickout_F_12-Jun-2017_rpm570_doc0p030_window_0001,3p5inchStickout/F_12-Jun-2017_rpm570_doc0p030,test,42,2,cv_evaluation,no_chatter,0,0.0016877374,64
turning,cnn_ae,global_mae,3p5inchStickout_F_12-Jun-2017_rpm570_doc0p030_window_0002,3p5inchStickout/F_12-Jun-2017_rpm570_doc0p030,train,42,2,cv_evaluation,no_chatter,0,0.017250309,64
turning,cnn_ae,global_mae,3p5inchStickout_F_12-Jun-2017_rpm570_doc0p030_window_0003,3p5inchStickout/F_12-Jun-2017_rpm570_doc0p030,train,42,2,cv_evaluation,no_chatter,0,0.01870607,64
turning,cnn_ae,global_mae,3p5inchStickout_F_12-Jun-2017_rpm570_doc0p030_window_0004,3p5inchStickout/F_12-Jun-2017_rpm570_doc0p030,train,42,2,cv_evaluation,no_chatter,0,0.020939952,64
turning,cnn_ae,global_mae,3p5inchStickout_F_12-Jun-2017_rpm570_doc0p030_window_0005,3p5inchStickout/F_12-Jun-2017_rpm570_doc0p030,train,42,2,cv_evaluation,no_chatter,0,0.022767015,64
turning,cnn_ae,global_mae,3p5inchStickout_F_12-Jun-2017_rpm570_doc0p030_window_0006,3p5inchStickout/F_12-Jun-2017_rpm570_doc0p030,train,42,2,cv_evaluation,no_chatter,0,0.020159565,64
turning,cnn_ae,global_mae,3p5inchStickout_F_12-Jun-2017_rpm570_doc0p030_window_0007,3p5inchStickout/F_12-Jun-2017_rpm570_doc0p030,train,42,2,cv_evaluation,no_chatter,0,0.02351717,64
turning,cnn_ae,global_mae,3p5inchStickout_F_12-Jun-2017_rpm570_doc0p030_window_0008,3p5inchStickout/F_12-Jun-2017_rpm570_doc0p030,train,42,2,cv_evaluation,no_chatter,0,0.034314796,64
turning,cnn_ae,global_mae,3p5inchStickout_F_12-Jun-2017_rpm570_doc0p030_window_0009,3p5inchStickout/F_12-Jun-2017_rpm570_doc0p030,test,42,2,cv_evaluation,no_chatter,0,0.032932226,64
turning,cnn_ae,global_mae,3p5inchStickout_F_14-Jun-2017_rpm770_doc0p008_window_0000,3p5inchStickout/F_14-Jun-2017_rpm770_doc0p008,train,42,2,cv_evaluation,no_chatter,0,0.0027252634,64
turning,cnn_ae,global_mae,3p5inchStickout_F_14-Jun-2017_rpm770_doc0p008_window_0001,3p5inchStickout/F_14-Jun-2017_rpm770_doc0p008,train,42,2,cv_evaluation,no_chatter,0,0.008264972,64
turning,cnn_ae,global_mae,3p5inchStickout_F_14-Jun-2017_rpm770_doc0p008_window_0002,3p5inchStickout/F_14-Jun-2017_rpm770_doc0p008,train,42,2,cv_evaluation,no_chatter,0,0.021848127,64
turning,cnn_ae,global_mae,3p5inchStickout_F_14-Jun-2017_rpm770_doc0p008_window_0003,3p5inchStickout/F_14-Jun-2017_rpm770_doc0p008,test,42,2,cv_evaluation,no_chatter,0,0.019394545,64
turning,cnn_ae,global_mae,3p5inchStickout_F_14-Jun-2017_rpm770_doc0p015_window_0000,3p5inchStickout/F_14-Jun-2017_rpm770_doc0p015,validation,42,2,cv_evaluation,no_chatter,0,0.0027236138,64
turning,cnn_ae,global_mae,3p5inchStickout_F_14-Jun-2017_rpm770_doc0p015_window_0001,3p5inchStickout/F_14-Jun-2017_rpm770_doc0p015,train,42,2,cv_evaluation,no_chatter,0,0.010408394,64
turning,cnn_ae,global_mae,3p5inchStickout_F_14-Jun-2017_rpm770_doc0p015_window_0002,3p5inchStickout/F_14-Jun-2017_rpm770_doc0p015,train,42,2,cv_evaluation,no_chatter,0,0.03717241,64
turning,cnn_ae,global_mae,3p5inchStickout_F_14-Jun-2017_rpm770_doc0p015_window_0003,3p5inchStickout/F_14-Jun-2017_rpm770_doc0p015,validation,42,2,cv_evaluation,no_chatter,0,0.040485688,64
turning,cnn_ae,global_mae,4p5inchStickout_F_12-Jun-2017_rpm570_doc0p005_window_0000,4p5inchStickout/F_12-Jun-2017_rpm570_doc0p005,validation,42,2,cv_evaluation,no_chatter,0,0.0016854814,64
turning,cnn_ae,global_mae,4p5inchStickout_F_12-Jun-2017_rpm570_doc0p005_window_0001,4p5inchStickout/F_12-Jun-2017_rpm570_doc0p005,train,42,2,cv_evaluation,no_chatter,0,0.0016767943,64
turning,cnn_ae,global_mae,4p5inchStickout_F_12-Jun-2017_rpm570_doc0p005_window_0002,4p5inchStickout/F_12-Jun-2017_rpm570_doc0p005,validation,42,2,cv_evaluation,no_chatter,0,0.0016081159,64
turning,cnn_ae,global_mae,4p5inchStickout_F_12-Jun-2017_rpm570_doc0p005_window_0003,4p5inchStickout/F_12-Jun-2017_rpm570_doc0p005,train,42,2,cv_evaluation,no_chatter,0,0.0014826839,64
turning,cnn_ae,global_mae,4p5inchStickout_F_12-Jun-2017_rpm570_doc0p005_window_0004,4p5inchStickout/F_12-Jun-2017_rpm570_doc0p005,train,42,2,cv_evaluation,no_chatter,0,0.0014535739,64
turning,cnn_ae,global_mae,4p5inchStickout_F_12-Jun-2017_rpm570_doc0p005_window_0005,4p5inchStickout/F_12-Jun-2017_rpm570_doc0p005,validation,42,2,cv_evaluation,no_chatter,0,0.012325202,64
turning,cnn_ae,global_mae,4p5inchStickout_F_12-Jun-2017_rpm570_doc0p005_window_0006,4p5inchStickout/F_12-Jun-2017_rpm570_doc0p005,train,42,2,cv_evaluation,no_chatter,0,0.017773392,64
turning,cnn_ae,global_mae,4p5inchStickout_F_12-Jun-2017_rpm570_doc0p005_window_0007,4p5inchStickout/F_12-Jun-2017_rpm570_doc0p005,train,42,2,cv_evaluation,no_chatter,0,0.017949285,64
turning,cnn_ae,global_mae,4p5inchStickout_F_12-Jun-2017_rpm570_doc0p005_window_0008,4p5inchStickout/F_12-Jun-2017_rpm570_doc0p005,train,42,2,cv_evaluation,no_chatter,0,0.017961927,64
turning,cnn_ae,global_mae,4p5inchStickout_F_12-Jun-2017_rpm570_doc0p005_window_0009,4p5inchStickout/F_12-Jun-2017_rpm570_doc0p005,train,42,2,cv_evaluation,no_chatter,0,0.019808216,64
turning,cnn_ae,global_mae,4p5inchStickout_F_12-Jun-2017_rpm570_doc0p005_window_0010,4p5inchStickout/F_12-Jun-2017_rpm570_doc0p005,train,42,2,cv_evaluation,no_chatter,0,0.02108575,64
turning,cnn_ae,global_mae,4p5inchStickout_F_12-Jun-2017_rpm570_doc0p005_window_0011,4p5inchStickout/F_12-Jun-2017_rpm570_doc0p005,train,42,2,cv_evaluation,no_chatter,0,0.01836692,64
turning,cnn_ae,global_mae,4p5inchStickout_F_13-Jun-2017_rpm1030_doc0p007_window_0000,4p5inchStickout/F_13-Jun-2017_rpm1030_doc0p007,train,42,2,cv_evaluation,no_chatter,0,0.002423432,64
turning,cnn_ae,global_mae,4p5inchStickout_F_13-Jun-2017_rpm1030_doc0p007_window_0001,4p5inchStickout/F_13-Jun-2017_rpm1030_doc0p007,train,42,2,cv_evaluation,no_chatter,0,0.018588854,64
turning,cnn_ae,global_mae,4p5inchStickout_F_13-Jun-2017_rpm1030_doc0p007_window_0002,4p5inchStickout/F_13-Jun-2017_rpm1030_doc0p007,train,42,2,cv_evaluation,no_chatter,0,0.020171471,64
turning,cnn_ae,global_mae,4p5inchStickout_F_13-Jun-2017_rpm1030_doc0p007_window_0003,4p5inchStickout/F_13-Jun-2017_rpm1030_doc0p007,train,42,2,cv_evaluation,no_chatter,0,0.023246877,64
turning,cnn_ae,global_mae,4p5inchStickout_F_13-Jun-2017_rpm770_doc0p010_window_0000,4p5inchStickout/F_13-Jun-2017_rpm770_doc0p010,train,42,2,cv_evaluation,no_chatter,0,0.0017301451,64
turning,cnn_ae,global_mae,4p5inchStickout_F_13-Jun-2017_rpm770_doc0p010_window_0001,4p5inchStickout/F_13-Jun-2017_rpm770_doc0p010,train,42,2,cv_evaluation,no_chatter,0,0.0019381271,64
turning,cnn_ae,global_mae,4p5inchStickout_F_13-Jun-2017_rpm770_doc0p010_window_0002,4p5inchStickout/F_13-Jun-2017_rpm770_doc0p010,train,42,2,cv_evaluation,no_chatter,0,0.01861609,64
turning,cnn_ae,global_mae,4p5inchStickout_F_13-Jun-2017_rpm770_doc0p010_window_0003,4p5inchStickout/F_13-Jun-2017_rpm770_doc0p010,test,42,2,cv_evaluation,no_chatter,0,0.021506427,64
turning,cnn_ae,global_mae,4p5inchStickout_F_13-Jun-2017_rpm770_doc0p010_window_0004,4p5inchStickout/F_13-Jun-2017_rpm770_doc0p010,train,42,2,cv_evaluation,no_chatter,0,0.021833213,64
turning,cnn_ae,global_mae,4p5inchStickout_F_13-Jun-2017_rpm770_doc0p010_window_0005,4p5inchStickout/F_13-Jun-2017_rpm770_doc0p010,train,42,2,cv_evaluation,no_chatter,0,0.021341735,64
turning,cnn_ae,ver_max,2inchStickout_F_08-Jun-2017_rpm320_doc0p015_window_0000,2inchStickout/F_08-Jun-2017_rpm320_doc0p015,train,42,2,cv_evaluation,no_chatter,0,7.203097e-05,64
turning,cnn_ae,ver_max,2inchStickout_F_08-Jun-2017_rpm320_doc0p015_window_0001,2inchStickout/F_08-Jun-2017_rpm320_doc0p015,validation,42,2,cv_evaluation,no_chatter,0,7.5435506e-05,64
turning,cnn_ae,ver_max,2inchStickout_F_08-Jun-2017_rpm320_doc0p015_window_0002,2inchStickout/F_08-Jun-2017_rpm320_doc0p015,train,42,2,cv_evaluation,no_chatter,0,7.542533e-05,64
turning,cnn_ae,ver_max,2inchStickout_F_08-Jun-2017_rpm320_doc0p015_window_0003,2inchStickout/F_08-Jun-2017_rpm320_doc0p015,validation,42,2,cv_evaluation,no_chatter,0,0.000663623,64
turning,cnn_ae,ver_max,2inchStickout_F_08-Jun-2017_rpm320_doc0p015_window_0004,2inchStickout/F_08-Jun-2017_rpm320_doc0p015,train,42,2,cv_evaluation,no_chatter,0,0.00069534546,64
turning,cnn_ae,ver_max,2inchStickout_F_08-Jun-2017_rpm320_doc0p015_window_0005,2inchStickout/F_08-Jun-2017_rpm320_doc0p015,train,42,2,cv_evaluation,no_chatter,0,0.001083639,64
turning,cnn_ae,ver_max,2inchStickout_F_08-Jun-2017_rpm320_doc0p015_window_0006,2inchStickout/F_08-Jun-2017_rpm320_doc0p015,train,42,2,cv_evaluation,no_chatter,0,0.0009793286,64
turning,cnn_ae,ver_max,2inchStickout_F_08-Jun-2017_rpm320_doc0p015_window_0007,2inchStickout/F_08-Jun-2017_rpm320_doc0p015,train,42,2,cv_evaluation,no_chatter,0,0.00045825588,64
turning,cnn_ae,ver_max,2inchStickout_F_08-Jun-2017_rpm320_doc0p015_window_0008,2inchStickout/F_08-Jun-2017_rpm320_doc0p015,train,42,2,cv_evaluation,no_chatter,0,0.00058294757,64
turning,cnn_ae,ver_max,2inchStickout_F_08-Jun-2017_rpm320_doc0p015_window_0009,2inchStickout/F_08-Jun-2017_rpm320_doc0p015,train,42,2,cv_evaluation,no_chatter,0,0.0006463663,64
turning,cnn_ae,ver_max,2inchStickout_F_08-Jun-2017_rpm320_doc0p015_window_0010,2inchStickout/F_08-Jun-2017_rpm320_doc0p015,train,42,2,cv_evaluation,no_chatter,0,0.00058621785,64
turning,cnn_ae,ver_max,2inchStickout_F_08-Jun-2017_rpm320_doc0p015_window_0011,2inchStickout/F_08-Jun-2017_rpm320_doc0p015,train,42,2,cv_evaluation,no_chatter,0,0.00047792582,64
turning,cnn_ae,ver_max,2inchStickout_F_08-Jun-2017_rpm320_doc0p015_window_0012,2inchStickout/F_08-Jun-2017_rpm320_doc0p015,train,42,2,cv_evaluation,no_chatter,0,0.0004772597,64
turning,cnn_ae,ver_max,2inchStickout_F_08-Jun-2017_rpm320_doc0p015_window_0013,2inchStickout/F_08-Jun-2017_rpm320_doc0p015,validation,42,2,cv_evaluation,no_chatter,0,0.0006960177,64
turning,cnn_ae,ver_max,2inchStickout_F_08-Jun-2017_rpm320_doc0p015_window_0014,2inchStickout/F_08-Jun-2017_rpm320_doc0p015,validation,42,2,cv_evaluation,no_chatter,0,0.0009139407,64
turning,cnn_ae,ver_max,2inchStickout_F_08-Jun-2017_rpm320_doc0p015_window_0015,2inchStickout/F_08-Jun-2017_rpm320_doc0p015,train,42,2,cv_evaluation,no_chatter,0,0.0005634186,64
turning,cnn_ae,ver_max,2inchStickout_F_08-Jun-2017_rpm320_doc0p015_window_0016,2inchStickout/F_08-Jun-2017_rpm320_doc0p015,train,42,2,cv_evaluation,no_chatter,0,0.0009492731,64
turning,cnn_ae,ver_max,2inchStickout_F_08-Jun-2017_rpm320_doc0p015_window_0017,2inchStickout/F_08-Jun-2017_rpm320_doc0p015,train,42,2,cv_evaluation,no_chatter,0,0.00044130685,64
turning,cnn_ae,ver_max,2inchStickout_F_08-Jun-2017_rpm320_doc0p015_window_0018,2inchStickout/F_08-Jun-2017_rpm320_doc0p015,train,42,2,cv_evaluation,no_chatter,0,0.0004974956,64
turning,cnn_ae,ver_max,2inchStickout_F_08-Jun-2017_rpm320_doc0p015_window_0019,2inchStickout/F_08-Jun-2017_rpm320_doc0p015,train,42,2,cv_evaluation,no_chatter,0,0.0011058324,64
turning,cnn_ae,ver_max,2inchStickout_F_08-Jun-2017_rpm320_doc0p015_window_0020,2inchStickout/F_08-Jun-2017_rpm320_doc0p015,train,42,2,cv_evaluation,no_chatter,0,0.00075630134,64
turning,cnn_ae,ver_max,2inchStickout_F_08-Jun-2017_rpm320_doc0p015_window_0021,2inchStickout/F_08-Jun-2017_rpm320_doc0p015,train,42,2,cv_evaluation,no_chatter,0,0.0007398584,64
turning,cnn_ae,ver_max,2inchStickout_F_08-Jun-2017_rpm320_doc0p015_window_0022,2inchStickout/F_08-Jun-2017_rpm320_doc0p015,train,42,2,cv_evaluation,no_chatter,0,0.0006032932,64
turning,cnn_ae,ver_max,2inchStickout_F_08-Jun-2017_rpm320_doc0p015_window_0023,2inchStickout/F_08-Jun-2017_rpm320_doc0p015,train,42,2,cv_evaluation,no_chatter,0,0.0010759408,64
turning,cnn_ae,ver_max,2inchStickout_F_08-Jun-2017_rpm320_doc0p050_window_0000,2inchStickout/F_08-Jun-2017_rpm320_doc0p050,train,42,2,cv_evaluation,no_chatter,0,8.447166e-05,64
turning,cnn_ae,ver_max,2inchStickout_F_08-Jun-2017_rpm320_doc0p050_window_0001,2inchStickout/F_08-Jun-2017_rpm320_doc0p050,train,42,2,cv_evaluation,no_chatter,0,4.839295e-05,64
turning,cnn_ae,ver_max,2inchStickout_F_08-Jun-2017_rpm320_doc0p050_window_0002,2inchStickout/F_08-Jun-2017_rpm320_doc0p050,train,42,2,cv_evaluation,no_chatter,0,5.2165975e-05,64
turning,cnn_ae,ver_max,2inchStickout_F_08-Jun-2017_rpm320_doc0p050_window_0003,2inchStickout/F_08-Jun-2017_rpm320_doc0p050,test,42,2,cv_evaluation,no_chatter,0,0.0026871325,64
turning,cnn_ae,ver_max,2inchStickout_F_08-Jun-2017_rpm320_doc0p050_window_0004,2inchStickout/F_08-Jun-2017_rpm320_doc0p050,train,42,2,cv_evaluation,no_chatter,0,0.00057016226,64
turning,cnn_ae,ver_max,2inchStickout_F_08-Jun-2017_rpm320_doc0p050_window_0005,2inchStickout/F_08-Jun-2017_rpm320_doc0p050,train,42,2,cv_evaluation,no_chatter,0,0.0006382088,64
turning,cnn_ae,ver_max,2inchStickout_F_08-Jun-2017_rpm320_doc0p050_window_0006,2inchStickout/F_08-Jun-2017_rpm320_doc0p050,train,42,2,cv_evaluation,no_chatter,0,0.00059324584,64
turning,cnn_ae,ver_max,2inchStickout_F_08-Jun-2017_rpm320_doc0p050_window_0007,2inchStickout/F_08-Jun-2017_rpm320_doc0p050,train,42,2,cv_evaluation,no_chatter,0,0.0009924859,64
turning,cnn_ae,ver_max,2inchStickout_F_08-Jun-2017_rpm320_doc0p050_window_0008,2inchStickout/F_08-Jun-2017_rpm320_doc0p050,test,42,2,cv_evaluation,no_chatter,0,0.0005688194,64
turning,cnn_ae,ver_max,2inchStickout_F_08-Jun-2017_rpm320_doc0p050_window_0009,2inchStickout/F_08-Jun-2017_rpm320_doc0p050,test,42,2,cv_evaluation,no_chatter,0,0.000785082,64
turning,cnn_ae,ver_max,2inchStickout_F_08-Jun-2017_rpm320_doc0p050_window_0010,2inchStickout/F_08-Jun-2017_rpm320_doc0p050,train,42,2,cv_evaluation,no_chatter,0,0.0010035682,64
turning,cnn_ae,ver_max,2inchStickout_F_08-Jun-2017_rpm320_doc0p050_window_0011,2inchStickout/F_08-Jun-2017_rpm320_doc0p050,train,42,2,cv_evaluation,no_chatter,0,0.0007219924,64
turning,cnn_ae,ver_max,2inchStickout_F_08-Jun-2017_rpm320_doc0p050_window_0012,2inchStickout/F_08-Jun-2017_rpm320_doc0p050,test,42,2,cv_evaluation,no_chatter,0,0.000614441,64
turning,cnn_ae,ver_max,2inchStickout_F_08-Jun-2017_rpm320_doc0p050_window_0013,2inchStickout/F_08-Jun-2017_rpm320_doc0p050,test,42,2,cv_evaluation,no_chatter,0,0.00094257906,64
turning,cnn_ae,ver_max,2inchStickout_F_08-Jun-2017_rpm320_doc0p050_window_0014,2inchStickout/F_08-Jun-2017_rpm320_doc0p050,test,42,2,cv_evaluation,no_chatter,0,0.0007748201,64
turning,cnn_ae,ver_max,2inchStickout_F_08-Jun-2017_rpm320_doc0p050_window_0015,2inchStickout/F_08-Jun-2017_rpm320_doc0p050,train,42,2,cv_evaluation,no_chatter,0,0.0009902148,64
turning,cnn_ae,ver_max,2inchStickout_F_08-Jun-2017_rpm320_doc0p050_window_0016,2inchStickout/F_08-Jun-2017_rpm320_doc0p050,train,42,2,cv_evaluation,no_chatter,0,0.0011139102,64
turning,cnn_ae,ver_max,2inchStickout_F_08-Jun-2017_rpm320_doc0p050_window_0017,2inchStickout/F_08-Jun-2017_rpm320_doc0p050,test,42,2,cv_evaluation,no_chatter,0,0.0006569199,64
turning,cnn_ae,ver_max,2inchStickout_F_08-Jun-2017_rpm320_doc0p050_window_0018,2inchStickout/F_08-Jun-2017_rpm320_doc0p050,train,42,2,cv_evaluation,no_chatter,0,0.0007774337,64
turning,cnn_ae,ver_max,2inchStickout_F_08-Jun-2017_rpm320_doc0p050_window_0019,2inchStickout/F_08-Jun-2017_rpm320_doc0p050,train,42,2,cv_evaluation,no_chatter,0,0.0013176535,64
turning,cnn_ae,ver_max,2inchStickout_F_08-Jun-2017_rpm320_doc0p050_window_0020,2inchStickout/F_08-Jun-2017_rpm320_doc0p050,train,42,2,cv_evaluation,no_chatter,0,0.0005356952,64
turning,cnn_ae,ver_max,2inchStickout_F_08-Jun-2017_rpm320_doc0p050_window_0021,2inchStickout/F_08-Jun-2017_rpm320_doc0p050,train,42,2,cv_evaluation,no_chatter,0,0.0006849727,64
turning,cnn_ae,ver_max,2inchStickout_F_08-Jun-2017_rpm320_doc0p050_window_0022,2inchStickout/F_08-Jun-2017_rpm320_doc0p050,test,42,2,cv_evaluation,no_chatter,0,0.0006903882,64
turning,cnn_ae,ver_max,2inchStickout_F_08-Jun-2017_rpm320_doc0p050_window_0023,2inchStickout/F_08-Jun-2017_rpm320_doc0p050,test,42,2,cv_evaluation,no_chatter,0,0.001236745,64
turning,cnn_ae,ver_max,2inchStickout_F_08-Jun-2017_rpm570_doc0p001_window_0000,2inchStickout/F_08-Jun-2017_rpm570_doc0p001,train,42,2,cv_evaluation,no_chatter,0,8.584446e-05,64
turning,cnn_ae,ver_max,2inchStickout_F_08-Jun-2017_rpm570_doc0p001_window_0001,2inchStickout/F_08-Jun-2017_rpm570_doc0p001,validation,42,2,cv_evaluation,no_chatter,0,0.0018822976,64
turning,cnn_ae,ver_max,2inchStickout_F_08-Jun-2017_rpm570_doc0p001_window_0002,2inchStickout/F_08-Jun-2017_rpm570_doc0p001,validation,42,2,cv_evaluation,chatter,1,0.0039943587,64
turning,cnn_ae,ver_max,2inchStickout_F_08-Jun-2017_rpm570_doc0p001_window_0003,2inchStickout/F_08-Jun-2017_rpm570_doc0p001,validation,42,2,cv_evaluation,chatter,1,0.005205161,64
turning,cnn_ae,ver_max,2inchStickout_F_08-Jun-2017_rpm570_doc0p001_window_0004,2inchStickout/F_08-Jun-2017_rpm570_doc0p001,validation,42,2,cv_evaluation,chatter,1,0.005437664,64
turning,cnn_ae,ver_max,2inchStickout_F_08-Jun-2017_rpm570_doc0p001_window_0005,2inchStickout/F_08-Jun-2017_rpm570_doc0p001,validation,42,2,cv_evaluation,chatter,1,0.006610488,64
turning,cnn_ae,ver_max,2inchStickout_F_08-Jun-2017_rpm770_doc0p001_window_0000,2inchStickout/F_08-Jun-2017_rpm770_doc0p001,test,42,2,cv_evaluation,no_chatter,0,0.00022133732,64
turning,cnn_ae,ver_max,2inchStickout_F_08-Jun-2017_rpm770_doc0p001_window_0001,2inchStickout/F_08-Jun-2017_rpm770_doc0p001,train,42,2,cv_evaluation,no_chatter,0,0.0023664,64
turning,cnn_ae,ver_max,2inchStickout_F_08-Jun-2017_rpm770_doc0p001_window_0002,2inchStickout/F_08-Jun-2017_rpm770_doc0p001,train,42,2,cv_evaluation,no_chatter,0,0.0026985053,64
turning,cnn_ae,ver_max,2inchStickout_F_08-Jun-2017_rpm770_doc0p001_window_0003,2inchStickout/F_08-Jun-2017_rpm770_doc0p001,train,42,2,cv_evaluation,no_chatter,0,0.0028043862,64
turning,cnn_ae,ver_max,2inchStickout_F_08-Jun-2017_rpm770_doc0p001_window_0004,2inchStickout/F_08-Jun-2017_rpm770_doc0p001,train,42,2,cv_evaluation,no_chatter,0,0.0033699675,64
turning,cnn_ae,ver_max,2inchStickout_F_08-Jun-2017_rpm770_doc0p001_window_0005,2inchStickout/F_08-Jun-2017_rpm770_doc0p001,train,42,2,cv_evaluation,no_chatter,0,0.005276936,64
turning,cnn_ae,ver_max,2inchStickout_F_08-Jun-2017_rpm770_doc0p001_window_0006,2inchStickout/F_08-Jun-2017_rpm770_doc0p001,test,42,2,cv_evaluation,chatter,1,0.0061451183,64
turning,cnn_ae,ver_max,2inchStickout_F_08-Jun-2017_rpm770_doc0p001_window_0007,2inchStickout/F_08-Jun-2017_rpm770_doc0p001,test,42,2,cv_evaluation,chatter,1,0.016659552,64
turning,cnn_ae,ver_max,2p5inchStickout_F_12-Jun-2017_rpm570_doc0p003_window_0000,2p5inchStickout/F_12-Jun-2017_rpm570_doc0p003,train,42,2,cv_evaluation,no_chatter,0,0.00030398372,64
turning,cnn_ae,ver_max,2p5inchStickout_F_12-Jun-2017_rpm570_doc0p003_window_0001,2p5inchStickout/F_12-Jun-2017_rpm570_doc0p003,test,42,2,cv_evaluation,no_chatter,0,0.00087489723,64
turning,cnn_ae,ver_max,2p5inchStickout_F_12-Jun-2017_rpm570_doc0p003_window_0002,2p5inchStickout/F_12-Jun-2017_rpm570_doc0p003,train,42,2,cv_evaluation,no_chatter,0,0.0013444764,64
turning,cnn_ae,ver_max,2p5inchStickout_F_12-Jun-2017_rpm570_doc0p003_window_0003,2p5inchStickout/F_12-Jun-2017_rpm570_doc0p003,train,42,2,cv_evaluation,no_chatter,0,0.005214802,64
turning,cnn_ae,ver_max,2p5inchStickout_F_12-Jun-2017_rpm570_doc0p003_window_0004,2p5inchStickout/F_12-Jun-2017_rpm570_doc0p003,train,42,2,cv_evaluation,no_chatter,0,0.0029123444,64
turning,cnn_ae,ver_max,2p5inchStickout_F_12-Jun-2017_rpm570_doc0p003_window_0005,2p5inchStickout/F_12-Jun-2017_rpm570_doc0p003,train,42,2,cv_evaluation,no_chatter,0,0.0013267328,64
turning,cnn_ae,ver_max,2p5inchStickout_F_12-Jun-2017_rpm570_doc0p003_window_0006,2p5inchStickout/F_12-Jun-2017_rpm570_doc0p003,train,42,2,cv_evaluation,no_chatter,0,0.0014005259,64
turning,cnn_ae,ver_max,2p5inchStickout_F_12-Jun-2017_rpm570_doc0p003_window_0007,2p5inchStickout/F_12-Jun-2017_rpm570_doc0p003,train,42,2,cv_evaluation,no_chatter,0,0.0037474006,64
turning,cnn_ae,ver_max,2p5inchStickout_F_12-Jun-2017_rpm570_doc0p003_window_0008,2p5inchStickout/F_12-Jun-2017_rpm570_doc0p003,train,42,2,cv_evaluation,no_chatter,0,0.0031361626,64
turning,cnn_ae,ver_max,2p5inchStickout_F_12-Jun-2017_rpm570_doc0p003_window_0009,2p5inchStickout/F_12-Jun-2017_rpm570_doc0p003,train,42,2,cv_evaluation,no_chatter,0,0.0014132021,64
turning,cnn_ae,ver_max,2p5inchStickout_F_12-Jun-2017_rpm570_doc0p015_trial2_window_0000,2p5inchStickout/F_12-Jun-2017_rpm570_doc0p015_trial2,train,42,2,cv_evaluation,no_chatter,0,0.0002730634,64
turning,cnn_ae,ver_max,2p5inchStickout_F_12-Jun-2017_rpm570_doc0p015_trial2_window_0001,2p5inchStickout/F_12-Jun-2017_rpm570_doc0p015_trial2,train,42,2,cv_evaluation,no_chatter,0,0.001238991,64
turning,cnn_ae,ver_max,2p5inchStickout_F_12-Jun-2017_rpm570_doc0p015_trial2_window_0002,2p5inchStickout/F_12-Jun-2017_rpm570_doc0p015_trial2,test,42,2,cv_evaluation,chatter,1,0.006709396,64
turning,cnn_ae,ver_max,2p5inchStickout_F_12-Jun-2017_rpm570_doc0p015_trial2_window_0003,2p5inchStickout/F_12-Jun-2017_rpm570_doc0p015_trial2,test,42,2,cv_evaluation,chatter,1,0.009611896,64
turning,cnn_ae,ver_max,2p5inchStickout_F_12-Jun-2017_rpm570_doc0p015_trial2_window_0004,2p5inchStickout/F_12-Jun-2017_rpm570_doc0p015_trial2,test,42,2,cv_evaluation,chatter,1,0.011999829,64
turning,cnn_ae,ver_max,2p5inchStickout_F_12-Jun-2017_rpm570_doc0p015_trial2_window_0005,2p5inchStickout/F_12-Jun-2017_rpm570_doc0p015_trial2,test,42,2,cv_evaluation,chatter,1,0.008885793,64
turning,cnn_ae,ver_max,3p5inchStickout_F_12-Jun-2017_rpm570_doc0p015_window_0000,3p5inchStickout/F_12-Jun-2017_rpm570_doc0p015,train,42,2,cv_evaluation,no_chatter,0,4.234944e-05,64
turning,cnn_ae,ver_max,3p5inchStickout_F_12-Jun-2017_rpm570_doc0p015_window_0001,3p5inchStickout/F_12-Jun-2017_rpm570_doc0p015,train,42,2,cv_evaluation,no_chatter,0,0.0017249436,64
turning,cnn_ae,ver_max,3p5inchStickout_F_12-Jun-2017_rpm570_doc0p015_window_0002,3p5inchStickout/F_12-Jun-2017_rpm570_doc0p015,train,42,2,cv_evaluation,no_chatter,0,0.0026146558,64
turning,cnn_ae,ver_max,3p5inchStickout_F_12-Jun-2017_rpm570_doc0p015_window_0003,3p5inchStickout/F_12-Jun-2017_rpm570_doc0p015,train,42,2,cv_evaluation,no_chatter,0,0.0031039696,64
turning,cnn_ae,ver_max,3p5inchStickout_F_12-Jun-2017_rpm570_doc0p015_window_0004,3p5inchStickout/F_12-Jun-2017_rpm570_doc0p015,train,42,2,cv_evaluation,no_chatter,0,0.0020479523,64
turning,cnn_ae,ver_max,3p5inchStickout_F_12-Jun-2017_rpm570_doc0p015_window_0005,3p5inchStickout/F_12-Jun-2017_rpm570_doc0p015,train,42,2,cv_evaluation,no_chatter,0,0.0038456726,64
turning,cnn_ae,ver_max,3p5inchStickout_F_12-Jun-2017_rpm570_doc0p015_window_0006,3p5inchStickout/F_12-Jun-2017_rpm570_doc0p015,train,42,2,cv_evaluation,no_chatter,0,0.007429781,64
turning,cnn_ae,ver_max,3p5inchStickout_F_12-Jun-2017_rpm570_doc0p015_window_0007,3p5inchStickout/F_12-Jun-2017_rpm570_doc0p015,train,42,2,cv_evaluation,no_chatter,0,0.007099723,64
turning,cnn_ae,ver_max,3p5inchStickout_F_12-Jun-2017_rpm570_doc0p015_window_0008,3p5inchStickout/F_12-Jun-2017_rpm570_doc0p015,train,42,2,cv_evaluation,no_chatter,0,0.005025825,64
turning,cnn_ae,ver_max,3p5inchStickout_F_12-Jun-2017_rpm570_doc0p015_window_0009,3p5inchStickout/F_12-Jun-2017_rpm570_doc0p015,train,42,2,cv_evaluation,no_chatter,0,0.0055667832,64
turning,cnn_ae,ver_max,3p5inchStickout_F_12-Jun-2017_rpm570_doc0p030_window_0000,3p5inchStickout/F_12-Jun-2017_rpm570_doc0p030,train,42,2,cv_evaluation,no_chatter,0,7.504708e-05,64
turning,cnn_ae,ver_max,3p5inchStickout_F_12-Jun-2017_rpm570_doc0p030_window_0001,3p5inchStickout/F_12-Jun-2017_rpm570_doc0p030,test,42,2,cv_evaluation,no_chatter,0,4.9701306e-05,64
turning,cnn_ae,ver_max,3p5inchStickout_F_12-Jun-2017_rpm570_doc0p030_window_0002,3p5inchStickout/F_12-Jun-2017_rpm570_doc0p030,train,42,2,cv_evaluation,no_chatter,0,0.0016877574,64
turning,cnn_ae,ver_max,3p5inchStickout_F_12-Jun-2017_rpm570_doc0p030_window_0003,3p5inchStickout/F_12-Jun-2017_rpm570_doc0p030,train,42,2,cv_evaluation,no_chatter,0,0.0011993961,64
turning,cnn_ae,ver_max,3p5inchStickout_F_12-Jun-2017_rpm570_doc0p030_window_0004,3p5inchStickout/F_12-Jun-2017_rpm570_doc0p030,train,42,2,cv_evaluation,no_chatter,0,0.0017258378,64
turning,cnn_ae,ver_max,3p5inchStickout_F_12-Jun-2017_rpm570_doc0p030_window_0005,3p5inchStickout/F_12-Jun-2017_rpm570_doc0p030,train,42,2,cv_evaluation,no_chatter,0,0.0019385314,64
turning,cnn_ae,ver_max,3p5inchStickout_F_12-Jun-2017_rpm570_doc0p030_window_0006,3p5inchStickout/F_12-Jun-2017_rpm570_doc0p030,train,42,2,cv_evaluation,no_chatter,0,0.0016859993,64
turning,cnn_ae,ver_max,3p5inchStickout_F_12-Jun-2017_rpm570_doc0p030_window_0007,3p5inchStickout/F_12-Jun-2017_rpm570_doc0p030,train,42,2,cv_evaluation,no_chatter,0,0.0034476924,64
turning,cnn_ae,ver_max,3p5inchStickout_F_12-Jun-2017_rpm570_doc0p030_window_0008,3p5inchStickout/F_12-Jun-2017_rpm570_doc0p030,train,42,2,cv_evaluation,no_chatter,0,0.012971307,64
turning,cnn_ae,ver_max,3p5inchStickout_F_12-Jun-2017_rpm570_doc0p030_window_0009,3p5inchStickout/F_12-Jun-2017_rpm570_doc0p030,test,42,2,cv_evaluation,no_chatter,0,0.007853522,64
turning,cnn_ae,ver_max,3p5inchStickout_F_14-Jun-2017_rpm770_doc0p008_window_0000,3p5inchStickout/F_14-Jun-2017_rpm770_doc0p008,train,42,2,cv_evaluation,no_chatter,0,0.0001570467,64
turning,cnn_ae,ver_max,3p5inchStickout_F_14-Jun-2017_rpm770_doc0p008_window_0001,3p5inchStickout/F_14-Jun-2017_rpm770_doc0p008,train,42,2,cv_evaluation,no_chatter,0,0.00085760927,64
turning,cnn_ae,ver_max,3p5inchStickout_F_14-Jun-2017_rpm770_doc0p008_window_0002,3p5inchStickout/F_14-Jun-2017_rpm770_doc0p008,train,42,2,cv_evaluation,no_chatter,0,0.0015773345,64
turning,cnn_ae,ver_max,3p5inchStickout_F_14-Jun-2017_rpm770_doc0p008_window_0003,3p5inchStickout/F_14-Jun-2017_rpm770_doc0p008,test,42,2,cv_evaluation,no_chatter,0,0.0013225708,64
turning,cnn_ae,ver_max,3p5inchStickout_F_14-Jun-2017_rpm770_doc0p015_window_0000,3p5inchStickout/F_14-Jun-2017_rpm770_doc0p015,validation,42,2,cv_evaluation,no_chatter,0,0.00016894616,64
turning,cnn_ae,ver_max,3p5inchStickout_F_14-Jun-2017_rpm770_doc0p015_window_0001,3p5inchStickout/F_14-Jun-2017_rpm770_doc0p015,train,42,2,cv_evaluation,no_chatter,0,0.0016565506,64
turning,cnn_ae,ver_max,3p5inchStickout_F_14-Jun-2017_rpm770_doc0p015_window_0002,3p5inchStickout/F_14-Jun-2017_rpm770_doc0p015,train,42,2,cv_evaluation,no_chatter,0,0.0052475994,64
turning,cnn_ae,ver_max,3p5inchStickout_F_14-Jun-2017_rpm770_doc0p015_window_0003,3p5inchStickout/F_14-Jun-2017_rpm770_doc0p015,validation,42,2,cv_evaluation,no_chatter,0,0.009851009,64
turning,cnn_ae,ver_max,4p5inchStickout_F_12-Jun-2017_rpm570_doc0p005_window_0000,4p5inchStickout/F_12-Jun-2017_rpm570_doc0p005,validation,42,2,cv_evaluation,no_chatter,0,6.686551e-05,64
turning,cnn_ae,ver_max,4p5inchStickout_F_12-Jun-2017_rpm570_doc0p005_window_0001,4p5inchStickout/F_12-Jun-2017_rpm570_doc0p005,train,42,2,cv_evaluation,no_chatter,0,6.281636e-05,64
turning,cnn_ae,ver_max,4p5inchStickout_F_12-Jun-2017_rpm570_doc0p005_window_0002,4p5inchStickout/F_12-Jun-2017_rpm570_doc0p005,validation,42,2,cv_evaluation,no_chatter,0,5.871284e-05,64
turning,cnn_ae,ver_max,4p5inchStickout_F_12-Jun-2017_rpm570_doc0p005_window_0003,4p5inchStickout/F_12-Jun-2017_rpm570_doc0p005,train,42,2,cv_evaluation,no_chatter,0,6.3577005e-05,64
turning,cnn_ae,ver_max,4p5inchStickout_F_12-Jun-2017_rpm570_doc0p005_window_0004,4p5inchStickout/F_12-Jun-2017_rpm570_doc0p005,train,42,2,cv_evaluation,no_chatter,0,4.9628026e-05,64
turning,cnn_ae,ver_max,4p5inchStickout_F_12-Jun-2017_rpm570_doc0p005_window_0005,4p5inchStickout/F_12-Jun-2017_rpm570_doc0p005,validation,42,2,cv_evaluation,no_chatter,0,0.0014826013,64
turning,cnn_ae,ver_max,4p5inchStickout_F_12-Jun-2017_rpm570_doc0p005_window_0006,4p5inchStickout/F_12-Jun-2017_rpm570_doc0p005,train,42,2,cv_evaluation,no_chatter,0,0.0010902109,64
turning,cnn_ae,ver_max,4p5inchStickout_F_12-Jun-2017_rpm570_doc0p005_window_0007,4p5inchStickout/F_12-Jun-2017_rpm570_doc0p005,train,42,2,cv_evaluation,no_chatter,0,0.0012164625,64
turning,cnn_ae,ver_max,4p5inchStickout_F_12-Jun-2017_rpm570_doc0p005_window_0008,4p5inchStickout/F_12-Jun-2017_rpm570_doc0p005,train,42,2,cv_evaluation,no_chatter,0,0.0012103565,64
turning,cnn_ae,ver_max,4p5inchStickout_F_12-Jun-2017_rpm570_doc0p005_window_0009,4p5inchStickout/F_12-Jun-2017_rpm570_doc0p005,train,42,2,cv_evaluation,no_chatter,0,0.0013091783,64
turning,cnn_ae,ver_max,4p5inchStickout_F_12-Jun-2017_rpm570_doc0p005_window_0010,4p5inchStickout/F_12-Jun-2017_rpm570_doc0p005,train,42,2,cv_evaluation,no_chatter,0,0.001426762,64
turning,cnn_ae,ver_max,4p5inchStickout_F_12-Jun-2017_rpm570_doc0p005_window_0011,4p5inchStickout/F_12-Jun-2017_rpm570_doc0p005,train,42,2,cv_evaluation,no_chatter,0,0.0011246258,64
turning,cnn_ae,ver_max,4p5inchStickout_F_13-Jun-2017_rpm1030_doc0p007_window_0000,4p5inchStickout/F_13-Jun-2017_rpm1030_doc0p007,train,42,2,cv_evaluation,no_chatter,0,0.000119462384,64
turning,cnn_ae,ver_max,4p5inchStickout_F_13-Jun-2017_rpm1030_doc0p007_window_0001,4p5inchStickout/F_13-Jun-2017_rpm1030_doc0p007,train,42,2,cv_evaluation,no_chatter,0,0.0012396665,64
turning,cnn_ae,ver_max,4p5inchStickout_F_13-Jun-2017_rpm1030_doc0p007_window_0002,4p5inchStickout/F_13-Jun-2017_rpm1030_doc0p007,train,42,2,cv_evaluation,no_chatter,0,0.0011604842,64
turning,cnn_ae,ver_max,4p5inchStickout_F_13-Jun-2017_rpm1030_doc0p007_window_0003,4p5inchStickout/F_13-Jun-2017_rpm1030_doc0p007,train,42,2,cv_evaluation,no_chatter,0,0.0029771782,64
turning,cnn_ae,ver_max,4p5inchStickout_F_13-Jun-2017_rpm770_doc0p010_window_0000,4p5inchStickout/F_13-Jun-2017_rpm770_doc0p010,train,42,2,cv_evaluation,no_chatter,0,7.764055e-05,64
turning,cnn_ae,ver_max,4p5inchStickout_F_13-Jun-2017_rpm770_doc0p010_window_0001,4p5inchStickout/F_13-Jun-2017_rpm770_doc0p010,train,42,2,cv_evaluation,no_chatter,0,0.0002478236,64
turning,cnn_ae,ver_max,4p5inchStickout_F_13-Jun-2017_rpm770_doc0p010_window_0002,4p5inchStickout/F_13-Jun-2017_rpm770_doc0p010,train,42,2,cv_evaluation,no_chatter,0,0.0011619036,64
turning,cnn_ae,ver_max,4p5inchStickout_F_13-Jun-2017_rpm770_doc0p010_window_0003,4p5inchStickout/F_13-Jun-2017_rpm770_doc0p010,test,42,2,cv_evaluation,no_chatter,0,0.0019156646,64
turning,cnn_ae,ver_max,4p5inchStickout_F_13-Jun-2017_rpm770_doc0p010_window_0004,4p5inchStickout/F_13-Jun-2017_rpm770_doc0p010,train,42,2,cv_evaluation,no_chatter,0,0.002022408,64
turning,cnn_ae,ver_max,4p5inchStickout_F_13-Jun-2017_rpm770_doc0p010_window_0005,4p5inchStickout/F_13-Jun-2017_rpm770_doc0p010,train,42,2,cv_evaluation,no_chatter,0,0.001326362,64
turning,cnn_ae,ver_topk,2inchStickout_F_08-Jun-2017_rpm320_doc0p015_window_0000,2inchStickout/F_08-Jun-2017_rpm320_doc0p015,train,42,2,cv_evaluation,no_chatter,0,6.5392065e-05,64
turning,cnn_ae,ver_topk,2inchStickout_F_08-Jun-2017_rpm320_doc0p015_window_0001,2inchStickout/F_08-Jun-2017_rpm320_doc0p015,validation,42,2,cv_evaluation,no_chatter,0,6.356993e-05,64
turning,cnn_ae,ver_topk,2inchStickout_F_08-Jun-2017_rpm320_doc0p015_window_0002,2inchStickout/F_08-Jun-2017_rpm320_doc0p015,train,42,2,cv_evaluation,no_chatter,0,6.8535206e-05,64
turning,cnn_ae,ver_topk,2inchStickout_F_08-Jun-2017_rpm320_doc0p015_window_0003,2inchStickout/F_08-Jun-2017_rpm320_doc0p015,validation,42,2,cv_evaluation,no_chatter,0,0.0005793125,64
turning,cnn_ae,ver_topk,2inchStickout_F_08-Jun-2017_rpm320_doc0p015_window_0004,2inchStickout/F_08-Jun-2017_rpm320_doc0p015,train,42,2,cv_evaluation,no_chatter,0,0.00065739575,64
turning,cnn_ae,ver_topk,2inchStickout_F_08-Jun-2017_rpm320_doc0p015_window_0005,2inchStickout/F_08-Jun-2017_rpm320_doc0p015,train,42,2,cv_evaluation,no_chatter,0,0.00076370133,64
turning,cnn_ae,ver_topk,2inchStickout_F_08-Jun-2017_rpm320_doc0p015_window_0006,2inchStickout/F_08-Jun-2017_rpm320_doc0p015,train,42,2,cv_evaluation,no_chatter,0,0.0008028688,64
turning,cnn_ae,ver_topk,2inchStickout_F_08-Jun-2017_rpm320_doc0p015_window_0007,2inchStickout/F_08-Jun-2017_rpm320_doc0p015,train,42,2,cv_evaluation,no_chatter,0,0.0004151231,64
turning,cnn_ae,ver_topk,2inchStickout_F_08-Jun-2017_rpm320_doc0p015_window_0008,2inchStickout/F_08-Jun-2017_rpm320_doc0p015,train,42,2,cv_evaluation,no_chatter,0,0.000536352,64
turning,cnn_ae,ver_topk,2inchStickout_F_08-Jun-2017_rpm320_doc0p015_window_0009,2inchStickout/F_08-Jun-2017_rpm320_doc0p015,train,42,2,cv_evaluation,no_chatter,0,0.0005947143,64
turning,cnn_ae,ver_topk,2inchStickout_F_08-Jun-2017_rpm320_doc0p015_window_0010,2inchStickout/F_08-Jun-2017_rpm320_doc0p015,train,42,2,cv_evaluation,no_chatter,0,0.00049008965,64
turning,cnn_ae,ver_topk,2inchStickout_F_08-Jun-2017_rpm320_doc0p015_window_0011,2inchStickout/F_08-Jun-2017_rpm320_doc0p015,train,42,2,cv_evaluation,no_chatter,0,0.00043146647,64
turning,cnn_ae,ver_topk,2inchStickout_F_08-Jun-2017_rpm320_doc0p015_window_0012,2inchStickout/F_08-Jun-2017_rpm320_doc0p015,train,42,2,cv_evaluation,no_chatter,0,0.00044413403,64
turning,cnn_ae,ver_topk,2inchStickout_F_08-Jun-2017_rpm320_doc0p015_window_0013,2inchStickout/F_08-Jun-2017_rpm320_doc0p015,validation,42,2,cv_evaluation,no_chatter,0,0.0006352289,64
turning,cnn_ae,ver_topk,2inchStickout_F_08-Jun-2017_rpm320_doc0p015_window_0014,2inchStickout/F_08-Jun-2017_rpm320_doc0p015,validation,42,2,cv_evaluation,no_chatter,0,0.0008694471,64
turning,cnn_ae,ver_topk,2inchStickout_F_08-Jun-2017_rpm320_doc0p015_window_0015,2inchStickout/F_08-Jun-2017_rpm320_doc0p015,train,42,2,cv_evaluation,no_chatter,0,0.0004934059,64
turning,cnn_ae,ver_topk,2inchStickout_F_08-Jun-2017_rpm320_doc0p015_window_0016,2inchStickout/F_08-Jun-2017_rpm320_doc0p015,train,42,2,cv_evaluation,no_chatter,0,0.0007142725,64
turning,cnn_ae,ver_topk,2inchStickout_F_08-Jun-2017_rpm320_doc0p015_window_0017,2inchStickout/F_08-Jun-2017_rpm320_doc0p015,train,42,2,cv_evaluation,no_chatter,0,0.00042728815,64
turning,cnn_ae,ver_topk,2inchStickout_F_08-Jun-2017_rpm320_doc0p015_window_0018,2inchStickout/F_08-Jun-2017_rpm320_doc0p015,train,42,2,cv_evaluation,no_chatter,0,0.00044834745,64
turning,cnn_ae,ver_topk,2inchStickout_F_08-Jun-2017_rpm320_doc0p015_window_0019,2inchStickout/F_08-Jun-2017_rpm320_doc0p015,train,42,2,cv_evaluation,no_chatter,0,0.0008437654,64
turning,cnn_ae,ver_topk,2inchStickout_F_08-Jun-2017_rpm320_doc0p015_window_0020,2inchStickout/F_08-Jun-2017_rpm320_doc0p015,train,42,2,cv_evaluation,no_chatter,0,0.0006357051,64
turning,cnn_ae,ver_topk,2inchStickout_F_08-Jun-2017_rpm320_doc0p015_window_0021,2inchStickout/F_08-Jun-2017_rpm320_doc0p015,train,42,2,cv_evaluation,no_chatter,0,0.0006656833,64
turning,cnn_ae,ver_topk,2inchStickout_F_08-Jun-2017_rpm320_doc0p015_window_0022,2inchStickout/F_08-Jun-2017_rpm320_doc0p015,train,42,2,cv_evaluation,no_chatter,0,0.00048989925,64
turning,cnn_ae,ver_topk,2inchStickout_F_08-Jun-2017_rpm320_doc0p015_window_0023,2inchStickout/F_08-Jun-2017_rpm320_doc0p015,train,42,2,cv_evaluation,no_chatter,0,0.0008975643,64
turning,cnn_ae,ver_topk,2inchStickout_F_08-Jun-2017_rpm320_doc0p050_window_0000,2inchStickout/F_08-Jun-2017_rpm320_doc0p050,train,42,2,cv_evaluation,no_chatter,0,7.3142786e-05,64
turning,cnn_ae,ver_topk,2inchStickout_F_08-Jun-2017_rpm320_doc0p050_window_0001,2inchStickout/F_08-Jun-2017_rpm320_doc0p050,train,42,2,cv_evaluation,no_chatter,0,4.4107757e-05,64
turning,cnn_ae,ver_topk,2inchStickout_F_08-Jun-2017_rpm320_doc0p050_window_0002,2inchStickout/F_08-Jun-2017_rpm320_doc0p050,train,42,2,cv_evaluation,no_chatter,0,4.6215137e-05,64
turning,cnn_ae,ver_topk,2inchStickout_F_08-Jun-2017_rpm320_doc0p050_window_0003,2inchStickout/F_08-Jun-2017_rpm320_doc0p050,test,42,2,cv_evaluation,no_chatter,0,0.002295579,64
turning,cnn_ae,ver_topk,2inchStickout_F_08-Jun-2017_rpm320_doc0p050_window_0004,2inchStickout/F_08-Jun-2017_rpm320_doc0p050,train,42,2,cv_evaluation,no_chatter,0,0.0005369301,64
turning,cnn_ae,ver_topk,2inchStickout_F_08-Jun-2017_rpm320_doc0p050_window_0005,2inchStickout/F_08-Jun-2017_rpm320_doc0p050,train,42,2,cv_evaluation,no_chatter,0,0.00058803736,64
turning,cnn_ae,ver_topk,2inchStickout_F_08-Jun-2017_rpm320_doc0p050_window_0006,2inchStickout/F_08-Jun-2017_rpm320_doc0p050,train,42,2,cv_evaluation,no_chatter,0,0.0005757039,64
turning,cnn_ae,ver_topk,2inchStickout_F_08-Jun-2017_rpm320_doc0p050_window_0007,2inchStickout/F_08-Jun-2017_rpm320_doc0p050,train,42,2,cv_evaluation,no_chatter,0,0.0008487711,64
turning,cnn_ae,ver_topk,2inchStickout_F_08-Jun-2017_rpm320_doc0p050_window_0008,2inchStickout/F_08-Jun-2017_rpm320_doc0p050,test,42,2,cv_evaluation,no_chatter,0,0.0005334167,64
turning,cnn_ae,ver_topk,2inchStickout_F_08-Jun-2017_rpm320_doc0p050_window_0009,2inchStickout/F_08-Jun-2017_rpm320_doc0p050,test,42,2,cv_evaluation,no_chatter,0,0.0006744996,64
turning,cnn_ae,ver_topk,2inchStickout_F_08-Jun-2017_rpm320_doc0p050_window_0010,2inchStickout/F_08-Jun-2017_rpm320_doc0p050,train,42,2,cv_evaluation,no_chatter,0,0.00087858696,64
turning,cnn_ae,ver_topk,2inchStickout_F_08-Jun-2017_rpm320_doc0p050_window_0011,2inchStickout/F_08-Jun-2017_rpm320_doc0p050,train,42,2,cv_evaluation,no_chatter,0,0.0006732796,64
turning,cnn_ae,ver_topk,2inchStickout_F_08-Jun-2017_rpm320_doc0p050_window_0012,2inchStickout/F_08-Jun-2017_rpm320_doc0p050,test,42,2,cv_evaluation,no_chatter,0,0.0006007093,64
turning,cnn_ae,ver_topk,2inchStickout_F_08-Jun-2017_rpm320_doc0p050_window_0013,2inchStickout/F_08-Jun-2017_rpm320_doc0p050,test,42,2,cv_evaluation,no_chatter,0,0.0008850652,64
turning,cnn_ae,ver_topk,2inchStickout_F_08-Jun-2017_rpm320_doc0p050_window_0014,2inchStickout/F_08-Jun-2017_rpm320_doc0p050,test,42,2,cv_evaluation,no_chatter,0,0.00072349847,64
turning,cnn_ae,ver_topk,2inchStickout_F_08-Jun-2017_rpm320_doc0p050_window_0015,2inchStickout/F_08-Jun-2017_rpm320_doc0p050,train,42,2,cv_evaluation,no_chatter,0,0.0009413138,64
turning,cnn_ae,ver_topk,2inchStickout_F_08-Jun-2017_rpm320_doc0p050_window_0016,2inchStickout/F_08-Jun-2017_rpm320_doc0p050,train,42,2,cv_evaluation,no_chatter,0,0.00090542034,64
turning,cnn_ae,ver_topk,2inchStickout_F_08-Jun-2017_rpm320_doc0p050_window_0017,2inchStickout/F_08-Jun-2017_rpm320_doc0p050,test,42,2,cv_evaluation,no_chatter,0,0.0006518409,64
turning,cnn_ae,ver_topk,2inchStickout_F_08-Jun-2017_rpm320_doc0p050_window_0018,2inchStickout/F_08-Jun-2017_rpm320_doc0p050,train,42,2,cv_evaluation,no_chatter,0,0.0007297841,64
turning,cnn_ae,ver_topk,2inchStickout_F_08-Jun-2017_rpm320_doc0p050_window_0019,2inchStickout/F_08-Jun-2017_rpm320_doc0p050,train,42,2,cv_evaluation,no_chatter,0,0.0011495533,64
turning,cnn_ae,ver_topk,2inchStickout_F_08-Jun-2017_rpm320_doc0p050_window_0020,2inchStickout/F_08-Jun-2017_rpm320_doc0p050,train,42,2,cv_evaluation,no_chatter,0,0.0005158968,64
turning,cnn_ae,ver_topk,2inchStickout_F_08-Jun-2017_rpm320_doc0p050_window_0021,2inchStickout/F_08-Jun-2017_rpm320_doc0p050,train,42,2,cv_evaluation,no_chatter,0,0.0006556714,64
turning,cnn_ae,ver_topk,2inchStickout_F_08-Jun-2017_rpm320_doc0p050_window_0022,2inchStickout/F_08-Jun-2017_rpm320_doc0p050,test,42,2,cv_evaluation,no_chatter,0,0.0006445346,64
turning,cnn_ae,ver_topk,2inchStickout_F_08-Jun-2017_rpm320_doc0p050_window_0023,2inchStickout/F_08-Jun-2017_rpm320_doc0p050,test,42,2,cv_evaluation,no_chatter,0,0.0008905567,64
turning,cnn_ae,ver_topk,2inchStickout_F_08-Jun-2017_rpm570_doc0p001_window_0000,2inchStickout/F_08-Jun-2017_rpm570_doc0p001,train,42,2,cv_evaluation,no_chatter,0,8.165296e-05,64
turning,cnn_ae,ver_topk,2inchStickout_F_08-Jun-2017_rpm570_doc0p001_window_0001,2inchStickout/F_08-Jun-2017_rpm570_doc0p001,validation,42,2,cv_evaluation,no_chatter,0,0.001516681,64
turning,cnn_ae,ver_topk,2inchStickout_F_08-Jun-2017_rpm570_doc0p001_window_0002,2inchStickout/F_08-Jun-2017_rpm570_doc0p001,validation,42,2,cv_evaluation,chatter,1,0.0037498616,64
turning,cnn_ae,ver_topk,2inchStickout_F_08-Jun-2017_rpm570_doc0p001_window_0003,2inchStickout/F_08-Jun-2017_rpm570_doc0p001,validation,42,2,cv_evaluation,chatter,1,0.0050008977,64
turning,cnn_ae,ver_topk,2inchStickout_F_08-Jun-2017_rpm570_doc0p001_window_0004,2inchStickout/F_08-Jun-2017_rpm570_doc0p001,validation,42,2,cv_evaluation,chatter,1,0.005247412,64
turning,cnn_ae,ver_topk,2inchStickout_F_08-Jun-2017_rpm570_doc0p001_window_0005,2inchStickout/F_08-Jun-2017_rpm570_doc0p001,validation,42,2,cv_evaluation,chatter,1,0.0062650223,64
turning,cnn_ae,ver_topk,2inchStickout_F_08-Jun-2017_rpm770_doc0p001_window_0000,2inchStickout/F_08-Jun-2017_rpm770_doc0p001,test,42,2,cv_evaluation,no_chatter,0,0.00020932098,64
turning,cnn_ae,ver_topk,2inchStickout_F_08-Jun-2017_rpm770_doc0p001_window_0001,2inchStickout/F_08-Jun-2017_rpm770_doc0p001,train,42,2,cv_evaluation,no_chatter,0,0.0020957154,64
turning,cnn_ae,ver_topk,2inchStickout_F_08-Jun-2017_rpm770_doc0p001_window_0002,2inchStickout/F_08-Jun-2017_rpm770_doc0p001,train,42,2,cv_evaluation,no_chatter,0,0.0025413095,64
turning,cnn_ae,ver_topk,2inchStickout_F_08-Jun-2017_rpm770_doc0p001_window_0003,2inchStickout/F_08-Jun-2017_rpm770_doc0p001,train,42,2,cv_evaluation,no_chatter,0,0.002655727,64
turning,cnn_ae,ver_topk,2inchStickout_F_08-Jun-2017_rpm770_doc0p001_window_0004,2inchStickout/F_08-Jun-2017_rpm770_doc0p001,train,42,2,cv_evaluation,no_chatter,0,0.00326834,64
turning,cnn_ae,ver_topk,2inchStickout_F_08-Jun-2017_rpm770_doc0p001_window_0005,2inchStickout/F_08-Jun-2017_rpm770_doc0p001,train,42,2,cv_evaluation,no_chatter,0,0.0050607524,64
turning,cnn_ae,ver_topk,2inchStickout_F_08-Jun-2017_rpm770_doc0p001_window_0006,2inchStickout/F_08-Jun-2017_rpm770_doc0p001,test,42,2,cv_evaluation,chatter,1,0.005379683,64
turning,cnn_ae,ver_topk,2inchStickout_F_08-Jun-2017_rpm770_doc0p001_window_0007,2inchStickout/F_08-Jun-2017_rpm770_doc0p001,test,42,2,cv_evaluation,chatter,1,0.014770851,64
turning,cnn_ae,ver_topk,2p5inchStickout_F_12-Jun-2017_rpm570_doc0p003_window_0000,2p5inchStickout/F_12-Jun-2017_rpm570_doc0p003,train,42,2,cv_evaluation,no_chatter,0,0.0002593065,64
turning,cnn_ae,ver_topk,2p5inchStickout_F_12-Jun-2017_rpm570_doc0p003_window_0001,2p5inchStickout/F_12-Jun-2017_rpm570_doc0p003,test,42,2,cv_evaluation,no_chatter,0,0.0007049362,64
turning,cnn_ae,ver_topk,2p5inchStickout_F_12-Jun-2017_rpm570_doc0p003_window_0002,2p5inchStickout/F_12-Jun-2017_rpm570_doc0p003,train,42,2,cv_evaluation,no_chatter,0,0.0012700007,64
turning,cnn_ae,ver_topk,2p5inchStickout_F_12-Jun-2017_rpm570_doc0p003_window_0003,2p5inchStickout/F_12-Jun-2017_rpm570_doc0p003,train,42,2,cv_evaluation,no_chatter,0,0.0036692426,64
turning,cnn_ae,ver_topk,2p5inchStickout_F_12-Jun-2017_rpm570_doc0p003_window_0004,2p5inchStickout/F_12-Jun-2017_rpm570_doc0p003,train,42,2,cv_evaluation,no_chatter,0,0.0022866332,64
turning,cnn_ae,ver_topk,2p5inchStickout_F_12-Jun-2017_rpm570_doc0p003_window_0005,2p5inchStickout/F_12-Jun-2017_rpm570_doc0p003,train,42,2,cv_evaluation,no_chatter,0,0.0011606774,64
turning,cnn_ae,ver_topk,2p5inchStickout_F_12-Jun-2017_rpm570_doc0p003_window_0006,2p5inchStickout/F_12-Jun-2017_rpm570_doc0p003,train,42,2,cv_evaluation,no_chatter,0,0.0012317033,64
turning,cnn_ae,ver_topk,2p5inchStickout_F_12-Jun-2017_rpm570_doc0p003_window_0007,2p5inchStickout/F_12-Jun-2017_rpm570_doc0p003,train,42,2,cv_evaluation,no_chatter,0,0.0027654395,64
turning,cnn_ae,ver_topk,2p5inchStickout_F_12-Jun-2017_rpm570_doc0p003_window_0008,2p5inchStickout/F_12-Jun-2017_rpm570_doc0p003,train,42,2,cv_evaluation,no_chatter,0,0.0027114132,64
turning,cnn_ae,ver_topk,2p5inchStickout_F_12-Jun-2017_rpm570_doc0p003_window_0009,2p5inchStickout/F_12-Jun-2017_rpm570_doc0p003,train,42,2,cv_evaluation,no_chatter,0,0.0013571121,64
turning,cnn_ae,ver_topk,2p5inchStickout_F_12-Jun-2017_rpm570_doc0p015_trial2_window_0000,2p5inchStickout/F_12-Jun-2017_rpm570_doc0p015_trial2,train,42,2,cv_evaluation,no_chatter,0,0.0002436975,64
turning,cnn_ae,ver_topk,2p5inchStickout_F_12-Jun-2017_rpm570_doc0p015_trial2_window_0001,2p5inchStickout/F_12-Jun-2017_rpm570_doc0p015_trial2,train,42,2,cv_evaluation,no_chatter,0,0.0011711791,64
turning,cnn_ae,ver_topk,2p5inchStickout_F_12-Jun-2017_rpm570_doc0p015_trial2_window_0002,2p5inchStickout/F_12-Jun-2017_rpm570_doc0p015_trial2,test,42,2,cv_evaluation,chatter,1,0.005581016,64
turning,cnn_ae,ver_topk,2p5inchStickout_F_12-Jun-2017_rpm570_doc0p015_trial2_window_0003,2p5inchStickout/F_12-Jun-2017_rpm570_doc0p015_trial2,test,42,2,cv_evaluation,chatter,1,0.008835723,64
turning,cnn_ae,ver_topk,2p5inchStickout_F_12-Jun-2017_rpm570_doc0p015_trial2_window_0004,2p5inchStickout/F_12-Jun-2017_rpm570_doc0p015_trial2,test,42,2,cv_evaluation,chatter,1,0.009453022,64
turning,cnn_ae,ver_topk,2p5inchStickout_F_12-Jun-2017_rpm570_doc0p015_trial2_window_0005,2p5inchStickout/F_12-Jun-2017_rpm570_doc0p015_trial2,test,42,2,cv_evaluation,chatter,1,0.0073334896,64
turning,cnn_ae,ver_topk,3p5inchStickout_F_12-Jun-2017_rpm570_doc0p015_window_0000,3p5inchStickout/F_12-Jun-2017_rpm570_doc0p015,train,42,2,cv_evaluation,no_chatter,0,3.849312e-05,64
turning,cnn_ae,ver_topk,3p5inchStickout_F_12-Jun-2017_rpm570_doc0p015_window_0001,3p5inchStickout/F_12-Jun-2017_rpm570_doc0p015,train,42,2,cv_evaluation,no_chatter,0,0.0014434853,64
turning,cnn_ae,ver_topk,3p5inchStickout_F_12-Jun-2017_rpm570_doc0p015_window_0002,3p5inchStickout/F_12-Jun-2017_rpm570_doc0p015,train,42,2,cv_evaluation,no_chatter,0,0.0019302458,64
turning,cnn_ae,ver_topk,3p5inchStickout_F_12-Jun-2017_rpm570_doc0p015_window_0003,3p5inchStickout/F_12-Jun-2017_rpm570_doc0p015,train,42,2,cv_evaluation,no_chatter,0,0.0028041874,64
turning,cnn_ae,ver_topk,3p5inchStickout_F_12-Jun-2017_rpm570_doc0p015_window_0004,3p5inchStickout/F_12-Jun-2017_rpm570_doc0p015,train,42,2,cv_evaluation,no_chatter,0,0.0019646718,64
turning,cnn_ae,ver_topk,3p5inchStickout_F_12-Jun-2017_rpm570_doc0p015_window_0005,3p5inchStickout/F_12-Jun-2017_rpm570_doc0p015,train,42,2,cv_evaluation,no_chatter,0,0.0030420579,64
turning,cnn_ae,ver_topk,3p5inchStickout_F_12-Jun-2017_rpm570_doc0p015_window_0006,3p5inchStickout/F_12-Jun-2017_rpm570_doc0p015,train,42,2,cv_evaluation,no_chatter,0,0.007040665,64
turning,cnn_ae,ver_topk,3p5inchStickout_F_12-Jun-2017_rpm570_doc0p015_window_0007,3p5inchStickout/F_12-Jun-2017_rpm570_doc0p015,train,42,2,cv_evaluation,no_chatter,0,0.006712088,64
turning,cnn_ae,ver_topk,3p5inchStickout_F_12-Jun-2017_rpm570_doc0p015_window_0008,3p5inchStickout/F_12-Jun-2017_rpm570_doc0p015,train,42,2,cv_evaluation,no_chatter,0,0.0044092964,64
turning,cnn_ae,ver_topk,3p5inchStickout_F_12-Jun-2017_rpm570_doc0p015_window_0009,3p5inchStickout/F_12-Jun-2017_rpm570_doc0p015,train,42,2,cv_evaluation,no_chatter,0,0.0038802186,64
turning,cnn_ae,ver_topk,3p5inchStickout_F_12-Jun-2017_rpm570_doc0p030_window_0000,3p5inchStickout/F_12-Jun-2017_rpm570_doc0p030,train,42,2,cv_evaluation,no_chatter,0,7.270044e-05,64
turning,cnn_ae,ver_topk,3p5inchStickout_F_12-Jun-2017_rpm570_doc0p030_window_0001,3p5inchStickout/F_12-Jun-2017_rpm570_doc0p030,test,42,2,cv_evaluation,no_chatter,0,4.663855e-05,64
turning,cnn_ae,ver_topk,3p5inchStickout_F_12-Jun-2017_rpm570_doc0p030_window_0002,3p5inchStickout/F_12-Jun-2017_rpm570_doc0p030,train,42,2,cv_evaluation,no_chatter,0,0.001609486,64
turning,cnn_ae,ver_topk,3p5inchStickout_F_12-Jun-2017_rpm570_doc0p030_window_0003,3p5inchStickout/F_12-Jun-2017_rpm570_doc0p030,train,42,2,cv_evaluation,no_chatter,0,0.0011201352,64
turning,cnn_ae,ver_topk,3p5inchStickout_F_12-Jun-2017_rpm570_doc0p030_window_0004,3p5inchStickout/F_12-Jun-2017_rpm570_doc0p030,train,42,2,cv_evaluation,no_chatter,0,0.0015715848,64
turning,cnn_ae,ver_topk,3p5inchStickout_F_12-Jun-2017_rpm570_doc0p030_window_0005,3p5inchStickout/F_12-Jun-2017_rpm570_doc0p030,train,42,2,cv_evaluation,no_chatter,0,0.0017379461,64
turning,cnn_ae,ver_topk,3p5inchStickout_F_12-Jun-2017_rpm570_doc0p030_window_0006,3p5inchStickout/F_12-Jun-2017_rpm570_doc0p030,train,42,2,cv_evaluation,no_chatter,0,0.0014876068,64
turning,cnn_ae,ver_topk,3p5inchStickout_F_12-Jun-2017_rpm570_doc0p030_window_0007,3p5inchStickout/F_12-Jun-2017_rpm570_doc0p030,train,42,2,cv_evaluation,no_chatter,0,0.0023200524,64
turning,cnn_ae,ver_topk,3p5inchStickout_F_12-Jun-2017_rpm570_doc0p030_window_0008,3p5inchStickout/F_12-Jun-2017_rpm570_doc0p030,train,42,2,cv_evaluation,no_chatter,0,0.008618283,64
turning,cnn_ae,ver_topk,3p5inchStickout_F_12-Jun-2017_rpm570_doc0p030_window_0009,3p5inchStickout/F_12-Jun-2017_rpm570_doc0p030,test,42,2,cv_evaluation,no_chatter,0,0.0056370646,64
turning,cnn_ae,ver_topk,3p5inchStickout_F_14-Jun-2017_rpm770_doc0p008_window_0000,3p5inchStickout/F_14-Jun-2017_rpm770_doc0p008,train,42,2,cv_evaluation,no_chatter,0,0.0001502005,64
turning,cnn_ae,ver_topk,3p5inchStickout_F_14-Jun-2017_rpm770_doc0p008_window_0001,3p5inchStickout/F_14-Jun-2017_rpm770_doc0p008,train,42,2,cv_evaluation,no_chatter,0,0.0008015802,64
turning,cnn_ae,ver_topk,3p5inchStickout_F_14-Jun-2017_rpm770_doc0p008_window_0002,3p5inchStickout/F_14-Jun-2017_rpm770_doc0p008,train,42,2,cv_evaluation,no_chatter,0,0.0015379604,64
turning,cnn_ae,ver_topk,3p5inchStickout_F_14-Jun-2017_rpm770_doc0p008_window_0003,3p5inchStickout/F_14-Jun-2017_rpm770_doc0p008,test,42,2,cv_evaluation,no_chatter,0,0.0012075343,64
turning,cnn_ae,ver_topk,3p5inchStickout_F_14-Jun-2017_rpm770_doc0p015_window_0000,3p5inchStickout/F_14-Jun-2017_rpm770_doc0p015,validation,42,2,cv_evaluation,no_chatter,0,0.00014611674,64
turning,cnn_ae,ver_topk,3p5inchStickout_F_14-Jun-2017_rpm770_doc0p015_window_0001,3p5inchStickout/F_14-Jun-2017_rpm770_doc0p015,train,42,2,cv_evaluation,no_chatter,0,0.0011330593,64
turning,cnn_ae,ver_topk,3p5inchStickout_F_14-Jun-2017_rpm770_doc0p015_window_0002,3p5inchStickout/F_14-Jun-2017_rpm770_doc0p015,train,42,2,cv_evaluation,no_chatter,0,0.0047659185,64
turning,cnn_ae,ver_topk,3p5inchStickout_F_14-Jun-2017_rpm770_doc0p015_window_0003,3p5inchStickout/F_14-Jun-2017_rpm770_doc0p015,validation,42,2,cv_evaluation,no_chatter,0,0.0073752175,64
turning,cnn_ae,ver_topk,4p5inchStickout_F_12-Jun-2017_rpm570_doc0p005_window_0000,4p5inchStickout/F_12-Jun-2017_rpm570_doc0p005,validation,42,2,cv_evaluation,no_chatter,0,5.7083584e-05,64
turning,cnn_ae,ver_topk,4p5inchStickout_F_12-Jun-2017_rpm570_doc0p005_window_0001,4p5inchStickout/F_12-Jun-2017_rpm570_doc0p005,train,42,2,cv_evaluation,no_chatter,0,5.521673e-05,64
turning,cnn_ae,ver_topk,4p5inchStickout_F_12-Jun-2017_rpm570_doc0p005_window_0002,4p5inchStickout/F_12-Jun-2017_rpm570_doc0p005,validation,42,2,cv_evaluation,no_chatter,0,5.473096e-05,64
turning,cnn_ae,ver_topk,4p5inchStickout_F_12-Jun-2017_rpm570_doc0p005_window_0003,4p5inchStickout/F_12-Jun-2017_rpm570_doc0p005,train,42,2,cv_evaluation,no_chatter,0,4.738478e-05,64
turning,cnn_ae,ver_topk,4p5inchStickout_F_12-Jun-2017_rpm570_doc0p005_window_0004,4p5inchStickout/F_12-Jun-2017_rpm570_doc0p005,train,42,2,cv_evaluation,no_chatter,0,3.9911713e-05,64
turning,cnn_ae,ver_topk,4p5inchStickout_F_12-Jun-2017_rpm570_doc0p005_window_0005,4p5inchStickout/F_12-Jun-2017_rpm570_doc0p005,validation,42,2,cv_evaluation,no_chatter,0,0.0011030097,64
turning,cnn_ae,ver_topk,4p5inchStickout_F_12-Jun-2017_rpm570_doc0p005_window_0006,4p5inchStickout/F_12-Jun-2017_rpm570_doc0p005,train,42,2,cv_evaluation,no_chatter,0,0.0010346384,64
turning,cnn_ae,ver_topk,4p5inchStickout_F_12-Jun-2017_rpm570_doc0p005_window_0007,4p5inchStickout/F_12-Jun-2017_rpm570_doc0p005,train,42,2,cv_evaluation,no_chatter,0,0.0010971278,64
turning,cnn_ae,ver_topk,4p5inchStickout_F_12-Jun-2017_rpm570_doc0p005_window_0008,4p5inchStickout/F_12-Jun-2017_rpm570_doc0p005,train,42,2,cv_evaluation,no_chatter,0,0.0010751919,64
turning,cnn_ae,ver_topk,4p5inchStickout_F_12-Jun-2017_rpm570_doc0p005_window_0009,4p5inchStickout/F_12-Jun-2017_rpm570_doc0p005,train,42,2,cv_evaluation,no_chatter,0,0.0012503035,64
turning,cnn_ae,ver_topk,4p5inchStickout_F_12-Jun-2017_rpm570_doc0p005_window_0010,4p5inchStickout/F_12-Jun-2017_rpm570_doc0p005,train,42,2,cv_evaluation,no_chatter,0,0.0014084036,64
turning,cnn_ae,ver_topk,4p5inchStickout_F_12-Jun-2017_rpm570_doc0p005_window_0011,4p5inchStickout/F_12-Jun-2017_rpm570_doc0p005,train,42,2,cv_evaluation,no_chatter,0,0.0010956216,64
turning,cnn_ae,ver_topk,4p5inchStickout_F_13-Jun-2017_rpm1030_doc0p007_window_0000,4p5inchStickout/F_13-Jun-2017_rpm1030_doc0p007,train,42,2,cv_evaluation,no_chatter,0,0.000108552944,64
turning,cnn_ae,ver_topk,4p5inchStickout_F_13-Jun-2017_rpm1030_doc0p007_window_0001,4p5inchStickout/F_13-Jun-2017_rpm1030_doc0p007,train,42,2,cv_evaluation,no_chatter,0,0.0011297391,64
turning,cnn_ae,ver_topk,4p5inchStickout_F_13-Jun-2017_rpm1030_doc0p007_window_0002,4p5inchStickout/F_13-Jun-2017_rpm1030_doc0p007,train,42,2,cv_evaluation,no_chatter,0,0.001090969,64
turning,cnn_ae,ver_topk,4p5inchStickout_F_13-Jun-2017_rpm1030_doc0p007_window_0003,4p5inchStickout/F_13-Jun-2017_rpm1030_doc0p007,train,42,2,cv_evaluation,no_chatter,0,0.002432296,64
turning,cnn_ae,ver_topk,4p5inchStickout_F_13-Jun-2017_rpm770_doc0p010_window_0000,4p5inchStickout/F_13-Jun-2017_rpm770_doc0p010,train,42,2,cv_evaluation,no_chatter,0,6.229955e-05,64
turning,cnn_ae,ver_topk,4p5inchStickout_F_13-Jun-2017_rpm770_doc0p010_window_0001,4p5inchStickout/F_13-Jun-2017_rpm770_doc0p010,train,42,2,cv_evaluation,no_chatter,0,0.00011662216,64
turning,cnn_ae,ver_topk,4p5inchStickout_F_13-Jun-2017_rpm770_doc0p010_window_0002,4p5inchStickout/F_13-Jun-2017_rpm770_doc0p010,train,42,2,cv_evaluation,no_chatter,0,0.0011434653,64
turning,cnn_ae,ver_topk,4p5inchStickout_F_13-Jun-2017_rpm770_doc0p010_window_0003,4p5inchStickout/F_13-Jun-2017_rpm770_doc0p010,test,42,2,cv_evaluation,no_chatter,0,0.0015338172,64
turning,cnn_ae,ver_topk,4p5inchStickout_F_13-Jun-2017_rpm770_doc0p010_window_0004,4p5inchStickout/F_13-Jun-2017_rpm770_doc0p010,train,42,2,cv_evaluation,no_chatter,0,0.0015728697,64
turning,cnn_ae,ver_topk,4p5inchStickout_F_13-Jun-2017_rpm770_doc0p010_window_0005,4p5inchStickout/F_13-Jun-2017_rpm770_doc0p010,train,42,2,cv_evaluation,no_chatter,0,0.001257751,64
turning,cnn_ae,global_mse,2inchStickout_F_08-Jun-2017_rpm320_doc0p035_window_0000,2inchStickout/F_08-Jun-2017_rpm320_doc0p035,train,42,3,cv_evaluation,no_chatter,0,6.393469e-05,64
turning,cnn_ae,global_mse,2inchStickout_F_08-Jun-2017_rpm320_doc0p035_window_0001,2inchStickout/F_08-Jun-2017_rpm320_doc0p035,train,42,3,cv_evaluation,no_chatter,0,5.852049e-05,64
turning,cnn_ae,global_mse,2inchStickout_F_08-Jun-2017_rpm320_doc0p035_window_0002,2inchStickout/F_08-Jun-2017_rpm320_doc0p035,train,42,3,cv_evaluation,no_chatter,0,5.1873583e-05,64
turning,cnn_ae,global_mse,2inchStickout_F_08-Jun-2017_rpm320_doc0p035_window_0003,2inchStickout/F_08-Jun-2017_rpm320_doc0p035,validation,42,3,cv_evaluation,no_chatter,0,0.00014484003,64
turning,cnn_ae,global_mse,2inchStickout_F_08-Jun-2017_rpm320_doc0p035_window_0004,2inchStickout/F_08-Jun-2017_rpm320_doc0p035,train,42,3,cv_evaluation,no_chatter,0,0.00057587045,64
turning,cnn_ae,global_mse,2inchStickout_F_08-Jun-2017_rpm320_doc0p035_window_0005,2inchStickout/F_08-Jun-2017_rpm320_doc0p035,train,42,3,cv_evaluation,no_chatter,0,0.0003228381,64
turning,cnn_ae,global_mse,2inchStickout_F_08-Jun-2017_rpm320_doc0p035_window_0006,2inchStickout/F_08-Jun-2017_rpm320_doc0p035,train,42,3,cv_evaluation,no_chatter,0,0.00031237848,64
turning,cnn_ae,global_mse,2inchStickout_F_08-Jun-2017_rpm320_doc0p035_window_0007,2inchStickout/F_08-Jun-2017_rpm320_doc0p035,train,42,3,cv_evaluation,no_chatter,0,0.00033730792,64
turning,cnn_ae,global_mse,2inchStickout_F_08-Jun-2017_rpm320_doc0p035_window_0008,2inchStickout/F_08-Jun-2017_rpm320_doc0p035,train,42,3,cv_evaluation,no_chatter,0,0.00032926266,64
turning,cnn_ae,global_mse,2inchStickout_F_08-Jun-2017_rpm320_doc0p035_window_0009,2inchStickout/F_08-Jun-2017_rpm320_doc0p035,train,42,3,cv_evaluation,no_chatter,0,0.0003446563,64
turning,cnn_ae,global_mse,2inchStickout_F_08-Jun-2017_rpm320_doc0p035_window_0010,2inchStickout/F_08-Jun-2017_rpm320_doc0p035,train,42,3,cv_evaluation,no_chatter,0,0.00044226952,64
turning,cnn_ae,global_mse,2inchStickout_F_08-Jun-2017_rpm320_doc0p035_window_0011,2inchStickout/F_08-Jun-2017_rpm320_doc0p035,train,42,3,cv_evaluation,no_chatter,0,0.00046240378,64
turning,cnn_ae,global_mse,2inchStickout_F_08-Jun-2017_rpm320_doc0p035_window_0012,2inchStickout/F_08-Jun-2017_rpm320_doc0p035,train,42,3,cv_evaluation,no_chatter,0,0.0005601291,64
turning,cnn_ae,global_mse,2inchStickout_F_08-Jun-2017_rpm320_doc0p035_window_0013,2inchStickout/F_08-Jun-2017_rpm320_doc0p035,train,42,3,cv_evaluation,no_chatter,0,0.00048104968,64
turning,cnn_ae,global_mse,2inchStickout_F_08-Jun-2017_rpm320_doc0p035_window_0014,2inchStickout/F_08-Jun-2017_rpm320_doc0p035,train,42,3,cv_evaluation,no_chatter,0,0.00036528418,64
turning,cnn_ae,global_mse,2inchStickout_F_08-Jun-2017_rpm320_doc0p035_window_0015,2inchStickout/F_08-Jun-2017_rpm320_doc0p035,train,42,3,cv_evaluation,no_chatter,0,0.0004370835,64
turning,cnn_ae,global_mse,2inchStickout_F_08-Jun-2017_rpm320_doc0p035_window_0016,2inchStickout/F_08-Jun-2017_rpm320_doc0p035,train,42,3,cv_evaluation,no_chatter,0,0.00046387155,64
turning,cnn_ae,global_mse,2inchStickout_F_08-Jun-2017_rpm320_doc0p035_window_0017,2inchStickout/F_08-Jun-2017_rpm320_doc0p035,train,42,3,cv_evaluation,no_chatter,0,0.0004437008,64
turning,cnn_ae,global_mse,2inchStickout_F_08-Jun-2017_rpm320_doc0p035_window_0018,2inchStickout/F_08-Jun-2017_rpm320_doc0p035,train,42,3,cv_evaluation,no_chatter,0,0.00046813625,64
turning,cnn_ae,global_mse,2inchStickout_F_08-Jun-2017_rpm320_doc0p035_window_0019,2inchStickout/F_08-Jun-2017_rpm320_doc0p035,train,42,3,cv_evaluation,no_chatter,0,0.0005046647,64
turning,cnn_ae,global_mse,2inchStickout_F_08-Jun-2017_rpm320_doc0p035_window_0020,2inchStickout/F_08-Jun-2017_rpm320_doc0p035,validation,42,3,cv_evaluation,no_chatter,0,0.00052062894,64
turning,cnn_ae,global_mse,2inchStickout_F_08-Jun-2017_rpm320_doc0p035_window_0021,2inchStickout/F_08-Jun-2017_rpm320_doc0p035,train,42,3,cv_evaluation,no_chatter,0,0.0005534064,64
turning,cnn_ae,global_mse,2inchStickout_F_08-Jun-2017_rpm320_doc0p035_window_0022,2inchStickout/F_08-Jun-2017_rpm320_doc0p035,validation,42,3,cv_evaluation,no_chatter,0,0.00061537384,64
turning,cnn_ae,global_mse,2inchStickout_F_08-Jun-2017_rpm320_doc0p035_window_0023,2inchStickout/F_08-Jun-2017_rpm320_doc0p035,train,42,3,cv_evaluation,no_chatter,0,0.000637511,64
turning,cnn_ae,global_mse,2inchStickout_F_08-Jun-2017_rpm320_doc0p040_window_0000,2inchStickout/F_08-Jun-2017_rpm320_doc0p040,test,42,3,cv_evaluation,no_chatter,0,7.07055e-05,64
turning,cnn_ae,global_mse,2inchStickout_F_08-Jun-2017_rpm320_doc0p040_window_0001,2inchStickout/F_08-Jun-2017_rpm320_doc0p040,train,42,3,cv_evaluation,no_chatter,0,7.116367e-05,64
turning,cnn_ae,global_mse,2inchStickout_F_08-Jun-2017_rpm320_doc0p040_window_0002,2inchStickout/F_08-Jun-2017_rpm320_doc0p040,train,42,3,cv_evaluation,no_chatter,0,5.868349e-05,64
turning,cnn_ae,global_mse,2inchStickout_F_08-Jun-2017_rpm320_doc0p040_window_0003,2inchStickout/F_08-Jun-2017_rpm320_doc0p040,test,42,3,cv_evaluation,no_chatter,0,0.00081335235,64
turning,cnn_ae,global_mse,2inchStickout_F_08-Jun-2017_rpm320_doc0p040_window_0004,2inchStickout/F_08-Jun-2017_rpm320_doc0p040,test,42,3,cv_evaluation,no_chatter,0,0.00070448086,64
turning,cnn_ae,global_mse,2inchStickout_F_08-Jun-2017_rpm320_doc0p040_window_0005,2inchStickout/F_08-Jun-2017_rpm320_doc0p040,train,42,3,cv_evaluation,no_chatter,0,0.00039473182,64
turning,cnn_ae,global_mse,2inchStickout_F_08-Jun-2017_rpm320_doc0p040_window_0006,2inchStickout/F_08-Jun-2017_rpm320_doc0p040,train,42,3,cv_evaluation,no_chatter,0,0.00041859664,64
turning,cnn_ae,global_mse,2inchStickout_F_08-Jun-2017_rpm320_doc0p040_window_0007,2inchStickout/F_08-Jun-2017_rpm320_doc0p040,train,42,3,cv_evaluation,no_chatter,0,0.00046655876,64
turning,cnn_ae,global_mse,2inchStickout_F_08-Jun-2017_rpm320_doc0p040_window_0008,2inchStickout/F_08-Jun-2017_rpm320_doc0p040,train,42,3,cv_evaluation,no_chatter,0,0.0006587649,64
turning,cnn_ae,global_mse,2inchStickout_F_08-Jun-2017_rpm320_doc0p040_window_0009,2inchStickout/F_08-Jun-2017_rpm320_doc0p040,train,42,3,cv_evaluation,no_chatter,0,0.0008093179,64
turning,cnn_ae,global_mse,2inchStickout_F_08-Jun-2017_rpm320_doc0p040_window_0010,2inchStickout/F_08-Jun-2017_rpm320_doc0p040,train,42,3,cv_evaluation,no_chatter,0,0.0007438334,64
turning,cnn_ae,global_mse,2inchStickout_F_08-Jun-2017_rpm320_doc0p040_window_0011,2inchStickout/F_08-Jun-2017_rpm320_doc0p040,train,42,3,cv_evaluation,no_chatter,0,0.0006217563,64
turning,cnn_ae,global_mse,2inchStickout_F_08-Jun-2017_rpm320_doc0p040_window_0012,2inchStickout/F_08-Jun-2017_rpm320_doc0p040,test,42,3,cv_evaluation,no_chatter,0,0.00085212506,64
turning,cnn_ae,global_mse,2inchStickout_F_08-Jun-2017_rpm320_doc0p040_window_0013,2inchStickout/F_08-Jun-2017_rpm320_doc0p040,train,42,3,cv_evaluation,no_chatter,0,0.00081353216,64
turning,cnn_ae,global_mse,2inchStickout_F_08-Jun-2017_rpm320_doc0p040_window_0014,2inchStickout/F_08-Jun-2017_rpm320_doc0p040,train,42,3,cv_evaluation,no_chatter,0,0.00083725003,64
turning,cnn_ae,global_mse,2inchStickout_F_08-Jun-2017_rpm320_doc0p040_window_0015,2inchStickout/F_08-Jun-2017_rpm320_doc0p040,train,42,3,cv_evaluation,no_chatter,0,0.0006933638,64
turning,cnn_ae,global_mse,2inchStickout_F_08-Jun-2017_rpm320_doc0p040_window_0016,2inchStickout/F_08-Jun-2017_rpm320_doc0p040,train,42,3,cv_evaluation,no_chatter,0,0.00046166775,64
turning,cnn_ae,global_mse,2inchStickout_F_08-Jun-2017_rpm320_doc0p040_window_0017,2inchStickout/F_08-Jun-2017_rpm320_doc0p040,train,42,3,cv_evaluation,no_chatter,0,0.00044490903,64
turning,cnn_ae,global_mse,2inchStickout_F_08-Jun-2017_rpm320_doc0p040_window_0018,2inchStickout/F_08-Jun-2017_rpm320_doc0p040,train,42,3,cv_evaluation,no_chatter,0,0.0005552432,64
turning,cnn_ae,global_mse,2inchStickout_F_08-Jun-2017_rpm320_doc0p040_window_0019,2inchStickout/F_08-Jun-2017_rpm320_doc0p040,train,42,3,cv_evaluation,no_chatter,0,0.0005334614,64
turning,cnn_ae,global_mse,2inchStickout_F_08-Jun-2017_rpm320_doc0p040_window_0020,2inchStickout/F_08-Jun-2017_rpm320_doc0p040,train,42,3,cv_evaluation,no_chatter,0,0.00059283036,64
turning,cnn_ae,global_mse,2inchStickout_F_08-Jun-2017_rpm320_doc0p040_window_0021,2inchStickout/F_08-Jun-2017_rpm320_doc0p040,train,42,3,cv_evaluation,no_chatter,0,0.00041904187,64
turning,cnn_ae,global_mse,2inchStickout_F_08-Jun-2017_rpm320_doc0p040_window_0022,2inchStickout/F_08-Jun-2017_rpm320_doc0p040,test,42,3,cv_evaluation,no_chatter,0,0.0004940955,64
turning,cnn_ae,global_mse,2inchStickout_F_08-Jun-2017_rpm320_doc0p040_window_0023,2inchStickout/F_08-Jun-2017_rpm320_doc0p040,train,42,3,cv_evaluation,no_chatter,0,0.00037704819,64
turning,cnn_ae,global_mse,2inchStickout_F_08-Jun-2017_rpm425_doc0p005_window_0000,2inchStickout/F_08-Jun-2017_rpm425_doc0p005,train,42,3,cv_evaluation,no_chatter,0,0.00014633042,64
turning,cnn_ae,global_mse,2inchStickout_F_08-Jun-2017_rpm425_doc0p005_window_0001,2inchStickout/F_08-Jun-2017_rpm425_doc0p005,train,42,3,cv_evaluation,no_chatter,0,0.00013844117,64
turning,cnn_ae,global_mse,2inchStickout_F_08-Jun-2017_rpm425_doc0p005_window_0002,2inchStickout/F_08-Jun-2017_rpm425_doc0p005,train,42,3,cv_evaluation,no_chatter,0,0.00045891065,64
turning,cnn_ae,global_mse,2inchStickout_F_08-Jun-2017_rpm425_doc0p005_window_0003,2inchStickout/F_08-Jun-2017_rpm425_doc0p005,test,42,3,cv_evaluation,no_chatter,0,0.00071330846,64
turning,cnn_ae,global_mse,2inchStickout_F_08-Jun-2017_rpm425_doc0p005_window_0004,2inchStickout/F_08-Jun-2017_rpm425_doc0p005,train,42,3,cv_evaluation,no_chatter,0,0.00069209194,64
turning,cnn_ae,global_mse,2inchStickout_F_08-Jun-2017_rpm425_doc0p005_window_0005,2inchStickout/F_08-Jun-2017_rpm425_doc0p005,test,42,3,cv_evaluation,no_chatter,0,0.0007141331,64
turning,cnn_ae,global_mse,2inchStickout_F_08-Jun-2017_rpm425_doc0p005_window_0006,2inchStickout/F_08-Jun-2017_rpm425_doc0p005,train,42,3,cv_evaluation,no_chatter,0,0.0006815591,64
turning,cnn_ae,global_mse,2inchStickout_F_08-Jun-2017_rpm425_doc0p005_window_0007,2inchStickout/F_08-Jun-2017_rpm425_doc0p005,train,42,3,cv_evaluation,no_chatter,0,0.0007226102,64
turning,cnn_ae,global_mse,2inchStickout_F_08-Jun-2017_rpm425_doc0p015_window_0000,2inchStickout/F_08-Jun-2017_rpm425_doc0p015,train,42,3,cv_evaluation,no_chatter,0,0.00010814938,64
turning,cnn_ae,global_mse,2inchStickout_F_08-Jun-2017_rpm425_doc0p015_window_0001,2inchStickout/F_08-Jun-2017_rpm425_doc0p015,train,42,3,cv_evaluation,no_chatter,0,0.00010321065,64
turning,cnn_ae,global_mse,2inchStickout_F_08-Jun-2017_rpm425_doc0p015_window_0002,2inchStickout/F_08-Jun-2017_rpm425_doc0p015,train,42,3,cv_evaluation,no_chatter,0,0.0006109831,64
turning,cnn_ae,global_mse,2inchStickout_F_08-Jun-2017_rpm425_doc0p015_window_0003,2inchStickout/F_08-Jun-2017_rpm425_doc0p015,train,42,3,cv_evaluation,no_chatter,0,0.00066218135,64
turning,cnn_ae,global_mse,2inchStickout_F_08-Jun-2017_rpm425_doc0p015_window_0004,2inchStickout/F_08-Jun-2017_rpm425_doc0p015,train,42,3,cv_evaluation,no_chatter,0,0.0008793691,64
turning,cnn_ae,global_mse,2inchStickout_F_08-Jun-2017_rpm425_doc0p015_window_0005,2inchStickout/F_08-Jun-2017_rpm425_doc0p015,train,42,3,cv_evaluation,no_chatter,0,0.00088255847,64
turning,cnn_ae,global_mse,2inchStickout_F_08-Jun-2017_rpm425_doc0p015_window_0006,2inchStickout/F_08-Jun-2017_rpm425_doc0p015,train,42,3,cv_evaluation,no_chatter,0,0.001257143,64
turning,cnn_ae,global_mse,2inchStickout_F_08-Jun-2017_rpm425_doc0p015_window_0007,2inchStickout/F_08-Jun-2017_rpm425_doc0p015,validation,42,3,cv_evaluation,no_chatter,0,0.0012482496,64
turning,cnn_ae,global_mse,2inchStickout_F_08-Jun-2017_rpm770_doc0p005_window_0000,2inchStickout/F_08-Jun-2017_rpm770_doc0p005,validation,42,3,cv_evaluation,chatter,1,0.0074406764,64
turning,cnn_ae,global_mse,2inchStickout_F_08-Jun-2017_rpm770_doc0p005_window_0001,2inchStickout/F_08-Jun-2017_rpm770_doc0p005,validation,42,3,cv_evaluation,chatter,1,0.018504133,64
turning,cnn_ae,global_mse,2inchStickout_F_08-Jun-2017_rpm770_doc0p005_window_0002,2inchStickout/F_08-Jun-2017_rpm770_doc0p005,validation,42,3,cv_evaluation,chatter,1,0.019940503,64
turning,cnn_ae,global_mse,2inchStickout_F_08-Jun-2017_rpm770_doc0p005_window_0003,2inchStickout/F_08-Jun-2017_rpm770_doc0p005,validation,42,3,cv_evaluation,chatter,1,0.017393589,64
turning,cnn_ae,global_mse,2inchStickout_F_08-Jun-2017_rpm770_doc0p005_window_0004,2inchStickout/F_08-Jun-2017_rpm770_doc0p005,validation,42,3,cv_evaluation,chatter,1,0.03274068,64
turning,cnn_ae,global_mse,2inchStickout_F_08-Jun-2017_rpm770_doc0p005_window_0005,2inchStickout/F_08-Jun-2017_rpm770_doc0p005,validation,42,3,cv_evaluation,chatter,1,0.02926502,64
turning,cnn_ae,global_mse,2inchStickout_F_08-Jun-2017_rpm770_doc0p005_window_0006,2inchStickout/F_08-Jun-2017_rpm770_doc0p005,validation,42,3,cv_evaluation,chatter,1,0.02310887,64
turning,cnn_ae,global_mse,2inchStickout_F_08-Jun-2017_rpm770_doc0p005_window_0007,2inchStickout/F_08-Jun-2017_rpm770_doc0p005,validation,42,3,cv_evaluation,chatter,1,0.026996024,64
turning,cnn_ae,global_mse,2inchStickout_F_08-Jun-2017_rpm770_doc0p005_window_0008,2inchStickout/F_08-Jun-2017_rpm770_doc0p005,validation,42,3,cv_evaluation,chatter,1,0.029012717,64
turning,cnn_ae,global_mse,2inchStickout_F_08-Jun-2017_rpm770_doc0p005_window_0009,2inchStickout/F_08-Jun-2017_rpm770_doc0p005,validation,42,3,cv_evaluation,chatter,1,0.021769479,64
turning,cnn_ae,global_mse,2inchStickout_F_08-Jun-2017_rpm770_doc0p005_window_0010,2inchStickout/F_08-Jun-2017_rpm770_doc0p005,validation,42,3,cv_evaluation,chatter,1,0.00850232,64
turning,cnn_ae,global_mse,2inchStickout_F_08-Jun-2017_rpm770_doc0p005_window_0011,2inchStickout/F_08-Jun-2017_rpm770_doc0p005,train,42,3,cv_evaluation,no_chatter,0,0.004861538,64
turning,cnn_ae,global_mse,2p5inchStickout_F_12-Jun-2017_rpm570_doc0p015_window_0000,2p5inchStickout/F_12-Jun-2017_rpm570_doc0p015,validation,42,3,cv_evaluation,no_chatter,0,0.00021104766,64
turning,cnn_ae,global_mse,2p5inchStickout_F_12-Jun-2017_rpm570_doc0p015_window_0001,2p5inchStickout/F_12-Jun-2017_rpm570_doc0p015,train,42,3,cv_evaluation,no_chatter,0,0.00113711,64
turning,cnn_ae,global_mse,2p5inchStickout_F_12-Jun-2017_rpm570_doc0p015_window_0002,2p5inchStickout/F_12-Jun-2017_rpm570_doc0p015,train,42,3,cv_evaluation,no_chatter,0,0.0021481956,64
turning,cnn_ae,global_mse,2p5inchStickout_F_12-Jun-2017_rpm570_doc0p015_window_0003,2p5inchStickout/F_12-Jun-2017_rpm570_doc0p015,train,42,3,cv_evaluation,no_chatter,0,0.003069203,64
turning,cnn_ae,global_mse,2p5inchStickout_F_12-Jun-2017_rpm570_doc0p015_window_0004,2p5inchStickout/F_12-Jun-2017_rpm570_doc0p015,train,42,3,cv_evaluation,no_chatter,0,0.0014228687,64
turning,cnn_ae,global_mse,2p5inchStickout_F_12-Jun-2017_rpm570_doc0p015_window_0005,2p5inchStickout/F_12-Jun-2017_rpm570_doc0p015,train,42,3,cv_evaluation,no_chatter,0,0.0021571873,64
turning,cnn_ae,global_mse,2p5inchStickout_F_12-Jun-2017_rpm570_doc0p015_window_0006,2p5inchStickout/F_12-Jun-2017_rpm570_doc0p015,train,42,3,cv_evaluation,no_chatter,0,0.0030835653,64
turning,cnn_ae,global_mse,2p5inchStickout_F_12-Jun-2017_rpm570_doc0p015_window_0007,2p5inchStickout/F_12-Jun-2017_rpm570_doc0p015,train,42,3,cv_evaluation,no_chatter,0,0.0026239806,64
turning,cnn_ae,global_mse,2p5inchStickout_F_12-Jun-2017_rpm570_doc0p015_window_0008,2p5inchStickout/F_12-Jun-2017_rpm570_doc0p015,train,42,3,cv_evaluation,no_chatter,0,0.002545254,64
turning,cnn_ae,global_mse,2p5inchStickout_F_12-Jun-2017_rpm570_doc0p015_window_0009,2p5inchStickout/F_12-Jun-2017_rpm570_doc0p015,train,42,3,cv_evaluation,no_chatter,0,0.0065486627,64
turning,cnn_ae,global_mse,2p5inchStickout_F_12-Jun-2017_rpm770_doc0p002_window_0000,2p5inchStickout/F_12-Jun-2017_rpm770_doc0p002,train,42,3,cv_evaluation,no_chatter,0,0.00032234122,64
turning,cnn_ae,global_mse,2p5inchStickout_F_12-Jun-2017_rpm770_doc0p002_window_0001,2p5inchStickout/F_12-Jun-2017_rpm770_doc0p002,train,42,3,cv_evaluation,no_chatter,0,0.0013605476,64
turning,cnn_ae,global_mse,2p5inchStickout_F_12-Jun-2017_rpm770_doc0p002_window_0002,2p5inchStickout/F_12-Jun-2017_rpm770_doc0p002,train,42,3,cv_evaluation,no_chatter,0,0.007799235,64
turning,cnn_ae,global_mse,2p5inchStickout_F_12-Jun-2017_rpm770_doc0p002_window_0003,2p5inchStickout/F_12-Jun-2017_rpm770_doc0p002,train,42,3,cv_evaluation,no_chatter,0,0.0059425905,64
turning,cnn_ae,global_mse,3inchStickout_F_12-Jun-2017_rpm570_doc0p015_window_0000,3inchStickout/F_12-Jun-2017_rpm570_doc0p015,train,42,3,cv_evaluation,no_chatter,0,8.398759e-05,64
turning,cnn_ae,global_mse,3inchStickout_F_12-Jun-2017_rpm570_doc0p015_window_0001,3inchStickout/F_12-Jun-2017_rpm570_doc0p015,test,42,3,cv_evaluation,no_chatter,0,0.00011875923,64
turning,cnn_ae,global_mse,3inchStickout_F_12-Jun-2017_rpm570_doc0p015_window_0002,3inchStickout/F_12-Jun-2017_rpm570_doc0p015,train,42,3,cv_evaluation,no_chatter,0,0.00018195635,64
turning,cnn_ae,global_mse,3inchStickout_F_12-Jun-2017_rpm570_doc0p015_window_0003,3inchStickout/F_12-Jun-2017_rpm570_doc0p015,train,42,3,cv_evaluation,no_chatter,0,0.0016552301,64
turning,cnn_ae,global_mse,3inchStickout_F_12-Jun-2017_rpm570_doc0p015_window_0004,3inchStickout/F_12-Jun-2017_rpm570_doc0p015,train,42,3,cv_evaluation,no_chatter,0,0.0024804985,64
turning,cnn_ae,global_mse,3inchStickout_F_12-Jun-2017_rpm570_doc0p015_window_0005,3inchStickout/F_12-Jun-2017_rpm570_doc0p015,train,42,3,cv_evaluation,no_chatter,0,0.0022843853,64
turning,cnn_ae,global_mse,3inchStickout_F_12-Jun-2017_rpm570_doc0p015_window_0006,3inchStickout/F_12-Jun-2017_rpm570_doc0p015,train,42,3,cv_evaluation,no_chatter,0,0.0024587945,64
turning,cnn_ae,global_mse,3inchStickout_F_12-Jun-2017_rpm570_doc0p015_window_0007,3inchStickout/F_12-Jun-2017_rpm570_doc0p015,train,42,3,cv_evaluation,no_chatter,0,0.0024096437,64
turning,cnn_ae,global_mse,3inchStickout_F_12-Jun-2017_rpm570_doc0p015_window_0008,3inchStickout/F_12-Jun-2017_rpm570_doc0p015,train,42,3,cv_evaluation,no_chatter,0,0.0023368564,64
turning,cnn_ae,global_mse,3inchStickout_F_12-Jun-2017_rpm570_doc0p015_window_0009,3inchStickout/F_12-Jun-2017_rpm570_doc0p015,train,42,3,cv_evaluation,no_chatter,0,0.00366183,64
turning,cnn_ae,global_mse,4p5inchStickout_F_12-Jun-2017_rpm570_doc0p010_window_0000,4p5inchStickout/F_12-Jun-2017_rpm570_doc0p010,train,42,3,cv_evaluation,no_chatter,0,2.7202219e-05,64
turning,cnn_ae,global_mse,4p5inchStickout_F_12-Jun-2017_rpm570_doc0p010_window_0001,4p5inchStickout/F_12-Jun-2017_rpm570_doc0p010,train,42,3,cv_evaluation,no_chatter,0,3.3764703e-05,64
turning,cnn_ae,global_mse,4p5inchStickout_F_12-Jun-2017_rpm570_doc0p010_window_0002,4p5inchStickout/F_12-Jun-2017_rpm570_doc0p010,test,42,3,cv_evaluation,no_chatter,0,3.0293322e-05,64
turning,cnn_ae,global_mse,4p5inchStickout_F_12-Jun-2017_rpm570_doc0p010_window_0003,4p5inchStickout/F_12-Jun-2017_rpm570_doc0p010,train,42,3,cv_evaluation,no_chatter,0,3.6197966e-05,64
turning,cnn_ae,global_mse,4p5inchStickout_F_12-Jun-2017_rpm570_doc0p010_window_0004,4p5inchStickout/F_12-Jun-2017_rpm570_doc0p010,train,42,3,cv_evaluation,no_chatter,0,8.608661e-05,64
turning,cnn_ae,global_mse,4p5inchStickout_F_12-Jun-2017_rpm570_doc0p010_window_0005,4p5inchStickout/F_12-Jun-2017_rpm570_doc0p010,train,42,3,cv_evaluation,no_chatter,0,0.00057447347,64
turning,cnn_ae,global_mse,4p5inchStickout_F_12-Jun-2017_rpm570_doc0p010_window_0006,4p5inchStickout/F_12-Jun-2017_rpm570_doc0p010,train,42,3,cv_evaluation,no_chatter,0,0.00087808975,64
turning,cnn_ae,global_mse,4p5inchStickout_F_12-Jun-2017_rpm570_doc0p010_window_0007,4p5inchStickout/F_12-Jun-2017_rpm570_doc0p010,train,42,3,cv_evaluation,no_chatter,0,0.0007631458,64
turning,cnn_ae,global_mse,4p5inchStickout_F_12-Jun-2017_rpm570_doc0p010_window_0008,4p5inchStickout/F_12-Jun-2017_rpm570_doc0p010,train,42,3,cv_evaluation,no_chatter,0,0.00078035716,64
turning,cnn_ae,global_mse,4p5inchStickout_F_12-Jun-2017_rpm570_doc0p010_window_0009,4p5inchStickout/F_12-Jun-2017_rpm570_doc0p010,train,42,3,cv_evaluation,no_chatter,0,0.0013806024,64
turning,cnn_ae,global_mse,4p5inchStickout_F_12-Jun-2017_rpm570_doc0p010_window_0010,4p5inchStickout/F_12-Jun-2017_rpm570_doc0p010,train,42,3,cv_evaluation,no_chatter,0,0.0009101008,64
turning,cnn_ae,global_mse,4p5inchStickout_F_12-Jun-2017_rpm570_doc0p010_window_0011,4p5inchStickout/F_12-Jun-2017_rpm570_doc0p010,train,42,3,cv_evaluation,no_chatter,0,0.0008923249,64
turning,cnn_ae,global_mse,4p5inchStickout_F_13-Jun-2017_rpm1030_doc0p012_window_0000,4p5inchStickout/F_13-Jun-2017_rpm1030_doc0p012,train,42,3,cv_evaluation,no_chatter,0,6.88156e-05,64
turning,cnn_ae,global_mse,4p5inchStickout_F_13-Jun-2017_rpm1030_doc0p012_window_0001,4p5inchStickout/F_13-Jun-2017_rpm1030_doc0p012,train,42,3,cv_evaluation,no_chatter,0,0.000917024,64
turning,cnn_ae,global_mse,4p5inchStickout_F_13-Jun-2017_rpm1030_doc0p012_window_0002,4p5inchStickout/F_13-Jun-2017_rpm1030_doc0p012,test,42,3,cv_evaluation,no_chatter,0,0.0009309697,64
turning,cnn_ae,global_mse,4p5inchStickout_F_13-Jun-2017_rpm1030_doc0p012_window_0003,4p5inchStickout/F_13-Jun-2017_rpm1030_doc0p012,train,42,3,cv_evaluation,no_chatter,0,0.0008932512,64
turning,cnn_ae,global_mse,4p5inchStickout_F_13-Jun-2017_rpm1030_doc0p016_window_0000,4p5inchStickout/F_13-Jun-2017_rpm1030_doc0p016,test,42,3,cv_evaluation,no_chatter,0,8.171646e-05,64
turning,cnn_ae,global_mse,4p5inchStickout_F_13-Jun-2017_rpm1030_doc0p016_window_0001,4p5inchStickout/F_13-Jun-2017_rpm1030_doc0p016,train,42,3,cv_evaluation,no_chatter,0,0.0008877426,64
turning,cnn_ae,global_mse,4p5inchStickout_F_13-Jun-2017_rpm1030_doc0p016_window_0002,4p5inchStickout/F_13-Jun-2017_rpm1030_doc0p016,train,42,3,cv_evaluation,no_chatter,0,0.0009988986,64
turning,cnn_ae,global_mse,4p5inchStickout_F_13-Jun-2017_rpm1030_doc0p016_window_0003,4p5inchStickout/F_13-Jun-2017_rpm1030_doc0p016,train,42,3,cv_evaluation,no_chatter,0,0.0010158723,64
turning,cnn_ae,global_mae,2inchStickout_F_08-Jun-2017_rpm320_doc0p035_window_0000,2inchStickout/F_08-Jun-2017_rpm320_doc0p035,train,42,3,cv_evaluation,no_chatter,0,0.0023070746,64
turning,cnn_ae,global_mae,2inchStickout_F_08-Jun-2017_rpm320_doc0p035_window_0001,2inchStickout/F_08-Jun-2017_rpm320_doc0p035,train,42,3,cv_evaluation,no_chatter,0,0.0022436779,64
turning,cnn_ae,global_mae,2inchStickout_F_08-Jun-2017_rpm320_doc0p035_window_0002,2inchStickout/F_08-Jun-2017_rpm320_doc0p035,train,42,3,cv_evaluation,no_chatter,0,0.002100505,64
turning,cnn_ae,global_mae,2inchStickout_F_08-Jun-2017_rpm320_doc0p035_window_0003,2inchStickout/F_08-Jun-2017_rpm320_doc0p035,validation,42,3,cv_evaluation,no_chatter,0,0.0031032949,64
turning,cnn_ae,global_mae,2inchStickout_F_08-Jun-2017_rpm320_doc0p035_window_0004,2inchStickout/F_08-Jun-2017_rpm320_doc0p035,train,42,3,cv_evaluation,no_chatter,0,0.010606185,64
turning,cnn_ae,global_mae,2inchStickout_F_08-Jun-2017_rpm320_doc0p035_window_0005,2inchStickout/F_08-Jun-2017_rpm320_doc0p035,train,42,3,cv_evaluation,no_chatter,0,0.00914895,64
turning,cnn_ae,global_mae,2inchStickout_F_08-Jun-2017_rpm320_doc0p035_window_0006,2inchStickout/F_08-Jun-2017_rpm320_doc0p035,train,42,3,cv_evaluation,no_chatter,0,0.009444742,64
turning,cnn_ae,global_mae,2inchStickout_F_08-Jun-2017_rpm320_doc0p035_window_0007,2inchStickout/F_08-Jun-2017_rpm320_doc0p035,train,42,3,cv_evaluation,no_chatter,0,0.0099129,64
turning,cnn_ae,global_mae,2inchStickout_F_08-Jun-2017_rpm320_doc0p035_window_0008,2inchStickout/F_08-Jun-2017_rpm320_doc0p035,train,42,3,cv_evaluation,no_chatter,0,0.0098832175,64
turning,cnn_ae,global_mae,2inchStickout_F_08-Jun-2017_rpm320_doc0p035_window_0009,2inchStickout/F_08-Jun-2017_rpm320_doc0p035,train,42,3,cv_evaluation,no_chatter,0,0.010084437,64
turning,cnn_ae,global_mae,2inchStickout_F_08-Jun-2017_rpm320_doc0p035_window_0010,2inchStickout/F_08-Jun-2017_rpm320_doc0p035,train,42,3,cv_evaluation,no_chatter,0,0.011338615,64
turning,cnn_ae,global_mae,2inchStickout_F_08-Jun-2017_rpm320_doc0p035_window_0011,2inchStickout/F_08-Jun-2017_rpm320_doc0p035,train,42,3,cv_evaluation,no_chatter,0,0.010980177,64
turning,cnn_ae,global_mae,2inchStickout_F_08-Jun-2017_rpm320_doc0p035_window_0012,2inchStickout/F_08-Jun-2017_rpm320_doc0p035,train,42,3,cv_evaluation,no_chatter,0,0.011768286,64
turning,cnn_ae,global_mae,2inchStickout_F_08-Jun-2017_rpm320_doc0p035_window_0013,2inchStickout/F_08-Jun-2017_rpm320_doc0p035,train,42,3,cv_evaluation,no_chatter,0,0.011782564,64
turning,cnn_ae,global_mae,2inchStickout_F_08-Jun-2017_rpm320_doc0p035_window_0014,2inchStickout/F_08-Jun-2017_rpm320_doc0p035,train,42,3,cv_evaluation,no_chatter,0,0.0104509415,64
turning,cnn_ae,global_mae,2inchStickout_F_08-Jun-2017_rpm320_doc0p035_window_0015,2inchStickout/F_08-Jun-2017_rpm320_doc0p035,train,42,3,cv_evaluation,no_chatter,0,0.011291129,64
turning,cnn_ae,global_mae,2inchStickout_F_08-Jun-2017_rpm320_doc0p035_window_0016,2inchStickout/F_08-Jun-2017_rpm320_doc0p035,train,42,3,cv_evaluation,no_chatter,0,0.011608233,64
turning,cnn_ae,global_mae,2inchStickout_F_08-Jun-2017_rpm320_doc0p035_window_0017,2inchStickout/F_08-Jun-2017_rpm320_doc0p035,train,42,3,cv_evaluation,no_chatter,0,0.01147847,64
turning,cnn_ae,global_mae,2inchStickout_F_08-Jun-2017_rpm320_doc0p035_window_0018,2inchStickout/F_08-Jun-2017_rpm320_doc0p035,train,42,3,cv_evaluation,no_chatter,0,0.012374227,64
turning,cnn_ae,global_mae,2inchStickout_F_08-Jun-2017_rpm320_doc0p035_window_0019,2inchStickout/F_08-Jun-2017_rpm320_doc0p035,train,42,3,cv_evaluation,no_chatter,0,0.012837531,64
turning,cnn_ae,global_mae,2inchStickout_F_08-Jun-2017_rpm320_doc0p035_window_0020,2inchStickout/F_08-Jun-2017_rpm320_doc0p035,validation,42,3,cv_evaluation,no_chatter,0,0.013500613,64
turning,cnn_ae,global_mae,2inchStickout_F_08-Jun-2017_rpm320_doc0p035_window_0021,2inchStickout/F_08-Jun-2017_rpm320_doc0p035,train,42,3,cv_evaluation,no_chatter,0,0.013701572,64
turning,cnn_ae,global_mae,2inchStickout_F_08-Jun-2017_rpm320_doc0p035_window_0022,2inchStickout/F_08-Jun-2017_rpm320_doc0p035,validation,42,3,cv_evaluation,no_chatter,0,0.014276641,64
turning,cnn_ae,global_mae,2inchStickout_F_08-Jun-2017_rpm320_doc0p035_window_0023,2inchStickout/F_08-Jun-2017_rpm320_doc0p035,train,42,3,cv_evaluation,no_chatter,0,0.0144099,64
turning,cnn_ae,global_mae,2inchStickout_F_08-Jun-2017_rpm320_doc0p040_window_0000,2inchStickout/F_08-Jun-2017_rpm320_doc0p040,test,42,3,cv_evaluation,no_chatter,0,0.0023962518,64
turning,cnn_ae,global_mae,2inchStickout_F_08-Jun-2017_rpm320_doc0p040_window_0001,2inchStickout/F_08-Jun-2017_rpm320_doc0p040,train,42,3,cv_evaluation,no_chatter,0,0.0023748383,64
turning,cnn_ae,global_mae,2inchStickout_F_08-Jun-2017_rpm320_doc0p040_window_0002,2inchStickout/F_08-Jun-2017_rpm320_doc0p040,train,42,3,cv_evaluation,no_chatter,0,0.002205493,64
turning,cnn_ae,global_mae,2inchStickout_F_08-Jun-2017_rpm320_doc0p040_window_0003,2inchStickout/F_08-Jun-2017_rpm320_doc0p040,test,42,3,cv_evaluation,no_chatter,0,0.010731695,64
turning,cnn_ae,global_mae,2inchStickout_F_08-Jun-2017_rpm320_doc0p040_window_0004,2inchStickout/F_08-Jun-2017_rpm320_doc0p040,test,42,3,cv_evaluation,no_chatter,0,0.011716821,64
turning,cnn_ae,global_mae,2inchStickout_F_08-Jun-2017_rpm320_doc0p040_window_0005,2inchStickout/F_08-Jun-2017_rpm320_doc0p040,train,42,3,cv_evaluation,no_chatter,0,0.010619651,64
turning,cnn_ae,global_mae,2inchStickout_F_08-Jun-2017_rpm320_doc0p040_window_0006,2inchStickout/F_08-Jun-2017_rpm320_doc0p040,train,42,3,cv_evaluation,no_chatter,0,0.011230701,64
turning,cnn_ae,global_mae,2inchStickout_F_08-Jun-2017_rpm320_doc0p040_window_0007,2inchStickout/F_08-Jun-2017_rpm320_doc0p040,train,42,3,cv_evaluation,no_chatter,0,0.011880947,64
turning,cnn_ae,global_mae,2inchStickout_F_08-Jun-2017_rpm320_doc0p040_window_0008,2inchStickout/F_08-Jun-2017_rpm320_doc0p040,train,42,3,cv_evaluation,no_chatter,0,0.01433754,64
turning,cnn_ae,global_mae,2inchStickout_F_08-Jun-2017_rpm320_doc0p040_window_0009,2inchStickout/F_08-Jun-2017_rpm320_doc0p040,train,42,3,cv_evaluation,no_chatter,0,0.015738243,64
turning,cnn_ae,global_mae,2inchStickout_F_08-Jun-2017_rpm320_doc0p040_window_0010,2inchStickout/F_08-Jun-2017_rpm320_doc0p040,train,42,3,cv_evaluation,no_chatter,0,0.014563587,64
turning,cnn_ae,global_mae,2inchStickout_F_08-Jun-2017_rpm320_doc0p040_window_0011,2inchStickout/F_08-Jun-2017_rpm320_doc0p040,train,42,3,cv_evaluation,no_chatter,0,0.013670981,64
turning,cnn_ae,global_mae,2inchStickout_F_08-Jun-2017_rpm320_doc0p040_window_0012,2inchStickout/F_08-Jun-2017_rpm320_doc0p040,test,42,3,cv_evaluation,no_chatter,0,0.015954973,64
turning,cnn_ae,global_mae,2inchStickout_F_08-Jun-2017_rpm320_doc0p040_window_0013,2inchStickout/F_08-Jun-2017_rpm320_doc0p040,train,42,3,cv_evaluation,no_chatter,0,0.015632577,64
turning,cnn_ae,global_mae,2inchStickout_F_08-Jun-2017_rpm320_doc0p040_window_0014,2inchStickout/F_08-Jun-2017_rpm320_doc0p040,train,42,3,cv_evaluation,no_chatter,0,0.015400754,64
turning,cnn_ae,global_mae,2inchStickout_F_08-Jun-2017_rpm320_doc0p040_window_0015,2inchStickout/F_08-Jun-2017_rpm320_doc0p040,train,42,3,cv_evaluation,no_chatter,0,0.013907932,64
turning,cnn_ae,global_mae,2inchStickout_F_08-Jun-2017_rpm320_doc0p040_window_0016,2inchStickout/F_08-Jun-2017_rpm320_doc0p040,train,42,3,cv_evaluation,no_chatter,0,0.011631634,64
turning,cnn_ae,global_mae,2inchStickout_F_08-Jun-2017_rpm320_doc0p040_window_0017,2inchStickout/F_08-Jun-2017_rpm320_doc0p040,train,42,3,cv_evaluation,no_chatter,0,0.011662306,64
turning,cnn_ae,global_mae,2inchStickout_F_08-Jun-2017_rpm320_doc0p040_window_0018,2inchStickout/F_08-Jun-2017_rpm320_doc0p040,train,42,3,cv_evaluation,no_chatter,0,0.012436703,64
turning,cnn_ae,global_mae,2inchStickout_F_08-Jun-2017_rpm320_doc0p040_window_0019,2inchStickout/F_08-Jun-2017_rpm320_doc0p040,train,42,3,cv_evaluation,no_chatter,0,0.012623855,64
turning,cnn_ae,global_mae,2inchStickout_F_08-Jun-2017_rpm320_doc0p040_window_0020,2inchStickout/F_08-Jun-2017_rpm320_doc0p040,train,42,3,cv_evaluation,no_chatter,0,0.012876617,64
turning,cnn_ae,global_mae,2inchStickout_F_08-Jun-2017_rpm320_doc0p040_window_0021,2inchStickout/F_08-Jun-2017_rpm320_doc0p040,train,42,3,cv_evaluation,no_chatter,0,0.011164133,64
turning,cnn_ae,global_mae,2inchStickout_F_08-Jun-2017_rpm320_doc0p040_window_0022,2inchStickout/F_08-Jun-2017_rpm320_doc0p040,test,42,3,cv_evaluation,no_chatter,0,0.0122398315,64
turning,cnn_ae,global_mae,2inchStickout_F_08-Jun-2017_rpm320_doc0p040_window_0023,2inchStickout/F_08-Jun-2017_rpm320_doc0p040,train,42,3,cv_evaluation,no_chatter,0,0.010795178,64
turning,cnn_ae,global_mae,2inchStickout_F_08-Jun-2017_rpm425_doc0p005_window_0000,2inchStickout/F_08-Jun-2017_rpm425_doc0p005,train,42,3,cv_evaluation,no_chatter,0,0.0034717824,64
turning,cnn_ae,global_mae,2inchStickout_F_08-Jun-2017_rpm425_doc0p005_window_0001,2inchStickout/F_08-Jun-2017_rpm425_doc0p005,train,42,3,cv_evaluation,no_chatter,0,0.003389102,64
turning,cnn_ae,global_mae,2inchStickout_F_08-Jun-2017_rpm425_doc0p005_window_0002,2inchStickout/F_08-Jun-2017_rpm425_doc0p005,train,42,3,cv_evaluation,no_chatter,0,0.00923823,64
turning,cnn_ae,global_mae,2inchStickout_F_08-Jun-2017_rpm425_doc0p005_window_0003,2inchStickout/F_08-Jun-2017_rpm425_doc0p005,test,42,3,cv_evaluation,no_chatter,0,0.01441228,64
turning,cnn_ae,global_mae,2inchStickout_F_08-Jun-2017_rpm425_doc0p005_window_0004,2inchStickout/F_08-Jun-2017_rpm425_doc0p005,train,42,3,cv_evaluation,no_chatter,0,0.014137888,64
turning,cnn_ae,global_mae,2inchStickout_F_08-Jun-2017_rpm425_doc0p005_window_0005,2inchStickout/F_08-Jun-2017_rpm425_doc0p005,test,42,3,cv_evaluation,no_chatter,0,0.01429324,64
turning,cnn_ae,global_mae,2inchStickout_F_08-Jun-2017_rpm425_doc0p005_window_0006,2inchStickout/F_08-Jun-2017_rpm425_doc0p005,train,42,3,cv_evaluation,no_chatter,0,0.0139605235,64
turning,cnn_ae,global_mae,2inchStickout_F_08-Jun-2017_rpm425_doc0p005_window_0007,2inchStickout/F_08-Jun-2017_rpm425_doc0p005,train,42,3,cv_evaluation,no_chatter,0,0.014604218,64
turning,cnn_ae,global_mae,2inchStickout_F_08-Jun-2017_rpm425_doc0p015_window_0000,2inchStickout/F_08-Jun-2017_rpm425_doc0p015,train,42,3,cv_evaluation,no_chatter,0,0.00293947,64
turning,cnn_ae,global_mae,2inchStickout_F_08-Jun-2017_rpm425_doc0p015_window_0001,2inchStickout/F_08-Jun-2017_rpm425_doc0p015,train,42,3,cv_evaluation,no_chatter,0,0.0029075118,64
turning,cnn_ae,global_mae,2inchStickout_F_08-Jun-2017_rpm425_doc0p015_window_0002,2inchStickout/F_08-Jun-2017_rpm425_doc0p015,train,42,3,cv_evaluation,no_chatter,0,0.011739496,64
turning,cnn_ae,global_mae,2inchStickout_F_08-Jun-2017_rpm425_doc0p015_window_0003,2inchStickout/F_08-Jun-2017_rpm425_doc0p015,train,42,3,cv_evaluation,no_chatter,0,0.013857765,64
turning,cnn_ae,global_mae,2inchStickout_F_08-Jun-2017_rpm425_doc0p015_window_0004,2inchStickout/F_08-Jun-2017_rpm425_doc0p015,train,42,3,cv_evaluation,no_chatter,0,0.016330246,64
turning,cnn_ae,global_mae,2inchStickout_F_08-Jun-2017_rpm425_doc0p015_window_0005,2inchStickout/F_08-Jun-2017_rpm425_doc0p015,train,42,3,cv_evaluation,no_chatter,0,0.016421834,64
turning,cnn_ae,global_mae,2inchStickout_F_08-Jun-2017_rpm425_doc0p015_window_0006,2inchStickout/F_08-Jun-2017_rpm425_doc0p015,train,42,3,cv_evaluation,no_chatter,0,0.02002143,64
turning,cnn_ae,global_mae,2inchStickout_F_08-Jun-2017_rpm425_doc0p015_window_0007,2inchStickout/F_08-Jun-2017_rpm425_doc0p015,validation,42,3,cv_evaluation,no_chatter,0,0.019998975,64
turning,cnn_ae,global_mae,2inchStickout_F_08-Jun-2017_rpm770_doc0p005_window_0000,2inchStickout/F_08-Jun-2017_rpm770_doc0p005,validation,42,3,cv_evaluation,chatter,1,0.05045765,64
turning,cnn_ae,global_mae,2inchStickout_F_08-Jun-2017_rpm770_doc0p005_window_0001,2inchStickout/F_08-Jun-2017_rpm770_doc0p005,validation,42,3,cv_evaluation,chatter,1,0.09796768,64
turning,cnn_ae,global_mae,2inchStickout_F_08-Jun-2017_rpm770_doc0p005_window_0002,2inchStickout/F_08-Jun-2017_rpm770_doc0p005,validation,42,3,cv_evaluation,chatter,1,0.1019732,64
turning,cnn_ae,global_mae,2inchStickout_F_08-Jun-2017_rpm770_doc0p005_window_0003,2inchStickout/F_08-Jun-2017_rpm770_doc0p005,validation,42,3,cv_evaluation,chatter,1,0.0941161,64
turning,cnn_ae,global_mae,2inchStickout_F_08-Jun-2017_rpm770_doc0p005_window_0004,2inchStickout/F_08-Jun-2017_rpm770_doc0p005,validation,42,3,cv_evaluation,chatter,1,0.13166273,64
turning,cnn_ae,global_mae,2inchStickout_F_08-Jun-2017_rpm770_doc0p005_window_0005,2inchStickout/F_08-Jun-2017_rpm770_doc0p005,validation,42,3,cv_evaluation,chatter,1,0.12409262,64
turning,cnn_ae,global_mae,2inchStickout_F_08-Jun-2017_rpm770_doc0p005_window_0006,2inchStickout/F_08-Jun-2017_rpm770_doc0p005,validation,42,3,cv_evaluation,chatter,1,0.10818661,64
turning,cnn_ae,global_mae,2inchStickout_F_08-Jun-2017_rpm770_doc0p005_window_0007,2inchStickout/F_08-Jun-2017_rpm770_doc0p005,validation,42,3,cv_evaluation,chatter,1,0.118144535,64
turning,cnn_ae,global_mae,2inchStickout_F_08-Jun-2017_rpm770_doc0p005_window_0008,2inchStickout/F_08-Jun-2017_rpm770_doc0p005,validation,42,3,cv_evaluation,chatter,1,0.12394657,64
turning,cnn_ae,global_mae,2inchStickout_F_08-Jun-2017_rpm770_doc0p005_window_0009,2inchStickout/F_08-Jun-2017_rpm770_doc0p005,validation,42,3,cv_evaluation,chatter,1,0.10571783,64
turning,cnn_ae,global_mae,2inchStickout_F_08-Jun-2017_rpm770_doc0p005_window_0010,2inchStickout/F_08-Jun-2017_rpm770_doc0p005,validation,42,3,cv_evaluation,chatter,1,0.059816297,64
turning,cnn_ae,global_mae,2inchStickout_F_08-Jun-2017_rpm770_doc0p005_window_0011,2inchStickout/F_08-Jun-2017_rpm770_doc0p005,train,42,3,cv_evaluation,no_chatter,0,0.045880012,64
turning,cnn_ae,global_mae,2p5inchStickout_F_12-Jun-2017_rpm570_doc0p015_window_0000,2p5inchStickout/F_12-Jun-2017_rpm570_doc0p015,validation,42,3,cv_evaluation,no_chatter,0,0.0033934906,64
turning,cnn_ae,global_mae,2p5inchStickout_F_12-Jun-2017_rpm570_doc0p015_window_0001,2p5inchStickout/F_12-Jun-2017_rpm570_doc0p015,train,42,3,cv_evaluation,no_chatter,0,0.015615732,64
turning,cnn_ae,global_mae,2p5inchStickout_F_12-Jun-2017_rpm570_doc0p015_window_0002,2p5inchStickout/F_12-Jun-2017_rpm570_doc0p015,train,42,3,cv_evaluation,no_chatter,0,0.026095584,64
turning,cnn_ae,global_mae,2p5inchStickout_F_12-Jun-2017_rpm570_doc0p015_window_0003,2p5inchStickout/F_12-Jun-2017_rpm570_doc0p015,train,42,3,cv_evaluation,no_chatter,0,0.030024644,64
turning,cnn_ae,global_mae,2p5inchStickout_F_12-Jun-2017_rpm570_doc0p015_window_0004,2p5inchStickout/F_12-Jun-2017_rpm570_doc0p015,train,42,3,cv_evaluation,no_chatter,0,0.020365946,64
turning,cnn_ae,global_mae,2p5inchStickout_F_12-Jun-2017_rpm570_doc0p015_window_0005,2p5inchStickout/F_12-Jun-2017_rpm570_doc0p015,train,42,3,cv_evaluation,no_chatter,0,0.026497621,64
turning,cnn_ae,global_mae,2p5inchStickout_F_12-Jun-2017_rpm570_doc0p015_window_0006,2p5inchStickout/F_12-Jun-2017_rpm570_doc0p015,train,42,3,cv_evaluation,no_chatter,0,0.03130275,64
turning,cnn_ae,global_mae,2p5inchStickout_F_12-Jun-2017_rpm570_doc0p015_window_0007,2p5inchStickout/F_12-Jun-2017_rpm570_doc0p015,train,42,3,cv_evaluation,no_chatter,0,0.028336255,64
turning,cnn_ae,global_mae,2p5inchStickout_F_12-Jun-2017_rpm570_doc0p015_window_0008,2p5inchStickout/F_12-Jun-2017_rpm570_doc0p015,train,42,3,cv_evaluation,no_chatter,0,0.02785122,64
turning,cnn_ae,global_mae,2p5inchStickout_F_12-Jun-2017_rpm570_doc0p015_window_0009,2p5inchStickout/F_12-Jun-2017_rpm570_doc0p015,train,42,3,cv_evaluation,no_chatter,0,0.048878532,64
turning,cnn_ae,global_mae,2p5inchStickout_F_12-Jun-2017_rpm770_doc0p002_window_0000,2p5inchStickout/F_12-Jun-2017_rpm770_doc0p002,train,42,3,cv_evaluation,no_chatter,0,0.0050633424,64
turning,cnn_ae,global_mae,2p5inchStickout_F_12-Jun-2017_rpm770_doc0p002_window_0001,2p5inchStickout/F_12-Jun-2017_rpm770_doc0p002,train,42,3,cv_evaluation,no_chatter,0,0.020617899,64
turning,cnn_ae,global_mae,2p5inchStickout_F_12-Jun-2017_rpm770_doc0p002_window_0002,2p5inchStickout/F_12-Jun-2017_rpm770_doc0p002,train,42,3,cv_evaluation,no_chatter,0,0.054665472,64
turning,cnn_ae,global_mae,2p5inchStickout_F_12-Jun-2017_rpm770_doc0p002_window_0003,2p5inchStickout/F_12-Jun-2017_rpm770_doc0p002,train,42,3,cv_evaluation,no_chatter,0,0.047632087,64
turning,cnn_ae,global_mae,3inchStickout_F_12-Jun-2017_rpm570_doc0p015_window_0000,3inchStickout/F_12-Jun-2017_rpm570_doc0p015,train,42,3,cv_evaluation,no_chatter,0,0.0022746802,64
turning,cnn_ae,global_mae,3inchStickout_F_12-Jun-2017_rpm570_doc0p015_window_0001,3inchStickout/F_12-Jun-2017_rpm570_doc0p015,test,42,3,cv_evaluation,no_chatter,0,0.0025862379,64
turning,cnn_ae,global_mae,3inchStickout_F_12-Jun-2017_rpm570_doc0p015_window_0002,3inchStickout/F_12-Jun-2017_rpm570_doc0p015,train,42,3,cv_evaluation,no_chatter,0,0.0037588936,64
turning,cnn_ae,global_mae,3inchStickout_F_12-Jun-2017_rpm570_doc0p015_window_0003,3inchStickout/F_12-Jun-2017_rpm570_doc0p015,train,42,3,cv_evaluation,no_chatter,0,0.018783323,64
turning,cnn_ae,global_mae,3inchStickout_F_12-Jun-2017_rpm570_doc0p015_window_0004,3inchStickout/F_12-Jun-2017_rpm570_doc0p015,train,42,3,cv_evaluation,no_chatter,0,0.023942066,64
turning,cnn_ae,global_mae,3inchStickout_F_12-Jun-2017_rpm570_doc0p015_window_0005,3inchStickout/F_12-Jun-2017_rpm570_doc0p015,train,42,3,cv_evaluation,no_chatter,0,0.022703083,64
turning,cnn_ae,global_mae,3inchStickout_F_12-Jun-2017_rpm570_doc0p015_window_0006,3inchStickout/F_12-Jun-2017_rpm570_doc0p015,train,42,3,cv_evaluation,no_chatter,0,0.02343348,64
turning,cnn_ae,global_mae,3inchStickout_F_12-Jun-2017_rpm570_doc0p015_window_0007,3inchStickout/F_12-Jun-2017_rpm570_doc0p015,train,42,3,cv_evaluation,no_chatter,0,0.02297488,64
turning,cnn_ae,global_mae,3inchStickout_F_12-Jun-2017_rpm570_doc0p015_window_0008,3inchStickout/F_12-Jun-2017_rpm570_doc0p015,train,42,3,cv_evaluation,no_chatter,0,0.022870107,64
turning,cnn_ae,global_mae,3inchStickout_F_12-Jun-2017_rpm570_doc0p015_window_0009,3inchStickout/F_12-Jun-2017_rpm570_doc0p015,train,42,3,cv_evaluation,no_chatter,0,0.030696675,64
turning,cnn_ae,global_mae,4p5inchStickout_F_12-Jun-2017_rpm570_doc0p010_window_0000,4p5inchStickout/F_12-Jun-2017_rpm570_doc0p010,train,42,3,cv_evaluation,no_chatter,0,0.0013532101,64
turning,cnn_ae,global_mae,4p5inchStickout_F_12-Jun-2017_rpm570_doc0p010_window_0001,4p5inchStickout/F_12-Jun-2017_rpm570_doc0p010,train,42,3,cv_evaluation,no_chatter,0,0.0014555942,64
turning,cnn_ae,global_mae,4p5inchStickout_F_12-Jun-2017_rpm570_doc0p010_window_0002,4p5inchStickout/F_12-Jun-2017_rpm570_doc0p010,test,42,3,cv_evaluation,no_chatter,0,0.0013758278,64
turning,cnn_ae,global_mae,4p5inchStickout_F_12-Jun-2017_rpm570_doc0p010_window_0003,4p5inchStickout/F_12-Jun-2017_rpm570_doc0p010,train,42,3,cv_evaluation,no_chatter,0,0.0014125659,64
turning,cnn_ae,global_mae,4p5inchStickout_F_12-Jun-2017_rpm570_doc0p010_window_0004,4p5inchStickout/F_12-Jun-2017_rpm570_doc0p010,train,42,3,cv_evaluation,no_chatter,0,0.0020814287,64
turning,cnn_ae,global_mae,4p5inchStickout_F_12-Jun-2017_rpm570_doc0p010_window_0005,4p5inchStickout/F_12-Jun-2017_rpm570_doc0p010,train,42,3,cv_evaluation,no_chatter,0,0.014530979,64
turning,cnn_ae,global_mae,4p5inchStickout_F_12-Jun-2017_rpm570_doc0p010_window_0006,4p5inchStickout/F_12-Jun-2017_rpm570_doc0p010,train,42,3,cv_evaluation,no_chatter,0,0.018088043,64
turning,cnn_ae,global_mae,4p5inchStickout_F_12-Jun-2017_rpm570_doc0p010_window_0007,4p5inchStickout/F_12-Jun-2017_rpm570_doc0p010,train,42,3,cv_evaluation,no_chatter,0,0.016871551,64
turning,cnn_ae,global_mae,4p5inchStickout_F_12-Jun-2017_rpm570_doc0p010_window_0008,4p5inchStickout/F_12-Jun-2017_rpm570_doc0p010,train,42,3,cv_evaluation,no_chatter,0,0.016991448,64
turning,cnn_ae,global_mae,4p5inchStickout_F_12-Jun-2017_rpm570_doc0p010_window_0009,4p5inchStickout/F_12-Jun-2017_rpm570_doc0p010,train,42,3,cv_evaluation,no_chatter,0,0.02144468,64
turning,cnn_ae,global_mae,4p5inchStickout_F_12-Jun-2017_rpm570_doc0p010_window_0010,4p5inchStickout/F_12-Jun-2017_rpm570_doc0p010,train,42,3,cv_evaluation,no_chatter,0,0.018910866,64
turning,cnn_ae,global_mae,4p5inchStickout_F_12-Jun-2017_rpm570_doc0p010_window_0011,4p5inchStickout/F_12-Jun-2017_rpm570_doc0p010,train,42,3,cv_evaluation,no_chatter,0,0.018419422,64
turning,cnn_ae,global_mae,4p5inchStickout_F_13-Jun-2017_rpm1030_doc0p012_window_0000,4p5inchStickout/F_13-Jun-2017_rpm1030_doc0p012,train,42,3,cv_evaluation,no_chatter,0,0.0020158743,64
turning,cnn_ae,global_mae,4p5inchStickout_F_13-Jun-2017_rpm1030_doc0p012_window_0001,4p5inchStickout/F_13-Jun-2017_rpm1030_doc0p012,train,42,3,cv_evaluation,no_chatter,0,0.017686933,64
turning,cnn_ae,global_mae,4p5inchStickout_F_13-Jun-2017_rpm1030_doc0p012_window_0002,4p5inchStickout/F_13-Jun-2017_rpm1030_doc0p012,test,42,3,cv_evaluation,no_chatter,0,0.020273974,64
turning,cnn_ae,global_mae,4p5inchStickout_F_13-Jun-2017_rpm1030_doc0p012_window_0003,4p5inchStickout/F_13-Jun-2017_rpm1030_doc0p012,train,42,3,cv_evaluation,no_chatter,0,0.019396089,64
turning,cnn_ae,global_mae,4p5inchStickout_F_13-Jun-2017_rpm1030_doc0p016_window_0000,4p5inchStickout/F_13-Jun-2017_rpm1030_doc0p016,test,42,3,cv_evaluation,no_chatter,0,0.0022845238,64
turning,cnn_ae,global_mae,4p5inchStickout_F_13-Jun-2017_rpm1030_doc0p016_window_0001,4p5inchStickout/F_13-Jun-2017_rpm1030_doc0p016,train,42,3,cv_evaluation,no_chatter,0,0.019258011,64
turning,cnn_ae,global_mae,4p5inchStickout_F_13-Jun-2017_rpm1030_doc0p016_window_0002,4p5inchStickout/F_13-Jun-2017_rpm1030_doc0p016,train,42,3,cv_evaluation,no_chatter,0,0.021756196,64
turning,cnn_ae,global_mae,4p5inchStickout_F_13-Jun-2017_rpm1030_doc0p016_window_0003,4p5inchStickout/F_13-Jun-2017_rpm1030_doc0p016,train,42,3,cv_evaluation,no_chatter,0,0.021640388,64
turning,cnn_ae,ver_max,2inchStickout_F_08-Jun-2017_rpm320_doc0p035_window_0000,2inchStickout/F_08-Jun-2017_rpm320_doc0p035,train,42,3,cv_evaluation,no_chatter,0,9.367468e-05,64
turning,cnn_ae,ver_max,2inchStickout_F_08-Jun-2017_rpm320_doc0p035_window_0001,2inchStickout/F_08-Jun-2017_rpm320_doc0p035,train,42,3,cv_evaluation,no_chatter,0,7.318605e-05,64
turning,cnn_ae,ver_max,2inchStickout_F_08-Jun-2017_rpm320_doc0p035_window_0002,2inchStickout/F_08-Jun-2017_rpm320_doc0p035,train,42,3,cv_evaluation,no_chatter,0,6.522901e-05,64
turning,cnn_ae,ver_max,2inchStickout_F_08-Jun-2017_rpm320_doc0p035_window_0003,2inchStickout/F_08-Jun-2017_rpm320_doc0p035,validation,42,3,cv_evaluation,no_chatter,0,0.00084913074,64
turning,cnn_ae,ver_max,2inchStickout_F_08-Jun-2017_rpm320_doc0p035_window_0004,2inchStickout/F_08-Jun-2017_rpm320_doc0p035,train,42,3,cv_evaluation,no_chatter,0,0.0008079447,64
turning,cnn_ae,ver_max,2inchStickout_F_08-Jun-2017_rpm320_doc0p035_window_0005,2inchStickout/F_08-Jun-2017_rpm320_doc0p035,train,42,3,cv_evaluation,no_chatter,0,0.0005250274,64
turning,cnn_ae,ver_max,2inchStickout_F_08-Jun-2017_rpm320_doc0p035_window_0006,2inchStickout/F_08-Jun-2017_rpm320_doc0p035,train,42,3,cv_evaluation,no_chatter,0,0.00038579744,64
turning,cnn_ae,ver_max,2inchStickout_F_08-Jun-2017_rpm320_doc0p035_window_0007,2inchStickout/F_08-Jun-2017_rpm320_doc0p035,train,42,3,cv_evaluation,no_chatter,0,0.00043956333,64
turning,cnn_ae,ver_max,2inchStickout_F_08-Jun-2017_rpm320_doc0p035_window_0008,2inchStickout/F_08-Jun-2017_rpm320_doc0p035,train,42,3,cv_evaluation,no_chatter,0,0.0004263616,64
turning,cnn_ae,ver_max,2inchStickout_F_08-Jun-2017_rpm320_doc0p035_window_0009,2inchStickout/F_08-Jun-2017_rpm320_doc0p035,train,42,3,cv_evaluation,no_chatter,0,0.00040005345,64
turning,cnn_ae,ver_max,2inchStickout_F_08-Jun-2017_rpm320_doc0p035_window_0010,2inchStickout/F_08-Jun-2017_rpm320_doc0p035,train,42,3,cv_evaluation,no_chatter,0,0.0006272231,64
turning,cnn_ae,ver_max,2inchStickout_F_08-Jun-2017_rpm320_doc0p035_window_0011,2inchStickout/F_08-Jun-2017_rpm320_doc0p035,train,42,3,cv_evaluation,no_chatter,0,0.0007107214,64
turning,cnn_ae,ver_max,2inchStickout_F_08-Jun-2017_rpm320_doc0p035_window_0012,2inchStickout/F_08-Jun-2017_rpm320_doc0p035,train,42,3,cv_evaluation,no_chatter,0,0.0009831307,64
turning,cnn_ae,ver_max,2inchStickout_F_08-Jun-2017_rpm320_doc0p035_window_0013,2inchStickout/F_08-Jun-2017_rpm320_doc0p035,train,42,3,cv_evaluation,no_chatter,0,0.0008256586,64
turning,cnn_ae,ver_max,2inchStickout_F_08-Jun-2017_rpm320_doc0p035_window_0014,2inchStickout/F_08-Jun-2017_rpm320_doc0p035,train,42,3,cv_evaluation,no_chatter,0,0.00044514795,64
turning,cnn_ae,ver_max,2inchStickout_F_08-Jun-2017_rpm320_doc0p035_window_0015,2inchStickout/F_08-Jun-2017_rpm320_doc0p035,train,42,3,cv_evaluation,no_chatter,0,0.000840981,64
turning,cnn_ae,ver_max,2inchStickout_F_08-Jun-2017_rpm320_doc0p035_window_0016,2inchStickout/F_08-Jun-2017_rpm320_doc0p035,train,42,3,cv_evaluation,no_chatter,0,0.0005846313,64
turning,cnn_ae,ver_max,2inchStickout_F_08-Jun-2017_rpm320_doc0p035_window_0017,2inchStickout/F_08-Jun-2017_rpm320_doc0p035,train,42,3,cv_evaluation,no_chatter,0,0.00068948447,64
turning,cnn_ae,ver_max,2inchStickout_F_08-Jun-2017_rpm320_doc0p035_window_0018,2inchStickout/F_08-Jun-2017_rpm320_doc0p035,train,42,3,cv_evaluation,no_chatter,0,0.00066840416,64
turning,cnn_ae,ver_max,2inchStickout_F_08-Jun-2017_rpm320_doc0p035_window_0019,2inchStickout/F_08-Jun-2017_rpm320_doc0p035,train,42,3,cv_evaluation,no_chatter,0,0.0007508348,64
turning,cnn_ae,ver_max,2inchStickout_F_08-Jun-2017_rpm320_doc0p035_window_0020,2inchStickout/F_08-Jun-2017_rpm320_doc0p035,validation,42,3,cv_evaluation,no_chatter,0,0.0006640819,64
turning,cnn_ae,ver_max,2inchStickout_F_08-Jun-2017_rpm320_doc0p035_window_0021,2inchStickout/F_08-Jun-2017_rpm320_doc0p035,train,42,3,cv_evaluation,no_chatter,0,0.0008642823,64
turning,cnn_ae,ver_max,2inchStickout_F_08-Jun-2017_rpm320_doc0p035_window_0022,2inchStickout/F_08-Jun-2017_rpm320_doc0p035,validation,42,3,cv_evaluation,no_chatter,0,0.00095952605,64
turning,cnn_ae,ver_max,2inchStickout_F_08-Jun-2017_rpm320_doc0p035_window_0023,2inchStickout/F_08-Jun-2017_rpm320_doc0p035,train,42,3,cv_evaluation,no_chatter,0,0.0011273996,64
turning,cnn_ae,ver_max,2inchStickout_F_08-Jun-2017_rpm320_doc0p040_window_0000,2inchStickout/F_08-Jun-2017_rpm320_doc0p040,test,42,3,cv_evaluation,no_chatter,0,8.524793e-05,64
turning,cnn_ae,ver_max,2inchStickout_F_08-Jun-2017_rpm320_doc0p040_window_0001,2inchStickout/F_08-Jun-2017_rpm320_doc0p040,train,42,3,cv_evaluation,no_chatter,0,0.00010185804,64
turning,cnn_ae,ver_max,2inchStickout_F_08-Jun-2017_rpm320_doc0p040_window_0002,2inchStickout/F_08-Jun-2017_rpm320_doc0p040,train,42,3,cv_evaluation,no_chatter,0,8.369798e-05,64
turning,cnn_ae,ver_max,2inchStickout_F_08-Jun-2017_rpm320_doc0p040_window_0003,2inchStickout/F_08-Jun-2017_rpm320_doc0p040,test,42,3,cv_evaluation,no_chatter,0,0.0020458791,64
turning,cnn_ae,ver_max,2inchStickout_F_08-Jun-2017_rpm320_doc0p040_window_0004,2inchStickout/F_08-Jun-2017_rpm320_doc0p040,test,42,3,cv_evaluation,no_chatter,0,0.0019326556,64
turning,cnn_ae,ver_max,2inchStickout_F_08-Jun-2017_rpm320_doc0p040_window_0005,2inchStickout/F_08-Jun-2017_rpm320_doc0p040,train,42,3,cv_evaluation,no_chatter,0,0.0004903437,64
turning,cnn_ae,ver_max,2inchStickout_F_08-Jun-2017_rpm320_doc0p040_window_0006,2inchStickout/F_08-Jun-2017_rpm320_doc0p040,train,42,3,cv_evaluation,no_chatter,0,0.00060499576,64
turning,cnn_ae,ver_max,2inchStickout_F_08-Jun-2017_rpm320_doc0p040_window_0007,2inchStickout/F_08-Jun-2017_rpm320_doc0p040,train,42,3,cv_evaluation,no_chatter,0,0.00058694935,64
turning,cnn_ae,ver_max,2inchStickout_F_08-Jun-2017_rpm320_doc0p040_window_0008,2inchStickout/F_08-Jun-2017_rpm320_doc0p040,train,42,3,cv_evaluation,no_chatter,0,0.0008646765,64
turning,cnn_ae,ver_max,2inchStickout_F_08-Jun-2017_rpm320_doc0p040_window_0009,2inchStickout/F_08-Jun-2017_rpm320_doc0p040,train,42,3,cv_evaluation,no_chatter,0,0.000986302,64
turning,cnn_ae,ver_max,2inchStickout_F_08-Jun-2017_rpm320_doc0p040_window_0010,2inchStickout/F_08-Jun-2017_rpm320_doc0p040,train,42,3,cv_evaluation,no_chatter,0,0.0011461215,64
turning,cnn_ae,ver_max,2inchStickout_F_08-Jun-2017_rpm320_doc0p040_window_0011,2inchStickout/F_08-Jun-2017_rpm320_doc0p040,train,42,3,cv_evaluation,no_chatter,0,0.0010054373,64
turning,cnn_ae,ver_max,2inchStickout_F_08-Jun-2017_rpm320_doc0p040_window_0012,2inchStickout/F_08-Jun-2017_rpm320_doc0p040,test,42,3,cv_evaluation,no_chatter,0,0.001713357,64
turning,cnn_ae,ver_max,2inchStickout_F_08-Jun-2017_rpm320_doc0p040_window_0013,2inchStickout/F_08-Jun-2017_rpm320_doc0p040,train,42,3,cv_evaluation,no_chatter,0,0.0010731037,64
turning,cnn_ae,ver_max,2inchStickout_F_08-Jun-2017_rpm320_doc0p040_window_0014,2inchStickout/F_08-Jun-2017_rpm320_doc0p040,train,42,3,cv_evaluation,no_chatter,0,0.0015525657,64
turning,cnn_ae,ver_max,2inchStickout_F_08-Jun-2017_rpm320_doc0p040_window_0015,2inchStickout/F_08-Jun-2017_rpm320_doc0p040,train,42,3,cv_evaluation,no_chatter,0,0.0014093952,64
turning,cnn_ae,ver_max,2inchStickout_F_08-Jun-2017_rpm320_doc0p040_window_0016,2inchStickout/F_08-Jun-2017_rpm320_doc0p040,train,42,3,cv_evaluation,no_chatter,0,0.0005776602,64
turning,cnn_ae,ver_max,2inchStickout_F_08-Jun-2017_rpm320_doc0p040_window_0017,2inchStickout/F_08-Jun-2017_rpm320_doc0p040,train,42,3,cv_evaluation,no_chatter,0,0.0005685377,64
turning,cnn_ae,ver_max,2inchStickout_F_08-Jun-2017_rpm320_doc0p040_window_0018,2inchStickout/F_08-Jun-2017_rpm320_doc0p040,train,42,3,cv_evaluation,no_chatter,0,0.0010724168,64
turning,cnn_ae,ver_max,2inchStickout_F_08-Jun-2017_rpm320_doc0p040_window_0019,2inchStickout/F_08-Jun-2017_rpm320_doc0p040,train,42,3,cv_evaluation,no_chatter,0,0.0006384295,64
turning,cnn_ae,ver_max,2inchStickout_F_08-Jun-2017_rpm320_doc0p040_window_0020,2inchStickout/F_08-Jun-2017_rpm320_doc0p040,train,42,3,cv_evaluation,no_chatter,0,0.00072606566,64
turning,cnn_ae,ver_max,2inchStickout_F_08-Jun-2017_rpm320_doc0p040_window_0021,2inchStickout/F_08-Jun-2017_rpm320_doc0p040,train,42,3,cv_evaluation,no_chatter,0,0.0005581274,64
turning,cnn_ae,ver_max,2inchStickout_F_08-Jun-2017_rpm320_doc0p040_window_0022,2inchStickout/F_08-Jun-2017_rpm320_doc0p040,test,42,3,cv_evaluation,no_chatter,0,0.00078092475,64
turning,cnn_ae,ver_max,2inchStickout_F_08-Jun-2017_rpm320_doc0p040_window_0023,2inchStickout/F_08-Jun-2017_rpm320_doc0p040,train,42,3,cv_evaluation,no_chatter,0,0.0005055087,64
turning,cnn_ae,ver_max,2inchStickout_F_08-Jun-2017_rpm425_doc0p005_window_0000,2inchStickout/F_08-Jun-2017_rpm425_doc0p005,train,42,3,cv_evaluation,no_chatter,0,0.00016969573,64
turning,cnn_ae,ver_max,2inchStickout_F_08-Jun-2017_rpm425_doc0p005_window_0001,2inchStickout/F_08-Jun-2017_rpm425_doc0p005,train,42,3,cv_evaluation,no_chatter,0,0.00017986033,64
turning,cnn_ae,ver_max,2inchStickout_F_08-Jun-2017_rpm425_doc0p005_window_0002,2inchStickout/F_08-Jun-2017_rpm425_doc0p005,train,42,3,cv_evaluation,no_chatter,0,0.0006734971,64
turning,cnn_ae,ver_max,2inchStickout_F_08-Jun-2017_rpm425_doc0p005_window_0003,2inchStickout/F_08-Jun-2017_rpm425_doc0p005,test,42,3,cv_evaluation,no_chatter,0,0.00085189764,64
turning,cnn_ae,ver_max,2inchStickout_F_08-Jun-2017_rpm425_doc0p005_window_0004,2inchStickout/F_08-Jun-2017_rpm425_doc0p005,train,42,3,cv_evaluation,no_chatter,0,0.00088572374,64
turning,cnn_ae,ver_max,2inchStickout_F_08-Jun-2017_rpm425_doc0p005_window_0005,2inchStickout/F_08-Jun-2017_rpm425_doc0p005,test,42,3,cv_evaluation,no_chatter,0,0.0009786177,64
turning,cnn_ae,ver_max,2inchStickout_F_08-Jun-2017_rpm425_doc0p005_window_0006,2inchStickout/F_08-Jun-2017_rpm425_doc0p005,train,42,3,cv_evaluation,no_chatter,0,0.0008742929,64
turning,cnn_ae,ver_max,2inchStickout_F_08-Jun-2017_rpm425_doc0p005_window_0007,2inchStickout/F_08-Jun-2017_rpm425_doc0p005,train,42,3,cv_evaluation,no_chatter,0,0.0009890497,64
turning,cnn_ae,ver_max,2inchStickout_F_08-Jun-2017_rpm425_doc0p015_window_0000,2inchStickout/F_08-Jun-2017_rpm425_doc0p015,train,42,3,cv_evaluation,no_chatter,0,0.00012190517,64
turning,cnn_ae,ver_max,2inchStickout_F_08-Jun-2017_rpm425_doc0p015_window_0001,2inchStickout/F_08-Jun-2017_rpm425_doc0p015,train,42,3,cv_evaluation,no_chatter,0,0.00011964704,64
turning,cnn_ae,ver_max,2inchStickout_F_08-Jun-2017_rpm425_doc0p015_window_0002,2inchStickout/F_08-Jun-2017_rpm425_doc0p015,train,42,3,cv_evaluation,no_chatter,0,0.00078183576,64
turning,cnn_ae,ver_max,2inchStickout_F_08-Jun-2017_rpm425_doc0p015_window_0003,2inchStickout/F_08-Jun-2017_rpm425_doc0p015,train,42,3,cv_evaluation,no_chatter,0,0.00084794743,64
turning,cnn_ae,ver_max,2inchStickout_F_08-Jun-2017_rpm425_doc0p015_window_0004,2inchStickout/F_08-Jun-2017_rpm425_doc0p015,train,42,3,cv_evaluation,no_chatter,0,0.0011578081,64
turning,cnn_ae,ver_max,2inchStickout_F_08-Jun-2017_rpm425_doc0p015_window_0005,2inchStickout/F_08-Jun-2017_rpm425_doc0p015,train,42,3,cv_evaluation,no_chatter,0,0.0010577755,64
turning,cnn_ae,ver_max,2inchStickout_F_08-Jun-2017_rpm425_doc0p015_window_0006,2inchStickout/F_08-Jun-2017_rpm425_doc0p015,train,42,3,cv_evaluation,no_chatter,0,0.0015216463,64
turning,cnn_ae,ver_max,2inchStickout_F_08-Jun-2017_rpm425_doc0p015_window_0007,2inchStickout/F_08-Jun-2017_rpm425_doc0p015,validation,42,3,cv_evaluation,no_chatter,0,0.0015644049,64
turning,cnn_ae,ver_max,2inchStickout_F_08-Jun-2017_rpm770_doc0p005_window_0000,2inchStickout/F_08-Jun-2017_rpm770_doc0p005,validation,42,3,cv_evaluation,chatter,1,0.01615121,64
turning,cnn_ae,ver_max,2inchStickout_F_08-Jun-2017_rpm770_doc0p005_window_0001,2inchStickout/F_08-Jun-2017_rpm770_doc0p005,validation,42,3,cv_evaluation,chatter,1,0.02669547,64
turning,cnn_ae,ver_max,2inchStickout_F_08-Jun-2017_rpm770_doc0p005_window_0002,2inchStickout/F_08-Jun-2017_rpm770_doc0p005,validation,42,3,cv_evaluation,chatter,1,0.024659038,64
turning,cnn_ae,ver_max,2inchStickout_F_08-Jun-2017_rpm770_doc0p005_window_0003,2inchStickout/F_08-Jun-2017_rpm770_doc0p005,validation,42,3,cv_evaluation,chatter,1,0.020370318,64
turning,cnn_ae,ver_max,2inchStickout_F_08-Jun-2017_rpm770_doc0p005_window_0004,2inchStickout/F_08-Jun-2017_rpm770_doc0p005,validation,42,3,cv_evaluation,chatter,1,0.045972317,64
turning,cnn_ae,ver_max,2inchStickout_F_08-Jun-2017_rpm770_doc0p005_window_0005,2inchStickout/F_08-Jun-2017_rpm770_doc0p005,validation,42,3,cv_evaluation,chatter,1,0.043003235,64
turning,cnn_ae,ver_max,2inchStickout_F_08-Jun-2017_rpm770_doc0p005_window_0006,2inchStickout/F_08-Jun-2017_rpm770_doc0p005,validation,42,3,cv_evaluation,chatter,1,0.030419765,64
turning,cnn_ae,ver_max,2inchStickout_F_08-Jun-2017_rpm770_doc0p005_window_0007,2inchStickout/F_08-Jun-2017_rpm770_doc0p005,validation,42,3,cv_evaluation,chatter,1,0.040610094,64
turning,cnn_ae,ver_max,2inchStickout_F_08-Jun-2017_rpm770_doc0p005_window_0008,2inchStickout/F_08-Jun-2017_rpm770_doc0p005,validation,42,3,cv_evaluation,chatter,1,0.036439087,64
turning,cnn_ae,ver_max,2inchStickout_F_08-Jun-2017_rpm770_doc0p005_window_0009,2inchStickout/F_08-Jun-2017_rpm770_doc0p005,validation,42,3,cv_evaluation,chatter,1,0.028319811,64
turning,cnn_ae,ver_max,2inchStickout_F_08-Jun-2017_rpm770_doc0p005_window_0010,2inchStickout/F_08-Jun-2017_rpm770_doc0p005,validation,42,3,cv_evaluation,chatter,1,0.018104527,64
turning,cnn_ae,ver_max,2inchStickout_F_08-Jun-2017_rpm770_doc0p005_window_0011,2inchStickout/F_08-Jun-2017_rpm770_doc0p005,train,42,3,cv_evaluation,no_chatter,0,0.009220082,64
turning,cnn_ae,ver_max,2p5inchStickout_F_12-Jun-2017_rpm570_doc0p015_window_0000,2p5inchStickout/F_12-Jun-2017_rpm570_doc0p015,validation,42,3,cv_evaluation,no_chatter,0,0.00026537076,64
turning,cnn_ae,ver_max,2p5inchStickout_F_12-Jun-2017_rpm570_doc0p015_window_0001,2p5inchStickout/F_12-Jun-2017_rpm570_doc0p015,train,42,3,cv_evaluation,no_chatter,0,0.002019277,64
turning,cnn_ae,ver_max,2p5inchStickout_F_12-Jun-2017_rpm570_doc0p015_window_0002,2p5inchStickout/F_12-Jun-2017_rpm570_doc0p015,train,42,3,cv_evaluation,no_chatter,0,0.0036142655,64
turning,cnn_ae,ver_max,2p5inchStickout_F_12-Jun-2017_rpm570_doc0p015_window_0003,2p5inchStickout/F_12-Jun-2017_rpm570_doc0p015,train,42,3,cv_evaluation,no_chatter,0,0.007916844,64
turning,cnn_ae,ver_max,2p5inchStickout_F_12-Jun-2017_rpm570_doc0p015_window_0004,2p5inchStickout/F_12-Jun-2017_rpm570_doc0p015,train,42,3,cv_evaluation,no_chatter,0,0.0029553883,64
turning,cnn_ae,ver_max,2p5inchStickout_F_12-Jun-2017_rpm570_doc0p015_window_0005,2p5inchStickout/F_12-Jun-2017_rpm570_doc0p015,train,42,3,cv_evaluation,no_chatter,0,0.004212531,64
turning,cnn_ae,ver_max,2p5inchStickout_F_12-Jun-2017_rpm570_doc0p015_window_0006,2p5inchStickout/F_12-Jun-2017_rpm570_doc0p015,train,42,3,cv_evaluation,no_chatter,0,0.008149768,64
turning,cnn_ae,ver_max,2p5inchStickout_F_12-Jun-2017_rpm570_doc0p015_window_0007,2p5inchStickout/F_12-Jun-2017_rpm570_doc0p015,train,42,3,cv_evaluation,no_chatter,0,0.009078055,64
turning,cnn_ae,ver_max,2p5inchStickout_F_12-Jun-2017_rpm570_doc0p015_window_0008,2p5inchStickout/F_12-Jun-2017_rpm570_doc0p015,train,42,3,cv_evaluation,no_chatter,0,0.0039771227,64
turning,cnn_ae,ver_max,2p5inchStickout_F_12-Jun-2017_rpm570_doc0p015_window_0009,2p5inchStickout/F_12-Jun-2017_rpm570_doc0p015,train,42,3,cv_evaluation,no_chatter,0,0.010066277,64
turning,cnn_ae,ver_max,2p5inchStickout_F_12-Jun-2017_rpm770_doc0p002_window_0000,2p5inchStickout/F_12-Jun-2017_rpm770_doc0p002,train,42,3,cv_evaluation,no_chatter,0,0.0015026926,64
turning,cnn_ae,ver_max,2p5inchStickout_F_12-Jun-2017_rpm770_doc0p002_window_0001,2p5inchStickout/F_12-Jun-2017_rpm770_doc0p002,train,42,3,cv_evaluation,no_chatter,0,0.0021402733,64
turning,cnn_ae,ver_max,2p5inchStickout_F_12-Jun-2017_rpm770_doc0p002_window_0002,2p5inchStickout/F_12-Jun-2017_rpm770_doc0p002,train,42,3,cv_evaluation,no_chatter,0,0.011268297,64
turning,cnn_ae,ver_max,2p5inchStickout_F_12-Jun-2017_rpm770_doc0p002_window_0003,2p5inchStickout/F_12-Jun-2017_rpm770_doc0p002,train,42,3,cv_evaluation,no_chatter,0,0.012580161,64
turning,cnn_ae,ver_max,3inchStickout_F_12-Jun-2017_rpm570_doc0p015_window_0000,3inchStickout/F_12-Jun-2017_rpm570_doc0p015,train,42,3,cv_evaluation,no_chatter,0,9.9823876e-05,64
turning,cnn_ae,ver_max,3inchStickout_F_12-Jun-2017_rpm570_doc0p015_window_0001,3inchStickout/F_12-Jun-2017_rpm570_doc0p015,test,42,3,cv_evaluation,no_chatter,0,0.0001522331,64
turning,cnn_ae,ver_max,3inchStickout_F_12-Jun-2017_rpm570_doc0p015_window_0002,3inchStickout/F_12-Jun-2017_rpm570_doc0p015,train,42,3,cv_evaluation,no_chatter,0,0.0008486865,64
turning,cnn_ae,ver_max,3inchStickout_F_12-Jun-2017_rpm570_doc0p015_window_0003,3inchStickout/F_12-Jun-2017_rpm570_doc0p015,train,42,3,cv_evaluation,no_chatter,0,0.002266165,64
turning,cnn_ae,ver_max,3inchStickout_F_12-Jun-2017_rpm570_doc0p015_window_0004,3inchStickout/F_12-Jun-2017_rpm570_doc0p015,train,42,3,cv_evaluation,no_chatter,0,0.00306763,64
turning,cnn_ae,ver_max,3inchStickout_F_12-Jun-2017_rpm570_doc0p015_window_0005,3inchStickout/F_12-Jun-2017_rpm570_doc0p015,train,42,3,cv_evaluation,no_chatter,0,0.003163471,64
turning,cnn_ae,ver_max,3inchStickout_F_12-Jun-2017_rpm570_doc0p015_window_0006,3inchStickout/F_12-Jun-2017_rpm570_doc0p015,train,42,3,cv_evaluation,no_chatter,0,0.0030633884,64
turning,cnn_ae,ver_max,3inchStickout_F_12-Jun-2017_rpm570_doc0p015_window_0007,3inchStickout/F_12-Jun-2017_rpm570_doc0p015,train,42,3,cv_evaluation,no_chatter,0,0.0028164824,64
turning,cnn_ae,ver_max,3inchStickout_F_12-Jun-2017_rpm570_doc0p015_window_0008,3inchStickout/F_12-Jun-2017_rpm570_doc0p015,train,42,3,cv_evaluation,no_chatter,0,0.0028732384,64
turning,cnn_ae,ver_max,3inchStickout_F_12-Jun-2017_rpm570_doc0p015_window_0009,3inchStickout/F_12-Jun-2017_rpm570_doc0p015,train,42,3,cv_evaluation,no_chatter,0,0.0055143186,64
turning,cnn_ae,ver_max,4p5inchStickout_F_12-Jun-2017_rpm570_doc0p010_window_0000,4p5inchStickout/F_12-Jun-2017_rpm570_doc0p010,train,42,3,cv_evaluation,no_chatter,0,3.4768495e-05,64
turning,cnn_ae,ver_max,4p5inchStickout_F_12-Jun-2017_rpm570_doc0p010_window_0001,4p5inchStickout/F_12-Jun-2017_rpm570_doc0p010,train,42,3,cv_evaluation,no_chatter,0,4.4549055e-05,64
turning,cnn_ae,ver_max,4p5inchStickout_F_12-Jun-2017_rpm570_doc0p010_window_0002,4p5inchStickout/F_12-Jun-2017_rpm570_doc0p010,test,42,3,cv_evaluation,no_chatter,0,3.514186e-05,64
turning,cnn_ae,ver_max,4p5inchStickout_F_12-Jun-2017_rpm570_doc0p010_window_0003,4p5inchStickout/F_12-Jun-2017_rpm570_doc0p010,train,42,3,cv_evaluation,no_chatter,0,5.3589018e-05,64
turning,cnn_ae,ver_max,4p5inchStickout_F_12-Jun-2017_rpm570_doc0p010_window_0004,4p5inchStickout/F_12-Jun-2017_rpm570_doc0p010,train,42,3,cv_evaluation,no_chatter,0,0.0005260662,64
turning,cnn_ae,ver_max,4p5inchStickout_F_12-Jun-2017_rpm570_doc0p010_window_0005,4p5inchStickout/F_12-Jun-2017_rpm570_doc0p010,train,42,3,cv_evaluation,no_chatter,0,0.0006706735,64
turning,cnn_ae,ver_max,4p5inchStickout_F_12-Jun-2017_rpm570_doc0p010_window_0006,4p5inchStickout/F_12-Jun-2017_rpm570_doc0p010,train,42,3,cv_evaluation,no_chatter,0,0.0012850356,64
turning,cnn_ae,ver_max,4p5inchStickout_F_12-Jun-2017_rpm570_doc0p010_window_0007,4p5inchStickout/F_12-Jun-2017_rpm570_doc0p010,train,42,3,cv_evaluation,no_chatter,0,0.0009578052,64
turning,cnn_ae,ver_max,4p5inchStickout_F_12-Jun-2017_rpm570_doc0p010_window_0008,4p5inchStickout/F_12-Jun-2017_rpm570_doc0p010,train,42,3,cv_evaluation,no_chatter,0,0.0009892727,64
turning,cnn_ae,ver_max,4p5inchStickout_F_12-Jun-2017_rpm570_doc0p010_window_0009,4p5inchStickout/F_12-Jun-2017_rpm570_doc0p010,train,42,3,cv_evaluation,no_chatter,0,0.003589019,64
turning,cnn_ae,ver_max,4p5inchStickout_F_12-Jun-2017_rpm570_doc0p010_window_0010,4p5inchStickout/F_12-Jun-2017_rpm570_doc0p010,train,42,3,cv_evaluation,no_chatter,0,0.0011795432,64
turning,cnn_ae,ver_max,4p5inchStickout_F_12-Jun-2017_rpm570_doc0p010_window_0011,4p5inchStickout/F_12-Jun-2017_rpm570_doc0p010,train,42,3,cv_evaluation,no_chatter,0,0.0013057715,64
turning,cnn_ae,ver_max,4p5inchStickout_F_13-Jun-2017_rpm1030_doc0p012_window_0000,4p5inchStickout/F_13-Jun-2017_rpm1030_doc0p012,train,42,3,cv_evaluation,no_chatter,0,0.00013210946,64
turning,cnn_ae,ver_max,4p5inchStickout_F_13-Jun-2017_rpm1030_doc0p012_window_0001,4p5inchStickout/F_13-Jun-2017_rpm1030_doc0p012,train,42,3,cv_evaluation,no_chatter,0,0.0015808186,64
turning,cnn_ae,ver_max,4p5inchStickout_F_13-Jun-2017_rpm1030_doc0p012_window_0002,4p5inchStickout/F_13-Jun-2017_rpm1030_doc0p012,test,42,3,cv_evaluation,no_chatter,0,0.0011455695,64
turning,cnn_ae,ver_max,4p5inchStickout_F_13-Jun-2017_rpm1030_doc0p012_window_0003,4p5inchStickout/F_13-Jun-2017_rpm1030_doc0p012,train,42,3,cv_evaluation,no_chatter,0,0.001359311,64
turning,cnn_ae,ver_max,4p5inchStickout_F_13-Jun-2017_rpm1030_doc0p016_window_0000,4p5inchStickout/F_13-Jun-2017_rpm1030_doc0p016,test,42,3,cv_evaluation,no_chatter,0,0.00017091568,64
turning,cnn_ae,ver_max,4p5inchStickout_F_13-Jun-2017_rpm1030_doc0p016_window_0001,4p5inchStickout/F_13-Jun-2017_rpm1030_doc0p016,train,42,3,cv_evaluation,no_chatter,0,0.0011560571,64
turning,cnn_ae,ver_max,4p5inchStickout_F_13-Jun-2017_rpm1030_doc0p016_window_0002,4p5inchStickout/F_13-Jun-2017_rpm1030_doc0p016,train,42,3,cv_evaluation,no_chatter,0,0.0013415676,64
turning,cnn_ae,ver_max,4p5inchStickout_F_13-Jun-2017_rpm1030_doc0p016_window_0003,4p5inchStickout/F_13-Jun-2017_rpm1030_doc0p016,train,42,3,cv_evaluation,no_chatter,0,0.0017034104,64
turning,cnn_ae,ver_topk,2inchStickout_F_08-Jun-2017_rpm320_doc0p035_window_0000,2inchStickout/F_08-Jun-2017_rpm320_doc0p035,train,42,3,cv_evaluation,no_chatter,0,8.254143e-05,64
turning,cnn_ae,ver_topk,2inchStickout_F_08-Jun-2017_rpm320_doc0p035_window_0001,2inchStickout/F_08-Jun-2017_rpm320_doc0p035,train,42,3,cv_evaluation,no_chatter,0,6.5700435e-05,64
turning,cnn_ae,ver_topk,2inchStickout_F_08-Jun-2017_rpm320_doc0p035_window_0002,2inchStickout/F_08-Jun-2017_rpm320_doc0p035,train,42,3,cv_evaluation,no_chatter,0,6.3082465e-05,64
turning,cnn_ae,ver_topk,2inchStickout_F_08-Jun-2017_rpm320_doc0p035_window_0003,2inchStickout/F_08-Jun-2017_rpm320_doc0p035,validation,42,3,cv_evaluation,no_chatter,0,0.00033762163,64
turning,cnn_ae,ver_topk,2inchStickout_F_08-Jun-2017_rpm320_doc0p035_window_0004,2inchStickout/F_08-Jun-2017_rpm320_doc0p035,train,42,3,cv_evaluation,no_chatter,0,0.000767154,64
turning,cnn_ae,ver_topk,2inchStickout_F_08-Jun-2017_rpm320_doc0p035_window_0005,2inchStickout/F_08-Jun-2017_rpm320_doc0p035,train,42,3,cv_evaluation,no_chatter,0,0.0003998943,64
turning,cnn_ae,ver_topk,2inchStickout_F_08-Jun-2017_rpm320_doc0p035_window_0006,2inchStickout/F_08-Jun-2017_rpm320_doc0p035,train,42,3,cv_evaluation,no_chatter,0,0.00036045947,64
turning,cnn_ae,ver_topk,2inchStickout_F_08-Jun-2017_rpm320_doc0p035_window_0007,2inchStickout/F_08-Jun-2017_rpm320_doc0p035,train,42,3,cv_evaluation,no_chatter,0,0.0004101793,64
turning,cnn_ae,ver_topk,2inchStickout_F_08-Jun-2017_rpm320_doc0p035_window_0008,2inchStickout/F_08-Jun-2017_rpm320_doc0p035,train,42,3,cv_evaluation,no_chatter,0,0.0003887921,64
turning,cnn_ae,ver_topk,2inchStickout_F_08-Jun-2017_rpm320_doc0p035_window_0009,2inchStickout/F_08-Jun-2017_rpm320_doc0p035,train,42,3,cv_evaluation,no_chatter,0,0.00039106092,64
turning,cnn_ae,ver_topk,2inchStickout_F_08-Jun-2017_rpm320_doc0p035_window_0010,2inchStickout/F_08-Jun-2017_rpm320_doc0p035,train,42,3,cv_evaluation,no_chatter,0,0.00058069336,64
turning,cnn_ae,ver_topk,2inchStickout_F_08-Jun-2017_rpm320_doc0p035_window_0011,2inchStickout/F_08-Jun-2017_rpm320_doc0p035,train,42,3,cv_evaluation,no_chatter,0,0.0006033832,64
turning,cnn_ae,ver_topk,2inchStickout_F_08-Jun-2017_rpm320_doc0p035_window_0012,2inchStickout/F_08-Jun-2017_rpm320_doc0p035,train,42,3,cv_evaluation,no_chatter,0,0.00074297487,64
turning,cnn_ae,ver_topk,2inchStickout_F_08-Jun-2017_rpm320_doc0p035_window_0013,2inchStickout/F_08-Jun-2017_rpm320_doc0p035,train,42,3,cv_evaluation,no_chatter,0,0.00060761307,64
turning,cnn_ae,ver_topk,2inchStickout_F_08-Jun-2017_rpm320_doc0p035_window_0014,2inchStickout/F_08-Jun-2017_rpm320_doc0p035,train,42,3,cv_evaluation,no_chatter,0,0.0004233238,64
turning,cnn_ae,ver_topk,2inchStickout_F_08-Jun-2017_rpm320_doc0p035_window_0015,2inchStickout/F_08-Jun-2017_rpm320_doc0p035,train,42,3,cv_evaluation,no_chatter,0,0.00058073556,64
turning,cnn_ae,ver_topk,2inchStickout_F_08-Jun-2017_rpm320_doc0p035_window_0016,2inchStickout/F_08-Jun-2017_rpm320_doc0p035,train,42,3,cv_evaluation,no_chatter,0,0.00057291705,64
turning,cnn_ae,ver_topk,2inchStickout_F_08-Jun-2017_rpm320_doc0p035_window_0017,2inchStickout/F_08-Jun-2017_rpm320_doc0p035,train,42,3,cv_evaluation,no_chatter,0,0.00061308994,64
turning,cnn_ae,ver_topk,2inchStickout_F_08-Jun-2017_rpm320_doc0p035_window_0018,2inchStickout/F_08-Jun-2017_rpm320_doc0p035,train,42,3,cv_evaluation,no_chatter,0,0.0006265931,64
turning,cnn_ae,ver_topk,2inchStickout_F_08-Jun-2017_rpm320_doc0p035_window_0019,2inchStickout/F_08-Jun-2017_rpm320_doc0p035,train,42,3,cv_evaluation,no_chatter,0,0.00063008117,64
turning,cnn_ae,ver_topk,2inchStickout_F_08-Jun-2017_rpm320_doc0p035_window_0020,2inchStickout/F_08-Jun-2017_rpm320_doc0p035,validation,42,3,cv_evaluation,no_chatter,0,0.000611692,64
turning,cnn_ae,ver_topk,2inchStickout_F_08-Jun-2017_rpm320_doc0p035_window_0021,2inchStickout/F_08-Jun-2017_rpm320_doc0p035,train,42,3,cv_evaluation,no_chatter,0,0.0007318212,64
turning,cnn_ae,ver_topk,2inchStickout_F_08-Jun-2017_rpm320_doc0p035_window_0022,2inchStickout/F_08-Jun-2017_rpm320_doc0p035,validation,42,3,cv_evaluation,no_chatter,0,0.00075904425,64
turning,cnn_ae,ver_topk,2inchStickout_F_08-Jun-2017_rpm320_doc0p035_window_0023,2inchStickout/F_08-Jun-2017_rpm320_doc0p035,train,42,3,cv_evaluation,no_chatter,0,0.0009280623,64
turning,cnn_ae,ver_topk,2inchStickout_F_08-Jun-2017_rpm320_doc0p040_window_0000,2inchStickout/F_08-Jun-2017_rpm320_doc0p040,test,42,3,cv_evaluation,no_chatter,0,8.3965446e-05,64
turning,cnn_ae,ver_topk,2inchStickout_F_08-Jun-2017_rpm320_doc0p040_window_0001,2inchStickout/F_08-Jun-2017_rpm320_doc0p040,train,42,3,cv_evaluation,no_chatter,0,8.623261e-05,64
turning,cnn_ae,ver_topk,2inchStickout_F_08-Jun-2017_rpm320_doc0p040_window_0002,2inchStickout/F_08-Jun-2017_rpm320_doc0p040,train,42,3,cv_evaluation,no_chatter,0,7.4826115e-05,64
turning,cnn_ae,ver_topk,2inchStickout_F_08-Jun-2017_rpm320_doc0p040_window_0003,2inchStickout/F_08-Jun-2017_rpm320_doc0p040,test,42,3,cv_evaluation,no_chatter,0,0.0016004118,64
turning,cnn_ae,ver_topk,2inchStickout_F_08-Jun-2017_rpm320_doc0p040_window_0004,2inchStickout/F_08-Jun-2017_rpm320_doc0p040,test,42,3,cv_evaluation,no_chatter,0,0.0014370321,64
turning,cnn_ae,ver_topk,2inchStickout_F_08-Jun-2017_rpm320_doc0p040_window_0005,2inchStickout/F_08-Jun-2017_rpm320_doc0p040,train,42,3,cv_evaluation,no_chatter,0,0.00043263458,64
turning,cnn_ae,ver_topk,2inchStickout_F_08-Jun-2017_rpm320_doc0p040_window_0006,2inchStickout/F_08-Jun-2017_rpm320_doc0p040,train,42,3,cv_evaluation,no_chatter,0,0.0005060498,64
turning,cnn_ae,ver_topk,2inchStickout_F_08-Jun-2017_rpm320_doc0p040_window_0007,2inchStickout/F_08-Jun-2017_rpm320_doc0p040,train,42,3,cv_evaluation,no_chatter,0,0.0005437245,64
turning,cnn_ae,ver_topk,2inchStickout_F_08-Jun-2017_rpm320_doc0p040_window_0008,2inchStickout/F_08-Jun-2017_rpm320_doc0p040,train,42,3,cv_evaluation,no_chatter,0,0.0007890199,64
turning,cnn_ae,ver_topk,2inchStickout_F_08-Jun-2017_rpm320_doc0p040_window_0009,2inchStickout/F_08-Jun-2017_rpm320_doc0p040,train,42,3,cv_evaluation,no_chatter,0,0.00090064894,64
turning,cnn_ae,ver_topk,2inchStickout_F_08-Jun-2017_rpm320_doc0p040_window_0010,2inchStickout/F_08-Jun-2017_rpm320_doc0p040,train,42,3,cv_evaluation,no_chatter,0,0.0009199769,64
turning,cnn_ae,ver_topk,2inchStickout_F_08-Jun-2017_rpm320_doc0p040_window_0011,2inchStickout/F_08-Jun-2017_rpm320_doc0p040,train,42,3,cv_evaluation,no_chatter,0,0.0008335872,64
turning,cnn_ae,ver_topk,2inchStickout_F_08-Jun-2017_rpm320_doc0p040_window_0012,2inchStickout/F_08-Jun-2017_rpm320_doc0p040,test,42,3,cv_evaluation,no_chatter,0,0.0012271836,64
turning,cnn_ae,ver_topk,2inchStickout_F_08-Jun-2017_rpm320_doc0p040_window_0013,2inchStickout/F_08-Jun-2017_rpm320_doc0p040,train,42,3,cv_evaluation,no_chatter,0,0.0010073609,64
turning,cnn_ae,ver_topk,2inchStickout_F_08-Jun-2017_rpm320_doc0p040_window_0014,2inchStickout/F_08-Jun-2017_rpm320_doc0p040,train,42,3,cv_evaluation,no_chatter,0,0.0011484042,64
turning,cnn_ae,ver_topk,2inchStickout_F_08-Jun-2017_rpm320_doc0p040_window_0015,2inchStickout/F_08-Jun-2017_rpm320_doc0p040,train,42,3,cv_evaluation,no_chatter,0,0.0010128593,64
turning,cnn_ae,ver_topk,2inchStickout_F_08-Jun-2017_rpm320_doc0p040_window_0016,2inchStickout/F_08-Jun-2017_rpm320_doc0p040,train,42,3,cv_evaluation,no_chatter,0,0.00056098076,64
turning,cnn_ae,ver_topk,2inchStickout_F_08-Jun-2017_rpm320_doc0p040_window_0017,2inchStickout/F_08-Jun-2017_rpm320_doc0p040,train,42,3,cv_evaluation,no_chatter,0,0.000532087,64
turning,cnn_ae,ver_topk,2inchStickout_F_08-Jun-2017_rpm320_doc0p040_window_0018,2inchStickout/F_08-Jun-2017_rpm320_doc0p040,train,42,3,cv_evaluation,no_chatter,0,0.0008388523,64
turning,cnn_ae,ver_topk,2inchStickout_F_08-Jun-2017_rpm320_doc0p040_window_0019,2inchStickout/F_08-Jun-2017_rpm320_doc0p040,train,42,3,cv_evaluation,no_chatter,0,0.000614153,64
turning,cnn_ae,ver_topk,2inchStickout_F_08-Jun-2017_rpm320_doc0p040_window_0020,2inchStickout/F_08-Jun-2017_rpm320_doc0p040,train,42,3,cv_evaluation,no_chatter,0,0.00070756575,64
turning,cnn_ae,ver_topk,2inchStickout_F_08-Jun-2017_rpm320_doc0p040_window_0021,2inchStickout/F_08-Jun-2017_rpm320_doc0p040,train,42,3,cv_evaluation,no_chatter,0,0.00048698895,64
turning,cnn_ae,ver_topk,2inchStickout_F_08-Jun-2017_rpm320_doc0p040_window_0022,2inchStickout/F_08-Jun-2017_rpm320_doc0p040,test,42,3,cv_evaluation,no_chatter,0,0.000652812,64
turning,cnn_ae,ver_topk,2inchStickout_F_08-Jun-2017_rpm320_doc0p040_window_0023,2inchStickout/F_08-Jun-2017_rpm320_doc0p040,train,42,3,cv_evaluation,no_chatter,0,0.00042541974,64
turning,cnn_ae,ver_topk,2inchStickout_F_08-Jun-2017_rpm425_doc0p005_window_0000,2inchStickout/F_08-Jun-2017_rpm425_doc0p005,train,42,3,cv_evaluation,no_chatter,0,0.00016304018,64
turning,cnn_ae,ver_topk,2inchStickout_F_08-Jun-2017_rpm425_doc0p005_window_0001,2inchStickout/F_08-Jun-2017_rpm425_doc0p005,train,42,3,cv_evaluation,no_chatter,0,0.0001631392,64
turning,cnn_ae,ver_topk,2inchStickout_F_08-Jun-2017_rpm425_doc0p005_window_0002,2inchStickout/F_08-Jun-2017_rpm425_doc0p005,train,42,3,cv_evaluation,no_chatter,0,0.0006574288,64
turning,cnn_ae,ver_topk,2inchStickout_F_08-Jun-2017_rpm425_doc0p005_window_0003,2inchStickout/F_08-Jun-2017_rpm425_doc0p005,test,42,3,cv_evaluation,no_chatter,0,0.00079488306,64
turning,cnn_ae,ver_topk,2inchStickout_F_08-Jun-2017_rpm425_doc0p005_window_0004,2inchStickout/F_08-Jun-2017_rpm425_doc0p005,train,42,3,cv_evaluation,no_chatter,0,0.000797849,64
turning,cnn_ae,ver_topk,2inchStickout_F_08-Jun-2017_rpm425_doc0p005_window_0005,2inchStickout/F_08-Jun-2017_rpm425_doc0p005,test,42,3,cv_evaluation,no_chatter,0,0.0008171774,64
turning,cnn_ae,ver_topk,2inchStickout_F_08-Jun-2017_rpm425_doc0p005_window_0006,2inchStickout/F_08-Jun-2017_rpm425_doc0p005,train,42,3,cv_evaluation,no_chatter,0,0.0008138218,64
turning,cnn_ae,ver_topk,2inchStickout_F_08-Jun-2017_rpm425_doc0p005_window_0007,2inchStickout/F_08-Jun-2017_rpm425_doc0p005,train,42,3,cv_evaluation,no_chatter,0,0.0008986296,64
turning,cnn_ae,ver_topk,2inchStickout_F_08-Jun-2017_rpm425_doc0p015_window_0000,2inchStickout/F_08-Jun-2017_rpm425_doc0p015,train,42,3,cv_evaluation,no_chatter,0,0.00012132257,64
turning,cnn_ae,ver_topk,2inchStickout_F_08-Jun-2017_rpm425_doc0p015_window_0001,2inchStickout/F_08-Jun-2017_rpm425_doc0p015,train,42,3,cv_evaluation,no_chatter,0,0.00011670877,64
turning,cnn_ae,ver_topk,2inchStickout_F_08-Jun-2017_rpm425_doc0p015_window_0002,2inchStickout/F_08-Jun-2017_rpm425_doc0p015,train,42,3,cv_evaluation,no_chatter,0,0.0007530269,64
turning,cnn_ae,ver_topk,2inchStickout_F_08-Jun-2017_rpm425_doc0p015_window_0003,2inchStickout/F_08-Jun-2017_rpm425_doc0p015,train,42,3,cv_evaluation,no_chatter,0,0.0007965833,64
turning,cnn_ae,ver_topk,2inchStickout_F_08-Jun-2017_rpm425_doc0p015_window_0004,2inchStickout/F_08-Jun-2017_rpm425_doc0p015,train,42,3,cv_evaluation,no_chatter,0,0.001053676,64
turning,cnn_ae,ver_topk,2inchStickout_F_08-Jun-2017_rpm425_doc0p015_window_0005,2inchStickout/F_08-Jun-2017_rpm425_doc0p015,train,42,3,cv_evaluation,no_chatter,0,0.000993487,64
turning,cnn_ae,ver_topk,2inchStickout_F_08-Jun-2017_rpm425_doc0p015_window_0006,2inchStickout/F_08-Jun-2017_rpm425_doc0p015,train,42,3,cv_evaluation,no_chatter,0,0.0015146959,64
turning,cnn_ae,ver_topk,2inchStickout_F_08-Jun-2017_rpm425_doc0p015_window_0007,2inchStickout/F_08-Jun-2017_rpm425_doc0p015,validation,42,3,cv_evaluation,no_chatter,0,0.001509857,64
turning,cnn_ae,ver_topk,2inchStickout_F_08-Jun-2017_rpm770_doc0p005_window_0000,2inchStickout/F_08-Jun-2017_rpm770_doc0p005,validation,42,3,cv_evaluation,chatter,1,0.0137157515,64
turning,cnn_ae,ver_topk,2inchStickout_F_08-Jun-2017_rpm770_doc0p005_window_0001,2inchStickout/F_08-Jun-2017_rpm770_doc0p005,validation,42,3,cv_evaluation,chatter,1,0.023680506,64
turning,cnn_ae,ver_topk,2inchStickout_F_08-Jun-2017_rpm770_doc0p005_window_0002,2inchStickout/F_08-Jun-2017_rpm770_doc0p005,validation,42,3,cv_evaluation,chatter,1,0.024227912,64
turning,cnn_ae,ver_topk,2inchStickout_F_08-Jun-2017_rpm770_doc0p005_window_0003,2inchStickout/F_08-Jun-2017_rpm770_doc0p005,validation,42,3,cv_evaluation,chatter,1,0.019549688,64
turning,cnn_ae,ver_topk,2inchStickout_F_08-Jun-2017_rpm770_doc0p005_window_0004,2inchStickout/F_08-Jun-2017_rpm770_doc0p005,validation,42,3,cv_evaluation,chatter,1,0.04293042,64
turning,cnn_ae,ver_topk,2inchStickout_F_08-Jun-2017_rpm770_doc0p005_window_0005,2inchStickout/F_08-Jun-2017_rpm770_doc0p005,validation,42,3,cv_evaluation,chatter,1,0.042357206,64
turning,cnn_ae,ver_topk,2inchStickout_F_08-Jun-2017_rpm770_doc0p005_window_0006,2inchStickout/F_08-Jun-2017_rpm770_doc0p005,validation,42,3,cv_evaluation,chatter,1,0.028917601,64
turning,cnn_ae,ver_topk,2inchStickout_F_08-Jun-2017_rpm770_doc0p005_window_0007,2inchStickout/F_08-Jun-2017_rpm770_doc0p005,validation,42,3,cv_evaluation,chatter,1,0.036201645,64
turning,cnn_ae,ver_topk,2inchStickout_F_08-Jun-2017_rpm770_doc0p005_window_0008,2inchStickout/F_08-Jun-2017_rpm770_doc0p005,validation,42,3,cv_evaluation,chatter,1,0.03404131,64
turning,cnn_ae,ver_topk,2inchStickout_F_08-Jun-2017_rpm770_doc0p005_window_0009,2inchStickout/F_08-Jun-2017_rpm770_doc0p005,validation,42,3,cv_evaluation,chatter,1,0.02776186,64
turning,cnn_ae,ver_topk,2inchStickout_F_08-Jun-2017_rpm770_doc0p005_window_0010,2inchStickout/F_08-Jun-2017_rpm770_doc0p005,validation,42,3,cv_evaluation,chatter,1,0.014375064,64
turning,cnn_ae,ver_topk,2inchStickout_F_08-Jun-2017_rpm770_doc0p005_window_0011,2inchStickout/F_08-Jun-2017_rpm770_doc0p005,train,42,3,cv_evaluation,no_chatter,0,0.007401191,64
turning,cnn_ae,ver_topk,2p5inchStickout_F_12-Jun-2017_rpm570_doc0p015_window_0000,2p5inchStickout/F_12-Jun-2017_rpm570_doc0p015,validation,42,3,cv_evaluation,no_chatter,0,0.0002613323,64
turning,cnn_ae,ver_topk,2p5inchStickout_F_12-Jun-2017_rpm570_doc0p015_window_0001,2p5inchStickout/F_12-Jun-2017_rpm570_doc0p015,train,42,3,cv_evaluation,no_chatter,0,0.0017099166,64
turning,cnn_ae,ver_topk,2p5inchStickout_F_12-Jun-2017_rpm570_doc0p015_window_0002,2p5inchStickout/F_12-Jun-2017_rpm570_doc0p015,train,42,3,cv_evaluation,no_chatter,0,0.0031262527,64
turning,cnn_ae,ver_topk,2p5inchStickout_F_12-Jun-2017_rpm570_doc0p015_window_0003,2p5inchStickout/F_12-Jun-2017_rpm570_doc0p015,train,42,3,cv_evaluation,no_chatter,0,0.0055955597,64
turning,cnn_ae,ver_topk,2p5inchStickout_F_12-Jun-2017_rpm570_doc0p015_window_0004,2p5inchStickout/F_12-Jun-2017_rpm570_doc0p015,train,42,3,cv_evaluation,no_chatter,0,0.0020690681,64
turning,cnn_ae,ver_topk,2p5inchStickout_F_12-Jun-2017_rpm570_doc0p015_window_0005,2p5inchStickout/F_12-Jun-2017_rpm570_doc0p015,train,42,3,cv_evaluation,no_chatter,0,0.0036811326,64
turning,cnn_ae,ver_topk,2p5inchStickout_F_12-Jun-2017_rpm570_doc0p015_window_0006,2p5inchStickout/F_12-Jun-2017_rpm570_doc0p015,train,42,3,cv_evaluation,no_chatter,0,0.0062115216,64
turning,cnn_ae,ver_topk,2p5inchStickout_F_12-Jun-2017_rpm570_doc0p015_window_0007,2p5inchStickout/F_12-Jun-2017_rpm570_doc0p015,train,42,3,cv_evaluation,no_chatter,0,0.004904341,64
turning,cnn_ae,ver_topk,2p5inchStickout_F_12-Jun-2017_rpm570_doc0p015_window_0008,2p5inchStickout/F_12-Jun-2017_rpm570_doc0p015,train,42,3,cv_evaluation,no_chatter,0,0.0039180745,64
turning,cnn_ae,ver_topk,2p5inchStickout_F_12-Jun-2017_rpm570_doc0p015_window_0009,2p5inchStickout/F_12-Jun-2017_rpm570_doc0p015,train,42,3,cv_evaluation,no_chatter,0,0.009173866,64
turning,cnn_ae,ver_topk,2p5inchStickout_F_12-Jun-2017_rpm770_doc0p002_window_0000,2p5inchStickout/F_12-Jun-2017_rpm770_doc0p002,train,42,3,cv_evaluation,no_chatter,0,0.0006770109,64
turning,cnn_ae,ver_topk,2p5inchStickout_F_12-Jun-2017_rpm770_doc0p002_window_0001,2p5inchStickout/F_12-Jun-2017_rpm770_doc0p002,train,42,3,cv_evaluation,no_chatter,0,0.0017785289,64
turning,cnn_ae,ver_topk,2p5inchStickout_F_12-Jun-2017_rpm770_doc0p002_window_0002,2p5inchStickout/F_12-Jun-2017_rpm770_doc0p002,train,42,3,cv_evaluation,no_chatter,0,0.010893206,64
turning,cnn_ae,ver_topk,2p5inchStickout_F_12-Jun-2017_rpm770_doc0p002_window_0003,2p5inchStickout/F_12-Jun-2017_rpm770_doc0p002,train,42,3,cv_evaluation,no_chatter,0,0.01024241,64
turning,cnn_ae,ver_topk,3inchStickout_F_12-Jun-2017_rpm570_doc0p015_window_0000,3inchStickout/F_12-Jun-2017_rpm570_doc0p015,train,42,3,cv_evaluation,no_chatter,0,9.588219e-05,64
turning,cnn_ae,ver_topk,3inchStickout_F_12-Jun-2017_rpm570_doc0p015_window_0001,3inchStickout/F_12-Jun-2017_rpm570_doc0p015,test,42,3,cv_evaluation,no_chatter,0,0.00013561315,64
turning,cnn_ae,ver_topk,3inchStickout_F_12-Jun-2017_rpm570_doc0p015_window_0002,3inchStickout/F_12-Jun-2017_rpm570_doc0p015,train,42,3,cv_evaluation,no_chatter,0,0.00041874836,64
turning,cnn_ae,ver_topk,3inchStickout_F_12-Jun-2017_rpm570_doc0p015_window_0003,3inchStickout/F_12-Jun-2017_rpm570_doc0p015,train,42,3,cv_evaluation,no_chatter,0,0.0022442064,64
turning,cnn_ae,ver_topk,3inchStickout_F_12-Jun-2017_rpm570_doc0p015_window_0004,3inchStickout/F_12-Jun-2017_rpm570_doc0p015,train,42,3,cv_evaluation,no_chatter,0,0.0028272604,64
turning,cnn_ae,ver_topk,3inchStickout_F_12-Jun-2017_rpm570_doc0p015_window_0005,3inchStickout/F_12-Jun-2017_rpm570_doc0p015,train,42,3,cv_evaluation,no_chatter,0,0.002710092,64
turning,cnn_ae,ver_topk,3inchStickout_F_12-Jun-2017_rpm570_doc0p015_window_0006,3inchStickout/F_12-Jun-2017_rpm570_doc0p015,train,42,3,cv_evaluation,no_chatter,0,0.002873213,64
turning,cnn_ae,ver_topk,3inchStickout_F_12-Jun-2017_rpm570_doc0p015_window_0007,3inchStickout/F_12-Jun-2017_rpm570_doc0p015,train,42,3,cv_evaluation,no_chatter,0,0.00273576,64
turning,cnn_ae,ver_topk,3inchStickout_F_12-Jun-2017_rpm570_doc0p015_window_0008,3inchStickout/F_12-Jun-2017_rpm570_doc0p015,train,42,3,cv_evaluation,no_chatter,0,0.0027844303,64
turning,cnn_ae,ver_topk,3inchStickout_F_12-Jun-2017_rpm570_doc0p015_window_0009,3inchStickout/F_12-Jun-2017_rpm570_doc0p015,train,42,3,cv_evaluation,no_chatter,0,0.004627327,64
turning,cnn_ae,ver_topk,4p5inchStickout_F_12-Jun-2017_rpm570_doc0p010_window_0000,4p5inchStickout/F_12-Jun-2017_rpm570_doc0p010,train,42,3,cv_evaluation,no_chatter,0,3.2294065e-05,64
turning,cnn_ae,ver_topk,4p5inchStickout_F_12-Jun-2017_rpm570_doc0p010_window_0001,4p5inchStickout/F_12-Jun-2017_rpm570_doc0p010,train,42,3,cv_evaluation,no_chatter,0,4.369822e-05,64
turning,cnn_ae,ver_topk,4p5inchStickout_F_12-Jun-2017_rpm570_doc0p010_window_0002,4p5inchStickout/F_12-Jun-2017_rpm570_doc0p010,test,42,3,cv_evaluation,no_chatter,0,3.443373e-05,64
turning,cnn_ae,ver_topk,4p5inchStickout_F_12-Jun-2017_rpm570_doc0p010_window_0003,4p5inchStickout/F_12-Jun-2017_rpm570_doc0p010,train,42,3,cv_evaluation,no_chatter,0,5.151368e-05,64
turning,cnn_ae,ver_topk,4p5inchStickout_F_12-Jun-2017_rpm570_doc0p010_window_0004,4p5inchStickout/F_12-Jun-2017_rpm570_doc0p010,train,42,3,cv_evaluation,no_chatter,0,0.00021673075,64
turning,cnn_ae,ver_topk,4p5inchStickout_F_12-Jun-2017_rpm570_doc0p010_window_0005,4p5inchStickout/F_12-Jun-2017_rpm570_doc0p010,train,42,3,cv_evaluation,no_chatter,0,0.00065271766,64
turning,cnn_ae,ver_topk,4p5inchStickout_F_12-Jun-2017_rpm570_doc0p010_window_0006,4p5inchStickout/F_12-Jun-2017_rpm570_doc0p010,train,42,3,cv_evaluation,no_chatter,0,0.001151372,64
turning,cnn_ae,ver_topk,4p5inchStickout_F_12-Jun-2017_rpm570_doc0p010_window_0007,4p5inchStickout/F_12-Jun-2017_rpm570_doc0p010,train,42,3,cv_evaluation,no_chatter,0,0.0008732998,64
turning,cnn_ae,ver_topk,4p5inchStickout_F_12-Jun-2017_rpm570_doc0p010_window_0008,4p5inchStickout/F_12-Jun-2017_rpm570_doc0p010,train,42,3,cv_evaluation,no_chatter,0,0.00092784036,64
turning,cnn_ae,ver_topk,4p5inchStickout_F_12-Jun-2017_rpm570_doc0p010_window_0009,4p5inchStickout/F_12-Jun-2017_rpm570_doc0p010,train,42,3,cv_evaluation,no_chatter,0,0.002500431,64
turning,cnn_ae,ver_topk,4p5inchStickout_F_12-Jun-2017_rpm570_doc0p010_window_0010,4p5inchStickout/F_12-Jun-2017_rpm570_doc0p010,train,42,3,cv_evaluation,no_chatter,0,0.0010866536,64
turning,cnn_ae,ver_topk,4p5inchStickout_F_12-Jun-2017_rpm570_doc0p010_window_0011,4p5inchStickout/F_12-Jun-2017_rpm570_doc0p010,train,42,3,cv_evaluation,no_chatter,0,0.0011904725,64
turning,cnn_ae,ver_topk,4p5inchStickout_F_13-Jun-2017_rpm1030_doc0p012_window_0000,4p5inchStickout/F_13-Jun-2017_rpm1030_doc0p012,train,42,3,cv_evaluation,no_chatter,0,9.5816795e-05,64
turning,cnn_ae,ver_topk,4p5inchStickout_F_13-Jun-2017_rpm1030_doc0p012_window_0001,4p5inchStickout/F_13-Jun-2017_rpm1030_doc0p012,train,42,3,cv_evaluation,no_chatter,0,0.0015015997,64
turning,cnn_ae,ver_topk,4p5inchStickout_F_13-Jun-2017_rpm1030_doc0p012_window_0002,4p5inchStickout/F_13-Jun-2017_rpm1030_doc0p012,test,42,3,cv_evaluation,no_chatter,0,0.00108261,64
turning,cnn_ae,ver_topk,4p5inchStickout_F_13-Jun-2017_rpm1030_doc0p012_window_0003,4p5inchStickout/F_13-Jun-2017_rpm1030_doc0p012,train,42,3,cv_evaluation,no_chatter,0,0.0011442848,64
turning,cnn_ae,ver_topk,4p5inchStickout_F_13-Jun-2017_rpm1030_doc0p016_window_0000,4p5inchStickout/F_13-Jun-2017_rpm1030_doc0p016,test,42,3,cv_evaluation,no_chatter,0,0.0001158334,64
turning,cnn_ae,ver_topk,4p5inchStickout_F_13-Jun-2017_rpm1030_doc0p016_window_0001,4p5inchStickout/F_13-Jun-2017_rpm1030_doc0p016,train,42,3,cv_evaluation,no_chatter,0,0.0010530007,64
turning,cnn_ae,ver_topk,4p5inchStickout_F_13-Jun-2017_rpm1030_doc0p016_window_0002,4p5inchStickout/F_13-Jun-2017_rpm1030_doc0p016,train,42,3,cv_evaluation,no_chatter,0,0.0012020118,64
turning,cnn_ae,ver_topk,4p5inchStickout_F_13-Jun-2017_rpm1030_doc0p016_window_0003,4p5inchStickout/F_13-Jun-2017_rpm1030_doc0p016,train,42,3,cv_evaluation,no_chatter,0,0.0013331088,64
turning,cnn_ae,global_mse,2inchStickout_F_08-Jun-2017_rpm320_doc0p005_window_0000,2inchStickout/F_08-Jun-2017_rpm320_doc0p005,train,42,4,cv_evaluation,no_chatter,0,0.0027144032,64
turning,cnn_ae,global_mse,2inchStickout_F_08-Jun-2017_rpm320_doc0p005_window_0001,2inchStickout/F_08-Jun-2017_rpm320_doc0p005,train,42,4,cv_evaluation,no_chatter,0,0.0026764988,64
turning,cnn_ae,global_mse,2inchStickout_F_08-Jun-2017_rpm320_doc0p005_window_0002,2inchStickout/F_08-Jun-2017_rpm320_doc0p005,train,42,4,cv_evaluation,no_chatter,0,0.0026558868,64
turning,cnn_ae,global_mse,2inchStickout_F_08-Jun-2017_rpm320_doc0p005_window_0003,2inchStickout/F_08-Jun-2017_rpm320_doc0p005,train,42,4,cv_evaluation,no_chatter,0,0.0026491282,64
turning,cnn_ae,global_mse,2inchStickout_F_08-Jun-2017_rpm320_doc0p005_window_0004,2inchStickout/F_08-Jun-2017_rpm320_doc0p005,train,42,4,cv_evaluation,no_chatter,0,0.0026279138,64
turning,cnn_ae,global_mse,2inchStickout_F_08-Jun-2017_rpm320_doc0p005_window_0005,2inchStickout/F_08-Jun-2017_rpm320_doc0p005,validation,42,4,cv_evaluation,no_chatter,0,0.010067698,64
turning,cnn_ae,global_mse,2inchStickout_F_08-Jun-2017_rpm320_doc0p005_window_0006,2inchStickout/F_08-Jun-2017_rpm320_doc0p005,validation,42,4,cv_evaluation,chatter,1,0.019160286,64
turning,cnn_ae,global_mse,2inchStickout_F_08-Jun-2017_rpm320_doc0p005_window_0007,2inchStickout/F_08-Jun-2017_rpm320_doc0p005,validation,42,4,cv_evaluation,chatter,1,0.020574253,64
turning,cnn_ae,global_mse,2inchStickout_F_08-Jun-2017_rpm320_doc0p005_window_0008,2inchStickout/F_08-Jun-2017_rpm320_doc0p005,validation,42,4,cv_evaluation,chatter,1,0.01956757,64
turning,cnn_ae,global_mse,2inchStickout_F_08-Jun-2017_rpm320_doc0p005_window_0009,2inchStickout/F_08-Jun-2017_rpm320_doc0p005,validation,42,4,cv_evaluation,chatter,1,0.014373181,64
turning,cnn_ae,global_mse,2inchStickout_F_08-Jun-2017_rpm320_doc0p005_window_0010,2inchStickout/F_08-Jun-2017_rpm320_doc0p005,validation,42,4,cv_evaluation,chatter,1,0.010221386,64
turning,cnn_ae,global_mse,2inchStickout_F_08-Jun-2017_rpm320_doc0p005_window_0011,2inchStickout/F_08-Jun-2017_rpm320_doc0p005,validation,42,4,cv_evaluation,chatter,1,0.008636049,64
turning,cnn_ae,global_mse,2inchStickout_F_08-Jun-2017_rpm320_doc0p005_window_0012,2inchStickout/F_08-Jun-2017_rpm320_doc0p005,train,42,4,cv_evaluation,no_chatter,0,0.00578758,64
turning,cnn_ae,global_mse,2inchStickout_F_08-Jun-2017_rpm320_doc0p005_window_0013,2inchStickout/F_08-Jun-2017_rpm320_doc0p005,train,42,4,cv_evaluation,no_chatter,0,0.0026546821,64
turning,cnn_ae,global_mse,2inchStickout_F_08-Jun-2017_rpm320_doc0p005_window_0014,2inchStickout/F_08-Jun-2017_rpm320_doc0p005,train,42,4,cv_evaluation,no_chatter,0,0.002051712,64
turning,cnn_ae,global_mse,2inchStickout_F_08-Jun-2017_rpm320_doc0p005_window_0015,2inchStickout/F_08-Jun-2017_rpm320_doc0p005,train,42,4,cv_evaluation,no_chatter,0,0.0019441165,64
turning,cnn_ae,global_mse,2inchStickout_F_08-Jun-2017_rpm320_doc0p005_window_0016,2inchStickout/F_08-Jun-2017_rpm320_doc0p005,train,42,4,cv_evaluation,no_chatter,0,0.0020372013,64
turning,cnn_ae,global_mse,2inchStickout_F_08-Jun-2017_rpm320_doc0p005_window_0017,2inchStickout/F_08-Jun-2017_rpm320_doc0p005,train,42,4,cv_evaluation,no_chatter,0,0.0019198359,64
turning,cnn_ae,global_mse,2inchStickout_F_08-Jun-2017_rpm320_doc0p005_window_0018,2inchStickout/F_08-Jun-2017_rpm320_doc0p005,train,42,4,cv_evaluation,no_chatter,0,0.0018279417,64
turning,cnn_ae,global_mse,2inchStickout_F_08-Jun-2017_rpm320_doc0p005_window_0019,2inchStickout/F_08-Jun-2017_rpm320_doc0p005,train,42,4,cv_evaluation,no_chatter,0,0.0018028123,64
turning,cnn_ae,global_mse,2inchStickout_F_08-Jun-2017_rpm320_doc0p005_window_0020,2inchStickout/F_08-Jun-2017_rpm320_doc0p005,train,42,4,cv_evaluation,no_chatter,0,0.0017250018,64
turning,cnn_ae,global_mse,2inchStickout_F_08-Jun-2017_rpm320_doc0p005_window_0021,2inchStickout/F_08-Jun-2017_rpm320_doc0p005,train,42,4,cv_evaluation,no_chatter,0,0.0047956747,64
turning,cnn_ae,global_mse,2inchStickout_F_08-Jun-2017_rpm320_doc0p005_window_0022,2inchStickout/F_08-Jun-2017_rpm320_doc0p005,train,42,4,cv_evaluation,no_chatter,0,0.010299493,64
turning,cnn_ae,global_mse,2inchStickout_F_08-Jun-2017_rpm320_doc0p005_window_0023,2inchStickout/F_08-Jun-2017_rpm320_doc0p005,train,42,4,cv_evaluation,no_chatter,0,0.0072309915,64
turning,cnn_ae,global_mse,2inchStickout_F_08-Jun-2017_rpm320_doc0p030_window_0000,2inchStickout/F_08-Jun-2017_rpm320_doc0p030,train,42,4,cv_evaluation,no_chatter,0,0.002624596,64
turning,cnn_ae,global_mse,2inchStickout_F_08-Jun-2017_rpm320_doc0p030_window_0001,2inchStickout/F_08-Jun-2017_rpm320_doc0p030,train,42,4,cv_evaluation,no_chatter,0,0.0026177983,64
turning,cnn_ae,global_mse,2inchStickout_F_08-Jun-2017_rpm320_doc0p030_window_0002,2inchStickout/F_08-Jun-2017_rpm320_doc0p030,train,42,4,cv_evaluation,no_chatter,0,0.00262449,64
turning,cnn_ae,global_mse,2inchStickout_F_08-Jun-2017_rpm320_doc0p030_window_0003,2inchStickout/F_08-Jun-2017_rpm320_doc0p030,train,42,4,cv_evaluation,no_chatter,0,0.0024653862,64
turning,cnn_ae,global_mse,2inchStickout_F_08-Jun-2017_rpm320_doc0p030_window_0004,2inchStickout/F_08-Jun-2017_rpm320_doc0p030,train,42,4,cv_evaluation,no_chatter,0,0.0015382908,64
turning,cnn_ae,global_mse,2inchStickout_F_08-Jun-2017_rpm320_doc0p030_window_0005,2inchStickout/F_08-Jun-2017_rpm320_doc0p030,train,42,4,cv_evaluation,no_chatter,0,0.0010457519,64
turning,cnn_ae,global_mse,2inchStickout_F_08-Jun-2017_rpm320_doc0p030_window_0006,2inchStickout/F_08-Jun-2017_rpm320_doc0p030,train,42,4,cv_evaluation,no_chatter,0,0.0011614738,64
turning,cnn_ae,global_mse,2inchStickout_F_08-Jun-2017_rpm320_doc0p030_window_0007,2inchStickout/F_08-Jun-2017_rpm320_doc0p030,train,42,4,cv_evaluation,no_chatter,0,0.0013233619,64
turning,cnn_ae,global_mse,2inchStickout_F_08-Jun-2017_rpm320_doc0p030_window_0008,2inchStickout/F_08-Jun-2017_rpm320_doc0p030,train,42,4,cv_evaluation,no_chatter,0,0.0012004485,64
turning,cnn_ae,global_mse,2inchStickout_F_08-Jun-2017_rpm320_doc0p030_window_0009,2inchStickout/F_08-Jun-2017_rpm320_doc0p030,train,42,4,cv_evaluation,no_chatter,0,0.0011189015,64
turning,cnn_ae,global_mse,2inchStickout_F_08-Jun-2017_rpm320_doc0p030_window_0010,2inchStickout/F_08-Jun-2017_rpm320_doc0p030,train,42,4,cv_evaluation,no_chatter,0,0.0010732773,64
turning,cnn_ae,global_mse,2inchStickout_F_08-Jun-2017_rpm320_doc0p030_window_0011,2inchStickout/F_08-Jun-2017_rpm320_doc0p030,validation,42,4,cv_evaluation,no_chatter,0,0.0012184993,64
turning,cnn_ae,global_mse,2inchStickout_F_08-Jun-2017_rpm320_doc0p030_window_0012,2inchStickout/F_08-Jun-2017_rpm320_doc0p030,validation,42,4,cv_evaluation,no_chatter,0,0.00095277576,64
turning,cnn_ae,global_mse,2inchStickout_F_08-Jun-2017_rpm320_doc0p030_window_0013,2inchStickout/F_08-Jun-2017_rpm320_doc0p030,train,42,4,cv_evaluation,no_chatter,0,0.0010659738,64
turning,cnn_ae,global_mse,2inchStickout_F_08-Jun-2017_rpm320_doc0p030_window_0014,2inchStickout/F_08-Jun-2017_rpm320_doc0p030,train,42,4,cv_evaluation,no_chatter,0,0.0026202875,64
turning,cnn_ae,global_mse,2inchStickout_F_08-Jun-2017_rpm320_doc0p030_window_0015,2inchStickout/F_08-Jun-2017_rpm320_doc0p030,train,42,4,cv_evaluation,no_chatter,0,0.0020599586,64
turning,cnn_ae,global_mse,2inchStickout_F_08-Jun-2017_rpm320_doc0p030_window_0016,2inchStickout/F_08-Jun-2017_rpm320_doc0p030,train,42,4,cv_evaluation,no_chatter,0,0.0016718981,64
turning,cnn_ae,global_mse,2inchStickout_F_08-Jun-2017_rpm320_doc0p030_window_0017,2inchStickout/F_08-Jun-2017_rpm320_doc0p030,train,42,4,cv_evaluation,no_chatter,0,0.0026779445,64
turning,cnn_ae,global_mse,2inchStickout_F_08-Jun-2017_rpm320_doc0p030_window_0018,2inchStickout/F_08-Jun-2017_rpm320_doc0p030,train,42,4,cv_evaluation,no_chatter,0,0.0025323688,64
turning,cnn_ae,global_mse,2inchStickout_F_08-Jun-2017_rpm320_doc0p030_window_0019,2inchStickout/F_08-Jun-2017_rpm320_doc0p030,validation,42,4,cv_evaluation,no_chatter,0,0.0038666644,64
turning,cnn_ae,global_mse,2inchStickout_F_08-Jun-2017_rpm320_doc0p030_window_0020,2inchStickout/F_08-Jun-2017_rpm320_doc0p030,validation,42,4,cv_evaluation,no_chatter,0,0.004700456,64
turning,cnn_ae,global_mse,2inchStickout_F_08-Jun-2017_rpm320_doc0p030_window_0021,2inchStickout/F_08-Jun-2017_rpm320_doc0p030,train,42,4,cv_evaluation,no_chatter,0,0.004216082,64
turning,cnn_ae,global_mse,2inchStickout_F_08-Jun-2017_rpm320_doc0p030_window_0022,2inchStickout/F_08-Jun-2017_rpm320_doc0p030,train,42,4,cv_evaluation,no_chatter,0,0.0060988567,64
turning,cnn_ae,global_mse,2inchStickout_F_08-Jun-2017_rpm320_doc0p030_window_0023,2inchStickout/F_08-Jun-2017_rpm320_doc0p030,train,42,4,cv_evaluation,no_chatter,0,0.0064739366,64
turning,cnn_ae,global_mse,2inchStickout_F_08-Jun-2017_rpm425_doc0p017_window_0000,2inchStickout/F_08-Jun-2017_rpm425_doc0p017,train,42,4,cv_evaluation,no_chatter,0,0.0026384322,64
turning,cnn_ae,global_mse,2inchStickout_F_08-Jun-2017_rpm425_doc0p017_window_0001,2inchStickout/F_08-Jun-2017_rpm425_doc0p017,train,42,4,cv_evaluation,no_chatter,0,0.0024821383,64
turning,cnn_ae,global_mse,2inchStickout_F_08-Jun-2017_rpm425_doc0p017_window_0002,2inchStickout/F_08-Jun-2017_rpm425_doc0p017,validation,42,4,cv_evaluation,no_chatter,0,0.0014873213,64
turning,cnn_ae,global_mse,2inchStickout_F_08-Jun-2017_rpm425_doc0p017_window_0003,2inchStickout/F_08-Jun-2017_rpm425_doc0p017,validation,42,4,cv_evaluation,no_chatter,0,0.0025776587,64
turning,cnn_ae,global_mse,2inchStickout_F_08-Jun-2017_rpm425_doc0p017_window_0004,2inchStickout/F_08-Jun-2017_rpm425_doc0p017,validation,42,4,cv_evaluation,no_chatter,0,0.007278832,64
turning,cnn_ae,global_mse,2inchStickout_F_08-Jun-2017_rpm425_doc0p017_window_0005,2inchStickout/F_08-Jun-2017_rpm425_doc0p017,validation,42,4,cv_evaluation,no_chatter,0,0.0061051534,64
turning,cnn_ae,global_mse,2inchStickout_F_08-Jun-2017_rpm425_doc0p017_window_0006,2inchStickout/F_08-Jun-2017_rpm425_doc0p017,train,42,4,cv_evaluation,no_chatter,0,0.0029245403,64
turning,cnn_ae,global_mse,2inchStickout_F_08-Jun-2017_rpm425_doc0p017_window_0007,2inchStickout/F_08-Jun-2017_rpm425_doc0p017,train,42,4,cv_evaluation,no_chatter,0,0.010639399,64
turning,cnn_ae,global_mse,2inchStickout_F_08-Jun-2017_rpm570_doc0p010_window_0000,2inchStickout/F_08-Jun-2017_rpm570_doc0p010,test,42,4,cv_evaluation,no_chatter,0,0.0025915233,64
turning,cnn_ae,global_mse,2inchStickout_F_08-Jun-2017_rpm570_doc0p010_window_0001,2inchStickout/F_08-Jun-2017_rpm570_doc0p010,test,42,4,cv_evaluation,no_chatter,0,0.0029734727,64
turning,cnn_ae,global_mse,2inchStickout_F_08-Jun-2017_rpm570_doc0p010_window_0002,2inchStickout/F_08-Jun-2017_rpm570_doc0p010,test,42,4,cv_evaluation,chatter,1,0.024007158,64
turning,cnn_ae,global_mse,2inchStickout_F_08-Jun-2017_rpm570_doc0p010_window_0003,2inchStickout/F_08-Jun-2017_rpm570_doc0p010,test,42,4,cv_evaluation,chatter,1,0.023611475,64
turning,cnn_ae,global_mse,2inchStickout_F_08-Jun-2017_rpm570_doc0p010_window_0004,2inchStickout/F_08-Jun-2017_rpm570_doc0p010,test,42,4,cv_evaluation,chatter,1,0.032209985,64
turning,cnn_ae,global_mse,2inchStickout_F_08-Jun-2017_rpm570_doc0p010_window_0005,2inchStickout/F_08-Jun-2017_rpm570_doc0p010,test,42,4,cv_evaluation,chatter,1,0.037854876,64
turning,cnn_ae,global_mse,2inchStickout_F_08-Jun-2017_rpm770_doc0p002_window_0000,2inchStickout/F_08-Jun-2017_rpm770_doc0p002,train,42,4,cv_evaluation,no_chatter,0,0.0025881433,64
turning,cnn_ae,global_mse,2inchStickout_F_08-Jun-2017_rpm770_doc0p002_window_0001,2inchStickout/F_08-Jun-2017_rpm770_doc0p002,validation,42,4,cv_evaluation,chatter,1,0.017555835,64
turning,cnn_ae,global_mse,2inchStickout_F_08-Jun-2017_rpm770_doc0p002_window_0002,2inchStickout/F_08-Jun-2017_rpm770_doc0p002,validation,42,4,cv_evaluation,chatter,1,0.050803483,64
turning,cnn_ae,global_mse,2inchStickout_F_08-Jun-2017_rpm770_doc0p002_window_0003,2inchStickout/F_08-Jun-2017_rpm770_doc0p002,train,42,4,cv_evaluation,no_chatter,0,0.019401774,64
turning,cnn_ae,global_mse,2inchStickout_F_08-Jun-2017_rpm770_doc0p002_window_0004,2inchStickout/F_08-Jun-2017_rpm770_doc0p002,validation,42,4,cv_evaluation,chatter,1,0.01721701,64
turning,cnn_ae,global_mse,2inchStickout_F_08-Jun-2017_rpm770_doc0p002_window_0005,2inchStickout/F_08-Jun-2017_rpm770_doc0p002,train,42,4,cv_evaluation,no_chatter,0,0.017597817,64
turning,cnn_ae,global_mse,2inchStickout_F_08-Jun-2017_rpm770_doc0p002_window_0006,2inchStickout/F_08-Jun-2017_rpm770_doc0p002,train,42,4,cv_evaluation,no_chatter,0,0.042200375,64
turning,cnn_ae,global_mse,2inchStickout_F_08-Jun-2017_rpm770_doc0p002_window_0007,2inchStickout/F_08-Jun-2017_rpm770_doc0p002,validation,42,4,cv_evaluation,chatter,1,0.029369878,64
turning,cnn_ae,global_mse,2p5inchStickout_F_12-Jun-2017_rpm570_doc0p005_window_0000,2p5inchStickout/F_12-Jun-2017_rpm570_doc0p005,test,42,4,cv_evaluation,no_chatter,0,0.0027644741,64
turning,cnn_ae,global_mse,2p5inchStickout_F_12-Jun-2017_rpm570_doc0p005_window_0001,2p5inchStickout/F_12-Jun-2017_rpm570_doc0p005,train,42,4,cv_evaluation,no_chatter,0,0.0028634728,64
turning,cnn_ae,global_mse,2p5inchStickout_F_12-Jun-2017_rpm570_doc0p005_window_0002,2p5inchStickout/F_12-Jun-2017_rpm570_doc0p005,train,42,4,cv_evaluation,no_chatter,0,0.00428833,64
turning,cnn_ae,global_mse,2p5inchStickout_F_12-Jun-2017_rpm570_doc0p005_window_0003,2p5inchStickout/F_12-Jun-2017_rpm570_doc0p005,train,42,4,cv_evaluation,no_chatter,0,0.005139488,64
turning,cnn_ae,global_mse,2p5inchStickout_F_12-Jun-2017_rpm570_doc0p005_window_0004,2p5inchStickout/F_12-Jun-2017_rpm570_doc0p005,test,42,4,cv_evaluation,no_chatter,0,0.008736192,64
turning,cnn_ae,global_mse,2p5inchStickout_F_12-Jun-2017_rpm570_doc0p005_window_0005,2p5inchStickout/F_12-Jun-2017_rpm570_doc0p005,train,42,4,cv_evaluation,no_chatter,0,0.011095313,64
turning,cnn_ae,global_mse,2p5inchStickout_F_12-Jun-2017_rpm570_doc0p005_window_0006,2p5inchStickout/F_12-Jun-2017_rpm570_doc0p005,train,42,4,cv_evaluation,no_chatter,0,0.004710036,64
turning,cnn_ae,global_mse,2p5inchStickout_F_12-Jun-2017_rpm570_doc0p005_window_0007,2p5inchStickout/F_12-Jun-2017_rpm570_doc0p005,train,42,4,cv_evaluation,no_chatter,0,0.004333735,64
turning,cnn_ae,global_mse,2p5inchStickout_F_12-Jun-2017_rpm570_doc0p005_window_0008,2p5inchStickout/F_12-Jun-2017_rpm570_doc0p005,test,42,4,cv_evaluation,no_chatter,0,0.008334737,64
turning,cnn_ae,global_mse,2p5inchStickout_F_12-Jun-2017_rpm570_doc0p005_window_0009,2p5inchStickout/F_12-Jun-2017_rpm570_doc0p005,train,42,4,cv_evaluation,no_chatter,0,0.009249297,64
turning,cnn_ae,global_mse,2p5inchStickout_F_12-Jun-2017_rpm570_doc0p010_window_0000,2p5inchStickout/F_12-Jun-2017_rpm570_doc0p010,train,42,4,cv_evaluation,no_chatter,0,0.0025142906,64
turning,cnn_ae,global_mse,2p5inchStickout_F_12-Jun-2017_rpm570_doc0p010_window_0001,2p5inchStickout/F_12-Jun-2017_rpm570_doc0p010,train,42,4,cv_evaluation,no_chatter,0,0.0060043973,64
turning,cnn_ae,global_mse,2p5inchStickout_F_12-Jun-2017_rpm570_doc0p010_window_0002,2p5inchStickout/F_12-Jun-2017_rpm570_doc0p010,train,42,4,cv_evaluation,no_chatter,0,0.0059153424,64
turning,cnn_ae,global_mse,2p5inchStickout_F_12-Jun-2017_rpm570_doc0p010_window_0003,2p5inchStickout/F_12-Jun-2017_rpm570_doc0p010,test,42,4,cv_evaluation,no_chatter,0,0.005760364,64
turning,cnn_ae,global_mse,2p5inchStickout_F_12-Jun-2017_rpm570_doc0p010_window_0004,2p5inchStickout/F_12-Jun-2017_rpm570_doc0p010,train,42,4,cv_evaluation,no_chatter,0,0.005333355,64
turning,cnn_ae,global_mse,2p5inchStickout_F_12-Jun-2017_rpm570_doc0p010_window_0005,2p5inchStickout/F_12-Jun-2017_rpm570_doc0p010,train,42,4,cv_evaluation,no_chatter,0,0.0062545002,64
turning,cnn_ae,global_mse,2p5inchStickout_F_12-Jun-2017_rpm570_doc0p010_window_0006,2p5inchStickout/F_12-Jun-2017_rpm570_doc0p010,test,42,4,cv_evaluation,no_chatter,0,0.007830466,64
turning,cnn_ae,global_mse,2p5inchStickout_F_12-Jun-2017_rpm570_doc0p010_window_0007,2p5inchStickout/F_12-Jun-2017_rpm570_doc0p010,train,42,4,cv_evaluation,no_chatter,0,0.0044123367,64
turning,cnn_ae,global_mse,2p5inchStickout_F_12-Jun-2017_rpm570_doc0p010_window_0008,2p5inchStickout/F_12-Jun-2017_rpm570_doc0p010,train,42,4,cv_evaluation,no_chatter,0,0.0043747476,64
turning,cnn_ae,global_mse,2p5inchStickout_F_12-Jun-2017_rpm570_doc0p010_window_0009,2p5inchStickout/F_12-Jun-2017_rpm570_doc0p010,test,42,4,cv_evaluation,no_chatter,0,0.005564905,64
turning,cnn_ae,global_mse,3p5inchStickout_F_14-Jun-2017_rpm770_doc0p005_window_0000,3p5inchStickout/F_14-Jun-2017_rpm770_doc0p005,validation,42,4,cv_evaluation,no_chatter,0,0.003223428,64
turning,cnn_ae,global_mse,3p5inchStickout_F_14-Jun-2017_rpm770_doc0p005_window_0001,3p5inchStickout/F_14-Jun-2017_rpm770_doc0p005,train,42,4,cv_evaluation,no_chatter,0,0.0033930251,64
turning,cnn_ae,global_mse,3p5inchStickout_F_14-Jun-2017_rpm770_doc0p005_window_0002,3p5inchStickout/F_14-Jun-2017_rpm770_doc0p005,train,42,4,cv_evaluation,no_chatter,0,0.007644041,64
turning,cnn_ae,global_mse,3p5inchStickout_F_14-Jun-2017_rpm770_doc0p005_window_0003,3p5inchStickout/F_14-Jun-2017_rpm770_doc0p005,train,42,4,cv_evaluation,no_chatter,0,0.012311376,64
turning,cnn_ae,global_mse,4p5inchStickout_F_12-Jun-2017_rpm570_doc0p015_window_0000,4p5inchStickout/F_12-Jun-2017_rpm570_doc0p015,train,42,4,cv_evaluation,no_chatter,0,0.003649498,64
turning,cnn_ae,global_mse,4p5inchStickout_F_12-Jun-2017_rpm570_doc0p015_window_0001,4p5inchStickout/F_12-Jun-2017_rpm570_doc0p015,train,42,4,cv_evaluation,no_chatter,0,0.0036352922,64
turning,cnn_ae,global_mse,4p5inchStickout_F_12-Jun-2017_rpm570_doc0p015_window_0002,4p5inchStickout/F_12-Jun-2017_rpm570_doc0p015,train,42,4,cv_evaluation,no_chatter,0,0.0036318959,64
turning,cnn_ae,global_mse,4p5inchStickout_F_12-Jun-2017_rpm570_doc0p015_window_0003,4p5inchStickout/F_12-Jun-2017_rpm570_doc0p015,train,42,4,cv_evaluation,no_chatter,0,0.003636971,64
turning,cnn_ae,global_mse,4p5inchStickout_F_12-Jun-2017_rpm570_doc0p015_window_0004,4p5inchStickout/F_12-Jun-2017_rpm570_doc0p015,train,42,4,cv_evaluation,no_chatter,0,0.0035783278,64
turning,cnn_ae,global_mse,4p5inchStickout_F_12-Jun-2017_rpm570_doc0p015_window_0005,4p5inchStickout/F_12-Jun-2017_rpm570_doc0p015,train,42,4,cv_evaluation,no_chatter,0,0.0038815977,64
turning,cnn_ae,global_mse,4p5inchStickout_F_12-Jun-2017_rpm570_doc0p015_window_0006,4p5inchStickout/F_12-Jun-2017_rpm570_doc0p015,train,42,4,cv_evaluation,no_chatter,0,0.0038079189,64
turning,cnn_ae,global_mse,4p5inchStickout_F_12-Jun-2017_rpm570_doc0p015_window_0007,4p5inchStickout/F_12-Jun-2017_rpm570_doc0p015,train,42,4,cv_evaluation,no_chatter,0,0.0040737386,64
turning,cnn_ae,global_mse,4p5inchStickout_F_12-Jun-2017_rpm570_doc0p015_window_0008,4p5inchStickout/F_12-Jun-2017_rpm570_doc0p015,train,42,4,cv_evaluation,no_chatter,0,0.003988579,64
turning,cnn_ae,global_mse,4p5inchStickout_F_12-Jun-2017_rpm570_doc0p015_window_0009,4p5inchStickout/F_12-Jun-2017_rpm570_doc0p015,train,42,4,cv_evaluation,no_chatter,0,0.0050920397,64
turning,cnn_ae,global_mse,4p5inchStickout_F_12-Jun-2017_rpm570_doc0p015_window_0010,4p5inchStickout/F_12-Jun-2017_rpm570_doc0p015,train,42,4,cv_evaluation,no_chatter,0,0.0049441415,64
turning,cnn_ae,global_mse,4p5inchStickout_F_12-Jun-2017_rpm570_doc0p015_window_0011,4p5inchStickout/F_12-Jun-2017_rpm570_doc0p015,train,42,4,cv_evaluation,no_chatter,0,0.004613772,64
turning,cnn_ae,global_mse,4p5inchStickout_F_12-Jun-2017_rpm570_doc0p025_window_0000,4p5inchStickout/F_12-Jun-2017_rpm570_doc0p025,train,42,4,cv_evaluation,no_chatter,0,0.003662477,64
turning,cnn_ae,global_mse,4p5inchStickout_F_12-Jun-2017_rpm570_doc0p025_window_0001,4p5inchStickout/F_12-Jun-2017_rpm570_doc0p025,train,42,4,cv_evaluation,no_chatter,0,0.0036596716,64
turning,cnn_ae,global_mse,4p5inchStickout_F_12-Jun-2017_rpm570_doc0p025_window_0002,4p5inchStickout/F_12-Jun-2017_rpm570_doc0p025,train,42,4,cv_evaluation,no_chatter,0,0.0036521861,64
turning,cnn_ae,global_mse,4p5inchStickout_F_12-Jun-2017_rpm570_doc0p025_window_0003,4p5inchStickout/F_12-Jun-2017_rpm570_doc0p025,train,42,4,cv_evaluation,no_chatter,0,0.0036363932,64
turning,cnn_ae,global_mse,4p5inchStickout_F_12-Jun-2017_rpm570_doc0p025_window_0004,4p5inchStickout/F_12-Jun-2017_rpm570_doc0p025,train,42,4,cv_evaluation,no_chatter,0,0.0034403605,64
turning,cnn_ae,global_mse,4p5inchStickout_F_12-Jun-2017_rpm570_doc0p025_window_0005,4p5inchStickout/F_12-Jun-2017_rpm570_doc0p025,train,42,4,cv_evaluation,no_chatter,0,0.003959931,64
turning,cnn_ae,global_mse,4p5inchStickout_F_12-Jun-2017_rpm570_doc0p025_window_0006,4p5inchStickout/F_12-Jun-2017_rpm570_doc0p025,test,42,4,cv_evaluation,no_chatter,0,0.0041215876,64
turning,cnn_ae,global_mse,4p5inchStickout_F_12-Jun-2017_rpm570_doc0p025_window_0007,4p5inchStickout/F_12-Jun-2017_rpm570_doc0p025,train,42,4,cv_evaluation,no_chatter,0,0.0043983315,64
turning,cnn_ae,global_mse,4p5inchStickout_F_12-Jun-2017_rpm570_doc0p025_window_0008,4p5inchStickout/F_12-Jun-2017_rpm570_doc0p025,train,42,4,cv_evaluation,no_chatter,0,0.0045994525,64
turning,cnn_ae,global_mse,4p5inchStickout_F_12-Jun-2017_rpm570_doc0p025_window_0009,4p5inchStickout/F_12-Jun-2017_rpm570_doc0p025,train,42,4,cv_evaluation,no_chatter,0,0.0065665473,64
turning,cnn_ae,global_mse,4p5inchStickout_F_12-Jun-2017_rpm570_doc0p025_window_0010,4p5inchStickout/F_12-Jun-2017_rpm570_doc0p025,train,42,4,cv_evaluation,no_chatter,0,0.006396692,64
turning,cnn_ae,global_mse,4p5inchStickout_F_12-Jun-2017_rpm570_doc0p025_window_0011,4p5inchStickout/F_12-Jun-2017_rpm570_doc0p025,train,42,4,cv_evaluation,no_chatter,0,0.005987169,64
turning,cnn_ae,global_mse,4p5inchStickout_F_13-Jun-2017_rpm1030_doc0p010_window_0000,4p5inchStickout/F_13-Jun-2017_rpm1030_doc0p010,train,42,4,cv_evaluation,no_chatter,0,0.0036679504,64
turning,cnn_ae,global_mse,4p5inchStickout_F_13-Jun-2017_rpm1030_doc0p010_window_0001,4p5inchStickout/F_13-Jun-2017_rpm1030_doc0p010,test,42,4,cv_evaluation,no_chatter,0,0.011035774,64
turning,cnn_ae,global_mse,4p5inchStickout_F_13-Jun-2017_rpm1030_doc0p010_window_0002,4p5inchStickout/F_13-Jun-2017_rpm1030_doc0p010,train,42,4,cv_evaluation,no_chatter,0,0.010556806,64
turning,cnn_ae,global_mse,4p5inchStickout_F_13-Jun-2017_rpm1030_doc0p010_window_0003,4p5inchStickout/F_13-Jun-2017_rpm1030_doc0p010,train,42,4,cv_evaluation,no_chatter,0,0.010840837,64
turning,cnn_ae,global_mse,4p5inchStickout_F_13-Jun-2017_rpm1030_doc0p013_window_0000,4p5inchStickout/F_13-Jun-2017_rpm1030_doc0p013,test,42,4,cv_evaluation,no_chatter,0,0.0036806865,64
turning,cnn_ae,global_mse,4p5inchStickout_F_13-Jun-2017_rpm1030_doc0p013_window_0001,4p5inchStickout/F_13-Jun-2017_rpm1030_doc0p013,train,42,4,cv_evaluation,no_chatter,0,0.008673558,64
turning,cnn_ae,global_mse,4p5inchStickout_F_13-Jun-2017_rpm1030_doc0p013_window_0002,4p5inchStickout/F_13-Jun-2017_rpm1030_doc0p013,test,42,4,cv_evaluation,no_chatter,0,0.00995593,64
turning,cnn_ae,global_mse,4p5inchStickout_F_13-Jun-2017_rpm1030_doc0p013_window_0003,4p5inchStickout/F_13-Jun-2017_rpm1030_doc0p013,train,42,4,cv_evaluation,no_chatter,0,0.008936709,64
turning,cnn_ae,global_mse,4p5inchStickout_F_13-Jun-2017_rpm770_doc0p020_window_0000,4p5inchStickout/F_13-Jun-2017_rpm770_doc0p020,train,42,4,cv_evaluation,no_chatter,0,0.0036627953,64
turning,cnn_ae,global_mse,4p5inchStickout_F_13-Jun-2017_rpm770_doc0p020_window_0001,4p5inchStickout/F_13-Jun-2017_rpm770_doc0p020,train,42,4,cv_evaluation,no_chatter,0,0.003561413,64
turning,cnn_ae,global_mse,4p5inchStickout_F_13-Jun-2017_rpm770_doc0p020_window_0002,4p5inchStickout/F_13-Jun-2017_rpm770_doc0p020,test,42,4,cv_evaluation,no_chatter,0,0.00474313,64
turning,cnn_ae,global_mse,4p5inchStickout_F_13-Jun-2017_rpm770_doc0p020_window_0003,4p5inchStickout/F_13-Jun-2017_rpm770_doc0p020,train,42,4,cv_evaluation,no_chatter,0,0.0078101293,64
turning,cnn_ae,global_mse,4p5inchStickout_F_13-Jun-2017_rpm770_doc0p020_window_0004,4p5inchStickout/F_13-Jun-2017_rpm770_doc0p020,train,42,4,cv_evaluation,no_chatter,0,0.007213269,64
turning,cnn_ae,global_mse,4p5inchStickout_F_13-Jun-2017_rpm770_doc0p020_window_0005,4p5inchStickout/F_13-Jun-2017_rpm770_doc0p020,train,42,4,cv_evaluation,no_chatter,0,0.008340241,64
turning,cnn_ae,global_mae,2inchStickout_F_08-Jun-2017_rpm320_doc0p005_window_0000,2inchStickout/F_08-Jun-2017_rpm320_doc0p005,train,42,4,cv_evaluation,no_chatter,0,0.036628958,64
turning,cnn_ae,global_mae,2inchStickout_F_08-Jun-2017_rpm320_doc0p005_window_0001,2inchStickout/F_08-Jun-2017_rpm320_doc0p005,train,42,4,cv_evaluation,no_chatter,0,0.03659918,64
turning,cnn_ae,global_mae,2inchStickout_F_08-Jun-2017_rpm320_doc0p005_window_0002,2inchStickout/F_08-Jun-2017_rpm320_doc0p005,train,42,4,cv_evaluation,no_chatter,0,0.03664105,64
turning,cnn_ae,global_mae,2inchStickout_F_08-Jun-2017_rpm320_doc0p005_window_0003,2inchStickout/F_08-Jun-2017_rpm320_doc0p005,train,42,4,cv_evaluation,no_chatter,0,0.03659655,64
turning,cnn_ae,global_mae,2inchStickout_F_08-Jun-2017_rpm320_doc0p005_window_0004,2inchStickout/F_08-Jun-2017_rpm320_doc0p005,train,42,4,cv_evaluation,no_chatter,0,0.03639442,64
turning,cnn_ae,global_mae,2inchStickout_F_08-Jun-2017_rpm320_doc0p005_window_0005,2inchStickout/F_08-Jun-2017_rpm320_doc0p005,validation,42,4,cv_evaluation,no_chatter,0,0.050546236,64
turning,cnn_ae,global_mae,2inchStickout_F_08-Jun-2017_rpm320_doc0p005_window_0006,2inchStickout/F_08-Jun-2017_rpm320_doc0p005,validation,42,4,cv_evaluation,chatter,1,0.07286728,64
turning,cnn_ae,global_mae,2inchStickout_F_08-Jun-2017_rpm320_doc0p005_window_0007,2inchStickout/F_08-Jun-2017_rpm320_doc0p005,validation,42,4,cv_evaluation,chatter,1,0.07690976,64
turning,cnn_ae,global_mae,2inchStickout_F_08-Jun-2017_rpm320_doc0p005_window_0008,2inchStickout/F_08-Jun-2017_rpm320_doc0p005,validation,42,4,cv_evaluation,chatter,1,0.07498884,64
turning,cnn_ae,global_mae,2inchStickout_F_08-Jun-2017_rpm320_doc0p005_window_0009,2inchStickout/F_08-Jun-2017_rpm320_doc0p005,validation,42,4,cv_evaluation,chatter,1,0.06165303,64
turning,cnn_ae,global_mae,2inchStickout_F_08-Jun-2017_rpm320_doc0p005_window_0010,2inchStickout/F_08-Jun-2017_rpm320_doc0p005,validation,42,4,cv_evaluation,chatter,1,0.050823588,64
turning,cnn_ae,global_mae,2inchStickout_F_08-Jun-2017_rpm320_doc0p005_window_0011,2inchStickout/F_08-Jun-2017_rpm320_doc0p005,validation,42,4,cv_evaluation,chatter,1,0.047161832,64
turning,cnn_ae,global_mae,2inchStickout_F_08-Jun-2017_rpm320_doc0p005_window_0012,2inchStickout/F_08-Jun-2017_rpm320_doc0p005,train,42,4,cv_evaluation,no_chatter,0,0.039768316,64
turning,cnn_ae,global_mae,2inchStickout_F_08-Jun-2017_rpm320_doc0p005_window_0013,2inchStickout/F_08-Jun-2017_rpm320_doc0p005,train,42,4,cv_evaluation,no_chatter,0,0.031238796,64
turning,cnn_ae,global_mae,2inchStickout_F_08-Jun-2017_rpm320_doc0p005_window_0014,2inchStickout/F_08-Jun-2017_rpm320_doc0p005,train,42,4,cv_evaluation,no_chatter,0,0.030702876,64
turning,cnn_ae,global_mae,2inchStickout_F_08-Jun-2017_rpm320_doc0p005_window_0015,2inchStickout/F_08-Jun-2017_rpm320_doc0p005,train,42,4,cv_evaluation,no_chatter,0,0.029898122,64
turning,cnn_ae,global_mae,2inchStickout_F_08-Jun-2017_rpm320_doc0p005_window_0016,2inchStickout/F_08-Jun-2017_rpm320_doc0p005,train,42,4,cv_evaluation,no_chatter,0,0.030147951,64
turning,cnn_ae,global_mae,2inchStickout_F_08-Jun-2017_rpm320_doc0p005_window_0017,2inchStickout/F_08-Jun-2017_rpm320_doc0p005,train,42,4,cv_evaluation,no_chatter,0,0.029824542,64
turning,cnn_ae,global_mae,2inchStickout_F_08-Jun-2017_rpm320_doc0p005_window_0018,2inchStickout/F_08-Jun-2017_rpm320_doc0p005,train,42,4,cv_evaluation,no_chatter,0,0.028945424,64
turning,cnn_ae,global_mae,2inchStickout_F_08-Jun-2017_rpm320_doc0p005_window_0019,2inchStickout/F_08-Jun-2017_rpm320_doc0p005,train,42,4,cv_evaluation,no_chatter,0,0.02772417,64
turning,cnn_ae,global_mae,2inchStickout_F_08-Jun-2017_rpm320_doc0p005_window_0020,2inchStickout/F_08-Jun-2017_rpm320_doc0p005,train,42,4,cv_evaluation,no_chatter,0,0.027543137,64
turning,cnn_ae,global_mae,2inchStickout_F_08-Jun-2017_rpm320_doc0p005_window_0021,2inchStickout/F_08-Jun-2017_rpm320_doc0p005,train,42,4,cv_evaluation,no_chatter,0,0.03809577,64
turning,cnn_ae,global_mae,2inchStickout_F_08-Jun-2017_rpm320_doc0p005_window_0022,2inchStickout/F_08-Jun-2017_rpm320_doc0p005,train,42,4,cv_evaluation,no_chatter,0,0.054712314,64
turning,cnn_ae,global_mae,2inchStickout_F_08-Jun-2017_rpm320_doc0p005_window_0023,2inchStickout/F_08-Jun-2017_rpm320_doc0p005,train,42,4,cv_evaluation,no_chatter,0,0.046440095,64
turning,cnn_ae,global_mae,2inchStickout_F_08-Jun-2017_rpm320_doc0p030_window_0000,2inchStickout/F_08-Jun-2017_rpm320_doc0p030,train,42,4,cv_evaluation,no_chatter,0,0.03625535,64
turning,cnn_ae,global_mae,2inchStickout_F_08-Jun-2017_rpm320_doc0p030_window_0001,2inchStickout/F_08-Jun-2017_rpm320_doc0p030,train,42,4,cv_evaluation,no_chatter,0,0.0362421,64
turning,cnn_ae,global_mae,2inchStickout_F_08-Jun-2017_rpm320_doc0p030_window_0002,2inchStickout/F_08-Jun-2017_rpm320_doc0p030,train,42,4,cv_evaluation,no_chatter,0,0.036251623,64
turning,cnn_ae,global_mae,2inchStickout_F_08-Jun-2017_rpm320_doc0p030_window_0003,2inchStickout/F_08-Jun-2017_rpm320_doc0p030,train,42,4,cv_evaluation,no_chatter,0,0.03425977,64
turning,cnn_ae,global_mae,2inchStickout_F_08-Jun-2017_rpm320_doc0p030_window_0004,2inchStickout/F_08-Jun-2017_rpm320_doc0p030,train,42,4,cv_evaluation,no_chatter,0,0.026247239,64
turning,cnn_ae,global_mae,2inchStickout_F_08-Jun-2017_rpm320_doc0p030_window_0005,2inchStickout/F_08-Jun-2017_rpm320_doc0p030,train,42,4,cv_evaluation,no_chatter,0,0.021818599,64
turning,cnn_ae,global_mae,2inchStickout_F_08-Jun-2017_rpm320_doc0p030_window_0006,2inchStickout/F_08-Jun-2017_rpm320_doc0p030,train,42,4,cv_evaluation,no_chatter,0,0.022349652,64
turning,cnn_ae,global_mae,2inchStickout_F_08-Jun-2017_rpm320_doc0p030_window_0007,2inchStickout/F_08-Jun-2017_rpm320_doc0p030,train,42,4,cv_evaluation,no_chatter,0,0.022683699,64
turning,cnn_ae,global_mae,2inchStickout_F_08-Jun-2017_rpm320_doc0p030_window_0008,2inchStickout/F_08-Jun-2017_rpm320_doc0p030,train,42,4,cv_evaluation,no_chatter,0,0.022355996,64
turning,cnn_ae,global_mae,2inchStickout_F_08-Jun-2017_rpm320_doc0p030_window_0009,2inchStickout/F_08-Jun-2017_rpm320_doc0p030,train,42,4,cv_evaluation,no_chatter,0,0.02166393,64
turning,cnn_ae,global_mae,2inchStickout_F_08-Jun-2017_rpm320_doc0p030_window_0010,2inchStickout/F_08-Jun-2017_rpm320_doc0p030,train,42,4,cv_evaluation,no_chatter,0,0.021512324,64
turning,cnn_ae,global_mae,2inchStickout_F_08-Jun-2017_rpm320_doc0p030_window_0011,2inchStickout/F_08-Jun-2017_rpm320_doc0p030,validation,42,4,cv_evaluation,no_chatter,0,0.021883361,64
turning,cnn_ae,global_mae,2inchStickout_F_08-Jun-2017_rpm320_doc0p030_window_0012,2inchStickout/F_08-Jun-2017_rpm320_doc0p030,validation,42,4,cv_evaluation,no_chatter,0,0.020622164,64
turning,cnn_ae,global_mae,2inchStickout_F_08-Jun-2017_rpm320_doc0p030_window_0013,2inchStickout/F_08-Jun-2017_rpm320_doc0p030,train,42,4,cv_evaluation,no_chatter,0,0.021051327,64
turning,cnn_ae,global_mae,2inchStickout_F_08-Jun-2017_rpm320_doc0p030_window_0014,2inchStickout/F_08-Jun-2017_rpm320_doc0p030,train,42,4,cv_evaluation,no_chatter,0,0.027321892,64
turning,cnn_ae,global_mae,2inchStickout_F_08-Jun-2017_rpm320_doc0p030_window_0015,2inchStickout/F_08-Jun-2017_rpm320_doc0p030,train,42,4,cv_evaluation,no_chatter,0,0.025100244,64
turning,cnn_ae,global_mae,2inchStickout_F_08-Jun-2017_rpm320_doc0p030_window_0016,2inchStickout/F_08-Jun-2017_rpm320_doc0p030,train,42,4,cv_evaluation,no_chatter,0,0.024051834,64
turning,cnn_ae,global_mae,2inchStickout_F_08-Jun-2017_rpm320_doc0p030_window_0017,2inchStickout/F_08-Jun-2017_rpm320_doc0p030,train,42,4,cv_evaluation,no_chatter,0,0.027806185,64
turning,cnn_ae,global_mae,2inchStickout_F_08-Jun-2017_rpm320_doc0p030_window_0018,2inchStickout/F_08-Jun-2017_rpm320_doc0p030,train,42,4,cv_evaluation,no_chatter,0,0.027040442,64
turning,cnn_ae,global_mae,2inchStickout_F_08-Jun-2017_rpm320_doc0p030_window_0019,2inchStickout/F_08-Jun-2017_rpm320_doc0p030,validation,42,4,cv_evaluation,no_chatter,0,0.03186575,64
turning,cnn_ae,global_mae,2inchStickout_F_08-Jun-2017_rpm320_doc0p030_window_0020,2inchStickout/F_08-Jun-2017_rpm320_doc0p030,validation,42,4,cv_evaluation,no_chatter,0,0.034236442,64
turning,cnn_ae,global_mae,2inchStickout_F_08-Jun-2017_rpm320_doc0p030_window_0021,2inchStickout/F_08-Jun-2017_rpm320_doc0p030,train,42,4,cv_evaluation,no_chatter,0,0.032554314,64
turning,cnn_ae,global_mae,2inchStickout_F_08-Jun-2017_rpm320_doc0p030_window_0022,2inchStickout/F_08-Jun-2017_rpm320_doc0p030,train,42,4,cv_evaluation,no_chatter,0,0.038278554,64
turning,cnn_ae,global_mae,2inchStickout_F_08-Jun-2017_rpm320_doc0p030_window_0023,2inchStickout/F_08-Jun-2017_rpm320_doc0p030,train,42,4,cv_evaluation,no_chatter,0,0.039661612,64
turning,cnn_ae,global_mae,2inchStickout_F_08-Jun-2017_rpm425_doc0p017_window_0000,2inchStickout/F_08-Jun-2017_rpm425_doc0p017,train,42,4,cv_evaluation,no_chatter,0,0.036406636,64
turning,cnn_ae,global_mae,2inchStickout_F_08-Jun-2017_rpm425_doc0p017_window_0001,2inchStickout/F_08-Jun-2017_rpm425_doc0p017,train,42,4,cv_evaluation,no_chatter,0,0.035303287,64
turning,cnn_ae,global_mae,2inchStickout_F_08-Jun-2017_rpm425_doc0p017_window_0002,2inchStickout/F_08-Jun-2017_rpm425_doc0p017,validation,42,4,cv_evaluation,no_chatter,0,0.026317682,64
turning,cnn_ae,global_mae,2inchStickout_F_08-Jun-2017_rpm425_doc0p017_window_0003,2inchStickout/F_08-Jun-2017_rpm425_doc0p017,validation,42,4,cv_evaluation,no_chatter,0,0.02976856,64
turning,cnn_ae,global_mae,2inchStickout_F_08-Jun-2017_rpm425_doc0p017_window_0004,2inchStickout/F_08-Jun-2017_rpm425_doc0p017,validation,42,4,cv_evaluation,no_chatter,0,0.045071106,64
turning,cnn_ae,global_mae,2inchStickout_F_08-Jun-2017_rpm425_doc0p017_window_0005,2inchStickout/F_08-Jun-2017_rpm425_doc0p017,validation,42,4,cv_evaluation,no_chatter,0,0.04227806,64
turning,cnn_ae,global_mae,2inchStickout_F_08-Jun-2017_rpm425_doc0p017_window_0006,2inchStickout/F_08-Jun-2017_rpm425_doc0p017,train,42,4,cv_evaluation,no_chatter,0,0.031241344,64
turning,cnn_ae,global_mae,2inchStickout_F_08-Jun-2017_rpm425_doc0p017_window_0007,2inchStickout/F_08-Jun-2017_rpm425_doc0p017,train,42,4,cv_evaluation,no_chatter,0,0.05364017,64
turning,cnn_ae,global_mae,2inchStickout_F_08-Jun-2017_rpm570_doc0p010_window_0000,2inchStickout/F_08-Jun-2017_rpm570_doc0p010,test,42,4,cv_evaluation,no_chatter,0,0.03616785,64
turning,cnn_ae,global_mae,2inchStickout_F_08-Jun-2017_rpm570_doc0p010_window_0001,2inchStickout/F_08-Jun-2017_rpm570_doc0p010,test,42,4,cv_evaluation,no_chatter,0,0.032208685,64
turning,cnn_ae,global_mae,2inchStickout_F_08-Jun-2017_rpm570_doc0p010_window_0002,2inchStickout/F_08-Jun-2017_rpm570_doc0p010,test,42,4,cv_evaluation,chatter,1,0.091287956,64
turning,cnn_ae,global_mae,2inchStickout_F_08-Jun-2017_rpm570_doc0p010_window_0003,2inchStickout/F_08-Jun-2017_rpm570_doc0p010,test,42,4,cv_evaluation,chatter,1,0.09133503,64
turning,cnn_ae,global_mae,2inchStickout_F_08-Jun-2017_rpm570_doc0p010_window_0004,2inchStickout/F_08-Jun-2017_rpm570_doc0p010,test,42,4,cv_evaluation,chatter,1,0.111631796,64
turning,cnn_ae,global_mae,2inchStickout_F_08-Jun-2017_rpm570_doc0p010_window_0005,2inchStickout/F_08-Jun-2017_rpm570_doc0p010,test,42,4,cv_evaluation,chatter,1,0.12512779,64
turning,cnn_ae,global_mae,2inchStickout_F_08-Jun-2017_rpm770_doc0p002_window_0000,2inchStickout/F_08-Jun-2017_rpm770_doc0p002,train,42,4,cv_evaluation,no_chatter,0,0.035855856,64
turning,cnn_ae,global_mae,2inchStickout_F_08-Jun-2017_rpm770_doc0p002_window_0001,2inchStickout/F_08-Jun-2017_rpm770_doc0p002,validation,42,4,cv_evaluation,chatter,1,0.07229721,64
turning,cnn_ae,global_mae,2inchStickout_F_08-Jun-2017_rpm770_doc0p002_window_0002,2inchStickout/F_08-Jun-2017_rpm770_doc0p002,validation,42,4,cv_evaluation,chatter,1,0.14932795,64
turning,cnn_ae,global_mae,2inchStickout_F_08-Jun-2017_rpm770_doc0p002_window_0003,2inchStickout/F_08-Jun-2017_rpm770_doc0p002,train,42,4,cv_evaluation,no_chatter,0,0.08572242,64
turning,cnn_ae,global_mae,2inchStickout_F_08-Jun-2017_rpm770_doc0p002_window_0004,2inchStickout/F_08-Jun-2017_rpm770_doc0p002,validation,42,4,cv_evaluation,chatter,1,0.075566866,64
turning,cnn_ae,global_mae,2inchStickout_F_08-Jun-2017_rpm770_doc0p002_window_0005,2inchStickout/F_08-Jun-2017_rpm770_doc0p002,train,42,4,cv_evaluation,no_chatter,0,0.07755797,64
turning,cnn_ae,global_mae,2inchStickout_F_08-Jun-2017_rpm770_doc0p002_window_0006,2inchStickout/F_08-Jun-2017_rpm770_doc0p002,train,42,4,cv_evaluation,no_chatter,0,0.13393043,64
turning,cnn_ae,global_mae,2inchStickout_F_08-Jun-2017_rpm770_doc0p002_window_0007,2inchStickout/F_08-Jun-2017_rpm770_doc0p002,validation,42,4,cv_evaluation,chatter,1,0.10397953,64
turning,cnn_ae,global_mae,2p5inchStickout_F_12-Jun-2017_rpm570_doc0p005_window_0000,2p5inchStickout/F_12-Jun-2017_rpm570_doc0p005,test,42,4,cv_evaluation,no_chatter,0,0.037261378,64
turning,cnn_ae,global_mae,2p5inchStickout_F_12-Jun-2017_rpm570_doc0p005_window_0001,2p5inchStickout/F_12-Jun-2017_rpm570_doc0p005,train,42,4,cv_evaluation,no_chatter,0,0.034509942,64
turning,cnn_ae,global_mae,2p5inchStickout_F_12-Jun-2017_rpm570_doc0p005_window_0002,2p5inchStickout/F_12-Jun-2017_rpm570_doc0p005,train,42,4,cv_evaluation,no_chatter,0,0.037852537,64
turning,cnn_ae,global_mae,2p5inchStickout_F_12-Jun-2017_rpm570_doc0p005_window_0003,2p5inchStickout/F_12-Jun-2017_rpm570_doc0p005,train,42,4,cv_evaluation,no_chatter,0,0.041157767,64
turning,cnn_ae,global_mae,2p5inchStickout_F_12-Jun-2017_rpm570_doc0p005_window_0004,2p5inchStickout/F_12-Jun-2017_rpm570_doc0p005,test,42,4,cv_evaluation,no_chatter,0,0.05561432,64
turning,cnn_ae,global_mae,2p5inchStickout_F_12-Jun-2017_rpm570_doc0p005_window_0005,2p5inchStickout/F_12-Jun-2017_rpm570_doc0p005,train,42,4,cv_evaluation,no_chatter,0,0.06130154,64
turning,cnn_ae,global_mae,2p5inchStickout_F_12-Jun-2017_rpm570_doc0p005_window_0006,2p5inchStickout/F_12-Jun-2017_rpm570_doc0p005,train,42,4,cv_evaluation,no_chatter,0,0.039584022,64
turning,cnn_ae,global_mae,2p5inchStickout_F_12-Jun-2017_rpm570_doc0p005_window_0007,2p5inchStickout/F_12-Jun-2017_rpm570_doc0p005,train,42,4,cv_evaluation,no_chatter,0,0.038274124,64
turning,cnn_ae,global_mae,2p5inchStickout_F_12-Jun-2017_rpm570_doc0p005_window_0008,2p5inchStickout/F_12-Jun-2017_rpm570_doc0p005,test,42,4,cv_evaluation,no_chatter,0,0.049203098,64
turning,cnn_ae,global_mae,2p5inchStickout_F_12-Jun-2017_rpm570_doc0p005_window_0009,2p5inchStickout/F_12-Jun-2017_rpm570_doc0p005,train,42,4,cv_evaluation,no_chatter,0,0.054066624,64
turning,cnn_ae,global_mae,2p5inchStickout_F_12-Jun-2017_rpm570_doc0p010_window_0000,2p5inchStickout/F_12-Jun-2017_rpm570_doc0p010,train,42,4,cv_evaluation,no_chatter,0,0.03520699,64
turning,cnn_ae,global_mae,2p5inchStickout_F_12-Jun-2017_rpm570_doc0p010_window_0001,2p5inchStickout/F_12-Jun-2017_rpm570_doc0p010,train,42,4,cv_evaluation,no_chatter,0,0.042304724,64
turning,cnn_ae,global_mae,2p5inchStickout_F_12-Jun-2017_rpm570_doc0p010_window_0002,2p5inchStickout/F_12-Jun-2017_rpm570_doc0p010,train,42,4,cv_evaluation,no_chatter,0,0.045018516,64
turning,cnn_ae,global_mae,2p5inchStickout_F_12-Jun-2017_rpm570_doc0p010_window_0003,2p5inchStickout/F_12-Jun-2017_rpm570_doc0p010,test,42,4,cv_evaluation,no_chatter,0,0.04492551,64
turning,cnn_ae,global_mae,2p5inchStickout_F_12-Jun-2017_rpm570_doc0p010_window_0004,2p5inchStickout/F_12-Jun-2017_rpm570_doc0p010,train,42,4,cv_evaluation,no_chatter,0,0.04331898,64
turning,cnn_ae,global_mae,2p5inchStickout_F_12-Jun-2017_rpm570_doc0p010_window_0005,2p5inchStickout/F_12-Jun-2017_rpm570_doc0p010,train,42,4,cv_evaluation,no_chatter,0,0.04615933,64
turning,cnn_ae,global_mae,2p5inchStickout_F_12-Jun-2017_rpm570_doc0p010_window_0006,2p5inchStickout/F_12-Jun-2017_rpm570_doc0p010,test,42,4,cv_evaluation,no_chatter,0,0.050627816,64
turning,cnn_ae,global_mae,2p5inchStickout_F_12-Jun-2017_rpm570_doc0p010_window_0007,2p5inchStickout/F_12-Jun-2017_rpm570_doc0p010,train,42,4,cv_evaluation,no_chatter,0,0.038080208,64
turning,cnn_ae,global_mae,2p5inchStickout_F_12-Jun-2017_rpm570_doc0p010_window_0008,2p5inchStickout/F_12-Jun-2017_rpm570_doc0p010,train,42,4,cv_evaluation,no_chatter,0,0.03826033,64
turning,cnn_ae,global_mae,2p5inchStickout_F_12-Jun-2017_rpm570_doc0p010_window_0009,2p5inchStickout/F_12-Jun-2017_rpm570_doc0p010,test,42,4,cv_evaluation,no_chatter,0,0.043797564,64
turning,cnn_ae,global_mae,3p5inchStickout_F_14-Jun-2017_rpm770_doc0p005_window_0000,3p5inchStickout/F_14-Jun-2017_rpm770_doc0p005,validation,42,4,cv_evaluation,no_chatter,0,0.03908833,64
turning,cnn_ae,global_mae,3p5inchStickout_F_14-Jun-2017_rpm770_doc0p005_window_0001,3p5inchStickout/F_14-Jun-2017_rpm770_doc0p005,train,42,4,cv_evaluation,no_chatter,0,0.038095705,64
turning,cnn_ae,global_mae,3p5inchStickout_F_14-Jun-2017_rpm770_doc0p005_window_0002,3p5inchStickout/F_14-Jun-2017_rpm770_doc0p005,train,42,4,cv_evaluation,no_chatter,0,0.050915614,64
turning,cnn_ae,global_mae,3p5inchStickout_F_14-Jun-2017_rpm770_doc0p005_window_0003,3p5inchStickout/F_14-Jun-2017_rpm770_doc0p005,train,42,4,cv_evaluation,no_chatter,0,0.06499041,64
turning,cnn_ae,global_mae,4p5inchStickout_F_12-Jun-2017_rpm570_doc0p015_window_0000,4p5inchStickout/F_12-Jun-2017_rpm570_doc0p015,train,42,4,cv_evaluation,no_chatter,0,0.040548477,64
turning,cnn_ae,global_mae,4p5inchStickout_F_12-Jun-2017_rpm570_doc0p015_window_0001,4p5inchStickout/F_12-Jun-2017_rpm570_doc0p015,train,42,4,cv_evaluation,no_chatter,0,0.040387638,64
turning,cnn_ae,global_mae,4p5inchStickout_F_12-Jun-2017_rpm570_doc0p015_window_0002,4p5inchStickout/F_12-Jun-2017_rpm570_doc0p015,train,42,4,cv_evaluation,no_chatter,0,0.040364962,64
turning,cnn_ae,global_mae,4p5inchStickout_F_12-Jun-2017_rpm570_doc0p015_window_0003,4p5inchStickout/F_12-Jun-2017_rpm570_doc0p015,train,42,4,cv_evaluation,no_chatter,0,0.04049599,64
turning,cnn_ae,global_mae,4p5inchStickout_F_12-Jun-2017_rpm570_doc0p015_window_0004,4p5inchStickout/F_12-Jun-2017_rpm570_doc0p015,train,42,4,cv_evaluation,no_chatter,0,0.039587162,64
turning,cnn_ae,global_mae,4p5inchStickout_F_12-Jun-2017_rpm570_doc0p015_window_0005,4p5inchStickout/F_12-Jun-2017_rpm570_doc0p015,train,42,4,cv_evaluation,no_chatter,0,0.038256485,64
turning,cnn_ae,global_mae,4p5inchStickout_F_12-Jun-2017_rpm570_doc0p015_window_0006,4p5inchStickout/F_12-Jun-2017_rpm570_doc0p015,train,42,4,cv_evaluation,no_chatter,0,0.037918516,64
turning,cnn_ae,global_mae,4p5inchStickout_F_12-Jun-2017_rpm570_doc0p015_window_0007,4p5inchStickout/F_12-Jun-2017_rpm570_doc0p015,train,42,4,cv_evaluation,no_chatter,0,0.03873945,64
turning,cnn_ae,global_mae,4p5inchStickout_F_12-Jun-2017_rpm570_doc0p015_window_0008,4p5inchStickout/F_12-Jun-2017_rpm570_doc0p015,train,42,4,cv_evaluation,no_chatter,0,0.038273428,64
turning,cnn_ae,global_mae,4p5inchStickout_F_12-Jun-2017_rpm570_doc0p015_window_0009,4p5inchStickout/F_12-Jun-2017_rpm570_doc0p015,train,42,4,cv_evaluation,no_chatter,0,0.04535562,64
turning,cnn_ae,global_mae,4p5inchStickout_F_12-Jun-2017_rpm570_doc0p015_window_0010,4p5inchStickout/F_12-Jun-2017_rpm570_doc0p015,train,42,4,cv_evaluation,no_chatter,0,0.04376058,64
turning,cnn_ae,global_mae,4p5inchStickout_F_12-Jun-2017_rpm570_doc0p015_window_0011,4p5inchStickout/F_12-Jun-2017_rpm570_doc0p015,train,42,4,cv_evaluation,no_chatter,0,0.042234216,64
turning,cnn_ae,global_mae,4p5inchStickout_F_12-Jun-2017_rpm570_doc0p025_window_0000,4p5inchStickout/F_12-Jun-2017_rpm570_doc0p025,train,42,4,cv_evaluation,no_chatter,0,0.040715553,64
turning,cnn_ae,global_mae,4p5inchStickout_F_12-Jun-2017_rpm570_doc0p025_window_0001,4p5inchStickout/F_12-Jun-2017_rpm570_doc0p025,train,42,4,cv_evaluation,no_chatter,0,0.04065702,64
turning,cnn_ae,global_mae,4p5inchStickout_F_12-Jun-2017_rpm570_doc0p025_window_0002,4p5inchStickout/F_12-Jun-2017_rpm570_doc0p025,train,42,4,cv_evaluation,no_chatter,0,0.04061894,64
turning,cnn_ae,global_mae,4p5inchStickout_F_12-Jun-2017_rpm570_doc0p025_window_0003,4p5inchStickout/F_12-Jun-2017_rpm570_doc0p025,train,42,4,cv_evaluation,no_chatter,0,0.0404846,64
turning,cnn_ae,global_mae,4p5inchStickout_F_12-Jun-2017_rpm570_doc0p025_window_0004,4p5inchStickout/F_12-Jun-2017_rpm570_doc0p025,train,42,4,cv_evaluation,no_chatter,0,0.038048953,64
turning,cnn_ae,global_mae,4p5inchStickout_F_12-Jun-2017_rpm570_doc0p025_window_0005,4p5inchStickout/F_12-Jun-2017_rpm570_doc0p025,train,42,4,cv_evaluation,no_chatter,0,0.038765505,64
turning,cnn_ae,global_mae,4p5inchStickout_F_12-Jun-2017_rpm570_doc0p025_window_0006,4p5inchStickout/F_12-Jun-2017_rpm570_doc0p025,test,42,4,cv_evaluation,no_chatter,0,0.039302304,64
turning,cnn_ae,global_mae,4p5inchStickout_F_12-Jun-2017_rpm570_doc0p025_window_0007,4p5inchStickout/F_12-Jun-2017_rpm570_doc0p025,train,42,4,cv_evaluation,no_chatter,0,0.04051485,64
turning,cnn_ae,global_mae,4p5inchStickout_F_12-Jun-2017_rpm570_doc0p025_window_0008,4p5inchStickout/F_12-Jun-2017_rpm570_doc0p025,train,42,4,cv_evaluation,no_chatter,0,0.042059217,64
turning,cnn_ae,global_mae,4p5inchStickout_F_12-Jun-2017_rpm570_doc0p025_window_0009,4p5inchStickout/F_12-Jun-2017_rpm570_doc0p025,train,42,4,cv_evaluation,no_chatter,0,0.053232368,64
turning,cnn_ae,global_mae,4p5inchStickout_F_12-Jun-2017_rpm570_doc0p025_window_0010,4p5inchStickout/F_12-Jun-2017_rpm570_doc0p025,train,42,4,cv_evaluation,no_chatter,0,0.052380905,64
turning,cnn_ae,global_mae,4p5inchStickout_F_12-Jun-2017_rpm570_doc0p025_window_0011,4p5inchStickout/F_12-Jun-2017_rpm570_doc0p025,train,42,4,cv_evaluation,no_chatter,0,0.05048802,64
turning,cnn_ae,global_mae,4p5inchStickout_F_13-Jun-2017_rpm1030_doc0p010_window_0000,4p5inchStickout/F_13-Jun-2017_rpm1030_doc0p010,train,42,4,cv_evaluation,no_chatter,0,0.04086241,64
turning,cnn_ae,global_mae,4p5inchStickout_F_13-Jun-2017_rpm1030_doc0p010_window_0001,4p5inchStickout/F_13-Jun-2017_rpm1030_doc0p010,test,42,4,cv_evaluation,no_chatter,0,0.05897366,64
turning,cnn_ae,global_mae,4p5inchStickout_F_13-Jun-2017_rpm1030_doc0p010_window_0002,4p5inchStickout/F_13-Jun-2017_rpm1030_doc0p010,train,42,4,cv_evaluation,no_chatter,0,0.062099792,64
turning,cnn_ae,global_mae,4p5inchStickout_F_13-Jun-2017_rpm1030_doc0p010_window_0003,4p5inchStickout/F_13-Jun-2017_rpm1030_doc0p010,train,42,4,cv_evaluation,no_chatter,0,0.061755948,64
turning,cnn_ae,global_mae,4p5inchStickout_F_13-Jun-2017_rpm1030_doc0p013_window_0000,4p5inchStickout/F_13-Jun-2017_rpm1030_doc0p013,test,42,4,cv_evaluation,no_chatter,0,0.040943906,64
turning,cnn_ae,global_mae,4p5inchStickout_F_13-Jun-2017_rpm1030_doc0p013_window_0001,4p5inchStickout/F_13-Jun-2017_rpm1030_doc0p013,train,42,4,cv_evaluation,no_chatter,0,0.054465342,64
turning,cnn_ae,global_mae,4p5inchStickout_F_13-Jun-2017_rpm1030_doc0p013_window_0002,4p5inchStickout/F_13-Jun-2017_rpm1030_doc0p013,test,42,4,cv_evaluation,no_chatter,0,0.065883875,64
turning,cnn_ae,global_mae,4p5inchStickout_F_13-Jun-2017_rpm1030_doc0p013_window_0003,4p5inchStickout/F_13-Jun-2017_rpm1030_doc0p013,train,42,4,cv_evaluation,no_chatter,0,0.064287715,64
turning,cnn_ae,global_mae,4p5inchStickout_F_13-Jun-2017_rpm770_doc0p020_window_0000,4p5inchStickout/F_13-Jun-2017_rpm770_doc0p020,train,42,4,cv_evaluation,no_chatter,0,0.040636834,64
turning,cnn_ae,global_mae,4p5inchStickout_F_13-Jun-2017_rpm770_doc0p020_window_0001,4p5inchStickout/F_13-Jun-2017_rpm770_doc0p020,train,42,4,cv_evaluation,no_chatter,0,0.039219763,64
turning,cnn_ae,global_mae,4p5inchStickout_F_13-Jun-2017_rpm770_doc0p020_window_0002,4p5inchStickout/F_13-Jun-2017_rpm770_doc0p020,test,42,4,cv_evaluation,no_chatter,0,0.042313177,64
turning,cnn_ae,global_mae,4p5inchStickout_F_13-Jun-2017_rpm770_doc0p020_window_0003,4p5inchStickout/F_13-Jun-2017_rpm770_doc0p020,train,42,4,cv_evaluation,no_chatter,0,0.05790712,64
turning,cnn_ae,global_mae,4p5inchStickout_F_13-Jun-2017_rpm770_doc0p020_window_0004,4p5inchStickout/F_13-Jun-2017_rpm770_doc0p020,train,42,4,cv_evaluation,no_chatter,0,0.05544226,64
turning,cnn_ae,global_mae,4p5inchStickout_F_13-Jun-2017_rpm770_doc0p020_window_0005,4p5inchStickout/F_13-Jun-2017_rpm770_doc0p020,train,42,4,cv_evaluation,no_chatter,0,0.060900174,64
turning,cnn_ae,ver_max,2inchStickout_F_08-Jun-2017_rpm320_doc0p005_window_0000,2inchStickout/F_08-Jun-2017_rpm320_doc0p005,train,42,4,cv_evaluation,no_chatter,0,0.0030264638,64
turning,cnn_ae,ver_max,2inchStickout_F_08-Jun-2017_rpm320_doc0p005_window_0001,2inchStickout/F_08-Jun-2017_rpm320_doc0p005,train,42,4,cv_evaluation,no_chatter,0,0.0029894672,64
turning,cnn_ae,ver_max,2inchStickout_F_08-Jun-2017_rpm320_doc0p005_window_0002,2inchStickout/F_08-Jun-2017_rpm320_doc0p005,train,42,4,cv_evaluation,no_chatter,0,0.002971875,64
turning,cnn_ae,ver_max,2inchStickout_F_08-Jun-2017_rpm320_doc0p005_window_0003,2inchStickout/F_08-Jun-2017_rpm320_doc0p005,train,42,4,cv_evaluation,no_chatter,0,0.0029759277,64
turning,cnn_ae,ver_max,2inchStickout_F_08-Jun-2017_rpm320_doc0p005_window_0004,2inchStickout/F_08-Jun-2017_rpm320_doc0p005,train,42,4,cv_evaluation,no_chatter,0,0.0029259445,64
turning,cnn_ae,ver_max,2inchStickout_F_08-Jun-2017_rpm320_doc0p005_window_0005,2inchStickout/F_08-Jun-2017_rpm320_doc0p005,validation,42,4,cv_evaluation,no_chatter,0,0.018483229,64
turning,cnn_ae,ver_max,2inchStickout_F_08-Jun-2017_rpm320_doc0p005_window_0006,2inchStickout/F_08-Jun-2017_rpm320_doc0p005,validation,42,4,cv_evaluation,chatter,1,0.022708781,64
turning,cnn_ae,ver_max,2inchStickout_F_08-Jun-2017_rpm320_doc0p005_window_0007,2inchStickout/F_08-Jun-2017_rpm320_doc0p005,validation,42,4,cv_evaluation,chatter,1,0.024296,64
turning,cnn_ae,ver_max,2inchStickout_F_08-Jun-2017_rpm320_doc0p005_window_0008,2inchStickout/F_08-Jun-2017_rpm320_doc0p005,validation,42,4,cv_evaluation,chatter,1,0.023523755,64
turning,cnn_ae,ver_max,2inchStickout_F_08-Jun-2017_rpm320_doc0p005_window_0009,2inchStickout/F_08-Jun-2017_rpm320_doc0p005,validation,42,4,cv_evaluation,chatter,1,0.021999853,64
turning,cnn_ae,ver_max,2inchStickout_F_08-Jun-2017_rpm320_doc0p005_window_0010,2inchStickout/F_08-Jun-2017_rpm320_doc0p005,validation,42,4,cv_evaluation,chatter,1,0.01592024,64
turning,cnn_ae,ver_max,2inchStickout_F_08-Jun-2017_rpm320_doc0p005_window_0011,2inchStickout/F_08-Jun-2017_rpm320_doc0p005,validation,42,4,cv_evaluation,chatter,1,0.011742115,64
turning,cnn_ae,ver_max,2inchStickout_F_08-Jun-2017_rpm320_doc0p005_window_0012,2inchStickout/F_08-Jun-2017_rpm320_doc0p005,train,42,4,cv_evaluation,no_chatter,0,0.0098895375,64
turning,cnn_ae,ver_max,2inchStickout_F_08-Jun-2017_rpm320_doc0p005_window_0013,2inchStickout/F_08-Jun-2017_rpm320_doc0p005,train,42,4,cv_evaluation,no_chatter,0,0.005151839,64
turning,cnn_ae,ver_max,2inchStickout_F_08-Jun-2017_rpm320_doc0p005_window_0014,2inchStickout/F_08-Jun-2017_rpm320_doc0p005,train,42,4,cv_evaluation,no_chatter,0,0.0023919072,64
turning,cnn_ae,ver_max,2inchStickout_F_08-Jun-2017_rpm320_doc0p005_window_0015,2inchStickout/F_08-Jun-2017_rpm320_doc0p005,train,42,4,cv_evaluation,no_chatter,0,0.002226736,64
turning,cnn_ae,ver_max,2inchStickout_F_08-Jun-2017_rpm320_doc0p005_window_0016,2inchStickout/F_08-Jun-2017_rpm320_doc0p005,train,42,4,cv_evaluation,no_chatter,0,0.0022951893,64
turning,cnn_ae,ver_max,2inchStickout_F_08-Jun-2017_rpm320_doc0p005_window_0017,2inchStickout/F_08-Jun-2017_rpm320_doc0p005,train,42,4,cv_evaluation,no_chatter,0,0.0022671071,64
turning,cnn_ae,ver_max,2inchStickout_F_08-Jun-2017_rpm320_doc0p005_window_0018,2inchStickout/F_08-Jun-2017_rpm320_doc0p005,train,42,4,cv_evaluation,no_chatter,0,0.0023365002,64
turning,cnn_ae,ver_max,2inchStickout_F_08-Jun-2017_rpm320_doc0p005_window_0019,2inchStickout/F_08-Jun-2017_rpm320_doc0p005,train,42,4,cv_evaluation,no_chatter,0,0.0022409519,64
turning,cnn_ae,ver_max,2inchStickout_F_08-Jun-2017_rpm320_doc0p005_window_0020,2inchStickout/F_08-Jun-2017_rpm320_doc0p005,train,42,4,cv_evaluation,no_chatter,0,0.002077583,64
turning,cnn_ae,ver_max,2inchStickout_F_08-Jun-2017_rpm320_doc0p005_window_0021,2inchStickout/F_08-Jun-2017_rpm320_doc0p005,train,42,4,cv_evaluation,no_chatter,0,0.010168881,64
turning,cnn_ae,ver_max,2inchStickout_F_08-Jun-2017_rpm320_doc0p005_window_0022,2inchStickout/F_08-Jun-2017_rpm320_doc0p005,train,42,4,cv_evaluation,no_chatter,0,0.012594163,64
turning,cnn_ae,ver_max,2inchStickout_F_08-Jun-2017_rpm320_doc0p005_window_0023,2inchStickout/F_08-Jun-2017_rpm320_doc0p005,train,42,4,cv_evaluation,no_chatter,0,0.008365341,64
turning,cnn_ae,ver_max,2inchStickout_F_08-Jun-2017_rpm320_doc0p030_window_0000,2inchStickout/F_08-Jun-2017_rpm320_doc0p030,train,42,4,cv_evaluation,no_chatter,0,0.0029523782,64
turning,cnn_ae,ver_max,2inchStickout_F_08-Jun-2017_rpm320_doc0p030_window_0001,2inchStickout/F_08-Jun-2017_rpm320_doc0p030,train,42,4,cv_evaluation,no_chatter,0,0.0029518157,64
turning,cnn_ae,ver_max,2inchStickout_F_08-Jun-2017_rpm320_doc0p030_window_0002,2inchStickout/F_08-Jun-2017_rpm320_doc0p030,train,42,4,cv_evaluation,no_chatter,0,0.0029547145,64
turning,cnn_ae,ver_max,2inchStickout_F_08-Jun-2017_rpm320_doc0p030_window_0003,2inchStickout/F_08-Jun-2017_rpm320_doc0p030,train,42,4,cv_evaluation,no_chatter,0,0.0034300536,64
turning,cnn_ae,ver_max,2inchStickout_F_08-Jun-2017_rpm320_doc0p030_window_0004,2inchStickout/F_08-Jun-2017_rpm320_doc0p030,train,42,4,cv_evaluation,no_chatter,0,0.0020354153,64
turning,cnn_ae,ver_max,2inchStickout_F_08-Jun-2017_rpm320_doc0p030_window_0005,2inchStickout/F_08-Jun-2017_rpm320_doc0p030,train,42,4,cv_evaluation,no_chatter,0,0.0011455509,64
turning,cnn_ae,ver_max,2inchStickout_F_08-Jun-2017_rpm320_doc0p030_window_0006,2inchStickout/F_08-Jun-2017_rpm320_doc0p030,train,42,4,cv_evaluation,no_chatter,0,0.0013641438,64
turning,cnn_ae,ver_max,2inchStickout_F_08-Jun-2017_rpm320_doc0p030_window_0007,2inchStickout/F_08-Jun-2017_rpm320_doc0p030,train,42,4,cv_evaluation,no_chatter,0,0.0018361437,64
turning,cnn_ae,ver_max,2inchStickout_F_08-Jun-2017_rpm320_doc0p030_window_0008,2inchStickout/F_08-Jun-2017_rpm320_doc0p030,train,42,4,cv_evaluation,no_chatter,0,0.0014075962,64
turning,cnn_ae,ver_max,2inchStickout_F_08-Jun-2017_rpm320_doc0p030_window_0009,2inchStickout/F_08-Jun-2017_rpm320_doc0p030,train,42,4,cv_evaluation,no_chatter,0,0.001267715,64
turning,cnn_ae,ver_max,2inchStickout_F_08-Jun-2017_rpm320_doc0p030_window_0010,2inchStickout/F_08-Jun-2017_rpm320_doc0p030,train,42,4,cv_evaluation,no_chatter,0,0.0013729552,64
turning,cnn_ae,ver_max,2inchStickout_F_08-Jun-2017_rpm320_doc0p030_window_0011,2inchStickout/F_08-Jun-2017_rpm320_doc0p030,validation,42,4,cv_evaluation,no_chatter,0,0.0018420304,64
turning,cnn_ae,ver_max,2inchStickout_F_08-Jun-2017_rpm320_doc0p030_window_0012,2inchStickout/F_08-Jun-2017_rpm320_doc0p030,validation,42,4,cv_evaluation,no_chatter,0,0.001114153,64
turning,cnn_ae,ver_max,2inchStickout_F_08-Jun-2017_rpm320_doc0p030_window_0013,2inchStickout/F_08-Jun-2017_rpm320_doc0p030,train,42,4,cv_evaluation,no_chatter,0,0.0016553373,64
turning,cnn_ae,ver_max,2inchStickout_F_08-Jun-2017_rpm320_doc0p030_window_0014,2inchStickout/F_08-Jun-2017_rpm320_doc0p030,train,42,4,cv_evaluation,no_chatter,0,0.0034653859,64
turning,cnn_ae,ver_max,2inchStickout_F_08-Jun-2017_rpm320_doc0p030_window_0015,2inchStickout/F_08-Jun-2017_rpm320_doc0p030,train,42,4,cv_evaluation,no_chatter,0,0.002560035,64
turning,cnn_ae,ver_max,2inchStickout_F_08-Jun-2017_rpm320_doc0p030_window_0016,2inchStickout/F_08-Jun-2017_rpm320_doc0p030,train,42,4,cv_evaluation,no_chatter,0,0.0020671103,64
turning,cnn_ae,ver_max,2inchStickout_F_08-Jun-2017_rpm320_doc0p030_window_0017,2inchStickout/F_08-Jun-2017_rpm320_doc0p030,train,42,4,cv_evaluation,no_chatter,0,0.0034148942,64
turning,cnn_ae,ver_max,2inchStickout_F_08-Jun-2017_rpm320_doc0p030_window_0018,2inchStickout/F_08-Jun-2017_rpm320_doc0p030,train,42,4,cv_evaluation,no_chatter,0,0.0030735407,64
turning,cnn_ae,ver_max,2inchStickout_F_08-Jun-2017_rpm320_doc0p030_window_0019,2inchStickout/F_08-Jun-2017_rpm320_doc0p030,validation,42,4,cv_evaluation,no_chatter,0,0.004627846,64
turning,cnn_ae,ver_max,2inchStickout_F_08-Jun-2017_rpm320_doc0p030_window_0020,2inchStickout/F_08-Jun-2017_rpm320_doc0p030,validation,42,4,cv_evaluation,no_chatter,0,0.006198975,64
turning,cnn_ae,ver_max,2inchStickout_F_08-Jun-2017_rpm320_doc0p030_window_0021,2inchStickout/F_08-Jun-2017_rpm320_doc0p030,train,42,4,cv_evaluation,no_chatter,0,0.0060332534,64
turning,cnn_ae,ver_max,2inchStickout_F_08-Jun-2017_rpm320_doc0p030_window_0022,2inchStickout/F_08-Jun-2017_rpm320_doc0p030,train,42,4,cv_evaluation,no_chatter,0,0.0067860843,64
turning,cnn_ae,ver_max,2inchStickout_F_08-Jun-2017_rpm320_doc0p030_window_0023,2inchStickout/F_08-Jun-2017_rpm320_doc0p030,train,42,4,cv_evaluation,no_chatter,0,0.0068645063,64
turning,cnn_ae,ver_max,2inchStickout_F_08-Jun-2017_rpm425_doc0p017_window_0000,2inchStickout/F_08-Jun-2017_rpm425_doc0p017,train,42,4,cv_evaluation,no_chatter,0,0.0029621553,64
turning,cnn_ae,ver_max,2inchStickout_F_08-Jun-2017_rpm425_doc0p017_window_0001,2inchStickout/F_08-Jun-2017_rpm425_doc0p017,train,42,4,cv_evaluation,no_chatter,0,0.0028010288,64
turning,cnn_ae,ver_max,2inchStickout_F_08-Jun-2017_rpm425_doc0p017_window_0002,2inchStickout/F_08-Jun-2017_rpm425_doc0p017,validation,42,4,cv_evaluation,no_chatter,0,0.0017945796,64
turning,cnn_ae,ver_max,2inchStickout_F_08-Jun-2017_rpm425_doc0p017_window_0003,2inchStickout/F_08-Jun-2017_rpm425_doc0p017,validation,42,4,cv_evaluation,no_chatter,0,0.0040541426,64
turning,cnn_ae,ver_max,2inchStickout_F_08-Jun-2017_rpm425_doc0p017_window_0004,2inchStickout/F_08-Jun-2017_rpm425_doc0p017,validation,42,4,cv_evaluation,no_chatter,0,0.01437286,64
turning,cnn_ae,ver_max,2inchStickout_F_08-Jun-2017_rpm425_doc0p017_window_0005,2inchStickout/F_08-Jun-2017_rpm425_doc0p017,validation,42,4,cv_evaluation,no_chatter,0,0.011870946,64
turning,cnn_ae,ver_max,2inchStickout_F_08-Jun-2017_rpm425_doc0p017_window_0006,2inchStickout/F_08-Jun-2017_rpm425_doc0p017,train,42,4,cv_evaluation,no_chatter,0,0.003965012,64
turning,cnn_ae,ver_max,2inchStickout_F_08-Jun-2017_rpm425_doc0p017_window_0007,2inchStickout/F_08-Jun-2017_rpm425_doc0p017,train,42,4,cv_evaluation,no_chatter,0,0.017167827,64
turning,cnn_ae,ver_max,2inchStickout_F_08-Jun-2017_rpm570_doc0p010_window_0000,2inchStickout/F_08-Jun-2017_rpm570_doc0p010,test,42,4,cv_evaluation,no_chatter,0,0.00289893,64
turning,cnn_ae,ver_max,2inchStickout_F_08-Jun-2017_rpm570_doc0p010_window_0001,2inchStickout/F_08-Jun-2017_rpm570_doc0p010,test,42,4,cv_evaluation,no_chatter,0,0.007861471,64
turning,cnn_ae,ver_max,2inchStickout_F_08-Jun-2017_rpm570_doc0p010_window_0002,2inchStickout/F_08-Jun-2017_rpm570_doc0p010,test,42,4,cv_evaluation,chatter,1,0.030762333,64
turning,cnn_ae,ver_max,2inchStickout_F_08-Jun-2017_rpm570_doc0p010_window_0003,2inchStickout/F_08-Jun-2017_rpm570_doc0p010,test,42,4,cv_evaluation,chatter,1,0.028126512,64
turning,cnn_ae,ver_max,2inchStickout_F_08-Jun-2017_rpm570_doc0p010_window_0004,2inchStickout/F_08-Jun-2017_rpm570_doc0p010,test,42,4,cv_evaluation,chatter,1,0.0398928,64
turning,cnn_ae,ver_max,2inchStickout_F_08-Jun-2017_rpm570_doc0p010_window_0005,2inchStickout/F_08-Jun-2017_rpm570_doc0p010,test,42,4,cv_evaluation,chatter,1,0.041538216,64
turning,cnn_ae,ver_max,2inchStickout_F_08-Jun-2017_rpm770_doc0p002_window_0000,2inchStickout/F_08-Jun-2017_rpm770_doc0p002,train,42,4,cv_evaluation,no_chatter,0,0.0028944868,64
turning,cnn_ae,ver_max,2inchStickout_F_08-Jun-2017_rpm770_doc0p002_window_0001,2inchStickout/F_08-Jun-2017_rpm770_doc0p002,validation,42,4,cv_evaluation,chatter,1,0.040587623,64
turning,cnn_ae,ver_max,2inchStickout_F_08-Jun-2017_rpm770_doc0p002_window_0002,2inchStickout/F_08-Jun-2017_rpm770_doc0p002,validation,42,4,cv_evaluation,chatter,1,0.06613787,64
turning,cnn_ae,ver_max,2inchStickout_F_08-Jun-2017_rpm770_doc0p002_window_0003,2inchStickout/F_08-Jun-2017_rpm770_doc0p002,train,42,4,cv_evaluation,no_chatter,0,0.024098478,64
turning,cnn_ae,ver_max,2inchStickout_F_08-Jun-2017_rpm770_doc0p002_window_0004,2inchStickout/F_08-Jun-2017_rpm770_doc0p002,validation,42,4,cv_evaluation,chatter,1,0.020492392,64
turning,cnn_ae,ver_max,2inchStickout_F_08-Jun-2017_rpm770_doc0p002_window_0005,2inchStickout/F_08-Jun-2017_rpm770_doc0p002,train,42,4,cv_evaluation,no_chatter,0,0.021788659,64
turning,cnn_ae,ver_max,2inchStickout_F_08-Jun-2017_rpm770_doc0p002_window_0006,2inchStickout/F_08-Jun-2017_rpm770_doc0p002,train,42,4,cv_evaluation,no_chatter,0,0.095447384,64
turning,cnn_ae,ver_max,2inchStickout_F_08-Jun-2017_rpm770_doc0p002_window_0007,2inchStickout/F_08-Jun-2017_rpm770_doc0p002,validation,42,4,cv_evaluation,chatter,1,0.05816876,64
turning,cnn_ae,ver_max,2p5inchStickout_F_12-Jun-2017_rpm570_doc0p005_window_0000,2p5inchStickout/F_12-Jun-2017_rpm570_doc0p005,test,42,4,cv_evaluation,no_chatter,0,0.0031393408,64
turning,cnn_ae,ver_max,2p5inchStickout_F_12-Jun-2017_rpm570_doc0p005_window_0001,2p5inchStickout/F_12-Jun-2017_rpm570_doc0p005,train,42,4,cv_evaluation,no_chatter,0,0.004388856,64
turning,cnn_ae,ver_max,2p5inchStickout_F_12-Jun-2017_rpm570_doc0p005_window_0002,2p5inchStickout/F_12-Jun-2017_rpm570_doc0p005,train,42,4,cv_evaluation,no_chatter,0,0.0050201034,64
turning,cnn_ae,ver_max,2p5inchStickout_F_12-Jun-2017_rpm570_doc0p005_window_0003,2p5inchStickout/F_12-Jun-2017_rpm570_doc0p005,train,42,4,cv_evaluation,no_chatter,0,0.005947745,64
turning,cnn_ae,ver_max,2p5inchStickout_F_12-Jun-2017_rpm570_doc0p005_window_0004,2p5inchStickout/F_12-Jun-2017_rpm570_doc0p005,test,42,4,cv_evaluation,no_chatter,0,0.012207944,64
turning,cnn_ae,ver_max,2p5inchStickout_F_12-Jun-2017_rpm570_doc0p005_window_0005,2p5inchStickout/F_12-Jun-2017_rpm570_doc0p005,train,42,4,cv_evaluation,no_chatter,0,0.014831638,64
turning,cnn_ae,ver_max,2p5inchStickout_F_12-Jun-2017_rpm570_doc0p005_window_0006,2p5inchStickout/F_12-Jun-2017_rpm570_doc0p005,train,42,4,cv_evaluation,no_chatter,0,0.00871403,64
turning,cnn_ae,ver_max,2p5inchStickout_F_12-Jun-2017_rpm570_doc0p005_window_0007,2p5inchStickout/F_12-Jun-2017_rpm570_doc0p005,train,42,4,cv_evaluation,no_chatter,0,0.0050736773,64
turning,cnn_ae,ver_max,2p5inchStickout_F_12-Jun-2017_rpm570_doc0p005_window_0008,2p5inchStickout/F_12-Jun-2017_rpm570_doc0p005,test,42,4,cv_evaluation,no_chatter,0,0.015772626,64
turning,cnn_ae,ver_max,2p5inchStickout_F_12-Jun-2017_rpm570_doc0p005_window_0009,2p5inchStickout/F_12-Jun-2017_rpm570_doc0p005,train,42,4,cv_evaluation,no_chatter,0,0.015332314,64
turning,cnn_ae,ver_max,2p5inchStickout_F_12-Jun-2017_rpm570_doc0p010_window_0000,2p5inchStickout/F_12-Jun-2017_rpm570_doc0p010,train,42,4,cv_evaluation,no_chatter,0,0.002748182,64
turning,cnn_ae,ver_max,2p5inchStickout_F_12-Jun-2017_rpm570_doc0p010_window_0001,2p5inchStickout/F_12-Jun-2017_rpm570_doc0p010,train,42,4,cv_evaluation,no_chatter,0,0.009455061,64
turning,cnn_ae,ver_max,2p5inchStickout_F_12-Jun-2017_rpm570_doc0p010_window_0002,2p5inchStickout/F_12-Jun-2017_rpm570_doc0p010,train,42,4,cv_evaluation,no_chatter,0,0.0064886957,64
turning,cnn_ae,ver_max,2p5inchStickout_F_12-Jun-2017_rpm570_doc0p010_window_0003,2p5inchStickout/F_12-Jun-2017_rpm570_doc0p010,test,42,4,cv_evaluation,no_chatter,0,0.0067134993,64
turning,cnn_ae,ver_max,2p5inchStickout_F_12-Jun-2017_rpm570_doc0p010_window_0004,2p5inchStickout/F_12-Jun-2017_rpm570_doc0p010,train,42,4,cv_evaluation,no_chatter,0,0.006823128,64
turning,cnn_ae,ver_max,2p5inchStickout_F_12-Jun-2017_rpm570_doc0p010_window_0005,2p5inchStickout/F_12-Jun-2017_rpm570_doc0p010,train,42,4,cv_evaluation,no_chatter,0,0.00773518,64
turning,cnn_ae,ver_max,2p5inchStickout_F_12-Jun-2017_rpm570_doc0p010_window_0006,2p5inchStickout/F_12-Jun-2017_rpm570_doc0p010,test,42,4,cv_evaluation,no_chatter,0,0.011166499,64
turning,cnn_ae,ver_max,2p5inchStickout_F_12-Jun-2017_rpm570_doc0p010_window_0007,2p5inchStickout/F_12-Jun-2017_rpm570_doc0p010,train,42,4,cv_evaluation,no_chatter,0,0.005396528,64
turning,cnn_ae,ver_max,2p5inchStickout_F_12-Jun-2017_rpm570_doc0p010_window_0008,2p5inchStickout/F_12-Jun-2017_rpm570_doc0p010,train,42,4,cv_evaluation,no_chatter,0,0.0052423184,64
turning,cnn_ae,ver_max,2p5inchStickout_F_12-Jun-2017_rpm570_doc0p010_window_0009,2p5inchStickout/F_12-Jun-2017_rpm570_doc0p010,test,42,4,cv_evaluation,no_chatter,0,0.0068265162,64
turning,cnn_ae,ver_max,3p5inchStickout_F_14-Jun-2017_rpm770_doc0p005_window_0000,3p5inchStickout/F_14-Jun-2017_rpm770_doc0p005,validation,42,4,cv_evaluation,no_chatter,0,0.0036009385,64
turning,cnn_ae,ver_max,3p5inchStickout_F_14-Jun-2017_rpm770_doc0p005_window_0001,3p5inchStickout/F_14-Jun-2017_rpm770_doc0p005,train,42,4,cv_evaluation,no_chatter,0,0.005014839,64
turning,cnn_ae,ver_max,3p5inchStickout_F_14-Jun-2017_rpm770_doc0p005_window_0002,3p5inchStickout/F_14-Jun-2017_rpm770_doc0p005,train,42,4,cv_evaluation,no_chatter,0,0.009942824,64
turning,cnn_ae,ver_max,3p5inchStickout_F_14-Jun-2017_rpm770_doc0p005_window_0003,3p5inchStickout/F_14-Jun-2017_rpm770_doc0p005,train,42,4,cv_evaluation,no_chatter,0,0.017012993,64
turning,cnn_ae,ver_max,4p5inchStickout_F_12-Jun-2017_rpm570_doc0p015_window_0000,4p5inchStickout/F_12-Jun-2017_rpm570_doc0p015,train,42,4,cv_evaluation,no_chatter,0,0.0040655606,64
turning,cnn_ae,ver_max,4p5inchStickout_F_12-Jun-2017_rpm570_doc0p015_window_0001,4p5inchStickout/F_12-Jun-2017_rpm570_doc0p015,train,42,4,cv_evaluation,no_chatter,0,0.004072441,64
turning,cnn_ae,ver_max,4p5inchStickout_F_12-Jun-2017_rpm570_doc0p015_window_0002,4p5inchStickout/F_12-Jun-2017_rpm570_doc0p015,train,42,4,cv_evaluation,no_chatter,0,0.0040597906,64
turning,cnn_ae,ver_max,4p5inchStickout_F_12-Jun-2017_rpm570_doc0p015_window_0003,4p5inchStickout/F_12-Jun-2017_rpm570_doc0p015,train,42,4,cv_evaluation,no_chatter,0,0.0040934277,64
turning,cnn_ae,ver_max,4p5inchStickout_F_12-Jun-2017_rpm570_doc0p015_window_0004,4p5inchStickout/F_12-Jun-2017_rpm570_doc0p015,train,42,4,cv_evaluation,no_chatter,0,0.0038948762,64
turning,cnn_ae,ver_max,4p5inchStickout_F_12-Jun-2017_rpm570_doc0p015_window_0005,4p5inchStickout/F_12-Jun-2017_rpm570_doc0p015,train,42,4,cv_evaluation,no_chatter,0,0.00480444,64
turning,cnn_ae,ver_max,4p5inchStickout_F_12-Jun-2017_rpm570_doc0p015_window_0006,4p5inchStickout/F_12-Jun-2017_rpm570_doc0p015,train,42,4,cv_evaluation,no_chatter,0,0.004159012,64
turning,cnn_ae,ver_max,4p5inchStickout_F_12-Jun-2017_rpm570_doc0p015_window_0007,4p5inchStickout/F_12-Jun-2017_rpm570_doc0p015,train,42,4,cv_evaluation,no_chatter,0,0.0045431145,64
turning,cnn_ae,ver_max,4p5inchStickout_F_12-Jun-2017_rpm570_doc0p015_window_0008,4p5inchStickout/F_12-Jun-2017_rpm570_doc0p015,train,42,4,cv_evaluation,no_chatter,0,0.0044905734,64
turning,cnn_ae,ver_max,4p5inchStickout_F_12-Jun-2017_rpm570_doc0p015_window_0009,4p5inchStickout/F_12-Jun-2017_rpm570_doc0p015,train,42,4,cv_evaluation,no_chatter,0,0.0064132963,64
turning,cnn_ae,ver_max,4p5inchStickout_F_12-Jun-2017_rpm570_doc0p015_window_0010,4p5inchStickout/F_12-Jun-2017_rpm570_doc0p015,train,42,4,cv_evaluation,no_chatter,0,0.0074508106,64
turning,cnn_ae,ver_max,4p5inchStickout_F_12-Jun-2017_rpm570_doc0p015_window_0011,4p5inchStickout/F_12-Jun-2017_rpm570_doc0p015,train,42,4,cv_evaluation,no_chatter,0,0.0062019364,64
turning,cnn_ae,ver_max,4p5inchStickout_F_12-Jun-2017_rpm570_doc0p025_window_0000,4p5inchStickout/F_12-Jun-2017_rpm570_doc0p025,train,42,4,cv_evaluation,no_chatter,0,0.0041146413,64
turning,cnn_ae,ver_max,4p5inchStickout_F_12-Jun-2017_rpm570_doc0p025_window_0001,4p5inchStickout/F_12-Jun-2017_rpm570_doc0p025,train,42,4,cv_evaluation,no_chatter,0,0.004092429,64
turning,cnn_ae,ver_max,4p5inchStickout_F_12-Jun-2017_rpm570_doc0p025_window_0002,4p5inchStickout/F_12-Jun-2017_rpm570_doc0p025,train,42,4,cv_evaluation,no_chatter,0,0.004098475,64
turning,cnn_ae,ver_max,4p5inchStickout_F_12-Jun-2017_rpm570_doc0p025_window_0003,4p5inchStickout/F_12-Jun-2017_rpm570_doc0p025,train,42,4,cv_evaluation,no_chatter,0,0.0040503233,64
turning,cnn_ae,ver_max,4p5inchStickout_F_12-Jun-2017_rpm570_doc0p025_window_0004,4p5inchStickout/F_12-Jun-2017_rpm570_doc0p025,train,42,4,cv_evaluation,no_chatter,0,0.00366903,64
turning,cnn_ae,ver_max,4p5inchStickout_F_12-Jun-2017_rpm570_doc0p025_window_0005,4p5inchStickout/F_12-Jun-2017_rpm570_doc0p025,train,42,4,cv_evaluation,no_chatter,0,0.0046189465,64
turning,cnn_ae,ver_max,4p5inchStickout_F_12-Jun-2017_rpm570_doc0p025_window_0006,4p5inchStickout/F_12-Jun-2017_rpm570_doc0p025,test,42,4,cv_evaluation,no_chatter,0,0.004443784,64
turning,cnn_ae,ver_max,4p5inchStickout_F_12-Jun-2017_rpm570_doc0p025_window_0007,4p5inchStickout/F_12-Jun-2017_rpm570_doc0p025,train,42,4,cv_evaluation,no_chatter,0,0.0050505963,64
turning,cnn_ae,ver_max,4p5inchStickout_F_12-Jun-2017_rpm570_doc0p025_window_0008,4p5inchStickout/F_12-Jun-2017_rpm570_doc0p025,train,42,4,cv_evaluation,no_chatter,0,0.005296076,64
turning,cnn_ae,ver_max,4p5inchStickout_F_12-Jun-2017_rpm570_doc0p025_window_0009,4p5inchStickout/F_12-Jun-2017_rpm570_doc0p025,train,42,4,cv_evaluation,no_chatter,0,0.0070490427,64
turning,cnn_ae,ver_max,4p5inchStickout_F_12-Jun-2017_rpm570_doc0p025_window_0010,4p5inchStickout/F_12-Jun-2017_rpm570_doc0p025,train,42,4,cv_evaluation,no_chatter,0,0.008031204,64
turning,cnn_ae,ver_max,4p5inchStickout_F_12-Jun-2017_rpm570_doc0p025_window_0011,4p5inchStickout/F_12-Jun-2017_rpm570_doc0p025,train,42,4,cv_evaluation,no_chatter,0,0.006769521,64
turning,cnn_ae,ver_max,4p5inchStickout_F_13-Jun-2017_rpm1030_doc0p010_window_0000,4p5inchStickout/F_13-Jun-2017_rpm1030_doc0p010,train,42,4,cv_evaluation,no_chatter,0,0.0041142865,64
turning,cnn_ae,ver_max,4p5inchStickout_F_13-Jun-2017_rpm1030_doc0p010_window_0001,4p5inchStickout/F_13-Jun-2017_rpm1030_doc0p010,test,42,4,cv_evaluation,no_chatter,0,0.019343458,64
turning,cnn_ae,ver_max,4p5inchStickout_F_13-Jun-2017_rpm1030_doc0p010_window_0002,4p5inchStickout/F_13-Jun-2017_rpm1030_doc0p010,train,42,4,cv_evaluation,no_chatter,0,0.014568563,64
turning,cnn_ae,ver_max,4p5inchStickout_F_13-Jun-2017_rpm1030_doc0p010_window_0003,4p5inchStickout/F_13-Jun-2017_rpm1030_doc0p010,train,42,4,cv_evaluation,no_chatter,0,0.015046104,64
turning,cnn_ae,ver_max,4p5inchStickout_F_13-Jun-2017_rpm1030_doc0p013_window_0000,4p5inchStickout/F_13-Jun-2017_rpm1030_doc0p013,test,42,4,cv_evaluation,no_chatter,0,0.004123772,64
turning,cnn_ae,ver_max,4p5inchStickout_F_13-Jun-2017_rpm1030_doc0p013_window_0001,4p5inchStickout/F_13-Jun-2017_rpm1030_doc0p013,train,42,4,cv_evaluation,no_chatter,0,0.0139894085,64
turning,cnn_ae,ver_max,4p5inchStickout_F_13-Jun-2017_rpm1030_doc0p013_window_0002,4p5inchStickout/F_13-Jun-2017_rpm1030_doc0p013,test,42,4,cv_evaluation,no_chatter,0,0.013364749,64
turning,cnn_ae,ver_max,4p5inchStickout_F_13-Jun-2017_rpm1030_doc0p013_window_0003,4p5inchStickout/F_13-Jun-2017_rpm1030_doc0p013,train,42,4,cv_evaluation,no_chatter,0,0.011077015,64
turning,cnn_ae,ver_max,4p5inchStickout_F_13-Jun-2017_rpm770_doc0p020_window_0000,4p5inchStickout/F_13-Jun-2017_rpm770_doc0p020,train,42,4,cv_evaluation,no_chatter,0,0.00410303,64
turning,cnn_ae,ver_max,4p5inchStickout_F_13-Jun-2017_rpm770_doc0p020_window_0001,4p5inchStickout/F_13-Jun-2017_rpm770_doc0p020,train,42,4,cv_evaluation,no_chatter,0,0.003864652,64
turning,cnn_ae,ver_max,4p5inchStickout_F_13-Jun-2017_rpm770_doc0p020_window_0002,4p5inchStickout/F_13-Jun-2017_rpm770_doc0p020,test,42,4,cv_evaluation,no_chatter,0,0.0052912105,64
turning,cnn_ae,ver_max,4p5inchStickout_F_13-Jun-2017_rpm770_doc0p020_window_0003,4p5inchStickout/F_13-Jun-2017_rpm770_doc0p020,train,42,4,cv_evaluation,no_chatter,0,0.008707446,64
turning,cnn_ae,ver_max,4p5inchStickout_F_13-Jun-2017_rpm770_doc0p020_window_0004,4p5inchStickout/F_13-Jun-2017_rpm770_doc0p020,train,42,4,cv_evaluation,no_chatter,0,0.008341997,64
turning,cnn_ae,ver_max,4p5inchStickout_F_13-Jun-2017_rpm770_doc0p020_window_0005,4p5inchStickout/F_13-Jun-2017_rpm770_doc0p020,train,42,4,cv_evaluation,no_chatter,0,0.010163849,64
turning,cnn_ae,ver_topk,2inchStickout_F_08-Jun-2017_rpm320_doc0p005_window_0000,2inchStickout/F_08-Jun-2017_rpm320_doc0p005,train,42,4,cv_evaluation,no_chatter,0,0.0029731349,64
turning,cnn_ae,ver_topk,2inchStickout_F_08-Jun-2017_rpm320_doc0p005_window_0001,2inchStickout/F_08-Jun-2017_rpm320_doc0p005,train,42,4,cv_evaluation,no_chatter,0,0.002909653,64
turning,cnn_ae,ver_topk,2inchStickout_F_08-Jun-2017_rpm320_doc0p005_window_0002,2inchStickout/F_08-Jun-2017_rpm320_doc0p005,train,42,4,cv_evaluation,no_chatter,0,0.0029163044,64
turning,cnn_ae,ver_topk,2inchStickout_F_08-Jun-2017_rpm320_doc0p005_window_0003,2inchStickout/F_08-Jun-2017_rpm320_doc0p005,train,42,4,cv_evaluation,no_chatter,0,0.002902535,64
turning,cnn_ae,ver_topk,2inchStickout_F_08-Jun-2017_rpm320_doc0p005_window_0004,2inchStickout/F_08-Jun-2017_rpm320_doc0p005,train,42,4,cv_evaluation,no_chatter,0,0.0028817605,64
turning,cnn_ae,ver_topk,2inchStickout_F_08-Jun-2017_rpm320_doc0p005_window_0005,2inchStickout/F_08-Jun-2017_rpm320_doc0p005,validation,42,4,cv_evaluation,no_chatter,0,0.016040137,64
turning,cnn_ae,ver_topk,2inchStickout_F_08-Jun-2017_rpm320_doc0p005_window_0006,2inchStickout/F_08-Jun-2017_rpm320_doc0p005,validation,42,4,cv_evaluation,chatter,1,0.021737278,64
turning,cnn_ae,ver_topk,2inchStickout_F_08-Jun-2017_rpm320_doc0p005_window_0007,2inchStickout/F_08-Jun-2017_rpm320_doc0p005,validation,42,4,cv_evaluation,chatter,1,0.023522392,64
turning,cnn_ae,ver_topk,2inchStickout_F_08-Jun-2017_rpm320_doc0p005_window_0008,2inchStickout/F_08-Jun-2017_rpm320_doc0p005,validation,42,4,cv_evaluation,chatter,1,0.023144543,64
turning,cnn_ae,ver_topk,2inchStickout_F_08-Jun-2017_rpm320_doc0p005_window_0009,2inchStickout/F_08-Jun-2017_rpm320_doc0p005,validation,42,4,cv_evaluation,chatter,1,0.01875382,64
turning,cnn_ae,ver_topk,2inchStickout_F_08-Jun-2017_rpm320_doc0p005_window_0010,2inchStickout/F_08-Jun-2017_rpm320_doc0p005,validation,42,4,cv_evaluation,chatter,1,0.013393561,64
turning,cnn_ae,ver_topk,2inchStickout_F_08-Jun-2017_rpm320_doc0p005_window_0011,2inchStickout/F_08-Jun-2017_rpm320_doc0p005,validation,42,4,cv_evaluation,chatter,1,0.010938252,64
turning,cnn_ae,ver_topk,2inchStickout_F_08-Jun-2017_rpm320_doc0p005_window_0012,2inchStickout/F_08-Jun-2017_rpm320_doc0p005,train,42,4,cv_evaluation,no_chatter,0,0.007816985,64
turning,cnn_ae,ver_topk,2inchStickout_F_08-Jun-2017_rpm320_doc0p005_window_0013,2inchStickout/F_08-Jun-2017_rpm320_doc0p005,train,42,4,cv_evaluation,no_chatter,0,0.0038533236,64
turning,cnn_ae,ver_topk,2inchStickout_F_08-Jun-2017_rpm320_doc0p005_window_0014,2inchStickout/F_08-Jun-2017_rpm320_doc0p005,train,42,4,cv_evaluation,no_chatter,0,0.0023155129,64
turning,cnn_ae,ver_topk,2inchStickout_F_08-Jun-2017_rpm320_doc0p005_window_0015,2inchStickout/F_08-Jun-2017_rpm320_doc0p005,train,42,4,cv_evaluation,no_chatter,0,0.0021766347,64
turning,cnn_ae,ver_topk,2inchStickout_F_08-Jun-2017_rpm320_doc0p005_window_0016,2inchStickout/F_08-Jun-2017_rpm320_doc0p005,train,42,4,cv_evaluation,no_chatter,0,0.0022805345,64
turning,cnn_ae,ver_topk,2inchStickout_F_08-Jun-2017_rpm320_doc0p005_window_0017,2inchStickout/F_08-Jun-2017_rpm320_doc0p005,train,42,4,cv_evaluation,no_chatter,0,0.002138881,64
turning,cnn_ae,ver_topk,2inchStickout_F_08-Jun-2017_rpm320_doc0p005_window_0018,2inchStickout/F_08-Jun-2017_rpm320_doc0p005,train,42,4,cv_evaluation,no_chatter,0,0.0020392074,64
turning,cnn_ae,ver_topk,2inchStickout_F_08-Jun-2017_rpm320_doc0p005_window_0019,2inchStickout/F_08-Jun-2017_rpm320_doc0p005,train,42,4,cv_evaluation,no_chatter,0,0.0020670875,64
turning,cnn_ae,ver_topk,2inchStickout_F_08-Jun-2017_rpm320_doc0p005_window_0020,2inchStickout/F_08-Jun-2017_rpm320_doc0p005,train,42,4,cv_evaluation,no_chatter,0,0.0019471584,64
turning,cnn_ae,ver_topk,2inchStickout_F_08-Jun-2017_rpm320_doc0p005_window_0021,2inchStickout/F_08-Jun-2017_rpm320_doc0p005,train,42,4,cv_evaluation,no_chatter,0,0.007590325,64
turning,cnn_ae,ver_topk,2inchStickout_F_08-Jun-2017_rpm320_doc0p005_window_0022,2inchStickout/F_08-Jun-2017_rpm320_doc0p005,train,42,4,cv_evaluation,no_chatter,0,0.012417938,64
turning,cnn_ae,ver_topk,2inchStickout_F_08-Jun-2017_rpm320_doc0p005_window_0023,2inchStickout/F_08-Jun-2017_rpm320_doc0p005,train,42,4,cv_evaluation,no_chatter,0,0.0077656135,64
turning,cnn_ae,ver_topk,2inchStickout_F_08-Jun-2017_rpm320_doc0p030_window_0000,2inchStickout/F_08-Jun-2017_rpm320_doc0p030,train,42,4,cv_evaluation,no_chatter,0,0.002884622,64
turning,cnn_ae,ver_topk,2inchStickout_F_08-Jun-2017_rpm320_doc0p030_window_0001,2inchStickout/F_08-Jun-2017_rpm320_doc0p030,train,42,4,cv_evaluation,no_chatter,0,0.0028790524,64
turning,cnn_ae,ver_topk,2inchStickout_F_08-Jun-2017_rpm320_doc0p030_window_0002,2inchStickout/F_08-Jun-2017_rpm320_doc0p030,train,42,4,cv_evaluation,no_chatter,0,0.0028855316,64
turning,cnn_ae,ver_topk,2inchStickout_F_08-Jun-2017_rpm320_doc0p030_window_0003,2inchStickout/F_08-Jun-2017_rpm320_doc0p030,train,42,4,cv_evaluation,no_chatter,0,0.0028835617,64
turning,cnn_ae,ver_topk,2inchStickout_F_08-Jun-2017_rpm320_doc0p030_window_0004,2inchStickout/F_08-Jun-2017_rpm320_doc0p030,train,42,4,cv_evaluation,no_chatter,0,0.0018986951,64
turning,cnn_ae,ver_topk,2inchStickout_F_08-Jun-2017_rpm320_doc0p030_window_0005,2inchStickout/F_08-Jun-2017_rpm320_doc0p030,train,42,4,cv_evaluation,no_chatter,0,0.0011184117,64
turning,cnn_ae,ver_topk,2inchStickout_F_08-Jun-2017_rpm320_doc0p030_window_0006,2inchStickout/F_08-Jun-2017_rpm320_doc0p030,train,42,4,cv_evaluation,no_chatter,0,0.0013479482,64
turning,cnn_ae,ver_topk,2inchStickout_F_08-Jun-2017_rpm320_doc0p030_window_0007,2inchStickout/F_08-Jun-2017_rpm320_doc0p030,train,42,4,cv_evaluation,no_chatter,0,0.0016147686,64
turning,cnn_ae,ver_topk,2inchStickout_F_08-Jun-2017_rpm320_doc0p030_window_0008,2inchStickout/F_08-Jun-2017_rpm320_doc0p030,train,42,4,cv_evaluation,no_chatter,0,0.0013817237,64
turning,cnn_ae,ver_topk,2inchStickout_F_08-Jun-2017_rpm320_doc0p030_window_0009,2inchStickout/F_08-Jun-2017_rpm320_doc0p030,train,42,4,cv_evaluation,no_chatter,0,0.0012330735,64
turning,cnn_ae,ver_topk,2inchStickout_F_08-Jun-2017_rpm320_doc0p030_window_0010,2inchStickout/F_08-Jun-2017_rpm320_doc0p030,train,42,4,cv_evaluation,no_chatter,0,0.0012477236,64
turning,cnn_ae,ver_topk,2inchStickout_F_08-Jun-2017_rpm320_doc0p030_window_0011,2inchStickout/F_08-Jun-2017_rpm320_doc0p030,validation,42,4,cv_evaluation,no_chatter,0,0.0015548611,64
turning,cnn_ae,ver_topk,2inchStickout_F_08-Jun-2017_rpm320_doc0p030_window_0012,2inchStickout/F_08-Jun-2017_rpm320_doc0p030,validation,42,4,cv_evaluation,no_chatter,0,0.0010735438,64
turning,cnn_ae,ver_topk,2inchStickout_F_08-Jun-2017_rpm320_doc0p030_window_0013,2inchStickout/F_08-Jun-2017_rpm320_doc0p030,train,42,4,cv_evaluation,no_chatter,0,0.0012787157,64
turning,cnn_ae,ver_topk,2inchStickout_F_08-Jun-2017_rpm320_doc0p030_window_0014,2inchStickout/F_08-Jun-2017_rpm320_doc0p030,train,42,4,cv_evaluation,no_chatter,0,0.0032427097,64
turning,cnn_ae,ver_topk,2inchStickout_F_08-Jun-2017_rpm320_doc0p030_window_0015,2inchStickout/F_08-Jun-2017_rpm320_doc0p030,train,42,4,cv_evaluation,no_chatter,0,0.0023448374,64
turning,cnn_ae,ver_topk,2inchStickout_F_08-Jun-2017_rpm320_doc0p030_window_0016,2inchStickout/F_08-Jun-2017_rpm320_doc0p030,train,42,4,cv_evaluation,no_chatter,0,0.0020234871,64
turning,cnn_ae,ver_topk,2inchStickout_F_08-Jun-2017_rpm320_doc0p030_window_0017,2inchStickout/F_08-Jun-2017_rpm320_doc0p030,train,42,4,cv_evaluation,no_chatter,0,0.0033376357,64
turning,cnn_ae,ver_topk,2inchStickout_F_08-Jun-2017_rpm320_doc0p030_window_0018,2inchStickout/F_08-Jun-2017_rpm320_doc0p030,train,42,4,cv_evaluation,no_chatter,0,0.0028775765,64
turning,cnn_ae,ver_topk,2inchStickout_F_08-Jun-2017_rpm320_doc0p030_window_0019,2inchStickout/F_08-Jun-2017_rpm320_doc0p030,validation,42,4,cv_evaluation,no_chatter,0,0.0044430215,64
turning,cnn_ae,ver_topk,2inchStickout_F_08-Jun-2017_rpm320_doc0p030_window_0020,2inchStickout/F_08-Jun-2017_rpm320_doc0p030,validation,42,4,cv_evaluation,no_chatter,0,0.0058555217,64
turning,cnn_ae,ver_topk,2inchStickout_F_08-Jun-2017_rpm320_doc0p030_window_0021,2inchStickout/F_08-Jun-2017_rpm320_doc0p030,train,42,4,cv_evaluation,no_chatter,0,0.005045865,64
turning,cnn_ae,ver_topk,2inchStickout_F_08-Jun-2017_rpm320_doc0p030_window_0022,2inchStickout/F_08-Jun-2017_rpm320_doc0p030,train,42,4,cv_evaluation,no_chatter,0,0.0067195166,64
turning,cnn_ae,ver_topk,2inchStickout_F_08-Jun-2017_rpm320_doc0p030_window_0023,2inchStickout/F_08-Jun-2017_rpm320_doc0p030,train,42,4,cv_evaluation,no_chatter,0,0.0068493555,64
turning,cnn_ae,ver_topk,2inchStickout_F_08-Jun-2017_rpm425_doc0p017_window_0000,2inchStickout/F_08-Jun-2017_rpm425_doc0p017,train,42,4,cv_evaluation,no_chatter,0,0.0028905738,64
turning,cnn_ae,ver_topk,2inchStickout_F_08-Jun-2017_rpm425_doc0p017_window_0001,2inchStickout/F_08-Jun-2017_rpm425_doc0p017,train,42,4,cv_evaluation,no_chatter,0,0.0026859546,64
turning,cnn_ae,ver_topk,2inchStickout_F_08-Jun-2017_rpm425_doc0p017_window_0002,2inchStickout/F_08-Jun-2017_rpm425_doc0p017,validation,42,4,cv_evaluation,no_chatter,0,0.00166219,64
turning,cnn_ae,ver_topk,2inchStickout_F_08-Jun-2017_rpm425_doc0p017_window_0003,2inchStickout/F_08-Jun-2017_rpm425_doc0p017,validation,42,4,cv_evaluation,no_chatter,0,0.0033546593,64
turning,cnn_ae,ver_topk,2inchStickout_F_08-Jun-2017_rpm425_doc0p017_window_0004,2inchStickout/F_08-Jun-2017_rpm425_doc0p017,validation,42,4,cv_evaluation,no_chatter,0,0.010786246,64
turning,cnn_ae,ver_topk,2inchStickout_F_08-Jun-2017_rpm425_doc0p017_window_0005,2inchStickout/F_08-Jun-2017_rpm425_doc0p017,validation,42,4,cv_evaluation,no_chatter,0,0.010765878,64
turning,cnn_ae,ver_topk,2inchStickout_F_08-Jun-2017_rpm425_doc0p017_window_0006,2inchStickout/F_08-Jun-2017_rpm425_doc0p017,train,42,4,cv_evaluation,no_chatter,0,0.0034653281,64
turning,cnn_ae,ver_topk,2inchStickout_F_08-Jun-2017_rpm425_doc0p017_window_0007,2inchStickout/F_08-Jun-2017_rpm425_doc0p017,train,42,4,cv_evaluation,no_chatter,0,0.014827157,64
turning,cnn_ae,ver_topk,2inchStickout_F_08-Jun-2017_rpm570_doc0p010_window_0000,2inchStickout/F_08-Jun-2017_rpm570_doc0p010,test,42,4,cv_evaluation,no_chatter,0,0.0028422002,64
turning,cnn_ae,ver_topk,2inchStickout_F_08-Jun-2017_rpm570_doc0p010_window_0001,2inchStickout/F_08-Jun-2017_rpm570_doc0p010,test,42,4,cv_evaluation,no_chatter,0,0.0054727294,64
turning,cnn_ae,ver_topk,2inchStickout_F_08-Jun-2017_rpm570_doc0p010_window_0002,2inchStickout/F_08-Jun-2017_rpm570_doc0p010,test,42,4,cv_evaluation,chatter,1,0.029908592,64
turning,cnn_ae,ver_topk,2inchStickout_F_08-Jun-2017_rpm570_doc0p010_window_0003,2inchStickout/F_08-Jun-2017_rpm570_doc0p010,test,42,4,cv_evaluation,chatter,1,0.027129034,64
turning,cnn_ae,ver_topk,2inchStickout_F_08-Jun-2017_rpm570_doc0p010_window_0004,2inchStickout/F_08-Jun-2017_rpm570_doc0p010,test,42,4,cv_evaluation,chatter,1,0.039230045,64
turning,cnn_ae,ver_topk,2inchStickout_F_08-Jun-2017_rpm570_doc0p010_window_0005,2inchStickout/F_08-Jun-2017_rpm570_doc0p010,test,42,4,cv_evaluation,chatter,1,0.04113983,64
turning,cnn_ae,ver_topk,2inchStickout_F_08-Jun-2017_rpm770_doc0p002_window_0000,2inchStickout/F_08-Jun-2017_rpm770_doc0p002,train,42,4,cv_evaluation,no_chatter,0,0.0028176222,64
turning,cnn_ae,ver_topk,2inchStickout_F_08-Jun-2017_rpm770_doc0p002_window_0001,2inchStickout/F_08-Jun-2017_rpm770_doc0p002,validation,42,4,cv_evaluation,chatter,1,0.040099695,64
turning,cnn_ae,ver_topk,2inchStickout_F_08-Jun-2017_rpm770_doc0p002_window_0002,2inchStickout/F_08-Jun-2017_rpm770_doc0p002,validation,42,4,cv_evaluation,chatter,1,0.0641223,64
turning,cnn_ae,ver_topk,2inchStickout_F_08-Jun-2017_rpm770_doc0p002_window_0003,2inchStickout/F_08-Jun-2017_rpm770_doc0p002,train,42,4,cv_evaluation,no_chatter,0,0.023057641,64
turning,cnn_ae,ver_topk,2inchStickout_F_08-Jun-2017_rpm770_doc0p002_window_0004,2inchStickout/F_08-Jun-2017_rpm770_doc0p002,validation,42,4,cv_evaluation,chatter,1,0.01957954,64
turning,cnn_ae,ver_topk,2inchStickout_F_08-Jun-2017_rpm770_doc0p002_window_0005,2inchStickout/F_08-Jun-2017_rpm770_doc0p002,train,42,4,cv_evaluation,no_chatter,0,0.020304801,64
turning,cnn_ae,ver_topk,2inchStickout_F_08-Jun-2017_rpm770_doc0p002_window_0006,2inchStickout/F_08-Jun-2017_rpm770_doc0p002,train,42,4,cv_evaluation,no_chatter,0,0.08145257,64
turning,cnn_ae,ver_topk,2inchStickout_F_08-Jun-2017_rpm770_doc0p002_window_0007,2inchStickout/F_08-Jun-2017_rpm770_doc0p002,validation,42,4,cv_evaluation,chatter,1,0.053156376,64
turning,cnn_ae,ver_topk,2p5inchStickout_F_12-Jun-2017_rpm570_doc0p005_window_0000,2p5inchStickout/F_12-Jun-2017_rpm570_doc0p005,test,42,4,cv_evaluation,no_chatter,0,0.0030227944,64
turning,cnn_ae,ver_topk,2p5inchStickout_F_12-Jun-2017_rpm570_doc0p005_window_0001,2p5inchStickout/F_12-Jun-2017_rpm570_doc0p005,train,42,4,cv_evaluation,no_chatter,0,0.0037649393,64
turning,cnn_ae,ver_topk,2p5inchStickout_F_12-Jun-2017_rpm570_doc0p005_window_0002,2p5inchStickout/F_12-Jun-2017_rpm570_doc0p005,train,42,4,cv_evaluation,no_chatter,0,0.0049383943,64
turning,cnn_ae,ver_topk,2p5inchStickout_F_12-Jun-2017_rpm570_doc0p005_window_0003,2p5inchStickout/F_12-Jun-2017_rpm570_doc0p005,train,42,4,cv_evaluation,no_chatter,0,0.0055962508,64
turning,cnn_ae,ver_topk,2p5inchStickout_F_12-Jun-2017_rpm570_doc0p005_window_0004,2p5inchStickout/F_12-Jun-2017_rpm570_doc0p005,test,42,4,cv_evaluation,no_chatter,0,0.010960449,64
turning,cnn_ae,ver_topk,2p5inchStickout_F_12-Jun-2017_rpm570_doc0p005_window_0005,2p5inchStickout/F_12-Jun-2017_rpm570_doc0p005,train,42,4,cv_evaluation,no_chatter,0,0.014196438,64
turning,cnn_ae,ver_topk,2p5inchStickout_F_12-Jun-2017_rpm570_doc0p005_window_0006,2p5inchStickout/F_12-Jun-2017_rpm570_doc0p005,train,42,4,cv_evaluation,no_chatter,0,0.006276787,64
turning,cnn_ae,ver_topk,2p5inchStickout_F_12-Jun-2017_rpm570_doc0p005_window_0007,2p5inchStickout/F_12-Jun-2017_rpm570_doc0p005,train,42,4,cv_evaluation,no_chatter,0,0.004922906,64
turning,cnn_ae,ver_topk,2p5inchStickout_F_12-Jun-2017_rpm570_doc0p005_window_0008,2p5inchStickout/F_12-Jun-2017_rpm570_doc0p005,test,42,4,cv_evaluation,no_chatter,0,0.013512387,64
turning,cnn_ae,ver_topk,2p5inchStickout_F_12-Jun-2017_rpm570_doc0p005_window_0009,2p5inchStickout/F_12-Jun-2017_rpm570_doc0p005,train,42,4,cv_evaluation,no_chatter,0,0.012892488,64
turning,cnn_ae,ver_topk,2p5inchStickout_F_12-Jun-2017_rpm570_doc0p010_window_0000,2p5inchStickout/F_12-Jun-2017_rpm570_doc0p010,train,42,4,cv_evaluation,no_chatter,0,0.0027099352,64
turning,cnn_ae,ver_topk,2p5inchStickout_F_12-Jun-2017_rpm570_doc0p010_window_0001,2p5inchStickout/F_12-Jun-2017_rpm570_doc0p010,train,42,4,cv_evaluation,no_chatter,0,0.009034861,64
turning,cnn_ae,ver_topk,2p5inchStickout_F_12-Jun-2017_rpm570_doc0p010_window_0002,2p5inchStickout/F_12-Jun-2017_rpm570_doc0p010,train,42,4,cv_evaluation,no_chatter,0,0.006387959,64
turning,cnn_ae,ver_topk,2p5inchStickout_F_12-Jun-2017_rpm570_doc0p010_window_0003,2p5inchStickout/F_12-Jun-2017_rpm570_doc0p010,test,42,4,cv_evaluation,no_chatter,0,0.0064491257,64
turning,cnn_ae,ver_topk,2p5inchStickout_F_12-Jun-2017_rpm570_doc0p010_window_0004,2p5inchStickout/F_12-Jun-2017_rpm570_doc0p010,train,42,4,cv_evaluation,no_chatter,0,0.006620295,64
turning,cnn_ae,ver_topk,2p5inchStickout_F_12-Jun-2017_rpm570_doc0p010_window_0005,2p5inchStickout/F_12-Jun-2017_rpm570_doc0p010,train,42,4,cv_evaluation,no_chatter,0,0.007136933,64
turning,cnn_ae,ver_topk,2p5inchStickout_F_12-Jun-2017_rpm570_doc0p010_window_0006,2p5inchStickout/F_12-Jun-2017_rpm570_doc0p010,test,42,4,cv_evaluation,no_chatter,0,0.01022869,64
turning,cnn_ae,ver_topk,2p5inchStickout_F_12-Jun-2017_rpm570_doc0p010_window_0007,2p5inchStickout/F_12-Jun-2017_rpm570_doc0p010,train,42,4,cv_evaluation,no_chatter,0,0.0050409622,64
turning,cnn_ae,ver_topk,2p5inchStickout_F_12-Jun-2017_rpm570_doc0p010_window_0008,2p5inchStickout/F_12-Jun-2017_rpm570_doc0p010,train,42,4,cv_evaluation,no_chatter,0,0.0049176295,64
turning,cnn_ae,ver_topk,2p5inchStickout_F_12-Jun-2017_rpm570_doc0p010_window_0009,2p5inchStickout/F_12-Jun-2017_rpm570_doc0p010,test,42,4,cv_evaluation,no_chatter,0,0.006263051,64
turning,cnn_ae,ver_topk,3p5inchStickout_F_14-Jun-2017_rpm770_doc0p005_window_0000,3p5inchStickout/F_14-Jun-2017_rpm770_doc0p005,validation,42,4,cv_evaluation,no_chatter,0,0.0035022155,64
turning,cnn_ae,ver_topk,3p5inchStickout_F_14-Jun-2017_rpm770_doc0p005_window_0001,3p5inchStickout/F_14-Jun-2017_rpm770_doc0p005,train,42,4,cv_evaluation,no_chatter,0,0.00433235,64
turning,cnn_ae,ver_topk,3p5inchStickout_F_14-Jun-2017_rpm770_doc0p005_window_0002,3p5inchStickout/F_14-Jun-2017_rpm770_doc0p005,train,42,4,cv_evaluation,no_chatter,0,0.009074407,64
turning,cnn_ae,ver_topk,3p5inchStickout_F_14-Jun-2017_rpm770_doc0p005_window_0003,3p5inchStickout/F_14-Jun-2017_rpm770_doc0p005,train,42,4,cv_evaluation,no_chatter,0,0.015365404,64
turning,cnn_ae,ver_topk,4p5inchStickout_F_12-Jun-2017_rpm570_doc0p015_window_0000,4p5inchStickout/F_12-Jun-2017_rpm570_doc0p015,train,42,4,cv_evaluation,no_chatter,0,0.0039296546,64
turning,cnn_ae,ver_topk,4p5inchStickout_F_12-Jun-2017_rpm570_doc0p015_window_0001,4p5inchStickout/F_12-Jun-2017_rpm570_doc0p015,train,42,4,cv_evaluation,no_chatter,0,0.0039235293,64
turning,cnn_ae,ver_topk,4p5inchStickout_F_12-Jun-2017_rpm570_doc0p015_window_0002,4p5inchStickout/F_12-Jun-2017_rpm570_doc0p015,train,42,4,cv_evaluation,no_chatter,0,0.0039188745,64
turning,cnn_ae,ver_topk,4p5inchStickout_F_12-Jun-2017_rpm570_doc0p015_window_0003,4p5inchStickout/F_12-Jun-2017_rpm570_doc0p015,train,42,4,cv_evaluation,no_chatter,0,0.0039427993,64
turning,cnn_ae,ver_topk,4p5inchStickout_F_12-Jun-2017_rpm570_doc0p015_window_0004,4p5inchStickout/F_12-Jun-2017_rpm570_doc0p015,train,42,4,cv_evaluation,no_chatter,0,0.0038021647,64
turning,cnn_ae,ver_topk,4p5inchStickout_F_12-Jun-2017_rpm570_doc0p015_window_0005,4p5inchStickout/F_12-Jun-2017_rpm570_doc0p015,train,42,4,cv_evaluation,no_chatter,0,0.0045924494,64
turning,cnn_ae,ver_topk,4p5inchStickout_F_12-Jun-2017_rpm570_doc0p015_window_0006,4p5inchStickout/F_12-Jun-2017_rpm570_doc0p015,train,42,4,cv_evaluation,no_chatter,0,0.0040809917,64
turning,cnn_ae,ver_topk,4p5inchStickout_F_12-Jun-2017_rpm570_doc0p015_window_0007,4p5inchStickout/F_12-Jun-2017_rpm570_doc0p015,train,42,4,cv_evaluation,no_chatter,0,0.004438245,64
turning,cnn_ae,ver_topk,4p5inchStickout_F_12-Jun-2017_rpm570_doc0p015_window_0008,4p5inchStickout/F_12-Jun-2017_rpm570_doc0p015,train,42,4,cv_evaluation,no_chatter,0,0.0043822783,64
turning,cnn_ae,ver_topk,4p5inchStickout_F_12-Jun-2017_rpm570_doc0p015_window_0009,4p5inchStickout/F_12-Jun-2017_rpm570_doc0p015,train,42,4,cv_evaluation,no_chatter,0,0.0062173107,64
turning,cnn_ae,ver_topk,4p5inchStickout_F_12-Jun-2017_rpm570_doc0p015_window_0010,4p5inchStickout/F_12-Jun-2017_rpm570_doc0p015,train,42,4,cv_evaluation,no_chatter,0,0.005939044,64
turning,cnn_ae,ver_topk,4p5inchStickout_F_12-Jun-2017_rpm570_doc0p015_window_0011,4p5inchStickout/F_12-Jun-2017_rpm570_doc0p015,train,42,4,cv_evaluation,no_chatter,0,0.005811241,64
turning,cnn_ae,ver_topk,4p5inchStickout_F_12-Jun-2017_rpm570_doc0p025_window_0000,4p5inchStickout/F_12-Jun-2017_rpm570_doc0p025,train,42,4,cv_evaluation,no_chatter,0,0.003960545,64
turning,cnn_ae,ver_topk,4p5inchStickout_F_12-Jun-2017_rpm570_doc0p025_window_0001,4p5inchStickout/F_12-Jun-2017_rpm570_doc0p025,train,42,4,cv_evaluation,no_chatter,0,0.003958794,64
turning,cnn_ae,ver_topk,4p5inchStickout_F_12-Jun-2017_rpm570_doc0p025_window_0002,4p5inchStickout/F_12-Jun-2017_rpm570_doc0p025,train,42,4,cv_evaluation,no_chatter,0,0.0039499206,64
turning,cnn_ae,ver_topk,4p5inchStickout_F_12-Jun-2017_rpm570_doc0p025_window_0003,4p5inchStickout/F_12-Jun-2017_rpm570_doc0p025,train,42,4,cv_evaluation,no_chatter,0,0.0039108642,64
turning,cnn_ae,ver_topk,4p5inchStickout_F_12-Jun-2017_rpm570_doc0p025_window_0004,4p5inchStickout/F_12-Jun-2017_rpm570_doc0p025,train,42,4,cv_evaluation,no_chatter,0,0.0036020463,64
turning,cnn_ae,ver_topk,4p5inchStickout_F_12-Jun-2017_rpm570_doc0p025_window_0005,4p5inchStickout/F_12-Jun-2017_rpm570_doc0p025,train,42,4,cv_evaluation,no_chatter,0,0.004308891,64
turning,cnn_ae,ver_topk,4p5inchStickout_F_12-Jun-2017_rpm570_doc0p025_window_0006,4p5inchStickout/F_12-Jun-2017_rpm570_doc0p025,test,42,4,cv_evaluation,no_chatter,0,0.004338388,64
turning,cnn_ae,ver_topk,4p5inchStickout_F_12-Jun-2017_rpm570_doc0p025_window_0007,4p5inchStickout/F_12-Jun-2017_rpm570_doc0p025,train,42,4,cv_evaluation,no_chatter,0,0.0048016645,64
turning,cnn_ae,ver_topk,4p5inchStickout_F_12-Jun-2017_rpm570_doc0p025_window_0008,4p5inchStickout/F_12-Jun-2017_rpm570_doc0p025,train,42,4,cv_evaluation,no_chatter,0,0.0051499773,64
turning,cnn_ae,ver_topk,4p5inchStickout_F_12-Jun-2017_rpm570_doc0p025_window_0009,4p5inchStickout/F_12-Jun-2017_rpm570_doc0p025,train,42,4,cv_evaluation,no_chatter,0,0.0070264605,64
turning,cnn_ae,ver_topk,4p5inchStickout_F_12-Jun-2017_rpm570_doc0p025_window_0010,4p5inchStickout/F_12-Jun-2017_rpm570_doc0p025,train,42,4,cv_evaluation,no_chatter,0,0.007500013,64
turning,cnn_ae,ver_topk,4p5inchStickout_F_12-Jun-2017_rpm570_doc0p025_window_0011,4p5inchStickout/F_12-Jun-2017_rpm570_doc0p025,train,42,4,cv_evaluation,no_chatter,0,0.006428436,64
turning,cnn_ae,ver_topk,4p5inchStickout_F_13-Jun-2017_rpm1030_doc0p010_window_0000,4p5inchStickout/F_13-Jun-2017_rpm1030_doc0p010,train,42,4,cv_evaluation,no_chatter,0,0.0039561703,64
turning,cnn_ae,ver_topk,4p5inchStickout_F_13-Jun-2017_rpm1030_doc0p010_window_0001,4p5inchStickout/F_13-Jun-2017_rpm1030_doc0p010,test,42,4,cv_evaluation,no_chatter,0,0.018078825,64
turning,cnn_ae,ver_topk,4p5inchStickout_F_13-Jun-2017_rpm1030_doc0p010_window_0002,4p5inchStickout/F_13-Jun-2017_rpm1030_doc0p010,train,42,4,cv_evaluation,no_chatter,0,0.012781393,64
turning,cnn_ae,ver_topk,4p5inchStickout_F_13-Jun-2017_rpm1030_doc0p010_window_0003,4p5inchStickout/F_13-Jun-2017_rpm1030_doc0p010,train,42,4,cv_evaluation,no_chatter,0,0.014061726,64
turning,cnn_ae,ver_topk,4p5inchStickout_F_13-Jun-2017_rpm1030_doc0p013_window_0000,4p5inchStickout/F_13-Jun-2017_rpm1030_doc0p013,test,42,4,cv_evaluation,no_chatter,0,0.0039691404,64
turning,cnn_ae,ver_topk,4p5inchStickout_F_13-Jun-2017_rpm1030_doc0p013_window_0001,4p5inchStickout/F_13-Jun-2017_rpm1030_doc0p013,train,42,4,cv_evaluation,no_chatter,0,0.013172131,64
turning,cnn_ae,ver_topk,4p5inchStickout_F_13-Jun-2017_rpm1030_doc0p013_window_0002,4p5inchStickout/F_13-Jun-2017_rpm1030_doc0p013,test,42,4,cv_evaluation,no_chatter,0,0.0126505615,64
turning,cnn_ae,ver_topk,4p5inchStickout_F_13-Jun-2017_rpm1030_doc0p013_window_0003,4p5inchStickout/F_13-Jun-2017_rpm1030_doc0p013,train,42,4,cv_evaluation,no_chatter,0,0.010753694,64
turning,cnn_ae,ver_topk,4p5inchStickout_F_13-Jun-2017_rpm770_doc0p020_window_0000,4p5inchStickout/F_13-Jun-2017_rpm770_doc0p020,train,42,4,cv_evaluation,no_chatter,0,0.0039480138,64
turning,cnn_ae,ver_topk,4p5inchStickout_F_13-Jun-2017_rpm770_doc0p020_window_0001,4p5inchStickout/F_13-Jun-2017_rpm770_doc0p020,train,42,4,cv_evaluation,no_chatter,0,0.0038003165,64
turning,cnn_ae,ver_topk,4p5inchStickout_F_13-Jun-2017_rpm770_doc0p020_window_0002,4p5inchStickout/F_13-Jun-2017_rpm770_doc0p020,test,42,4,cv_evaluation,no_chatter,0,0.00514664,64
turning,cnn_ae,ver_topk,4p5inchStickout_F_13-Jun-2017_rpm770_doc0p020_window_0003,4p5inchStickout/F_13-Jun-2017_rpm770_doc0p020,train,42,4,cv_evaluation,no_chatter,0,0.008549582,64
turning,cnn_ae,ver_topk,4p5inchStickout_F_13-Jun-2017_rpm770_doc0p020_window_0004,4p5inchStickout/F_13-Jun-2017_rpm770_doc0p020,train,42,4,cv_evaluation,no_chatter,0,0.007846743,64
turning,cnn_ae,ver_topk,4p5inchStickout_F_13-Jun-2017_rpm770_doc0p020_window_0005,4p5inchStickout/F_13-Jun-2017_rpm770_doc0p020,train,42,4,cv_evaluation,no_chatter,0,0.009834488,64
