dataset,method,score,sample_id,source_run,source_split,cv_seed,cv_fold,split,label,target,score_value,bottleneck_dim
turning,cnn_ae,global_mse,2inchStickout_F_08-Jun-2017_rpm320_doc0p020_window_0000,2inchStickout/F_08-Jun-2017_rpm320_doc0p020,validation,42,0,cv_evaluation,no_chatter,0,0.00020349737,16
turning,cnn_ae,global_mse,2inchStickout_F_08-Jun-2017_rpm320_doc0p020_window_0001,2inchStickout/F_08-Jun-2017_rpm320_doc0p020,train,42,0,cv_evaluation,no_chatter,0,0.00014689428,16
turning,cnn_ae,global_mse,2inchStickout_F_08-Jun-2017_rpm320_doc0p020_window_0002,2inchStickout/F_08-Jun-2017_rpm320_doc0p020,train,42,0,cv_evaluation,no_chatter,0,0.00014280611,16
turning,cnn_ae,global_mse,2inchStickout_F_08-Jun-2017_rpm320_doc0p020_window_0003,2inchStickout/F_08-Jun-2017_rpm320_doc0p020,validation,42,0,cv_evaluation,no_chatter,0,0.00015140386,16
turning,cnn_ae,global_mse,2inchStickout_F_08-Jun-2017_rpm320_doc0p020_window_0004,2inchStickout/F_08-Jun-2017_rpm320_doc0p020,validation,42,0,cv_evaluation,no_chatter,0,0.00030795042,16
turning,cnn_ae,global_mse,2inchStickout_F_08-Jun-2017_rpm320_doc0p020_window_0005,2inchStickout/F_08-Jun-2017_rpm320_doc0p020,train,42,0,cv_evaluation,no_chatter,0,0.0005782681,16
turning,cnn_ae,global_mse,2inchStickout_F_08-Jun-2017_rpm320_doc0p020_window_0006,2inchStickout/F_08-Jun-2017_rpm320_doc0p020,validation,42,0,cv_evaluation,no_chatter,0,0.00054372963,16
turning,cnn_ae,global_mse,2inchStickout_F_08-Jun-2017_rpm320_doc0p020_window_0007,2inchStickout/F_08-Jun-2017_rpm320_doc0p020,train,42,0,cv_evaluation,no_chatter,0,0.0006175132,16
turning,cnn_ae,global_mse,2inchStickout_F_08-Jun-2017_rpm320_doc0p020_window_0008,2inchStickout/F_08-Jun-2017_rpm320_doc0p020,train,42,0,cv_evaluation,no_chatter,0,0.0014184918,16
turning,cnn_ae,global_mse,2inchStickout_F_08-Jun-2017_rpm320_doc0p020_window_0009,2inchStickout/F_08-Jun-2017_rpm320_doc0p020,train,42,0,cv_evaluation,no_chatter,0,0.0011924695,16
turning,cnn_ae,global_mse,2inchStickout_F_08-Jun-2017_rpm320_doc0p020_window_0010,2inchStickout/F_08-Jun-2017_rpm320_doc0p020,train,42,0,cv_evaluation,no_chatter,0,0.0026413263,16
turning,cnn_ae,global_mse,2inchStickout_F_08-Jun-2017_rpm320_doc0p020_window_0011,2inchStickout/F_08-Jun-2017_rpm320_doc0p020,train,42,0,cv_evaluation,no_chatter,0,0.0036300079,16
turning,cnn_ae,global_mse,2inchStickout_F_08-Jun-2017_rpm320_doc0p020_window_0012,2inchStickout/F_08-Jun-2017_rpm320_doc0p020,train,42,0,cv_evaluation,no_chatter,0,0.0040552123,16
turning,cnn_ae,global_mse,2inchStickout_F_08-Jun-2017_rpm320_doc0p020_window_0013,2inchStickout/F_08-Jun-2017_rpm320_doc0p020,validation,42,0,cv_evaluation,no_chatter,0,0.0009483591,16
turning,cnn_ae,global_mse,2inchStickout_F_08-Jun-2017_rpm320_doc0p020_window_0014,2inchStickout/F_08-Jun-2017_rpm320_doc0p020,validation,42,0,cv_evaluation,no_chatter,0,0.0012185961,16
turning,cnn_ae,global_mse,2inchStickout_F_08-Jun-2017_rpm320_doc0p020_window_0015,2inchStickout/F_08-Jun-2017_rpm320_doc0p020,train,42,0,cv_evaluation,no_chatter,0,0.00086781516,16
turning,cnn_ae,global_mse,2inchStickout_F_08-Jun-2017_rpm320_doc0p020_window_0016,2inchStickout/F_08-Jun-2017_rpm320_doc0p020,train,42,0,cv_evaluation,no_chatter,0,0.0009616211,16
turning,cnn_ae,global_mse,2inchStickout_F_08-Jun-2017_rpm320_doc0p020_window_0017,2inchStickout/F_08-Jun-2017_rpm320_doc0p020,train,42,0,cv_evaluation,no_chatter,0,0.0010369157,16
turning,cnn_ae,global_mse,2inchStickout_F_08-Jun-2017_rpm320_doc0p020_window_0018,2inchStickout/F_08-Jun-2017_rpm320_doc0p020,train,42,0,cv_evaluation,no_chatter,0,0.0012672147,16
turning,cnn_ae,global_mse,2inchStickout_F_08-Jun-2017_rpm320_doc0p020_window_0019,2inchStickout/F_08-Jun-2017_rpm320_doc0p020,train,42,0,cv_evaluation,no_chatter,0,0.0010866757,16
turning,cnn_ae,global_mse,2inchStickout_F_08-Jun-2017_rpm320_doc0p020_window_0020,2inchStickout/F_08-Jun-2017_rpm320_doc0p020,train,42,0,cv_evaluation,no_chatter,0,0.0011739924,16
turning,cnn_ae,global_mse,2inchStickout_F_08-Jun-2017_rpm320_doc0p020_window_0021,2inchStickout/F_08-Jun-2017_rpm320_doc0p020,train,42,0,cv_evaluation,no_chatter,0,0.0012581536,16
turning,cnn_ae,global_mse,2inchStickout_F_08-Jun-2017_rpm320_doc0p020_window_0022,2inchStickout/F_08-Jun-2017_rpm320_doc0p020,validation,42,0,cv_evaluation,no_chatter,0,0.0012960044,16
turning,cnn_ae,global_mse,2inchStickout_F_08-Jun-2017_rpm320_doc0p020_window_0023,2inchStickout/F_08-Jun-2017_rpm320_doc0p020,train,42,0,cv_evaluation,no_chatter,0,0.0008978972,16
turning,cnn_ae,global_mse,2inchStickout_F_08-Jun-2017_rpm320_doc0p025_window_0000,2inchStickout/F_08-Jun-2017_rpm320_doc0p025,train,42,0,cv_evaluation,no_chatter,0,0.00014152791,16
turning,cnn_ae,global_mse,2inchStickout_F_08-Jun-2017_rpm320_doc0p025_window_0001,2inchStickout/F_08-Jun-2017_rpm320_doc0p025,train,42,0,cv_evaluation,no_chatter,0,0.00010424216,16
turning,cnn_ae,global_mse,2inchStickout_F_08-Jun-2017_rpm320_doc0p025_window_0002,2inchStickout/F_08-Jun-2017_rpm320_doc0p025,train,42,0,cv_evaluation,no_chatter,0,0.0002308052,16
turning,cnn_ae,global_mse,2inchStickout_F_08-Jun-2017_rpm320_doc0p025_window_0003,2inchStickout/F_08-Jun-2017_rpm320_doc0p025,validation,42,0,cv_evaluation,no_chatter,0,0.0008649997,16
turning,cnn_ae,global_mse,2inchStickout_F_08-Jun-2017_rpm320_doc0p025_window_0004,2inchStickout/F_08-Jun-2017_rpm320_doc0p025,validation,42,0,cv_evaluation,no_chatter,0,0.0004014239,16
turning,cnn_ae,global_mse,2inchStickout_F_08-Jun-2017_rpm320_doc0p025_window_0005,2inchStickout/F_08-Jun-2017_rpm320_doc0p025,train,42,0,cv_evaluation,no_chatter,0,0.0004409333,16
turning,cnn_ae,global_mse,2inchStickout_F_08-Jun-2017_rpm320_doc0p025_window_0006,2inchStickout/F_08-Jun-2017_rpm320_doc0p025,train,42,0,cv_evaluation,no_chatter,0,0.0004208685,16
turning,cnn_ae,global_mse,2inchStickout_F_08-Jun-2017_rpm320_doc0p025_window_0007,2inchStickout/F_08-Jun-2017_rpm320_doc0p025,train,42,0,cv_evaluation,no_chatter,0,0.00041779928,16
turning,cnn_ae,global_mse,2inchStickout_F_08-Jun-2017_rpm320_doc0p025_window_0008,2inchStickout/F_08-Jun-2017_rpm320_doc0p025,validation,42,0,cv_evaluation,no_chatter,0,0.00044577874,16
turning,cnn_ae,global_mse,2inchStickout_F_08-Jun-2017_rpm320_doc0p025_window_0009,2inchStickout/F_08-Jun-2017_rpm320_doc0p025,train,42,0,cv_evaluation,no_chatter,0,0.00051584153,16
turning,cnn_ae,global_mse,2inchStickout_F_08-Jun-2017_rpm320_doc0p025_window_0010,2inchStickout/F_08-Jun-2017_rpm320_doc0p025,train,42,0,cv_evaluation,no_chatter,0,0.0005264546,16
turning,cnn_ae,global_mse,2inchStickout_F_08-Jun-2017_rpm320_doc0p025_window_0011,2inchStickout/F_08-Jun-2017_rpm320_doc0p025,train,42,0,cv_evaluation,no_chatter,0,0.00049421395,16
turning,cnn_ae,global_mse,2inchStickout_F_08-Jun-2017_rpm320_doc0p025_window_0012,2inchStickout/F_08-Jun-2017_rpm320_doc0p025,validation,42,0,cv_evaluation,no_chatter,0,0.0020827502,16
turning,cnn_ae,global_mse,2inchStickout_F_08-Jun-2017_rpm320_doc0p025_window_0013,2inchStickout/F_08-Jun-2017_rpm320_doc0p025,validation,42,0,cv_evaluation,no_chatter,0,0.0023157934,16
turning,cnn_ae,global_mse,2inchStickout_F_08-Jun-2017_rpm320_doc0p025_window_0014,2inchStickout/F_08-Jun-2017_rpm320_doc0p025,train,42,0,cv_evaluation,no_chatter,0,0.0028799458,16
turning,cnn_ae,global_mse,2inchStickout_F_08-Jun-2017_rpm320_doc0p025_window_0015,2inchStickout/F_08-Jun-2017_rpm320_doc0p025,train,42,0,cv_evaluation,no_chatter,0,0.0051723123,16
turning,cnn_ae,global_mse,2inchStickout_F_08-Jun-2017_rpm320_doc0p025_window_0016,2inchStickout/F_08-Jun-2017_rpm320_doc0p025,train,42,0,cv_evaluation,no_chatter,0,0.0026725326,16
turning,cnn_ae,global_mse,2inchStickout_F_08-Jun-2017_rpm320_doc0p025_window_0017,2inchStickout/F_08-Jun-2017_rpm320_doc0p025,validation,42,0,cv_evaluation,no_chatter,0,0.0017898305,16
turning,cnn_ae,global_mse,2inchStickout_F_08-Jun-2017_rpm320_doc0p025_window_0018,2inchStickout/F_08-Jun-2017_rpm320_doc0p025,train,42,0,cv_evaluation,no_chatter,0,0.0019388306,16
turning,cnn_ae,global_mse,2inchStickout_F_08-Jun-2017_rpm320_doc0p025_window_0019,2inchStickout/F_08-Jun-2017_rpm320_doc0p025,train,42,0,cv_evaluation,no_chatter,0,0.001732033,16
turning,cnn_ae,global_mse,2inchStickout_F_08-Jun-2017_rpm320_doc0p025_window_0020,2inchStickout/F_08-Jun-2017_rpm320_doc0p025,train,42,0,cv_evaluation,no_chatter,0,0.0016027141,16
turning,cnn_ae,global_mse,2inchStickout_F_08-Jun-2017_rpm320_doc0p025_window_0021,2inchStickout/F_08-Jun-2017_rpm320_doc0p025,validation,42,0,cv_evaluation,no_chatter,0,0.001000669,16
turning,cnn_ae,global_mse,2inchStickout_F_08-Jun-2017_rpm320_doc0p025_window_0022,2inchStickout/F_08-Jun-2017_rpm320_doc0p025,train,42,0,cv_evaluation,no_chatter,0,0.0007212092,16
turning,cnn_ae,global_mse,2inchStickout_F_08-Jun-2017_rpm320_doc0p025_window_0023,2inchStickout/F_08-Jun-2017_rpm320_doc0p025,validation,42,0,cv_evaluation,no_chatter,0,0.0011449086,16
turning,cnn_ae,global_mse,2inchStickout_F_08-Jun-2017_rpm425_doc0p010_window_0000,2inchStickout/F_08-Jun-2017_rpm425_doc0p010,validation,42,0,cv_evaluation,no_chatter,0,0.0003072228,16
turning,cnn_ae,global_mse,2inchStickout_F_08-Jun-2017_rpm425_doc0p010_window_0001,2inchStickout/F_08-Jun-2017_rpm425_doc0p010,train,42,0,cv_evaluation,no_chatter,0,0.00039835705,16
turning,cnn_ae,global_mse,2inchStickout_F_08-Jun-2017_rpm425_doc0p010_window_0002,2inchStickout/F_08-Jun-2017_rpm425_doc0p010,train,42,0,cv_evaluation,no_chatter,0,0.0009569854,16
turning,cnn_ae,global_mse,2inchStickout_F_08-Jun-2017_rpm425_doc0p010_window_0003,2inchStickout/F_08-Jun-2017_rpm425_doc0p010,train,42,0,cv_evaluation,no_chatter,0,0.0012585121,16
turning,cnn_ae,global_mse,2inchStickout_F_08-Jun-2017_rpm425_doc0p010_window_0004,2inchStickout/F_08-Jun-2017_rpm425_doc0p010,train,42,0,cv_evaluation,no_chatter,0,0.0012530236,16
turning,cnn_ae,global_mse,2inchStickout_F_08-Jun-2017_rpm425_doc0p010_window_0005,2inchStickout/F_08-Jun-2017_rpm425_doc0p010,validation,42,0,cv_evaluation,no_chatter,0,0.0012476972,16
turning,cnn_ae,global_mse,2inchStickout_F_08-Jun-2017_rpm425_doc0p010_window_0006,2inchStickout/F_08-Jun-2017_rpm425_doc0p010,train,42,0,cv_evaluation,no_chatter,0,0.0014724595,16
turning,cnn_ae,global_mse,2inchStickout_F_08-Jun-2017_rpm425_doc0p010_window_0007,2inchStickout/F_08-Jun-2017_rpm425_doc0p010,train,42,0,cv_evaluation,no_chatter,0,0.0015584091,16
turning,cnn_ae,global_mse,2inchStickout_F_08-Jun-2017_rpm425_doc0p020_window_0000,2inchStickout/F_08-Jun-2017_rpm425_doc0p020,train,42,0,cv_evaluation,no_chatter,0,0.00016714474,16
turning,cnn_ae,global_mse,2inchStickout_F_08-Jun-2017_rpm425_doc0p020_window_0001,2inchStickout/F_08-Jun-2017_rpm425_doc0p020,train,42,0,cv_evaluation,no_chatter,0,0.00033023796,16
turning,cnn_ae,global_mse,2inchStickout_F_08-Jun-2017_rpm425_doc0p020_window_0002,2inchStickout/F_08-Jun-2017_rpm425_doc0p020,test,42,0,cv_evaluation,no_chatter,0,0.0010686258,16
turning,cnn_ae,global_mse,2inchStickout_F_08-Jun-2017_rpm425_doc0p020_window_0003,2inchStickout/F_08-Jun-2017_rpm425_doc0p020,train,42,0,cv_evaluation,no_chatter,0,0.0013124393,16
turning,cnn_ae,global_mse,2inchStickout_F_08-Jun-2017_rpm425_doc0p020_window_0004,2inchStickout/F_08-Jun-2017_rpm425_doc0p020,train,42,0,cv_evaluation,no_chatter,0,0.0016618884,16
turning,cnn_ae,global_mse,2inchStickout_F_08-Jun-2017_rpm425_doc0p020_window_0005,2inchStickout/F_08-Jun-2017_rpm425_doc0p020,test,42,0,cv_evaluation,no_chatter,0,0.0044828225,16
turning,cnn_ae,global_mse,2inchStickout_F_08-Jun-2017_rpm425_doc0p020_window_0006,2inchStickout/F_08-Jun-2017_rpm425_doc0p020,validation,42,0,cv_evaluation,chatter,1,0.011304308,16
turning,cnn_ae,global_mse,2inchStickout_F_08-Jun-2017_rpm425_doc0p020_window_0007,2inchStickout/F_08-Jun-2017_rpm425_doc0p020,validation,42,0,cv_evaluation,chatter,1,0.007426437,16
turning,cnn_ae,global_mse,2inchStickout_F_08-Jun-2017_rpm770_doc0p010_window_0000,2inchStickout/F_08-Jun-2017_rpm770_doc0p010,train,42,0,cv_evaluation,no_chatter,0,0.00026044965,16
turning,cnn_ae,global_mse,2inchStickout_F_08-Jun-2017_rpm770_doc0p010_window_0001,2inchStickout/F_08-Jun-2017_rpm770_doc0p010,test,42,0,cv_evaluation,chatter,1,0.020028424,16
turning,cnn_ae,global_mse,2inchStickout_F_08-Jun-2017_rpm770_doc0p010_window_0002,2inchStickout/F_08-Jun-2017_rpm770_doc0p010,test,42,0,cv_evaluation,chatter,1,0.010615122,16
turning,cnn_ae,global_mse,2inchStickout_F_08-Jun-2017_rpm770_doc0p010_window_0003,2inchStickout/F_08-Jun-2017_rpm770_doc0p010,test,42,0,cv_evaluation,chatter,1,0.01219774,16
turning,cnn_ae,global_mse,2inchStickout_F_08-Jun-2017_rpm770_doc0p010_window_0004,2inchStickout/F_08-Jun-2017_rpm770_doc0p010,test,42,0,cv_evaluation,chatter,1,0.014460398,16
turning,cnn_ae,global_mse,2inchStickout_F_08-Jun-2017_rpm770_doc0p010_window_0005,2inchStickout/F_08-Jun-2017_rpm770_doc0p010,test,42,0,cv_evaluation,chatter,1,0.0140529815,16
turning,cnn_ae,global_mse,2inchStickout_F_08-Jun-2017_rpm770_doc0p010_window_0006,2inchStickout/F_08-Jun-2017_rpm770_doc0p010,test,42,0,cv_evaluation,chatter,1,0.01534369,16
turning,cnn_ae,global_mse,2inchStickout_F_08-Jun-2017_rpm770_doc0p010_window_0007,2inchStickout/F_08-Jun-2017_rpm770_doc0p010,test,42,0,cv_evaluation,chatter,1,0.015365316,16
turning,cnn_ae,global_mse,2inchStickout_F_08-Jun-2017_rpm770_doc0p010_window_0008,2inchStickout/F_08-Jun-2017_rpm770_doc0p010,test,42,0,cv_evaluation,chatter,1,0.015695443,16
turning,cnn_ae,global_mse,2inchStickout_F_08-Jun-2017_rpm770_doc0p010_window_0009,2inchStickout/F_08-Jun-2017_rpm770_doc0p010,test,42,0,cv_evaluation,chatter,1,0.01750654,16
turning,cnn_ae,global_mse,2inchStickout_F_08-Jun-2017_rpm770_doc0p010_window_0010,2inchStickout/F_08-Jun-2017_rpm770_doc0p010,test,42,0,cv_evaluation,chatter,1,0.019677697,16
turning,cnn_ae,global_mse,2inchStickout_F_08-Jun-2017_rpm770_doc0p010_window_0011,2inchStickout/F_08-Jun-2017_rpm770_doc0p010,test,42,0,cv_evaluation,chatter,1,0.0165239,16
turning,cnn_ae,global_mse,2inchStickout_F_08-Jun-2017_rpm770_doc0p010_window_0012,2inchStickout/F_08-Jun-2017_rpm770_doc0p010,test,42,0,cv_evaluation,chatter,1,0.013482219,16
turning,cnn_ae,global_mse,2inchStickout_F_08-Jun-2017_rpm770_doc0p010_window_0013,2inchStickout/F_08-Jun-2017_rpm770_doc0p010,test,42,0,cv_evaluation,chatter,1,0.009568425,16
turning,cnn_ae,global_mse,2inchStickout_F_08-Jun-2017_rpm770_doc0p010_window_0014,2inchStickout/F_08-Jun-2017_rpm770_doc0p010,train,42,0,cv_evaluation,no_chatter,0,0.012457579,16
turning,cnn_ae,global_mse,2inchStickout_F_08-Jun-2017_rpm770_doc0p010_window_0015,2inchStickout/F_08-Jun-2017_rpm770_doc0p010,train,42,0,cv_evaluation,no_chatter,0,0.00022874122,16
turning,cnn_ae,global_mse,2inchStickout_F_08-Jun-2017_rpm770_doc0p010_window_0016,2inchStickout/F_08-Jun-2017_rpm770_doc0p010,train,42,0,cv_evaluation,no_chatter,0,0.00024415596,16
turning,cnn_ae,global_mse,2inchStickout_F_08-Jun-2017_rpm770_doc0p010_window_0017,2inchStickout/F_08-Jun-2017_rpm770_doc0p010,train,42,0,cv_evaluation,no_chatter,0,0.00026439066,16
turning,cnn_ae,global_mse,2inchStickout_F_08-Jun-2017_rpm770_doc0p010_window_0018,2inchStickout/F_08-Jun-2017_rpm770_doc0p010,train,42,0,cv_evaluation,no_chatter,0,0.00017284811,16
turning,cnn_ae,global_mse,2inchStickout_F_08-Jun-2017_rpm770_doc0p010_window_0019,2inchStickout/F_08-Jun-2017_rpm770_doc0p010,train,42,0,cv_evaluation,no_chatter,0,0.00020742496,16
turning,cnn_ae,global_mse,2inchStickout_F_08-Jun-2017_rpm770_doc0p010_window_0020,2inchStickout/F_08-Jun-2017_rpm770_doc0p010,train,42,0,cv_evaluation,no_chatter,0,0.00021627064,16
turning,cnn_ae,global_mse,2inchStickout_F_08-Jun-2017_rpm770_doc0p010_window_0021,2inchStickout/F_08-Jun-2017_rpm770_doc0p010,train,42,0,cv_evaluation,no_chatter,0,0.00019732407,16
turning,cnn_ae,global_mse,2inchStickout_F_08-Jun-2017_rpm770_doc0p010_window_0022,2inchStickout/F_08-Jun-2017_rpm770_doc0p010,train,42,0,cv_evaluation,no_chatter,0,0.00018221578,16
turning,cnn_ae,global_mse,2inchStickout_F_08-Jun-2017_rpm770_doc0p010_window_0023,2inchStickout/F_08-Jun-2017_rpm770_doc0p010,train,42,0,cv_evaluation,no_chatter,0,0.00018842515,16
turning,cnn_ae,global_mse,2inchStickout_F_08-Jun-2017_smoothingCut2_noChatter_window_0000,2inchStickout/F_08-Jun-2017_smoothingCut2_noChatter,train,42,0,cv_evaluation,no_chatter,0,0.00021202122,16
turning,cnn_ae,global_mse,2inchStickout_F_08-Jun-2017_smoothingCut2_noChatter_window_0001,2inchStickout/F_08-Jun-2017_smoothingCut2_noChatter,test,42,0,cv_evaluation,no_chatter,0,0.0009381397,16
turning,cnn_ae,global_mse,2inchStickout_F_08-Jun-2017_smoothingCut2_noChatter_window_0002,2inchStickout/F_08-Jun-2017_smoothingCut2_noChatter,train,42,0,cv_evaluation,no_chatter,0,0.003486966,16
turning,cnn_ae,global_mse,2inchStickout_F_08-Jun-2017_smoothingCut2_noChatter_window_0003,2inchStickout/F_08-Jun-2017_smoothingCut2_noChatter,train,42,0,cv_evaluation,no_chatter,0,0.0016729643,16
turning,cnn_ae,global_mse,2inchStickout_F_08-Jun-2017_smoothingCut2_noChatter_window_0004,2inchStickout/F_08-Jun-2017_smoothingCut2_noChatter,train,42,0,cv_evaluation,no_chatter,0,0.0012318641,16
turning,cnn_ae,global_mse,2inchStickout_F_08-Jun-2017_smoothingCut2_noChatter_window_0005,2inchStickout/F_08-Jun-2017_smoothingCut2_noChatter,train,42,0,cv_evaluation,no_chatter,0,0.0011225756,16
turning,cnn_ae,global_mse,2inchStickout_F_08-Jun-2017_smoothingCut2_noChatter_window_0006,2inchStickout/F_08-Jun-2017_smoothingCut2_noChatter,train,42,0,cv_evaluation,no_chatter,0,0.0010872838,16
turning,cnn_ae,global_mse,2inchStickout_F_08-Jun-2017_smoothingCut2_noChatter_window_0007,2inchStickout/F_08-Jun-2017_smoothingCut2_noChatter,test,42,0,cv_evaluation,no_chatter,0,0.0011125439,16
turning,cnn_ae,global_mse,2inchStickout_F_08-Jun-2017_smoothingCut2_noChatter_window_0008,2inchStickout/F_08-Jun-2017_smoothingCut2_noChatter,train,42,0,cv_evaluation,no_chatter,0,0.0009996837,16
turning,cnn_ae,global_mse,2inchStickout_F_08-Jun-2017_smoothingCut2_noChatter_window_0009,2inchStickout/F_08-Jun-2017_smoothingCut2_noChatter,train,42,0,cv_evaluation,no_chatter,0,0.0012041874,16
turning,cnn_ae,global_mse,2inchStickout_F_08-Jun-2017_smoothingCut2_noChatter_window_0010,2inchStickout/F_08-Jun-2017_smoothingCut2_noChatter,test,42,0,cv_evaluation,no_chatter,0,0.0012753019,16
turning,cnn_ae,global_mse,2inchStickout_F_08-Jun-2017_smoothingCut2_noChatter_window_0011,2inchStickout/F_08-Jun-2017_smoothingCut2_noChatter,train,42,0,cv_evaluation,no_chatter,0,0.0013994755,16
turning,cnn_ae,global_mse,2p5inchStickout_F_12-Jun-2017_rpm570_doc0p008_window_0000,2p5inchStickout/F_12-Jun-2017_rpm570_doc0p008,train,42,0,cv_evaluation,no_chatter,0,0.00059788977,16
turning,cnn_ae,global_mse,2p5inchStickout_F_12-Jun-2017_rpm570_doc0p008_window_0001,2p5inchStickout/F_12-Jun-2017_rpm570_doc0p008,train,42,0,cv_evaluation,no_chatter,0,0.001683927,16
turning,cnn_ae,global_mse,2p5inchStickout_F_12-Jun-2017_rpm570_doc0p008_window_0002,2p5inchStickout/F_12-Jun-2017_rpm570_doc0p008,train,42,0,cv_evaluation,no_chatter,0,0.0013440081,16
turning,cnn_ae,global_mse,2p5inchStickout_F_12-Jun-2017_rpm570_doc0p008_window_0003,2p5inchStickout/F_12-Jun-2017_rpm570_doc0p008,train,42,0,cv_evaluation,no_chatter,0,0.0017234504,16
turning,cnn_ae,global_mse,2p5inchStickout_F_12-Jun-2017_rpm570_doc0p008_window_0004,2p5inchStickout/F_12-Jun-2017_rpm570_doc0p008,train,42,0,cv_evaluation,no_chatter,0,0.0019580438,16
turning,cnn_ae,global_mse,2p5inchStickout_F_12-Jun-2017_rpm570_doc0p008_window_0005,2p5inchStickout/F_12-Jun-2017_rpm570_doc0p008,train,42,0,cv_evaluation,no_chatter,0,0.0020842766,16
turning,cnn_ae,global_mse,2p5inchStickout_F_12-Jun-2017_rpm570_doc0p008_window_0006,2p5inchStickout/F_12-Jun-2017_rpm570_doc0p008,train,42,0,cv_evaluation,no_chatter,0,0.0015592797,16
turning,cnn_ae,global_mse,2p5inchStickout_F_12-Jun-2017_rpm570_doc0p008_window_0007,2p5inchStickout/F_12-Jun-2017_rpm570_doc0p008,train,42,0,cv_evaluation,no_chatter,0,0.0017830796,16
turning,cnn_ae,global_mse,2p5inchStickout_F_12-Jun-2017_rpm570_doc0p008_window_0008,2p5inchStickout/F_12-Jun-2017_rpm570_doc0p008,train,42,0,cv_evaluation,no_chatter,0,0.0017269594,16
turning,cnn_ae,global_mse,2p5inchStickout_F_12-Jun-2017_rpm570_doc0p008_window_0009,2p5inchStickout/F_12-Jun-2017_rpm570_doc0p008,validation,42,0,cv_evaluation,no_chatter,0,0.0018103241,16
turning,cnn_ae,global_mse,4p5inchStickout_F_12-Jun-2017_rpm570_doc0p035_window_0000,4p5inchStickout/F_12-Jun-2017_rpm570_doc0p035,validation,42,0,cv_evaluation,no_chatter,0,0.0012069698,16
turning,cnn_ae,global_mse,4p5inchStickout_F_12-Jun-2017_rpm570_doc0p035_window_0001,4p5inchStickout/F_12-Jun-2017_rpm570_doc0p035,validation,42,0,cv_evaluation,no_chatter,0,0.0016229264,16
turning,cnn_ae,global_mse,4p5inchStickout_F_12-Jun-2017_rpm570_doc0p035_window_0002,4p5inchStickout/F_12-Jun-2017_rpm570_doc0p035,train,42,0,cv_evaluation,no_chatter,0,0.0015116575,16
turning,cnn_ae,global_mse,4p5inchStickout_F_12-Jun-2017_rpm570_doc0p035_window_0003,4p5inchStickout/F_12-Jun-2017_rpm570_doc0p035,train,42,0,cv_evaluation,no_chatter,0,0.0011367946,16
turning,cnn_ae,global_mse,4p5inchStickout_F_12-Jun-2017_rpm570_doc0p035_window_0004,4p5inchStickout/F_12-Jun-2017_rpm570_doc0p035,train,42,0,cv_evaluation,no_chatter,0,0.0011122694,16
turning,cnn_ae,global_mse,4p5inchStickout_F_12-Jun-2017_rpm570_doc0p035_window_0005,4p5inchStickout/F_12-Jun-2017_rpm570_doc0p035,train,42,0,cv_evaluation,no_chatter,0,0.000989178,16
turning,cnn_ae,global_mse,4p5inchStickout_F_12-Jun-2017_rpm570_doc0p035_window_0006,4p5inchStickout/F_12-Jun-2017_rpm570_doc0p035,train,42,0,cv_evaluation,no_chatter,0,0.0011811404,16
turning,cnn_ae,global_mse,4p5inchStickout_F_12-Jun-2017_rpm570_doc0p035_window_0007,4p5inchStickout/F_12-Jun-2017_rpm570_doc0p035,train,42,0,cv_evaluation,no_chatter,0,0.0010866416,16
turning,cnn_ae,global_mse,4p5inchStickout_F_12-Jun-2017_rpm570_doc0p035_window_0008,4p5inchStickout/F_12-Jun-2017_rpm570_doc0p035,train,42,0,cv_evaluation,no_chatter,0,0.0010224374,16
turning,cnn_ae,global_mse,4p5inchStickout_F_12-Jun-2017_rpm570_doc0p035_window_0009,4p5inchStickout/F_12-Jun-2017_rpm570_doc0p035,train,42,0,cv_evaluation,no_chatter,0,0.0055134366,16
turning,cnn_ae,global_mse,4p5inchStickout_F_12-Jun-2017_rpm570_doc0p035_window_0010,4p5inchStickout/F_12-Jun-2017_rpm570_doc0p035,validation,42,0,cv_evaluation,no_chatter,0,7.423351e-05,16
turning,cnn_ae,global_mse,4p5inchStickout_F_12-Jun-2017_rpm570_doc0p035_window_0011,4p5inchStickout/F_12-Jun-2017_rpm570_doc0p035,train,42,0,cv_evaluation,no_chatter,0,9.931594e-05,16
turning,cnn_ae,global_mse,4p5inchStickout_F_13-Jun-2017_rpm1030_doc0p005_window_0000,4p5inchStickout/F_13-Jun-2017_rpm1030_doc0p005,train,42,0,cv_evaluation,no_chatter,0,7.791617e-05,16
turning,cnn_ae,global_mse,4p5inchStickout_F_13-Jun-2017_rpm1030_doc0p005_window_0001,4p5inchStickout/F_13-Jun-2017_rpm1030_doc0p005,test,42,0,cv_evaluation,no_chatter,0,0.001931394,16
turning,cnn_ae,global_mse,4p5inchStickout_F_13-Jun-2017_rpm1030_doc0p005_window_0002,4p5inchStickout/F_13-Jun-2017_rpm1030_doc0p005,test,42,0,cv_evaluation,no_chatter,0,0.001236728,16
turning,cnn_ae,global_mse,4p5inchStickout_F_13-Jun-2017_rpm1030_doc0p005_window_0003,4p5inchStickout/F_13-Jun-2017_rpm1030_doc0p005,train,42,0,cv_evaluation,no_chatter,0,0.0022463773,16
turning,cnn_ae,global_mse,4p5inchStickout_F_13-Jun-2017_rpm1030_doc0p014_window_0000,4p5inchStickout/F_13-Jun-2017_rpm1030_doc0p014,train,42,0,cv_evaluation,no_chatter,0,7.4368174e-05,16
turning,cnn_ae,global_mse,4p5inchStickout_F_13-Jun-2017_rpm1030_doc0p014_window_0001,4p5inchStickout/F_13-Jun-2017_rpm1030_doc0p014,train,42,0,cv_evaluation,no_chatter,0,0.0019359904,16
turning,cnn_ae,global_mse,4p5inchStickout_F_13-Jun-2017_rpm1030_doc0p014_window_0002,4p5inchStickout/F_13-Jun-2017_rpm1030_doc0p014,validation,42,0,cv_evaluation,no_chatter,0,0.0017576001,16
turning,cnn_ae,global_mse,4p5inchStickout_F_13-Jun-2017_rpm1030_doc0p014_window_0003,4p5inchStickout/F_13-Jun-2017_rpm1030_doc0p014,train,42,0,cv_evaluation,no_chatter,0,0.0020786736,16
turning,cnn_ae,global_mse,4p5inchStickout_F_13-Jun-2017_rpm770_doc0p015_window_0000,4p5inchStickout/F_13-Jun-2017_rpm770_doc0p015,train,42,0,cv_evaluation,no_chatter,0,4.967853e-05,16
turning,cnn_ae,global_mse,4p5inchStickout_F_13-Jun-2017_rpm770_doc0p015_window_0001,4p5inchStickout/F_13-Jun-2017_rpm770_doc0p015,validation,42,0,cv_evaluation,no_chatter,0,0.0008411612,16
turning,cnn_ae,global_mse,4p5inchStickout_F_13-Jun-2017_rpm770_doc0p015_window_0002,4p5inchStickout/F_13-Jun-2017_rpm770_doc0p015,validation,42,0,cv_evaluation,no_chatter,0,0.0010747273,16
turning,cnn_ae,global_mse,4p5inchStickout_F_13-Jun-2017_rpm770_doc0p015_window_0003,4p5inchStickout/F_13-Jun-2017_rpm770_doc0p015,train,42,0,cv_evaluation,no_chatter,0,0.0012822611,16
turning,cnn_ae,global_mse,4p5inchStickout_F_13-Jun-2017_rpm770_doc0p015_window_0004,4p5inchStickout/F_13-Jun-2017_rpm770_doc0p015,validation,42,0,cv_evaluation,no_chatter,0,0.0014487343,16
turning,cnn_ae,global_mse,4p5inchStickout_F_13-Jun-2017_rpm770_doc0p015_window_0005,4p5inchStickout/F_13-Jun-2017_rpm770_doc0p015,validation,42,0,cv_evaluation,no_chatter,0,0.0010547643,16
turning,cnn_ae,global_mae,2inchStickout_F_08-Jun-2017_rpm320_doc0p020_window_0000,2inchStickout/F_08-Jun-2017_rpm320_doc0p020,validation,42,0,cv_evaluation,no_chatter,0,0.005072868,16
turning,cnn_ae,global_mae,2inchStickout_F_08-Jun-2017_rpm320_doc0p020_window_0001,2inchStickout/F_08-Jun-2017_rpm320_doc0p020,train,42,0,cv_evaluation,no_chatter,0,0.004481082,16
turning,cnn_ae,global_mae,2inchStickout_F_08-Jun-2017_rpm320_doc0p020_window_0002,2inchStickout/F_08-Jun-2017_rpm320_doc0p020,train,42,0,cv_evaluation,no_chatter,0,0.004466838,16
turning,cnn_ae,global_mae,2inchStickout_F_08-Jun-2017_rpm320_doc0p020_window_0003,2inchStickout/F_08-Jun-2017_rpm320_doc0p020,validation,42,0,cv_evaluation,no_chatter,0,0.004557079,16
turning,cnn_ae,global_mae,2inchStickout_F_08-Jun-2017_rpm320_doc0p020_window_0004,2inchStickout/F_08-Jun-2017_rpm320_doc0p020,validation,42,0,cv_evaluation,no_chatter,0,0.0077184057,16
turning,cnn_ae,global_mae,2inchStickout_F_08-Jun-2017_rpm320_doc0p020_window_0005,2inchStickout/F_08-Jun-2017_rpm320_doc0p020,train,42,0,cv_evaluation,no_chatter,0,0.010760996,16
turning,cnn_ae,global_mae,2inchStickout_F_08-Jun-2017_rpm320_doc0p020_window_0006,2inchStickout/F_08-Jun-2017_rpm320_doc0p020,validation,42,0,cv_evaluation,no_chatter,0,0.010534903,16
turning,cnn_ae,global_mae,2inchStickout_F_08-Jun-2017_rpm320_doc0p020_window_0007,2inchStickout/F_08-Jun-2017_rpm320_doc0p020,train,42,0,cv_evaluation,no_chatter,0,0.011054305,16
turning,cnn_ae,global_mae,2inchStickout_F_08-Jun-2017_rpm320_doc0p020_window_0008,2inchStickout/F_08-Jun-2017_rpm320_doc0p020,train,42,0,cv_evaluation,no_chatter,0,0.017384527,16
turning,cnn_ae,global_mae,2inchStickout_F_08-Jun-2017_rpm320_doc0p020_window_0009,2inchStickout/F_08-Jun-2017_rpm320_doc0p020,train,42,0,cv_evaluation,no_chatter,0,0.019861612,16
turning,cnn_ae,global_mae,2inchStickout_F_08-Jun-2017_rpm320_doc0p020_window_0010,2inchStickout/F_08-Jun-2017_rpm320_doc0p020,train,42,0,cv_evaluation,no_chatter,0,0.02782564,16
turning,cnn_ae,global_mae,2inchStickout_F_08-Jun-2017_rpm320_doc0p020_window_0011,2inchStickout/F_08-Jun-2017_rpm320_doc0p020,train,42,0,cv_evaluation,no_chatter,0,0.03135514,16
turning,cnn_ae,global_mae,2inchStickout_F_08-Jun-2017_rpm320_doc0p020_window_0012,2inchStickout/F_08-Jun-2017_rpm320_doc0p020,train,42,0,cv_evaluation,no_chatter,0,0.025170477,16
turning,cnn_ae,global_mae,2inchStickout_F_08-Jun-2017_rpm320_doc0p020_window_0013,2inchStickout/F_08-Jun-2017_rpm320_doc0p020,validation,42,0,cv_evaluation,no_chatter,0,0.014025686,16
turning,cnn_ae,global_mae,2inchStickout_F_08-Jun-2017_rpm320_doc0p020_window_0014,2inchStickout/F_08-Jun-2017_rpm320_doc0p020,validation,42,0,cv_evaluation,no_chatter,0,0.015843017,16
turning,cnn_ae,global_mae,2inchStickout_F_08-Jun-2017_rpm320_doc0p020_window_0015,2inchStickout/F_08-Jun-2017_rpm320_doc0p020,train,42,0,cv_evaluation,no_chatter,0,0.013373606,16
turning,cnn_ae,global_mae,2inchStickout_F_08-Jun-2017_rpm320_doc0p020_window_0016,2inchStickout/F_08-Jun-2017_rpm320_doc0p020,train,42,0,cv_evaluation,no_chatter,0,0.014515603,16
turning,cnn_ae,global_mae,2inchStickout_F_08-Jun-2017_rpm320_doc0p020_window_0017,2inchStickout/F_08-Jun-2017_rpm320_doc0p020,train,42,0,cv_evaluation,no_chatter,0,0.015347431,16
turning,cnn_ae,global_mae,2inchStickout_F_08-Jun-2017_rpm320_doc0p020_window_0018,2inchStickout/F_08-Jun-2017_rpm320_doc0p020,train,42,0,cv_evaluation,no_chatter,0,0.017281009,16
turning,cnn_ae,global_mae,2inchStickout_F_08-Jun-2017_rpm320_doc0p020_window_0019,2inchStickout/F_08-Jun-2017_rpm320_doc0p020,train,42,0,cv_evaluation,no_chatter,0,0.016076723,16
turning,cnn_ae,global_mae,2inchStickout_F_08-Jun-2017_rpm320_doc0p020_window_0020,2inchStickout/F_08-Jun-2017_rpm320_doc0p020,train,42,0,cv_evaluation,no_chatter,0,0.016013099,16
turning,cnn_ae,global_mae,2inchStickout_F_08-Jun-2017_rpm320_doc0p020_window_0021,2inchStickout/F_08-Jun-2017_rpm320_doc0p020,train,42,0,cv_evaluation,no_chatter,0,0.016228378,16
turning,cnn_ae,global_mae,2inchStickout_F_08-Jun-2017_rpm320_doc0p020_window_0022,2inchStickout/F_08-Jun-2017_rpm320_doc0p020,validation,42,0,cv_evaluation,no_chatter,0,0.016327173,16
turning,cnn_ae,global_mae,2inchStickout_F_08-Jun-2017_rpm320_doc0p020_window_0023,2inchStickout/F_08-Jun-2017_rpm320_doc0p020,train,42,0,cv_evaluation,no_chatter,0,0.01514378,16
turning,cnn_ae,global_mae,2inchStickout_F_08-Jun-2017_rpm320_doc0p025_window_0000,2inchStickout/F_08-Jun-2017_rpm320_doc0p025,train,42,0,cv_evaluation,no_chatter,0,0.0045198356,16
turning,cnn_ae,global_mae,2inchStickout_F_08-Jun-2017_rpm320_doc0p025_window_0001,2inchStickout/F_08-Jun-2017_rpm320_doc0p025,train,42,0,cv_evaluation,no_chatter,0,0.004042574,16
turning,cnn_ae,global_mae,2inchStickout_F_08-Jun-2017_rpm320_doc0p025_window_0002,2inchStickout/F_08-Jun-2017_rpm320_doc0p025,train,42,0,cv_evaluation,no_chatter,0,0.005577915,16
turning,cnn_ae,global_mae,2inchStickout_F_08-Jun-2017_rpm320_doc0p025_window_0003,2inchStickout/F_08-Jun-2017_rpm320_doc0p025,validation,42,0,cv_evaluation,no_chatter,0,0.014086529,16
turning,cnn_ae,global_mae,2inchStickout_F_08-Jun-2017_rpm320_doc0p025_window_0004,2inchStickout/F_08-Jun-2017_rpm320_doc0p025,validation,42,0,cv_evaluation,no_chatter,0,0.010925656,16
turning,cnn_ae,global_mae,2inchStickout_F_08-Jun-2017_rpm320_doc0p025_window_0005,2inchStickout/F_08-Jun-2017_rpm320_doc0p025,train,42,0,cv_evaluation,no_chatter,0,0.011976443,16
turning,cnn_ae,global_mae,2inchStickout_F_08-Jun-2017_rpm320_doc0p025_window_0006,2inchStickout/F_08-Jun-2017_rpm320_doc0p025,train,42,0,cv_evaluation,no_chatter,0,0.01181636,16
turning,cnn_ae,global_mae,2inchStickout_F_08-Jun-2017_rpm320_doc0p025_window_0007,2inchStickout/F_08-Jun-2017_rpm320_doc0p025,train,42,0,cv_evaluation,no_chatter,0,0.011725865,16
turning,cnn_ae,global_mae,2inchStickout_F_08-Jun-2017_rpm320_doc0p025_window_0008,2inchStickout/F_08-Jun-2017_rpm320_doc0p025,validation,42,0,cv_evaluation,no_chatter,0,0.012311806,16
turning,cnn_ae,global_mae,2inchStickout_F_08-Jun-2017_rpm320_doc0p025_window_0009,2inchStickout/F_08-Jun-2017_rpm320_doc0p025,train,42,0,cv_evaluation,no_chatter,0,0.012803209,16
turning,cnn_ae,global_mae,2inchStickout_F_08-Jun-2017_rpm320_doc0p025_window_0010,2inchStickout/F_08-Jun-2017_rpm320_doc0p025,train,42,0,cv_evaluation,no_chatter,0,0.013218968,16
turning,cnn_ae,global_mae,2inchStickout_F_08-Jun-2017_rpm320_doc0p025_window_0011,2inchStickout/F_08-Jun-2017_rpm320_doc0p025,train,42,0,cv_evaluation,no_chatter,0,0.012921132,16
turning,cnn_ae,global_mae,2inchStickout_F_08-Jun-2017_rpm320_doc0p025_window_0012,2inchStickout/F_08-Jun-2017_rpm320_doc0p025,validation,42,0,cv_evaluation,no_chatter,0,0.024139768,16
turning,cnn_ae,global_mae,2inchStickout_F_08-Jun-2017_rpm320_doc0p025_window_0013,2inchStickout/F_08-Jun-2017_rpm320_doc0p025,validation,42,0,cv_evaluation,no_chatter,0,0.025859088,16
turning,cnn_ae,global_mae,2inchStickout_F_08-Jun-2017_rpm320_doc0p025_window_0014,2inchStickout/F_08-Jun-2017_rpm320_doc0p025,train,42,0,cv_evaluation,no_chatter,0,0.031474024,16
turning,cnn_ae,global_mae,2inchStickout_F_08-Jun-2017_rpm320_doc0p025_window_0015,2inchStickout/F_08-Jun-2017_rpm320_doc0p025,train,42,0,cv_evaluation,no_chatter,0,0.039883427,16
turning,cnn_ae,global_mae,2inchStickout_F_08-Jun-2017_rpm320_doc0p025_window_0016,2inchStickout/F_08-Jun-2017_rpm320_doc0p025,train,42,0,cv_evaluation,no_chatter,0,0.029105596,16
turning,cnn_ae,global_mae,2inchStickout_F_08-Jun-2017_rpm320_doc0p025_window_0017,2inchStickout/F_08-Jun-2017_rpm320_doc0p025,validation,42,0,cv_evaluation,no_chatter,0,0.022865472,16
turning,cnn_ae,global_mae,2inchStickout_F_08-Jun-2017_rpm320_doc0p025_window_0018,2inchStickout/F_08-Jun-2017_rpm320_doc0p025,train,42,0,cv_evaluation,no_chatter,0,0.023563778,16
turning,cnn_ae,global_mae,2inchStickout_F_08-Jun-2017_rpm320_doc0p025_window_0019,2inchStickout/F_08-Jun-2017_rpm320_doc0p025,train,42,0,cv_evaluation,no_chatter,0,0.022182485,16
turning,cnn_ae,global_mae,2inchStickout_F_08-Jun-2017_rpm320_doc0p025_window_0020,2inchStickout/F_08-Jun-2017_rpm320_doc0p025,train,42,0,cv_evaluation,no_chatter,0,0.02330778,16
turning,cnn_ae,global_mae,2inchStickout_F_08-Jun-2017_rpm320_doc0p025_window_0021,2inchStickout/F_08-Jun-2017_rpm320_doc0p025,validation,42,0,cv_evaluation,no_chatter,0,0.019587802,16
turning,cnn_ae,global_mae,2inchStickout_F_08-Jun-2017_rpm320_doc0p025_window_0022,2inchStickout/F_08-Jun-2017_rpm320_doc0p025,train,42,0,cv_evaluation,no_chatter,0,0.016373392,16
turning,cnn_ae,global_mae,2inchStickout_F_08-Jun-2017_rpm320_doc0p025_window_0023,2inchStickout/F_08-Jun-2017_rpm320_doc0p025,validation,42,0,cv_evaluation,no_chatter,0,0.020350812,16
turning,cnn_ae,global_mae,2inchStickout_F_08-Jun-2017_rpm425_doc0p010_window_0000,2inchStickout/F_08-Jun-2017_rpm425_doc0p010,validation,42,0,cv_evaluation,no_chatter,0,0.0062127393,16
turning,cnn_ae,global_mae,2inchStickout_F_08-Jun-2017_rpm425_doc0p010_window_0001,2inchStickout/F_08-Jun-2017_rpm425_doc0p010,train,42,0,cv_evaluation,no_chatter,0,0.007641438,16
turning,cnn_ae,global_mae,2inchStickout_F_08-Jun-2017_rpm425_doc0p010_window_0002,2inchStickout/F_08-Jun-2017_rpm425_doc0p010,train,42,0,cv_evaluation,no_chatter,0,0.015963826,16
turning,cnn_ae,global_mae,2inchStickout_F_08-Jun-2017_rpm425_doc0p010_window_0003,2inchStickout/F_08-Jun-2017_rpm425_doc0p010,train,42,0,cv_evaluation,no_chatter,0,0.019626567,16
turning,cnn_ae,global_mae,2inchStickout_F_08-Jun-2017_rpm425_doc0p010_window_0004,2inchStickout/F_08-Jun-2017_rpm425_doc0p010,train,42,0,cv_evaluation,no_chatter,0,0.01998224,16
turning,cnn_ae,global_mae,2inchStickout_F_08-Jun-2017_rpm425_doc0p010_window_0005,2inchStickout/F_08-Jun-2017_rpm425_doc0p010,validation,42,0,cv_evaluation,no_chatter,0,0.020580493,16
turning,cnn_ae,global_mae,2inchStickout_F_08-Jun-2017_rpm425_doc0p010_window_0006,2inchStickout/F_08-Jun-2017_rpm425_doc0p010,train,42,0,cv_evaluation,no_chatter,0,0.023890544,16
turning,cnn_ae,global_mae,2inchStickout_F_08-Jun-2017_rpm425_doc0p010_window_0007,2inchStickout/F_08-Jun-2017_rpm425_doc0p010,train,42,0,cv_evaluation,no_chatter,0,0.025327522,16
turning,cnn_ae,global_mae,2inchStickout_F_08-Jun-2017_rpm425_doc0p020_window_0000,2inchStickout/F_08-Jun-2017_rpm425_doc0p020,train,42,0,cv_evaluation,no_chatter,0,0.0043307515,16
turning,cnn_ae,global_mae,2inchStickout_F_08-Jun-2017_rpm425_doc0p020_window_0001,2inchStickout/F_08-Jun-2017_rpm425_doc0p020,train,42,0,cv_evaluation,no_chatter,0,0.006883456,16
turning,cnn_ae,global_mae,2inchStickout_F_08-Jun-2017_rpm425_doc0p020_window_0002,2inchStickout/F_08-Jun-2017_rpm425_doc0p020,test,42,0,cv_evaluation,no_chatter,0,0.017372651,16
turning,cnn_ae,global_mae,2inchStickout_F_08-Jun-2017_rpm425_doc0p020_window_0003,2inchStickout/F_08-Jun-2017_rpm425_doc0p020,train,42,0,cv_evaluation,no_chatter,0,0.01982667,16
turning,cnn_ae,global_mae,2inchStickout_F_08-Jun-2017_rpm425_doc0p020_window_0004,2inchStickout/F_08-Jun-2017_rpm425_doc0p020,train,42,0,cv_evaluation,no_chatter,0,0.021843167,16
turning,cnn_ae,global_mae,2inchStickout_F_08-Jun-2017_rpm425_doc0p020_window_0005,2inchStickout/F_08-Jun-2017_rpm425_doc0p020,test,42,0,cv_evaluation,no_chatter,0,0.03220301,16
turning,cnn_ae,global_mae,2inchStickout_F_08-Jun-2017_rpm425_doc0p020_window_0006,2inchStickout/F_08-Jun-2017_rpm425_doc0p020,validation,42,0,cv_evaluation,chatter,1,0.06825388,16
turning,cnn_ae,global_mae,2inchStickout_F_08-Jun-2017_rpm425_doc0p020_window_0007,2inchStickout/F_08-Jun-2017_rpm425_doc0p020,validation,42,0,cv_evaluation,chatter,1,0.054188468,16
turning,cnn_ae,global_mae,2inchStickout_F_08-Jun-2017_rpm770_doc0p010_window_0000,2inchStickout/F_08-Jun-2017_rpm770_doc0p010,train,42,0,cv_evaluation,no_chatter,0,0.0048600184,16
turning,cnn_ae,global_mae,2inchStickout_F_08-Jun-2017_rpm770_doc0p010_window_0001,2inchStickout/F_08-Jun-2017_rpm770_doc0p010,test,42,0,cv_evaluation,chatter,1,0.0860823,16
turning,cnn_ae,global_mae,2inchStickout_F_08-Jun-2017_rpm770_doc0p010_window_0002,2inchStickout/F_08-Jun-2017_rpm770_doc0p010,test,42,0,cv_evaluation,chatter,1,0.06860815,16
turning,cnn_ae,global_mae,2inchStickout_F_08-Jun-2017_rpm770_doc0p010_window_0003,2inchStickout/F_08-Jun-2017_rpm770_doc0p010,test,42,0,cv_evaluation,chatter,1,0.07384352,16
turning,cnn_ae,global_mae,2inchStickout_F_08-Jun-2017_rpm770_doc0p010_window_0004,2inchStickout/F_08-Jun-2017_rpm770_doc0p010,test,42,0,cv_evaluation,chatter,1,0.08112726,16
turning,cnn_ae,global_mae,2inchStickout_F_08-Jun-2017_rpm770_doc0p010_window_0005,2inchStickout/F_08-Jun-2017_rpm770_doc0p010,test,42,0,cv_evaluation,chatter,1,0.080350675,16
turning,cnn_ae,global_mae,2inchStickout_F_08-Jun-2017_rpm770_doc0p010_window_0006,2inchStickout/F_08-Jun-2017_rpm770_doc0p010,test,42,0,cv_evaluation,chatter,1,0.084214516,16
turning,cnn_ae,global_mae,2inchStickout_F_08-Jun-2017_rpm770_doc0p010_window_0007,2inchStickout/F_08-Jun-2017_rpm770_doc0p010,test,42,0,cv_evaluation,chatter,1,0.08401293,16
turning,cnn_ae,global_mae,2inchStickout_F_08-Jun-2017_rpm770_doc0p010_window_0008,2inchStickout/F_08-Jun-2017_rpm770_doc0p010,test,42,0,cv_evaluation,chatter,1,0.084265254,16
turning,cnn_ae,global_mae,2inchStickout_F_08-Jun-2017_rpm770_doc0p010_window_0009,2inchStickout/F_08-Jun-2017_rpm770_doc0p010,test,42,0,cv_evaluation,chatter,1,0.09004271,16
turning,cnn_ae,global_mae,2inchStickout_F_08-Jun-2017_rpm770_doc0p010_window_0010,2inchStickout/F_08-Jun-2017_rpm770_doc0p010,test,42,0,cv_evaluation,chatter,1,0.096554,16
turning,cnn_ae,global_mae,2inchStickout_F_08-Jun-2017_rpm770_doc0p010_window_0011,2inchStickout/F_08-Jun-2017_rpm770_doc0p010,test,42,0,cv_evaluation,chatter,1,0.08871458,16
turning,cnn_ae,global_mae,2inchStickout_F_08-Jun-2017_rpm770_doc0p010_window_0012,2inchStickout/F_08-Jun-2017_rpm770_doc0p010,test,42,0,cv_evaluation,chatter,1,0.078798875,16
turning,cnn_ae,global_mae,2inchStickout_F_08-Jun-2017_rpm770_doc0p010_window_0013,2inchStickout/F_08-Jun-2017_rpm770_doc0p010,test,42,0,cv_evaluation,chatter,1,0.06495896,16
turning,cnn_ae,global_mae,2inchStickout_F_08-Jun-2017_rpm770_doc0p010_window_0014,2inchStickout/F_08-Jun-2017_rpm770_doc0p010,train,42,0,cv_evaluation,no_chatter,0,0.03653188,16
turning,cnn_ae,global_mae,2inchStickout_F_08-Jun-2017_rpm770_doc0p010_window_0015,2inchStickout/F_08-Jun-2017_rpm770_doc0p010,train,42,0,cv_evaluation,no_chatter,0,0.0047211167,16
turning,cnn_ae,global_mae,2inchStickout_F_08-Jun-2017_rpm770_doc0p010_window_0016,2inchStickout/F_08-Jun-2017_rpm770_doc0p010,train,42,0,cv_evaluation,no_chatter,0,0.0049768384,16
turning,cnn_ae,global_mae,2inchStickout_F_08-Jun-2017_rpm770_doc0p010_window_0017,2inchStickout/F_08-Jun-2017_rpm770_doc0p010,train,42,0,cv_evaluation,no_chatter,0,0.0049690753,16
turning,cnn_ae,global_mae,2inchStickout_F_08-Jun-2017_rpm770_doc0p010_window_0018,2inchStickout/F_08-Jun-2017_rpm770_doc0p010,train,42,0,cv_evaluation,no_chatter,0,0.0042319526,16
turning,cnn_ae,global_mae,2inchStickout_F_08-Jun-2017_rpm770_doc0p010_window_0019,2inchStickout/F_08-Jun-2017_rpm770_doc0p010,train,42,0,cv_evaluation,no_chatter,0,0.0049780584,16
turning,cnn_ae,global_mae,2inchStickout_F_08-Jun-2017_rpm770_doc0p010_window_0020,2inchStickout/F_08-Jun-2017_rpm770_doc0p010,train,42,0,cv_evaluation,no_chatter,0,0.005064696,16
turning,cnn_ae,global_mae,2inchStickout_F_08-Jun-2017_rpm770_doc0p010_window_0021,2inchStickout/F_08-Jun-2017_rpm770_doc0p010,train,42,0,cv_evaluation,no_chatter,0,0.004837592,16
turning,cnn_ae,global_mae,2inchStickout_F_08-Jun-2017_rpm770_doc0p010_window_0022,2inchStickout/F_08-Jun-2017_rpm770_doc0p010,train,42,0,cv_evaluation,no_chatter,0,0.004647815,16
turning,cnn_ae,global_mae,2inchStickout_F_08-Jun-2017_rpm770_doc0p010_window_0023,2inchStickout/F_08-Jun-2017_rpm770_doc0p010,train,42,0,cv_evaluation,no_chatter,0,0.0042386088,16
turning,cnn_ae,global_mae,2inchStickout_F_08-Jun-2017_smoothingCut2_noChatter_window_0000,2inchStickout/F_08-Jun-2017_smoothingCut2_noChatter,train,42,0,cv_evaluation,no_chatter,0,0.004966899,16
turning,cnn_ae,global_mae,2inchStickout_F_08-Jun-2017_smoothingCut2_noChatter_window_0001,2inchStickout/F_08-Jun-2017_smoothingCut2_noChatter,test,42,0,cv_evaluation,no_chatter,0,0.013101961,16
turning,cnn_ae,global_mae,2inchStickout_F_08-Jun-2017_smoothingCut2_noChatter_window_0002,2inchStickout/F_08-Jun-2017_smoothingCut2_noChatter,train,42,0,cv_evaluation,no_chatter,0,0.027167048,16
turning,cnn_ae,global_mae,2inchStickout_F_08-Jun-2017_smoothingCut2_noChatter_window_0003,2inchStickout/F_08-Jun-2017_smoothingCut2_noChatter,train,42,0,cv_evaluation,no_chatter,0,0.021429883,16
turning,cnn_ae,global_mae,2inchStickout_F_08-Jun-2017_smoothingCut2_noChatter_window_0004,2inchStickout/F_08-Jun-2017_smoothingCut2_noChatter,train,42,0,cv_evaluation,no_chatter,0,0.01857574,16
turning,cnn_ae,global_mae,2inchStickout_F_08-Jun-2017_smoothingCut2_noChatter_window_0005,2inchStickout/F_08-Jun-2017_smoothingCut2_noChatter,train,42,0,cv_evaluation,no_chatter,0,0.01808686,16
turning,cnn_ae,global_mae,2inchStickout_F_08-Jun-2017_smoothingCut2_noChatter_window_0006,2inchStickout/F_08-Jun-2017_smoothingCut2_noChatter,train,42,0,cv_evaluation,no_chatter,0,0.018393598,16
turning,cnn_ae,global_mae,2inchStickout_F_08-Jun-2017_smoothingCut2_noChatter_window_0007,2inchStickout/F_08-Jun-2017_smoothingCut2_noChatter,test,42,0,cv_evaluation,no_chatter,0,0.018084517,16
turning,cnn_ae,global_mae,2inchStickout_F_08-Jun-2017_smoothingCut2_noChatter_window_0008,2inchStickout/F_08-Jun-2017_smoothingCut2_noChatter,train,42,0,cv_evaluation,no_chatter,0,0.017406207,16
turning,cnn_ae,global_mae,2inchStickout_F_08-Jun-2017_smoothingCut2_noChatter_window_0009,2inchStickout/F_08-Jun-2017_smoothingCut2_noChatter,train,42,0,cv_evaluation,no_chatter,0,0.01870132,16
turning,cnn_ae,global_mae,2inchStickout_F_08-Jun-2017_smoothingCut2_noChatter_window_0010,2inchStickout/F_08-Jun-2017_smoothingCut2_noChatter,test,42,0,cv_evaluation,no_chatter,0,0.019447746,16
turning,cnn_ae,global_mae,2inchStickout_F_08-Jun-2017_smoothingCut2_noChatter_window_0011,2inchStickout/F_08-Jun-2017_smoothingCut2_noChatter,train,42,0,cv_evaluation,no_chatter,0,0.020090938,16
turning,cnn_ae,global_mae,2p5inchStickout_F_12-Jun-2017_rpm570_doc0p008_window_0000,2p5inchStickout/F_12-Jun-2017_rpm570_doc0p008,train,42,0,cv_evaluation,no_chatter,0,0.011446466,16
turning,cnn_ae,global_mae,2p5inchStickout_F_12-Jun-2017_rpm570_doc0p008_window_0001,2p5inchStickout/F_12-Jun-2017_rpm570_doc0p008,train,42,0,cv_evaluation,no_chatter,0,0.024286225,16
turning,cnn_ae,global_mae,2p5inchStickout_F_12-Jun-2017_rpm570_doc0p008_window_0002,2p5inchStickout/F_12-Jun-2017_rpm570_doc0p008,train,42,0,cv_evaluation,no_chatter,0,0.022666221,16
turning,cnn_ae,global_mae,2p5inchStickout_F_12-Jun-2017_rpm570_doc0p008_window_0003,2p5inchStickout/F_12-Jun-2017_rpm570_doc0p008,train,42,0,cv_evaluation,no_chatter,0,0.025600038,16
turning,cnn_ae,global_mae,2p5inchStickout_F_12-Jun-2017_rpm570_doc0p008_window_0004,2p5inchStickout/F_12-Jun-2017_rpm570_doc0p008,train,42,0,cv_evaluation,no_chatter,0,0.02688374,16
turning,cnn_ae,global_mae,2p5inchStickout_F_12-Jun-2017_rpm570_doc0p008_window_0005,2p5inchStickout/F_12-Jun-2017_rpm570_doc0p008,train,42,0,cv_evaluation,no_chatter,0,0.028346675,16
turning,cnn_ae,global_mae,2p5inchStickout_F_12-Jun-2017_rpm570_doc0p008_window_0006,2p5inchStickout/F_12-Jun-2017_rpm570_doc0p008,train,42,0,cv_evaluation,no_chatter,0,0.023877224,16
turning,cnn_ae,global_mae,2p5inchStickout_F_12-Jun-2017_rpm570_doc0p008_window_0007,2p5inchStickout/F_12-Jun-2017_rpm570_doc0p008,train,42,0,cv_evaluation,no_chatter,0,0.025676763,16
turning,cnn_ae,global_mae,2p5inchStickout_F_12-Jun-2017_rpm570_doc0p008_window_0008,2p5inchStickout/F_12-Jun-2017_rpm570_doc0p008,train,42,0,cv_evaluation,no_chatter,0,0.025321566,16
turning,cnn_ae,global_mae,2p5inchStickout_F_12-Jun-2017_rpm570_doc0p008_window_0009,2p5inchStickout/F_12-Jun-2017_rpm570_doc0p008,validation,42,0,cv_evaluation,no_chatter,0,0.025197918,16
turning,cnn_ae,global_mae,4p5inchStickout_F_12-Jun-2017_rpm570_doc0p035_window_0000,4p5inchStickout/F_12-Jun-2017_rpm570_doc0p035,validation,42,0,cv_evaluation,no_chatter,0,0.022140123,16
turning,cnn_ae,global_mae,4p5inchStickout_F_12-Jun-2017_rpm570_doc0p035_window_0001,4p5inchStickout/F_12-Jun-2017_rpm570_doc0p035,validation,42,0,cv_evaluation,no_chatter,0,0.026534641,16
turning,cnn_ae,global_mae,4p5inchStickout_F_12-Jun-2017_rpm570_doc0p035_window_0002,4p5inchStickout/F_12-Jun-2017_rpm570_doc0p035,train,42,0,cv_evaluation,no_chatter,0,0.02545856,16
turning,cnn_ae,global_mae,4p5inchStickout_F_12-Jun-2017_rpm570_doc0p035_window_0003,4p5inchStickout/F_12-Jun-2017_rpm570_doc0p035,train,42,0,cv_evaluation,no_chatter,0,0.021816026,16
turning,cnn_ae,global_mae,4p5inchStickout_F_12-Jun-2017_rpm570_doc0p035_window_0004,4p5inchStickout/F_12-Jun-2017_rpm570_doc0p035,train,42,0,cv_evaluation,no_chatter,0,0.02145701,16
turning,cnn_ae,global_mae,4p5inchStickout_F_12-Jun-2017_rpm570_doc0p035_window_0005,4p5inchStickout/F_12-Jun-2017_rpm570_doc0p035,train,42,0,cv_evaluation,no_chatter,0,0.02029286,16
turning,cnn_ae,global_mae,4p5inchStickout_F_12-Jun-2017_rpm570_doc0p035_window_0006,4p5inchStickout/F_12-Jun-2017_rpm570_doc0p035,train,42,0,cv_evaluation,no_chatter,0,0.022344403,16
turning,cnn_ae,global_mae,4p5inchStickout_F_12-Jun-2017_rpm570_doc0p035_window_0007,4p5inchStickout/F_12-Jun-2017_rpm570_doc0p035,train,42,0,cv_evaluation,no_chatter,0,0.021280665,16
turning,cnn_ae,global_mae,4p5inchStickout_F_12-Jun-2017_rpm570_doc0p035_window_0008,4p5inchStickout/F_12-Jun-2017_rpm570_doc0p035,train,42,0,cv_evaluation,no_chatter,0,0.02041376,16
turning,cnn_ae,global_mae,4p5inchStickout_F_12-Jun-2017_rpm570_doc0p035_window_0009,4p5inchStickout/F_12-Jun-2017_rpm570_doc0p035,train,42,0,cv_evaluation,no_chatter,0,0.04305351,16
turning,cnn_ae,global_mae,4p5inchStickout_F_12-Jun-2017_rpm570_doc0p035_window_0010,4p5inchStickout/F_12-Jun-2017_rpm570_doc0p035,validation,42,0,cv_evaluation,no_chatter,0,0.0024133401,16
turning,cnn_ae,global_mae,4p5inchStickout_F_12-Jun-2017_rpm570_doc0p035_window_0011,4p5inchStickout/F_12-Jun-2017_rpm570_doc0p035,train,42,0,cv_evaluation,no_chatter,0,0.0026447326,16
turning,cnn_ae,global_mae,4p5inchStickout_F_13-Jun-2017_rpm1030_doc0p005_window_0000,4p5inchStickout/F_13-Jun-2017_rpm1030_doc0p005,train,42,0,cv_evaluation,no_chatter,0,0.00259834,16
turning,cnn_ae,global_mae,4p5inchStickout_F_13-Jun-2017_rpm1030_doc0p005_window_0001,4p5inchStickout/F_13-Jun-2017_rpm1030_doc0p005,test,42,0,cv_evaluation,no_chatter,0,0.027871229,16
turning,cnn_ae,global_mae,4p5inchStickout_F_13-Jun-2017_rpm1030_doc0p005_window_0002,4p5inchStickout/F_13-Jun-2017_rpm1030_doc0p005,test,42,0,cv_evaluation,no_chatter,0,0.023070654,16
turning,cnn_ae,global_mae,4p5inchStickout_F_13-Jun-2017_rpm1030_doc0p005_window_0003,4p5inchStickout/F_13-Jun-2017_rpm1030_doc0p005,train,42,0,cv_evaluation,no_chatter,0,0.029945264,16
turning,cnn_ae,global_mae,4p5inchStickout_F_13-Jun-2017_rpm1030_doc0p014_window_0000,4p5inchStickout/F_13-Jun-2017_rpm1030_doc0p014,train,42,0,cv_evaluation,no_chatter,0,0.0026845704,16
turning,cnn_ae,global_mae,4p5inchStickout_F_13-Jun-2017_rpm1030_doc0p014_window_0001,4p5inchStickout/F_13-Jun-2017_rpm1030_doc0p014,train,42,0,cv_evaluation,no_chatter,0,0.028414339,16
turning,cnn_ae,global_mae,4p5inchStickout_F_13-Jun-2017_rpm1030_doc0p014_window_0002,4p5inchStickout/F_13-Jun-2017_rpm1030_doc0p014,validation,42,0,cv_evaluation,no_chatter,0,0.026812444,16
turning,cnn_ae,global_mae,4p5inchStickout_F_13-Jun-2017_rpm1030_doc0p014_window_0003,4p5inchStickout/F_13-Jun-2017_rpm1030_doc0p014,train,42,0,cv_evaluation,no_chatter,0,0.029001074,16
turning,cnn_ae,global_mae,4p5inchStickout_F_13-Jun-2017_rpm770_doc0p015_window_0000,4p5inchStickout/F_13-Jun-2017_rpm770_doc0p015,train,42,0,cv_evaluation,no_chatter,0,0.0023358774,16
turning,cnn_ae,global_mae,4p5inchStickout_F_13-Jun-2017_rpm770_doc0p015_window_0001,4p5inchStickout/F_13-Jun-2017_rpm770_doc0p015,validation,42,0,cv_evaluation,no_chatter,0,0.013110679,16
turning,cnn_ae,global_mae,4p5inchStickout_F_13-Jun-2017_rpm770_doc0p015_window_0002,4p5inchStickout/F_13-Jun-2017_rpm770_doc0p015,validation,42,0,cv_evaluation,no_chatter,0,0.021055523,16
turning,cnn_ae,global_mae,4p5inchStickout_F_13-Jun-2017_rpm770_doc0p015_window_0003,4p5inchStickout/F_13-Jun-2017_rpm770_doc0p015,train,42,0,cv_evaluation,no_chatter,0,0.022942355,16
turning,cnn_ae,global_mae,4p5inchStickout_F_13-Jun-2017_rpm770_doc0p015_window_0004,4p5inchStickout/F_13-Jun-2017_rpm770_doc0p015,validation,42,0,cv_evaluation,no_chatter,0,0.023901673,16
turning,cnn_ae,global_mae,4p5inchStickout_F_13-Jun-2017_rpm770_doc0p015_window_0005,4p5inchStickout/F_13-Jun-2017_rpm770_doc0p015,validation,42,0,cv_evaluation,no_chatter,0,0.020890014,16
turning,cnn_ae,ver_max,2inchStickout_F_08-Jun-2017_rpm320_doc0p020_window_0000,2inchStickout/F_08-Jun-2017_rpm320_doc0p020,validation,42,0,cv_evaluation,no_chatter,0,0.00023609429,16
turning,cnn_ae,ver_max,2inchStickout_F_08-Jun-2017_rpm320_doc0p020_window_0001,2inchStickout/F_08-Jun-2017_rpm320_doc0p020,train,42,0,cv_evaluation,no_chatter,0,0.00018499783,16
turning,cnn_ae,ver_max,2inchStickout_F_08-Jun-2017_rpm320_doc0p020_window_0002,2inchStickout/F_08-Jun-2017_rpm320_doc0p020,train,42,0,cv_evaluation,no_chatter,0,0.00017757715,16
turning,cnn_ae,ver_max,2inchStickout_F_08-Jun-2017_rpm320_doc0p020_window_0003,2inchStickout/F_08-Jun-2017_rpm320_doc0p020,validation,42,0,cv_evaluation,no_chatter,0,0.00023458332,16
turning,cnn_ae,ver_max,2inchStickout_F_08-Jun-2017_rpm320_doc0p020_window_0004,2inchStickout/F_08-Jun-2017_rpm320_doc0p020,validation,42,0,cv_evaluation,no_chatter,0,0.00046657774,16
turning,cnn_ae,ver_max,2inchStickout_F_08-Jun-2017_rpm320_doc0p020_window_0005,2inchStickout/F_08-Jun-2017_rpm320_doc0p020,train,42,0,cv_evaluation,no_chatter,0,0.0006557633,16
turning,cnn_ae,ver_max,2inchStickout_F_08-Jun-2017_rpm320_doc0p020_window_0006,2inchStickout/F_08-Jun-2017_rpm320_doc0p020,validation,42,0,cv_evaluation,no_chatter,0,0.00060489954,16
turning,cnn_ae,ver_max,2inchStickout_F_08-Jun-2017_rpm320_doc0p020_window_0007,2inchStickout/F_08-Jun-2017_rpm320_doc0p020,train,42,0,cv_evaluation,no_chatter,0,0.0020260564,16
turning,cnn_ae,ver_max,2inchStickout_F_08-Jun-2017_rpm320_doc0p020_window_0008,2inchStickout/F_08-Jun-2017_rpm320_doc0p020,train,42,0,cv_evaluation,no_chatter,0,0.0022757223,16
turning,cnn_ae,ver_max,2inchStickout_F_08-Jun-2017_rpm320_doc0p020_window_0009,2inchStickout/F_08-Jun-2017_rpm320_doc0p020,train,42,0,cv_evaluation,no_chatter,0,0.0015904736,16
turning,cnn_ae,ver_max,2inchStickout_F_08-Jun-2017_rpm320_doc0p020_window_0010,2inchStickout/F_08-Jun-2017_rpm320_doc0p020,train,42,0,cv_evaluation,no_chatter,0,0.004489512,16
turning,cnn_ae,ver_max,2inchStickout_F_08-Jun-2017_rpm320_doc0p020_window_0011,2inchStickout/F_08-Jun-2017_rpm320_doc0p020,train,42,0,cv_evaluation,no_chatter,0,0.0049160533,16
turning,cnn_ae,ver_max,2inchStickout_F_08-Jun-2017_rpm320_doc0p020_window_0012,2inchStickout/F_08-Jun-2017_rpm320_doc0p020,train,42,0,cv_evaluation,no_chatter,0,0.007848955,16
turning,cnn_ae,ver_max,2inchStickout_F_08-Jun-2017_rpm320_doc0p020_window_0013,2inchStickout/F_08-Jun-2017_rpm320_doc0p020,validation,42,0,cv_evaluation,no_chatter,0,0.001357185,16
turning,cnn_ae,ver_max,2inchStickout_F_08-Jun-2017_rpm320_doc0p020_window_0014,2inchStickout/F_08-Jun-2017_rpm320_doc0p020,validation,42,0,cv_evaluation,no_chatter,0,0.0018127034,16
turning,cnn_ae,ver_max,2inchStickout_F_08-Jun-2017_rpm320_doc0p020_window_0015,2inchStickout/F_08-Jun-2017_rpm320_doc0p020,train,42,0,cv_evaluation,no_chatter,0,0.0009475808,16
turning,cnn_ae,ver_max,2inchStickout_F_08-Jun-2017_rpm320_doc0p020_window_0016,2inchStickout/F_08-Jun-2017_rpm320_doc0p020,train,42,0,cv_evaluation,no_chatter,0,0.0013315672,16
turning,cnn_ae,ver_max,2inchStickout_F_08-Jun-2017_rpm320_doc0p020_window_0017,2inchStickout/F_08-Jun-2017_rpm320_doc0p020,train,42,0,cv_evaluation,no_chatter,0,0.0013484666,16
turning,cnn_ae,ver_max,2inchStickout_F_08-Jun-2017_rpm320_doc0p020_window_0018,2inchStickout/F_08-Jun-2017_rpm320_doc0p020,train,42,0,cv_evaluation,no_chatter,0,0.001601885,16
turning,cnn_ae,ver_max,2inchStickout_F_08-Jun-2017_rpm320_doc0p020_window_0019,2inchStickout/F_08-Jun-2017_rpm320_doc0p020,train,42,0,cv_evaluation,no_chatter,0,0.0012514666,16
turning,cnn_ae,ver_max,2inchStickout_F_08-Jun-2017_rpm320_doc0p020_window_0020,2inchStickout/F_08-Jun-2017_rpm320_doc0p020,train,42,0,cv_evaluation,no_chatter,0,0.0014357558,16
turning,cnn_ae,ver_max,2inchStickout_F_08-Jun-2017_rpm320_doc0p020_window_0021,2inchStickout/F_08-Jun-2017_rpm320_doc0p020,train,42,0,cv_evaluation,no_chatter,0,0.0014846547,16
turning,cnn_ae,ver_max,2inchStickout_F_08-Jun-2017_rpm320_doc0p020_window_0022,2inchStickout/F_08-Jun-2017_rpm320_doc0p020,validation,42,0,cv_evaluation,no_chatter,0,0.0015275605,16
turning,cnn_ae,ver_max,2inchStickout_F_08-Jun-2017_rpm320_doc0p020_window_0023,2inchStickout/F_08-Jun-2017_rpm320_doc0p020,train,42,0,cv_evaluation,no_chatter,0,0.0022053365,16
turning,cnn_ae,ver_max,2inchStickout_F_08-Jun-2017_rpm320_doc0p025_window_0000,2inchStickout/F_08-Jun-2017_rpm320_doc0p025,train,42,0,cv_evaluation,no_chatter,0,0.00020478234,16
turning,cnn_ae,ver_max,2inchStickout_F_08-Jun-2017_rpm320_doc0p025_window_0001,2inchStickout/F_08-Jun-2017_rpm320_doc0p025,train,42,0,cv_evaluation,no_chatter,0,0.00014362241,16
turning,cnn_ae,ver_max,2inchStickout_F_08-Jun-2017_rpm320_doc0p025_window_0002,2inchStickout/F_08-Jun-2017_rpm320_doc0p025,train,42,0,cv_evaluation,no_chatter,0,0.0009800777,16
turning,cnn_ae,ver_max,2inchStickout_F_08-Jun-2017_rpm320_doc0p025_window_0003,2inchStickout/F_08-Jun-2017_rpm320_doc0p025,validation,42,0,cv_evaluation,no_chatter,0,0.0016116181,16
turning,cnn_ae,ver_max,2inchStickout_F_08-Jun-2017_rpm320_doc0p025_window_0004,2inchStickout/F_08-Jun-2017_rpm320_doc0p025,validation,42,0,cv_evaluation,no_chatter,0,0.0005148516,16
turning,cnn_ae,ver_max,2inchStickout_F_08-Jun-2017_rpm320_doc0p025_window_0005,2inchStickout/F_08-Jun-2017_rpm320_doc0p025,train,42,0,cv_evaluation,no_chatter,0,0.00056680065,16
turning,cnn_ae,ver_max,2inchStickout_F_08-Jun-2017_rpm320_doc0p025_window_0006,2inchStickout/F_08-Jun-2017_rpm320_doc0p025,train,42,0,cv_evaluation,no_chatter,0,0.00052774826,16
turning,cnn_ae,ver_max,2inchStickout_F_08-Jun-2017_rpm320_doc0p025_window_0007,2inchStickout/F_08-Jun-2017_rpm320_doc0p025,train,42,0,cv_evaluation,no_chatter,0,0.0005031933,16
turning,cnn_ae,ver_max,2inchStickout_F_08-Jun-2017_rpm320_doc0p025_window_0008,2inchStickout/F_08-Jun-2017_rpm320_doc0p025,validation,42,0,cv_evaluation,no_chatter,0,0.0006235017,16
turning,cnn_ae,ver_max,2inchStickout_F_08-Jun-2017_rpm320_doc0p025_window_0009,2inchStickout/F_08-Jun-2017_rpm320_doc0p025,train,42,0,cv_evaluation,no_chatter,0,0.00070473435,16
turning,cnn_ae,ver_max,2inchStickout_F_08-Jun-2017_rpm320_doc0p025_window_0010,2inchStickout/F_08-Jun-2017_rpm320_doc0p025,train,42,0,cv_evaluation,no_chatter,0,0.00072873925,16
turning,cnn_ae,ver_max,2inchStickout_F_08-Jun-2017_rpm320_doc0p025_window_0011,2inchStickout/F_08-Jun-2017_rpm320_doc0p025,train,42,0,cv_evaluation,no_chatter,0,0.00072417705,16
turning,cnn_ae,ver_max,2inchStickout_F_08-Jun-2017_rpm320_doc0p025_window_0012,2inchStickout/F_08-Jun-2017_rpm320_doc0p025,validation,42,0,cv_evaluation,no_chatter,0,0.0033507578,16
turning,cnn_ae,ver_max,2inchStickout_F_08-Jun-2017_rpm320_doc0p025_window_0013,2inchStickout/F_08-Jun-2017_rpm320_doc0p025,validation,42,0,cv_evaluation,no_chatter,0,0.0034916287,16
turning,cnn_ae,ver_max,2inchStickout_F_08-Jun-2017_rpm320_doc0p025_window_0014,2inchStickout/F_08-Jun-2017_rpm320_doc0p025,train,42,0,cv_evaluation,no_chatter,0,0.004062158,16
turning,cnn_ae,ver_max,2inchStickout_F_08-Jun-2017_rpm320_doc0p025_window_0015,2inchStickout/F_08-Jun-2017_rpm320_doc0p025,train,42,0,cv_evaluation,no_chatter,0,0.010851071,16
turning,cnn_ae,ver_max,2inchStickout_F_08-Jun-2017_rpm320_doc0p025_window_0016,2inchStickout/F_08-Jun-2017_rpm320_doc0p025,train,42,0,cv_evaluation,no_chatter,0,0.0050831377,16
turning,cnn_ae,ver_max,2inchStickout_F_08-Jun-2017_rpm320_doc0p025_window_0017,2inchStickout/F_08-Jun-2017_rpm320_doc0p025,validation,42,0,cv_evaluation,no_chatter,0,0.002663324,16
turning,cnn_ae,ver_max,2inchStickout_F_08-Jun-2017_rpm320_doc0p025_window_0018,2inchStickout/F_08-Jun-2017_rpm320_doc0p025,train,42,0,cv_evaluation,no_chatter,0,0.0034637197,16
turning,cnn_ae,ver_max,2inchStickout_F_08-Jun-2017_rpm320_doc0p025_window_0019,2inchStickout/F_08-Jun-2017_rpm320_doc0p025,train,42,0,cv_evaluation,no_chatter,0,0.0036554574,16
turning,cnn_ae,ver_max,2inchStickout_F_08-Jun-2017_rpm320_doc0p025_window_0020,2inchStickout/F_08-Jun-2017_rpm320_doc0p025,train,42,0,cv_evaluation,no_chatter,0,0.002374569,16
turning,cnn_ae,ver_max,2inchStickout_F_08-Jun-2017_rpm320_doc0p025_window_0021,2inchStickout/F_08-Jun-2017_rpm320_doc0p025,validation,42,0,cv_evaluation,no_chatter,0,0.0012778968,16
turning,cnn_ae,ver_max,2inchStickout_F_08-Jun-2017_rpm320_doc0p025_window_0022,2inchStickout/F_08-Jun-2017_rpm320_doc0p025,train,42,0,cv_evaluation,no_chatter,0,0.0010904174,16
turning,cnn_ae,ver_max,2inchStickout_F_08-Jun-2017_rpm320_doc0p025_window_0023,2inchStickout/F_08-Jun-2017_rpm320_doc0p025,validation,42,0,cv_evaluation,no_chatter,0,0.0033633441,16
turning,cnn_ae,ver_max,2inchStickout_F_08-Jun-2017_rpm425_doc0p010_window_0000,2inchStickout/F_08-Jun-2017_rpm425_doc0p010,validation,42,0,cv_evaluation,no_chatter,0,0.00035937678,16
turning,cnn_ae,ver_max,2inchStickout_F_08-Jun-2017_rpm425_doc0p010_window_0001,2inchStickout/F_08-Jun-2017_rpm425_doc0p010,train,42,0,cv_evaluation,no_chatter,0,0.0011493362,16
turning,cnn_ae,ver_max,2inchStickout_F_08-Jun-2017_rpm425_doc0p010_window_0002,2inchStickout/F_08-Jun-2017_rpm425_doc0p010,train,42,0,cv_evaluation,no_chatter,0,0.0012502407,16
turning,cnn_ae,ver_max,2inchStickout_F_08-Jun-2017_rpm425_doc0p010_window_0003,2inchStickout/F_08-Jun-2017_rpm425_doc0p010,train,42,0,cv_evaluation,no_chatter,0,0.0015912501,16
turning,cnn_ae,ver_max,2inchStickout_F_08-Jun-2017_rpm425_doc0p010_window_0004,2inchStickout/F_08-Jun-2017_rpm425_doc0p010,train,42,0,cv_evaluation,no_chatter,0,0.0014259564,16
turning,cnn_ae,ver_max,2inchStickout_F_08-Jun-2017_rpm425_doc0p010_window_0005,2inchStickout/F_08-Jun-2017_rpm425_doc0p010,validation,42,0,cv_evaluation,no_chatter,0,0.0015109443,16
turning,cnn_ae,ver_max,2inchStickout_F_08-Jun-2017_rpm425_doc0p010_window_0006,2inchStickout/F_08-Jun-2017_rpm425_doc0p010,train,42,0,cv_evaluation,no_chatter,0,0.0020243844,16
turning,cnn_ae,ver_max,2inchStickout_F_08-Jun-2017_rpm425_doc0p010_window_0007,2inchStickout/F_08-Jun-2017_rpm425_doc0p010,train,42,0,cv_evaluation,no_chatter,0,0.0019684832,16
turning,cnn_ae,ver_max,2inchStickout_F_08-Jun-2017_rpm425_doc0p020_window_0000,2inchStickout/F_08-Jun-2017_rpm425_doc0p020,train,42,0,cv_evaluation,no_chatter,0,0.0002167305,16
turning,cnn_ae,ver_max,2inchStickout_F_08-Jun-2017_rpm425_doc0p020_window_0001,2inchStickout/F_08-Jun-2017_rpm425_doc0p020,train,42,0,cv_evaluation,no_chatter,0,0.0010962328,16
turning,cnn_ae,ver_max,2inchStickout_F_08-Jun-2017_rpm425_doc0p020_window_0002,2inchStickout/F_08-Jun-2017_rpm425_doc0p020,test,42,0,cv_evaluation,no_chatter,0,0.001323249,16
turning,cnn_ae,ver_max,2inchStickout_F_08-Jun-2017_rpm425_doc0p020_window_0003,2inchStickout/F_08-Jun-2017_rpm425_doc0p020,train,42,0,cv_evaluation,no_chatter,0,0.0018628733,16
turning,cnn_ae,ver_max,2inchStickout_F_08-Jun-2017_rpm425_doc0p020_window_0004,2inchStickout/F_08-Jun-2017_rpm425_doc0p020,train,42,0,cv_evaluation,no_chatter,0,0.0022025567,16
turning,cnn_ae,ver_max,2inchStickout_F_08-Jun-2017_rpm425_doc0p020_window_0005,2inchStickout/F_08-Jun-2017_rpm425_doc0p020,test,42,0,cv_evaluation,no_chatter,0,0.010289186,16
turning,cnn_ae,ver_max,2inchStickout_F_08-Jun-2017_rpm425_doc0p020_window_0006,2inchStickout/F_08-Jun-2017_rpm425_doc0p020,validation,42,0,cv_evaluation,chatter,1,0.016336005,16
turning,cnn_ae,ver_max,2inchStickout_F_08-Jun-2017_rpm425_doc0p020_window_0007,2inchStickout/F_08-Jun-2017_rpm425_doc0p020,validation,42,0,cv_evaluation,chatter,1,0.023759555,16
turning,cnn_ae,ver_max,2inchStickout_F_08-Jun-2017_rpm770_doc0p010_window_0000,2inchStickout/F_08-Jun-2017_rpm770_doc0p010,train,42,0,cv_evaluation,no_chatter,0,0.00030065284,16
turning,cnn_ae,ver_max,2inchStickout_F_08-Jun-2017_rpm770_doc0p010_window_0001,2inchStickout/F_08-Jun-2017_rpm770_doc0p010,test,42,0,cv_evaluation,chatter,1,0.046735033,16
turning,cnn_ae,ver_max,2inchStickout_F_08-Jun-2017_rpm770_doc0p010_window_0002,2inchStickout/F_08-Jun-2017_rpm770_doc0p010,test,42,0,cv_evaluation,chatter,1,0.016270477,16
turning,cnn_ae,ver_max,2inchStickout_F_08-Jun-2017_rpm770_doc0p010_window_0003,2inchStickout/F_08-Jun-2017_rpm770_doc0p010,test,42,0,cv_evaluation,chatter,1,0.01703915,16
turning,cnn_ae,ver_max,2inchStickout_F_08-Jun-2017_rpm770_doc0p010_window_0004,2inchStickout/F_08-Jun-2017_rpm770_doc0p010,test,42,0,cv_evaluation,chatter,1,0.020973397,16
turning,cnn_ae,ver_max,2inchStickout_F_08-Jun-2017_rpm770_doc0p010_window_0005,2inchStickout/F_08-Jun-2017_rpm770_doc0p010,test,42,0,cv_evaluation,chatter,1,0.019463776,16
turning,cnn_ae,ver_max,2inchStickout_F_08-Jun-2017_rpm770_doc0p010_window_0006,2inchStickout/F_08-Jun-2017_rpm770_doc0p010,test,42,0,cv_evaluation,chatter,1,0.021918042,16
turning,cnn_ae,ver_max,2inchStickout_F_08-Jun-2017_rpm770_doc0p010_window_0007,2inchStickout/F_08-Jun-2017_rpm770_doc0p010,test,42,0,cv_evaluation,chatter,1,0.022129139,16
turning,cnn_ae,ver_max,2inchStickout_F_08-Jun-2017_rpm770_doc0p010_window_0008,2inchStickout/F_08-Jun-2017_rpm770_doc0p010,test,42,0,cv_evaluation,chatter,1,0.023784881,16
turning,cnn_ae,ver_max,2inchStickout_F_08-Jun-2017_rpm770_doc0p010_window_0009,2inchStickout/F_08-Jun-2017_rpm770_doc0p010,test,42,0,cv_evaluation,chatter,1,0.027630137,16
turning,cnn_ae,ver_max,2inchStickout_F_08-Jun-2017_rpm770_doc0p010_window_0010,2inchStickout/F_08-Jun-2017_rpm770_doc0p010,test,42,0,cv_evaluation,chatter,1,0.026589971,16
turning,cnn_ae,ver_max,2inchStickout_F_08-Jun-2017_rpm770_doc0p010_window_0011,2inchStickout/F_08-Jun-2017_rpm770_doc0p010,test,42,0,cv_evaluation,chatter,1,0.024088392,16
turning,cnn_ae,ver_max,2inchStickout_F_08-Jun-2017_rpm770_doc0p010_window_0012,2inchStickout/F_08-Jun-2017_rpm770_doc0p010,test,42,0,cv_evaluation,chatter,1,0.019842217,16
turning,cnn_ae,ver_max,2inchStickout_F_08-Jun-2017_rpm770_doc0p010_window_0013,2inchStickout/F_08-Jun-2017_rpm770_doc0p010,test,42,0,cv_evaluation,chatter,1,0.015502651,16
turning,cnn_ae,ver_max,2inchStickout_F_08-Jun-2017_rpm770_doc0p010_window_0014,2inchStickout/F_08-Jun-2017_rpm770_doc0p010,train,42,0,cv_evaluation,no_chatter,0,0.09839418,16
turning,cnn_ae,ver_max,2inchStickout_F_08-Jun-2017_rpm770_doc0p010_window_0015,2inchStickout/F_08-Jun-2017_rpm770_doc0p010,train,42,0,cv_evaluation,no_chatter,0,0.00028810816,16
turning,cnn_ae,ver_max,2inchStickout_F_08-Jun-2017_rpm770_doc0p010_window_0016,2inchStickout/F_08-Jun-2017_rpm770_doc0p010,train,42,0,cv_evaluation,no_chatter,0,0.0002852687,16
turning,cnn_ae,ver_max,2inchStickout_F_08-Jun-2017_rpm770_doc0p010_window_0017,2inchStickout/F_08-Jun-2017_rpm770_doc0p010,train,42,0,cv_evaluation,no_chatter,0,0.00033246164,16
turning,cnn_ae,ver_max,2inchStickout_F_08-Jun-2017_rpm770_doc0p010_window_0018,2inchStickout/F_08-Jun-2017_rpm770_doc0p010,train,42,0,cv_evaluation,no_chatter,0,0.00026349624,16
turning,cnn_ae,ver_max,2inchStickout_F_08-Jun-2017_rpm770_doc0p010_window_0019,2inchStickout/F_08-Jun-2017_rpm770_doc0p010,train,42,0,cv_evaluation,no_chatter,0,0.0003416396,16
turning,cnn_ae,ver_max,2inchStickout_F_08-Jun-2017_rpm770_doc0p010_window_0020,2inchStickout/F_08-Jun-2017_rpm770_doc0p010,train,42,0,cv_evaluation,no_chatter,0,0.00033696383,16
turning,cnn_ae,ver_max,2inchStickout_F_08-Jun-2017_rpm770_doc0p010_window_0021,2inchStickout/F_08-Jun-2017_rpm770_doc0p010,train,42,0,cv_evaluation,no_chatter,0,0.00030439612,16
turning,cnn_ae,ver_max,2inchStickout_F_08-Jun-2017_rpm770_doc0p010_window_0022,2inchStickout/F_08-Jun-2017_rpm770_doc0p010,train,42,0,cv_evaluation,no_chatter,0,0.00026931282,16
turning,cnn_ae,ver_max,2inchStickout_F_08-Jun-2017_rpm770_doc0p010_window_0023,2inchStickout/F_08-Jun-2017_rpm770_doc0p010,train,42,0,cv_evaluation,no_chatter,0,0.00024418638,16
turning,cnn_ae,ver_max,2inchStickout_F_08-Jun-2017_smoothingCut2_noChatter_window_0000,2inchStickout/F_08-Jun-2017_smoothingCut2_noChatter,train,42,0,cv_evaluation,no_chatter,0,0.0002866429,16
turning,cnn_ae,ver_max,2inchStickout_F_08-Jun-2017_smoothingCut2_noChatter_window_0001,2inchStickout/F_08-Jun-2017_smoothingCut2_noChatter,test,42,0,cv_evaluation,no_chatter,0,0.001529279,16
turning,cnn_ae,ver_max,2inchStickout_F_08-Jun-2017_smoothingCut2_noChatter_window_0002,2inchStickout/F_08-Jun-2017_smoothingCut2_noChatter,train,42,0,cv_evaluation,no_chatter,0,0.00600971,16
turning,cnn_ae,ver_max,2inchStickout_F_08-Jun-2017_smoothingCut2_noChatter_window_0003,2inchStickout/F_08-Jun-2017_smoothingCut2_noChatter,train,42,0,cv_evaluation,no_chatter,0,0.002259199,16
turning,cnn_ae,ver_max,2inchStickout_F_08-Jun-2017_smoothingCut2_noChatter_window_0004,2inchStickout/F_08-Jun-2017_smoothingCut2_noChatter,train,42,0,cv_evaluation,no_chatter,0,0.0017785181,16
turning,cnn_ae,ver_max,2inchStickout_F_08-Jun-2017_smoothingCut2_noChatter_window_0005,2inchStickout/F_08-Jun-2017_smoothingCut2_noChatter,train,42,0,cv_evaluation,no_chatter,0,0.001330657,16
turning,cnn_ae,ver_max,2inchStickout_F_08-Jun-2017_smoothingCut2_noChatter_window_0006,2inchStickout/F_08-Jun-2017_smoothingCut2_noChatter,train,42,0,cv_evaluation,no_chatter,0,0.0011971445,16
turning,cnn_ae,ver_max,2inchStickout_F_08-Jun-2017_smoothingCut2_noChatter_window_0007,2inchStickout/F_08-Jun-2017_smoothingCut2_noChatter,test,42,0,cv_evaluation,no_chatter,0,0.0013135957,16
turning,cnn_ae,ver_max,2inchStickout_F_08-Jun-2017_smoothingCut2_noChatter_window_0008,2inchStickout/F_08-Jun-2017_smoothingCut2_noChatter,train,42,0,cv_evaluation,no_chatter,0,0.0012092727,16
turning,cnn_ae,ver_max,2inchStickout_F_08-Jun-2017_smoothingCut2_noChatter_window_0009,2inchStickout/F_08-Jun-2017_smoothingCut2_noChatter,train,42,0,cv_evaluation,no_chatter,0,0.0013926771,16
turning,cnn_ae,ver_max,2inchStickout_F_08-Jun-2017_smoothingCut2_noChatter_window_0010,2inchStickout/F_08-Jun-2017_smoothingCut2_noChatter,test,42,0,cv_evaluation,no_chatter,0,0.0016836595,16
turning,cnn_ae,ver_max,2inchStickout_F_08-Jun-2017_smoothingCut2_noChatter_window_0011,2inchStickout/F_08-Jun-2017_smoothingCut2_noChatter,train,42,0,cv_evaluation,no_chatter,0,0.0019788179,16
turning,cnn_ae,ver_max,2p5inchStickout_F_12-Jun-2017_rpm570_doc0p008_window_0000,2p5inchStickout/F_12-Jun-2017_rpm570_doc0p008,train,42,0,cv_evaluation,no_chatter,0,0.0014365091,16
turning,cnn_ae,ver_max,2p5inchStickout_F_12-Jun-2017_rpm570_doc0p008_window_0001,2p5inchStickout/F_12-Jun-2017_rpm570_doc0p008,train,42,0,cv_evaluation,no_chatter,0,0.0020113806,16
turning,cnn_ae,ver_max,2p5inchStickout_F_12-Jun-2017_rpm570_doc0p008_window_0002,2p5inchStickout/F_12-Jun-2017_rpm570_doc0p008,train,42,0,cv_evaluation,no_chatter,0,0.0015648934,16
turning,cnn_ae,ver_max,2p5inchStickout_F_12-Jun-2017_rpm570_doc0p008_window_0003,2p5inchStickout/F_12-Jun-2017_rpm570_doc0p008,train,42,0,cv_evaluation,no_chatter,0,0.0023482055,16
turning,cnn_ae,ver_max,2p5inchStickout_F_12-Jun-2017_rpm570_doc0p008_window_0004,2p5inchStickout/F_12-Jun-2017_rpm570_doc0p008,train,42,0,cv_evaluation,no_chatter,0,0.0030434486,16
turning,cnn_ae,ver_max,2p5inchStickout_F_12-Jun-2017_rpm570_doc0p008_window_0005,2p5inchStickout/F_12-Jun-2017_rpm570_doc0p008,train,42,0,cv_evaluation,no_chatter,0,0.0028351026,16
turning,cnn_ae,ver_max,2p5inchStickout_F_12-Jun-2017_rpm570_doc0p008_window_0006,2p5inchStickout/F_12-Jun-2017_rpm570_doc0p008,train,42,0,cv_evaluation,no_chatter,0,0.002289844,16
turning,cnn_ae,ver_max,2p5inchStickout_F_12-Jun-2017_rpm570_doc0p008_window_0007,2p5inchStickout/F_12-Jun-2017_rpm570_doc0p008,train,42,0,cv_evaluation,no_chatter,0,0.002118718,16
turning,cnn_ae,ver_max,2p5inchStickout_F_12-Jun-2017_rpm570_doc0p008_window_0008,2p5inchStickout/F_12-Jun-2017_rpm570_doc0p008,train,42,0,cv_evaluation,no_chatter,0,0.0021890572,16
turning,cnn_ae,ver_max,2p5inchStickout_F_12-Jun-2017_rpm570_doc0p008_window_0009,2p5inchStickout/F_12-Jun-2017_rpm570_doc0p008,validation,42,0,cv_evaluation,no_chatter,0,0.0021785365,16
turning,cnn_ae,ver_max,4p5inchStickout_F_12-Jun-2017_rpm570_doc0p035_window_0000,4p5inchStickout/F_12-Jun-2017_rpm570_doc0p035,validation,42,0,cv_evaluation,no_chatter,0,0.001837858,16
turning,cnn_ae,ver_max,4p5inchStickout_F_12-Jun-2017_rpm570_doc0p035_window_0001,4p5inchStickout/F_12-Jun-2017_rpm570_doc0p035,validation,42,0,cv_evaluation,no_chatter,0,0.0022342687,16
turning,cnn_ae,ver_max,4p5inchStickout_F_12-Jun-2017_rpm570_doc0p035_window_0002,4p5inchStickout/F_12-Jun-2017_rpm570_doc0p035,train,42,0,cv_evaluation,no_chatter,0,0.0024501071,16
turning,cnn_ae,ver_max,4p5inchStickout_F_12-Jun-2017_rpm570_doc0p035_window_0003,4p5inchStickout/F_12-Jun-2017_rpm570_doc0p035,train,42,0,cv_evaluation,no_chatter,0,0.001618378,16
turning,cnn_ae,ver_max,4p5inchStickout_F_12-Jun-2017_rpm570_doc0p035_window_0004,4p5inchStickout/F_12-Jun-2017_rpm570_doc0p035,train,42,0,cv_evaluation,no_chatter,0,0.0015446945,16
turning,cnn_ae,ver_max,4p5inchStickout_F_12-Jun-2017_rpm570_doc0p035_window_0005,4p5inchStickout/F_12-Jun-2017_rpm570_doc0p035,train,42,0,cv_evaluation,no_chatter,0,0.0013390037,16
turning,cnn_ae,ver_max,4p5inchStickout_F_12-Jun-2017_rpm570_doc0p035_window_0006,4p5inchStickout/F_12-Jun-2017_rpm570_doc0p035,train,42,0,cv_evaluation,no_chatter,0,0.0014527189,16
turning,cnn_ae,ver_max,4p5inchStickout_F_12-Jun-2017_rpm570_doc0p035_window_0007,4p5inchStickout/F_12-Jun-2017_rpm570_doc0p035,train,42,0,cv_evaluation,no_chatter,0,0.0014435222,16
turning,cnn_ae,ver_max,4p5inchStickout_F_12-Jun-2017_rpm570_doc0p035_window_0008,4p5inchStickout/F_12-Jun-2017_rpm570_doc0p035,train,42,0,cv_evaluation,no_chatter,0,0.0013083867,16
turning,cnn_ae,ver_max,4p5inchStickout_F_12-Jun-2017_rpm570_doc0p035_window_0009,4p5inchStickout/F_12-Jun-2017_rpm570_doc0p035,train,42,0,cv_evaluation,no_chatter,0,0.008865768,16
turning,cnn_ae,ver_max,4p5inchStickout_F_12-Jun-2017_rpm570_doc0p035_window_0010,4p5inchStickout/F_12-Jun-2017_rpm570_doc0p035,validation,42,0,cv_evaluation,no_chatter,0,0.00015080413,16
turning,cnn_ae,ver_max,4p5inchStickout_F_12-Jun-2017_rpm570_doc0p035_window_0011,4p5inchStickout/F_12-Jun-2017_rpm570_doc0p035,train,42,0,cv_evaluation,no_chatter,0,0.00023646839,16
turning,cnn_ae,ver_max,4p5inchStickout_F_13-Jun-2017_rpm1030_doc0p005_window_0000,4p5inchStickout/F_13-Jun-2017_rpm1030_doc0p005,train,42,0,cv_evaluation,no_chatter,0,8.5246116e-05,16
turning,cnn_ae,ver_max,4p5inchStickout_F_13-Jun-2017_rpm1030_doc0p005_window_0001,4p5inchStickout/F_13-Jun-2017_rpm1030_doc0p005,test,42,0,cv_evaluation,no_chatter,0,0.0038445469,16
turning,cnn_ae,ver_max,4p5inchStickout_F_13-Jun-2017_rpm1030_doc0p005_window_0002,4p5inchStickout/F_13-Jun-2017_rpm1030_doc0p005,test,42,0,cv_evaluation,no_chatter,0,0.0015692438,16
turning,cnn_ae,ver_max,4p5inchStickout_F_13-Jun-2017_rpm1030_doc0p005_window_0003,4p5inchStickout/F_13-Jun-2017_rpm1030_doc0p005,train,42,0,cv_evaluation,no_chatter,0,0.004292649,16
turning,cnn_ae,ver_max,4p5inchStickout_F_13-Jun-2017_rpm1030_doc0p014_window_0000,4p5inchStickout/F_13-Jun-2017_rpm1030_doc0p014,train,42,0,cv_evaluation,no_chatter,0,0.00010256583,16
turning,cnn_ae,ver_max,4p5inchStickout_F_13-Jun-2017_rpm1030_doc0p014_window_0001,4p5inchStickout/F_13-Jun-2017_rpm1030_doc0p014,train,42,0,cv_evaluation,no_chatter,0,0.002537516,16
turning,cnn_ae,ver_max,4p5inchStickout_F_13-Jun-2017_rpm1030_doc0p014_window_0002,4p5inchStickout/F_13-Jun-2017_rpm1030_doc0p014,validation,42,0,cv_evaluation,no_chatter,0,0.002918821,16
turning,cnn_ae,ver_max,4p5inchStickout_F_13-Jun-2017_rpm1030_doc0p014_window_0003,4p5inchStickout/F_13-Jun-2017_rpm1030_doc0p014,train,42,0,cv_evaluation,no_chatter,0,0.002524938,16
turning,cnn_ae,ver_max,4p5inchStickout_F_13-Jun-2017_rpm770_doc0p015_window_0000,4p5inchStickout/F_13-Jun-2017_rpm770_doc0p015,train,42,0,cv_evaluation,no_chatter,0,6.5447464e-05,16
turning,cnn_ae,ver_max,4p5inchStickout_F_13-Jun-2017_rpm770_doc0p015_window_0001,4p5inchStickout/F_13-Jun-2017_rpm770_doc0p015,validation,42,0,cv_evaluation,no_chatter,0,0.0028947259,16
turning,cnn_ae,ver_max,4p5inchStickout_F_13-Jun-2017_rpm770_doc0p015_window_0002,4p5inchStickout/F_13-Jun-2017_rpm770_doc0p015,validation,42,0,cv_evaluation,no_chatter,0,0.0012615195,16
turning,cnn_ae,ver_max,4p5inchStickout_F_13-Jun-2017_rpm770_doc0p015_window_0003,4p5inchStickout/F_13-Jun-2017_rpm770_doc0p015,train,42,0,cv_evaluation,no_chatter,0,0.0016325677,16
turning,cnn_ae,ver_max,4p5inchStickout_F_13-Jun-2017_rpm770_doc0p015_window_0004,4p5inchStickout/F_13-Jun-2017_rpm770_doc0p015,validation,42,0,cv_evaluation,no_chatter,0,0.0019633982,16
turning,cnn_ae,ver_max,4p5inchStickout_F_13-Jun-2017_rpm770_doc0p015_window_0005,4p5inchStickout/F_13-Jun-2017_rpm770_doc0p015,validation,42,0,cv_evaluation,no_chatter,0,0.0012784973,16
turning,cnn_ae,ver_topk,2inchStickout_F_08-Jun-2017_rpm320_doc0p020_window_0000,2inchStickout/F_08-Jun-2017_rpm320_doc0p020,validation,42,0,cv_evaluation,no_chatter,0,0.00022317062,16
turning,cnn_ae,ver_topk,2inchStickout_F_08-Jun-2017_rpm320_doc0p020_window_0001,2inchStickout/F_08-Jun-2017_rpm320_doc0p020,train,42,0,cv_evaluation,no_chatter,0,0.00017409812,16
turning,cnn_ae,ver_topk,2inchStickout_F_08-Jun-2017_rpm320_doc0p020_window_0002,2inchStickout/F_08-Jun-2017_rpm320_doc0p020,train,42,0,cv_evaluation,no_chatter,0,0.0001641829,16
turning,cnn_ae,ver_topk,2inchStickout_F_08-Jun-2017_rpm320_doc0p020_window_0003,2inchStickout/F_08-Jun-2017_rpm320_doc0p020,validation,42,0,cv_evaluation,no_chatter,0,0.00018944374,16
turning,cnn_ae,ver_topk,2inchStickout_F_08-Jun-2017_rpm320_doc0p020_window_0004,2inchStickout/F_08-Jun-2017_rpm320_doc0p020,validation,42,0,cv_evaluation,no_chatter,0,0.000428634,16
turning,cnn_ae,ver_topk,2inchStickout_F_08-Jun-2017_rpm320_doc0p020_window_0005,2inchStickout/F_08-Jun-2017_rpm320_doc0p020,train,42,0,cv_evaluation,no_chatter,0,0.00062873383,16
turning,cnn_ae,ver_topk,2inchStickout_F_08-Jun-2017_rpm320_doc0p020_window_0006,2inchStickout/F_08-Jun-2017_rpm320_doc0p020,validation,42,0,cv_evaluation,no_chatter,0,0.0005925224,16
turning,cnn_ae,ver_topk,2inchStickout_F_08-Jun-2017_rpm320_doc0p020_window_0007,2inchStickout/F_08-Jun-2017_rpm320_doc0p020,train,42,0,cv_evaluation,no_chatter,0,0.0010932885,16
turning,cnn_ae,ver_topk,2inchStickout_F_08-Jun-2017_rpm320_doc0p020_window_0008,2inchStickout/F_08-Jun-2017_rpm320_doc0p020,train,42,0,cv_evaluation,no_chatter,0,0.002014741,16
turning,cnn_ae,ver_topk,2inchStickout_F_08-Jun-2017_rpm320_doc0p020_window_0009,2inchStickout/F_08-Jun-2017_rpm320_doc0p020,train,42,0,cv_evaluation,no_chatter,0,0.0014944404,16
turning,cnn_ae,ver_topk,2inchStickout_F_08-Jun-2017_rpm320_doc0p020_window_0010,2inchStickout/F_08-Jun-2017_rpm320_doc0p020,train,42,0,cv_evaluation,no_chatter,0,0.0037702227,16
turning,cnn_ae,ver_topk,2inchStickout_F_08-Jun-2017_rpm320_doc0p020_window_0011,2inchStickout/F_08-Jun-2017_rpm320_doc0p020,train,42,0,cv_evaluation,no_chatter,0,0.004650913,16
turning,cnn_ae,ver_topk,2inchStickout_F_08-Jun-2017_rpm320_doc0p020_window_0012,2inchStickout/F_08-Jun-2017_rpm320_doc0p020,train,42,0,cv_evaluation,no_chatter,0,0.007294009,16
turning,cnn_ae,ver_topk,2inchStickout_F_08-Jun-2017_rpm320_doc0p020_window_0013,2inchStickout/F_08-Jun-2017_rpm320_doc0p020,validation,42,0,cv_evaluation,no_chatter,0,0.0012581012,16
turning,cnn_ae,ver_topk,2inchStickout_F_08-Jun-2017_rpm320_doc0p020_window_0014,2inchStickout/F_08-Jun-2017_rpm320_doc0p020,validation,42,0,cv_evaluation,no_chatter,0,0.00158096,16
turning,cnn_ae,ver_topk,2inchStickout_F_08-Jun-2017_rpm320_doc0p020_window_0015,2inchStickout/F_08-Jun-2017_rpm320_doc0p020,train,42,0,cv_evaluation,no_chatter,0,0.00093493104,16
turning,cnn_ae,ver_topk,2inchStickout_F_08-Jun-2017_rpm320_doc0p020_window_0016,2inchStickout/F_08-Jun-2017_rpm320_doc0p020,train,42,0,cv_evaluation,no_chatter,0,0.0011536679,16
turning,cnn_ae,ver_topk,2inchStickout_F_08-Jun-2017_rpm320_doc0p020_window_0017,2inchStickout/F_08-Jun-2017_rpm320_doc0p020,train,42,0,cv_evaluation,no_chatter,0,0.001307982,16
turning,cnn_ae,ver_topk,2inchStickout_F_08-Jun-2017_rpm320_doc0p020_window_0018,2inchStickout/F_08-Jun-2017_rpm320_doc0p020,train,42,0,cv_evaluation,no_chatter,0,0.0015115784,16
turning,cnn_ae,ver_topk,2inchStickout_F_08-Jun-2017_rpm320_doc0p020_window_0019,2inchStickout/F_08-Jun-2017_rpm320_doc0p020,train,42,0,cv_evaluation,no_chatter,0,0.0012186283,16
turning,cnn_ae,ver_topk,2inchStickout_F_08-Jun-2017_rpm320_doc0p020_window_0020,2inchStickout/F_08-Jun-2017_rpm320_doc0p020,train,42,0,cv_evaluation,no_chatter,0,0.0013774708,16
turning,cnn_ae,ver_topk,2inchStickout_F_08-Jun-2017_rpm320_doc0p020_window_0021,2inchStickout/F_08-Jun-2017_rpm320_doc0p020,train,42,0,cv_evaluation,no_chatter,0,0.0014369352,16
turning,cnn_ae,ver_topk,2inchStickout_F_08-Jun-2017_rpm320_doc0p020_window_0022,2inchStickout/F_08-Jun-2017_rpm320_doc0p020,validation,42,0,cv_evaluation,no_chatter,0,0.0013929469,16
turning,cnn_ae,ver_topk,2inchStickout_F_08-Jun-2017_rpm320_doc0p020_window_0023,2inchStickout/F_08-Jun-2017_rpm320_doc0p020,train,42,0,cv_evaluation,no_chatter,0,0.00144138,16
turning,cnn_ae,ver_topk,2inchStickout_F_08-Jun-2017_rpm320_doc0p025_window_0000,2inchStickout/F_08-Jun-2017_rpm320_doc0p025,train,42,0,cv_evaluation,no_chatter,0,0.00019187469,16
turning,cnn_ae,ver_topk,2inchStickout_F_08-Jun-2017_rpm320_doc0p025_window_0001,2inchStickout/F_08-Jun-2017_rpm320_doc0p025,train,42,0,cv_evaluation,no_chatter,0,0.0001245374,16
turning,cnn_ae,ver_topk,2inchStickout_F_08-Jun-2017_rpm320_doc0p025_window_0002,2inchStickout/F_08-Jun-2017_rpm320_doc0p025,train,42,0,cv_evaluation,no_chatter,0,0.0004889186,16
turning,cnn_ae,ver_topk,2inchStickout_F_08-Jun-2017_rpm320_doc0p025_window_0003,2inchStickout/F_08-Jun-2017_rpm320_doc0p025,validation,42,0,cv_evaluation,no_chatter,0,0.0011226502,16
turning,cnn_ae,ver_topk,2inchStickout_F_08-Jun-2017_rpm320_doc0p025_window_0004,2inchStickout/F_08-Jun-2017_rpm320_doc0p025,validation,42,0,cv_evaluation,no_chatter,0,0.00048288828,16
turning,cnn_ae,ver_topk,2inchStickout_F_08-Jun-2017_rpm320_doc0p025_window_0005,2inchStickout/F_08-Jun-2017_rpm320_doc0p025,train,42,0,cv_evaluation,no_chatter,0,0.00052190345,16
turning,cnn_ae,ver_topk,2inchStickout_F_08-Jun-2017_rpm320_doc0p025_window_0006,2inchStickout/F_08-Jun-2017_rpm320_doc0p025,train,42,0,cv_evaluation,no_chatter,0,0.00050425384,16
turning,cnn_ae,ver_topk,2inchStickout_F_08-Jun-2017_rpm320_doc0p025_window_0007,2inchStickout/F_08-Jun-2017_rpm320_doc0p025,train,42,0,cv_evaluation,no_chatter,0,0.00047294694,16
turning,cnn_ae,ver_topk,2inchStickout_F_08-Jun-2017_rpm320_doc0p025_window_0008,2inchStickout/F_08-Jun-2017_rpm320_doc0p025,validation,42,0,cv_evaluation,no_chatter,0,0.0005283598,16
turning,cnn_ae,ver_topk,2inchStickout_F_08-Jun-2017_rpm320_doc0p025_window_0009,2inchStickout/F_08-Jun-2017_rpm320_doc0p025,train,42,0,cv_evaluation,no_chatter,0,0.0006356756,16
turning,cnn_ae,ver_topk,2inchStickout_F_08-Jun-2017_rpm320_doc0p025_window_0010,2inchStickout/F_08-Jun-2017_rpm320_doc0p025,train,42,0,cv_evaluation,no_chatter,0,0.0006213216,16
turning,cnn_ae,ver_topk,2inchStickout_F_08-Jun-2017_rpm320_doc0p025_window_0011,2inchStickout/F_08-Jun-2017_rpm320_doc0p025,train,42,0,cv_evaluation,no_chatter,0,0.0006024111,16
turning,cnn_ae,ver_topk,2inchStickout_F_08-Jun-2017_rpm320_doc0p025_window_0012,2inchStickout/F_08-Jun-2017_rpm320_doc0p025,validation,42,0,cv_evaluation,no_chatter,0,0.0031236752,16
turning,cnn_ae,ver_topk,2inchStickout_F_08-Jun-2017_rpm320_doc0p025_window_0013,2inchStickout/F_08-Jun-2017_rpm320_doc0p025,validation,42,0,cv_evaluation,no_chatter,0,0.003143496,16
turning,cnn_ae,ver_topk,2inchStickout_F_08-Jun-2017_rpm320_doc0p025_window_0014,2inchStickout/F_08-Jun-2017_rpm320_doc0p025,train,42,0,cv_evaluation,no_chatter,0,0.003956119,16
turning,cnn_ae,ver_topk,2inchStickout_F_08-Jun-2017_rpm320_doc0p025_window_0015,2inchStickout/F_08-Jun-2017_rpm320_doc0p025,train,42,0,cv_evaluation,no_chatter,0,0.007993742,16
turning,cnn_ae,ver_topk,2inchStickout_F_08-Jun-2017_rpm320_doc0p025_window_0016,2inchStickout/F_08-Jun-2017_rpm320_doc0p025,train,42,0,cv_evaluation,no_chatter,0,0.0036233712,16
turning,cnn_ae,ver_topk,2inchStickout_F_08-Jun-2017_rpm320_doc0p025_window_0017,2inchStickout/F_08-Jun-2017_rpm320_doc0p025,validation,42,0,cv_evaluation,no_chatter,0,0.0024837137,16
turning,cnn_ae,ver_topk,2inchStickout_F_08-Jun-2017_rpm320_doc0p025_window_0018,2inchStickout/F_08-Jun-2017_rpm320_doc0p025,train,42,0,cv_evaluation,no_chatter,0,0.0029602258,16
turning,cnn_ae,ver_topk,2inchStickout_F_08-Jun-2017_rpm320_doc0p025_window_0019,2inchStickout/F_08-Jun-2017_rpm320_doc0p025,train,42,0,cv_evaluation,no_chatter,0,0.0026883788,16
turning,cnn_ae,ver_topk,2inchStickout_F_08-Jun-2017_rpm320_doc0p025_window_0020,2inchStickout/F_08-Jun-2017_rpm320_doc0p025,train,42,0,cv_evaluation,no_chatter,0,0.0022600566,16
turning,cnn_ae,ver_topk,2inchStickout_F_08-Jun-2017_rpm320_doc0p025_window_0021,2inchStickout/F_08-Jun-2017_rpm320_doc0p025,validation,42,0,cv_evaluation,no_chatter,0,0.0012499721,16
turning,cnn_ae,ver_topk,2inchStickout_F_08-Jun-2017_rpm320_doc0p025_window_0022,2inchStickout/F_08-Jun-2017_rpm320_doc0p025,train,42,0,cv_evaluation,no_chatter,0,0.0009118643,16
turning,cnn_ae,ver_topk,2inchStickout_F_08-Jun-2017_rpm320_doc0p025_window_0023,2inchStickout/F_08-Jun-2017_rpm320_doc0p025,validation,42,0,cv_evaluation,no_chatter,0,0.0018528476,16
turning,cnn_ae,ver_topk,2inchStickout_F_08-Jun-2017_rpm425_doc0p010_window_0000,2inchStickout/F_08-Jun-2017_rpm425_doc0p010,validation,42,0,cv_evaluation,no_chatter,0,0.00033519813,16
turning,cnn_ae,ver_topk,2inchStickout_F_08-Jun-2017_rpm425_doc0p010_window_0001,2inchStickout/F_08-Jun-2017_rpm425_doc0p010,train,42,0,cv_evaluation,no_chatter,0,0.0006622039,16
turning,cnn_ae,ver_topk,2inchStickout_F_08-Jun-2017_rpm425_doc0p010_window_0002,2inchStickout/F_08-Jun-2017_rpm425_doc0p010,train,42,0,cv_evaluation,no_chatter,0,0.0012093192,16
turning,cnn_ae,ver_topk,2inchStickout_F_08-Jun-2017_rpm425_doc0p010_window_0003,2inchStickout/F_08-Jun-2017_rpm425_doc0p010,train,42,0,cv_evaluation,no_chatter,0,0.0014653252,16
turning,cnn_ae,ver_topk,2inchStickout_F_08-Jun-2017_rpm425_doc0p010_window_0004,2inchStickout/F_08-Jun-2017_rpm425_doc0p010,train,42,0,cv_evaluation,no_chatter,0,0.0013906257,16
turning,cnn_ae,ver_topk,2inchStickout_F_08-Jun-2017_rpm425_doc0p010_window_0005,2inchStickout/F_08-Jun-2017_rpm425_doc0p010,validation,42,0,cv_evaluation,no_chatter,0,0.0014231029,16
turning,cnn_ae,ver_topk,2inchStickout_F_08-Jun-2017_rpm425_doc0p010_window_0006,2inchStickout/F_08-Jun-2017_rpm425_doc0p010,train,42,0,cv_evaluation,no_chatter,0,0.0019083219,16
turning,cnn_ae,ver_topk,2inchStickout_F_08-Jun-2017_rpm425_doc0p010_window_0007,2inchStickout/F_08-Jun-2017_rpm425_doc0p010,train,42,0,cv_evaluation,no_chatter,0,0.0018081217,16
turning,cnn_ae,ver_topk,2inchStickout_F_08-Jun-2017_rpm425_doc0p020_window_0000,2inchStickout/F_08-Jun-2017_rpm425_doc0p020,train,42,0,cv_evaluation,no_chatter,0,0.0002106633,16
turning,cnn_ae,ver_topk,2inchStickout_F_08-Jun-2017_rpm425_doc0p020_window_0001,2inchStickout/F_08-Jun-2017_rpm425_doc0p020,train,42,0,cv_evaluation,no_chatter,0,0.00067140226,16
turning,cnn_ae,ver_topk,2inchStickout_F_08-Jun-2017_rpm425_doc0p020_window_0002,2inchStickout/F_08-Jun-2017_rpm425_doc0p020,test,42,0,cv_evaluation,no_chatter,0,0.0012335441,16
turning,cnn_ae,ver_topk,2inchStickout_F_08-Jun-2017_rpm425_doc0p020_window_0003,2inchStickout/F_08-Jun-2017_rpm425_doc0p020,train,42,0,cv_evaluation,no_chatter,0,0.0015884364,16
turning,cnn_ae,ver_topk,2inchStickout_F_08-Jun-2017_rpm425_doc0p020_window_0004,2inchStickout/F_08-Jun-2017_rpm425_doc0p020,train,42,0,cv_evaluation,no_chatter,0,0.0019328874,16
turning,cnn_ae,ver_topk,2inchStickout_F_08-Jun-2017_rpm425_doc0p020_window_0005,2inchStickout/F_08-Jun-2017_rpm425_doc0p020,test,42,0,cv_evaluation,no_chatter,0,0.008959009,16
turning,cnn_ae,ver_topk,2inchStickout_F_08-Jun-2017_rpm425_doc0p020_window_0006,2inchStickout/F_08-Jun-2017_rpm425_doc0p020,validation,42,0,cv_evaluation,chatter,1,0.015624639,16
turning,cnn_ae,ver_topk,2inchStickout_F_08-Jun-2017_rpm425_doc0p020_window_0007,2inchStickout/F_08-Jun-2017_rpm425_doc0p020,validation,42,0,cv_evaluation,chatter,1,0.015373673,16
turning,cnn_ae,ver_topk,2inchStickout_F_08-Jun-2017_rpm770_doc0p010_window_0000,2inchStickout/F_08-Jun-2017_rpm770_doc0p010,train,42,0,cv_evaluation,no_chatter,0,0.00029112012,16
turning,cnn_ae,ver_topk,2inchStickout_F_08-Jun-2017_rpm770_doc0p010_window_0001,2inchStickout/F_08-Jun-2017_rpm770_doc0p010,test,42,0,cv_evaluation,chatter,1,0.04442394,16
turning,cnn_ae,ver_topk,2inchStickout_F_08-Jun-2017_rpm770_doc0p010_window_0002,2inchStickout/F_08-Jun-2017_rpm770_doc0p010,test,42,0,cv_evaluation,chatter,1,0.014009371,16
turning,cnn_ae,ver_topk,2inchStickout_F_08-Jun-2017_rpm770_doc0p010_window_0003,2inchStickout/F_08-Jun-2017_rpm770_doc0p010,test,42,0,cv_evaluation,chatter,1,0.016067864,16
turning,cnn_ae,ver_topk,2inchStickout_F_08-Jun-2017_rpm770_doc0p010_window_0004,2inchStickout/F_08-Jun-2017_rpm770_doc0p010,test,42,0,cv_evaluation,chatter,1,0.018345976,16
turning,cnn_ae,ver_topk,2inchStickout_F_08-Jun-2017_rpm770_doc0p010_window_0005,2inchStickout/F_08-Jun-2017_rpm770_doc0p010,test,42,0,cv_evaluation,chatter,1,0.017600609,16
turning,cnn_ae,ver_topk,2inchStickout_F_08-Jun-2017_rpm770_doc0p010_window_0006,2inchStickout/F_08-Jun-2017_rpm770_doc0p010,test,42,0,cv_evaluation,chatter,1,0.020037578,16
turning,cnn_ae,ver_topk,2inchStickout_F_08-Jun-2017_rpm770_doc0p010_window_0007,2inchStickout/F_08-Jun-2017_rpm770_doc0p010,test,42,0,cv_evaluation,chatter,1,0.021438053,16
turning,cnn_ae,ver_topk,2inchStickout_F_08-Jun-2017_rpm770_doc0p010_window_0008,2inchStickout/F_08-Jun-2017_rpm770_doc0p010,test,42,0,cv_evaluation,chatter,1,0.02110292,16
turning,cnn_ae,ver_topk,2inchStickout_F_08-Jun-2017_rpm770_doc0p010_window_0009,2inchStickout/F_08-Jun-2017_rpm770_doc0p010,test,42,0,cv_evaluation,chatter,1,0.023857608,16
turning,cnn_ae,ver_topk,2inchStickout_F_08-Jun-2017_rpm770_doc0p010_window_0010,2inchStickout/F_08-Jun-2017_rpm770_doc0p010,test,42,0,cv_evaluation,chatter,1,0.02400524,16
turning,cnn_ae,ver_topk,2inchStickout_F_08-Jun-2017_rpm770_doc0p010_window_0011,2inchStickout/F_08-Jun-2017_rpm770_doc0p010,test,42,0,cv_evaluation,chatter,1,0.021347307,16
turning,cnn_ae,ver_topk,2inchStickout_F_08-Jun-2017_rpm770_doc0p010_window_0012,2inchStickout/F_08-Jun-2017_rpm770_doc0p010,test,42,0,cv_evaluation,chatter,1,0.017698847,16
turning,cnn_ae,ver_topk,2inchStickout_F_08-Jun-2017_rpm770_doc0p010_window_0013,2inchStickout/F_08-Jun-2017_rpm770_doc0p010,test,42,0,cv_evaluation,chatter,1,0.013993923,16
turning,cnn_ae,ver_topk,2inchStickout_F_08-Jun-2017_rpm770_doc0p010_window_0014,2inchStickout/F_08-Jun-2017_rpm770_doc0p010,train,42,0,cv_evaluation,no_chatter,0,0.040688004,16
turning,cnn_ae,ver_topk,2inchStickout_F_08-Jun-2017_rpm770_doc0p010_window_0015,2inchStickout/F_08-Jun-2017_rpm770_doc0p010,train,42,0,cv_evaluation,no_chatter,0,0.0002681228,16
turning,cnn_ae,ver_topk,2inchStickout_F_08-Jun-2017_rpm770_doc0p010_window_0016,2inchStickout/F_08-Jun-2017_rpm770_doc0p010,train,42,0,cv_evaluation,no_chatter,0,0.00027470433,16
turning,cnn_ae,ver_topk,2inchStickout_F_08-Jun-2017_rpm770_doc0p010_window_0017,2inchStickout/F_08-Jun-2017_rpm770_doc0p010,train,42,0,cv_evaluation,no_chatter,0,0.00031292197,16
turning,cnn_ae,ver_topk,2inchStickout_F_08-Jun-2017_rpm770_doc0p010_window_0018,2inchStickout/F_08-Jun-2017_rpm770_doc0p010,train,42,0,cv_evaluation,no_chatter,0,0.00024492256,16
turning,cnn_ae,ver_topk,2inchStickout_F_08-Jun-2017_rpm770_doc0p010_window_0019,2inchStickout/F_08-Jun-2017_rpm770_doc0p010,train,42,0,cv_evaluation,no_chatter,0,0.00028492828,16
turning,cnn_ae,ver_topk,2inchStickout_F_08-Jun-2017_rpm770_doc0p010_window_0020,2inchStickout/F_08-Jun-2017_rpm770_doc0p010,train,42,0,cv_evaluation,no_chatter,0,0.0002811456,16
turning,cnn_ae,ver_topk,2inchStickout_F_08-Jun-2017_rpm770_doc0p010_window_0021,2inchStickout/F_08-Jun-2017_rpm770_doc0p010,train,42,0,cv_evaluation,no_chatter,0,0.00024557553,16
turning,cnn_ae,ver_topk,2inchStickout_F_08-Jun-2017_rpm770_doc0p010_window_0022,2inchStickout/F_08-Jun-2017_rpm770_doc0p010,train,42,0,cv_evaluation,no_chatter,0,0.00023751763,16
turning,cnn_ae,ver_topk,2inchStickout_F_08-Jun-2017_rpm770_doc0p010_window_0023,2inchStickout/F_08-Jun-2017_rpm770_doc0p010,train,42,0,cv_evaluation,no_chatter,0,0.00023472315,16
turning,cnn_ae,ver_topk,2inchStickout_F_08-Jun-2017_smoothingCut2_noChatter_window_0000,2inchStickout/F_08-Jun-2017_smoothingCut2_noChatter,train,42,0,cv_evaluation,no_chatter,0,0.00026574536,16
turning,cnn_ae,ver_topk,2inchStickout_F_08-Jun-2017_smoothingCut2_noChatter_window_0001,2inchStickout/F_08-Jun-2017_smoothingCut2_noChatter,test,42,0,cv_evaluation,no_chatter,0,0.0014776794,16
turning,cnn_ae,ver_topk,2inchStickout_F_08-Jun-2017_smoothingCut2_noChatter_window_0002,2inchStickout/F_08-Jun-2017_smoothingCut2_noChatter,train,42,0,cv_evaluation,no_chatter,0,0.0052668066,16
turning,cnn_ae,ver_topk,2inchStickout_F_08-Jun-2017_smoothingCut2_noChatter_window_0003,2inchStickout/F_08-Jun-2017_smoothingCut2_noChatter,train,42,0,cv_evaluation,no_chatter,0,0.0020320376,16
turning,cnn_ae,ver_topk,2inchStickout_F_08-Jun-2017_smoothingCut2_noChatter_window_0004,2inchStickout/F_08-Jun-2017_smoothingCut2_noChatter,train,42,0,cv_evaluation,no_chatter,0,0.0015626405,16
turning,cnn_ae,ver_topk,2inchStickout_F_08-Jun-2017_smoothingCut2_noChatter_window_0005,2inchStickout/F_08-Jun-2017_smoothingCut2_noChatter,train,42,0,cv_evaluation,no_chatter,0,0.0012502038,16
turning,cnn_ae,ver_topk,2inchStickout_F_08-Jun-2017_smoothingCut2_noChatter_window_0006,2inchStickout/F_08-Jun-2017_smoothingCut2_noChatter,train,42,0,cv_evaluation,no_chatter,0,0.0011621407,16
turning,cnn_ae,ver_topk,2inchStickout_F_08-Jun-2017_smoothingCut2_noChatter_window_0007,2inchStickout/F_08-Jun-2017_smoothingCut2_noChatter,test,42,0,cv_evaluation,no_chatter,0,0.001221389,16
turning,cnn_ae,ver_topk,2inchStickout_F_08-Jun-2017_smoothingCut2_noChatter_window_0008,2inchStickout/F_08-Jun-2017_smoothingCut2_noChatter,train,42,0,cv_evaluation,no_chatter,0,0.0011828915,16
turning,cnn_ae,ver_topk,2inchStickout_F_08-Jun-2017_smoothingCut2_noChatter_window_0009,2inchStickout/F_08-Jun-2017_smoothingCut2_noChatter,train,42,0,cv_evaluation,no_chatter,0,0.0013650265,16
turning,cnn_ae,ver_topk,2inchStickout_F_08-Jun-2017_smoothingCut2_noChatter_window_0010,2inchStickout/F_08-Jun-2017_smoothingCut2_noChatter,test,42,0,cv_evaluation,no_chatter,0,0.0015784187,16
turning,cnn_ae,ver_topk,2inchStickout_F_08-Jun-2017_smoothingCut2_noChatter_window_0011,2inchStickout/F_08-Jun-2017_smoothingCut2_noChatter,train,42,0,cv_evaluation,no_chatter,0,0.0017587073,16
turning,cnn_ae,ver_topk,2p5inchStickout_F_12-Jun-2017_rpm570_doc0p008_window_0000,2p5inchStickout/F_12-Jun-2017_rpm570_doc0p008,train,42,0,cv_evaluation,no_chatter,0,0.0009762489,16
turning,cnn_ae,ver_topk,2p5inchStickout_F_12-Jun-2017_rpm570_doc0p008_window_0001,2p5inchStickout/F_12-Jun-2017_rpm570_doc0p008,train,42,0,cv_evaluation,no_chatter,0,0.0019100001,16
turning,cnn_ae,ver_topk,2p5inchStickout_F_12-Jun-2017_rpm570_doc0p008_window_0002,2p5inchStickout/F_12-Jun-2017_rpm570_doc0p008,train,42,0,cv_evaluation,no_chatter,0,0.0015318111,16
turning,cnn_ae,ver_topk,2p5inchStickout_F_12-Jun-2017_rpm570_doc0p008_window_0003,2p5inchStickout/F_12-Jun-2017_rpm570_doc0p008,train,42,0,cv_evaluation,no_chatter,0,0.00211746,16
turning,cnn_ae,ver_topk,2p5inchStickout_F_12-Jun-2017_rpm570_doc0p008_window_0004,2p5inchStickout/F_12-Jun-2017_rpm570_doc0p008,train,42,0,cv_evaluation,no_chatter,0,0.002557291,16
turning,cnn_ae,ver_topk,2p5inchStickout_F_12-Jun-2017_rpm570_doc0p008_window_0005,2p5inchStickout/F_12-Jun-2017_rpm570_doc0p008,train,42,0,cv_evaluation,no_chatter,0,0.0026036205,16
turning,cnn_ae,ver_topk,2p5inchStickout_F_12-Jun-2017_rpm570_doc0p008_window_0006,2p5inchStickout/F_12-Jun-2017_rpm570_doc0p008,train,42,0,cv_evaluation,no_chatter,0,0.0018966919,16
turning,cnn_ae,ver_topk,2p5inchStickout_F_12-Jun-2017_rpm570_doc0p008_window_0007,2p5inchStickout/F_12-Jun-2017_rpm570_doc0p008,train,42,0,cv_evaluation,no_chatter,0,0.0020854569,16
turning,cnn_ae,ver_topk,2p5inchStickout_F_12-Jun-2017_rpm570_doc0p008_window_0008,2p5inchStickout/F_12-Jun-2017_rpm570_doc0p008,train,42,0,cv_evaluation,no_chatter,0,0.0020726656,16
turning,cnn_ae,ver_topk,2p5inchStickout_F_12-Jun-2017_rpm570_doc0p008_window_0009,2p5inchStickout/F_12-Jun-2017_rpm570_doc0p008,validation,42,0,cv_evaluation,no_chatter,0,0.002166367,16
turning,cnn_ae,ver_topk,4p5inchStickout_F_12-Jun-2017_rpm570_doc0p035_window_0000,4p5inchStickout/F_12-Jun-2017_rpm570_doc0p035,validation,42,0,cv_evaluation,no_chatter,0,0.001437691,16
turning,cnn_ae,ver_topk,4p5inchStickout_F_12-Jun-2017_rpm570_doc0p035_window_0001,4p5inchStickout/F_12-Jun-2017_rpm570_doc0p035,validation,42,0,cv_evaluation,no_chatter,0,0.0021638097,16
turning,cnn_ae,ver_topk,4p5inchStickout_F_12-Jun-2017_rpm570_doc0p035_window_0002,4p5inchStickout/F_12-Jun-2017_rpm570_doc0p035,train,42,0,cv_evaluation,no_chatter,0,0.0019373735,16
turning,cnn_ae,ver_topk,4p5inchStickout_F_12-Jun-2017_rpm570_doc0p035_window_0003,4p5inchStickout/F_12-Jun-2017_rpm570_doc0p035,train,42,0,cv_evaluation,no_chatter,0,0.0014822184,16
turning,cnn_ae,ver_topk,4p5inchStickout_F_12-Jun-2017_rpm570_doc0p035_window_0004,4p5inchStickout/F_12-Jun-2017_rpm570_doc0p035,train,42,0,cv_evaluation,no_chatter,0,0.0013600454,16
turning,cnn_ae,ver_topk,4p5inchStickout_F_12-Jun-2017_rpm570_doc0p035_window_0005,4p5inchStickout/F_12-Jun-2017_rpm570_doc0p035,train,42,0,cv_evaluation,no_chatter,0,0.0012020696,16
turning,cnn_ae,ver_topk,4p5inchStickout_F_12-Jun-2017_rpm570_doc0p035_window_0006,4p5inchStickout/F_12-Jun-2017_rpm570_doc0p035,train,42,0,cv_evaluation,no_chatter,0,0.0013168558,16
turning,cnn_ae,ver_topk,4p5inchStickout_F_12-Jun-2017_rpm570_doc0p035_window_0007,4p5inchStickout/F_12-Jun-2017_rpm570_doc0p035,train,42,0,cv_evaluation,no_chatter,0,0.001313752,16
turning,cnn_ae,ver_topk,4p5inchStickout_F_12-Jun-2017_rpm570_doc0p035_window_0008,4p5inchStickout/F_12-Jun-2017_rpm570_doc0p035,train,42,0,cv_evaluation,no_chatter,0,0.001161051,16
turning,cnn_ae,ver_topk,4p5inchStickout_F_12-Jun-2017_rpm570_doc0p035_window_0009,4p5inchStickout/F_12-Jun-2017_rpm570_doc0p035,train,42,0,cv_evaluation,no_chatter,0,0.008368698,16
turning,cnn_ae,ver_topk,4p5inchStickout_F_12-Jun-2017_rpm570_doc0p035_window_0010,4p5inchStickout/F_12-Jun-2017_rpm570_doc0p035,validation,42,0,cv_evaluation,no_chatter,0,0.00012631196,16
turning,cnn_ae,ver_topk,4p5inchStickout_F_12-Jun-2017_rpm570_doc0p035_window_0011,4p5inchStickout/F_12-Jun-2017_rpm570_doc0p035,train,42,0,cv_evaluation,no_chatter,0,0.00015832129,16
turning,cnn_ae,ver_topk,4p5inchStickout_F_13-Jun-2017_rpm1030_doc0p005_window_0000,4p5inchStickout/F_13-Jun-2017_rpm1030_doc0p005,train,42,0,cv_evaluation,no_chatter,0,8.371029e-05,16
turning,cnn_ae,ver_topk,4p5inchStickout_F_13-Jun-2017_rpm1030_doc0p005_window_0001,4p5inchStickout/F_13-Jun-2017_rpm1030_doc0p005,test,42,0,cv_evaluation,no_chatter,0,0.0029011227,16
turning,cnn_ae,ver_topk,4p5inchStickout_F_13-Jun-2017_rpm1030_doc0p005_window_0002,4p5inchStickout/F_13-Jun-2017_rpm1030_doc0p005,test,42,0,cv_evaluation,no_chatter,0,0.0014938706,16
turning,cnn_ae,ver_topk,4p5inchStickout_F_13-Jun-2017_rpm1030_doc0p005_window_0003,4p5inchStickout/F_13-Jun-2017_rpm1030_doc0p005,train,42,0,cv_evaluation,no_chatter,0,0.0036443176,16
turning,cnn_ae,ver_topk,4p5inchStickout_F_13-Jun-2017_rpm1030_doc0p014_window_0000,4p5inchStickout/F_13-Jun-2017_rpm1030_doc0p014,train,42,0,cv_evaluation,no_chatter,0,8.811724e-05,16
turning,cnn_ae,ver_topk,4p5inchStickout_F_13-Jun-2017_rpm1030_doc0p014_window_0001,4p5inchStickout/F_13-Jun-2017_rpm1030_doc0p014,train,42,0,cv_evaluation,no_chatter,0,0.0025113637,16
turning,cnn_ae,ver_topk,4p5inchStickout_F_13-Jun-2017_rpm1030_doc0p014_window_0002,4p5inchStickout/F_13-Jun-2017_rpm1030_doc0p014,validation,42,0,cv_evaluation,no_chatter,0,0.0026574843,16
turning,cnn_ae,ver_topk,4p5inchStickout_F_13-Jun-2017_rpm1030_doc0p014_window_0003,4p5inchStickout/F_13-Jun-2017_rpm1030_doc0p014,train,42,0,cv_evaluation,no_chatter,0,0.0024032448,16
turning,cnn_ae,ver_topk,4p5inchStickout_F_13-Jun-2017_rpm770_doc0p015_window_0000,4p5inchStickout/F_13-Jun-2017_rpm770_doc0p015,train,42,0,cv_evaluation,no_chatter,0,6.264955e-05,16
turning,cnn_ae,ver_topk,4p5inchStickout_F_13-Jun-2017_rpm770_doc0p015_window_0001,4p5inchStickout/F_13-Jun-2017_rpm770_doc0p015,validation,42,0,cv_evaluation,no_chatter,0,0.002183467,16
turning,cnn_ae,ver_topk,4p5inchStickout_F_13-Jun-2017_rpm770_doc0p015_window_0002,4p5inchStickout/F_13-Jun-2017_rpm770_doc0p015,validation,42,0,cv_evaluation,no_chatter,0,0.0011978861,16
turning,cnn_ae,ver_topk,4p5inchStickout_F_13-Jun-2017_rpm770_doc0p015_window_0003,4p5inchStickout/F_13-Jun-2017_rpm770_doc0p015,train,42,0,cv_evaluation,no_chatter,0,0.0014799489,16
turning,cnn_ae,ver_topk,4p5inchStickout_F_13-Jun-2017_rpm770_doc0p015_window_0004,4p5inchStickout/F_13-Jun-2017_rpm770_doc0p015,validation,42,0,cv_evaluation,no_chatter,0,0.0019226325,16
turning,cnn_ae,ver_topk,4p5inchStickout_F_13-Jun-2017_rpm770_doc0p015_window_0005,4p5inchStickout/F_13-Jun-2017_rpm770_doc0p015,validation,42,0,cv_evaluation,no_chatter,0,0.0011889798,16
turning,cnn_ae,global_mse,2inchStickout_F_08-Jun-2017_rpm1030_doc0p001_window_0000,2inchStickout/F_08-Jun-2017_rpm1030_doc0p001,train,42,1,cv_evaluation,no_chatter,0,0.0050501856,16
turning,cnn_ae,global_mse,2inchStickout_F_08-Jun-2017_rpm1030_doc0p001_window_0001,2inchStickout/F_08-Jun-2017_rpm1030_doc0p001,validation,42,1,cv_evaluation,chatter,1,0.10173129,16
turning,cnn_ae,global_mse,2inchStickout_F_08-Jun-2017_rpm1030_doc0p001_window_0002,2inchStickout/F_08-Jun-2017_rpm1030_doc0p001,validation,42,1,cv_evaluation,chatter,1,0.11522878,16
turning,cnn_ae,global_mse,2inchStickout_F_08-Jun-2017_rpm1030_doc0p001_window_0003,2inchStickout/F_08-Jun-2017_rpm1030_doc0p001,validation,42,1,cv_evaluation,chatter,1,0.13558401,16
turning,cnn_ae,global_mse,2inchStickout_F_08-Jun-2017_rpm320_doc0p010_window_0000,2inchStickout/F_08-Jun-2017_rpm320_doc0p010,train,42,1,cv_evaluation,no_chatter,0,0.0032523721,16
turning,cnn_ae,global_mse,2inchStickout_F_08-Jun-2017_rpm320_doc0p010_window_0001,2inchStickout/F_08-Jun-2017_rpm320_doc0p010,train,42,1,cv_evaluation,no_chatter,0,0.0032155563,16
turning,cnn_ae,global_mse,2inchStickout_F_08-Jun-2017_rpm320_doc0p010_window_0002,2inchStickout/F_08-Jun-2017_rpm320_doc0p010,train,42,1,cv_evaluation,no_chatter,0,0.0032176443,16
turning,cnn_ae,global_mse,2inchStickout_F_08-Jun-2017_rpm320_doc0p010_window_0003,2inchStickout/F_08-Jun-2017_rpm320_doc0p010,train,42,1,cv_evaluation,no_chatter,0,0.0033270854,16
turning,cnn_ae,global_mse,2inchStickout_F_08-Jun-2017_rpm320_doc0p010_window_0004,2inchStickout/F_08-Jun-2017_rpm320_doc0p010,train,42,1,cv_evaluation,no_chatter,0,0.003173034,16
turning,cnn_ae,global_mse,2inchStickout_F_08-Jun-2017_rpm320_doc0p010_window_0005,2inchStickout/F_08-Jun-2017_rpm320_doc0p010,validation,42,1,cv_evaluation,no_chatter,0,0.0028515793,16
turning,cnn_ae,global_mse,2inchStickout_F_08-Jun-2017_rpm320_doc0p010_window_0006,2inchStickout/F_08-Jun-2017_rpm320_doc0p010,validation,42,1,cv_evaluation,no_chatter,0,0.003067609,16
turning,cnn_ae,global_mse,2inchStickout_F_08-Jun-2017_rpm320_doc0p010_window_0007,2inchStickout/F_08-Jun-2017_rpm320_doc0p010,train,42,1,cv_evaluation,no_chatter,0,0.0037630913,16
turning,cnn_ae,global_mse,2inchStickout_F_08-Jun-2017_rpm320_doc0p010_window_0008,2inchStickout/F_08-Jun-2017_rpm320_doc0p010,validation,42,1,cv_evaluation,no_chatter,0,0.0046809516,16
turning,cnn_ae,global_mse,2inchStickout_F_08-Jun-2017_rpm320_doc0p010_window_0009,2inchStickout/F_08-Jun-2017_rpm320_doc0p010,train,42,1,cv_evaluation,no_chatter,0,0.012441382,16
turning,cnn_ae,global_mse,2inchStickout_F_08-Jun-2017_rpm320_doc0p010_window_0010,2inchStickout/F_08-Jun-2017_rpm320_doc0p010,train,42,1,cv_evaluation,no_chatter,0,0.01845074,16
turning,cnn_ae,global_mse,2inchStickout_F_08-Jun-2017_rpm320_doc0p010_window_0011,2inchStickout/F_08-Jun-2017_rpm320_doc0p010,validation,42,1,cv_evaluation,no_chatter,0,0.014233213,16
turning,cnn_ae,global_mse,2inchStickout_F_08-Jun-2017_rpm320_doc0p010_window_0012,2inchStickout/F_08-Jun-2017_rpm320_doc0p010,train,42,1,cv_evaluation,no_chatter,0,0.008691608,16
turning,cnn_ae,global_mse,2inchStickout_F_08-Jun-2017_rpm320_doc0p010_window_0013,2inchStickout/F_08-Jun-2017_rpm320_doc0p010,validation,42,1,cv_evaluation,no_chatter,0,0.011865509,16
turning,cnn_ae,global_mse,2inchStickout_F_08-Jun-2017_rpm320_doc0p010_window_0014,2inchStickout/F_08-Jun-2017_rpm320_doc0p010,train,42,1,cv_evaluation,no_chatter,0,0.009866046,16
turning,cnn_ae,global_mse,2inchStickout_F_08-Jun-2017_rpm320_doc0p010_window_0015,2inchStickout/F_08-Jun-2017_rpm320_doc0p010,train,42,1,cv_evaluation,no_chatter,0,0.006705618,16
turning,cnn_ae,global_mse,2inchStickout_F_08-Jun-2017_rpm320_doc0p010_window_0016,2inchStickout/F_08-Jun-2017_rpm320_doc0p010,train,42,1,cv_evaluation,no_chatter,0,0.0076133166,16
turning,cnn_ae,global_mse,2inchStickout_F_08-Jun-2017_rpm320_doc0p010_window_0017,2inchStickout/F_08-Jun-2017_rpm320_doc0p010,train,42,1,cv_evaluation,no_chatter,0,0.0066592097,16
turning,cnn_ae,global_mse,2inchStickout_F_08-Jun-2017_rpm320_doc0p010_window_0018,2inchStickout/F_08-Jun-2017_rpm320_doc0p010,train,42,1,cv_evaluation,no_chatter,0,0.0064074984,16
turning,cnn_ae,global_mse,2inchStickout_F_08-Jun-2017_rpm320_doc0p010_window_0019,2inchStickout/F_08-Jun-2017_rpm320_doc0p010,train,42,1,cv_evaluation,no_chatter,0,0.0057684463,16
turning,cnn_ae,global_mse,2inchStickout_F_08-Jun-2017_rpm320_doc0p010_window_0020,2inchStickout/F_08-Jun-2017_rpm320_doc0p010,train,42,1,cv_evaluation,no_chatter,0,0.004942968,16
turning,cnn_ae,global_mse,2inchStickout_F_08-Jun-2017_rpm320_doc0p010_window_0021,2inchStickout/F_08-Jun-2017_rpm320_doc0p010,train,42,1,cv_evaluation,no_chatter,0,0.0062820762,16
turning,cnn_ae,global_mse,2inchStickout_F_08-Jun-2017_rpm320_doc0p010_window_0022,2inchStickout/F_08-Jun-2017_rpm320_doc0p010,train,42,1,cv_evaluation,no_chatter,0,0.00758179,16
turning,cnn_ae,global_mse,2inchStickout_F_08-Jun-2017_rpm320_doc0p010_window_0023,2inchStickout/F_08-Jun-2017_rpm320_doc0p010,train,42,1,cv_evaluation,no_chatter,0,0.0055128094,16
turning,cnn_ae,global_mse,2inchStickout_F_08-Jun-2017_rpm320_doc0p045_window_0000,2inchStickout/F_08-Jun-2017_rpm320_doc0p045,train,42,1,cv_evaluation,no_chatter,0,0.0033793007,16
turning,cnn_ae,global_mse,2inchStickout_F_08-Jun-2017_rpm320_doc0p045_window_0001,2inchStickout/F_08-Jun-2017_rpm320_doc0p045,train,42,1,cv_evaluation,no_chatter,0,0.003515754,16
turning,cnn_ae,global_mse,2inchStickout_F_08-Jun-2017_rpm320_doc0p045_window_0002,2inchStickout/F_08-Jun-2017_rpm320_doc0p045,train,42,1,cv_evaluation,no_chatter,0,0.0041065556,16
turning,cnn_ae,global_mse,2inchStickout_F_08-Jun-2017_rpm320_doc0p045_window_0003,2inchStickout/F_08-Jun-2017_rpm320_doc0p045,train,42,1,cv_evaluation,no_chatter,0,0.004583227,16
turning,cnn_ae,global_mse,2inchStickout_F_08-Jun-2017_rpm320_doc0p045_window_0004,2inchStickout/F_08-Jun-2017_rpm320_doc0p045,train,42,1,cv_evaluation,no_chatter,0,0.0056782886,16
turning,cnn_ae,global_mse,2inchStickout_F_08-Jun-2017_rpm320_doc0p045_window_0005,2inchStickout/F_08-Jun-2017_rpm320_doc0p045,train,42,1,cv_evaluation,no_chatter,0,0.007246168,16
turning,cnn_ae,global_mse,2inchStickout_F_08-Jun-2017_rpm320_doc0p045_window_0006,2inchStickout/F_08-Jun-2017_rpm320_doc0p045,train,42,1,cv_evaluation,no_chatter,0,0.0077607436,16
turning,cnn_ae,global_mse,2inchStickout_F_08-Jun-2017_rpm320_doc0p045_window_0007,2inchStickout/F_08-Jun-2017_rpm320_doc0p045,train,42,1,cv_evaluation,no_chatter,0,0.007624433,16
turning,cnn_ae,global_mse,2inchStickout_F_08-Jun-2017_rpm320_doc0p045_window_0008,2inchStickout/F_08-Jun-2017_rpm320_doc0p045,train,42,1,cv_evaluation,no_chatter,0,0.0071358737,16
turning,cnn_ae,global_mse,2inchStickout_F_08-Jun-2017_rpm320_doc0p045_window_0009,2inchStickout/F_08-Jun-2017_rpm320_doc0p045,validation,42,1,cv_evaluation,no_chatter,0,0.0071205953,16
turning,cnn_ae,global_mse,2inchStickout_F_08-Jun-2017_rpm320_doc0p045_window_0010,2inchStickout/F_08-Jun-2017_rpm320_doc0p045,train,42,1,cv_evaluation,no_chatter,0,0.006070611,16
turning,cnn_ae,global_mse,2inchStickout_F_08-Jun-2017_rpm320_doc0p045_window_0011,2inchStickout/F_08-Jun-2017_rpm320_doc0p045,train,42,1,cv_evaluation,no_chatter,0,0.005386329,16
turning,cnn_ae,global_mse,2inchStickout_F_08-Jun-2017_rpm320_doc0p045_window_0012,2inchStickout/F_08-Jun-2017_rpm320_doc0p045,train,42,1,cv_evaluation,no_chatter,0,0.0049125585,16
turning,cnn_ae,global_mse,2inchStickout_F_08-Jun-2017_rpm320_doc0p045_window_0013,2inchStickout/F_08-Jun-2017_rpm320_doc0p045,train,42,1,cv_evaluation,no_chatter,0,0.0044928878,16
turning,cnn_ae,global_mse,2inchStickout_F_08-Jun-2017_rpm320_doc0p045_window_0014,2inchStickout/F_08-Jun-2017_rpm320_doc0p045,train,42,1,cv_evaluation,no_chatter,0,0.0040541915,16
turning,cnn_ae,global_mse,2inchStickout_F_08-Jun-2017_rpm320_doc0p045_window_0015,2inchStickout/F_08-Jun-2017_rpm320_doc0p045,validation,42,1,cv_evaluation,no_chatter,0,0.003725867,16
turning,cnn_ae,global_mse,2inchStickout_F_08-Jun-2017_rpm320_doc0p045_window_0016,2inchStickout/F_08-Jun-2017_rpm320_doc0p045,validation,42,1,cv_evaluation,no_chatter,0,0.0037453491,16
turning,cnn_ae,global_mse,2inchStickout_F_08-Jun-2017_rpm320_doc0p045_window_0017,2inchStickout/F_08-Jun-2017_rpm320_doc0p045,validation,42,1,cv_evaluation,no_chatter,0,0.003947518,16
turning,cnn_ae,global_mse,2inchStickout_F_08-Jun-2017_rpm320_doc0p045_window_0018,2inchStickout/F_08-Jun-2017_rpm320_doc0p045,train,42,1,cv_evaluation,no_chatter,0,0.0051049786,16
turning,cnn_ae,global_mse,2inchStickout_F_08-Jun-2017_rpm320_doc0p045_window_0019,2inchStickout/F_08-Jun-2017_rpm320_doc0p045,train,42,1,cv_evaluation,no_chatter,0,0.007172588,16
turning,cnn_ae,global_mse,2inchStickout_F_08-Jun-2017_rpm320_doc0p045_window_0020,2inchStickout/F_08-Jun-2017_rpm320_doc0p045,train,42,1,cv_evaluation,no_chatter,0,0.0071640536,16
turning,cnn_ae,global_mse,2inchStickout_F_08-Jun-2017_rpm320_doc0p045_window_0021,2inchStickout/F_08-Jun-2017_rpm320_doc0p045,train,42,1,cv_evaluation,no_chatter,0,0.00882273,16
turning,cnn_ae,global_mse,2inchStickout_F_08-Jun-2017_rpm320_doc0p045_window_0022,2inchStickout/F_08-Jun-2017_rpm320_doc0p045,train,42,1,cv_evaluation,no_chatter,0,0.0061886786,16
turning,cnn_ae,global_mse,2inchStickout_F_08-Jun-2017_rpm320_doc0p045_window_0023,2inchStickout/F_08-Jun-2017_rpm320_doc0p045,train,42,1,cv_evaluation,no_chatter,0,0.0058187037,16
turning,cnn_ae,global_mse,2inchStickout_F_08-Jun-2017_rpm320_doc0p060_xAccDetached_window_0000,2inchStickout/F_08-Jun-2017_rpm320_doc0p060_xAccDetached,train,42,1,cv_evaluation,no_chatter,0,0.0033351416,16
turning,cnn_ae,global_mse,2inchStickout_F_08-Jun-2017_rpm320_doc0p060_xAccDetached_window_0001,2inchStickout/F_08-Jun-2017_rpm320_doc0p060_xAccDetached,train,42,1,cv_evaluation,no_chatter,0,0.003431651,16
turning,cnn_ae,global_mse,2inchStickout_F_08-Jun-2017_rpm320_doc0p060_xAccDetached_window_0002,2inchStickout/F_08-Jun-2017_rpm320_doc0p060_xAccDetached,train,42,1,cv_evaluation,no_chatter,0,0.0047079986,16
turning,cnn_ae,global_mse,2inchStickout_F_08-Jun-2017_rpm320_doc0p060_xAccDetached_window_0003,2inchStickout/F_08-Jun-2017_rpm320_doc0p060_xAccDetached,validation,42,1,cv_evaluation,no_chatter,0,0.0036689416,16
turning,cnn_ae,global_mse,2inchStickout_F_08-Jun-2017_rpm320_doc0p060_xAccDetached_window_0004,2inchStickout/F_08-Jun-2017_rpm320_doc0p060_xAccDetached,train,42,1,cv_evaluation,no_chatter,0,0.0042037647,16
turning,cnn_ae,global_mse,2inchStickout_F_08-Jun-2017_rpm320_doc0p060_xAccDetached_window_0005,2inchStickout/F_08-Jun-2017_rpm320_doc0p060_xAccDetached,train,42,1,cv_evaluation,no_chatter,0,0.0042151413,16
turning,cnn_ae,global_mse,2inchStickout_F_08-Jun-2017_rpm320_doc0p060_xAccDetached_window_0006,2inchStickout/F_08-Jun-2017_rpm320_doc0p060_xAccDetached,train,42,1,cv_evaluation,no_chatter,0,0.0043805246,16
turning,cnn_ae,global_mse,2inchStickout_F_08-Jun-2017_rpm320_doc0p060_xAccDetached_window_0007,2inchStickout/F_08-Jun-2017_rpm320_doc0p060_xAccDetached,train,42,1,cv_evaluation,no_chatter,0,0.004576624,16
turning,cnn_ae,global_mse,2inchStickout_F_08-Jun-2017_rpm320_doc0p060_xAccDetached_window_0008,2inchStickout/F_08-Jun-2017_rpm320_doc0p060_xAccDetached,train,42,1,cv_evaluation,no_chatter,0,0.0049267076,16
turning,cnn_ae,global_mse,2inchStickout_F_08-Jun-2017_rpm320_doc0p060_xAccDetached_window_0009,2inchStickout/F_08-Jun-2017_rpm320_doc0p060_xAccDetached,train,42,1,cv_evaluation,no_chatter,0,0.0046009202,16
turning,cnn_ae,global_mse,2inchStickout_F_08-Jun-2017_rpm320_doc0p060_xAccDetached_window_0010,2inchStickout/F_08-Jun-2017_rpm320_doc0p060_xAccDetached,train,42,1,cv_evaluation,no_chatter,0,0.004255784,16
turning,cnn_ae,global_mse,2inchStickout_F_08-Jun-2017_rpm320_doc0p060_xAccDetached_window_0011,2inchStickout/F_08-Jun-2017_rpm320_doc0p060_xAccDetached,train,42,1,cv_evaluation,no_chatter,0,0.0037388923,16
turning,cnn_ae,global_mse,2inchStickout_F_08-Jun-2017_rpm425_doc0p025_window_0000,2inchStickout/F_08-Jun-2017_rpm425_doc0p025,train,42,1,cv_evaluation,no_chatter,0,0.0037106937,16
turning,cnn_ae,global_mse,2inchStickout_F_08-Jun-2017_rpm425_doc0p025_window_0001,2inchStickout/F_08-Jun-2017_rpm425_doc0p025,train,42,1,cv_evaluation,no_chatter,0,0.0037880733,16
turning,cnn_ae,global_mse,2inchStickout_F_08-Jun-2017_rpm425_doc0p025_window_0002,2inchStickout/F_08-Jun-2017_rpm425_doc0p025,test,42,1,cv_evaluation,no_chatter,0,0.004437536,16
turning,cnn_ae,global_mse,2inchStickout_F_08-Jun-2017_rpm425_doc0p025_window_0003,2inchStickout/F_08-Jun-2017_rpm425_doc0p025,train,42,1,cv_evaluation,no_chatter,0,0.010951346,16
turning,cnn_ae,global_mse,2inchStickout_F_08-Jun-2017_rpm425_doc0p025_window_0004,2inchStickout/F_08-Jun-2017_rpm425_doc0p025,validation,42,1,cv_evaluation,chatter,1,0.031927742,16
turning,cnn_ae,global_mse,2inchStickout_F_08-Jun-2017_rpm425_doc0p025_window_0005,2inchStickout/F_08-Jun-2017_rpm425_doc0p025,validation,42,1,cv_evaluation,chatter,1,0.03484512,16
turning,cnn_ae,global_mse,2inchStickout_F_08-Jun-2017_rpm425_doc0p025_window_0006,2inchStickout/F_08-Jun-2017_rpm425_doc0p025,validation,42,1,cv_evaluation,chatter,1,0.034750696,16
turning,cnn_ae,global_mse,2inchStickout_F_08-Jun-2017_rpm425_doc0p025_window_0007,2inchStickout/F_08-Jun-2017_rpm425_doc0p025,validation,42,1,cv_evaluation,chatter,1,0.028754042,16
turning,cnn_ae,global_mse,2inchStickout_F_08-Jun-2017_rpm570_doc0p002_window_0000,2inchStickout/F_08-Jun-2017_rpm570_doc0p002,train,42,1,cv_evaluation,no_chatter,0,0.0038011053,16
turning,cnn_ae,global_mse,2inchStickout_F_08-Jun-2017_rpm570_doc0p002_window_0001,2inchStickout/F_08-Jun-2017_rpm570_doc0p002,train,42,1,cv_evaluation,no_chatter,0,0.004336686,16
turning,cnn_ae,global_mse,2inchStickout_F_08-Jun-2017_rpm570_doc0p002_window_0002,2inchStickout/F_08-Jun-2017_rpm570_doc0p002,test,42,1,cv_evaluation,chatter,1,0.014290129,16
turning,cnn_ae,global_mse,2inchStickout_F_08-Jun-2017_rpm570_doc0p002_window_0003,2inchStickout/F_08-Jun-2017_rpm570_doc0p002,test,42,1,cv_evaluation,chatter,1,0.031411003,16
turning,cnn_ae,global_mse,2inchStickout_F_08-Jun-2017_rpm570_doc0p002_window_0004,2inchStickout/F_08-Jun-2017_rpm570_doc0p002,train,42,1,cv_evaluation,no_chatter,0,0.015977552,16
turning,cnn_ae,global_mse,2inchStickout_F_08-Jun-2017_rpm570_doc0p002_window_0005,2inchStickout/F_08-Jun-2017_rpm570_doc0p002,train,42,1,cv_evaluation,no_chatter,0,0.035187833,16
turning,cnn_ae,global_mse,2inchStickout_F_08-Jun-2017_rpm570_doc0p005_window_0000,2inchStickout/F_08-Jun-2017_rpm570_doc0p005,train,42,1,cv_evaluation,no_chatter,0,0.003989263,16
turning,cnn_ae,global_mse,2inchStickout_F_08-Jun-2017_rpm570_doc0p005_window_0001,2inchStickout/F_08-Jun-2017_rpm570_doc0p005,test,42,1,cv_evaluation,no_chatter,0,0.0047555785,16
turning,cnn_ae,global_mse,2inchStickout_F_08-Jun-2017_rpm570_doc0p005_window_0002,2inchStickout/F_08-Jun-2017_rpm570_doc0p005,test,42,1,cv_evaluation,chatter,1,0.019783676,16
turning,cnn_ae,global_mse,2inchStickout_F_08-Jun-2017_rpm570_doc0p005_window_0003,2inchStickout/F_08-Jun-2017_rpm570_doc0p005,train,42,1,cv_evaluation,no_chatter,0,0.013562591,16
turning,cnn_ae,global_mse,2p5inchStickout_F_12-Jun-2017_rpm570_doc0p012_window_0000,2p5inchStickout/F_12-Jun-2017_rpm570_doc0p012,train,42,1,cv_evaluation,no_chatter,0,0.0033085907,16
turning,cnn_ae,global_mse,2p5inchStickout_F_12-Jun-2017_rpm570_doc0p012_window_0001,2p5inchStickout/F_12-Jun-2017_rpm570_doc0p012,train,42,1,cv_evaluation,no_chatter,0,0.007519772,16
turning,cnn_ae,global_mse,2p5inchStickout_F_12-Jun-2017_rpm570_doc0p012_window_0002,2p5inchStickout/F_12-Jun-2017_rpm570_doc0p012,test,42,1,cv_evaluation,chatter,1,0.01798695,16
turning,cnn_ae,global_mse,2p5inchStickout_F_12-Jun-2017_rpm570_doc0p012_window_0003,2p5inchStickout/F_12-Jun-2017_rpm570_doc0p012,train,42,1,cv_evaluation,no_chatter,0,0.011914394,16
turning,cnn_ae,global_mse,2p5inchStickout_F_12-Jun-2017_rpm570_doc0p012_window_0004,2p5inchStickout/F_12-Jun-2017_rpm570_doc0p012,train,42,1,cv_evaluation,no_chatter,0,0.01155941,16
turning,cnn_ae,global_mse,2p5inchStickout_F_12-Jun-2017_rpm570_doc0p012_window_0005,2p5inchStickout/F_12-Jun-2017_rpm570_doc0p012,train,42,1,cv_evaluation,no_chatter,0,0.013611609,16
turning,cnn_ae,global_mse,2p5inchStickout_F_12-Jun-2017_rpm570_doc0p012_window_0006,2p5inchStickout/F_12-Jun-2017_rpm570_doc0p012,validation,42,1,cv_evaluation,no_chatter,0,0.009188192,16
turning,cnn_ae,global_mse,2p5inchStickout_F_12-Jun-2017_rpm570_doc0p012_window_0007,2p5inchStickout/F_12-Jun-2017_rpm570_doc0p012,train,42,1,cv_evaluation,no_chatter,0,0.00883718,16
turning,cnn_ae,global_mse,2p5inchStickout_F_12-Jun-2017_rpm570_doc0p012_window_0008,2p5inchStickout/F_12-Jun-2017_rpm570_doc0p012,validation,42,1,cv_evaluation,no_chatter,0,0.009048142,16
turning,cnn_ae,global_mse,2p5inchStickout_F_12-Jun-2017_rpm570_doc0p012_window_0009,2p5inchStickout/F_12-Jun-2017_rpm570_doc0p012,validation,42,1,cv_evaluation,no_chatter,0,0.008650152,16
turning,cnn_ae,global_mse,2p5inchStickout_F_12-Jun-2017_rpm570_doc0p014_window_0000,2p5inchStickout/F_12-Jun-2017_rpm570_doc0p014,train,42,1,cv_evaluation,no_chatter,0,0.003265663,16
turning,cnn_ae,global_mse,2p5inchStickout_F_12-Jun-2017_rpm570_doc0p014_window_0001,2p5inchStickout/F_12-Jun-2017_rpm570_doc0p014,train,42,1,cv_evaluation,no_chatter,0,0.0047988994,16
turning,cnn_ae,global_mse,2p5inchStickout_F_12-Jun-2017_rpm570_doc0p014_window_0002,2p5inchStickout/F_12-Jun-2017_rpm570_doc0p014,train,42,1,cv_evaluation,no_chatter,0,0.016263181,16
turning,cnn_ae,global_mse,2p5inchStickout_F_12-Jun-2017_rpm570_doc0p014_window_0003,2p5inchStickout/F_12-Jun-2017_rpm570_doc0p014,validation,42,1,cv_evaluation,no_chatter,0,0.012105531,16
turning,cnn_ae,global_mse,2p5inchStickout_F_12-Jun-2017_rpm570_doc0p014_window_0004,2p5inchStickout/F_12-Jun-2017_rpm570_doc0p014,validation,42,1,cv_evaluation,no_chatter,0,0.0110272765,16
turning,cnn_ae,global_mse,2p5inchStickout_F_12-Jun-2017_rpm570_doc0p014_window_0005,2p5inchStickout/F_12-Jun-2017_rpm570_doc0p014,validation,42,1,cv_evaluation,no_chatter,0,0.010474531,16
turning,cnn_ae,global_mse,2p5inchStickout_F_12-Jun-2017_rpm770_doc0p005_window_0000,2p5inchStickout/F_12-Jun-2017_rpm770_doc0p005,train,42,1,cv_evaluation,no_chatter,0,0.0035748892,16
turning,cnn_ae,global_mse,2p5inchStickout_F_12-Jun-2017_rpm770_doc0p005_window_0001,2p5inchStickout/F_12-Jun-2017_rpm770_doc0p005,train,42,1,cv_evaluation,no_chatter,0,0.021903913,16
turning,cnn_ae,global_mse,2p5inchStickout_F_12-Jun-2017_rpm770_doc0p005_window_0002,2p5inchStickout/F_12-Jun-2017_rpm770_doc0p005,train,42,1,cv_evaluation,no_chatter,0,0.008523342,16
turning,cnn_ae,global_mse,2p5inchStickout_F_12-Jun-2017_rpm770_doc0p005_window_0003,2p5inchStickout/F_12-Jun-2017_rpm770_doc0p005,train,42,1,cv_evaluation,no_chatter,0,0.016697388,16
turning,cnn_ae,global_mse,3p5inchStickout_F_12-Jun-2017_rpm570_doc0p025_window_0000,3p5inchStickout/F_12-Jun-2017_rpm570_doc0p025,validation,42,1,cv_evaluation,no_chatter,0,0.002729994,16
turning,cnn_ae,global_mse,3p5inchStickout_F_12-Jun-2017_rpm570_doc0p025_window_0001,3p5inchStickout/F_12-Jun-2017_rpm570_doc0p025,train,42,1,cv_evaluation,no_chatter,0,0.003374016,16
turning,cnn_ae,global_mse,3p5inchStickout_F_12-Jun-2017_rpm570_doc0p025_window_0002,3p5inchStickout/F_12-Jun-2017_rpm570_doc0p025,train,42,1,cv_evaluation,no_chatter,0,0.005599547,16
turning,cnn_ae,global_mse,3p5inchStickout_F_12-Jun-2017_rpm570_doc0p025_window_0003,3p5inchStickout/F_12-Jun-2017_rpm570_doc0p025,validation,42,1,cv_evaluation,no_chatter,0,0.0075707277,16
turning,cnn_ae,global_mse,3p5inchStickout_F_12-Jun-2017_rpm570_doc0p025_window_0004,3p5inchStickout/F_12-Jun-2017_rpm570_doc0p025,train,42,1,cv_evaluation,no_chatter,0,0.0069456873,16
turning,cnn_ae,global_mse,3p5inchStickout_F_12-Jun-2017_rpm570_doc0p025_window_0005,3p5inchStickout/F_12-Jun-2017_rpm570_doc0p025,train,42,1,cv_evaluation,no_chatter,0,0.01054714,16
turning,cnn_ae,global_mse,3p5inchStickout_F_12-Jun-2017_rpm570_doc0p025_window_0006,3p5inchStickout/F_12-Jun-2017_rpm570_doc0p025,train,42,1,cv_evaluation,no_chatter,0,0.010454691,16
turning,cnn_ae,global_mse,3p5inchStickout_F_12-Jun-2017_rpm570_doc0p025_window_0007,3p5inchStickout/F_12-Jun-2017_rpm570_doc0p025,train,42,1,cv_evaluation,no_chatter,0,0.009366759,16
turning,cnn_ae,global_mse,3p5inchStickout_F_12-Jun-2017_rpm570_doc0p025_window_0008,3p5inchStickout/F_12-Jun-2017_rpm570_doc0p025,train,42,1,cv_evaluation,no_chatter,0,0.008125069,16
turning,cnn_ae,global_mse,3p5inchStickout_F_12-Jun-2017_rpm570_doc0p025_window_0009,3p5inchStickout/F_12-Jun-2017_rpm570_doc0p025,train,42,1,cv_evaluation,no_chatter,0,0.008856047,16
turning,cnn_ae,global_mse,3p5inchStickout_F_14-Jun-2017_rpm1030_doc0p002_window_0000,3p5inchStickout/F_14-Jun-2017_rpm1030_doc0p002,train,42,1,cv_evaluation,no_chatter,0,0.0027029202,16
turning,cnn_ae,global_mse,3p5inchStickout_F_14-Jun-2017_rpm1030_doc0p002_window_0001,3p5inchStickout/F_14-Jun-2017_rpm1030_doc0p002,train,42,1,cv_evaluation,no_chatter,0,0.039826866,16
turning,cnn_ae,global_mse,3p5inchStickout_F_14-Jun-2017_rpm1030_doc0p002_window_0002,3p5inchStickout/F_14-Jun-2017_rpm1030_doc0p002,train,42,1,cv_evaluation,no_chatter,0,0.052603777,16
turning,cnn_ae,global_mse,3p5inchStickout_F_14-Jun-2017_rpm770_doc0p010_window_0000,3p5inchStickout/F_14-Jun-2017_rpm770_doc0p010,train,42,1,cv_evaluation,no_chatter,0,0.0028599165,16
turning,cnn_ae,global_mse,3p5inchStickout_F_14-Jun-2017_rpm770_doc0p010_window_0001,3p5inchStickout/F_14-Jun-2017_rpm770_doc0p010,train,42,1,cv_evaluation,no_chatter,0,0.0041597434,16
turning,cnn_ae,global_mse,3p5inchStickout_F_14-Jun-2017_rpm770_doc0p010_window_0002,3p5inchStickout/F_14-Jun-2017_rpm770_doc0p010,train,42,1,cv_evaluation,no_chatter,0,0.018101089,16
turning,cnn_ae,global_mse,3p5inchStickout_F_14-Jun-2017_rpm770_doc0p010_window_0003,3p5inchStickout/F_14-Jun-2017_rpm770_doc0p010,train,42,1,cv_evaluation,no_chatter,0,0.017684048,16
turning,cnn_ae,global_mse,4p5inchStickout_F_12-Jun-2017_rpm570_doc0p040_window_0000,4p5inchStickout/F_12-Jun-2017_rpm570_doc0p040,train,42,1,cv_evaluation,no_chatter,0,0.0028955296,16
turning,cnn_ae,global_mse,4p5inchStickout_F_12-Jun-2017_rpm570_doc0p040_window_0001,4p5inchStickout/F_12-Jun-2017_rpm570_doc0p040,train,42,1,cv_evaluation,no_chatter,0,0.002810718,16
turning,cnn_ae,global_mse,4p5inchStickout_F_12-Jun-2017_rpm570_doc0p040_window_0002,4p5inchStickout/F_12-Jun-2017_rpm570_doc0p040,train,42,1,cv_evaluation,no_chatter,0,0.0027911968,16
turning,cnn_ae,global_mse,4p5inchStickout_F_12-Jun-2017_rpm570_doc0p040_window_0003,4p5inchStickout/F_12-Jun-2017_rpm570_doc0p040,train,42,1,cv_evaluation,no_chatter,0,0.0027881006,16
turning,cnn_ae,global_mse,4p5inchStickout_F_12-Jun-2017_rpm570_doc0p040_window_0004,4p5inchStickout/F_12-Jun-2017_rpm570_doc0p040,train,42,1,cv_evaluation,no_chatter,0,0.0027101345,16
turning,cnn_ae,global_mse,4p5inchStickout_F_12-Jun-2017_rpm570_doc0p040_window_0005,4p5inchStickout/F_12-Jun-2017_rpm570_doc0p040,train,42,1,cv_evaluation,no_chatter,0,0.0034852098,16
turning,cnn_ae,global_mse,4p5inchStickout_F_12-Jun-2017_rpm570_doc0p040_window_0006,4p5inchStickout/F_12-Jun-2017_rpm570_doc0p040,train,42,1,cv_evaluation,no_chatter,0,0.010975824,16
turning,cnn_ae,global_mse,4p5inchStickout_F_12-Jun-2017_rpm570_doc0p040_window_0007,4p5inchStickout/F_12-Jun-2017_rpm570_doc0p040,train,42,1,cv_evaluation,no_chatter,0,0.014693836,16
turning,cnn_ae,global_mse,4p5inchStickout_F_12-Jun-2017_rpm570_doc0p040_window_0008,4p5inchStickout/F_12-Jun-2017_rpm570_doc0p040,train,42,1,cv_evaluation,no_chatter,0,0.013621457,16
turning,cnn_ae,global_mse,4p5inchStickout_F_12-Jun-2017_rpm570_doc0p040_window_0009,4p5inchStickout/F_12-Jun-2017_rpm570_doc0p040,train,42,1,cv_evaluation,no_chatter,0,0.011417727,16
turning,cnn_ae,global_mse,4p5inchStickout_F_12-Jun-2017_rpm570_doc0p040_window_0010,4p5inchStickout/F_12-Jun-2017_rpm570_doc0p040,train,42,1,cv_evaluation,no_chatter,0,0.007852689,16
turning,cnn_ae,global_mse,4p5inchStickout_F_12-Jun-2017_rpm570_doc0p040_window_0011,4p5inchStickout/F_12-Jun-2017_rpm570_doc0p040,train,42,1,cv_evaluation,no_chatter,0,0.00554331,16
turning,cnn_ae,global_mse,4p5inchStickout_F_13-Jun-2017_rpm1030_doc0p015_window_0000,4p5inchStickout/F_13-Jun-2017_rpm1030_doc0p015,train,42,1,cv_evaluation,no_chatter,0,0.0031095387,16
turning,cnn_ae,global_mse,4p5inchStickout_F_13-Jun-2017_rpm1030_doc0p015_window_0001,4p5inchStickout/F_13-Jun-2017_rpm1030_doc0p015,train,42,1,cv_evaluation,no_chatter,0,0.011770331,16
turning,cnn_ae,global_mse,4p5inchStickout_F_13-Jun-2017_rpm1030_doc0p015_window_0002,4p5inchStickout/F_13-Jun-2017_rpm1030_doc0p015,train,42,1,cv_evaluation,no_chatter,0,0.018535526,16
turning,cnn_ae,global_mse,4p5inchStickout_F_13-Jun-2017_rpm1030_doc0p015_window_0003,4p5inchStickout/F_13-Jun-2017_rpm1030_doc0p015,validation,42,1,cv_evaluation,no_chatter,0,0.019469017,16
turning,cnn_ae,global_mae,2inchStickout_F_08-Jun-2017_rpm1030_doc0p001_window_0000,2inchStickout/F_08-Jun-2017_rpm1030_doc0p001,train,42,1,cv_evaluation,no_chatter,0,0.053063706,16
turning,cnn_ae,global_mae,2inchStickout_F_08-Jun-2017_rpm1030_doc0p001_window_0001,2inchStickout/F_08-Jun-2017_rpm1030_doc0p001,validation,42,1,cv_evaluation,chatter,1,0.23325795,16
turning,cnn_ae,global_mae,2inchStickout_F_08-Jun-2017_rpm1030_doc0p001_window_0002,2inchStickout/F_08-Jun-2017_rpm1030_doc0p001,validation,42,1,cv_evaluation,chatter,1,0.25757173,16
turning,cnn_ae,global_mae,2inchStickout_F_08-Jun-2017_rpm1030_doc0p001_window_0003,2inchStickout/F_08-Jun-2017_rpm1030_doc0p001,validation,42,1,cv_evaluation,chatter,1,0.28702104,16
turning,cnn_ae,global_mae,2inchStickout_F_08-Jun-2017_rpm320_doc0p010_window_0000,2inchStickout/F_08-Jun-2017_rpm320_doc0p010,train,42,1,cv_evaluation,no_chatter,0,0.049021624,16
turning,cnn_ae,global_mae,2inchStickout_F_08-Jun-2017_rpm320_doc0p010_window_0001,2inchStickout/F_08-Jun-2017_rpm320_doc0p010,train,42,1,cv_evaluation,no_chatter,0,0.048979063,16
turning,cnn_ae,global_mae,2inchStickout_F_08-Jun-2017_rpm320_doc0p010_window_0002,2inchStickout/F_08-Jun-2017_rpm320_doc0p010,train,42,1,cv_evaluation,no_chatter,0,0.048999973,16
turning,cnn_ae,global_mae,2inchStickout_F_08-Jun-2017_rpm320_doc0p010_window_0003,2inchStickout/F_08-Jun-2017_rpm320_doc0p010,train,42,1,cv_evaluation,no_chatter,0,0.048630524,16
turning,cnn_ae,global_mae,2inchStickout_F_08-Jun-2017_rpm320_doc0p010_window_0004,2inchStickout/F_08-Jun-2017_rpm320_doc0p010,train,42,1,cv_evaluation,no_chatter,0,0.044593766,16
turning,cnn_ae,global_mae,2inchStickout_F_08-Jun-2017_rpm320_doc0p010_window_0005,2inchStickout/F_08-Jun-2017_rpm320_doc0p010,validation,42,1,cv_evaluation,no_chatter,0,0.04256517,16
turning,cnn_ae,global_mae,2inchStickout_F_08-Jun-2017_rpm320_doc0p010_window_0006,2inchStickout/F_08-Jun-2017_rpm320_doc0p010,validation,42,1,cv_evaluation,no_chatter,0,0.04296505,16
turning,cnn_ae,global_mae,2inchStickout_F_08-Jun-2017_rpm320_doc0p010_window_0007,2inchStickout/F_08-Jun-2017_rpm320_doc0p010,train,42,1,cv_evaluation,no_chatter,0,0.045316152,16
turning,cnn_ae,global_mae,2inchStickout_F_08-Jun-2017_rpm320_doc0p010_window_0008,2inchStickout/F_08-Jun-2017_rpm320_doc0p010,validation,42,1,cv_evaluation,no_chatter,0,0.048157107,16
turning,cnn_ae,global_mae,2inchStickout_F_08-Jun-2017_rpm320_doc0p010_window_0009,2inchStickout/F_08-Jun-2017_rpm320_doc0p010,train,42,1,cv_evaluation,no_chatter,0,0.0679782,16
turning,cnn_ae,global_mae,2inchStickout_F_08-Jun-2017_rpm320_doc0p010_window_0010,2inchStickout/F_08-Jun-2017_rpm320_doc0p010,train,42,1,cv_evaluation,no_chatter,0,0.08267879,16
turning,cnn_ae,global_mae,2inchStickout_F_08-Jun-2017_rpm320_doc0p010_window_0011,2inchStickout/F_08-Jun-2017_rpm320_doc0p010,validation,42,1,cv_evaluation,no_chatter,0,0.07295518,16
turning,cnn_ae,global_mae,2inchStickout_F_08-Jun-2017_rpm320_doc0p010_window_0012,2inchStickout/F_08-Jun-2017_rpm320_doc0p010,train,42,1,cv_evaluation,no_chatter,0,0.059685275,16
turning,cnn_ae,global_mae,2inchStickout_F_08-Jun-2017_rpm320_doc0p010_window_0013,2inchStickout/F_08-Jun-2017_rpm320_doc0p010,validation,42,1,cv_evaluation,no_chatter,0,0.0663552,16
turning,cnn_ae,global_mae,2inchStickout_F_08-Jun-2017_rpm320_doc0p010_window_0014,2inchStickout/F_08-Jun-2017_rpm320_doc0p010,train,42,1,cv_evaluation,no_chatter,0,0.061554957,16
turning,cnn_ae,global_mae,2inchStickout_F_08-Jun-2017_rpm320_doc0p010_window_0015,2inchStickout/F_08-Jun-2017_rpm320_doc0p010,train,42,1,cv_evaluation,no_chatter,0,0.053916287,16
turning,cnn_ae,global_mae,2inchStickout_F_08-Jun-2017_rpm320_doc0p010_window_0016,2inchStickout/F_08-Jun-2017_rpm320_doc0p010,train,42,1,cv_evaluation,no_chatter,0,0.05419222,16
turning,cnn_ae,global_mae,2inchStickout_F_08-Jun-2017_rpm320_doc0p010_window_0017,2inchStickout/F_08-Jun-2017_rpm320_doc0p010,train,42,1,cv_evaluation,no_chatter,0,0.051589224,16
turning,cnn_ae,global_mae,2inchStickout_F_08-Jun-2017_rpm320_doc0p010_window_0018,2inchStickout/F_08-Jun-2017_rpm320_doc0p010,train,42,1,cv_evaluation,no_chatter,0,0.05170253,16
turning,cnn_ae,global_mae,2inchStickout_F_08-Jun-2017_rpm320_doc0p010_window_0019,2inchStickout/F_08-Jun-2017_rpm320_doc0p010,train,42,1,cv_evaluation,no_chatter,0,0.049922213,16
turning,cnn_ae,global_mae,2inchStickout_F_08-Jun-2017_rpm320_doc0p010_window_0020,2inchStickout/F_08-Jun-2017_rpm320_doc0p010,train,42,1,cv_evaluation,no_chatter,0,0.047583137,16
turning,cnn_ae,global_mae,2inchStickout_F_08-Jun-2017_rpm320_doc0p010_window_0021,2inchStickout/F_08-Jun-2017_rpm320_doc0p010,train,42,1,cv_evaluation,no_chatter,0,0.051858652,16
turning,cnn_ae,global_mae,2inchStickout_F_08-Jun-2017_rpm320_doc0p010_window_0022,2inchStickout/F_08-Jun-2017_rpm320_doc0p010,train,42,1,cv_evaluation,no_chatter,0,0.05553405,16
turning,cnn_ae,global_mae,2inchStickout_F_08-Jun-2017_rpm320_doc0p010_window_0023,2inchStickout/F_08-Jun-2017_rpm320_doc0p010,train,42,1,cv_evaluation,no_chatter,0,0.049056716,16
turning,cnn_ae,global_mae,2inchStickout_F_08-Jun-2017_rpm320_doc0p045_window_0000,2inchStickout/F_08-Jun-2017_rpm320_doc0p045,train,42,1,cv_evaluation,no_chatter,0,0.049519558,16
turning,cnn_ae,global_mae,2inchStickout_F_08-Jun-2017_rpm320_doc0p045_window_0001,2inchStickout/F_08-Jun-2017_rpm320_doc0p045,train,42,1,cv_evaluation,no_chatter,0,0.049874604,16
turning,cnn_ae,global_mae,2inchStickout_F_08-Jun-2017_rpm320_doc0p045_window_0002,2inchStickout/F_08-Jun-2017_rpm320_doc0p045,train,42,1,cv_evaluation,no_chatter,0,0.050535373,16
turning,cnn_ae,global_mae,2inchStickout_F_08-Jun-2017_rpm320_doc0p045_window_0003,2inchStickout/F_08-Jun-2017_rpm320_doc0p045,train,42,1,cv_evaluation,no_chatter,0,0.04798941,16
turning,cnn_ae,global_mae,2inchStickout_F_08-Jun-2017_rpm320_doc0p045_window_0004,2inchStickout/F_08-Jun-2017_rpm320_doc0p045,train,42,1,cv_evaluation,no_chatter,0,0.049803864,16
turning,cnn_ae,global_mae,2inchStickout_F_08-Jun-2017_rpm320_doc0p045_window_0005,2inchStickout/F_08-Jun-2017_rpm320_doc0p045,train,42,1,cv_evaluation,no_chatter,0,0.054566354,16
turning,cnn_ae,global_mae,2inchStickout_F_08-Jun-2017_rpm320_doc0p045_window_0006,2inchStickout/F_08-Jun-2017_rpm320_doc0p045,train,42,1,cv_evaluation,no_chatter,0,0.056295905,16
turning,cnn_ae,global_mae,2inchStickout_F_08-Jun-2017_rpm320_doc0p045_window_0007,2inchStickout/F_08-Jun-2017_rpm320_doc0p045,train,42,1,cv_evaluation,no_chatter,0,0.05545038,16
turning,cnn_ae,global_mae,2inchStickout_F_08-Jun-2017_rpm320_doc0p045_window_0008,2inchStickout/F_08-Jun-2017_rpm320_doc0p045,train,42,1,cv_evaluation,no_chatter,0,0.053864878,16
turning,cnn_ae,global_mae,2inchStickout_F_08-Jun-2017_rpm320_doc0p045_window_0009,2inchStickout/F_08-Jun-2017_rpm320_doc0p045,validation,42,1,cv_evaluation,no_chatter,0,0.054027896,16
turning,cnn_ae,global_mae,2inchStickout_F_08-Jun-2017_rpm320_doc0p045_window_0010,2inchStickout/F_08-Jun-2017_rpm320_doc0p045,train,42,1,cv_evaluation,no_chatter,0,0.05118805,16
turning,cnn_ae,global_mae,2inchStickout_F_08-Jun-2017_rpm320_doc0p045_window_0011,2inchStickout/F_08-Jun-2017_rpm320_doc0p045,train,42,1,cv_evaluation,no_chatter,0,0.049071886,16
turning,cnn_ae,global_mae,2inchStickout_F_08-Jun-2017_rpm320_doc0p045_window_0012,2inchStickout/F_08-Jun-2017_rpm320_doc0p045,train,42,1,cv_evaluation,no_chatter,0,0.048009247,16
turning,cnn_ae,global_mae,2inchStickout_F_08-Jun-2017_rpm320_doc0p045_window_0013,2inchStickout/F_08-Jun-2017_rpm320_doc0p045,train,42,1,cv_evaluation,no_chatter,0,0.04675602,16
turning,cnn_ae,global_mae,2inchStickout_F_08-Jun-2017_rpm320_doc0p045_window_0014,2inchStickout/F_08-Jun-2017_rpm320_doc0p045,train,42,1,cv_evaluation,no_chatter,0,0.044219866,16
turning,cnn_ae,global_mae,2inchStickout_F_08-Jun-2017_rpm320_doc0p045_window_0015,2inchStickout/F_08-Jun-2017_rpm320_doc0p045,validation,42,1,cv_evaluation,no_chatter,0,0.043190602,16
turning,cnn_ae,global_mae,2inchStickout_F_08-Jun-2017_rpm320_doc0p045_window_0016,2inchStickout/F_08-Jun-2017_rpm320_doc0p045,validation,42,1,cv_evaluation,no_chatter,0,0.043290243,16
turning,cnn_ae,global_mae,2inchStickout_F_08-Jun-2017_rpm320_doc0p045_window_0017,2inchStickout/F_08-Jun-2017_rpm320_doc0p045,validation,42,1,cv_evaluation,no_chatter,0,0.043877073,16
turning,cnn_ae,global_mae,2inchStickout_F_08-Jun-2017_rpm320_doc0p045_window_0018,2inchStickout/F_08-Jun-2017_rpm320_doc0p045,train,42,1,cv_evaluation,no_chatter,0,0.047669325,16
turning,cnn_ae,global_mae,2inchStickout_F_08-Jun-2017_rpm320_doc0p045_window_0019,2inchStickout/F_08-Jun-2017_rpm320_doc0p045,train,42,1,cv_evaluation,no_chatter,0,0.05338863,16
turning,cnn_ae,global_mae,2inchStickout_F_08-Jun-2017_rpm320_doc0p045_window_0020,2inchStickout/F_08-Jun-2017_rpm320_doc0p045,train,42,1,cv_evaluation,no_chatter,0,0.053174175,16
turning,cnn_ae,global_mae,2inchStickout_F_08-Jun-2017_rpm320_doc0p045_window_0021,2inchStickout/F_08-Jun-2017_rpm320_doc0p045,train,42,1,cv_evaluation,no_chatter,0,0.057493627,16
turning,cnn_ae,global_mae,2inchStickout_F_08-Jun-2017_rpm320_doc0p045_window_0022,2inchStickout/F_08-Jun-2017_rpm320_doc0p045,train,42,1,cv_evaluation,no_chatter,0,0.050608154,16
turning,cnn_ae,global_mae,2inchStickout_F_08-Jun-2017_rpm320_doc0p045_window_0023,2inchStickout/F_08-Jun-2017_rpm320_doc0p045,train,42,1,cv_evaluation,no_chatter,0,0.049658388,16
turning,cnn_ae,global_mae,2inchStickout_F_08-Jun-2017_rpm320_doc0p060_xAccDetached_window_0000,2inchStickout/F_08-Jun-2017_rpm320_doc0p060_xAccDetached,train,42,1,cv_evaluation,no_chatter,0,0.049574126,16
turning,cnn_ae,global_mae,2inchStickout_F_08-Jun-2017_rpm320_doc0p060_xAccDetached_window_0001,2inchStickout/F_08-Jun-2017_rpm320_doc0p060_xAccDetached,train,42,1,cv_evaluation,no_chatter,0,0.049737733,16
turning,cnn_ae,global_mae,2inchStickout_F_08-Jun-2017_rpm320_doc0p060_xAccDetached_window_0002,2inchStickout/F_08-Jun-2017_rpm320_doc0p060_xAccDetached,train,42,1,cv_evaluation,no_chatter,0,0.051113226,16
turning,cnn_ae,global_mae,2inchStickout_F_08-Jun-2017_rpm320_doc0p060_xAccDetached_window_0003,2inchStickout/F_08-Jun-2017_rpm320_doc0p060_xAccDetached,validation,42,1,cv_evaluation,no_chatter,0,0.047623493,16
turning,cnn_ae,global_mae,2inchStickout_F_08-Jun-2017_rpm320_doc0p060_xAccDetached_window_0004,2inchStickout/F_08-Jun-2017_rpm320_doc0p060_xAccDetached,train,42,1,cv_evaluation,no_chatter,0,0.04921937,16
turning,cnn_ae,global_mae,2inchStickout_F_08-Jun-2017_rpm320_doc0p060_xAccDetached_window_0005,2inchStickout/F_08-Jun-2017_rpm320_doc0p060_xAccDetached,train,42,1,cv_evaluation,no_chatter,0,0.04922846,16
turning,cnn_ae,global_mae,2inchStickout_F_08-Jun-2017_rpm320_doc0p060_xAccDetached_window_0006,2inchStickout/F_08-Jun-2017_rpm320_doc0p060_xAccDetached,train,42,1,cv_evaluation,no_chatter,0,0.049638856,16
turning,cnn_ae,global_mae,2inchStickout_F_08-Jun-2017_rpm320_doc0p060_xAccDetached_window_0007,2inchStickout/F_08-Jun-2017_rpm320_doc0p060_xAccDetached,train,42,1,cv_evaluation,no_chatter,0,0.050291065,16
turning,cnn_ae,global_mae,2inchStickout_F_08-Jun-2017_rpm320_doc0p060_xAccDetached_window_0008,2inchStickout/F_08-Jun-2017_rpm320_doc0p060_xAccDetached,train,42,1,cv_evaluation,no_chatter,0,0.050571214,16
turning,cnn_ae,global_mae,2inchStickout_F_08-Jun-2017_rpm320_doc0p060_xAccDetached_window_0009,2inchStickout/F_08-Jun-2017_rpm320_doc0p060_xAccDetached,train,42,1,cv_evaluation,no_chatter,0,0.050019763,16
turning,cnn_ae,global_mae,2inchStickout_F_08-Jun-2017_rpm320_doc0p060_xAccDetached_window_0010,2inchStickout/F_08-Jun-2017_rpm320_doc0p060_xAccDetached,train,42,1,cv_evaluation,no_chatter,0,0.049446583,16
turning,cnn_ae,global_mae,2inchStickout_F_08-Jun-2017_rpm320_doc0p060_xAccDetached_window_0011,2inchStickout/F_08-Jun-2017_rpm320_doc0p060_xAccDetached,train,42,1,cv_evaluation,no_chatter,0,0.04836999,16
turning,cnn_ae,global_mae,2inchStickout_F_08-Jun-2017_rpm425_doc0p025_window_0000,2inchStickout/F_08-Jun-2017_rpm425_doc0p025,train,42,1,cv_evaluation,no_chatter,0,0.05045364,16
turning,cnn_ae,global_mae,2inchStickout_F_08-Jun-2017_rpm425_doc0p025_window_0001,2inchStickout/F_08-Jun-2017_rpm425_doc0p025,train,42,1,cv_evaluation,no_chatter,0,0.05063725,16
turning,cnn_ae,global_mae,2inchStickout_F_08-Jun-2017_rpm425_doc0p025_window_0002,2inchStickout/F_08-Jun-2017_rpm425_doc0p025,test,42,1,cv_evaluation,no_chatter,0,0.049193863,16
turning,cnn_ae,global_mae,2inchStickout_F_08-Jun-2017_rpm425_doc0p025_window_0003,2inchStickout/F_08-Jun-2017_rpm425_doc0p025,train,42,1,cv_evaluation,no_chatter,0,0.062491108,16
turning,cnn_ae,global_mae,2inchStickout_F_08-Jun-2017_rpm425_doc0p025_window_0004,2inchStickout/F_08-Jun-2017_rpm425_doc0p025,validation,42,1,cv_evaluation,chatter,1,0.104669854,16
turning,cnn_ae,global_mae,2inchStickout_F_08-Jun-2017_rpm425_doc0p025_window_0005,2inchStickout/F_08-Jun-2017_rpm425_doc0p025,validation,42,1,cv_evaluation,chatter,1,0.108141415,16
turning,cnn_ae,global_mae,2inchStickout_F_08-Jun-2017_rpm425_doc0p025_window_0006,2inchStickout/F_08-Jun-2017_rpm425_doc0p025,validation,42,1,cv_evaluation,chatter,1,0.107548915,16
turning,cnn_ae,global_mae,2inchStickout_F_08-Jun-2017_rpm425_doc0p025_window_0007,2inchStickout/F_08-Jun-2017_rpm425_doc0p025,validation,42,1,cv_evaluation,chatter,1,0.09834367,16
turning,cnn_ae,global_mae,2inchStickout_F_08-Jun-2017_rpm570_doc0p002_window_0000,2inchStickout/F_08-Jun-2017_rpm570_doc0p002,train,42,1,cv_evaluation,no_chatter,0,0.051013548,16
turning,cnn_ae,global_mae,2inchStickout_F_08-Jun-2017_rpm570_doc0p002_window_0001,2inchStickout/F_08-Jun-2017_rpm570_doc0p002,train,42,1,cv_evaluation,no_chatter,0,0.04936762,16
turning,cnn_ae,global_mae,2inchStickout_F_08-Jun-2017_rpm570_doc0p002_window_0002,2inchStickout/F_08-Jun-2017_rpm570_doc0p002,test,42,1,cv_evaluation,chatter,1,0.0710499,16
turning,cnn_ae,global_mae,2inchStickout_F_08-Jun-2017_rpm570_doc0p002_window_0003,2inchStickout/F_08-Jun-2017_rpm570_doc0p002,test,42,1,cv_evaluation,chatter,1,0.10644784,16
turning,cnn_ae,global_mae,2inchStickout_F_08-Jun-2017_rpm570_doc0p002_window_0004,2inchStickout/F_08-Jun-2017_rpm570_doc0p002,train,42,1,cv_evaluation,no_chatter,0,0.07926091,16
turning,cnn_ae,global_mae,2inchStickout_F_08-Jun-2017_rpm570_doc0p002_window_0005,2inchStickout/F_08-Jun-2017_rpm570_doc0p002,train,42,1,cv_evaluation,no_chatter,0,0.12285599,16
turning,cnn_ae,global_mae,2inchStickout_F_08-Jun-2017_rpm570_doc0p005_window_0000,2inchStickout/F_08-Jun-2017_rpm570_doc0p005,train,42,1,cv_evaluation,no_chatter,0,0.051419113,16
turning,cnn_ae,global_mae,2inchStickout_F_08-Jun-2017_rpm570_doc0p005_window_0001,2inchStickout/F_08-Jun-2017_rpm570_doc0p005,test,42,1,cv_evaluation,no_chatter,0,0.0507986,16
turning,cnn_ae,global_mae,2inchStickout_F_08-Jun-2017_rpm570_doc0p005_window_0002,2inchStickout/F_08-Jun-2017_rpm570_doc0p005,test,42,1,cv_evaluation,chatter,1,0.08247235,16
turning,cnn_ae,global_mae,2inchStickout_F_08-Jun-2017_rpm570_doc0p005_window_0003,2inchStickout/F_08-Jun-2017_rpm570_doc0p005,train,42,1,cv_evaluation,no_chatter,0,0.072806485,16
turning,cnn_ae,global_mae,2p5inchStickout_F_12-Jun-2017_rpm570_doc0p012_window_0000,2p5inchStickout/F_12-Jun-2017_rpm570_doc0p012,train,42,1,cv_evaluation,no_chatter,0,0.048805468,16
turning,cnn_ae,global_mae,2p5inchStickout_F_12-Jun-2017_rpm570_doc0p012_window_0001,2p5inchStickout/F_12-Jun-2017_rpm570_doc0p012,train,42,1,cv_evaluation,no_chatter,0,0.055315193,16
turning,cnn_ae,global_mae,2p5inchStickout_F_12-Jun-2017_rpm570_doc0p012_window_0002,2p5inchStickout/F_12-Jun-2017_rpm570_doc0p012,test,42,1,cv_evaluation,chatter,1,0.079257935,16
turning,cnn_ae,global_mae,2p5inchStickout_F_12-Jun-2017_rpm570_doc0p012_window_0003,2p5inchStickout/F_12-Jun-2017_rpm570_doc0p012,train,42,1,cv_evaluation,no_chatter,0,0.06786953,16
turning,cnn_ae,global_mae,2p5inchStickout_F_12-Jun-2017_rpm570_doc0p012_window_0004,2p5inchStickout/F_12-Jun-2017_rpm570_doc0p012,train,42,1,cv_evaluation,no_chatter,0,0.068029836,16
turning,cnn_ae,global_mae,2p5inchStickout_F_12-Jun-2017_rpm570_doc0p012_window_0005,2p5inchStickout/F_12-Jun-2017_rpm570_doc0p012,train,42,1,cv_evaluation,no_chatter,0,0.07071259,16
turning,cnn_ae,global_mae,2p5inchStickout_F_12-Jun-2017_rpm570_doc0p012_window_0006,2p5inchStickout/F_12-Jun-2017_rpm570_doc0p012,validation,42,1,cv_evaluation,no_chatter,0,0.061731283,16
turning,cnn_ae,global_mae,2p5inchStickout_F_12-Jun-2017_rpm570_doc0p012_window_0007,2p5inchStickout/F_12-Jun-2017_rpm570_doc0p012,train,42,1,cv_evaluation,no_chatter,0,0.061790917,16
turning,cnn_ae,global_mae,2p5inchStickout_F_12-Jun-2017_rpm570_doc0p012_window_0008,2p5inchStickout/F_12-Jun-2017_rpm570_doc0p012,validation,42,1,cv_evaluation,no_chatter,0,0.061878428,16
turning,cnn_ae,global_mae,2p5inchStickout_F_12-Jun-2017_rpm570_doc0p012_window_0009,2p5inchStickout/F_12-Jun-2017_rpm570_doc0p012,validation,42,1,cv_evaluation,no_chatter,0,0.06169734,16
turning,cnn_ae,global_mae,2p5inchStickout_F_12-Jun-2017_rpm570_doc0p014_window_0000,2p5inchStickout/F_12-Jun-2017_rpm570_doc0p014,train,42,1,cv_evaluation,no_chatter,0,0.04872358,16
turning,cnn_ae,global_mae,2p5inchStickout_F_12-Jun-2017_rpm570_doc0p014_window_0001,2p5inchStickout/F_12-Jun-2017_rpm570_doc0p014,train,42,1,cv_evaluation,no_chatter,0,0.049475037,16
turning,cnn_ae,global_mae,2p5inchStickout_F_12-Jun-2017_rpm570_doc0p014_window_0002,2p5inchStickout/F_12-Jun-2017_rpm570_doc0p014,train,42,1,cv_evaluation,no_chatter,0,0.076047786,16
turning,cnn_ae,global_mae,2p5inchStickout_F_12-Jun-2017_rpm570_doc0p014_window_0003,2p5inchStickout/F_12-Jun-2017_rpm570_doc0p014,validation,42,1,cv_evaluation,no_chatter,0,0.06988344,16
turning,cnn_ae,global_mae,2p5inchStickout_F_12-Jun-2017_rpm570_doc0p014_window_0004,2p5inchStickout/F_12-Jun-2017_rpm570_doc0p014,validation,42,1,cv_evaluation,no_chatter,0,0.06701417,16
turning,cnn_ae,global_mae,2p5inchStickout_F_12-Jun-2017_rpm570_doc0p014_window_0005,2p5inchStickout/F_12-Jun-2017_rpm570_doc0p014,validation,42,1,cv_evaluation,no_chatter,0,0.06537884,16
turning,cnn_ae,global_mae,2p5inchStickout_F_12-Jun-2017_rpm770_doc0p005_window_0000,2p5inchStickout/F_12-Jun-2017_rpm770_doc0p005,train,42,1,cv_evaluation,no_chatter,0,0.04928678,16
turning,cnn_ae,global_mae,2p5inchStickout_F_12-Jun-2017_rpm770_doc0p005_window_0001,2p5inchStickout/F_12-Jun-2017_rpm770_doc0p005,train,42,1,cv_evaluation,no_chatter,0,0.09082433,16
turning,cnn_ae,global_mae,2p5inchStickout_F_12-Jun-2017_rpm770_doc0p005_window_0002,2p5inchStickout/F_12-Jun-2017_rpm770_doc0p005,train,42,1,cv_evaluation,no_chatter,0,0.0616284,16
turning,cnn_ae,global_mae,2p5inchStickout_F_12-Jun-2017_rpm770_doc0p005_window_0003,2p5inchStickout/F_12-Jun-2017_rpm770_doc0p005,train,42,1,cv_evaluation,no_chatter,0,0.080003515,16
turning,cnn_ae,global_mae,3p5inchStickout_F_12-Jun-2017_rpm570_doc0p025_window_0000,3p5inchStickout/F_12-Jun-2017_rpm570_doc0p025,validation,42,1,cv_evaluation,no_chatter,0,0.047224343,16
turning,cnn_ae,global_mae,3p5inchStickout_F_12-Jun-2017_rpm570_doc0p025_window_0001,3p5inchStickout/F_12-Jun-2017_rpm570_doc0p025,train,42,1,cv_evaluation,no_chatter,0,0.047365483,16
turning,cnn_ae,global_mae,3p5inchStickout_F_12-Jun-2017_rpm570_doc0p025_window_0002,3p5inchStickout/F_12-Jun-2017_rpm570_doc0p025,train,42,1,cv_evaluation,no_chatter,0,0.052042123,16
turning,cnn_ae,global_mae,3p5inchStickout_F_12-Jun-2017_rpm570_doc0p025_window_0003,3p5inchStickout/F_12-Jun-2017_rpm570_doc0p025,validation,42,1,cv_evaluation,no_chatter,0,0.0591332,16
turning,cnn_ae,global_mae,3p5inchStickout_F_12-Jun-2017_rpm570_doc0p025_window_0004,3p5inchStickout/F_12-Jun-2017_rpm570_doc0p025,train,42,1,cv_evaluation,no_chatter,0,0.056592606,16
turning,cnn_ae,global_mae,3p5inchStickout_F_12-Jun-2017_rpm570_doc0p025_window_0005,3p5inchStickout/F_12-Jun-2017_rpm570_doc0p025,train,42,1,cv_evaluation,no_chatter,0,0.06674666,16
turning,cnn_ae,global_mae,3p5inchStickout_F_12-Jun-2017_rpm570_doc0p025_window_0006,3p5inchStickout/F_12-Jun-2017_rpm570_doc0p025,train,42,1,cv_evaluation,no_chatter,0,0.06699037,16
turning,cnn_ae,global_mae,3p5inchStickout_F_12-Jun-2017_rpm570_doc0p025_window_0007,3p5inchStickout/F_12-Jun-2017_rpm570_doc0p025,train,42,1,cv_evaluation,no_chatter,0,0.064407684,16
turning,cnn_ae,global_mae,3p5inchStickout_F_12-Jun-2017_rpm570_doc0p025_window_0008,3p5inchStickout/F_12-Jun-2017_rpm570_doc0p025,train,42,1,cv_evaluation,no_chatter,0,0.059045378,16
turning,cnn_ae,global_mae,3p5inchStickout_F_12-Jun-2017_rpm570_doc0p025_window_0009,3p5inchStickout/F_12-Jun-2017_rpm570_doc0p025,train,42,1,cv_evaluation,no_chatter,0,0.06225575,16
turning,cnn_ae,global_mae,3p5inchStickout_F_14-Jun-2017_rpm1030_doc0p002_window_0000,3p5inchStickout/F_14-Jun-2017_rpm1030_doc0p002,train,42,1,cv_evaluation,no_chatter,0,0.046786036,16
turning,cnn_ae,global_mae,3p5inchStickout_F_14-Jun-2017_rpm1030_doc0p002_window_0001,3p5inchStickout/F_14-Jun-2017_rpm1030_doc0p002,train,42,1,cv_evaluation,no_chatter,0,0.12526025,16
turning,cnn_ae,global_mae,3p5inchStickout_F_14-Jun-2017_rpm1030_doc0p002_window_0002,3p5inchStickout/F_14-Jun-2017_rpm1030_doc0p002,train,42,1,cv_evaluation,no_chatter,0,0.15465304,16
turning,cnn_ae,global_mae,3p5inchStickout_F_14-Jun-2017_rpm770_doc0p010_window_0000,3p5inchStickout/F_14-Jun-2017_rpm770_doc0p010,train,42,1,cv_evaluation,no_chatter,0,0.047241878,16
turning,cnn_ae,global_mae,3p5inchStickout_F_14-Jun-2017_rpm770_doc0p010_window_0001,3p5inchStickout/F_14-Jun-2017_rpm770_doc0p010,train,42,1,cv_evaluation,no_chatter,0,0.049035758,16
turning,cnn_ae,global_mae,3p5inchStickout_F_14-Jun-2017_rpm770_doc0p010_window_0002,3p5inchStickout/F_14-Jun-2017_rpm770_doc0p010,train,42,1,cv_evaluation,no_chatter,0,0.08623792,16
turning,cnn_ae,global_mae,3p5inchStickout_F_14-Jun-2017_rpm770_doc0p010_window_0003,3p5inchStickout/F_14-Jun-2017_rpm770_doc0p010,train,42,1,cv_evaluation,no_chatter,0,0.08638401,16
turning,cnn_ae,global_mae,4p5inchStickout_F_12-Jun-2017_rpm570_doc0p040_window_0000,4p5inchStickout/F_12-Jun-2017_rpm570_doc0p040,train,42,1,cv_evaluation,no_chatter,0,0.048151024,16
turning,cnn_ae,global_mae,4p5inchStickout_F_12-Jun-2017_rpm570_doc0p040_window_0001,4p5inchStickout/F_12-Jun-2017_rpm570_doc0p040,train,42,1,cv_evaluation,no_chatter,0,0.047840003,16
turning,cnn_ae,global_mae,4p5inchStickout_F_12-Jun-2017_rpm570_doc0p040_window_0002,4p5inchStickout/F_12-Jun-2017_rpm570_doc0p040,train,42,1,cv_evaluation,no_chatter,0,0.04769039,16
turning,cnn_ae,global_mae,4p5inchStickout_F_12-Jun-2017_rpm570_doc0p040_window_0003,4p5inchStickout/F_12-Jun-2017_rpm570_doc0p040,train,42,1,cv_evaluation,no_chatter,0,0.047690794,16
turning,cnn_ae,global_mae,4p5inchStickout_F_12-Jun-2017_rpm570_doc0p040_window_0004,4p5inchStickout/F_12-Jun-2017_rpm570_doc0p040,train,42,1,cv_evaluation,no_chatter,0,0.04257521,16
turning,cnn_ae,global_mae,4p5inchStickout_F_12-Jun-2017_rpm570_doc0p040_window_0005,4p5inchStickout/F_12-Jun-2017_rpm570_doc0p040,train,42,1,cv_evaluation,no_chatter,0,0.042519983,16
turning,cnn_ae,global_mae,4p5inchStickout_F_12-Jun-2017_rpm570_doc0p040_window_0006,4p5inchStickout/F_12-Jun-2017_rpm570_doc0p040,train,42,1,cv_evaluation,no_chatter,0,0.074470244,16
turning,cnn_ae,global_mae,4p5inchStickout_F_12-Jun-2017_rpm570_doc0p040_window_0007,4p5inchStickout/F_12-Jun-2017_rpm570_doc0p040,train,42,1,cv_evaluation,no_chatter,0,0.08867474,16
turning,cnn_ae,global_mae,4p5inchStickout_F_12-Jun-2017_rpm570_doc0p040_window_0008,4p5inchStickout/F_12-Jun-2017_rpm570_doc0p040,train,42,1,cv_evaluation,no_chatter,0,0.08461519,16
turning,cnn_ae,global_mae,4p5inchStickout_F_12-Jun-2017_rpm570_doc0p040_window_0009,4p5inchStickout/F_12-Jun-2017_rpm570_doc0p040,train,42,1,cv_evaluation,no_chatter,0,0.0756927,16
turning,cnn_ae,global_mae,4p5inchStickout_F_12-Jun-2017_rpm570_doc0p040_window_0010,4p5inchStickout/F_12-Jun-2017_rpm570_doc0p040,train,42,1,cv_evaluation,no_chatter,0,0.060479373,16
turning,cnn_ae,global_mae,4p5inchStickout_F_12-Jun-2017_rpm570_doc0p040_window_0011,4p5inchStickout/F_12-Jun-2017_rpm570_doc0p040,train,42,1,cv_evaluation,no_chatter,0,0.050855055,16
turning,cnn_ae,global_mae,4p5inchStickout_F_13-Jun-2017_rpm1030_doc0p015_window_0000,4p5inchStickout/F_13-Jun-2017_rpm1030_doc0p015,train,42,1,cv_evaluation,no_chatter,0,0.04869716,16
turning,cnn_ae,global_mae,4p5inchStickout_F_13-Jun-2017_rpm1030_doc0p015_window_0001,4p5inchStickout/F_13-Jun-2017_rpm1030_doc0p015,train,42,1,cv_evaluation,no_chatter,0,0.06502073,16
turning,cnn_ae,global_mae,4p5inchStickout_F_13-Jun-2017_rpm1030_doc0p015_window_0002,4p5inchStickout/F_13-Jun-2017_rpm1030_doc0p015,train,42,1,cv_evaluation,no_chatter,0,0.09164047,16
turning,cnn_ae,global_mae,4p5inchStickout_F_13-Jun-2017_rpm1030_doc0p015_window_0003,4p5inchStickout/F_13-Jun-2017_rpm1030_doc0p015,validation,42,1,cv_evaluation,no_chatter,0,0.09462302,16
turning,cnn_ae,ver_max,2inchStickout_F_08-Jun-2017_rpm1030_doc0p001_window_0000,2inchStickout/F_08-Jun-2017_rpm1030_doc0p001,train,42,1,cv_evaluation,no_chatter,0,0.010884052,16
turning,cnn_ae,ver_max,2inchStickout_F_08-Jun-2017_rpm1030_doc0p001_window_0001,2inchStickout/F_08-Jun-2017_rpm1030_doc0p001,validation,42,1,cv_evaluation,chatter,1,0.12233462,16
turning,cnn_ae,ver_max,2inchStickout_F_08-Jun-2017_rpm1030_doc0p001_window_0002,2inchStickout/F_08-Jun-2017_rpm1030_doc0p001,validation,42,1,cv_evaluation,chatter,1,0.12961657,16
turning,cnn_ae,ver_max,2inchStickout_F_08-Jun-2017_rpm1030_doc0p001_window_0003,2inchStickout/F_08-Jun-2017_rpm1030_doc0p001,validation,42,1,cv_evaluation,chatter,1,0.15781741,16
turning,cnn_ae,ver_max,2inchStickout_F_08-Jun-2017_rpm320_doc0p010_window_0000,2inchStickout/F_08-Jun-2017_rpm320_doc0p010,train,42,1,cv_evaluation,no_chatter,0,0.0033154297,16
turning,cnn_ae,ver_max,2inchStickout_F_08-Jun-2017_rpm320_doc0p010_window_0001,2inchStickout/F_08-Jun-2017_rpm320_doc0p010,train,42,1,cv_evaluation,no_chatter,0,0.0032747525,16
turning,cnn_ae,ver_max,2inchStickout_F_08-Jun-2017_rpm320_doc0p010_window_0002,2inchStickout/F_08-Jun-2017_rpm320_doc0p010,train,42,1,cv_evaluation,no_chatter,0,0.0032742762,16
turning,cnn_ae,ver_max,2inchStickout_F_08-Jun-2017_rpm320_doc0p010_window_0003,2inchStickout/F_08-Jun-2017_rpm320_doc0p010,train,42,1,cv_evaluation,no_chatter,0,0.003681961,16
turning,cnn_ae,ver_max,2inchStickout_F_08-Jun-2017_rpm320_doc0p010_window_0004,2inchStickout/F_08-Jun-2017_rpm320_doc0p010,train,42,1,cv_evaluation,no_chatter,0,0.0035939042,16
turning,cnn_ae,ver_max,2inchStickout_F_08-Jun-2017_rpm320_doc0p010_window_0005,2inchStickout/F_08-Jun-2017_rpm320_doc0p010,validation,42,1,cv_evaluation,no_chatter,0,0.0031460593,16
turning,cnn_ae,ver_max,2inchStickout_F_08-Jun-2017_rpm320_doc0p010_window_0006,2inchStickout/F_08-Jun-2017_rpm320_doc0p010,validation,42,1,cv_evaluation,no_chatter,0,0.0036801775,16
turning,cnn_ae,ver_max,2inchStickout_F_08-Jun-2017_rpm320_doc0p010_window_0007,2inchStickout/F_08-Jun-2017_rpm320_doc0p010,train,42,1,cv_evaluation,no_chatter,0,0.0044838674,16
turning,cnn_ae,ver_max,2inchStickout_F_08-Jun-2017_rpm320_doc0p010_window_0008,2inchStickout/F_08-Jun-2017_rpm320_doc0p010,validation,42,1,cv_evaluation,no_chatter,0,0.0057028886,16
turning,cnn_ae,ver_max,2inchStickout_F_08-Jun-2017_rpm320_doc0p010_window_0009,2inchStickout/F_08-Jun-2017_rpm320_doc0p010,train,42,1,cv_evaluation,no_chatter,0,0.017736746,16
turning,cnn_ae,ver_max,2inchStickout_F_08-Jun-2017_rpm320_doc0p010_window_0010,2inchStickout/F_08-Jun-2017_rpm320_doc0p010,train,42,1,cv_evaluation,no_chatter,0,0.024550702,16
turning,cnn_ae,ver_max,2inchStickout_F_08-Jun-2017_rpm320_doc0p010_window_0011,2inchStickout/F_08-Jun-2017_rpm320_doc0p010,validation,42,1,cv_evaluation,no_chatter,0,0.017605675,16
turning,cnn_ae,ver_max,2inchStickout_F_08-Jun-2017_rpm320_doc0p010_window_0012,2inchStickout/F_08-Jun-2017_rpm320_doc0p010,train,42,1,cv_evaluation,no_chatter,0,0.012474726,16
turning,cnn_ae,ver_max,2inchStickout_F_08-Jun-2017_rpm320_doc0p010_window_0013,2inchStickout/F_08-Jun-2017_rpm320_doc0p010,validation,42,1,cv_evaluation,no_chatter,0,0.012812913,16
turning,cnn_ae,ver_max,2inchStickout_F_08-Jun-2017_rpm320_doc0p010_window_0014,2inchStickout/F_08-Jun-2017_rpm320_doc0p010,train,42,1,cv_evaluation,no_chatter,0,0.012874891,16
turning,cnn_ae,ver_max,2inchStickout_F_08-Jun-2017_rpm320_doc0p010_window_0015,2inchStickout/F_08-Jun-2017_rpm320_doc0p010,train,42,1,cv_evaluation,no_chatter,0,0.009884436,16
turning,cnn_ae,ver_max,2inchStickout_F_08-Jun-2017_rpm320_doc0p010_window_0016,2inchStickout/F_08-Jun-2017_rpm320_doc0p010,train,42,1,cv_evaluation,no_chatter,0,0.010158787,16
turning,cnn_ae,ver_max,2inchStickout_F_08-Jun-2017_rpm320_doc0p010_window_0017,2inchStickout/F_08-Jun-2017_rpm320_doc0p010,train,42,1,cv_evaluation,no_chatter,0,0.008556412,16
turning,cnn_ae,ver_max,2inchStickout_F_08-Jun-2017_rpm320_doc0p010_window_0018,2inchStickout/F_08-Jun-2017_rpm320_doc0p010,train,42,1,cv_evaluation,no_chatter,0,0.007870005,16
turning,cnn_ae,ver_max,2inchStickout_F_08-Jun-2017_rpm320_doc0p010_window_0019,2inchStickout/F_08-Jun-2017_rpm320_doc0p010,train,42,1,cv_evaluation,no_chatter,0,0.00663424,16
turning,cnn_ae,ver_max,2inchStickout_F_08-Jun-2017_rpm320_doc0p010_window_0020,2inchStickout/F_08-Jun-2017_rpm320_doc0p010,train,42,1,cv_evaluation,no_chatter,0,0.006115099,16
turning,cnn_ae,ver_max,2inchStickout_F_08-Jun-2017_rpm320_doc0p010_window_0021,2inchStickout/F_08-Jun-2017_rpm320_doc0p010,train,42,1,cv_evaluation,no_chatter,0,0.007079342,16
turning,cnn_ae,ver_max,2inchStickout_F_08-Jun-2017_rpm320_doc0p010_window_0022,2inchStickout/F_08-Jun-2017_rpm320_doc0p010,train,42,1,cv_evaluation,no_chatter,0,0.011713514,16
turning,cnn_ae,ver_max,2inchStickout_F_08-Jun-2017_rpm320_doc0p010_window_0023,2inchStickout/F_08-Jun-2017_rpm320_doc0p010,train,42,1,cv_evaluation,no_chatter,0,0.0065244846,16
turning,cnn_ae,ver_max,2inchStickout_F_08-Jun-2017_rpm320_doc0p045_window_0000,2inchStickout/F_08-Jun-2017_rpm320_doc0p045,train,42,1,cv_evaluation,no_chatter,0,0.0036101532,16
turning,cnn_ae,ver_max,2inchStickout_F_08-Jun-2017_rpm320_doc0p045_window_0001,2inchStickout/F_08-Jun-2017_rpm320_doc0p045,train,42,1,cv_evaluation,no_chatter,0,0.003663467,16
turning,cnn_ae,ver_max,2inchStickout_F_08-Jun-2017_rpm320_doc0p045_window_0002,2inchStickout/F_08-Jun-2017_rpm320_doc0p045,train,42,1,cv_evaluation,no_chatter,0,0.005543669,16
turning,cnn_ae,ver_max,2inchStickout_F_08-Jun-2017_rpm320_doc0p045_window_0003,2inchStickout/F_08-Jun-2017_rpm320_doc0p045,train,42,1,cv_evaluation,no_chatter,0,0.0056653502,16
turning,cnn_ae,ver_max,2inchStickout_F_08-Jun-2017_rpm320_doc0p045_window_0004,2inchStickout/F_08-Jun-2017_rpm320_doc0p045,train,42,1,cv_evaluation,no_chatter,0,0.0063916524,16
turning,cnn_ae,ver_max,2inchStickout_F_08-Jun-2017_rpm320_doc0p045_window_0005,2inchStickout/F_08-Jun-2017_rpm320_doc0p045,train,42,1,cv_evaluation,no_chatter,0,0.008751166,16
turning,cnn_ae,ver_max,2inchStickout_F_08-Jun-2017_rpm320_doc0p045_window_0006,2inchStickout/F_08-Jun-2017_rpm320_doc0p045,train,42,1,cv_evaluation,no_chatter,0,0.008804591,16
turning,cnn_ae,ver_max,2inchStickout_F_08-Jun-2017_rpm320_doc0p045_window_0007,2inchStickout/F_08-Jun-2017_rpm320_doc0p045,train,42,1,cv_evaluation,no_chatter,0,0.008277366,16
turning,cnn_ae,ver_max,2inchStickout_F_08-Jun-2017_rpm320_doc0p045_window_0008,2inchStickout/F_08-Jun-2017_rpm320_doc0p045,train,42,1,cv_evaluation,no_chatter,0,0.007870439,16
turning,cnn_ae,ver_max,2inchStickout_F_08-Jun-2017_rpm320_doc0p045_window_0009,2inchStickout/F_08-Jun-2017_rpm320_doc0p045,validation,42,1,cv_evaluation,no_chatter,0,0.0075833197,16
turning,cnn_ae,ver_max,2inchStickout_F_08-Jun-2017_rpm320_doc0p045_window_0010,2inchStickout/F_08-Jun-2017_rpm320_doc0p045,train,42,1,cv_evaluation,no_chatter,0,0.007536701,16
turning,cnn_ae,ver_max,2inchStickout_F_08-Jun-2017_rpm320_doc0p045_window_0011,2inchStickout/F_08-Jun-2017_rpm320_doc0p045,train,42,1,cv_evaluation,no_chatter,0,0.0057415767,16
turning,cnn_ae,ver_max,2inchStickout_F_08-Jun-2017_rpm320_doc0p045_window_0012,2inchStickout/F_08-Jun-2017_rpm320_doc0p045,train,42,1,cv_evaluation,no_chatter,0,0.005368995,16
turning,cnn_ae,ver_max,2inchStickout_F_08-Jun-2017_rpm320_doc0p045_window_0013,2inchStickout/F_08-Jun-2017_rpm320_doc0p045,train,42,1,cv_evaluation,no_chatter,0,0.005107563,16
turning,cnn_ae,ver_max,2inchStickout_F_08-Jun-2017_rpm320_doc0p045_window_0014,2inchStickout/F_08-Jun-2017_rpm320_doc0p045,train,42,1,cv_evaluation,no_chatter,0,0.0045287223,16
turning,cnn_ae,ver_max,2inchStickout_F_08-Jun-2017_rpm320_doc0p045_window_0015,2inchStickout/F_08-Jun-2017_rpm320_doc0p045,validation,42,1,cv_evaluation,no_chatter,0,0.004072485,16
turning,cnn_ae,ver_max,2inchStickout_F_08-Jun-2017_rpm320_doc0p045_window_0016,2inchStickout/F_08-Jun-2017_rpm320_doc0p045,validation,42,1,cv_evaluation,no_chatter,0,0.0042020953,16
turning,cnn_ae,ver_max,2inchStickout_F_08-Jun-2017_rpm320_doc0p045_window_0017,2inchStickout/F_08-Jun-2017_rpm320_doc0p045,validation,42,1,cv_evaluation,no_chatter,0,0.0053274985,16
turning,cnn_ae,ver_max,2inchStickout_F_08-Jun-2017_rpm320_doc0p045_window_0018,2inchStickout/F_08-Jun-2017_rpm320_doc0p045,train,42,1,cv_evaluation,no_chatter,0,0.006028312,16
turning,cnn_ae,ver_max,2inchStickout_F_08-Jun-2017_rpm320_doc0p045_window_0019,2inchStickout/F_08-Jun-2017_rpm320_doc0p045,train,42,1,cv_evaluation,no_chatter,0,0.008822194,16
turning,cnn_ae,ver_max,2inchStickout_F_08-Jun-2017_rpm320_doc0p045_window_0020,2inchStickout/F_08-Jun-2017_rpm320_doc0p045,train,42,1,cv_evaluation,no_chatter,0,0.010352072,16
turning,cnn_ae,ver_max,2inchStickout_F_08-Jun-2017_rpm320_doc0p045_window_0021,2inchStickout/F_08-Jun-2017_rpm320_doc0p045,train,42,1,cv_evaluation,no_chatter,0,0.01341317,16
turning,cnn_ae,ver_max,2inchStickout_F_08-Jun-2017_rpm320_doc0p045_window_0022,2inchStickout/F_08-Jun-2017_rpm320_doc0p045,train,42,1,cv_evaluation,no_chatter,0,0.007038864,16
turning,cnn_ae,ver_max,2inchStickout_F_08-Jun-2017_rpm320_doc0p045_window_0023,2inchStickout/F_08-Jun-2017_rpm320_doc0p045,train,42,1,cv_evaluation,no_chatter,0,0.007199987,16
turning,cnn_ae,ver_max,2inchStickout_F_08-Jun-2017_rpm320_doc0p060_xAccDetached_window_0000,2inchStickout/F_08-Jun-2017_rpm320_doc0p060_xAccDetached,train,42,1,cv_evaluation,no_chatter,0,0.0033874975,16
turning,cnn_ae,ver_max,2inchStickout_F_08-Jun-2017_rpm320_doc0p060_xAccDetached_window_0001,2inchStickout/F_08-Jun-2017_rpm320_doc0p060_xAccDetached,train,42,1,cv_evaluation,no_chatter,0,0.0037436727,16
turning,cnn_ae,ver_max,2inchStickout_F_08-Jun-2017_rpm320_doc0p060_xAccDetached_window_0002,2inchStickout/F_08-Jun-2017_rpm320_doc0p060_xAccDetached,train,42,1,cv_evaluation,no_chatter,0,0.0060383515,16
turning,cnn_ae,ver_max,2inchStickout_F_08-Jun-2017_rpm320_doc0p060_xAccDetached_window_0003,2inchStickout/F_08-Jun-2017_rpm320_doc0p060_xAccDetached,validation,42,1,cv_evaluation,no_chatter,0,0.004086452,16
turning,cnn_ae,ver_max,2inchStickout_F_08-Jun-2017_rpm320_doc0p060_xAccDetached_window_0004,2inchStickout/F_08-Jun-2017_rpm320_doc0p060_xAccDetached,train,42,1,cv_evaluation,no_chatter,0,0.005125688,16
turning,cnn_ae,ver_max,2inchStickout_F_08-Jun-2017_rpm320_doc0p060_xAccDetached_window_0005,2inchStickout/F_08-Jun-2017_rpm320_doc0p060_xAccDetached,train,42,1,cv_evaluation,no_chatter,0,0.004885702,16
turning,cnn_ae,ver_max,2inchStickout_F_08-Jun-2017_rpm320_doc0p060_xAccDetached_window_0006,2inchStickout/F_08-Jun-2017_rpm320_doc0p060_xAccDetached,train,42,1,cv_evaluation,no_chatter,0,0.004904734,16
turning,cnn_ae,ver_max,2inchStickout_F_08-Jun-2017_rpm320_doc0p060_xAccDetached_window_0007,2inchStickout/F_08-Jun-2017_rpm320_doc0p060_xAccDetached,train,42,1,cv_evaluation,no_chatter,0,0.0050279014,16
turning,cnn_ae,ver_max,2inchStickout_F_08-Jun-2017_rpm320_doc0p060_xAccDetached_window_0008,2inchStickout/F_08-Jun-2017_rpm320_doc0p060_xAccDetached,train,42,1,cv_evaluation,no_chatter,0,0.006495143,16
turning,cnn_ae,ver_max,2inchStickout_F_08-Jun-2017_rpm320_doc0p060_xAccDetached_window_0009,2inchStickout/F_08-Jun-2017_rpm320_doc0p060_xAccDetached,train,42,1,cv_evaluation,no_chatter,0,0.005346482,16
turning,cnn_ae,ver_max,2inchStickout_F_08-Jun-2017_rpm320_doc0p060_xAccDetached_window_0010,2inchStickout/F_08-Jun-2017_rpm320_doc0p060_xAccDetached,train,42,1,cv_evaluation,no_chatter,0,0.005012563,16
turning,cnn_ae,ver_max,2inchStickout_F_08-Jun-2017_rpm320_doc0p060_xAccDetached_window_0011,2inchStickout/F_08-Jun-2017_rpm320_doc0p060_xAccDetached,train,42,1,cv_evaluation,no_chatter,0,0.003905988,16
turning,cnn_ae,ver_max,2inchStickout_F_08-Jun-2017_rpm425_doc0p025_window_0000,2inchStickout/F_08-Jun-2017_rpm425_doc0p025,train,42,1,cv_evaluation,no_chatter,0,0.0037779897,16
turning,cnn_ae,ver_max,2inchStickout_F_08-Jun-2017_rpm425_doc0p025_window_0001,2inchStickout/F_08-Jun-2017_rpm425_doc0p025,train,42,1,cv_evaluation,no_chatter,0,0.0038658734,16
turning,cnn_ae,ver_max,2inchStickout_F_08-Jun-2017_rpm425_doc0p025_window_0002,2inchStickout/F_08-Jun-2017_rpm425_doc0p025,test,42,1,cv_evaluation,no_chatter,0,0.004699301,16
turning,cnn_ae,ver_max,2inchStickout_F_08-Jun-2017_rpm425_doc0p025_window_0003,2inchStickout/F_08-Jun-2017_rpm425_doc0p025,train,42,1,cv_evaluation,no_chatter,0,0.023789454,16
turning,cnn_ae,ver_max,2inchStickout_F_08-Jun-2017_rpm425_doc0p025_window_0004,2inchStickout/F_08-Jun-2017_rpm425_doc0p025,validation,42,1,cv_evaluation,chatter,1,0.03839514,16
turning,cnn_ae,ver_max,2inchStickout_F_08-Jun-2017_rpm425_doc0p025_window_0005,2inchStickout/F_08-Jun-2017_rpm425_doc0p025,validation,42,1,cv_evaluation,chatter,1,0.040413294,16
turning,cnn_ae,ver_max,2inchStickout_F_08-Jun-2017_rpm425_doc0p025_window_0006,2inchStickout/F_08-Jun-2017_rpm425_doc0p025,validation,42,1,cv_evaluation,chatter,1,0.040125906,16
turning,cnn_ae,ver_max,2inchStickout_F_08-Jun-2017_rpm425_doc0p025_window_0007,2inchStickout/F_08-Jun-2017_rpm425_doc0p025,validation,42,1,cv_evaluation,chatter,1,0.039503418,16
turning,cnn_ae,ver_max,2inchStickout_F_08-Jun-2017_rpm570_doc0p002_window_0000,2inchStickout/F_08-Jun-2017_rpm570_doc0p002,train,42,1,cv_evaluation,no_chatter,0,0.004003828,16
turning,cnn_ae,ver_max,2inchStickout_F_08-Jun-2017_rpm570_doc0p002_window_0001,2inchStickout/F_08-Jun-2017_rpm570_doc0p002,train,42,1,cv_evaluation,no_chatter,0,0.006069673,16
turning,cnn_ae,ver_max,2inchStickout_F_08-Jun-2017_rpm570_doc0p002_window_0002,2inchStickout/F_08-Jun-2017_rpm570_doc0p002,test,42,1,cv_evaluation,chatter,1,0.02783347,16
turning,cnn_ae,ver_max,2inchStickout_F_08-Jun-2017_rpm570_doc0p002_window_0003,2inchStickout/F_08-Jun-2017_rpm570_doc0p002,test,42,1,cv_evaluation,chatter,1,0.03911971,16
turning,cnn_ae,ver_max,2inchStickout_F_08-Jun-2017_rpm570_doc0p002_window_0004,2inchStickout/F_08-Jun-2017_rpm570_doc0p002,train,42,1,cv_evaluation,no_chatter,0,0.018317379,16
turning,cnn_ae,ver_max,2inchStickout_F_08-Jun-2017_rpm570_doc0p002_window_0005,2inchStickout/F_08-Jun-2017_rpm570_doc0p002,train,42,1,cv_evaluation,no_chatter,0,0.06674284,16
turning,cnn_ae,ver_max,2inchStickout_F_08-Jun-2017_rpm570_doc0p005_window_0000,2inchStickout/F_08-Jun-2017_rpm570_doc0p005,train,42,1,cv_evaluation,no_chatter,0,0.0041230097,16
turning,cnn_ae,ver_max,2inchStickout_F_08-Jun-2017_rpm570_doc0p005_window_0001,2inchStickout/F_08-Jun-2017_rpm570_doc0p005,test,42,1,cv_evaluation,no_chatter,0,0.0056792744,16
turning,cnn_ae,ver_max,2inchStickout_F_08-Jun-2017_rpm570_doc0p005_window_0002,2inchStickout/F_08-Jun-2017_rpm570_doc0p005,test,42,1,cv_evaluation,chatter,1,0.03590156,16
turning,cnn_ae,ver_max,2inchStickout_F_08-Jun-2017_rpm570_doc0p005_window_0003,2inchStickout/F_08-Jun-2017_rpm570_doc0p005,train,42,1,cv_evaluation,no_chatter,0,0.018318476,16
turning,cnn_ae,ver_max,2p5inchStickout_F_12-Jun-2017_rpm570_doc0p012_window_0000,2p5inchStickout/F_12-Jun-2017_rpm570_doc0p012,train,42,1,cv_evaluation,no_chatter,0,0.0033863708,16
turning,cnn_ae,ver_max,2p5inchStickout_F_12-Jun-2017_rpm570_doc0p012_window_0001,2p5inchStickout/F_12-Jun-2017_rpm570_doc0p012,train,42,1,cv_evaluation,no_chatter,0,0.016557118,16
turning,cnn_ae,ver_max,2p5inchStickout_F_12-Jun-2017_rpm570_doc0p012_window_0002,2p5inchStickout/F_12-Jun-2017_rpm570_doc0p012,test,42,1,cv_evaluation,chatter,1,0.021526067,16
turning,cnn_ae,ver_max,2p5inchStickout_F_12-Jun-2017_rpm570_doc0p012_window_0003,2p5inchStickout/F_12-Jun-2017_rpm570_doc0p012,train,42,1,cv_evaluation,no_chatter,0,0.014068478,16
turning,cnn_ae,ver_max,2p5inchStickout_F_12-Jun-2017_rpm570_doc0p012_window_0004,2p5inchStickout/F_12-Jun-2017_rpm570_doc0p012,train,42,1,cv_evaluation,no_chatter,0,0.012856681,16
turning,cnn_ae,ver_max,2p5inchStickout_F_12-Jun-2017_rpm570_doc0p012_window_0005,2p5inchStickout/F_12-Jun-2017_rpm570_doc0p012,train,42,1,cv_evaluation,no_chatter,0,0.016042512,16
turning,cnn_ae,ver_max,2p5inchStickout_F_12-Jun-2017_rpm570_doc0p012_window_0006,2p5inchStickout/F_12-Jun-2017_rpm570_doc0p012,validation,42,1,cv_evaluation,no_chatter,0,0.010859238,16
turning,cnn_ae,ver_max,2p5inchStickout_F_12-Jun-2017_rpm570_doc0p012_window_0007,2p5inchStickout/F_12-Jun-2017_rpm570_doc0p012,train,42,1,cv_evaluation,no_chatter,0,0.010239776,16
turning,cnn_ae,ver_max,2p5inchStickout_F_12-Jun-2017_rpm570_doc0p012_window_0008,2p5inchStickout/F_12-Jun-2017_rpm570_doc0p012,validation,42,1,cv_evaluation,no_chatter,0,0.01060241,16
turning,cnn_ae,ver_max,2p5inchStickout_F_12-Jun-2017_rpm570_doc0p012_window_0009,2p5inchStickout/F_12-Jun-2017_rpm570_doc0p012,validation,42,1,cv_evaluation,no_chatter,0,0.009982133,16
turning,cnn_ae,ver_max,2p5inchStickout_F_12-Jun-2017_rpm570_doc0p014_window_0000,2p5inchStickout/F_12-Jun-2017_rpm570_doc0p014,train,42,1,cv_evaluation,no_chatter,0,0.0032847647,16
turning,cnn_ae,ver_max,2p5inchStickout_F_12-Jun-2017_rpm570_doc0p014_window_0001,2p5inchStickout/F_12-Jun-2017_rpm570_doc0p014,train,42,1,cv_evaluation,no_chatter,0,0.0070969285,16
turning,cnn_ae,ver_max,2p5inchStickout_F_12-Jun-2017_rpm570_doc0p014_window_0002,2p5inchStickout/F_12-Jun-2017_rpm570_doc0p014,train,42,1,cv_evaluation,no_chatter,0,0.022018405,16
turning,cnn_ae,ver_max,2p5inchStickout_F_12-Jun-2017_rpm570_doc0p014_window_0003,2p5inchStickout/F_12-Jun-2017_rpm570_doc0p014,validation,42,1,cv_evaluation,no_chatter,0,0.014041816,16
turning,cnn_ae,ver_max,2p5inchStickout_F_12-Jun-2017_rpm570_doc0p014_window_0004,2p5inchStickout/F_12-Jun-2017_rpm570_doc0p014,validation,42,1,cv_evaluation,no_chatter,0,0.012616415,16
turning,cnn_ae,ver_max,2p5inchStickout_F_12-Jun-2017_rpm570_doc0p014_window_0005,2p5inchStickout/F_12-Jun-2017_rpm570_doc0p014,validation,42,1,cv_evaluation,no_chatter,0,0.011362465,16
turning,cnn_ae,ver_max,2p5inchStickout_F_12-Jun-2017_rpm770_doc0p005_window_0000,2p5inchStickout/F_12-Jun-2017_rpm770_doc0p005,train,42,1,cv_evaluation,no_chatter,0,0.006790631,16
turning,cnn_ae,ver_max,2p5inchStickout_F_12-Jun-2017_rpm770_doc0p005_window_0001,2p5inchStickout/F_12-Jun-2017_rpm770_doc0p005,train,42,1,cv_evaluation,no_chatter,0,0.04949025,16
turning,cnn_ae,ver_max,2p5inchStickout_F_12-Jun-2017_rpm770_doc0p005_window_0002,2p5inchStickout/F_12-Jun-2017_rpm770_doc0p005,train,42,1,cv_evaluation,no_chatter,0,0.009865297,16
turning,cnn_ae,ver_max,2p5inchStickout_F_12-Jun-2017_rpm770_doc0p005_window_0003,2p5inchStickout/F_12-Jun-2017_rpm770_doc0p005,train,42,1,cv_evaluation,no_chatter,0,0.019169603,16
turning,cnn_ae,ver_max,3p5inchStickout_F_12-Jun-2017_rpm570_doc0p025_window_0000,3p5inchStickout/F_12-Jun-2017_rpm570_doc0p025,validation,42,1,cv_evaluation,no_chatter,0,0.002826437,16
turning,cnn_ae,ver_max,3p5inchStickout_F_12-Jun-2017_rpm570_doc0p025_window_0001,3p5inchStickout/F_12-Jun-2017_rpm570_doc0p025,train,42,1,cv_evaluation,no_chatter,0,0.0045562335,16
turning,cnn_ae,ver_max,3p5inchStickout_F_12-Jun-2017_rpm570_doc0p025_window_0002,3p5inchStickout/F_12-Jun-2017_rpm570_doc0p025,train,42,1,cv_evaluation,no_chatter,0,0.0060931225,16
turning,cnn_ae,ver_max,3p5inchStickout_F_12-Jun-2017_rpm570_doc0p025_window_0003,3p5inchStickout/F_12-Jun-2017_rpm570_doc0p025,validation,42,1,cv_evaluation,no_chatter,0,0.010282001,16
turning,cnn_ae,ver_max,3p5inchStickout_F_12-Jun-2017_rpm570_doc0p025_window_0004,3p5inchStickout/F_12-Jun-2017_rpm570_doc0p025,train,42,1,cv_evaluation,no_chatter,0,0.0080634225,16
turning,cnn_ae,ver_max,3p5inchStickout_F_12-Jun-2017_rpm570_doc0p025_window_0005,3p5inchStickout/F_12-Jun-2017_rpm570_doc0p025,train,42,1,cv_evaluation,no_chatter,0,0.016984437,16
turning,cnn_ae,ver_max,3p5inchStickout_F_12-Jun-2017_rpm570_doc0p025_window_0006,3p5inchStickout/F_12-Jun-2017_rpm570_doc0p025,train,42,1,cv_evaluation,no_chatter,0,0.0146745015,16
turning,cnn_ae,ver_max,3p5inchStickout_F_12-Jun-2017_rpm570_doc0p025_window_0007,3p5inchStickout/F_12-Jun-2017_rpm570_doc0p025,train,42,1,cv_evaluation,no_chatter,0,0.011778915,16
turning,cnn_ae,ver_max,3p5inchStickout_F_12-Jun-2017_rpm570_doc0p025_window_0008,3p5inchStickout/F_12-Jun-2017_rpm570_doc0p025,train,42,1,cv_evaluation,no_chatter,0,0.009416196,16
turning,cnn_ae,ver_max,3p5inchStickout_F_12-Jun-2017_rpm570_doc0p025_window_0009,3p5inchStickout/F_12-Jun-2017_rpm570_doc0p025,train,42,1,cv_evaluation,no_chatter,0,0.010611019,16
turning,cnn_ae,ver_max,3p5inchStickout_F_14-Jun-2017_rpm1030_doc0p002_window_0000,3p5inchStickout/F_14-Jun-2017_rpm1030_doc0p002,train,42,1,cv_evaluation,no_chatter,0,0.0027547157,16
turning,cnn_ae,ver_max,3p5inchStickout_F_14-Jun-2017_rpm1030_doc0p002_window_0001,3p5inchStickout/F_14-Jun-2017_rpm1030_doc0p002,train,42,1,cv_evaluation,no_chatter,0,0.06603758,16
turning,cnn_ae,ver_max,3p5inchStickout_F_14-Jun-2017_rpm1030_doc0p002_window_0002,3p5inchStickout/F_14-Jun-2017_rpm1030_doc0p002,train,42,1,cv_evaluation,no_chatter,0,0.057687324,16
turning,cnn_ae,ver_max,3p5inchStickout_F_14-Jun-2017_rpm770_doc0p010_window_0000,3p5inchStickout/F_14-Jun-2017_rpm770_doc0p010,train,42,1,cv_evaluation,no_chatter,0,0.0029071916,16
turning,cnn_ae,ver_max,3p5inchStickout_F_14-Jun-2017_rpm770_doc0p010_window_0001,3p5inchStickout/F_14-Jun-2017_rpm770_doc0p010,train,42,1,cv_evaluation,no_chatter,0,0.0074568354,16
turning,cnn_ae,ver_max,3p5inchStickout_F_14-Jun-2017_rpm770_doc0p010_window_0002,3p5inchStickout/F_14-Jun-2017_rpm770_doc0p010,train,42,1,cv_evaluation,no_chatter,0,0.028373847,16
turning,cnn_ae,ver_max,3p5inchStickout_F_14-Jun-2017_rpm770_doc0p010_window_0003,3p5inchStickout/F_14-Jun-2017_rpm770_doc0p010,train,42,1,cv_evaluation,no_chatter,0,0.027526015,16
turning,cnn_ae,ver_max,4p5inchStickout_F_12-Jun-2017_rpm570_doc0p040_window_0000,4p5inchStickout/F_12-Jun-2017_rpm570_doc0p040,train,42,1,cv_evaluation,no_chatter,0,0.00299821,16
turning,cnn_ae,ver_max,4p5inchStickout_F_12-Jun-2017_rpm570_doc0p040_window_0001,4p5inchStickout/F_12-Jun-2017_rpm570_doc0p040,train,42,1,cv_evaluation,no_chatter,0,0.0028818639,16
turning,cnn_ae,ver_max,4p5inchStickout_F_12-Jun-2017_rpm570_doc0p040_window_0002,4p5inchStickout/F_12-Jun-2017_rpm570_doc0p040,train,42,1,cv_evaluation,no_chatter,0,0.002821881,16
turning,cnn_ae,ver_max,4p5inchStickout_F_12-Jun-2017_rpm570_doc0p040_window_0003,4p5inchStickout/F_12-Jun-2017_rpm570_doc0p040,train,42,1,cv_evaluation,no_chatter,0,0.0028212203,16
turning,cnn_ae,ver_max,4p5inchStickout_F_12-Jun-2017_rpm570_doc0p040_window_0004,4p5inchStickout/F_12-Jun-2017_rpm570_doc0p040,train,42,1,cv_evaluation,no_chatter,0,0.0029117826,16
turning,cnn_ae,ver_max,4p5inchStickout_F_12-Jun-2017_rpm570_doc0p040_window_0005,4p5inchStickout/F_12-Jun-2017_rpm570_doc0p040,train,42,1,cv_evaluation,no_chatter,0,0.004012643,16
turning,cnn_ae,ver_max,4p5inchStickout_F_12-Jun-2017_rpm570_doc0p040_window_0006,4p5inchStickout/F_12-Jun-2017_rpm570_doc0p040,train,42,1,cv_evaluation,no_chatter,0,0.014006212,16
turning,cnn_ae,ver_max,4p5inchStickout_F_12-Jun-2017_rpm570_doc0p040_window_0007,4p5inchStickout/F_12-Jun-2017_rpm570_doc0p040,train,42,1,cv_evaluation,no_chatter,0,0.015965048,16
turning,cnn_ae,ver_max,4p5inchStickout_F_12-Jun-2017_rpm570_doc0p040_window_0008,4p5inchStickout/F_12-Jun-2017_rpm570_doc0p040,train,42,1,cv_evaluation,no_chatter,0,0.014932048,16
turning,cnn_ae,ver_max,4p5inchStickout_F_12-Jun-2017_rpm570_doc0p040_window_0009,4p5inchStickout/F_12-Jun-2017_rpm570_doc0p040,train,42,1,cv_evaluation,no_chatter,0,0.012802281,16
turning,cnn_ae,ver_max,4p5inchStickout_F_12-Jun-2017_rpm570_doc0p040_window_0010,4p5inchStickout/F_12-Jun-2017_rpm570_doc0p040,train,42,1,cv_evaluation,no_chatter,0,0.00990766,16
turning,cnn_ae,ver_max,4p5inchStickout_F_12-Jun-2017_rpm570_doc0p040_window_0011,4p5inchStickout/F_12-Jun-2017_rpm570_doc0p040,train,42,1,cv_evaluation,no_chatter,0,0.008047089,16
turning,cnn_ae,ver_max,4p5inchStickout_F_13-Jun-2017_rpm1030_doc0p015_window_0000,4p5inchStickout/F_13-Jun-2017_rpm1030_doc0p015,train,42,1,cv_evaluation,no_chatter,0,0.003159086,16
turning,cnn_ae,ver_max,4p5inchStickout_F_13-Jun-2017_rpm1030_doc0p015_window_0001,4p5inchStickout/F_13-Jun-2017_rpm1030_doc0p015,train,42,1,cv_evaluation,no_chatter,0,0.024923429,16
turning,cnn_ae,ver_max,4p5inchStickout_F_13-Jun-2017_rpm1030_doc0p015_window_0002,4p5inchStickout/F_13-Jun-2017_rpm1030_doc0p015,train,42,1,cv_evaluation,no_chatter,0,0.024264246,16
turning,cnn_ae,ver_max,4p5inchStickout_F_13-Jun-2017_rpm1030_doc0p015_window_0003,4p5inchStickout/F_13-Jun-2017_rpm1030_doc0p015,validation,42,1,cv_evaluation,no_chatter,0,0.024275947,16
turning,cnn_ae,ver_topk,2inchStickout_F_08-Jun-2017_rpm1030_doc0p001_window_0000,2inchStickout/F_08-Jun-2017_rpm1030_doc0p001,train,42,1,cv_evaluation,no_chatter,0,0.00741249,16
turning,cnn_ae,ver_topk,2inchStickout_F_08-Jun-2017_rpm1030_doc0p001_window_0001,2inchStickout/F_08-Jun-2017_rpm1030_doc0p001,validation,42,1,cv_evaluation,chatter,1,0.121236056,16
turning,cnn_ae,ver_topk,2inchStickout_F_08-Jun-2017_rpm1030_doc0p001_window_0002,2inchStickout/F_08-Jun-2017_rpm1030_doc0p001,validation,42,1,cv_evaluation,chatter,1,0.12721987,16
turning,cnn_ae,ver_topk,2inchStickout_F_08-Jun-2017_rpm1030_doc0p001_window_0003,2inchStickout/F_08-Jun-2017_rpm1030_doc0p001,validation,42,1,cv_evaluation,chatter,1,0.15530418,16
turning,cnn_ae,ver_topk,2inchStickout_F_08-Jun-2017_rpm320_doc0p010_window_0000,2inchStickout/F_08-Jun-2017_rpm320_doc0p010,train,42,1,cv_evaluation,no_chatter,0,0.0032932758,16
turning,cnn_ae,ver_topk,2inchStickout_F_08-Jun-2017_rpm320_doc0p010_window_0001,2inchStickout/F_08-Jun-2017_rpm320_doc0p010,train,42,1,cv_evaluation,no_chatter,0,0.0032638803,16
turning,cnn_ae,ver_topk,2inchStickout_F_08-Jun-2017_rpm320_doc0p010_window_0002,2inchStickout/F_08-Jun-2017_rpm320_doc0p010,train,42,1,cv_evaluation,no_chatter,0,0.0032602649,16
turning,cnn_ae,ver_topk,2inchStickout_F_08-Jun-2017_rpm320_doc0p010_window_0003,2inchStickout/F_08-Jun-2017_rpm320_doc0p010,train,42,1,cv_evaluation,no_chatter,0,0.003599412,16
turning,cnn_ae,ver_topk,2inchStickout_F_08-Jun-2017_rpm320_doc0p010_window_0004,2inchStickout/F_08-Jun-2017_rpm320_doc0p010,train,42,1,cv_evaluation,no_chatter,0,0.0034089906,16
turning,cnn_ae,ver_topk,2inchStickout_F_08-Jun-2017_rpm320_doc0p010_window_0005,2inchStickout/F_08-Jun-2017_rpm320_doc0p010,validation,42,1,cv_evaluation,no_chatter,0,0.0031144796,16
turning,cnn_ae,ver_topk,2inchStickout_F_08-Jun-2017_rpm320_doc0p010_window_0006,2inchStickout/F_08-Jun-2017_rpm320_doc0p010,validation,42,1,cv_evaluation,no_chatter,0,0.0033187103,16
turning,cnn_ae,ver_topk,2inchStickout_F_08-Jun-2017_rpm320_doc0p010_window_0007,2inchStickout/F_08-Jun-2017_rpm320_doc0p010,train,42,1,cv_evaluation,no_chatter,0,0.0041922447,16
turning,cnn_ae,ver_topk,2inchStickout_F_08-Jun-2017_rpm320_doc0p010_window_0008,2inchStickout/F_08-Jun-2017_rpm320_doc0p010,validation,42,1,cv_evaluation,no_chatter,0,0.0054778135,16
turning,cnn_ae,ver_topk,2inchStickout_F_08-Jun-2017_rpm320_doc0p010_window_0009,2inchStickout/F_08-Jun-2017_rpm320_doc0p010,train,42,1,cv_evaluation,no_chatter,0,0.01595849,16
turning,cnn_ae,ver_topk,2inchStickout_F_08-Jun-2017_rpm320_doc0p010_window_0010,2inchStickout/F_08-Jun-2017_rpm320_doc0p010,train,42,1,cv_evaluation,no_chatter,0,0.023054479,16
turning,cnn_ae,ver_topk,2inchStickout_F_08-Jun-2017_rpm320_doc0p010_window_0011,2inchStickout/F_08-Jun-2017_rpm320_doc0p010,validation,42,1,cv_evaluation,no_chatter,0,0.017265657,16
turning,cnn_ae,ver_topk,2inchStickout_F_08-Jun-2017_rpm320_doc0p010_window_0012,2inchStickout/F_08-Jun-2017_rpm320_doc0p010,train,42,1,cv_evaluation,no_chatter,0,0.010356751,16
turning,cnn_ae,ver_topk,2inchStickout_F_08-Jun-2017_rpm320_doc0p010_window_0013,2inchStickout/F_08-Jun-2017_rpm320_doc0p010,validation,42,1,cv_evaluation,no_chatter,0,0.012750088,16
turning,cnn_ae,ver_topk,2inchStickout_F_08-Jun-2017_rpm320_doc0p010_window_0014,2inchStickout/F_08-Jun-2017_rpm320_doc0p010,train,42,1,cv_evaluation,no_chatter,0,0.012132096,16
turning,cnn_ae,ver_topk,2inchStickout_F_08-Jun-2017_rpm320_doc0p010_window_0015,2inchStickout/F_08-Jun-2017_rpm320_doc0p010,train,42,1,cv_evaluation,no_chatter,0,0.007911387,16
turning,cnn_ae,ver_topk,2inchStickout_F_08-Jun-2017_rpm320_doc0p010_window_0016,2inchStickout/F_08-Jun-2017_rpm320_doc0p010,train,42,1,cv_evaluation,no_chatter,0,0.008819675,16
turning,cnn_ae,ver_topk,2inchStickout_F_08-Jun-2017_rpm320_doc0p010_window_0017,2inchStickout/F_08-Jun-2017_rpm320_doc0p010,train,42,1,cv_evaluation,no_chatter,0,0.007812709,16
turning,cnn_ae,ver_topk,2inchStickout_F_08-Jun-2017_rpm320_doc0p010_window_0018,2inchStickout/F_08-Jun-2017_rpm320_doc0p010,train,42,1,cv_evaluation,no_chatter,0,0.0073815663,16
turning,cnn_ae,ver_topk,2inchStickout_F_08-Jun-2017_rpm320_doc0p010_window_0019,2inchStickout/F_08-Jun-2017_rpm320_doc0p010,train,42,1,cv_evaluation,no_chatter,0,0.0063248104,16
turning,cnn_ae,ver_topk,2inchStickout_F_08-Jun-2017_rpm320_doc0p010_window_0020,2inchStickout/F_08-Jun-2017_rpm320_doc0p010,train,42,1,cv_evaluation,no_chatter,0,0.005529213,16
turning,cnn_ae,ver_topk,2inchStickout_F_08-Jun-2017_rpm320_doc0p010_window_0021,2inchStickout/F_08-Jun-2017_rpm320_doc0p010,train,42,1,cv_evaluation,no_chatter,0,0.006733842,16
turning,cnn_ae,ver_topk,2inchStickout_F_08-Jun-2017_rpm320_doc0p010_window_0022,2inchStickout/F_08-Jun-2017_rpm320_doc0p010,train,42,1,cv_evaluation,no_chatter,0,0.009359294,16
turning,cnn_ae,ver_topk,2inchStickout_F_08-Jun-2017_rpm320_doc0p010_window_0023,2inchStickout/F_08-Jun-2017_rpm320_doc0p010,train,42,1,cv_evaluation,no_chatter,0,0.006118461,16
turning,cnn_ae,ver_topk,2inchStickout_F_08-Jun-2017_rpm320_doc0p045_window_0000,2inchStickout/F_08-Jun-2017_rpm320_doc0p045,train,42,1,cv_evaluation,no_chatter,0,0.0035073187,16
turning,cnn_ae,ver_topk,2inchStickout_F_08-Jun-2017_rpm320_doc0p045_window_0001,2inchStickout/F_08-Jun-2017_rpm320_doc0p045,train,42,1,cv_evaluation,no_chatter,0,0.0035925172,16
turning,cnn_ae,ver_topk,2inchStickout_F_08-Jun-2017_rpm320_doc0p045_window_0002,2inchStickout/F_08-Jun-2017_rpm320_doc0p045,train,42,1,cv_evaluation,no_chatter,0,0.0050489786,16
turning,cnn_ae,ver_topk,2inchStickout_F_08-Jun-2017_rpm320_doc0p045_window_0003,2inchStickout/F_08-Jun-2017_rpm320_doc0p045,train,42,1,cv_evaluation,no_chatter,0,0.005059056,16
turning,cnn_ae,ver_topk,2inchStickout_F_08-Jun-2017_rpm320_doc0p045_window_0004,2inchStickout/F_08-Jun-2017_rpm320_doc0p045,train,42,1,cv_evaluation,no_chatter,0,0.0062007303,16
turning,cnn_ae,ver_topk,2inchStickout_F_08-Jun-2017_rpm320_doc0p045_window_0005,2inchStickout/F_08-Jun-2017_rpm320_doc0p045,train,42,1,cv_evaluation,no_chatter,0,0.008294498,16
turning,cnn_ae,ver_topk,2inchStickout_F_08-Jun-2017_rpm320_doc0p045_window_0006,2inchStickout/F_08-Jun-2017_rpm320_doc0p045,train,42,1,cv_evaluation,no_chatter,0,0.008510324,16
turning,cnn_ae,ver_topk,2inchStickout_F_08-Jun-2017_rpm320_doc0p045_window_0007,2inchStickout/F_08-Jun-2017_rpm320_doc0p045,train,42,1,cv_evaluation,no_chatter,0,0.008141667,16
turning,cnn_ae,ver_topk,2inchStickout_F_08-Jun-2017_rpm320_doc0p045_window_0008,2inchStickout/F_08-Jun-2017_rpm320_doc0p045,train,42,1,cv_evaluation,no_chatter,0,0.0076601524,16
turning,cnn_ae,ver_topk,2inchStickout_F_08-Jun-2017_rpm320_doc0p045_window_0009,2inchStickout/F_08-Jun-2017_rpm320_doc0p045,validation,42,1,cv_evaluation,no_chatter,0,0.0074497927,16
turning,cnn_ae,ver_topk,2inchStickout_F_08-Jun-2017_rpm320_doc0p045_window_0010,2inchStickout/F_08-Jun-2017_rpm320_doc0p045,train,42,1,cv_evaluation,no_chatter,0,0.007469069,16
turning,cnn_ae,ver_topk,2inchStickout_F_08-Jun-2017_rpm320_doc0p045_window_0011,2inchStickout/F_08-Jun-2017_rpm320_doc0p045,train,42,1,cv_evaluation,no_chatter,0,0.0057022125,16
turning,cnn_ae,ver_topk,2inchStickout_F_08-Jun-2017_rpm320_doc0p045_window_0012,2inchStickout/F_08-Jun-2017_rpm320_doc0p045,train,42,1,cv_evaluation,no_chatter,0,0.00522608,16
turning,cnn_ae,ver_topk,2inchStickout_F_08-Jun-2017_rpm320_doc0p045_window_0013,2inchStickout/F_08-Jun-2017_rpm320_doc0p045,train,42,1,cv_evaluation,no_chatter,0,0.004955122,16
turning,cnn_ae,ver_topk,2inchStickout_F_08-Jun-2017_rpm320_doc0p045_window_0014,2inchStickout/F_08-Jun-2017_rpm320_doc0p045,train,42,1,cv_evaluation,no_chatter,0,0.004460622,16
turning,cnn_ae,ver_topk,2inchStickout_F_08-Jun-2017_rpm320_doc0p045_window_0015,2inchStickout/F_08-Jun-2017_rpm320_doc0p045,validation,42,1,cv_evaluation,no_chatter,0,0.0040087164,16
turning,cnn_ae,ver_topk,2inchStickout_F_08-Jun-2017_rpm320_doc0p045_window_0016,2inchStickout/F_08-Jun-2017_rpm320_doc0p045,validation,42,1,cv_evaluation,no_chatter,0,0.0040892162,16
turning,cnn_ae,ver_topk,2inchStickout_F_08-Jun-2017_rpm320_doc0p045_window_0017,2inchStickout/F_08-Jun-2017_rpm320_doc0p045,validation,42,1,cv_evaluation,no_chatter,0,0.004866258,16
turning,cnn_ae,ver_topk,2inchStickout_F_08-Jun-2017_rpm320_doc0p045_window_0018,2inchStickout/F_08-Jun-2017_rpm320_doc0p045,train,42,1,cv_evaluation,no_chatter,0,0.005890651,16
turning,cnn_ae,ver_topk,2inchStickout_F_08-Jun-2017_rpm320_doc0p045_window_0019,2inchStickout/F_08-Jun-2017_rpm320_doc0p045,train,42,1,cv_evaluation,no_chatter,0,0.008474216,16
turning,cnn_ae,ver_topk,2inchStickout_F_08-Jun-2017_rpm320_doc0p045_window_0020,2inchStickout/F_08-Jun-2017_rpm320_doc0p045,train,42,1,cv_evaluation,no_chatter,0,0.009427364,16
turning,cnn_ae,ver_topk,2inchStickout_F_08-Jun-2017_rpm320_doc0p045_window_0021,2inchStickout/F_08-Jun-2017_rpm320_doc0p045,train,42,1,cv_evaluation,no_chatter,0,0.011123374,16
turning,cnn_ae,ver_topk,2inchStickout_F_08-Jun-2017_rpm320_doc0p045_window_0022,2inchStickout/F_08-Jun-2017_rpm320_doc0p045,train,42,1,cv_evaluation,no_chatter,0,0.00680249,16
turning,cnn_ae,ver_topk,2inchStickout_F_08-Jun-2017_rpm320_doc0p045_window_0023,2inchStickout/F_08-Jun-2017_rpm320_doc0p045,train,42,1,cv_evaluation,no_chatter,0,0.006855613,16
turning,cnn_ae,ver_topk,2inchStickout_F_08-Jun-2017_rpm320_doc0p060_xAccDetached_window_0000,2inchStickout/F_08-Jun-2017_rpm320_doc0p060_xAccDetached,train,42,1,cv_evaluation,no_chatter,0,0.0033787433,16
turning,cnn_ae,ver_topk,2inchStickout_F_08-Jun-2017_rpm320_doc0p060_xAccDetached_window_0001,2inchStickout/F_08-Jun-2017_rpm320_doc0p060_xAccDetached,train,42,1,cv_evaluation,no_chatter,0,0.0035378113,16
turning,cnn_ae,ver_topk,2inchStickout_F_08-Jun-2017_rpm320_doc0p060_xAccDetached_window_0002,2inchStickout/F_08-Jun-2017_rpm320_doc0p060_xAccDetached,train,42,1,cv_evaluation,no_chatter,0,0.005540864,16
turning,cnn_ae,ver_topk,2inchStickout_F_08-Jun-2017_rpm320_doc0p060_xAccDetached_window_0003,2inchStickout/F_08-Jun-2017_rpm320_doc0p060_xAccDetached,validation,42,1,cv_evaluation,no_chatter,0,0.003894278,16
turning,cnn_ae,ver_topk,2inchStickout_F_08-Jun-2017_rpm320_doc0p060_xAccDetached_window_0004,2inchStickout/F_08-Jun-2017_rpm320_doc0p060_xAccDetached,train,42,1,cv_evaluation,no_chatter,0,0.004650404,16
turning,cnn_ae,ver_topk,2inchStickout_F_08-Jun-2017_rpm320_doc0p060_xAccDetached_window_0005,2inchStickout/F_08-Jun-2017_rpm320_doc0p060_xAccDetached,train,42,1,cv_evaluation,no_chatter,0,0.004635621,16
turning,cnn_ae,ver_topk,2inchStickout_F_08-Jun-2017_rpm320_doc0p060_xAccDetached_window_0006,2inchStickout/F_08-Jun-2017_rpm320_doc0p060_xAccDetached,train,42,1,cv_evaluation,no_chatter,0,0.004669978,16
turning,cnn_ae,ver_topk,2inchStickout_F_08-Jun-2017_rpm320_doc0p060_xAccDetached_window_0007,2inchStickout/F_08-Jun-2017_rpm320_doc0p060_xAccDetached,train,42,1,cv_evaluation,no_chatter,0,0.0048780907,16
turning,cnn_ae,ver_topk,2inchStickout_F_08-Jun-2017_rpm320_doc0p060_xAccDetached_window_0008,2inchStickout/F_08-Jun-2017_rpm320_doc0p060_xAccDetached,train,42,1,cv_evaluation,no_chatter,0,0.0056103193,16
turning,cnn_ae,ver_topk,2inchStickout_F_08-Jun-2017_rpm320_doc0p060_xAccDetached_window_0009,2inchStickout/F_08-Jun-2017_rpm320_doc0p060_xAccDetached,train,42,1,cv_evaluation,no_chatter,0,0.0051287287,16
turning,cnn_ae,ver_topk,2inchStickout_F_08-Jun-2017_rpm320_doc0p060_xAccDetached_window_0010,2inchStickout/F_08-Jun-2017_rpm320_doc0p060_xAccDetached,train,42,1,cv_evaluation,no_chatter,0,0.0047318973,16
turning,cnn_ae,ver_topk,2inchStickout_F_08-Jun-2017_rpm320_doc0p060_xAccDetached_window_0011,2inchStickout/F_08-Jun-2017_rpm320_doc0p060_xAccDetached,train,42,1,cv_evaluation,no_chatter,0,0.003865093,16
turning,cnn_ae,ver_topk,2inchStickout_F_08-Jun-2017_rpm425_doc0p025_window_0000,2inchStickout/F_08-Jun-2017_rpm425_doc0p025,train,42,1,cv_evaluation,no_chatter,0,0.0037625972,16
turning,cnn_ae,ver_topk,2inchStickout_F_08-Jun-2017_rpm425_doc0p025_window_0001,2inchStickout/F_08-Jun-2017_rpm425_doc0p025,train,42,1,cv_evaluation,no_chatter,0,0.0038485106,16
turning,cnn_ae,ver_topk,2inchStickout_F_08-Jun-2017_rpm425_doc0p025_window_0002,2inchStickout/F_08-Jun-2017_rpm425_doc0p025,test,42,1,cv_evaluation,no_chatter,0,0.00468001,16
turning,cnn_ae,ver_topk,2inchStickout_F_08-Jun-2017_rpm425_doc0p025_window_0003,2inchStickout/F_08-Jun-2017_rpm425_doc0p025,train,42,1,cv_evaluation,no_chatter,0,0.018684391,16
turning,cnn_ae,ver_topk,2inchStickout_F_08-Jun-2017_rpm425_doc0p025_window_0004,2inchStickout/F_08-Jun-2017_rpm425_doc0p025,validation,42,1,cv_evaluation,chatter,1,0.037450325,16
turning,cnn_ae,ver_topk,2inchStickout_F_08-Jun-2017_rpm425_doc0p025_window_0005,2inchStickout/F_08-Jun-2017_rpm425_doc0p025,validation,42,1,cv_evaluation,chatter,1,0.039763168,16
turning,cnn_ae,ver_topk,2inchStickout_F_08-Jun-2017_rpm425_doc0p025_window_0006,2inchStickout/F_08-Jun-2017_rpm425_doc0p025,validation,42,1,cv_evaluation,chatter,1,0.03886302,16
turning,cnn_ae,ver_topk,2inchStickout_F_08-Jun-2017_rpm425_doc0p025_window_0007,2inchStickout/F_08-Jun-2017_rpm425_doc0p025,validation,42,1,cv_evaluation,chatter,1,0.037328687,16
turning,cnn_ae,ver_topk,2inchStickout_F_08-Jun-2017_rpm570_doc0p002_window_0000,2inchStickout/F_08-Jun-2017_rpm570_doc0p002,train,42,1,cv_evaluation,no_chatter,0,0.0039811623,16
turning,cnn_ae,ver_topk,2inchStickout_F_08-Jun-2017_rpm570_doc0p002_window_0001,2inchStickout/F_08-Jun-2017_rpm570_doc0p002,train,42,1,cv_evaluation,no_chatter,0,0.005251543,16
turning,cnn_ae,ver_topk,2inchStickout_F_08-Jun-2017_rpm570_doc0p002_window_0002,2inchStickout/F_08-Jun-2017_rpm570_doc0p002,test,42,1,cv_evaluation,chatter,1,0.023954362,16
turning,cnn_ae,ver_topk,2inchStickout_F_08-Jun-2017_rpm570_doc0p002_window_0003,2inchStickout/F_08-Jun-2017_rpm570_doc0p002,test,42,1,cv_evaluation,chatter,1,0.038044717,16
turning,cnn_ae,ver_topk,2inchStickout_F_08-Jun-2017_rpm570_doc0p002_window_0004,2inchStickout/F_08-Jun-2017_rpm570_doc0p002,train,42,1,cv_evaluation,no_chatter,0,0.017877072,16
turning,cnn_ae,ver_topk,2inchStickout_F_08-Jun-2017_rpm570_doc0p002_window_0005,2inchStickout/F_08-Jun-2017_rpm570_doc0p002,train,42,1,cv_evaluation,no_chatter,0,0.058663752,16
turning,cnn_ae,ver_topk,2inchStickout_F_08-Jun-2017_rpm570_doc0p005_window_0000,2inchStickout/F_08-Jun-2017_rpm570_doc0p005,train,42,1,cv_evaluation,no_chatter,0,0.0040943534,16
turning,cnn_ae,ver_topk,2inchStickout_F_08-Jun-2017_rpm570_doc0p005_window_0001,2inchStickout/F_08-Jun-2017_rpm570_doc0p005,test,42,1,cv_evaluation,no_chatter,0,0.005602373,16
turning,cnn_ae,ver_topk,2inchStickout_F_08-Jun-2017_rpm570_doc0p005_window_0002,2inchStickout/F_08-Jun-2017_rpm570_doc0p005,test,42,1,cv_evaluation,chatter,1,0.03348491,16
turning,cnn_ae,ver_topk,2inchStickout_F_08-Jun-2017_rpm570_doc0p005_window_0003,2inchStickout/F_08-Jun-2017_rpm570_doc0p005,train,42,1,cv_evaluation,no_chatter,0,0.015665738,16
turning,cnn_ae,ver_topk,2p5inchStickout_F_12-Jun-2017_rpm570_doc0p012_window_0000,2p5inchStickout/F_12-Jun-2017_rpm570_doc0p012,train,42,1,cv_evaluation,no_chatter,0,0.0033757351,16
turning,cnn_ae,ver_topk,2p5inchStickout_F_12-Jun-2017_rpm570_doc0p012_window_0001,2p5inchStickout/F_12-Jun-2017_rpm570_doc0p012,train,42,1,cv_evaluation,no_chatter,0,0.013139348,16
turning,cnn_ae,ver_topk,2p5inchStickout_F_12-Jun-2017_rpm570_doc0p012_window_0002,2p5inchStickout/F_12-Jun-2017_rpm570_doc0p012,test,42,1,cv_evaluation,chatter,1,0.020383226,16
turning,cnn_ae,ver_topk,2p5inchStickout_F_12-Jun-2017_rpm570_doc0p012_window_0003,2p5inchStickout/F_12-Jun-2017_rpm570_doc0p012,train,42,1,cv_evaluation,no_chatter,0,0.013897813,16
turning,cnn_ae,ver_topk,2p5inchStickout_F_12-Jun-2017_rpm570_doc0p012_window_0004,2p5inchStickout/F_12-Jun-2017_rpm570_doc0p012,train,42,1,cv_evaluation,no_chatter,0,0.012694583,16
turning,cnn_ae,ver_topk,2p5inchStickout_F_12-Jun-2017_rpm570_doc0p012_window_0005,2p5inchStickout/F_12-Jun-2017_rpm570_doc0p012,train,42,1,cv_evaluation,no_chatter,0,0.015945118,16
turning,cnn_ae,ver_topk,2p5inchStickout_F_12-Jun-2017_rpm570_doc0p012_window_0006,2p5inchStickout/F_12-Jun-2017_rpm570_doc0p012,validation,42,1,cv_evaluation,no_chatter,0,0.010044581,16
turning,cnn_ae,ver_topk,2p5inchStickout_F_12-Jun-2017_rpm570_doc0p012_window_0007,2p5inchStickout/F_12-Jun-2017_rpm570_doc0p012,train,42,1,cv_evaluation,no_chatter,0,0.009913211,16
turning,cnn_ae,ver_topk,2p5inchStickout_F_12-Jun-2017_rpm570_doc0p012_window_0008,2p5inchStickout/F_12-Jun-2017_rpm570_doc0p012,validation,42,1,cv_evaluation,no_chatter,0,0.010102459,16
turning,cnn_ae,ver_topk,2p5inchStickout_F_12-Jun-2017_rpm570_doc0p012_window_0009,2p5inchStickout/F_12-Jun-2017_rpm570_doc0p012,validation,42,1,cv_evaluation,no_chatter,0,0.009459445,16
turning,cnn_ae,ver_topk,2p5inchStickout_F_12-Jun-2017_rpm570_doc0p014_window_0000,2p5inchStickout/F_12-Jun-2017_rpm570_doc0p014,train,42,1,cv_evaluation,no_chatter,0,0.0032834064,16
turning,cnn_ae,ver_topk,2p5inchStickout_F_12-Jun-2017_rpm570_doc0p014_window_0001,2p5inchStickout/F_12-Jun-2017_rpm570_doc0p014,train,42,1,cv_evaluation,no_chatter,0,0.0066169933,16
turning,cnn_ae,ver_topk,2p5inchStickout_F_12-Jun-2017_rpm570_doc0p014_window_0002,2p5inchStickout/F_12-Jun-2017_rpm570_doc0p014,train,42,1,cv_evaluation,no_chatter,0,0.020413004,16
turning,cnn_ae,ver_topk,2p5inchStickout_F_12-Jun-2017_rpm570_doc0p014_window_0003,2p5inchStickout/F_12-Jun-2017_rpm570_doc0p014,validation,42,1,cv_evaluation,no_chatter,0,0.013463806,16
turning,cnn_ae,ver_topk,2p5inchStickout_F_12-Jun-2017_rpm570_doc0p014_window_0004,2p5inchStickout/F_12-Jun-2017_rpm570_doc0p014,validation,42,1,cv_evaluation,no_chatter,0,0.012282658,16
turning,cnn_ae,ver_topk,2p5inchStickout_F_12-Jun-2017_rpm570_doc0p014_window_0005,2p5inchStickout/F_12-Jun-2017_rpm570_doc0p014,validation,42,1,cv_evaluation,no_chatter,0,0.011142943,16
turning,cnn_ae,ver_topk,2p5inchStickout_F_12-Jun-2017_rpm770_doc0p005_window_0000,2p5inchStickout/F_12-Jun-2017_rpm770_doc0p005,train,42,1,cv_evaluation,no_chatter,0,0.004606048,16
turning,cnn_ae,ver_topk,2p5inchStickout_F_12-Jun-2017_rpm770_doc0p005_window_0001,2p5inchStickout/F_12-Jun-2017_rpm770_doc0p005,train,42,1,cv_evaluation,no_chatter,0,0.042683322,16
turning,cnn_ae,ver_topk,2p5inchStickout_F_12-Jun-2017_rpm770_doc0p005_window_0002,2p5inchStickout/F_12-Jun-2017_rpm770_doc0p005,train,42,1,cv_evaluation,no_chatter,0,0.009558448,16
turning,cnn_ae,ver_topk,2p5inchStickout_F_12-Jun-2017_rpm770_doc0p005_window_0003,2p5inchStickout/F_12-Jun-2017_rpm770_doc0p005,train,42,1,cv_evaluation,no_chatter,0,0.018885223,16
turning,cnn_ae,ver_topk,3p5inchStickout_F_12-Jun-2017_rpm570_doc0p025_window_0000,3p5inchStickout/F_12-Jun-2017_rpm570_doc0p025,validation,42,1,cv_evaluation,no_chatter,0,0.0028008337,16
turning,cnn_ae,ver_topk,3p5inchStickout_F_12-Jun-2017_rpm570_doc0p025_window_0001,3p5inchStickout/F_12-Jun-2017_rpm570_doc0p025,train,42,1,cv_evaluation,no_chatter,0,0.0044061854,16
turning,cnn_ae,ver_topk,3p5inchStickout_F_12-Jun-2017_rpm570_doc0p025_window_0002,3p5inchStickout/F_12-Jun-2017_rpm570_doc0p025,train,42,1,cv_evaluation,no_chatter,0,0.006034605,16
turning,cnn_ae,ver_topk,3p5inchStickout_F_12-Jun-2017_rpm570_doc0p025_window_0003,3p5inchStickout/F_12-Jun-2017_rpm570_doc0p025,validation,42,1,cv_evaluation,no_chatter,0,0.008988998,16
turning,cnn_ae,ver_topk,3p5inchStickout_F_12-Jun-2017_rpm570_doc0p025_window_0004,3p5inchStickout/F_12-Jun-2017_rpm570_doc0p025,train,42,1,cv_evaluation,no_chatter,0,0.0077597587,16
turning,cnn_ae,ver_topk,3p5inchStickout_F_12-Jun-2017_rpm570_doc0p025_window_0005,3p5inchStickout/F_12-Jun-2017_rpm570_doc0p025,train,42,1,cv_evaluation,no_chatter,0,0.014192703,16
turning,cnn_ae,ver_topk,3p5inchStickout_F_12-Jun-2017_rpm570_doc0p025_window_0006,3p5inchStickout/F_12-Jun-2017_rpm570_doc0p025,train,42,1,cv_evaluation,no_chatter,0,0.012979292,16
turning,cnn_ae,ver_topk,3p5inchStickout_F_12-Jun-2017_rpm570_doc0p025_window_0007,3p5inchStickout/F_12-Jun-2017_rpm570_doc0p025,train,42,1,cv_evaluation,no_chatter,0,0.011354647,16
turning,cnn_ae,ver_topk,3p5inchStickout_F_12-Jun-2017_rpm570_doc0p025_window_0008,3p5inchStickout/F_12-Jun-2017_rpm570_doc0p025,train,42,1,cv_evaluation,no_chatter,0,0.009064323,16
turning,cnn_ae,ver_topk,3p5inchStickout_F_12-Jun-2017_rpm570_doc0p025_window_0009,3p5inchStickout/F_12-Jun-2017_rpm570_doc0p025,train,42,1,cv_evaluation,no_chatter,0,0.010262356,16
turning,cnn_ae,ver_topk,3p5inchStickout_F_14-Jun-2017_rpm1030_doc0p002_window_0000,3p5inchStickout/F_14-Jun-2017_rpm1030_doc0p002,train,42,1,cv_evaluation,no_chatter,0,0.0027370949,16
turning,cnn_ae,ver_topk,3p5inchStickout_F_14-Jun-2017_rpm1030_doc0p002_window_0001,3p5inchStickout/F_14-Jun-2017_rpm1030_doc0p002,train,42,1,cv_evaluation,no_chatter,0,0.06407126,16
turning,cnn_ae,ver_topk,3p5inchStickout_F_14-Jun-2017_rpm1030_doc0p002_window_0002,3p5inchStickout/F_14-Jun-2017_rpm1030_doc0p002,train,42,1,cv_evaluation,no_chatter,0,0.056002274,16
turning,cnn_ae,ver_topk,3p5inchStickout_F_14-Jun-2017_rpm770_doc0p010_window_0000,3p5inchStickout/F_14-Jun-2017_rpm770_doc0p010,train,42,1,cv_evaluation,no_chatter,0,0.002900755,16
turning,cnn_ae,ver_topk,3p5inchStickout_F_14-Jun-2017_rpm770_doc0p010_window_0001,3p5inchStickout/F_14-Jun-2017_rpm770_doc0p010,train,42,1,cv_evaluation,no_chatter,0,0.006278362,16
turning,cnn_ae,ver_topk,3p5inchStickout_F_14-Jun-2017_rpm770_doc0p010_window_0002,3p5inchStickout/F_14-Jun-2017_rpm770_doc0p010,train,42,1,cv_evaluation,no_chatter,0,0.026576394,16
turning,cnn_ae,ver_topk,3p5inchStickout_F_14-Jun-2017_rpm770_doc0p010_window_0003,3p5inchStickout/F_14-Jun-2017_rpm770_doc0p010,train,42,1,cv_evaluation,no_chatter,0,0.02621968,16
turning,cnn_ae,ver_topk,4p5inchStickout_F_12-Jun-2017_rpm570_doc0p040_window_0000,4p5inchStickout/F_12-Jun-2017_rpm570_doc0p040,train,42,1,cv_evaluation,no_chatter,0,0.002957796,16
turning,cnn_ae,ver_topk,4p5inchStickout_F_12-Jun-2017_rpm570_doc0p040_window_0001,4p5inchStickout/F_12-Jun-2017_rpm570_doc0p040,train,42,1,cv_evaluation,no_chatter,0,0.0028581114,16
turning,cnn_ae,ver_topk,4p5inchStickout_F_12-Jun-2017_rpm570_doc0p040_window_0002,4p5inchStickout/F_12-Jun-2017_rpm570_doc0p040,train,42,1,cv_evaluation,no_chatter,0,0.0028096111,16
turning,cnn_ae,ver_topk,4p5inchStickout_F_12-Jun-2017_rpm570_doc0p040_window_0003,4p5inchStickout/F_12-Jun-2017_rpm570_doc0p040,train,42,1,cv_evaluation,no_chatter,0,0.0028101753,16
turning,cnn_ae,ver_topk,4p5inchStickout_F_12-Jun-2017_rpm570_doc0p040_window_0004,4p5inchStickout/F_12-Jun-2017_rpm570_doc0p040,train,42,1,cv_evaluation,no_chatter,0,0.0028304171,16
turning,cnn_ae,ver_topk,4p5inchStickout_F_12-Jun-2017_rpm570_doc0p040_window_0005,4p5inchStickout/F_12-Jun-2017_rpm570_doc0p040,train,42,1,cv_evaluation,no_chatter,0,0.0038417962,16
turning,cnn_ae,ver_topk,4p5inchStickout_F_12-Jun-2017_rpm570_doc0p040_window_0006,4p5inchStickout/F_12-Jun-2017_rpm570_doc0p040,train,42,1,cv_evaluation,no_chatter,0,0.013184593,16
turning,cnn_ae,ver_topk,4p5inchStickout_F_12-Jun-2017_rpm570_doc0p040_window_0007,4p5inchStickout/F_12-Jun-2017_rpm570_doc0p040,train,42,1,cv_evaluation,no_chatter,0,0.015797807,16
turning,cnn_ae,ver_topk,4p5inchStickout_F_12-Jun-2017_rpm570_doc0p040_window_0008,4p5inchStickout/F_12-Jun-2017_rpm570_doc0p040,train,42,1,cv_evaluation,no_chatter,0,0.014686621,16
turning,cnn_ae,ver_topk,4p5inchStickout_F_12-Jun-2017_rpm570_doc0p040_window_0009,4p5inchStickout/F_12-Jun-2017_rpm570_doc0p040,train,42,1,cv_evaluation,no_chatter,0,0.012454412,16
turning,cnn_ae,ver_topk,4p5inchStickout_F_12-Jun-2017_rpm570_doc0p040_window_0010,4p5inchStickout/F_12-Jun-2017_rpm570_doc0p040,train,42,1,cv_evaluation,no_chatter,0,0.00961404,16
turning,cnn_ae,ver_topk,4p5inchStickout_F_12-Jun-2017_rpm570_doc0p040_window_0011,4p5inchStickout/F_12-Jun-2017_rpm570_doc0p040,train,42,1,cv_evaluation,no_chatter,0,0.0074839876,16
turning,cnn_ae,ver_topk,4p5inchStickout_F_13-Jun-2017_rpm1030_doc0p015_window_0000,4p5inchStickout/F_13-Jun-2017_rpm1030_doc0p015,train,42,1,cv_evaluation,no_chatter,0,0.0031428167,16
turning,cnn_ae,ver_topk,4p5inchStickout_F_13-Jun-2017_rpm1030_doc0p015_window_0001,4p5inchStickout/F_13-Jun-2017_rpm1030_doc0p015,train,42,1,cv_evaluation,no_chatter,0,0.023782365,16
turning,cnn_ae,ver_topk,4p5inchStickout_F_13-Jun-2017_rpm1030_doc0p015_window_0002,4p5inchStickout/F_13-Jun-2017_rpm1030_doc0p015,train,42,1,cv_evaluation,no_chatter,0,0.020872256,16
turning,cnn_ae,ver_topk,4p5inchStickout_F_13-Jun-2017_rpm1030_doc0p015_window_0003,4p5inchStickout/F_13-Jun-2017_rpm1030_doc0p015,validation,42,1,cv_evaluation,no_chatter,0,0.023821523,16
turning,cnn_ae,global_mse,2inchStickout_F_08-Jun-2017_rpm320_doc0p015_window_0000,2inchStickout/F_08-Jun-2017_rpm320_doc0p015,train,42,2,cv_evaluation,no_chatter,0,6.0977178e-05,16
turning,cnn_ae,global_mse,2inchStickout_F_08-Jun-2017_rpm320_doc0p015_window_0001,2inchStickout/F_08-Jun-2017_rpm320_doc0p015,validation,42,2,cv_evaluation,no_chatter,0,6.479849e-05,16
turning,cnn_ae,global_mse,2inchStickout_F_08-Jun-2017_rpm320_doc0p015_window_0002,2inchStickout/F_08-Jun-2017_rpm320_doc0p015,train,42,2,cv_evaluation,no_chatter,0,6.992495e-05,16
turning,cnn_ae,global_mse,2inchStickout_F_08-Jun-2017_rpm320_doc0p015_window_0003,2inchStickout/F_08-Jun-2017_rpm320_doc0p015,validation,42,2,cv_evaluation,no_chatter,0,0.00031245858,16
turning,cnn_ae,global_mse,2inchStickout_F_08-Jun-2017_rpm320_doc0p015_window_0004,2inchStickout/F_08-Jun-2017_rpm320_doc0p015,train,42,2,cv_evaluation,no_chatter,0,0.0006285703,16
turning,cnn_ae,global_mse,2inchStickout_F_08-Jun-2017_rpm320_doc0p015_window_0005,2inchStickout/F_08-Jun-2017_rpm320_doc0p015,train,42,2,cv_evaluation,no_chatter,0,0.0007220513,16
turning,cnn_ae,global_mse,2inchStickout_F_08-Jun-2017_rpm320_doc0p015_window_0006,2inchStickout/F_08-Jun-2017_rpm320_doc0p015,train,42,2,cv_evaluation,no_chatter,0,0.0007709353,16
turning,cnn_ae,global_mse,2inchStickout_F_08-Jun-2017_rpm320_doc0p015_window_0007,2inchStickout/F_08-Jun-2017_rpm320_doc0p015,train,42,2,cv_evaluation,no_chatter,0,0.00044111855,16
turning,cnn_ae,global_mse,2inchStickout_F_08-Jun-2017_rpm320_doc0p015_window_0008,2inchStickout/F_08-Jun-2017_rpm320_doc0p015,train,42,2,cv_evaluation,no_chatter,0,0.000521001,16
turning,cnn_ae,global_mse,2inchStickout_F_08-Jun-2017_rpm320_doc0p015_window_0009,2inchStickout/F_08-Jun-2017_rpm320_doc0p015,train,42,2,cv_evaluation,no_chatter,0,0.0006452796,16
turning,cnn_ae,global_mse,2inchStickout_F_08-Jun-2017_rpm320_doc0p015_window_0010,2inchStickout/F_08-Jun-2017_rpm320_doc0p015,train,42,2,cv_evaluation,no_chatter,0,0.00046519208,16
turning,cnn_ae,global_mse,2inchStickout_F_08-Jun-2017_rpm320_doc0p015_window_0011,2inchStickout/F_08-Jun-2017_rpm320_doc0p015,train,42,2,cv_evaluation,no_chatter,0,0.00042286908,16
turning,cnn_ae,global_mse,2inchStickout_F_08-Jun-2017_rpm320_doc0p015_window_0012,2inchStickout/F_08-Jun-2017_rpm320_doc0p015,train,42,2,cv_evaluation,no_chatter,0,0.00042832503,16
turning,cnn_ae,global_mse,2inchStickout_F_08-Jun-2017_rpm320_doc0p015_window_0013,2inchStickout/F_08-Jun-2017_rpm320_doc0p015,validation,42,2,cv_evaluation,no_chatter,0,0.0005583538,16
turning,cnn_ae,global_mse,2inchStickout_F_08-Jun-2017_rpm320_doc0p015_window_0014,2inchStickout/F_08-Jun-2017_rpm320_doc0p015,validation,42,2,cv_evaluation,no_chatter,0,0.0006595414,16
turning,cnn_ae,global_mse,2inchStickout_F_08-Jun-2017_rpm320_doc0p015_window_0015,2inchStickout/F_08-Jun-2017_rpm320_doc0p015,train,42,2,cv_evaluation,no_chatter,0,0.00041470546,16
turning,cnn_ae,global_mse,2inchStickout_F_08-Jun-2017_rpm320_doc0p015_window_0016,2inchStickout/F_08-Jun-2017_rpm320_doc0p015,train,42,2,cv_evaluation,no_chatter,0,0.0005952539,16
turning,cnn_ae,global_mse,2inchStickout_F_08-Jun-2017_rpm320_doc0p015_window_0017,2inchStickout/F_08-Jun-2017_rpm320_doc0p015,train,42,2,cv_evaluation,no_chatter,0,0.00041649438,16
turning,cnn_ae,global_mse,2inchStickout_F_08-Jun-2017_rpm320_doc0p015_window_0018,2inchStickout/F_08-Jun-2017_rpm320_doc0p015,train,42,2,cv_evaluation,no_chatter,0,0.00043867252,16
turning,cnn_ae,global_mse,2inchStickout_F_08-Jun-2017_rpm320_doc0p015_window_0019,2inchStickout/F_08-Jun-2017_rpm320_doc0p015,train,42,2,cv_evaluation,no_chatter,0,0.00069588335,16
turning,cnn_ae,global_mse,2inchStickout_F_08-Jun-2017_rpm320_doc0p015_window_0020,2inchStickout/F_08-Jun-2017_rpm320_doc0p015,train,42,2,cv_evaluation,no_chatter,0,0.0005295866,16
turning,cnn_ae,global_mse,2inchStickout_F_08-Jun-2017_rpm320_doc0p015_window_0021,2inchStickout/F_08-Jun-2017_rpm320_doc0p015,train,42,2,cv_evaluation,no_chatter,0,0.0005072305,16
turning,cnn_ae,global_mse,2inchStickout_F_08-Jun-2017_rpm320_doc0p015_window_0022,2inchStickout/F_08-Jun-2017_rpm320_doc0p015,train,42,2,cv_evaluation,no_chatter,0,0.00038950157,16
turning,cnn_ae,global_mse,2inchStickout_F_08-Jun-2017_rpm320_doc0p015_window_0023,2inchStickout/F_08-Jun-2017_rpm320_doc0p015,train,42,2,cv_evaluation,no_chatter,0,0.00067108637,16
turning,cnn_ae,global_mse,2inchStickout_F_08-Jun-2017_rpm320_doc0p050_window_0000,2inchStickout/F_08-Jun-2017_rpm320_doc0p050,train,42,2,cv_evaluation,no_chatter,0,6.5157226e-05,16
turning,cnn_ae,global_mse,2inchStickout_F_08-Jun-2017_rpm320_doc0p050_window_0001,2inchStickout/F_08-Jun-2017_rpm320_doc0p050,train,42,2,cv_evaluation,no_chatter,0,4.560149e-05,16
turning,cnn_ae,global_mse,2inchStickout_F_08-Jun-2017_rpm320_doc0p050_window_0002,2inchStickout/F_08-Jun-2017_rpm320_doc0p050,train,42,2,cv_evaluation,no_chatter,0,4.492334e-05,16
turning,cnn_ae,global_mse,2inchStickout_F_08-Jun-2017_rpm320_doc0p050_window_0003,2inchStickout/F_08-Jun-2017_rpm320_doc0p050,test,42,2,cv_evaluation,no_chatter,0,0.001493554,16
turning,cnn_ae,global_mse,2inchStickout_F_08-Jun-2017_rpm320_doc0p050_window_0004,2inchStickout/F_08-Jun-2017_rpm320_doc0p050,train,42,2,cv_evaluation,no_chatter,0,0.00056032947,16
turning,cnn_ae,global_mse,2inchStickout_F_08-Jun-2017_rpm320_doc0p050_window_0005,2inchStickout/F_08-Jun-2017_rpm320_doc0p050,train,42,2,cv_evaluation,no_chatter,0,0.00063978124,16
turning,cnn_ae,global_mse,2inchStickout_F_08-Jun-2017_rpm320_doc0p050_window_0006,2inchStickout/F_08-Jun-2017_rpm320_doc0p050,train,42,2,cv_evaluation,no_chatter,0,0.0006259413,16
turning,cnn_ae,global_mse,2inchStickout_F_08-Jun-2017_rpm320_doc0p050_window_0007,2inchStickout/F_08-Jun-2017_rpm320_doc0p050,train,42,2,cv_evaluation,no_chatter,0,0.00081814744,16
turning,cnn_ae,global_mse,2inchStickout_F_08-Jun-2017_rpm320_doc0p050_window_0008,2inchStickout/F_08-Jun-2017_rpm320_doc0p050,test,42,2,cv_evaluation,no_chatter,0,0.0005107952,16
turning,cnn_ae,global_mse,2inchStickout_F_08-Jun-2017_rpm320_doc0p050_window_0009,2inchStickout/F_08-Jun-2017_rpm320_doc0p050,test,42,2,cv_evaluation,no_chatter,0,0.0006164111,16
turning,cnn_ae,global_mse,2inchStickout_F_08-Jun-2017_rpm320_doc0p050_window_0010,2inchStickout/F_08-Jun-2017_rpm320_doc0p050,train,42,2,cv_evaluation,no_chatter,0,0.0006051849,16
turning,cnn_ae,global_mse,2inchStickout_F_08-Jun-2017_rpm320_doc0p050_window_0011,2inchStickout/F_08-Jun-2017_rpm320_doc0p050,train,42,2,cv_evaluation,no_chatter,0,0.0006402699,16
turning,cnn_ae,global_mse,2inchStickout_F_08-Jun-2017_rpm320_doc0p050_window_0012,2inchStickout/F_08-Jun-2017_rpm320_doc0p050,test,42,2,cv_evaluation,no_chatter,0,0.0006098971,16
turning,cnn_ae,global_mse,2inchStickout_F_08-Jun-2017_rpm320_doc0p050_window_0013,2inchStickout/F_08-Jun-2017_rpm320_doc0p050,test,42,2,cv_evaluation,no_chatter,0,0.0008563945,16
turning,cnn_ae,global_mse,2inchStickout_F_08-Jun-2017_rpm320_doc0p050_window_0014,2inchStickout/F_08-Jun-2017_rpm320_doc0p050,test,42,2,cv_evaluation,no_chatter,0,0.0006986772,16
turning,cnn_ae,global_mse,2inchStickout_F_08-Jun-2017_rpm320_doc0p050_window_0015,2inchStickout/F_08-Jun-2017_rpm320_doc0p050,train,42,2,cv_evaluation,no_chatter,0,0.0010452442,16
turning,cnn_ae,global_mse,2inchStickout_F_08-Jun-2017_rpm320_doc0p050_window_0016,2inchStickout/F_08-Jun-2017_rpm320_doc0p050,train,42,2,cv_evaluation,no_chatter,0,0.00085518154,16
turning,cnn_ae,global_mse,2inchStickout_F_08-Jun-2017_rpm320_doc0p050_window_0017,2inchStickout/F_08-Jun-2017_rpm320_doc0p050,test,42,2,cv_evaluation,no_chatter,0,0.00061417295,16
turning,cnn_ae,global_mse,2inchStickout_F_08-Jun-2017_rpm320_doc0p050_window_0018,2inchStickout/F_08-Jun-2017_rpm320_doc0p050,train,42,2,cv_evaluation,no_chatter,0,0.000808199,16
turning,cnn_ae,global_mse,2inchStickout_F_08-Jun-2017_rpm320_doc0p050_window_0019,2inchStickout/F_08-Jun-2017_rpm320_doc0p050,train,42,2,cv_evaluation,no_chatter,0,0.0011251252,16
turning,cnn_ae,global_mse,2inchStickout_F_08-Jun-2017_rpm320_doc0p050_window_0020,2inchStickout/F_08-Jun-2017_rpm320_doc0p050,train,42,2,cv_evaluation,no_chatter,0,0.000560079,16
turning,cnn_ae,global_mse,2inchStickout_F_08-Jun-2017_rpm320_doc0p050_window_0021,2inchStickout/F_08-Jun-2017_rpm320_doc0p050,train,42,2,cv_evaluation,no_chatter,0,0.0006452015,16
turning,cnn_ae,global_mse,2inchStickout_F_08-Jun-2017_rpm320_doc0p050_window_0022,2inchStickout/F_08-Jun-2017_rpm320_doc0p050,test,42,2,cv_evaluation,no_chatter,0,0.00063229393,16
turning,cnn_ae,global_mse,2inchStickout_F_08-Jun-2017_rpm320_doc0p050_window_0023,2inchStickout/F_08-Jun-2017_rpm320_doc0p050,test,42,2,cv_evaluation,no_chatter,0,0.0007747237,16
turning,cnn_ae,global_mse,2inchStickout_F_08-Jun-2017_rpm570_doc0p001_window_0000,2inchStickout/F_08-Jun-2017_rpm570_doc0p001,train,42,2,cv_evaluation,no_chatter,0,7.288153e-05,16
turning,cnn_ae,global_mse,2inchStickout_F_08-Jun-2017_rpm570_doc0p001_window_0001,2inchStickout/F_08-Jun-2017_rpm570_doc0p001,validation,42,2,cv_evaluation,no_chatter,0,0.00085237157,16
turning,cnn_ae,global_mse,2inchStickout_F_08-Jun-2017_rpm570_doc0p001_window_0002,2inchStickout/F_08-Jun-2017_rpm570_doc0p001,validation,42,2,cv_evaluation,chatter,1,0.0032800161,16
turning,cnn_ae,global_mse,2inchStickout_F_08-Jun-2017_rpm570_doc0p001_window_0003,2inchStickout/F_08-Jun-2017_rpm570_doc0p001,validation,42,2,cv_evaluation,chatter,1,0.0038427638,16
turning,cnn_ae,global_mse,2inchStickout_F_08-Jun-2017_rpm570_doc0p001_window_0004,2inchStickout/F_08-Jun-2017_rpm570_doc0p001,validation,42,2,cv_evaluation,chatter,1,0.0036927122,16
turning,cnn_ae,global_mse,2inchStickout_F_08-Jun-2017_rpm570_doc0p001_window_0005,2inchStickout/F_08-Jun-2017_rpm570_doc0p001,validation,42,2,cv_evaluation,chatter,1,0.0042410553,16
turning,cnn_ae,global_mse,2inchStickout_F_08-Jun-2017_rpm770_doc0p001_window_0000,2inchStickout/F_08-Jun-2017_rpm770_doc0p001,test,42,2,cv_evaluation,no_chatter,0,0.00017964955,16
turning,cnn_ae,global_mse,2inchStickout_F_08-Jun-2017_rpm770_doc0p001_window_0001,2inchStickout/F_08-Jun-2017_rpm770_doc0p001,train,42,2,cv_evaluation,no_chatter,0,0.0015005422,16
turning,cnn_ae,global_mse,2inchStickout_F_08-Jun-2017_rpm770_doc0p001_window_0002,2inchStickout/F_08-Jun-2017_rpm770_doc0p001,train,42,2,cv_evaluation,no_chatter,0,0.0025522711,16
turning,cnn_ae,global_mse,2inchStickout_F_08-Jun-2017_rpm770_doc0p001_window_0003,2inchStickout/F_08-Jun-2017_rpm770_doc0p001,train,42,2,cv_evaluation,no_chatter,0,0.0024837817,16
turning,cnn_ae,global_mse,2inchStickout_F_08-Jun-2017_rpm770_doc0p001_window_0004,2inchStickout/F_08-Jun-2017_rpm770_doc0p001,train,42,2,cv_evaluation,no_chatter,0,0.0031406574,16
turning,cnn_ae,global_mse,2inchStickout_F_08-Jun-2017_rpm770_doc0p001_window_0005,2inchStickout/F_08-Jun-2017_rpm770_doc0p001,train,42,2,cv_evaluation,no_chatter,0,0.004104397,16
turning,cnn_ae,global_mse,2inchStickout_F_08-Jun-2017_rpm770_doc0p001_window_0006,2inchStickout/F_08-Jun-2017_rpm770_doc0p001,test,42,2,cv_evaluation,chatter,1,0.004561368,16
turning,cnn_ae,global_mse,2inchStickout_F_08-Jun-2017_rpm770_doc0p001_window_0007,2inchStickout/F_08-Jun-2017_rpm770_doc0p001,test,42,2,cv_evaluation,chatter,1,0.008421176,16
turning,cnn_ae,global_mse,2p5inchStickout_F_12-Jun-2017_rpm570_doc0p003_window_0000,2p5inchStickout/F_12-Jun-2017_rpm570_doc0p003,train,42,2,cv_evaluation,no_chatter,0,0.0003350354,16
turning,cnn_ae,global_mse,2p5inchStickout_F_12-Jun-2017_rpm570_doc0p003_window_0001,2p5inchStickout/F_12-Jun-2017_rpm570_doc0p003,test,42,2,cv_evaluation,no_chatter,0,0.0005535164,16
turning,cnn_ae,global_mse,2p5inchStickout_F_12-Jun-2017_rpm570_doc0p003_window_0002,2p5inchStickout/F_12-Jun-2017_rpm570_doc0p003,train,42,2,cv_evaluation,no_chatter,0,0.0010360233,16
turning,cnn_ae,global_mse,2p5inchStickout_F_12-Jun-2017_rpm570_doc0p003_window_0003,2p5inchStickout/F_12-Jun-2017_rpm570_doc0p003,train,42,2,cv_evaluation,no_chatter,0,0.002331264,16
turning,cnn_ae,global_mse,2p5inchStickout_F_12-Jun-2017_rpm570_doc0p003_window_0004,2p5inchStickout/F_12-Jun-2017_rpm570_doc0p003,train,42,2,cv_evaluation,no_chatter,0,0.002011189,16
turning,cnn_ae,global_mse,2p5inchStickout_F_12-Jun-2017_rpm570_doc0p003_window_0005,2p5inchStickout/F_12-Jun-2017_rpm570_doc0p003,train,42,2,cv_evaluation,no_chatter,0,0.0010091005,16
turning,cnn_ae,global_mse,2p5inchStickout_F_12-Jun-2017_rpm570_doc0p003_window_0006,2p5inchStickout/F_12-Jun-2017_rpm570_doc0p003,train,42,2,cv_evaluation,no_chatter,0,0.0011674723,16
turning,cnn_ae,global_mse,2p5inchStickout_F_12-Jun-2017_rpm570_doc0p003_window_0007,2p5inchStickout/F_12-Jun-2017_rpm570_doc0p003,train,42,2,cv_evaluation,no_chatter,0,0.0020441916,16
turning,cnn_ae,global_mse,2p5inchStickout_F_12-Jun-2017_rpm570_doc0p003_window_0008,2p5inchStickout/F_12-Jun-2017_rpm570_doc0p003,train,42,2,cv_evaluation,no_chatter,0,0.0012900259,16
turning,cnn_ae,global_mse,2p5inchStickout_F_12-Jun-2017_rpm570_doc0p003_window_0009,2p5inchStickout/F_12-Jun-2017_rpm570_doc0p003,train,42,2,cv_evaluation,no_chatter,0,0.0011913121,16
turning,cnn_ae,global_mse,2p5inchStickout_F_12-Jun-2017_rpm570_doc0p015_trial2_window_0000,2p5inchStickout/F_12-Jun-2017_rpm570_doc0p015_trial2,train,42,2,cv_evaluation,no_chatter,0,0.00030534324,16
turning,cnn_ae,global_mse,2p5inchStickout_F_12-Jun-2017_rpm570_doc0p015_trial2_window_0001,2p5inchStickout/F_12-Jun-2017_rpm570_doc0p015_trial2,train,42,2,cv_evaluation,no_chatter,0,0.00074211205,16
turning,cnn_ae,global_mse,2p5inchStickout_F_12-Jun-2017_rpm570_doc0p015_trial2_window_0002,2p5inchStickout/F_12-Jun-2017_rpm570_doc0p015_trial2,test,42,2,cv_evaluation,chatter,1,0.0042885514,16
turning,cnn_ae,global_mse,2p5inchStickout_F_12-Jun-2017_rpm570_doc0p015_trial2_window_0003,2p5inchStickout/F_12-Jun-2017_rpm570_doc0p015_trial2,test,42,2,cv_evaluation,chatter,1,0.009502172,16
turning,cnn_ae,global_mse,2p5inchStickout_F_12-Jun-2017_rpm570_doc0p015_trial2_window_0004,2p5inchStickout/F_12-Jun-2017_rpm570_doc0p015_trial2,test,42,2,cv_evaluation,chatter,1,0.009526353,16
turning,cnn_ae,global_mse,2p5inchStickout_F_12-Jun-2017_rpm570_doc0p015_trial2_window_0005,2p5inchStickout/F_12-Jun-2017_rpm570_doc0p015_trial2,test,42,2,cv_evaluation,chatter,1,0.0076988754,16
turning,cnn_ae,global_mse,3p5inchStickout_F_12-Jun-2017_rpm570_doc0p015_window_0000,3p5inchStickout/F_12-Jun-2017_rpm570_doc0p015,train,42,2,cv_evaluation,no_chatter,0,3.331301e-05,16
turning,cnn_ae,global_mse,3p5inchStickout_F_12-Jun-2017_rpm570_doc0p015_window_0001,3p5inchStickout/F_12-Jun-2017_rpm570_doc0p015,train,42,2,cv_evaluation,no_chatter,0,0.00095976196,16
turning,cnn_ae,global_mse,3p5inchStickout_F_12-Jun-2017_rpm570_doc0p015_window_0002,3p5inchStickout/F_12-Jun-2017_rpm570_doc0p015,train,42,2,cv_evaluation,no_chatter,0,0.0015469032,16
turning,cnn_ae,global_mse,3p5inchStickout_F_12-Jun-2017_rpm570_doc0p015_window_0003,3p5inchStickout/F_12-Jun-2017_rpm570_doc0p015,train,42,2,cv_evaluation,no_chatter,0,0.0024368283,16
turning,cnn_ae,global_mse,3p5inchStickout_F_12-Jun-2017_rpm570_doc0p015_window_0004,3p5inchStickout/F_12-Jun-2017_rpm570_doc0p015,train,42,2,cv_evaluation,no_chatter,0,0.0016953495,16
turning,cnn_ae,global_mse,3p5inchStickout_F_12-Jun-2017_rpm570_doc0p015_window_0005,3p5inchStickout/F_12-Jun-2017_rpm570_doc0p015,train,42,2,cv_evaluation,no_chatter,0,0.0022602237,16
turning,cnn_ae,global_mse,3p5inchStickout_F_12-Jun-2017_rpm570_doc0p015_window_0006,3p5inchStickout/F_12-Jun-2017_rpm570_doc0p015,train,42,2,cv_evaluation,no_chatter,0,0.0074916626,16
turning,cnn_ae,global_mse,3p5inchStickout_F_12-Jun-2017_rpm570_doc0p015_window_0007,3p5inchStickout/F_12-Jun-2017_rpm570_doc0p015,train,42,2,cv_evaluation,no_chatter,0,0.0043873778,16
turning,cnn_ae,global_mse,3p5inchStickout_F_12-Jun-2017_rpm570_doc0p015_window_0008,3p5inchStickout/F_12-Jun-2017_rpm570_doc0p015,train,42,2,cv_evaluation,no_chatter,0,0.0029962745,16
turning,cnn_ae,global_mse,3p5inchStickout_F_12-Jun-2017_rpm570_doc0p015_window_0009,3p5inchStickout/F_12-Jun-2017_rpm570_doc0p015,train,42,2,cv_evaluation,no_chatter,0,0.003007824,16
turning,cnn_ae,global_mse,3p5inchStickout_F_12-Jun-2017_rpm570_doc0p030_window_0000,3p5inchStickout/F_12-Jun-2017_rpm570_doc0p030,train,42,2,cv_evaluation,no_chatter,0,6.541045e-05,16
turning,cnn_ae,global_mse,3p5inchStickout_F_12-Jun-2017_rpm570_doc0p030_window_0001,3p5inchStickout/F_12-Jun-2017_rpm570_doc0p030,test,42,2,cv_evaluation,no_chatter,0,4.2537813e-05,16
turning,cnn_ae,global_mse,3p5inchStickout_F_12-Jun-2017_rpm570_doc0p030_window_0002,3p5inchStickout/F_12-Jun-2017_rpm570_doc0p030,train,42,2,cv_evaluation,no_chatter,0,0.0013940074,16
turning,cnn_ae,global_mse,3p5inchStickout_F_12-Jun-2017_rpm570_doc0p030_window_0003,3p5inchStickout/F_12-Jun-2017_rpm570_doc0p030,train,42,2,cv_evaluation,no_chatter,0,0.0009953777,16
turning,cnn_ae,global_mse,3p5inchStickout_F_12-Jun-2017_rpm570_doc0p030_window_0004,3p5inchStickout/F_12-Jun-2017_rpm570_doc0p030,train,42,2,cv_evaluation,no_chatter,0,0.0012371278,16
turning,cnn_ae,global_mse,3p5inchStickout_F_12-Jun-2017_rpm570_doc0p030_window_0005,3p5inchStickout/F_12-Jun-2017_rpm570_doc0p030,train,42,2,cv_evaluation,no_chatter,0,0.0014499057,16
turning,cnn_ae,global_mse,3p5inchStickout_F_12-Jun-2017_rpm570_doc0p030_window_0006,3p5inchStickout/F_12-Jun-2017_rpm570_doc0p030,train,42,2,cv_evaluation,no_chatter,0,0.0012300637,16
turning,cnn_ae,global_mse,3p5inchStickout_F_12-Jun-2017_rpm570_doc0p030_window_0007,3p5inchStickout/F_12-Jun-2017_rpm570_doc0p030,train,42,2,cv_evaluation,no_chatter,0,0.001820692,16
turning,cnn_ae,global_mse,3p5inchStickout_F_12-Jun-2017_rpm570_doc0p030_window_0008,3p5inchStickout/F_12-Jun-2017_rpm570_doc0p030,train,42,2,cv_evaluation,no_chatter,0,0.004951313,16
turning,cnn_ae,global_mse,3p5inchStickout_F_12-Jun-2017_rpm570_doc0p030_window_0009,3p5inchStickout/F_12-Jun-2017_rpm570_doc0p030,test,42,2,cv_evaluation,no_chatter,0,0.0033668627,16
turning,cnn_ae,global_mse,3p5inchStickout_F_14-Jun-2017_rpm770_doc0p008_window_0000,3p5inchStickout/F_14-Jun-2017_rpm770_doc0p008,train,42,2,cv_evaluation,no_chatter,0,0.00013301671,16
turning,cnn_ae,global_mse,3p5inchStickout_F_14-Jun-2017_rpm770_doc0p008_window_0001,3p5inchStickout/F_14-Jun-2017_rpm770_doc0p008,train,42,2,cv_evaluation,no_chatter,0,0.0004569754,16
turning,cnn_ae,global_mse,3p5inchStickout_F_14-Jun-2017_rpm770_doc0p008_window_0002,3p5inchStickout/F_14-Jun-2017_rpm770_doc0p008,train,42,2,cv_evaluation,no_chatter,0,0.0014129666,16
turning,cnn_ae,global_mse,3p5inchStickout_F_14-Jun-2017_rpm770_doc0p008_window_0003,3p5inchStickout/F_14-Jun-2017_rpm770_doc0p008,test,42,2,cv_evaluation,no_chatter,0,0.0011183893,16
turning,cnn_ae,global_mse,3p5inchStickout_F_14-Jun-2017_rpm770_doc0p015_window_0000,3p5inchStickout/F_14-Jun-2017_rpm770_doc0p015,validation,42,2,cv_evaluation,no_chatter,0,0.00013328741,16
turning,cnn_ae,global_mse,3p5inchStickout_F_14-Jun-2017_rpm770_doc0p015_window_0001,3p5inchStickout/F_14-Jun-2017_rpm770_doc0p015,train,42,2,cv_evaluation,no_chatter,0,0.00059801206,16
turning,cnn_ae,global_mse,3p5inchStickout_F_14-Jun-2017_rpm770_doc0p015_window_0002,3p5inchStickout/F_14-Jun-2017_rpm770_doc0p015,train,42,2,cv_evaluation,no_chatter,0,0.0038807993,16
turning,cnn_ae,global_mse,3p5inchStickout_F_14-Jun-2017_rpm770_doc0p015_window_0003,3p5inchStickout/F_14-Jun-2017_rpm770_doc0p015,validation,42,2,cv_evaluation,no_chatter,0,0.0047022304,16
turning,cnn_ae,global_mse,4p5inchStickout_F_12-Jun-2017_rpm570_doc0p005_window_0000,4p5inchStickout/F_12-Jun-2017_rpm570_doc0p005,validation,42,2,cv_evaluation,no_chatter,0,5.5257195e-05,16
turning,cnn_ae,global_mse,4p5inchStickout_F_12-Jun-2017_rpm570_doc0p005_window_0001,4p5inchStickout/F_12-Jun-2017_rpm570_doc0p005,train,42,2,cv_evaluation,no_chatter,0,5.6810808e-05,16
turning,cnn_ae,global_mse,4p5inchStickout_F_12-Jun-2017_rpm570_doc0p005_window_0002,4p5inchStickout/F_12-Jun-2017_rpm570_doc0p005,validation,42,2,cv_evaluation,no_chatter,0,4.9657647e-05,16
turning,cnn_ae,global_mse,4p5inchStickout_F_12-Jun-2017_rpm570_doc0p005_window_0003,4p5inchStickout/F_12-Jun-2017_rpm570_doc0p005,train,42,2,cv_evaluation,no_chatter,0,3.6463625e-05,16
turning,cnn_ae,global_mse,4p5inchStickout_F_12-Jun-2017_rpm570_doc0p005_window_0004,4p5inchStickout/F_12-Jun-2017_rpm570_doc0p005,train,42,2,cv_evaluation,no_chatter,0,3.365199e-05,16
turning,cnn_ae,global_mse,4p5inchStickout_F_12-Jun-2017_rpm570_doc0p005_window_0005,4p5inchStickout/F_12-Jun-2017_rpm570_doc0p005,validation,42,2,cv_evaluation,no_chatter,0,0.00085087173,16
turning,cnn_ae,global_mse,4p5inchStickout_F_12-Jun-2017_rpm570_doc0p005_window_0006,4p5inchStickout/F_12-Jun-2017_rpm570_doc0p005,train,42,2,cv_evaluation,no_chatter,0,0.0008825759,16
turning,cnn_ae,global_mse,4p5inchStickout_F_12-Jun-2017_rpm570_doc0p005_window_0007,4p5inchStickout/F_12-Jun-2017_rpm570_doc0p005,train,42,2,cv_evaluation,no_chatter,0,0.0009015063,16
turning,cnn_ae,global_mse,4p5inchStickout_F_12-Jun-2017_rpm570_doc0p005_window_0008,4p5inchStickout/F_12-Jun-2017_rpm570_doc0p005,train,42,2,cv_evaluation,no_chatter,0,0.0009554033,16
turning,cnn_ae,global_mse,4p5inchStickout_F_12-Jun-2017_rpm570_doc0p005_window_0009,4p5inchStickout/F_12-Jun-2017_rpm570_doc0p005,train,42,2,cv_evaluation,no_chatter,0,0.0011436365,16
turning,cnn_ae,global_mse,4p5inchStickout_F_12-Jun-2017_rpm570_doc0p005_window_0010,4p5inchStickout/F_12-Jun-2017_rpm570_doc0p005,train,42,2,cv_evaluation,no_chatter,0,0.0013185262,16
turning,cnn_ae,global_mse,4p5inchStickout_F_12-Jun-2017_rpm570_doc0p005_window_0011,4p5inchStickout/F_12-Jun-2017_rpm570_doc0p005,train,42,2,cv_evaluation,no_chatter,0,0.0010321582,16
turning,cnn_ae,global_mse,4p5inchStickout_F_13-Jun-2017_rpm1030_doc0p007_window_0000,4p5inchStickout/F_13-Jun-2017_rpm1030_doc0p007,train,42,2,cv_evaluation,no_chatter,0,9.751269e-05,16
turning,cnn_ae,global_mse,4p5inchStickout_F_13-Jun-2017_rpm1030_doc0p007_window_0001,4p5inchStickout/F_13-Jun-2017_rpm1030_doc0p007,train,42,2,cv_evaluation,no_chatter,0,0.0010081811,16
turning,cnn_ae,global_mse,4p5inchStickout_F_13-Jun-2017_rpm1030_doc0p007_window_0002,4p5inchStickout/F_13-Jun-2017_rpm1030_doc0p007,train,42,2,cv_evaluation,no_chatter,0,0.0010448196,16
turning,cnn_ae,global_mse,4p5inchStickout_F_13-Jun-2017_rpm1030_doc0p007_window_0003,4p5inchStickout/F_13-Jun-2017_rpm1030_doc0p007,train,42,2,cv_evaluation,no_chatter,0,0.001875396,16
turning,cnn_ae,global_mse,4p5inchStickout_F_13-Jun-2017_rpm770_doc0p010_window_0000,4p5inchStickout/F_13-Jun-2017_rpm770_doc0p010,train,42,2,cv_evaluation,no_chatter,0,5.6227662e-05,16
turning,cnn_ae,global_mse,4p5inchStickout_F_13-Jun-2017_rpm770_doc0p010_window_0001,4p5inchStickout/F_13-Jun-2017_rpm770_doc0p010,train,42,2,cv_evaluation,no_chatter,0,7.723336e-05,16
turning,cnn_ae,global_mse,4p5inchStickout_F_13-Jun-2017_rpm770_doc0p010_window_0002,4p5inchStickout/F_13-Jun-2017_rpm770_doc0p010,train,42,2,cv_evaluation,no_chatter,0,0.0009685842,16
turning,cnn_ae,global_mse,4p5inchStickout_F_13-Jun-2017_rpm770_doc0p010_window_0003,4p5inchStickout/F_13-Jun-2017_rpm770_doc0p010,test,42,2,cv_evaluation,no_chatter,0,0.0011864625,16
turning,cnn_ae,global_mse,4p5inchStickout_F_13-Jun-2017_rpm770_doc0p010_window_0004,4p5inchStickout/F_13-Jun-2017_rpm770_doc0p010,train,42,2,cv_evaluation,no_chatter,0,0.0012604163,16
turning,cnn_ae,global_mse,4p5inchStickout_F_13-Jun-2017_rpm770_doc0p010_window_0005,4p5inchStickout/F_13-Jun-2017_rpm770_doc0p010,train,42,2,cv_evaluation,no_chatter,0,0.0011501248,16
turning,cnn_ae,global_mae,2inchStickout_F_08-Jun-2017_rpm320_doc0p015_window_0000,2inchStickout/F_08-Jun-2017_rpm320_doc0p015,train,42,2,cv_evaluation,no_chatter,0,0.0023225145,16
turning,cnn_ae,global_mae,2inchStickout_F_08-Jun-2017_rpm320_doc0p015_window_0001,2inchStickout/F_08-Jun-2017_rpm320_doc0p015,validation,42,2,cv_evaluation,no_chatter,0,0.0023736751,16
turning,cnn_ae,global_mae,2inchStickout_F_08-Jun-2017_rpm320_doc0p015_window_0002,2inchStickout/F_08-Jun-2017_rpm320_doc0p015,train,42,2,cv_evaluation,no_chatter,0,0.0024529968,16
turning,cnn_ae,global_mae,2inchStickout_F_08-Jun-2017_rpm320_doc0p015_window_0003,2inchStickout/F_08-Jun-2017_rpm320_doc0p015,validation,42,2,cv_evaluation,no_chatter,0,0.0059634494,16
turning,cnn_ae,global_mae,2inchStickout_F_08-Jun-2017_rpm320_doc0p015_window_0004,2inchStickout/F_08-Jun-2017_rpm320_doc0p015,train,42,2,cv_evaluation,no_chatter,0,0.012145511,16
turning,cnn_ae,global_mae,2inchStickout_F_08-Jun-2017_rpm320_doc0p015_window_0005,2inchStickout/F_08-Jun-2017_rpm320_doc0p015,train,42,2,cv_evaluation,no_chatter,0,0.014790694,16
turning,cnn_ae,global_mae,2inchStickout_F_08-Jun-2017_rpm320_doc0p015_window_0006,2inchStickout/F_08-Jun-2017_rpm320_doc0p015,train,42,2,cv_evaluation,no_chatter,0,0.015355415,16
turning,cnn_ae,global_mae,2inchStickout_F_08-Jun-2017_rpm320_doc0p015_window_0007,2inchStickout/F_08-Jun-2017_rpm320_doc0p015,train,42,2,cv_evaluation,no_chatter,0,0.011459535,16
turning,cnn_ae,global_mae,2inchStickout_F_08-Jun-2017_rpm320_doc0p015_window_0008,2inchStickout/F_08-Jun-2017_rpm320_doc0p015,train,42,2,cv_evaluation,no_chatter,0,0.012427379,16
turning,cnn_ae,global_mae,2inchStickout_F_08-Jun-2017_rpm320_doc0p015_window_0009,2inchStickout/F_08-Jun-2017_rpm320_doc0p015,train,42,2,cv_evaluation,no_chatter,0,0.013865827,16
turning,cnn_ae,global_mae,2inchStickout_F_08-Jun-2017_rpm320_doc0p015_window_0010,2inchStickout/F_08-Jun-2017_rpm320_doc0p015,train,42,2,cv_evaluation,no_chatter,0,0.011967632,16
turning,cnn_ae,global_mae,2inchStickout_F_08-Jun-2017_rpm320_doc0p015_window_0011,2inchStickout/F_08-Jun-2017_rpm320_doc0p015,train,42,2,cv_evaluation,no_chatter,0,0.011337017,16
turning,cnn_ae,global_mae,2inchStickout_F_08-Jun-2017_rpm320_doc0p015_window_0012,2inchStickout/F_08-Jun-2017_rpm320_doc0p015,train,42,2,cv_evaluation,no_chatter,0,0.011350884,16
turning,cnn_ae,global_mae,2inchStickout_F_08-Jun-2017_rpm320_doc0p015_window_0013,2inchStickout/F_08-Jun-2017_rpm320_doc0p015,validation,42,2,cv_evaluation,no_chatter,0,0.013337784,16
turning,cnn_ae,global_mae,2inchStickout_F_08-Jun-2017_rpm320_doc0p015_window_0014,2inchStickout/F_08-Jun-2017_rpm320_doc0p015,validation,42,2,cv_evaluation,no_chatter,0,0.013898525,16
turning,cnn_ae,global_mae,2inchStickout_F_08-Jun-2017_rpm320_doc0p015_window_0015,2inchStickout/F_08-Jun-2017_rpm320_doc0p015,train,42,2,cv_evaluation,no_chatter,0,0.011071426,16
turning,cnn_ae,global_mae,2inchStickout_F_08-Jun-2017_rpm320_doc0p015_window_0016,2inchStickout/F_08-Jun-2017_rpm320_doc0p015,train,42,2,cv_evaluation,no_chatter,0,0.013892313,16
turning,cnn_ae,global_mae,2inchStickout_F_08-Jun-2017_rpm320_doc0p015_window_0017,2inchStickout/F_08-Jun-2017_rpm320_doc0p015,train,42,2,cv_evaluation,no_chatter,0,0.0111765135,16
turning,cnn_ae,global_mae,2inchStickout_F_08-Jun-2017_rpm320_doc0p015_window_0018,2inchStickout/F_08-Jun-2017_rpm320_doc0p015,train,42,2,cv_evaluation,no_chatter,0,0.012032007,16
turning,cnn_ae,global_mae,2inchStickout_F_08-Jun-2017_rpm320_doc0p015_window_0019,2inchStickout/F_08-Jun-2017_rpm320_doc0p015,train,42,2,cv_evaluation,no_chatter,0,0.015033007,16
turning,cnn_ae,global_mae,2inchStickout_F_08-Jun-2017_rpm320_doc0p015_window_0020,2inchStickout/F_08-Jun-2017_rpm320_doc0p015,train,42,2,cv_evaluation,no_chatter,0,0.013011277,16
turning,cnn_ae,global_mae,2inchStickout_F_08-Jun-2017_rpm320_doc0p015_window_0021,2inchStickout/F_08-Jun-2017_rpm320_doc0p015,train,42,2,cv_evaluation,no_chatter,0,0.012439693,16
turning,cnn_ae,global_mae,2inchStickout_F_08-Jun-2017_rpm320_doc0p015_window_0022,2inchStickout/F_08-Jun-2017_rpm320_doc0p015,train,42,2,cv_evaluation,no_chatter,0,0.010794693,16
turning,cnn_ae,global_mae,2inchStickout_F_08-Jun-2017_rpm320_doc0p015_window_0023,2inchStickout/F_08-Jun-2017_rpm320_doc0p015,train,42,2,cv_evaluation,no_chatter,0,0.014399818,16
turning,cnn_ae,global_mae,2inchStickout_F_08-Jun-2017_rpm320_doc0p050_window_0000,2inchStickout/F_08-Jun-2017_rpm320_doc0p050,train,42,2,cv_evaluation,no_chatter,0,0.0024381601,16
turning,cnn_ae,global_mae,2inchStickout_F_08-Jun-2017_rpm320_doc0p050_window_0001,2inchStickout/F_08-Jun-2017_rpm320_doc0p050,train,42,2,cv_evaluation,no_chatter,0,0.0020539707,16
turning,cnn_ae,global_mae,2inchStickout_F_08-Jun-2017_rpm320_doc0p050_window_0002,2inchStickout/F_08-Jun-2017_rpm320_doc0p050,train,42,2,cv_evaluation,no_chatter,0,0.0020267316,16
turning,cnn_ae,global_mae,2inchStickout_F_08-Jun-2017_rpm320_doc0p050_window_0003,2inchStickout/F_08-Jun-2017_rpm320_doc0p050,test,42,2,cv_evaluation,no_chatter,0,0.016388176,16
turning,cnn_ae,global_mae,2inchStickout_F_08-Jun-2017_rpm320_doc0p050_window_0004,2inchStickout/F_08-Jun-2017_rpm320_doc0p050,train,42,2,cv_evaluation,no_chatter,0,0.01222144,16
turning,cnn_ae,global_mae,2inchStickout_F_08-Jun-2017_rpm320_doc0p050_window_0005,2inchStickout/F_08-Jun-2017_rpm320_doc0p050,train,42,2,cv_evaluation,no_chatter,0,0.012971114,16
turning,cnn_ae,global_mae,2inchStickout_F_08-Jun-2017_rpm320_doc0p050_window_0006,2inchStickout/F_08-Jun-2017_rpm320_doc0p050,train,42,2,cv_evaluation,no_chatter,0,0.013050697,16
turning,cnn_ae,global_mae,2inchStickout_F_08-Jun-2017_rpm320_doc0p050_window_0007,2inchStickout/F_08-Jun-2017_rpm320_doc0p050,train,42,2,cv_evaluation,no_chatter,0,0.014343426,16
turning,cnn_ae,global_mae,2inchStickout_F_08-Jun-2017_rpm320_doc0p050_window_0008,2inchStickout/F_08-Jun-2017_rpm320_doc0p050,test,42,2,cv_evaluation,no_chatter,0,0.011956156,16
turning,cnn_ae,global_mae,2inchStickout_F_08-Jun-2017_rpm320_doc0p050_window_0009,2inchStickout/F_08-Jun-2017_rpm320_doc0p050,test,42,2,cv_evaluation,no_chatter,0,0.013366669,16
turning,cnn_ae,global_mae,2inchStickout_F_08-Jun-2017_rpm320_doc0p050_window_0010,2inchStickout/F_08-Jun-2017_rpm320_doc0p050,train,42,2,cv_evaluation,no_chatter,0,0.012961654,16
turning,cnn_ae,global_mae,2inchStickout_F_08-Jun-2017_rpm320_doc0p050_window_0011,2inchStickout/F_08-Jun-2017_rpm320_doc0p050,train,42,2,cv_evaluation,no_chatter,0,0.013333328,16
turning,cnn_ae,global_mae,2inchStickout_F_08-Jun-2017_rpm320_doc0p050_window_0012,2inchStickout/F_08-Jun-2017_rpm320_doc0p050,test,42,2,cv_evaluation,no_chatter,0,0.012819629,16
turning,cnn_ae,global_mae,2inchStickout_F_08-Jun-2017_rpm320_doc0p050_window_0013,2inchStickout/F_08-Jun-2017_rpm320_doc0p050,test,42,2,cv_evaluation,no_chatter,0,0.015418834,16
turning,cnn_ae,global_mae,2inchStickout_F_08-Jun-2017_rpm320_doc0p050_window_0014,2inchStickout/F_08-Jun-2017_rpm320_doc0p050,test,42,2,cv_evaluation,no_chatter,0,0.015001262,16
turning,cnn_ae,global_mae,2inchStickout_F_08-Jun-2017_rpm320_doc0p050_window_0015,2inchStickout/F_08-Jun-2017_rpm320_doc0p050,train,42,2,cv_evaluation,no_chatter,0,0.018133208,16
turning,cnn_ae,global_mae,2inchStickout_F_08-Jun-2017_rpm320_doc0p050_window_0016,2inchStickout/F_08-Jun-2017_rpm320_doc0p050,train,42,2,cv_evaluation,no_chatter,0,0.014671412,16
turning,cnn_ae,global_mae,2inchStickout_F_08-Jun-2017_rpm320_doc0p050_window_0017,2inchStickout/F_08-Jun-2017_rpm320_doc0p050,test,42,2,cv_evaluation,no_chatter,0,0.013629849,16
turning,cnn_ae,global_mae,2inchStickout_F_08-Jun-2017_rpm320_doc0p050_window_0018,2inchStickout/F_08-Jun-2017_rpm320_doc0p050,train,42,2,cv_evaluation,no_chatter,0,0.015352359,16
turning,cnn_ae,global_mae,2inchStickout_F_08-Jun-2017_rpm320_doc0p050_window_0019,2inchStickout/F_08-Jun-2017_rpm320_doc0p050,train,42,2,cv_evaluation,no_chatter,0,0.019253423,16
turning,cnn_ae,global_mae,2inchStickout_F_08-Jun-2017_rpm320_doc0p050_window_0020,2inchStickout/F_08-Jun-2017_rpm320_doc0p050,train,42,2,cv_evaluation,no_chatter,0,0.012619595,16
turning,cnn_ae,global_mae,2inchStickout_F_08-Jun-2017_rpm320_doc0p050_window_0021,2inchStickout/F_08-Jun-2017_rpm320_doc0p050,train,42,2,cv_evaluation,no_chatter,0,0.013841492,16
turning,cnn_ae,global_mae,2inchStickout_F_08-Jun-2017_rpm320_doc0p050_window_0022,2inchStickout/F_08-Jun-2017_rpm320_doc0p050,test,42,2,cv_evaluation,no_chatter,0,0.013468859,16
turning,cnn_ae,global_mae,2inchStickout_F_08-Jun-2017_rpm320_doc0p050_window_0023,2inchStickout/F_08-Jun-2017_rpm320_doc0p050,test,42,2,cv_evaluation,no_chatter,0,0.015012576,16
turning,cnn_ae,global_mae,2inchStickout_F_08-Jun-2017_rpm570_doc0p001_window_0000,2inchStickout/F_08-Jun-2017_rpm570_doc0p001,train,42,2,cv_evaluation,no_chatter,0,0.0026044606,16
turning,cnn_ae,global_mae,2inchStickout_F_08-Jun-2017_rpm570_doc0p001_window_0001,2inchStickout/F_08-Jun-2017_rpm570_doc0p001,validation,42,2,cv_evaluation,no_chatter,0,0.012045096,16
turning,cnn_ae,global_mae,2inchStickout_F_08-Jun-2017_rpm570_doc0p001_window_0002,2inchStickout/F_08-Jun-2017_rpm570_doc0p001,validation,42,2,cv_evaluation,chatter,1,0.034630902,16
turning,cnn_ae,global_mae,2inchStickout_F_08-Jun-2017_rpm570_doc0p001_window_0003,2inchStickout/F_08-Jun-2017_rpm570_doc0p001,validation,42,2,cv_evaluation,chatter,1,0.040898792,16
turning,cnn_ae,global_mae,2inchStickout_F_08-Jun-2017_rpm570_doc0p001_window_0004,2inchStickout/F_08-Jun-2017_rpm570_doc0p001,validation,42,2,cv_evaluation,chatter,1,0.04104901,16
turning,cnn_ae,global_mae,2inchStickout_F_08-Jun-2017_rpm570_doc0p001_window_0005,2inchStickout/F_08-Jun-2017_rpm570_doc0p001,validation,42,2,cv_evaluation,chatter,1,0.04468131,16
turning,cnn_ae,global_mae,2inchStickout_F_08-Jun-2017_rpm770_doc0p001_window_0000,2inchStickout/F_08-Jun-2017_rpm770_doc0p001,test,42,2,cv_evaluation,no_chatter,0,0.004126027,16
turning,cnn_ae,global_mae,2inchStickout_F_08-Jun-2017_rpm770_doc0p001_window_0001,2inchStickout/F_08-Jun-2017_rpm770_doc0p001,train,42,2,cv_evaluation,no_chatter,0,0.018240502,16
turning,cnn_ae,global_mae,2inchStickout_F_08-Jun-2017_rpm770_doc0p001_window_0002,2inchStickout/F_08-Jun-2017_rpm770_doc0p001,train,42,2,cv_evaluation,no_chatter,0,0.028761916,16
turning,cnn_ae,global_mae,2inchStickout_F_08-Jun-2017_rpm770_doc0p001_window_0003,2inchStickout/F_08-Jun-2017_rpm770_doc0p001,train,42,2,cv_evaluation,no_chatter,0,0.030064154,16
turning,cnn_ae,global_mae,2inchStickout_F_08-Jun-2017_rpm770_doc0p001_window_0004,2inchStickout/F_08-Jun-2017_rpm770_doc0p001,train,42,2,cv_evaluation,no_chatter,0,0.03422186,16
turning,cnn_ae,global_mae,2inchStickout_F_08-Jun-2017_rpm770_doc0p001_window_0005,2inchStickout/F_08-Jun-2017_rpm770_doc0p001,train,42,2,cv_evaluation,no_chatter,0,0.040461883,16
turning,cnn_ae,global_mae,2inchStickout_F_08-Jun-2017_rpm770_doc0p001_window_0006,2inchStickout/F_08-Jun-2017_rpm770_doc0p001,test,42,2,cv_evaluation,chatter,1,0.04588933,16
turning,cnn_ae,global_mae,2inchStickout_F_08-Jun-2017_rpm770_doc0p001_window_0007,2inchStickout/F_08-Jun-2017_rpm770_doc0p001,test,42,2,cv_evaluation,chatter,1,0.06535451,16
turning,cnn_ae,global_mae,2p5inchStickout_F_12-Jun-2017_rpm570_doc0p003_window_0000,2p5inchStickout/F_12-Jun-2017_rpm570_doc0p003,train,42,2,cv_evaluation,no_chatter,0,0.0040518143,16
turning,cnn_ae,global_mae,2p5inchStickout_F_12-Jun-2017_rpm570_doc0p003_window_0001,2p5inchStickout/F_12-Jun-2017_rpm570_doc0p003,test,42,2,cv_evaluation,no_chatter,0,0.008942831,16
turning,cnn_ae,global_mae,2p5inchStickout_F_12-Jun-2017_rpm570_doc0p003_window_0002,2p5inchStickout/F_12-Jun-2017_rpm570_doc0p003,train,42,2,cv_evaluation,no_chatter,0,0.018667588,16
turning,cnn_ae,global_mae,2p5inchStickout_F_12-Jun-2017_rpm570_doc0p003_window_0003,2p5inchStickout/F_12-Jun-2017_rpm570_doc0p003,train,42,2,cv_evaluation,no_chatter,0,0.024604639,16
turning,cnn_ae,global_mae,2p5inchStickout_F_12-Jun-2017_rpm570_doc0p003_window_0004,2p5inchStickout/F_12-Jun-2017_rpm570_doc0p003,train,42,2,cv_evaluation,no_chatter,0,0.024590798,16
turning,cnn_ae,global_mae,2p5inchStickout_F_12-Jun-2017_rpm570_doc0p003_window_0005,2p5inchStickout/F_12-Jun-2017_rpm570_doc0p003,train,42,2,cv_evaluation,no_chatter,0,0.018450307,16
turning,cnn_ae,global_mae,2p5inchStickout_F_12-Jun-2017_rpm570_doc0p003_window_0006,2p5inchStickout/F_12-Jun-2017_rpm570_doc0p003,train,42,2,cv_evaluation,no_chatter,0,0.019771913,16
turning,cnn_ae,global_mae,2p5inchStickout_F_12-Jun-2017_rpm570_doc0p003_window_0007,2p5inchStickout/F_12-Jun-2017_rpm570_doc0p003,train,42,2,cv_evaluation,no_chatter,0,0.02413482,16
turning,cnn_ae,global_mae,2p5inchStickout_F_12-Jun-2017_rpm570_doc0p003_window_0008,2p5inchStickout/F_12-Jun-2017_rpm570_doc0p003,train,42,2,cv_evaluation,no_chatter,0,0.019437924,16
turning,cnn_ae,global_mae,2p5inchStickout_F_12-Jun-2017_rpm570_doc0p003_window_0009,2p5inchStickout/F_12-Jun-2017_rpm570_doc0p003,train,42,2,cv_evaluation,no_chatter,0,0.019662766,16
turning,cnn_ae,global_mae,2p5inchStickout_F_12-Jun-2017_rpm570_doc0p015_trial2_window_0000,2p5inchStickout/F_12-Jun-2017_rpm570_doc0p015_trial2,train,42,2,cv_evaluation,no_chatter,0,0.0038053647,16
turning,cnn_ae,global_mae,2p5inchStickout_F_12-Jun-2017_rpm570_doc0p015_trial2_window_0001,2p5inchStickout/F_12-Jun-2017_rpm570_doc0p015_trial2,train,42,2,cv_evaluation,no_chatter,0,0.01220833,16
turning,cnn_ae,global_mae,2p5inchStickout_F_12-Jun-2017_rpm570_doc0p015_trial2_window_0002,2p5inchStickout/F_12-Jun-2017_rpm570_doc0p015_trial2,test,42,2,cv_evaluation,chatter,1,0.03623498,16
turning,cnn_ae,global_mae,2p5inchStickout_F_12-Jun-2017_rpm570_doc0p015_trial2_window_0003,2p5inchStickout/F_12-Jun-2017_rpm570_doc0p015_trial2,test,42,2,cv_evaluation,chatter,1,0.06112716,16
turning,cnn_ae,global_mae,2p5inchStickout_F_12-Jun-2017_rpm570_doc0p015_trial2_window_0004,2p5inchStickout/F_12-Jun-2017_rpm570_doc0p015_trial2,test,42,2,cv_evaluation,chatter,1,0.0628685,16
turning,cnn_ae,global_mae,2p5inchStickout_F_12-Jun-2017_rpm570_doc0p015_trial2_window_0005,2p5inchStickout/F_12-Jun-2017_rpm570_doc0p015_trial2,test,42,2,cv_evaluation,chatter,1,0.053408034,16
turning,cnn_ae,global_mae,3p5inchStickout_F_12-Jun-2017_rpm570_doc0p015_window_0000,3p5inchStickout/F_12-Jun-2017_rpm570_doc0p015,train,42,2,cv_evaluation,no_chatter,0,0.001746558,16
turning,cnn_ae,global_mae,3p5inchStickout_F_12-Jun-2017_rpm570_doc0p015_window_0001,3p5inchStickout/F_12-Jun-2017_rpm570_doc0p015,train,42,2,cv_evaluation,no_chatter,0,0.013997767,16
turning,cnn_ae,global_mae,3p5inchStickout_F_12-Jun-2017_rpm570_doc0p015_window_0002,3p5inchStickout/F_12-Jun-2017_rpm570_doc0p015,train,42,2,cv_evaluation,no_chatter,0,0.022827521,16
turning,cnn_ae,global_mae,3p5inchStickout_F_12-Jun-2017_rpm570_doc0p015_window_0003,3p5inchStickout/F_12-Jun-2017_rpm570_doc0p015,train,42,2,cv_evaluation,no_chatter,0,0.027930187,16
turning,cnn_ae,global_mae,3p5inchStickout_F_12-Jun-2017_rpm570_doc0p015_window_0004,3p5inchStickout/F_12-Jun-2017_rpm570_doc0p015,train,42,2,cv_evaluation,no_chatter,0,0.024249582,16
turning,cnn_ae,global_mae,3p5inchStickout_F_12-Jun-2017_rpm570_doc0p015_window_0005,3p5inchStickout/F_12-Jun-2017_rpm570_doc0p015,train,42,2,cv_evaluation,no_chatter,0,0.02705173,16
turning,cnn_ae,global_mae,3p5inchStickout_F_12-Jun-2017_rpm570_doc0p015_window_0006,3p5inchStickout/F_12-Jun-2017_rpm570_doc0p015,train,42,2,cv_evaluation,no_chatter,0,0.052128848,16
turning,cnn_ae,global_mae,3p5inchStickout_F_12-Jun-2017_rpm570_doc0p015_window_0007,3p5inchStickout/F_12-Jun-2017_rpm570_doc0p015,train,42,2,cv_evaluation,no_chatter,0,0.036514718,16
turning,cnn_ae,global_mae,3p5inchStickout_F_12-Jun-2017_rpm570_doc0p015_window_0008,3p5inchStickout/F_12-Jun-2017_rpm570_doc0p015,train,42,2,cv_evaluation,no_chatter,0,0.031267893,16
turning,cnn_ae,global_mae,3p5inchStickout_F_12-Jun-2017_rpm570_doc0p015_window_0009,3p5inchStickout/F_12-Jun-2017_rpm570_doc0p015,train,42,2,cv_evaluation,no_chatter,0,0.030820858,16
turning,cnn_ae,global_mae,3p5inchStickout_F_12-Jun-2017_rpm570_doc0p030_window_0000,3p5inchStickout/F_12-Jun-2017_rpm570_doc0p030,train,42,2,cv_evaluation,no_chatter,0,0.0021592216,16
turning,cnn_ae,global_mae,3p5inchStickout_F_12-Jun-2017_rpm570_doc0p030_window_0001,3p5inchStickout/F_12-Jun-2017_rpm570_doc0p030,test,42,2,cv_evaluation,no_chatter,0,0.0018614794,16
turning,cnn_ae,global_mae,3p5inchStickout_F_12-Jun-2017_rpm570_doc0p030_window_0002,3p5inchStickout/F_12-Jun-2017_rpm570_doc0p030,train,42,2,cv_evaluation,no_chatter,0,0.01879756,16
turning,cnn_ae,global_mae,3p5inchStickout_F_12-Jun-2017_rpm570_doc0p030_window_0003,3p5inchStickout/F_12-Jun-2017_rpm570_doc0p030,train,42,2,cv_evaluation,no_chatter,0,0.019013012,16
turning,cnn_ae,global_mae,3p5inchStickout_F_12-Jun-2017_rpm570_doc0p030_window_0004,3p5inchStickout/F_12-Jun-2017_rpm570_doc0p030,train,42,2,cv_evaluation,no_chatter,0,0.021410123,16
turning,cnn_ae,global_mae,3p5inchStickout_F_12-Jun-2017_rpm570_doc0p030_window_0005,3p5inchStickout/F_12-Jun-2017_rpm570_doc0p030,train,42,2,cv_evaluation,no_chatter,0,0.023399718,16
turning,cnn_ae,global_mae,3p5inchStickout_F_12-Jun-2017_rpm570_doc0p030_window_0006,3p5inchStickout/F_12-Jun-2017_rpm570_doc0p030,train,42,2,cv_evaluation,no_chatter,0,0.020817067,16
turning,cnn_ae,global_mae,3p5inchStickout_F_12-Jun-2017_rpm570_doc0p030_window_0007,3p5inchStickout/F_12-Jun-2017_rpm570_doc0p030,train,42,2,cv_evaluation,no_chatter,0,0.024353223,16
turning,cnn_ae,global_mae,3p5inchStickout_F_12-Jun-2017_rpm570_doc0p030_window_0008,3p5inchStickout/F_12-Jun-2017_rpm570_doc0p030,train,42,2,cv_evaluation,no_chatter,0,0.0379979,16
turning,cnn_ae,global_mae,3p5inchStickout_F_12-Jun-2017_rpm570_doc0p030_window_0009,3p5inchStickout/F_12-Jun-2017_rpm570_doc0p030,test,42,2,cv_evaluation,no_chatter,0,0.03389239,16
turning,cnn_ae,global_mae,3p5inchStickout_F_14-Jun-2017_rpm770_doc0p008_window_0000,3p5inchStickout/F_14-Jun-2017_rpm770_doc0p008,train,42,2,cv_evaluation,no_chatter,0,0.002933228,16
turning,cnn_ae,global_mae,3p5inchStickout_F_14-Jun-2017_rpm770_doc0p008_window_0001,3p5inchStickout/F_14-Jun-2017_rpm770_doc0p008,train,42,2,cv_evaluation,no_chatter,0,0.009284667,16
turning,cnn_ae,global_mae,3p5inchStickout_F_14-Jun-2017_rpm770_doc0p008_window_0002,3p5inchStickout/F_14-Jun-2017_rpm770_doc0p008,train,42,2,cv_evaluation,no_chatter,0,0.02279942,16
turning,cnn_ae,global_mae,3p5inchStickout_F_14-Jun-2017_rpm770_doc0p008_window_0003,3p5inchStickout/F_14-Jun-2017_rpm770_doc0p008,test,42,2,cv_evaluation,no_chatter,0,0.020351147,16
turning,cnn_ae,global_mae,3p5inchStickout_F_14-Jun-2017_rpm770_doc0p015_window_0000,3p5inchStickout/F_14-Jun-2017_rpm770_doc0p015,validation,42,2,cv_evaluation,no_chatter,0,0.0030118544,16
turning,cnn_ae,global_mae,3p5inchStickout_F_14-Jun-2017_rpm770_doc0p015_window_0001,3p5inchStickout/F_14-Jun-2017_rpm770_doc0p015,train,42,2,cv_evaluation,no_chatter,0,0.011345368,16
turning,cnn_ae,global_mae,3p5inchStickout_F_14-Jun-2017_rpm770_doc0p015_window_0002,3p5inchStickout/F_14-Jun-2017_rpm770_doc0p015,train,42,2,cv_evaluation,no_chatter,0,0.037251677,16
turning,cnn_ae,global_mae,3p5inchStickout_F_14-Jun-2017_rpm770_doc0p015_window_0003,3p5inchStickout/F_14-Jun-2017_rpm770_doc0p015,validation,42,2,cv_evaluation,no_chatter,0,0.040416505,16
turning,cnn_ae,global_mae,4p5inchStickout_F_12-Jun-2017_rpm570_doc0p005_window_0000,4p5inchStickout/F_12-Jun-2017_rpm570_doc0p005,validation,42,2,cv_evaluation,no_chatter,0,0.0018902587,16
turning,cnn_ae,global_mae,4p5inchStickout_F_12-Jun-2017_rpm570_doc0p005_window_0001,4p5inchStickout/F_12-Jun-2017_rpm570_doc0p005,train,42,2,cv_evaluation,no_chatter,0,0.0019008275,16
turning,cnn_ae,global_mae,4p5inchStickout_F_12-Jun-2017_rpm570_doc0p005_window_0002,4p5inchStickout/F_12-Jun-2017_rpm570_doc0p005,validation,42,2,cv_evaluation,no_chatter,0,0.0018423996,16
turning,cnn_ae,global_mae,4p5inchStickout_F_12-Jun-2017_rpm570_doc0p005_window_0003,4p5inchStickout/F_12-Jun-2017_rpm570_doc0p005,train,42,2,cv_evaluation,no_chatter,0,0.0016730799,16
turning,cnn_ae,global_mae,4p5inchStickout_F_12-Jun-2017_rpm570_doc0p005_window_0004,4p5inchStickout/F_12-Jun-2017_rpm570_doc0p005,train,42,2,cv_evaluation,no_chatter,0,0.0016501615,16
turning,cnn_ae,global_mae,4p5inchStickout_F_12-Jun-2017_rpm570_doc0p005_window_0005,4p5inchStickout/F_12-Jun-2017_rpm570_doc0p005,validation,42,2,cv_evaluation,no_chatter,0,0.013822868,16
turning,cnn_ae,global_mae,4p5inchStickout_F_12-Jun-2017_rpm570_doc0p005_window_0006,4p5inchStickout/F_12-Jun-2017_rpm570_doc0p005,train,42,2,cv_evaluation,no_chatter,0,0.018441463,16
turning,cnn_ae,global_mae,4p5inchStickout_F_12-Jun-2017_rpm570_doc0p005_window_0007,4p5inchStickout/F_12-Jun-2017_rpm570_doc0p005,train,42,2,cv_evaluation,no_chatter,0,0.018090753,16
turning,cnn_ae,global_mae,4p5inchStickout_F_12-Jun-2017_rpm570_doc0p005_window_0008,4p5inchStickout/F_12-Jun-2017_rpm570_doc0p005,train,42,2,cv_evaluation,no_chatter,0,0.018536562,16
turning,cnn_ae,global_mae,4p5inchStickout_F_12-Jun-2017_rpm570_doc0p005_window_0009,4p5inchStickout/F_12-Jun-2017_rpm570_doc0p005,train,42,2,cv_evaluation,no_chatter,0,0.020793598,16
turning,cnn_ae,global_mae,4p5inchStickout_F_12-Jun-2017_rpm570_doc0p005_window_0010,4p5inchStickout/F_12-Jun-2017_rpm570_doc0p005,train,42,2,cv_evaluation,no_chatter,0,0.021926777,16
turning,cnn_ae,global_mae,4p5inchStickout_F_12-Jun-2017_rpm570_doc0p005_window_0011,4p5inchStickout/F_12-Jun-2017_rpm570_doc0p005,train,42,2,cv_evaluation,no_chatter,0,0.019237183,16
turning,cnn_ae,global_mae,4p5inchStickout_F_13-Jun-2017_rpm1030_doc0p007_window_0000,4p5inchStickout/F_13-Jun-2017_rpm1030_doc0p007,train,42,2,cv_evaluation,no_chatter,0,0.002723965,16
turning,cnn_ae,global_mae,4p5inchStickout_F_13-Jun-2017_rpm1030_doc0p007_window_0001,4p5inchStickout/F_13-Jun-2017_rpm1030_doc0p007,train,42,2,cv_evaluation,no_chatter,0,0.019800376,16
turning,cnn_ae,global_mae,4p5inchStickout_F_13-Jun-2017_rpm1030_doc0p007_window_0002,4p5inchStickout/F_13-Jun-2017_rpm1030_doc0p007,train,42,2,cv_evaluation,no_chatter,0,0.021198323,16
turning,cnn_ae,global_mae,4p5inchStickout_F_13-Jun-2017_rpm1030_doc0p007_window_0003,4p5inchStickout/F_13-Jun-2017_rpm1030_doc0p007,train,42,2,cv_evaluation,no_chatter,0,0.02623166,16
turning,cnn_ae,global_mae,4p5inchStickout_F_13-Jun-2017_rpm770_doc0p010_window_0000,4p5inchStickout/F_13-Jun-2017_rpm770_doc0p010,train,42,2,cv_evaluation,no_chatter,0,0.0019603367,16
turning,cnn_ae,global_mae,4p5inchStickout_F_13-Jun-2017_rpm770_doc0p010_window_0001,4p5inchStickout/F_13-Jun-2017_rpm770_doc0p010,train,42,2,cv_evaluation,no_chatter,0,0.0022411547,16
turning,cnn_ae,global_mae,4p5inchStickout_F_13-Jun-2017_rpm770_doc0p010_window_0002,4p5inchStickout/F_13-Jun-2017_rpm770_doc0p010,train,42,2,cv_evaluation,no_chatter,0,0.019565323,16
turning,cnn_ae,global_mae,4p5inchStickout_F_13-Jun-2017_rpm770_doc0p010_window_0003,4p5inchStickout/F_13-Jun-2017_rpm770_doc0p010,test,42,2,cv_evaluation,no_chatter,0,0.022037063,16
turning,cnn_ae,global_mae,4p5inchStickout_F_13-Jun-2017_rpm770_doc0p010_window_0004,4p5inchStickout/F_13-Jun-2017_rpm770_doc0p010,train,42,2,cv_evaluation,no_chatter,0,0.022563756,16
turning,cnn_ae,global_mae,4p5inchStickout_F_13-Jun-2017_rpm770_doc0p010_window_0005,4p5inchStickout/F_13-Jun-2017_rpm770_doc0p010,train,42,2,cv_evaluation,no_chatter,0,0.02170614,16
turning,cnn_ae,ver_max,2inchStickout_F_08-Jun-2017_rpm320_doc0p015_window_0000,2inchStickout/F_08-Jun-2017_rpm320_doc0p015,train,42,2,cv_evaluation,no_chatter,0,8.704765e-05,16
turning,cnn_ae,ver_max,2inchStickout_F_08-Jun-2017_rpm320_doc0p015_window_0001,2inchStickout/F_08-Jun-2017_rpm320_doc0p015,validation,42,2,cv_evaluation,no_chatter,0,0.000111941394,16
turning,cnn_ae,ver_max,2inchStickout_F_08-Jun-2017_rpm320_doc0p015_window_0002,2inchStickout/F_08-Jun-2017_rpm320_doc0p015,train,42,2,cv_evaluation,no_chatter,0,9.116078e-05,16
turning,cnn_ae,ver_max,2inchStickout_F_08-Jun-2017_rpm320_doc0p015_window_0003,2inchStickout/F_08-Jun-2017_rpm320_doc0p015,validation,42,2,cv_evaluation,no_chatter,0,0.00070675154,16
turning,cnn_ae,ver_max,2inchStickout_F_08-Jun-2017_rpm320_doc0p015_window_0004,2inchStickout/F_08-Jun-2017_rpm320_doc0p015,train,42,2,cv_evaluation,no_chatter,0,0.0007919696,16
turning,cnn_ae,ver_max,2inchStickout_F_08-Jun-2017_rpm320_doc0p015_window_0005,2inchStickout/F_08-Jun-2017_rpm320_doc0p015,train,42,2,cv_evaluation,no_chatter,0,0.0010062864,16
turning,cnn_ae,ver_max,2inchStickout_F_08-Jun-2017_rpm320_doc0p015_window_0006,2inchStickout/F_08-Jun-2017_rpm320_doc0p015,train,42,2,cv_evaluation,no_chatter,0,0.0011735045,16
turning,cnn_ae,ver_max,2inchStickout_F_08-Jun-2017_rpm320_doc0p015_window_0007,2inchStickout/F_08-Jun-2017_rpm320_doc0p015,train,42,2,cv_evaluation,no_chatter,0,0.00062426925,16
turning,cnn_ae,ver_max,2inchStickout_F_08-Jun-2017_rpm320_doc0p015_window_0008,2inchStickout/F_08-Jun-2017_rpm320_doc0p015,train,42,2,cv_evaluation,no_chatter,0,0.00063813,16
turning,cnn_ae,ver_max,2inchStickout_F_08-Jun-2017_rpm320_doc0p015_window_0009,2inchStickout/F_08-Jun-2017_rpm320_doc0p015,train,42,2,cv_evaluation,no_chatter,0,0.00075140403,16
turning,cnn_ae,ver_max,2inchStickout_F_08-Jun-2017_rpm320_doc0p015_window_0010,2inchStickout/F_08-Jun-2017_rpm320_doc0p015,train,42,2,cv_evaluation,no_chatter,0,0.0005719663,16
turning,cnn_ae,ver_max,2inchStickout_F_08-Jun-2017_rpm320_doc0p015_window_0011,2inchStickout/F_08-Jun-2017_rpm320_doc0p015,train,42,2,cv_evaluation,no_chatter,0,0.000498133,16
turning,cnn_ae,ver_max,2inchStickout_F_08-Jun-2017_rpm320_doc0p015_window_0012,2inchStickout/F_08-Jun-2017_rpm320_doc0p015,train,42,2,cv_evaluation,no_chatter,0,0.00057432585,16
turning,cnn_ae,ver_max,2inchStickout_F_08-Jun-2017_rpm320_doc0p015_window_0013,2inchStickout/F_08-Jun-2017_rpm320_doc0p015,validation,42,2,cv_evaluation,no_chatter,0,0.0006543843,16
turning,cnn_ae,ver_max,2inchStickout_F_08-Jun-2017_rpm320_doc0p015_window_0014,2inchStickout/F_08-Jun-2017_rpm320_doc0p015,validation,42,2,cv_evaluation,no_chatter,0,0.0009584734,16
turning,cnn_ae,ver_max,2inchStickout_F_08-Jun-2017_rpm320_doc0p015_window_0015,2inchStickout/F_08-Jun-2017_rpm320_doc0p015,train,42,2,cv_evaluation,no_chatter,0,0.00061433174,16
turning,cnn_ae,ver_max,2inchStickout_F_08-Jun-2017_rpm320_doc0p015_window_0016,2inchStickout/F_08-Jun-2017_rpm320_doc0p015,train,42,2,cv_evaluation,no_chatter,0,0.0010292421,16
turning,cnn_ae,ver_max,2inchStickout_F_08-Jun-2017_rpm320_doc0p015_window_0017,2inchStickout/F_08-Jun-2017_rpm320_doc0p015,train,42,2,cv_evaluation,no_chatter,0,0.00055684685,16
turning,cnn_ae,ver_max,2inchStickout_F_08-Jun-2017_rpm320_doc0p015_window_0018,2inchStickout/F_08-Jun-2017_rpm320_doc0p015,train,42,2,cv_evaluation,no_chatter,0,0.00062405545,16
turning,cnn_ae,ver_max,2inchStickout_F_08-Jun-2017_rpm320_doc0p015_window_0019,2inchStickout/F_08-Jun-2017_rpm320_doc0p015,train,42,2,cv_evaluation,no_chatter,0,0.001427771,16
turning,cnn_ae,ver_max,2inchStickout_F_08-Jun-2017_rpm320_doc0p015_window_0020,2inchStickout/F_08-Jun-2017_rpm320_doc0p015,train,42,2,cv_evaluation,no_chatter,0,0.00075638905,16
turning,cnn_ae,ver_max,2inchStickout_F_08-Jun-2017_rpm320_doc0p015_window_0021,2inchStickout/F_08-Jun-2017_rpm320_doc0p015,train,42,2,cv_evaluation,no_chatter,0,0.00070477783,16
turning,cnn_ae,ver_max,2inchStickout_F_08-Jun-2017_rpm320_doc0p015_window_0022,2inchStickout/F_08-Jun-2017_rpm320_doc0p015,train,42,2,cv_evaluation,no_chatter,0,0.0006023223,16
turning,cnn_ae,ver_max,2inchStickout_F_08-Jun-2017_rpm320_doc0p015_window_0023,2inchStickout/F_08-Jun-2017_rpm320_doc0p015,train,42,2,cv_evaluation,no_chatter,0,0.0012181929,16
turning,cnn_ae,ver_max,2inchStickout_F_08-Jun-2017_rpm320_doc0p050_window_0000,2inchStickout/F_08-Jun-2017_rpm320_doc0p050,train,42,2,cv_evaluation,no_chatter,0,0.00012405247,16
turning,cnn_ae,ver_max,2inchStickout_F_08-Jun-2017_rpm320_doc0p050_window_0001,2inchStickout/F_08-Jun-2017_rpm320_doc0p050,train,42,2,cv_evaluation,no_chatter,0,6.18544e-05,16
turning,cnn_ae,ver_max,2inchStickout_F_08-Jun-2017_rpm320_doc0p050_window_0002,2inchStickout/F_08-Jun-2017_rpm320_doc0p050,train,42,2,cv_evaluation,no_chatter,0,6.85425e-05,16
turning,cnn_ae,ver_max,2inchStickout_F_08-Jun-2017_rpm320_doc0p050_window_0003,2inchStickout/F_08-Jun-2017_rpm320_doc0p050,test,42,2,cv_evaluation,no_chatter,0,0.0033538355,16
turning,cnn_ae,ver_max,2inchStickout_F_08-Jun-2017_rpm320_doc0p050_window_0004,2inchStickout/F_08-Jun-2017_rpm320_doc0p050,train,42,2,cv_evaluation,no_chatter,0,0.00070129725,16
turning,cnn_ae,ver_max,2inchStickout_F_08-Jun-2017_rpm320_doc0p050_window_0005,2inchStickout/F_08-Jun-2017_rpm320_doc0p050,train,42,2,cv_evaluation,no_chatter,0,0.00079836615,16
turning,cnn_ae,ver_max,2inchStickout_F_08-Jun-2017_rpm320_doc0p050_window_0006,2inchStickout/F_08-Jun-2017_rpm320_doc0p050,train,42,2,cv_evaluation,no_chatter,0,0.0007277684,16
turning,cnn_ae,ver_max,2inchStickout_F_08-Jun-2017_rpm320_doc0p050_window_0007,2inchStickout/F_08-Jun-2017_rpm320_doc0p050,train,42,2,cv_evaluation,no_chatter,0,0.0017386494,16
turning,cnn_ae,ver_max,2inchStickout_F_08-Jun-2017_rpm320_doc0p050_window_0008,2inchStickout/F_08-Jun-2017_rpm320_doc0p050,test,42,2,cv_evaluation,no_chatter,0,0.000715813,16
turning,cnn_ae,ver_max,2inchStickout_F_08-Jun-2017_rpm320_doc0p050_window_0009,2inchStickout/F_08-Jun-2017_rpm320_doc0p050,test,42,2,cv_evaluation,no_chatter,0,0.0008642565,16
turning,cnn_ae,ver_max,2inchStickout_F_08-Jun-2017_rpm320_doc0p050_window_0010,2inchStickout/F_08-Jun-2017_rpm320_doc0p050,train,42,2,cv_evaluation,no_chatter,0,0.00094484934,16
turning,cnn_ae,ver_max,2inchStickout_F_08-Jun-2017_rpm320_doc0p050_window_0011,2inchStickout/F_08-Jun-2017_rpm320_doc0p050,train,42,2,cv_evaluation,no_chatter,0,0.00081981026,16
turning,cnn_ae,ver_max,2inchStickout_F_08-Jun-2017_rpm320_doc0p050_window_0012,2inchStickout/F_08-Jun-2017_rpm320_doc0p050,test,42,2,cv_evaluation,no_chatter,0,0.0007769514,16
turning,cnn_ae,ver_max,2inchStickout_F_08-Jun-2017_rpm320_doc0p050_window_0013,2inchStickout/F_08-Jun-2017_rpm320_doc0p050,test,42,2,cv_evaluation,no_chatter,0,0.0011956022,16
turning,cnn_ae,ver_max,2inchStickout_F_08-Jun-2017_rpm320_doc0p050_window_0014,2inchStickout/F_08-Jun-2017_rpm320_doc0p050,test,42,2,cv_evaluation,no_chatter,0,0.0010366833,16
turning,cnn_ae,ver_max,2inchStickout_F_08-Jun-2017_rpm320_doc0p050_window_0015,2inchStickout/F_08-Jun-2017_rpm320_doc0p050,train,42,2,cv_evaluation,no_chatter,0,0.0012207727,16
turning,cnn_ae,ver_max,2inchStickout_F_08-Jun-2017_rpm320_doc0p050_window_0016,2inchStickout/F_08-Jun-2017_rpm320_doc0p050,train,42,2,cv_evaluation,no_chatter,0,0.0015736765,16
turning,cnn_ae,ver_max,2inchStickout_F_08-Jun-2017_rpm320_doc0p050_window_0017,2inchStickout/F_08-Jun-2017_rpm320_doc0p050,test,42,2,cv_evaluation,no_chatter,0,0.00081559573,16
turning,cnn_ae,ver_max,2inchStickout_F_08-Jun-2017_rpm320_doc0p050_window_0018,2inchStickout/F_08-Jun-2017_rpm320_doc0p050,train,42,2,cv_evaluation,no_chatter,0,0.00096695975,16
turning,cnn_ae,ver_max,2inchStickout_F_08-Jun-2017_rpm320_doc0p050_window_0019,2inchStickout/F_08-Jun-2017_rpm320_doc0p050,train,42,2,cv_evaluation,no_chatter,0,0.0016521296,16
turning,cnn_ae,ver_max,2inchStickout_F_08-Jun-2017_rpm320_doc0p050_window_0020,2inchStickout/F_08-Jun-2017_rpm320_doc0p050,train,42,2,cv_evaluation,no_chatter,0,0.0006892202,16
turning,cnn_ae,ver_max,2inchStickout_F_08-Jun-2017_rpm320_doc0p050_window_0021,2inchStickout/F_08-Jun-2017_rpm320_doc0p050,train,42,2,cv_evaluation,no_chatter,0,0.000851108,16
turning,cnn_ae,ver_max,2inchStickout_F_08-Jun-2017_rpm320_doc0p050_window_0022,2inchStickout/F_08-Jun-2017_rpm320_doc0p050,test,42,2,cv_evaluation,no_chatter,0,0.00076639216,16
turning,cnn_ae,ver_max,2inchStickout_F_08-Jun-2017_rpm320_doc0p050_window_0023,2inchStickout/F_08-Jun-2017_rpm320_doc0p050,test,42,2,cv_evaluation,no_chatter,0,0.0014743472,16
turning,cnn_ae,ver_max,2inchStickout_F_08-Jun-2017_rpm570_doc0p001_window_0000,2inchStickout/F_08-Jun-2017_rpm570_doc0p001,train,42,2,cv_evaluation,no_chatter,0,9.979269e-05,16
turning,cnn_ae,ver_max,2inchStickout_F_08-Jun-2017_rpm570_doc0p001_window_0001,2inchStickout/F_08-Jun-2017_rpm570_doc0p001,validation,42,2,cv_evaluation,no_chatter,0,0.0021995802,16
turning,cnn_ae,ver_max,2inchStickout_F_08-Jun-2017_rpm570_doc0p001_window_0002,2inchStickout/F_08-Jun-2017_rpm570_doc0p001,validation,42,2,cv_evaluation,chatter,1,0.004348789,16
turning,cnn_ae,ver_max,2inchStickout_F_08-Jun-2017_rpm570_doc0p001_window_0003,2inchStickout/F_08-Jun-2017_rpm570_doc0p001,validation,42,2,cv_evaluation,chatter,1,0.0047116918,16
turning,cnn_ae,ver_max,2inchStickout_F_08-Jun-2017_rpm570_doc0p001_window_0004,2inchStickout/F_08-Jun-2017_rpm570_doc0p001,validation,42,2,cv_evaluation,chatter,1,0.004879633,16
turning,cnn_ae,ver_max,2inchStickout_F_08-Jun-2017_rpm570_doc0p001_window_0005,2inchStickout/F_08-Jun-2017_rpm570_doc0p001,validation,42,2,cv_evaluation,chatter,1,0.0062834173,16
turning,cnn_ae,ver_max,2inchStickout_F_08-Jun-2017_rpm770_doc0p001_window_0000,2inchStickout/F_08-Jun-2017_rpm770_doc0p001,test,42,2,cv_evaluation,no_chatter,0,0.000211318,16
turning,cnn_ae,ver_max,2inchStickout_F_08-Jun-2017_rpm770_doc0p001_window_0001,2inchStickout/F_08-Jun-2017_rpm770_doc0p001,train,42,2,cv_evaluation,no_chatter,0,0.003476862,16
turning,cnn_ae,ver_max,2inchStickout_F_08-Jun-2017_rpm770_doc0p001_window_0002,2inchStickout/F_08-Jun-2017_rpm770_doc0p001,train,42,2,cv_evaluation,no_chatter,0,0.0029024372,16
turning,cnn_ae,ver_max,2inchStickout_F_08-Jun-2017_rpm770_doc0p001_window_0003,2inchStickout/F_08-Jun-2017_rpm770_doc0p001,train,42,2,cv_evaluation,no_chatter,0,0.002865471,16
turning,cnn_ae,ver_max,2inchStickout_F_08-Jun-2017_rpm770_doc0p001_window_0004,2inchStickout/F_08-Jun-2017_rpm770_doc0p001,train,42,2,cv_evaluation,no_chatter,0,0.0034060618,16
turning,cnn_ae,ver_max,2inchStickout_F_08-Jun-2017_rpm770_doc0p001_window_0005,2inchStickout/F_08-Jun-2017_rpm770_doc0p001,train,42,2,cv_evaluation,no_chatter,0,0.0055315145,16
turning,cnn_ae,ver_max,2inchStickout_F_08-Jun-2017_rpm770_doc0p001_window_0006,2inchStickout/F_08-Jun-2017_rpm770_doc0p001,test,42,2,cv_evaluation,chatter,1,0.006497004,16
turning,cnn_ae,ver_max,2inchStickout_F_08-Jun-2017_rpm770_doc0p001_window_0007,2inchStickout/F_08-Jun-2017_rpm770_doc0p001,test,42,2,cv_evaluation,chatter,1,0.0114330035,16
turning,cnn_ae,ver_max,2p5inchStickout_F_12-Jun-2017_rpm570_doc0p003_window_0000,2p5inchStickout/F_12-Jun-2017_rpm570_doc0p003,train,42,2,cv_evaluation,no_chatter,0,0.0003793352,16
turning,cnn_ae,ver_max,2p5inchStickout_F_12-Jun-2017_rpm570_doc0p003_window_0001,2p5inchStickout/F_12-Jun-2017_rpm570_doc0p003,test,42,2,cv_evaluation,no_chatter,0,0.001188394,16
turning,cnn_ae,ver_max,2p5inchStickout_F_12-Jun-2017_rpm570_doc0p003_window_0002,2p5inchStickout/F_12-Jun-2017_rpm570_doc0p003,train,42,2,cv_evaluation,no_chatter,0,0.0012605041,16
turning,cnn_ae,ver_max,2p5inchStickout_F_12-Jun-2017_rpm570_doc0p003_window_0003,2p5inchStickout/F_12-Jun-2017_rpm570_doc0p003,train,42,2,cv_evaluation,no_chatter,0,0.0050739395,16
turning,cnn_ae,ver_max,2p5inchStickout_F_12-Jun-2017_rpm570_doc0p003_window_0004,2p5inchStickout/F_12-Jun-2017_rpm570_doc0p003,train,42,2,cv_evaluation,no_chatter,0,0.0032823866,16
turning,cnn_ae,ver_max,2p5inchStickout_F_12-Jun-2017_rpm570_doc0p003_window_0005,2p5inchStickout/F_12-Jun-2017_rpm570_doc0p003,train,42,2,cv_evaluation,no_chatter,0,0.0013078675,16
turning,cnn_ae,ver_max,2p5inchStickout_F_12-Jun-2017_rpm570_doc0p003_window_0006,2p5inchStickout/F_12-Jun-2017_rpm570_doc0p003,train,42,2,cv_evaluation,no_chatter,0,0.0015667465,16
turning,cnn_ae,ver_max,2p5inchStickout_F_12-Jun-2017_rpm570_doc0p003_window_0007,2p5inchStickout/F_12-Jun-2017_rpm570_doc0p003,train,42,2,cv_evaluation,no_chatter,0,0.004255833,16
turning,cnn_ae,ver_max,2p5inchStickout_F_12-Jun-2017_rpm570_doc0p003_window_0008,2p5inchStickout/F_12-Jun-2017_rpm570_doc0p003,train,42,2,cv_evaluation,no_chatter,0,0.0019526931,16
turning,cnn_ae,ver_max,2p5inchStickout_F_12-Jun-2017_rpm570_doc0p003_window_0009,2p5inchStickout/F_12-Jun-2017_rpm570_doc0p003,train,42,2,cv_evaluation,no_chatter,0,0.0017417159,16
turning,cnn_ae,ver_max,2p5inchStickout_F_12-Jun-2017_rpm570_doc0p015_trial2_window_0000,2p5inchStickout/F_12-Jun-2017_rpm570_doc0p015_trial2,train,42,2,cv_evaluation,no_chatter,0,0.00033269438,16
turning,cnn_ae,ver_max,2p5inchStickout_F_12-Jun-2017_rpm570_doc0p015_trial2_window_0001,2p5inchStickout/F_12-Jun-2017_rpm570_doc0p015_trial2,train,42,2,cv_evaluation,no_chatter,0,0.0013364527,16
turning,cnn_ae,ver_max,2p5inchStickout_F_12-Jun-2017_rpm570_doc0p015_trial2_window_0002,2p5inchStickout/F_12-Jun-2017_rpm570_doc0p015_trial2,test,42,2,cv_evaluation,chatter,1,0.0087700635,16
turning,cnn_ae,ver_max,2p5inchStickout_F_12-Jun-2017_rpm570_doc0p015_trial2_window_0003,2p5inchStickout/F_12-Jun-2017_rpm570_doc0p015_trial2,test,42,2,cv_evaluation,chatter,1,0.011773317,16
turning,cnn_ae,ver_max,2p5inchStickout_F_12-Jun-2017_rpm570_doc0p015_trial2_window_0004,2p5inchStickout/F_12-Jun-2017_rpm570_doc0p015_trial2,test,42,2,cv_evaluation,chatter,1,0.01445175,16
turning,cnn_ae,ver_max,2p5inchStickout_F_12-Jun-2017_rpm570_doc0p015_trial2_window_0005,2p5inchStickout/F_12-Jun-2017_rpm570_doc0p015_trial2,test,42,2,cv_evaluation,chatter,1,0.011584142,16
turning,cnn_ae,ver_max,3p5inchStickout_F_12-Jun-2017_rpm570_doc0p015_window_0000,3p5inchStickout/F_12-Jun-2017_rpm570_doc0p015,train,42,2,cv_evaluation,no_chatter,0,4.5925153e-05,16
turning,cnn_ae,ver_max,3p5inchStickout_F_12-Jun-2017_rpm570_doc0p015_window_0001,3p5inchStickout/F_12-Jun-2017_rpm570_doc0p015,train,42,2,cv_evaluation,no_chatter,0,0.0022208018,16
turning,cnn_ae,ver_max,3p5inchStickout_F_12-Jun-2017_rpm570_doc0p015_window_0002,3p5inchStickout/F_12-Jun-2017_rpm570_doc0p015,train,42,2,cv_evaluation,no_chatter,0,0.0029880446,16
turning,cnn_ae,ver_max,3p5inchStickout_F_12-Jun-2017_rpm570_doc0p015_window_0003,3p5inchStickout/F_12-Jun-2017_rpm570_doc0p015,train,42,2,cv_evaluation,no_chatter,0,0.0033074468,16
turning,cnn_ae,ver_max,3p5inchStickout_F_12-Jun-2017_rpm570_doc0p015_window_0004,3p5inchStickout/F_12-Jun-2017_rpm570_doc0p015,train,42,2,cv_evaluation,no_chatter,0,0.0021357061,16
turning,cnn_ae,ver_max,3p5inchStickout_F_12-Jun-2017_rpm570_doc0p015_window_0005,3p5inchStickout/F_12-Jun-2017_rpm570_doc0p015,train,42,2,cv_evaluation,no_chatter,0,0.0035790757,16
turning,cnn_ae,ver_max,3p5inchStickout_F_12-Jun-2017_rpm570_doc0p015_window_0006,3p5inchStickout/F_12-Jun-2017_rpm570_doc0p015,train,42,2,cv_evaluation,no_chatter,0,0.010350606,16
turning,cnn_ae,ver_max,3p5inchStickout_F_12-Jun-2017_rpm570_doc0p015_window_0007,3p5inchStickout/F_12-Jun-2017_rpm570_doc0p015,train,42,2,cv_evaluation,no_chatter,0,0.008039922,16
turning,cnn_ae,ver_max,3p5inchStickout_F_12-Jun-2017_rpm570_doc0p015_window_0008,3p5inchStickout/F_12-Jun-2017_rpm570_doc0p015,train,42,2,cv_evaluation,no_chatter,0,0.006429496,16
turning,cnn_ae,ver_max,3p5inchStickout_F_12-Jun-2017_rpm570_doc0p015_window_0009,3p5inchStickout/F_12-Jun-2017_rpm570_doc0p015,train,42,2,cv_evaluation,no_chatter,0,0.0062595005,16
turning,cnn_ae,ver_max,3p5inchStickout_F_12-Jun-2017_rpm570_doc0p030_window_0000,3p5inchStickout/F_12-Jun-2017_rpm570_doc0p030,train,42,2,cv_evaluation,no_chatter,0,8.755415e-05,16
turning,cnn_ae,ver_max,3p5inchStickout_F_12-Jun-2017_rpm570_doc0p030_window_0001,3p5inchStickout/F_12-Jun-2017_rpm570_doc0p030,test,42,2,cv_evaluation,no_chatter,0,5.5136912e-05,16
turning,cnn_ae,ver_max,3p5inchStickout_F_12-Jun-2017_rpm570_doc0p030_window_0002,3p5inchStickout/F_12-Jun-2017_rpm570_doc0p030,train,42,2,cv_evaluation,no_chatter,0,0.0027866957,16
turning,cnn_ae,ver_max,3p5inchStickout_F_12-Jun-2017_rpm570_doc0p030_window_0003,3p5inchStickout/F_12-Jun-2017_rpm570_doc0p030,train,42,2,cv_evaluation,no_chatter,0,0.0011753252,16
turning,cnn_ae,ver_max,3p5inchStickout_F_12-Jun-2017_rpm570_doc0p030_window_0004,3p5inchStickout/F_12-Jun-2017_rpm570_doc0p030,train,42,2,cv_evaluation,no_chatter,0,0.0016217948,16
turning,cnn_ae,ver_max,3p5inchStickout_F_12-Jun-2017_rpm570_doc0p030_window_0005,3p5inchStickout/F_12-Jun-2017_rpm570_doc0p030,train,42,2,cv_evaluation,no_chatter,0,0.0017201568,16
turning,cnn_ae,ver_max,3p5inchStickout_F_12-Jun-2017_rpm570_doc0p030_window_0006,3p5inchStickout/F_12-Jun-2017_rpm570_doc0p030,train,42,2,cv_evaluation,no_chatter,0,0.0018529368,16
turning,cnn_ae,ver_max,3p5inchStickout_F_12-Jun-2017_rpm570_doc0p030_window_0007,3p5inchStickout/F_12-Jun-2017_rpm570_doc0p030,train,42,2,cv_evaluation,no_chatter,0,0.004581071,16
turning,cnn_ae,ver_max,3p5inchStickout_F_12-Jun-2017_rpm570_doc0p030_window_0008,3p5inchStickout/F_12-Jun-2017_rpm570_doc0p030,train,42,2,cv_evaluation,no_chatter,0,0.013555012,16
turning,cnn_ae,ver_max,3p5inchStickout_F_12-Jun-2017_rpm570_doc0p030_window_0009,3p5inchStickout/F_12-Jun-2017_rpm570_doc0p030,test,42,2,cv_evaluation,no_chatter,0,0.0073163416,16
turning,cnn_ae,ver_max,3p5inchStickout_F_14-Jun-2017_rpm770_doc0p008_window_0000,3p5inchStickout/F_14-Jun-2017_rpm770_doc0p008,train,42,2,cv_evaluation,no_chatter,0,0.00016291728,16
turning,cnn_ae,ver_max,3p5inchStickout_F_14-Jun-2017_rpm770_doc0p008_window_0001,3p5inchStickout/F_14-Jun-2017_rpm770_doc0p008,train,42,2,cv_evaluation,no_chatter,0,0.0010144865,16
turning,cnn_ae,ver_max,3p5inchStickout_F_14-Jun-2017_rpm770_doc0p008_window_0002,3p5inchStickout/F_14-Jun-2017_rpm770_doc0p008,train,42,2,cv_evaluation,no_chatter,0,0.0017018091,16
turning,cnn_ae,ver_max,3p5inchStickout_F_14-Jun-2017_rpm770_doc0p008_window_0003,3p5inchStickout/F_14-Jun-2017_rpm770_doc0p008,test,42,2,cv_evaluation,no_chatter,0,0.0014279104,16
turning,cnn_ae,ver_max,3p5inchStickout_F_14-Jun-2017_rpm770_doc0p015_window_0000,3p5inchStickout/F_14-Jun-2017_rpm770_doc0p015,validation,42,2,cv_evaluation,no_chatter,0,0.00017245692,16
turning,cnn_ae,ver_max,3p5inchStickout_F_14-Jun-2017_rpm770_doc0p015_window_0001,3p5inchStickout/F_14-Jun-2017_rpm770_doc0p015,train,42,2,cv_evaluation,no_chatter,0,0.0017960978,16
turning,cnn_ae,ver_max,3p5inchStickout_F_14-Jun-2017_rpm770_doc0p015_window_0002,3p5inchStickout/F_14-Jun-2017_rpm770_doc0p015,train,42,2,cv_evaluation,no_chatter,0,0.005668936,16
turning,cnn_ae,ver_max,3p5inchStickout_F_14-Jun-2017_rpm770_doc0p015_window_0003,3p5inchStickout/F_14-Jun-2017_rpm770_doc0p015,validation,42,2,cv_evaluation,no_chatter,0,0.010697962,16
turning,cnn_ae,ver_max,4p5inchStickout_F_12-Jun-2017_rpm570_doc0p005_window_0000,4p5inchStickout/F_12-Jun-2017_rpm570_doc0p005,validation,42,2,cv_evaluation,no_chatter,0,7.2796654e-05,16
turning,cnn_ae,ver_max,4p5inchStickout_F_12-Jun-2017_rpm570_doc0p005_window_0001,4p5inchStickout/F_12-Jun-2017_rpm570_doc0p005,train,42,2,cv_evaluation,no_chatter,0,6.8395704e-05,16
turning,cnn_ae,ver_max,4p5inchStickout_F_12-Jun-2017_rpm570_doc0p005_window_0002,4p5inchStickout/F_12-Jun-2017_rpm570_doc0p005,validation,42,2,cv_evaluation,no_chatter,0,7.285609e-05,16
turning,cnn_ae,ver_max,4p5inchStickout_F_12-Jun-2017_rpm570_doc0p005_window_0003,4p5inchStickout/F_12-Jun-2017_rpm570_doc0p005,train,42,2,cv_evaluation,no_chatter,0,6.612448e-05,16
turning,cnn_ae,ver_max,4p5inchStickout_F_12-Jun-2017_rpm570_doc0p005_window_0004,4p5inchStickout/F_12-Jun-2017_rpm570_doc0p005,train,42,2,cv_evaluation,no_chatter,0,6.469362e-05,16
turning,cnn_ae,ver_max,4p5inchStickout_F_12-Jun-2017_rpm570_doc0p005_window_0005,4p5inchStickout/F_12-Jun-2017_rpm570_doc0p005,validation,42,2,cv_evaluation,no_chatter,0,0.0017679423,16
turning,cnn_ae,ver_max,4p5inchStickout_F_12-Jun-2017_rpm570_doc0p005_window_0006,4p5inchStickout/F_12-Jun-2017_rpm570_doc0p005,train,42,2,cv_evaluation,no_chatter,0,0.0010737461,16
turning,cnn_ae,ver_max,4p5inchStickout_F_12-Jun-2017_rpm570_doc0p005_window_0007,4p5inchStickout/F_12-Jun-2017_rpm570_doc0p005,train,42,2,cv_evaluation,no_chatter,0,0.0011987898,16
turning,cnn_ae,ver_max,4p5inchStickout_F_12-Jun-2017_rpm570_doc0p005_window_0008,4p5inchStickout/F_12-Jun-2017_rpm570_doc0p005,train,42,2,cv_evaluation,no_chatter,0,0.001179697,16
turning,cnn_ae,ver_max,4p5inchStickout_F_12-Jun-2017_rpm570_doc0p005_window_0009,4p5inchStickout/F_12-Jun-2017_rpm570_doc0p005,train,42,2,cv_evaluation,no_chatter,0,0.0014677967,16
turning,cnn_ae,ver_max,4p5inchStickout_F_12-Jun-2017_rpm570_doc0p005_window_0010,4p5inchStickout/F_12-Jun-2017_rpm570_doc0p005,train,42,2,cv_evaluation,no_chatter,0,0.0015754699,16
turning,cnn_ae,ver_max,4p5inchStickout_F_12-Jun-2017_rpm570_doc0p005_window_0011,4p5inchStickout/F_12-Jun-2017_rpm570_doc0p005,train,42,2,cv_evaluation,no_chatter,0,0.001306569,16
turning,cnn_ae,ver_max,4p5inchStickout_F_13-Jun-2017_rpm1030_doc0p007_window_0000,4p5inchStickout/F_13-Jun-2017_rpm1030_doc0p007,train,42,2,cv_evaluation,no_chatter,0,0.00013006674,16
turning,cnn_ae,ver_max,4p5inchStickout_F_13-Jun-2017_rpm1030_doc0p007_window_0001,4p5inchStickout/F_13-Jun-2017_rpm1030_doc0p007,train,42,2,cv_evaluation,no_chatter,0,0.0014439384,16
turning,cnn_ae,ver_max,4p5inchStickout_F_13-Jun-2017_rpm1030_doc0p007_window_0002,4p5inchStickout/F_13-Jun-2017_rpm1030_doc0p007,train,42,2,cv_evaluation,no_chatter,0,0.0015294292,16
turning,cnn_ae,ver_max,4p5inchStickout_F_13-Jun-2017_rpm1030_doc0p007_window_0003,4p5inchStickout/F_13-Jun-2017_rpm1030_doc0p007,train,42,2,cv_evaluation,no_chatter,0,0.0043119923,16
turning,cnn_ae,ver_max,4p5inchStickout_F_13-Jun-2017_rpm770_doc0p010_window_0000,4p5inchStickout/F_13-Jun-2017_rpm770_doc0p010,train,42,2,cv_evaluation,no_chatter,0,8.0623206e-05,16
turning,cnn_ae,ver_max,4p5inchStickout_F_13-Jun-2017_rpm770_doc0p010_window_0001,4p5inchStickout/F_13-Jun-2017_rpm770_doc0p010,train,42,2,cv_evaluation,no_chatter,0,0.00025101766,16
turning,cnn_ae,ver_max,4p5inchStickout_F_13-Jun-2017_rpm770_doc0p010_window_0002,4p5inchStickout/F_13-Jun-2017_rpm770_doc0p010,train,42,2,cv_evaluation,no_chatter,0,0.0012948728,16
turning,cnn_ae,ver_max,4p5inchStickout_F_13-Jun-2017_rpm770_doc0p010_window_0003,4p5inchStickout/F_13-Jun-2017_rpm770_doc0p010,test,42,2,cv_evaluation,no_chatter,0,0.002145554,16
turning,cnn_ae,ver_max,4p5inchStickout_F_13-Jun-2017_rpm770_doc0p010_window_0004,4p5inchStickout/F_13-Jun-2017_rpm770_doc0p010,train,42,2,cv_evaluation,no_chatter,0,0.0022308363,16
turning,cnn_ae,ver_max,4p5inchStickout_F_13-Jun-2017_rpm770_doc0p010_window_0005,4p5inchStickout/F_13-Jun-2017_rpm770_doc0p010,train,42,2,cv_evaluation,no_chatter,0,0.0013453081,16
turning,cnn_ae,ver_topk,2inchStickout_F_08-Jun-2017_rpm320_doc0p015_window_0000,2inchStickout/F_08-Jun-2017_rpm320_doc0p015,train,42,2,cv_evaluation,no_chatter,0,7.7667406e-05,16
turning,cnn_ae,ver_topk,2inchStickout_F_08-Jun-2017_rpm320_doc0p015_window_0001,2inchStickout/F_08-Jun-2017_rpm320_doc0p015,validation,42,2,cv_evaluation,no_chatter,0,8.4407126e-05,16
turning,cnn_ae,ver_topk,2inchStickout_F_08-Jun-2017_rpm320_doc0p015_window_0002,2inchStickout/F_08-Jun-2017_rpm320_doc0p015,train,42,2,cv_evaluation,no_chatter,0,8.892509e-05,16
turning,cnn_ae,ver_topk,2inchStickout_F_08-Jun-2017_rpm320_doc0p015_window_0003,2inchStickout/F_08-Jun-2017_rpm320_doc0p015,validation,42,2,cv_evaluation,no_chatter,0,0.0006375294,16
turning,cnn_ae,ver_topk,2inchStickout_F_08-Jun-2017_rpm320_doc0p015_window_0004,2inchStickout/F_08-Jun-2017_rpm320_doc0p015,train,42,2,cv_evaluation,no_chatter,0,0.00074866554,16
turning,cnn_ae,ver_topk,2inchStickout_F_08-Jun-2017_rpm320_doc0p015_window_0005,2inchStickout/F_08-Jun-2017_rpm320_doc0p015,train,42,2,cv_evaluation,no_chatter,0,0.0008754124,16
turning,cnn_ae,ver_topk,2inchStickout_F_08-Jun-2017_rpm320_doc0p015_window_0006,2inchStickout/F_08-Jun-2017_rpm320_doc0p015,train,42,2,cv_evaluation,no_chatter,0,0.001065163,16
turning,cnn_ae,ver_topk,2inchStickout_F_08-Jun-2017_rpm320_doc0p015_window_0007,2inchStickout/F_08-Jun-2017_rpm320_doc0p015,train,42,2,cv_evaluation,no_chatter,0,0.0005296875,16
turning,cnn_ae,ver_topk,2inchStickout_F_08-Jun-2017_rpm320_doc0p015_window_0008,2inchStickout/F_08-Jun-2017_rpm320_doc0p015,train,42,2,cv_evaluation,no_chatter,0,0.0006088853,16
turning,cnn_ae,ver_topk,2inchStickout_F_08-Jun-2017_rpm320_doc0p015_window_0009,2inchStickout/F_08-Jun-2017_rpm320_doc0p015,train,42,2,cv_evaluation,no_chatter,0,0.0007267005,16
turning,cnn_ae,ver_topk,2inchStickout_F_08-Jun-2017_rpm320_doc0p015_window_0010,2inchStickout/F_08-Jun-2017_rpm320_doc0p015,train,42,2,cv_evaluation,no_chatter,0,0.00054347765,16
turning,cnn_ae,ver_topk,2inchStickout_F_08-Jun-2017_rpm320_doc0p015_window_0011,2inchStickout/F_08-Jun-2017_rpm320_doc0p015,train,42,2,cv_evaluation,no_chatter,0,0.00048070692,16
turning,cnn_ae,ver_topk,2inchStickout_F_08-Jun-2017_rpm320_doc0p015_window_0012,2inchStickout/F_08-Jun-2017_rpm320_doc0p015,train,42,2,cv_evaluation,no_chatter,0,0.00053099525,16
turning,cnn_ae,ver_topk,2inchStickout_F_08-Jun-2017_rpm320_doc0p015_window_0013,2inchStickout/F_08-Jun-2017_rpm320_doc0p015,validation,42,2,cv_evaluation,no_chatter,0,0.0006261814,16
turning,cnn_ae,ver_topk,2inchStickout_F_08-Jun-2017_rpm320_doc0p015_window_0014,2inchStickout/F_08-Jun-2017_rpm320_doc0p015,validation,42,2,cv_evaluation,no_chatter,0,0.00085214275,16
turning,cnn_ae,ver_topk,2inchStickout_F_08-Jun-2017_rpm320_doc0p015_window_0015,2inchStickout/F_08-Jun-2017_rpm320_doc0p015,train,42,2,cv_evaluation,no_chatter,0,0.000549506,16
turning,cnn_ae,ver_topk,2inchStickout_F_08-Jun-2017_rpm320_doc0p015_window_0016,2inchStickout/F_08-Jun-2017_rpm320_doc0p015,train,42,2,cv_evaluation,no_chatter,0,0.0008548256,16
turning,cnn_ae,ver_topk,2inchStickout_F_08-Jun-2017_rpm320_doc0p015_window_0017,2inchStickout/F_08-Jun-2017_rpm320_doc0p015,train,42,2,cv_evaluation,no_chatter,0,0.00050974643,16
turning,cnn_ae,ver_topk,2inchStickout_F_08-Jun-2017_rpm320_doc0p015_window_0018,2inchStickout/F_08-Jun-2017_rpm320_doc0p015,train,42,2,cv_evaluation,no_chatter,0,0.00053295743,16
turning,cnn_ae,ver_topk,2inchStickout_F_08-Jun-2017_rpm320_doc0p015_window_0019,2inchStickout/F_08-Jun-2017_rpm320_doc0p015,train,42,2,cv_evaluation,no_chatter,0,0.0010389495,16
turning,cnn_ae,ver_topk,2inchStickout_F_08-Jun-2017_rpm320_doc0p015_window_0020,2inchStickout/F_08-Jun-2017_rpm320_doc0p015,train,42,2,cv_evaluation,no_chatter,0,0.0006650027,16
turning,cnn_ae,ver_topk,2inchStickout_F_08-Jun-2017_rpm320_doc0p015_window_0021,2inchStickout/F_08-Jun-2017_rpm320_doc0p015,train,42,2,cv_evaluation,no_chatter,0,0.0006466638,16
turning,cnn_ae,ver_topk,2inchStickout_F_08-Jun-2017_rpm320_doc0p015_window_0022,2inchStickout/F_08-Jun-2017_rpm320_doc0p015,train,42,2,cv_evaluation,no_chatter,0,0.0005097701,16
turning,cnn_ae,ver_topk,2inchStickout_F_08-Jun-2017_rpm320_doc0p015_window_0023,2inchStickout/F_08-Jun-2017_rpm320_doc0p015,train,42,2,cv_evaluation,no_chatter,0,0.0009220219,16
turning,cnn_ae,ver_topk,2inchStickout_F_08-Jun-2017_rpm320_doc0p050_window_0000,2inchStickout/F_08-Jun-2017_rpm320_doc0p050,train,42,2,cv_evaluation,no_chatter,0,9.2279144e-05,16
turning,cnn_ae,ver_topk,2inchStickout_F_08-Jun-2017_rpm320_doc0p050_window_0001,2inchStickout/F_08-Jun-2017_rpm320_doc0p050,train,42,2,cv_evaluation,no_chatter,0,5.6776345e-05,16
turning,cnn_ae,ver_topk,2inchStickout_F_08-Jun-2017_rpm320_doc0p050_window_0002,2inchStickout/F_08-Jun-2017_rpm320_doc0p050,train,42,2,cv_evaluation,no_chatter,0,5.7165482e-05,16
turning,cnn_ae,ver_topk,2inchStickout_F_08-Jun-2017_rpm320_doc0p050_window_0003,2inchStickout/F_08-Jun-2017_rpm320_doc0p050,test,42,2,cv_evaluation,no_chatter,0,0.00245189,16
turning,cnn_ae,ver_topk,2inchStickout_F_08-Jun-2017_rpm320_doc0p050_window_0004,2inchStickout/F_08-Jun-2017_rpm320_doc0p050,train,42,2,cv_evaluation,no_chatter,0,0.00065133086,16
turning,cnn_ae,ver_topk,2inchStickout_F_08-Jun-2017_rpm320_doc0p050_window_0005,2inchStickout/F_08-Jun-2017_rpm320_doc0p050,train,42,2,cv_evaluation,no_chatter,0,0.0007402297,16
turning,cnn_ae,ver_topk,2inchStickout_F_08-Jun-2017_rpm320_doc0p050_window_0006,2inchStickout/F_08-Jun-2017_rpm320_doc0p050,train,42,2,cv_evaluation,no_chatter,0,0.00069424306,16
turning,cnn_ae,ver_topk,2inchStickout_F_08-Jun-2017_rpm320_doc0p050_window_0007,2inchStickout/F_08-Jun-2017_rpm320_doc0p050,train,42,2,cv_evaluation,no_chatter,0,0.0012879322,16
turning,cnn_ae,ver_topk,2inchStickout_F_08-Jun-2017_rpm320_doc0p050_window_0008,2inchStickout/F_08-Jun-2017_rpm320_doc0p050,test,42,2,cv_evaluation,no_chatter,0,0.0006276712,16
turning,cnn_ae,ver_topk,2inchStickout_F_08-Jun-2017_rpm320_doc0p050_window_0009,2inchStickout/F_08-Jun-2017_rpm320_doc0p050,test,42,2,cv_evaluation,no_chatter,0,0.00077025377,16
turning,cnn_ae,ver_topk,2inchStickout_F_08-Jun-2017_rpm320_doc0p050_window_0010,2inchStickout/F_08-Jun-2017_rpm320_doc0p050,train,42,2,cv_evaluation,no_chatter,0,0.00084316777,16
turning,cnn_ae,ver_topk,2inchStickout_F_08-Jun-2017_rpm320_doc0p050_window_0011,2inchStickout/F_08-Jun-2017_rpm320_doc0p050,train,42,2,cv_evaluation,no_chatter,0,0.00075465284,16
turning,cnn_ae,ver_topk,2inchStickout_F_08-Jun-2017_rpm320_doc0p050_window_0012,2inchStickout/F_08-Jun-2017_rpm320_doc0p050,test,42,2,cv_evaluation,no_chatter,0,0.0007179761,16
turning,cnn_ae,ver_topk,2inchStickout_F_08-Jun-2017_rpm320_doc0p050_window_0013,2inchStickout/F_08-Jun-2017_rpm320_doc0p050,test,42,2,cv_evaluation,no_chatter,0,0.0010614566,16
turning,cnn_ae,ver_topk,2inchStickout_F_08-Jun-2017_rpm320_doc0p050_window_0014,2inchStickout/F_08-Jun-2017_rpm320_doc0p050,test,42,2,cv_evaluation,no_chatter,0,0.00087069394,16
turning,cnn_ae,ver_topk,2inchStickout_F_08-Jun-2017_rpm320_doc0p050_window_0015,2inchStickout/F_08-Jun-2017_rpm320_doc0p050,train,42,2,cv_evaluation,no_chatter,0,0.0012045744,16
turning,cnn_ae,ver_topk,2inchStickout_F_08-Jun-2017_rpm320_doc0p050_window_0016,2inchStickout/F_08-Jun-2017_rpm320_doc0p050,train,42,2,cv_evaluation,no_chatter,0,0.0013111588,16
turning,cnn_ae,ver_topk,2inchStickout_F_08-Jun-2017_rpm320_doc0p050_window_0017,2inchStickout/F_08-Jun-2017_rpm320_doc0p050,test,42,2,cv_evaluation,no_chatter,0,0.0007305715,16
turning,cnn_ae,ver_topk,2inchStickout_F_08-Jun-2017_rpm320_doc0p050_window_0018,2inchStickout/F_08-Jun-2017_rpm320_doc0p050,train,42,2,cv_evaluation,no_chatter,0,0.00094716874,16
turning,cnn_ae,ver_topk,2inchStickout_F_08-Jun-2017_rpm320_doc0p050_window_0019,2inchStickout/F_08-Jun-2017_rpm320_doc0p050,train,42,2,cv_evaluation,no_chatter,0,0.001523117,16
turning,cnn_ae,ver_topk,2inchStickout_F_08-Jun-2017_rpm320_doc0p050_window_0020,2inchStickout/F_08-Jun-2017_rpm320_doc0p050,train,42,2,cv_evaluation,no_chatter,0,0.0006630406,16
turning,cnn_ae,ver_topk,2inchStickout_F_08-Jun-2017_rpm320_doc0p050_window_0021,2inchStickout/F_08-Jun-2017_rpm320_doc0p050,train,42,2,cv_evaluation,no_chatter,0,0.00074419955,16
turning,cnn_ae,ver_topk,2inchStickout_F_08-Jun-2017_rpm320_doc0p050_window_0022,2inchStickout/F_08-Jun-2017_rpm320_doc0p050,test,42,2,cv_evaluation,no_chatter,0,0.000752311,16
turning,cnn_ae,ver_topk,2inchStickout_F_08-Jun-2017_rpm320_doc0p050_window_0023,2inchStickout/F_08-Jun-2017_rpm320_doc0p050,test,42,2,cv_evaluation,no_chatter,0,0.0011324805,16
turning,cnn_ae,ver_topk,2inchStickout_F_08-Jun-2017_rpm570_doc0p001_window_0000,2inchStickout/F_08-Jun-2017_rpm570_doc0p001,train,42,2,cv_evaluation,no_chatter,0,8.904599e-05,16
turning,cnn_ae,ver_topk,2inchStickout_F_08-Jun-2017_rpm570_doc0p001_window_0001,2inchStickout/F_08-Jun-2017_rpm570_doc0p001,validation,42,2,cv_evaluation,no_chatter,0,0.0016391234,16
turning,cnn_ae,ver_topk,2inchStickout_F_08-Jun-2017_rpm570_doc0p001_window_0002,2inchStickout/F_08-Jun-2017_rpm570_doc0p001,validation,42,2,cv_evaluation,chatter,1,0.0039568897,16
turning,cnn_ae,ver_topk,2inchStickout_F_08-Jun-2017_rpm570_doc0p001_window_0003,2inchStickout/F_08-Jun-2017_rpm570_doc0p001,validation,42,2,cv_evaluation,chatter,1,0.0044822046,16
turning,cnn_ae,ver_topk,2inchStickout_F_08-Jun-2017_rpm570_doc0p001_window_0004,2inchStickout/F_08-Jun-2017_rpm570_doc0p001,validation,42,2,cv_evaluation,chatter,1,0.0044634077,16
turning,cnn_ae,ver_topk,2inchStickout_F_08-Jun-2017_rpm570_doc0p001_window_0005,2inchStickout/F_08-Jun-2017_rpm570_doc0p001,validation,42,2,cv_evaluation,chatter,1,0.0058369148,16
turning,cnn_ae,ver_topk,2inchStickout_F_08-Jun-2017_rpm770_doc0p001_window_0000,2inchStickout/F_08-Jun-2017_rpm770_doc0p001,test,42,2,cv_evaluation,no_chatter,0,0.00020727415,16
turning,cnn_ae,ver_topk,2inchStickout_F_08-Jun-2017_rpm770_doc0p001_window_0001,2inchStickout/F_08-Jun-2017_rpm770_doc0p001,train,42,2,cv_evaluation,no_chatter,0,0.002804593,16
turning,cnn_ae,ver_topk,2inchStickout_F_08-Jun-2017_rpm770_doc0p001_window_0002,2inchStickout/F_08-Jun-2017_rpm770_doc0p001,train,42,2,cv_evaluation,no_chatter,0,0.002883117,16
turning,cnn_ae,ver_topk,2inchStickout_F_08-Jun-2017_rpm770_doc0p001_window_0003,2inchStickout/F_08-Jun-2017_rpm770_doc0p001,train,42,2,cv_evaluation,no_chatter,0,0.002767279,16
turning,cnn_ae,ver_topk,2inchStickout_F_08-Jun-2017_rpm770_doc0p001_window_0004,2inchStickout/F_08-Jun-2017_rpm770_doc0p001,train,42,2,cv_evaluation,no_chatter,0,0.0033342221,16
turning,cnn_ae,ver_topk,2inchStickout_F_08-Jun-2017_rpm770_doc0p001_window_0005,2inchStickout/F_08-Jun-2017_rpm770_doc0p001,train,42,2,cv_evaluation,no_chatter,0,0.005083069,16
turning,cnn_ae,ver_topk,2inchStickout_F_08-Jun-2017_rpm770_doc0p001_window_0006,2inchStickout/F_08-Jun-2017_rpm770_doc0p001,test,42,2,cv_evaluation,chatter,1,0.0058457144,16
turning,cnn_ae,ver_topk,2inchStickout_F_08-Jun-2017_rpm770_doc0p001_window_0007,2inchStickout/F_08-Jun-2017_rpm770_doc0p001,test,42,2,cv_evaluation,chatter,1,0.011040273,16
turning,cnn_ae,ver_topk,2p5inchStickout_F_12-Jun-2017_rpm570_doc0p003_window_0000,2p5inchStickout/F_12-Jun-2017_rpm570_doc0p003,train,42,2,cv_evaluation,no_chatter,0,0.00036780923,16
turning,cnn_ae,ver_topk,2p5inchStickout_F_12-Jun-2017_rpm570_doc0p003_window_0001,2p5inchStickout/F_12-Jun-2017_rpm570_doc0p003,test,42,2,cv_evaluation,no_chatter,0,0.00090574025,16
turning,cnn_ae,ver_topk,2p5inchStickout_F_12-Jun-2017_rpm570_doc0p003_window_0002,2p5inchStickout/F_12-Jun-2017_rpm570_doc0p003,train,42,2,cv_evaluation,no_chatter,0,0.0012438429,16
turning,cnn_ae,ver_topk,2p5inchStickout_F_12-Jun-2017_rpm570_doc0p003_window_0003,2p5inchStickout/F_12-Jun-2017_rpm570_doc0p003,train,42,2,cv_evaluation,no_chatter,0,0.0038935822,16
turning,cnn_ae,ver_topk,2p5inchStickout_F_12-Jun-2017_rpm570_doc0p003_window_0004,2p5inchStickout/F_12-Jun-2017_rpm570_doc0p003,train,42,2,cv_evaluation,no_chatter,0,0.0029969232,16
turning,cnn_ae,ver_topk,2p5inchStickout_F_12-Jun-2017_rpm570_doc0p003_window_0005,2p5inchStickout/F_12-Jun-2017_rpm570_doc0p003,train,42,2,cv_evaluation,no_chatter,0,0.0011939843,16
turning,cnn_ae,ver_topk,2p5inchStickout_F_12-Jun-2017_rpm570_doc0p003_window_0006,2p5inchStickout/F_12-Jun-2017_rpm570_doc0p003,train,42,2,cv_evaluation,no_chatter,0,0.0013614893,16
turning,cnn_ae,ver_topk,2p5inchStickout_F_12-Jun-2017_rpm570_doc0p003_window_0007,2p5inchStickout/F_12-Jun-2017_rpm570_doc0p003,train,42,2,cv_evaluation,no_chatter,0,0.0032096503,16
turning,cnn_ae,ver_topk,2p5inchStickout_F_12-Jun-2017_rpm570_doc0p003_window_0008,2p5inchStickout/F_12-Jun-2017_rpm570_doc0p003,train,42,2,cv_evaluation,no_chatter,0,0.0018532565,16
turning,cnn_ae,ver_topk,2p5inchStickout_F_12-Jun-2017_rpm570_doc0p003_window_0009,2p5inchStickout/F_12-Jun-2017_rpm570_doc0p003,train,42,2,cv_evaluation,no_chatter,0,0.0014516689,16
turning,cnn_ae,ver_topk,2p5inchStickout_F_12-Jun-2017_rpm570_doc0p015_trial2_window_0000,2p5inchStickout/F_12-Jun-2017_rpm570_doc0p015_trial2,train,42,2,cv_evaluation,no_chatter,0,0.00032913915,16
turning,cnn_ae,ver_topk,2p5inchStickout_F_12-Jun-2017_rpm570_doc0p015_trial2_window_0001,2p5inchStickout/F_12-Jun-2017_rpm570_doc0p015_trial2,train,42,2,cv_evaluation,no_chatter,0,0.0012194425,16
turning,cnn_ae,ver_topk,2p5inchStickout_F_12-Jun-2017_rpm570_doc0p015_trial2_window_0002,2p5inchStickout/F_12-Jun-2017_rpm570_doc0p015_trial2,test,42,2,cv_evaluation,chatter,1,0.006630976,16
turning,cnn_ae,ver_topk,2p5inchStickout_F_12-Jun-2017_rpm570_doc0p015_trial2_window_0003,2p5inchStickout/F_12-Jun-2017_rpm570_doc0p015_trial2,test,42,2,cv_evaluation,chatter,1,0.011716854,16
turning,cnn_ae,ver_topk,2p5inchStickout_F_12-Jun-2017_rpm570_doc0p015_trial2_window_0004,2p5inchStickout/F_12-Jun-2017_rpm570_doc0p015_trial2,test,42,2,cv_evaluation,chatter,1,0.012702155,16
turning,cnn_ae,ver_topk,2p5inchStickout_F_12-Jun-2017_rpm570_doc0p015_trial2_window_0005,2p5inchStickout/F_12-Jun-2017_rpm570_doc0p015_trial2,test,42,2,cv_evaluation,chatter,1,0.010916549,16
turning,cnn_ae,ver_topk,3p5inchStickout_F_12-Jun-2017_rpm570_doc0p015_window_0000,3p5inchStickout/F_12-Jun-2017_rpm570_doc0p015,train,42,2,cv_evaluation,no_chatter,0,3.9964045e-05,16
turning,cnn_ae,ver_topk,3p5inchStickout_F_12-Jun-2017_rpm570_doc0p015_window_0001,3p5inchStickout/F_12-Jun-2017_rpm570_doc0p015,train,42,2,cv_evaluation,no_chatter,0,0.001674653,16
turning,cnn_ae,ver_topk,3p5inchStickout_F_12-Jun-2017_rpm570_doc0p015_window_0002,3p5inchStickout/F_12-Jun-2017_rpm570_doc0p015,train,42,2,cv_evaluation,no_chatter,0,0.0021399276,16
turning,cnn_ae,ver_topk,3p5inchStickout_F_12-Jun-2017_rpm570_doc0p015_window_0003,3p5inchStickout/F_12-Jun-2017_rpm570_doc0p015,train,42,2,cv_evaluation,no_chatter,0,0.002999407,16
turning,cnn_ae,ver_topk,3p5inchStickout_F_12-Jun-2017_rpm570_doc0p015_window_0004,3p5inchStickout/F_12-Jun-2017_rpm570_doc0p015,train,42,2,cv_evaluation,no_chatter,0,0.0020964725,16
turning,cnn_ae,ver_topk,3p5inchStickout_F_12-Jun-2017_rpm570_doc0p015_window_0005,3p5inchStickout/F_12-Jun-2017_rpm570_doc0p015,train,42,2,cv_evaluation,no_chatter,0,0.0031293556,16
turning,cnn_ae,ver_topk,3p5inchStickout_F_12-Jun-2017_rpm570_doc0p015_window_0006,3p5inchStickout/F_12-Jun-2017_rpm570_doc0p015,train,42,2,cv_evaluation,no_chatter,0,0.0097435,16
turning,cnn_ae,ver_topk,3p5inchStickout_F_12-Jun-2017_rpm570_doc0p015_window_0007,3p5inchStickout/F_12-Jun-2017_rpm570_doc0p015,train,42,2,cv_evaluation,no_chatter,0,0.006966682,16
turning,cnn_ae,ver_topk,3p5inchStickout_F_12-Jun-2017_rpm570_doc0p015_window_0008,3p5inchStickout/F_12-Jun-2017_rpm570_doc0p015,train,42,2,cv_evaluation,no_chatter,0,0.0055206246,16
turning,cnn_ae,ver_topk,3p5inchStickout_F_12-Jun-2017_rpm570_doc0p015_window_0009,3p5inchStickout/F_12-Jun-2017_rpm570_doc0p015,train,42,2,cv_evaluation,no_chatter,0,0.0046482533,16
turning,cnn_ae,ver_topk,3p5inchStickout_F_12-Jun-2017_rpm570_doc0p030_window_0000,3p5inchStickout/F_12-Jun-2017_rpm570_doc0p030,train,42,2,cv_evaluation,no_chatter,0,8.551316e-05,16
turning,cnn_ae,ver_topk,3p5inchStickout_F_12-Jun-2017_rpm570_doc0p030_window_0001,3p5inchStickout/F_12-Jun-2017_rpm570_doc0p030,test,42,2,cv_evaluation,no_chatter,0,5.1883762e-05,16
turning,cnn_ae,ver_topk,3p5inchStickout_F_12-Jun-2017_rpm570_doc0p030_window_0002,3p5inchStickout/F_12-Jun-2017_rpm570_doc0p030,train,42,2,cv_evaluation,no_chatter,0,0.0020548357,16
turning,cnn_ae,ver_topk,3p5inchStickout_F_12-Jun-2017_rpm570_doc0p030_window_0003,3p5inchStickout/F_12-Jun-2017_rpm570_doc0p030,train,42,2,cv_evaluation,no_chatter,0,0.0011356398,16
turning,cnn_ae,ver_topk,3p5inchStickout_F_12-Jun-2017_rpm570_doc0p030_window_0004,3p5inchStickout/F_12-Jun-2017_rpm570_doc0p030,train,42,2,cv_evaluation,no_chatter,0,0.0015549682,16
turning,cnn_ae,ver_topk,3p5inchStickout_F_12-Jun-2017_rpm570_doc0p030_window_0005,3p5inchStickout/F_12-Jun-2017_rpm570_doc0p030,train,42,2,cv_evaluation,no_chatter,0,0.0016585238,16
turning,cnn_ae,ver_topk,3p5inchStickout_F_12-Jun-2017_rpm570_doc0p030_window_0006,3p5inchStickout/F_12-Jun-2017_rpm570_doc0p030,train,42,2,cv_evaluation,no_chatter,0,0.0016906457,16
turning,cnn_ae,ver_topk,3p5inchStickout_F_12-Jun-2017_rpm570_doc0p030_window_0007,3p5inchStickout/F_12-Jun-2017_rpm570_doc0p030,train,42,2,cv_evaluation,no_chatter,0,0.00285668,16
turning,cnn_ae,ver_topk,3p5inchStickout_F_12-Jun-2017_rpm570_doc0p030_window_0008,3p5inchStickout/F_12-Jun-2017_rpm570_doc0p030,train,42,2,cv_evaluation,no_chatter,0,0.0093477545,16
turning,cnn_ae,ver_topk,3p5inchStickout_F_12-Jun-2017_rpm570_doc0p030_window_0009,3p5inchStickout/F_12-Jun-2017_rpm570_doc0p030,test,42,2,cv_evaluation,no_chatter,0,0.0057708323,16
turning,cnn_ae,ver_topk,3p5inchStickout_F_14-Jun-2017_rpm770_doc0p008_window_0000,3p5inchStickout/F_14-Jun-2017_rpm770_doc0p008,train,42,2,cv_evaluation,no_chatter,0,0.00015871447,16
turning,cnn_ae,ver_topk,3p5inchStickout_F_14-Jun-2017_rpm770_doc0p008_window_0001,3p5inchStickout/F_14-Jun-2017_rpm770_doc0p008,train,42,2,cv_evaluation,no_chatter,0,0.0009111124,16
turning,cnn_ae,ver_topk,3p5inchStickout_F_14-Jun-2017_rpm770_doc0p008_window_0002,3p5inchStickout/F_14-Jun-2017_rpm770_doc0p008,train,42,2,cv_evaluation,no_chatter,0,0.0016143922,16
turning,cnn_ae,ver_topk,3p5inchStickout_F_14-Jun-2017_rpm770_doc0p008_window_0003,3p5inchStickout/F_14-Jun-2017_rpm770_doc0p008,test,42,2,cv_evaluation,no_chatter,0,0.0013782036,16
turning,cnn_ae,ver_topk,3p5inchStickout_F_14-Jun-2017_rpm770_doc0p015_window_0000,3p5inchStickout/F_14-Jun-2017_rpm770_doc0p015,validation,42,2,cv_evaluation,no_chatter,0,0.00015743612,16
turning,cnn_ae,ver_topk,3p5inchStickout_F_14-Jun-2017_rpm770_doc0p015_window_0001,3p5inchStickout/F_14-Jun-2017_rpm770_doc0p015,train,42,2,cv_evaluation,no_chatter,0,0.0011864249,16
turning,cnn_ae,ver_topk,3p5inchStickout_F_14-Jun-2017_rpm770_doc0p015_window_0002,3p5inchStickout/F_14-Jun-2017_rpm770_doc0p015,train,42,2,cv_evaluation,no_chatter,0,0.0049751136,16
turning,cnn_ae,ver_topk,3p5inchStickout_F_14-Jun-2017_rpm770_doc0p015_window_0003,3p5inchStickout/F_14-Jun-2017_rpm770_doc0p015,validation,42,2,cv_evaluation,no_chatter,0,0.0074758776,16
turning,cnn_ae,ver_topk,4p5inchStickout_F_12-Jun-2017_rpm570_doc0p005_window_0000,4p5inchStickout/F_12-Jun-2017_rpm570_doc0p005,validation,42,2,cv_evaluation,no_chatter,0,6.484437e-05,16
turning,cnn_ae,ver_topk,4p5inchStickout_F_12-Jun-2017_rpm570_doc0p005_window_0001,4p5inchStickout/F_12-Jun-2017_rpm570_doc0p005,train,42,2,cv_evaluation,no_chatter,0,6.539272e-05,16
turning,cnn_ae,ver_topk,4p5inchStickout_F_12-Jun-2017_rpm570_doc0p005_window_0002,4p5inchStickout/F_12-Jun-2017_rpm570_doc0p005,validation,42,2,cv_evaluation,no_chatter,0,6.335121e-05,16
turning,cnn_ae,ver_topk,4p5inchStickout_F_12-Jun-2017_rpm570_doc0p005_window_0003,4p5inchStickout/F_12-Jun-2017_rpm570_doc0p005,train,42,2,cv_evaluation,no_chatter,0,5.4605818e-05,16
turning,cnn_ae,ver_topk,4p5inchStickout_F_12-Jun-2017_rpm570_doc0p005_window_0004,4p5inchStickout/F_12-Jun-2017_rpm570_doc0p005,train,42,2,cv_evaluation,no_chatter,0,4.6104775e-05,16
turning,cnn_ae,ver_topk,4p5inchStickout_F_12-Jun-2017_rpm570_doc0p005_window_0005,4p5inchStickout/F_12-Jun-2017_rpm570_doc0p005,validation,42,2,cv_evaluation,no_chatter,0,0.0015188166,16
turning,cnn_ae,ver_topk,4p5inchStickout_F_12-Jun-2017_rpm570_doc0p005_window_0006,4p5inchStickout/F_12-Jun-2017_rpm570_doc0p005,train,42,2,cv_evaluation,no_chatter,0,0.0010251676,16
turning,cnn_ae,ver_topk,4p5inchStickout_F_12-Jun-2017_rpm570_doc0p005_window_0007,4p5inchStickout/F_12-Jun-2017_rpm570_doc0p005,train,42,2,cv_evaluation,no_chatter,0,0.0010876764,16
turning,cnn_ae,ver_topk,4p5inchStickout_F_12-Jun-2017_rpm570_doc0p005_window_0008,4p5inchStickout/F_12-Jun-2017_rpm570_doc0p005,train,42,2,cv_evaluation,no_chatter,0,0.0011292697,16
turning,cnn_ae,ver_topk,4p5inchStickout_F_12-Jun-2017_rpm570_doc0p005_window_0009,4p5inchStickout/F_12-Jun-2017_rpm570_doc0p005,train,42,2,cv_evaluation,no_chatter,0,0.0013291513,16
turning,cnn_ae,ver_topk,4p5inchStickout_F_12-Jun-2017_rpm570_doc0p005_window_0010,4p5inchStickout/F_12-Jun-2017_rpm570_doc0p005,train,42,2,cv_evaluation,no_chatter,0,0.0014891922,16
turning,cnn_ae,ver_topk,4p5inchStickout_F_12-Jun-2017_rpm570_doc0p005_window_0011,4p5inchStickout/F_12-Jun-2017_rpm570_doc0p005,train,42,2,cv_evaluation,no_chatter,0,0.0012679329,16
turning,cnn_ae,ver_topk,4p5inchStickout_F_13-Jun-2017_rpm1030_doc0p007_window_0000,4p5inchStickout/F_13-Jun-2017_rpm1030_doc0p007,train,42,2,cv_evaluation,no_chatter,0,0.000114660004,16
turning,cnn_ae,ver_topk,4p5inchStickout_F_13-Jun-2017_rpm1030_doc0p007_window_0001,4p5inchStickout/F_13-Jun-2017_rpm1030_doc0p007,train,42,2,cv_evaluation,no_chatter,0,0.001274815,16
turning,cnn_ae,ver_topk,4p5inchStickout_F_13-Jun-2017_rpm1030_doc0p007_window_0002,4p5inchStickout/F_13-Jun-2017_rpm1030_doc0p007,train,42,2,cv_evaluation,no_chatter,0,0.0013931581,16
turning,cnn_ae,ver_topk,4p5inchStickout_F_13-Jun-2017_rpm1030_doc0p007_window_0003,4p5inchStickout/F_13-Jun-2017_rpm1030_doc0p007,train,42,2,cv_evaluation,no_chatter,0,0.0034468789,16
turning,cnn_ae,ver_topk,4p5inchStickout_F_13-Jun-2017_rpm770_doc0p010_window_0000,4p5inchStickout/F_13-Jun-2017_rpm770_doc0p010,train,42,2,cv_evaluation,no_chatter,0,7.1105685e-05,16
turning,cnn_ae,ver_topk,4p5inchStickout_F_13-Jun-2017_rpm770_doc0p010_window_0001,4p5inchStickout/F_13-Jun-2017_rpm770_doc0p010,train,42,2,cv_evaluation,no_chatter,0,0.00013194761,16
turning,cnn_ae,ver_topk,4p5inchStickout_F_13-Jun-2017_rpm770_doc0p010_window_0002,4p5inchStickout/F_13-Jun-2017_rpm770_doc0p010,train,42,2,cv_evaluation,no_chatter,0,0.0012219702,16
turning,cnn_ae,ver_topk,4p5inchStickout_F_13-Jun-2017_rpm770_doc0p010_window_0003,4p5inchStickout/F_13-Jun-2017_rpm770_doc0p010,test,42,2,cv_evaluation,no_chatter,0,0.0016883329,16
turning,cnn_ae,ver_topk,4p5inchStickout_F_13-Jun-2017_rpm770_doc0p010_window_0004,4p5inchStickout/F_13-Jun-2017_rpm770_doc0p010,train,42,2,cv_evaluation,no_chatter,0,0.0017301934,16
turning,cnn_ae,ver_topk,4p5inchStickout_F_13-Jun-2017_rpm770_doc0p010_window_0005,4p5inchStickout/F_13-Jun-2017_rpm770_doc0p010,train,42,2,cv_evaluation,no_chatter,0,0.0013183462,16
turning,cnn_ae,global_mse,2inchStickout_F_08-Jun-2017_rpm320_doc0p035_window_0000,2inchStickout/F_08-Jun-2017_rpm320_doc0p035,train,42,3,cv_evaluation,no_chatter,0,7.003014e-05,16
turning,cnn_ae,global_mse,2inchStickout_F_08-Jun-2017_rpm320_doc0p035_window_0001,2inchStickout/F_08-Jun-2017_rpm320_doc0p035,train,42,3,cv_evaluation,no_chatter,0,5.9256523e-05,16
turning,cnn_ae,global_mse,2inchStickout_F_08-Jun-2017_rpm320_doc0p035_window_0002,2inchStickout/F_08-Jun-2017_rpm320_doc0p035,train,42,3,cv_evaluation,no_chatter,0,5.1604384e-05,16
turning,cnn_ae,global_mse,2inchStickout_F_08-Jun-2017_rpm320_doc0p035_window_0003,2inchStickout/F_08-Jun-2017_rpm320_doc0p035,validation,42,3,cv_evaluation,no_chatter,0,0.00014314862,16
turning,cnn_ae,global_mse,2inchStickout_F_08-Jun-2017_rpm320_doc0p035_window_0004,2inchStickout/F_08-Jun-2017_rpm320_doc0p035,train,42,3,cv_evaluation,no_chatter,0,0.00060130085,16
turning,cnn_ae,global_mse,2inchStickout_F_08-Jun-2017_rpm320_doc0p035_window_0005,2inchStickout/F_08-Jun-2017_rpm320_doc0p035,train,42,3,cv_evaluation,no_chatter,0,0.00039422294,16
turning,cnn_ae,global_mse,2inchStickout_F_08-Jun-2017_rpm320_doc0p035_window_0006,2inchStickout/F_08-Jun-2017_rpm320_doc0p035,train,42,3,cv_evaluation,no_chatter,0,0.00038545503,16
turning,cnn_ae,global_mse,2inchStickout_F_08-Jun-2017_rpm320_doc0p035_window_0007,2inchStickout/F_08-Jun-2017_rpm320_doc0p035,train,42,3,cv_evaluation,no_chatter,0,0.0004082328,16
turning,cnn_ae,global_mse,2inchStickout_F_08-Jun-2017_rpm320_doc0p035_window_0008,2inchStickout/F_08-Jun-2017_rpm320_doc0p035,train,42,3,cv_evaluation,no_chatter,0,0.00040260045,16
turning,cnn_ae,global_mse,2inchStickout_F_08-Jun-2017_rpm320_doc0p035_window_0009,2inchStickout/F_08-Jun-2017_rpm320_doc0p035,train,42,3,cv_evaluation,no_chatter,0,0.0003949614,16
turning,cnn_ae,global_mse,2inchStickout_F_08-Jun-2017_rpm320_doc0p035_window_0010,2inchStickout/F_08-Jun-2017_rpm320_doc0p035,train,42,3,cv_evaluation,no_chatter,0,0.00051889743,16
turning,cnn_ae,global_mse,2inchStickout_F_08-Jun-2017_rpm320_doc0p035_window_0011,2inchStickout/F_08-Jun-2017_rpm320_doc0p035,train,42,3,cv_evaluation,no_chatter,0,0.0005110162,16
turning,cnn_ae,global_mse,2inchStickout_F_08-Jun-2017_rpm320_doc0p035_window_0012,2inchStickout/F_08-Jun-2017_rpm320_doc0p035,train,42,3,cv_evaluation,no_chatter,0,0.00055907696,16
turning,cnn_ae,global_mse,2inchStickout_F_08-Jun-2017_rpm320_doc0p035_window_0013,2inchStickout/F_08-Jun-2017_rpm320_doc0p035,train,42,3,cv_evaluation,no_chatter,0,0.0005800419,16
turning,cnn_ae,global_mse,2inchStickout_F_08-Jun-2017_rpm320_doc0p035_window_0014,2inchStickout/F_08-Jun-2017_rpm320_doc0p035,train,42,3,cv_evaluation,no_chatter,0,0.00039564827,16
turning,cnn_ae,global_mse,2inchStickout_F_08-Jun-2017_rpm320_doc0p035_window_0015,2inchStickout/F_08-Jun-2017_rpm320_doc0p035,train,42,3,cv_evaluation,no_chatter,0,0.000521653,16
turning,cnn_ae,global_mse,2inchStickout_F_08-Jun-2017_rpm320_doc0p035_window_0016,2inchStickout/F_08-Jun-2017_rpm320_doc0p035,train,42,3,cv_evaluation,no_chatter,0,0.00051827746,16
turning,cnn_ae,global_mse,2inchStickout_F_08-Jun-2017_rpm320_doc0p035_window_0017,2inchStickout/F_08-Jun-2017_rpm320_doc0p035,train,42,3,cv_evaluation,no_chatter,0,0.0005663583,16
turning,cnn_ae,global_mse,2inchStickout_F_08-Jun-2017_rpm320_doc0p035_window_0018,2inchStickout/F_08-Jun-2017_rpm320_doc0p035,train,42,3,cv_evaluation,no_chatter,0,0.0005591522,16
turning,cnn_ae,global_mse,2inchStickout_F_08-Jun-2017_rpm320_doc0p035_window_0019,2inchStickout/F_08-Jun-2017_rpm320_doc0p035,train,42,3,cv_evaluation,no_chatter,0,0.00060586445,16
turning,cnn_ae,global_mse,2inchStickout_F_08-Jun-2017_rpm320_doc0p035_window_0020,2inchStickout/F_08-Jun-2017_rpm320_doc0p035,validation,42,3,cv_evaluation,no_chatter,0,0.0006034933,16
turning,cnn_ae,global_mse,2inchStickout_F_08-Jun-2017_rpm320_doc0p035_window_0021,2inchStickout/F_08-Jun-2017_rpm320_doc0p035,train,42,3,cv_evaluation,no_chatter,0,0.0006173427,16
turning,cnn_ae,global_mse,2inchStickout_F_08-Jun-2017_rpm320_doc0p035_window_0022,2inchStickout/F_08-Jun-2017_rpm320_doc0p035,validation,42,3,cv_evaluation,no_chatter,0,0.0007303699,16
turning,cnn_ae,global_mse,2inchStickout_F_08-Jun-2017_rpm320_doc0p035_window_0023,2inchStickout/F_08-Jun-2017_rpm320_doc0p035,train,42,3,cv_evaluation,no_chatter,0,0.00076265,16
turning,cnn_ae,global_mse,2inchStickout_F_08-Jun-2017_rpm320_doc0p040_window_0000,2inchStickout/F_08-Jun-2017_rpm320_doc0p040,test,42,3,cv_evaluation,no_chatter,0,7.0072114e-05,16
turning,cnn_ae,global_mse,2inchStickout_F_08-Jun-2017_rpm320_doc0p040_window_0001,2inchStickout/F_08-Jun-2017_rpm320_doc0p040,train,42,3,cv_evaluation,no_chatter,0,6.488582e-05,16
turning,cnn_ae,global_mse,2inchStickout_F_08-Jun-2017_rpm320_doc0p040_window_0002,2inchStickout/F_08-Jun-2017_rpm320_doc0p040,train,42,3,cv_evaluation,no_chatter,0,6.0376813e-05,16
turning,cnn_ae,global_mse,2inchStickout_F_08-Jun-2017_rpm320_doc0p040_window_0003,2inchStickout/F_08-Jun-2017_rpm320_doc0p040,test,42,3,cv_evaluation,no_chatter,0,0.000888778,16
turning,cnn_ae,global_mse,2inchStickout_F_08-Jun-2017_rpm320_doc0p040_window_0004,2inchStickout/F_08-Jun-2017_rpm320_doc0p040,test,42,3,cv_evaluation,no_chatter,0,0.0006907993,16
turning,cnn_ae,global_mse,2inchStickout_F_08-Jun-2017_rpm320_doc0p040_window_0005,2inchStickout/F_08-Jun-2017_rpm320_doc0p040,train,42,3,cv_evaluation,no_chatter,0,0.0005773987,16
turning,cnn_ae,global_mse,2inchStickout_F_08-Jun-2017_rpm320_doc0p040_window_0006,2inchStickout/F_08-Jun-2017_rpm320_doc0p040,train,42,3,cv_evaluation,no_chatter,0,0.0004710121,16
turning,cnn_ae,global_mse,2inchStickout_F_08-Jun-2017_rpm320_doc0p040_window_0007,2inchStickout/F_08-Jun-2017_rpm320_doc0p040,train,42,3,cv_evaluation,no_chatter,0,0.00051876553,16
turning,cnn_ae,global_mse,2inchStickout_F_08-Jun-2017_rpm320_doc0p040_window_0008,2inchStickout/F_08-Jun-2017_rpm320_doc0p040,train,42,3,cv_evaluation,no_chatter,0,0.00072897424,16
turning,cnn_ae,global_mse,2inchStickout_F_08-Jun-2017_rpm320_doc0p040_window_0009,2inchStickout/F_08-Jun-2017_rpm320_doc0p040,train,42,3,cv_evaluation,no_chatter,0,0.00082299934,16
turning,cnn_ae,global_mse,2inchStickout_F_08-Jun-2017_rpm320_doc0p040_window_0010,2inchStickout/F_08-Jun-2017_rpm320_doc0p040,train,42,3,cv_evaluation,no_chatter,0,0.0007622772,16
turning,cnn_ae,global_mse,2inchStickout_F_08-Jun-2017_rpm320_doc0p040_window_0011,2inchStickout/F_08-Jun-2017_rpm320_doc0p040,train,42,3,cv_evaluation,no_chatter,0,0.00067122333,16
turning,cnn_ae,global_mse,2inchStickout_F_08-Jun-2017_rpm320_doc0p040_window_0012,2inchStickout/F_08-Jun-2017_rpm320_doc0p040,test,42,3,cv_evaluation,no_chatter,0,0.000893033,16
turning,cnn_ae,global_mse,2inchStickout_F_08-Jun-2017_rpm320_doc0p040_window_0013,2inchStickout/F_08-Jun-2017_rpm320_doc0p040,train,42,3,cv_evaluation,no_chatter,0,0.00087317015,16
turning,cnn_ae,global_mse,2inchStickout_F_08-Jun-2017_rpm320_doc0p040_window_0014,2inchStickout/F_08-Jun-2017_rpm320_doc0p040,train,42,3,cv_evaluation,no_chatter,0,0.00088711514,16
turning,cnn_ae,global_mse,2inchStickout_F_08-Jun-2017_rpm320_doc0p040_window_0015,2inchStickout/F_08-Jun-2017_rpm320_doc0p040,train,42,3,cv_evaluation,no_chatter,0,0.00084547576,16
turning,cnn_ae,global_mse,2inchStickout_F_08-Jun-2017_rpm320_doc0p040_window_0016,2inchStickout/F_08-Jun-2017_rpm320_doc0p040,train,42,3,cv_evaluation,no_chatter,0,0.00055822317,16
turning,cnn_ae,global_mse,2inchStickout_F_08-Jun-2017_rpm320_doc0p040_window_0017,2inchStickout/F_08-Jun-2017_rpm320_doc0p040,train,42,3,cv_evaluation,no_chatter,0,0.00049307186,16
turning,cnn_ae,global_mse,2inchStickout_F_08-Jun-2017_rpm320_doc0p040_window_0018,2inchStickout/F_08-Jun-2017_rpm320_doc0p040,train,42,3,cv_evaluation,no_chatter,0,0.00066024676,16
turning,cnn_ae,global_mse,2inchStickout_F_08-Jun-2017_rpm320_doc0p040_window_0019,2inchStickout/F_08-Jun-2017_rpm320_doc0p040,train,42,3,cv_evaluation,no_chatter,0,0.0006231123,16
turning,cnn_ae,global_mse,2inchStickout_F_08-Jun-2017_rpm320_doc0p040_window_0020,2inchStickout/F_08-Jun-2017_rpm320_doc0p040,train,42,3,cv_evaluation,no_chatter,0,0.00070593983,16
turning,cnn_ae,global_mse,2inchStickout_F_08-Jun-2017_rpm320_doc0p040_window_0021,2inchStickout/F_08-Jun-2017_rpm320_doc0p040,train,42,3,cv_evaluation,no_chatter,0,0.00045570743,16
turning,cnn_ae,global_mse,2inchStickout_F_08-Jun-2017_rpm320_doc0p040_window_0022,2inchStickout/F_08-Jun-2017_rpm320_doc0p040,test,42,3,cv_evaluation,no_chatter,0,0.0005371233,16
turning,cnn_ae,global_mse,2inchStickout_F_08-Jun-2017_rpm320_doc0p040_window_0023,2inchStickout/F_08-Jun-2017_rpm320_doc0p040,train,42,3,cv_evaluation,no_chatter,0,0.0004425788,16
turning,cnn_ae,global_mse,2inchStickout_F_08-Jun-2017_rpm425_doc0p005_window_0000,2inchStickout/F_08-Jun-2017_rpm425_doc0p005,train,42,3,cv_evaluation,no_chatter,0,0.00017597894,16
turning,cnn_ae,global_mse,2inchStickout_F_08-Jun-2017_rpm425_doc0p005_window_0001,2inchStickout/F_08-Jun-2017_rpm425_doc0p005,train,42,3,cv_evaluation,no_chatter,0,0.00017348138,16
turning,cnn_ae,global_mse,2inchStickout_F_08-Jun-2017_rpm425_doc0p005_window_0002,2inchStickout/F_08-Jun-2017_rpm425_doc0p005,train,42,3,cv_evaluation,no_chatter,0,0.00047772788,16
turning,cnn_ae,global_mse,2inchStickout_F_08-Jun-2017_rpm425_doc0p005_window_0003,2inchStickout/F_08-Jun-2017_rpm425_doc0p005,test,42,3,cv_evaluation,no_chatter,0,0.0007587633,16
turning,cnn_ae,global_mse,2inchStickout_F_08-Jun-2017_rpm425_doc0p005_window_0004,2inchStickout/F_08-Jun-2017_rpm425_doc0p005,train,42,3,cv_evaluation,no_chatter,0,0.00075155817,16
turning,cnn_ae,global_mse,2inchStickout_F_08-Jun-2017_rpm425_doc0p005_window_0005,2inchStickout/F_08-Jun-2017_rpm425_doc0p005,test,42,3,cv_evaluation,no_chatter,0,0.00079202116,16
turning,cnn_ae,global_mse,2inchStickout_F_08-Jun-2017_rpm425_doc0p005_window_0006,2inchStickout/F_08-Jun-2017_rpm425_doc0p005,train,42,3,cv_evaluation,no_chatter,0,0.00072370656,16
turning,cnn_ae,global_mse,2inchStickout_F_08-Jun-2017_rpm425_doc0p005_window_0007,2inchStickout/F_08-Jun-2017_rpm425_doc0p005,train,42,3,cv_evaluation,no_chatter,0,0.000864852,16
turning,cnn_ae,global_mse,2inchStickout_F_08-Jun-2017_rpm425_doc0p015_window_0000,2inchStickout/F_08-Jun-2017_rpm425_doc0p015,train,42,3,cv_evaluation,no_chatter,0,0.00011524143,16
turning,cnn_ae,global_mse,2inchStickout_F_08-Jun-2017_rpm425_doc0p015_window_0001,2inchStickout/F_08-Jun-2017_rpm425_doc0p015,train,42,3,cv_evaluation,no_chatter,0,0.000111580215,16
turning,cnn_ae,global_mse,2inchStickout_F_08-Jun-2017_rpm425_doc0p015_window_0002,2inchStickout/F_08-Jun-2017_rpm425_doc0p015,train,42,3,cv_evaluation,no_chatter,0,0.0006316285,16
turning,cnn_ae,global_mse,2inchStickout_F_08-Jun-2017_rpm425_doc0p015_window_0003,2inchStickout/F_08-Jun-2017_rpm425_doc0p015,train,42,3,cv_evaluation,no_chatter,0,0.0007554778,16
turning,cnn_ae,global_mse,2inchStickout_F_08-Jun-2017_rpm425_doc0p015_window_0004,2inchStickout/F_08-Jun-2017_rpm425_doc0p015,train,42,3,cv_evaluation,no_chatter,0,0.0010200378,16
turning,cnn_ae,global_mse,2inchStickout_F_08-Jun-2017_rpm425_doc0p015_window_0005,2inchStickout/F_08-Jun-2017_rpm425_doc0p015,train,42,3,cv_evaluation,no_chatter,0,0.0009945527,16
turning,cnn_ae,global_mse,2inchStickout_F_08-Jun-2017_rpm425_doc0p015_window_0006,2inchStickout/F_08-Jun-2017_rpm425_doc0p015,train,42,3,cv_evaluation,no_chatter,0,0.0013884981,16
turning,cnn_ae,global_mse,2inchStickout_F_08-Jun-2017_rpm425_doc0p015_window_0007,2inchStickout/F_08-Jun-2017_rpm425_doc0p015,validation,42,3,cv_evaluation,no_chatter,0,0.0013707369,16
turning,cnn_ae,global_mse,2inchStickout_F_08-Jun-2017_rpm770_doc0p005_window_0000,2inchStickout/F_08-Jun-2017_rpm770_doc0p005,validation,42,3,cv_evaluation,chatter,1,0.012216702,16
turning,cnn_ae,global_mse,2inchStickout_F_08-Jun-2017_rpm770_doc0p005_window_0001,2inchStickout/F_08-Jun-2017_rpm770_doc0p005,validation,42,3,cv_evaluation,chatter,1,0.013538118,16
turning,cnn_ae,global_mse,2inchStickout_F_08-Jun-2017_rpm770_doc0p005_window_0002,2inchStickout/F_08-Jun-2017_rpm770_doc0p005,validation,42,3,cv_evaluation,chatter,1,0.012866901,16
turning,cnn_ae,global_mse,2inchStickout_F_08-Jun-2017_rpm770_doc0p005_window_0003,2inchStickout/F_08-Jun-2017_rpm770_doc0p005,validation,42,3,cv_evaluation,chatter,1,0.013070291,16
turning,cnn_ae,global_mse,2inchStickout_F_08-Jun-2017_rpm770_doc0p005_window_0004,2inchStickout/F_08-Jun-2017_rpm770_doc0p005,validation,42,3,cv_evaluation,chatter,1,0.015759448,16
turning,cnn_ae,global_mse,2inchStickout_F_08-Jun-2017_rpm770_doc0p005_window_0005,2inchStickout/F_08-Jun-2017_rpm770_doc0p005,validation,42,3,cv_evaluation,chatter,1,0.015853722,16
turning,cnn_ae,global_mse,2inchStickout_F_08-Jun-2017_rpm770_doc0p005_window_0006,2inchStickout/F_08-Jun-2017_rpm770_doc0p005,validation,42,3,cv_evaluation,chatter,1,0.015161729,16
turning,cnn_ae,global_mse,2inchStickout_F_08-Jun-2017_rpm770_doc0p005_window_0007,2inchStickout/F_08-Jun-2017_rpm770_doc0p005,validation,42,3,cv_evaluation,chatter,1,0.01549273,16
turning,cnn_ae,global_mse,2inchStickout_F_08-Jun-2017_rpm770_doc0p005_window_0008,2inchStickout/F_08-Jun-2017_rpm770_doc0p005,validation,42,3,cv_evaluation,chatter,1,0.015368908,16
turning,cnn_ae,global_mse,2inchStickout_F_08-Jun-2017_rpm770_doc0p005_window_0009,2inchStickout/F_08-Jun-2017_rpm770_doc0p005,validation,42,3,cv_evaluation,chatter,1,0.013304638,16
turning,cnn_ae,global_mse,2inchStickout_F_08-Jun-2017_rpm770_doc0p005_window_0010,2inchStickout/F_08-Jun-2017_rpm770_doc0p005,validation,42,3,cv_evaluation,chatter,1,0.0069241156,16
turning,cnn_ae,global_mse,2inchStickout_F_08-Jun-2017_rpm770_doc0p005_window_0011,2inchStickout/F_08-Jun-2017_rpm770_doc0p005,train,42,3,cv_evaluation,no_chatter,0,0.0069122165,16
turning,cnn_ae,global_mse,2p5inchStickout_F_12-Jun-2017_rpm570_doc0p015_window_0000,2p5inchStickout/F_12-Jun-2017_rpm570_doc0p015,validation,42,3,cv_evaluation,no_chatter,0,0.00034518522,16
turning,cnn_ae,global_mse,2p5inchStickout_F_12-Jun-2017_rpm570_doc0p015_window_0001,2p5inchStickout/F_12-Jun-2017_rpm570_doc0p015,train,42,3,cv_evaluation,no_chatter,0,0.0012110285,16
turning,cnn_ae,global_mse,2p5inchStickout_F_12-Jun-2017_rpm570_doc0p015_window_0002,2p5inchStickout/F_12-Jun-2017_rpm570_doc0p015,train,42,3,cv_evaluation,no_chatter,0,0.00259209,16
turning,cnn_ae,global_mse,2p5inchStickout_F_12-Jun-2017_rpm570_doc0p015_window_0003,2p5inchStickout/F_12-Jun-2017_rpm570_doc0p015,train,42,3,cv_evaluation,no_chatter,0,0.00345523,16
turning,cnn_ae,global_mse,2p5inchStickout_F_12-Jun-2017_rpm570_doc0p015_window_0004,2p5inchStickout/F_12-Jun-2017_rpm570_doc0p015,train,42,3,cv_evaluation,no_chatter,0,0.0015242241,16
turning,cnn_ae,global_mse,2p5inchStickout_F_12-Jun-2017_rpm570_doc0p015_window_0005,2p5inchStickout/F_12-Jun-2017_rpm570_doc0p015,train,42,3,cv_evaluation,no_chatter,0,0.0031029298,16
turning,cnn_ae,global_mse,2p5inchStickout_F_12-Jun-2017_rpm570_doc0p015_window_0006,2p5inchStickout/F_12-Jun-2017_rpm570_doc0p015,train,42,3,cv_evaluation,no_chatter,0,0.0035222315,16
turning,cnn_ae,global_mse,2p5inchStickout_F_12-Jun-2017_rpm570_doc0p015_window_0007,2p5inchStickout/F_12-Jun-2017_rpm570_doc0p015,train,42,3,cv_evaluation,no_chatter,0,0.0027935184,16
turning,cnn_ae,global_mse,2p5inchStickout_F_12-Jun-2017_rpm570_doc0p015_window_0008,2p5inchStickout/F_12-Jun-2017_rpm570_doc0p015,train,42,3,cv_evaluation,no_chatter,0,0.0029391553,16
turning,cnn_ae,global_mse,2p5inchStickout_F_12-Jun-2017_rpm570_doc0p015_window_0009,2p5inchStickout/F_12-Jun-2017_rpm570_doc0p015,train,42,3,cv_evaluation,no_chatter,0,0.007980653,16
turning,cnn_ae,global_mse,2p5inchStickout_F_12-Jun-2017_rpm770_doc0p002_window_0000,2p5inchStickout/F_12-Jun-2017_rpm770_doc0p002,train,42,3,cv_evaluation,no_chatter,0,0.0004190506,16
turning,cnn_ae,global_mse,2p5inchStickout_F_12-Jun-2017_rpm770_doc0p002_window_0001,2p5inchStickout/F_12-Jun-2017_rpm770_doc0p002,train,42,3,cv_evaluation,no_chatter,0,0.0014940425,16
turning,cnn_ae,global_mse,2p5inchStickout_F_12-Jun-2017_rpm770_doc0p002_window_0002,2p5inchStickout/F_12-Jun-2017_rpm770_doc0p002,train,42,3,cv_evaluation,no_chatter,0,0.0098795025,16
turning,cnn_ae,global_mse,2p5inchStickout_F_12-Jun-2017_rpm770_doc0p002_window_0003,2p5inchStickout/F_12-Jun-2017_rpm770_doc0p002,train,42,3,cv_evaluation,no_chatter,0,0.0072315317,16
turning,cnn_ae,global_mse,3inchStickout_F_12-Jun-2017_rpm570_doc0p015_window_0000,3inchStickout/F_12-Jun-2017_rpm570_doc0p015,train,42,3,cv_evaluation,no_chatter,0,0.00010792248,16
turning,cnn_ae,global_mse,3inchStickout_F_12-Jun-2017_rpm570_doc0p015_window_0001,3inchStickout/F_12-Jun-2017_rpm570_doc0p015,test,42,3,cv_evaluation,no_chatter,0,0.00013453324,16
turning,cnn_ae,global_mse,3inchStickout_F_12-Jun-2017_rpm570_doc0p015_window_0002,3inchStickout/F_12-Jun-2017_rpm570_doc0p015,train,42,3,cv_evaluation,no_chatter,0,0.00020877323,16
turning,cnn_ae,global_mse,3inchStickout_F_12-Jun-2017_rpm570_doc0p015_window_0003,3inchStickout/F_12-Jun-2017_rpm570_doc0p015,train,42,3,cv_evaluation,no_chatter,0,0.0017637652,16
turning,cnn_ae,global_mse,3inchStickout_F_12-Jun-2017_rpm570_doc0p015_window_0004,3inchStickout/F_12-Jun-2017_rpm570_doc0p015,train,42,3,cv_evaluation,no_chatter,0,0.0025822462,16
turning,cnn_ae,global_mse,3inchStickout_F_12-Jun-2017_rpm570_doc0p015_window_0005,3inchStickout/F_12-Jun-2017_rpm570_doc0p015,train,42,3,cv_evaluation,no_chatter,0,0.0024184305,16
turning,cnn_ae,global_mse,3inchStickout_F_12-Jun-2017_rpm570_doc0p015_window_0006,3inchStickout/F_12-Jun-2017_rpm570_doc0p015,train,42,3,cv_evaluation,no_chatter,0,0.002687949,16
turning,cnn_ae,global_mse,3inchStickout_F_12-Jun-2017_rpm570_doc0p015_window_0007,3inchStickout/F_12-Jun-2017_rpm570_doc0p015,train,42,3,cv_evaluation,no_chatter,0,0.0024271042,16
turning,cnn_ae,global_mse,3inchStickout_F_12-Jun-2017_rpm570_doc0p015_window_0008,3inchStickout/F_12-Jun-2017_rpm570_doc0p015,train,42,3,cv_evaluation,no_chatter,0,0.0024230753,16
turning,cnn_ae,global_mse,3inchStickout_F_12-Jun-2017_rpm570_doc0p015_window_0009,3inchStickout/F_12-Jun-2017_rpm570_doc0p015,train,42,3,cv_evaluation,no_chatter,0,0.004211878,16
turning,cnn_ae,global_mse,4p5inchStickout_F_12-Jun-2017_rpm570_doc0p010_window_0000,4p5inchStickout/F_12-Jun-2017_rpm570_doc0p010,train,42,3,cv_evaluation,no_chatter,0,2.5397097e-05,16
turning,cnn_ae,global_mse,4p5inchStickout_F_12-Jun-2017_rpm570_doc0p010_window_0001,4p5inchStickout/F_12-Jun-2017_rpm570_doc0p010,train,42,3,cv_evaluation,no_chatter,0,3.9130955e-05,16
turning,cnn_ae,global_mse,4p5inchStickout_F_12-Jun-2017_rpm570_doc0p010_window_0002,4p5inchStickout/F_12-Jun-2017_rpm570_doc0p010,test,42,3,cv_evaluation,no_chatter,0,3.5294604e-05,16
turning,cnn_ae,global_mse,4p5inchStickout_F_12-Jun-2017_rpm570_doc0p010_window_0003,4p5inchStickout/F_12-Jun-2017_rpm570_doc0p010,train,42,3,cv_evaluation,no_chatter,0,3.4119414e-05,16
turning,cnn_ae,global_mse,4p5inchStickout_F_12-Jun-2017_rpm570_doc0p010_window_0004,4p5inchStickout/F_12-Jun-2017_rpm570_doc0p010,train,42,3,cv_evaluation,no_chatter,0,8.6440916e-05,16
turning,cnn_ae,global_mse,4p5inchStickout_F_12-Jun-2017_rpm570_doc0p010_window_0005,4p5inchStickout/F_12-Jun-2017_rpm570_doc0p010,train,42,3,cv_evaluation,no_chatter,0,0.0006362981,16
turning,cnn_ae,global_mse,4p5inchStickout_F_12-Jun-2017_rpm570_doc0p010_window_0006,4p5inchStickout/F_12-Jun-2017_rpm570_doc0p010,train,42,3,cv_evaluation,no_chatter,0,0.0009045073,16
turning,cnn_ae,global_mse,4p5inchStickout_F_12-Jun-2017_rpm570_doc0p010_window_0007,4p5inchStickout/F_12-Jun-2017_rpm570_doc0p010,train,42,3,cv_evaluation,no_chatter,0,0.0007892469,16
turning,cnn_ae,global_mse,4p5inchStickout_F_12-Jun-2017_rpm570_doc0p010_window_0008,4p5inchStickout/F_12-Jun-2017_rpm570_doc0p010,train,42,3,cv_evaluation,no_chatter,0,0.00081590103,16
turning,cnn_ae,global_mse,4p5inchStickout_F_12-Jun-2017_rpm570_doc0p010_window_0009,4p5inchStickout/F_12-Jun-2017_rpm570_doc0p010,train,42,3,cv_evaluation,no_chatter,0,0.0014960249,16
turning,cnn_ae,global_mse,4p5inchStickout_F_12-Jun-2017_rpm570_doc0p010_window_0010,4p5inchStickout/F_12-Jun-2017_rpm570_doc0p010,train,42,3,cv_evaluation,no_chatter,0,0.0009335236,16
turning,cnn_ae,global_mse,4p5inchStickout_F_12-Jun-2017_rpm570_doc0p010_window_0011,4p5inchStickout/F_12-Jun-2017_rpm570_doc0p010,train,42,3,cv_evaluation,no_chatter,0,0.00092098676,16
turning,cnn_ae,global_mse,4p5inchStickout_F_13-Jun-2017_rpm1030_doc0p012_window_0000,4p5inchStickout/F_13-Jun-2017_rpm1030_doc0p012,train,42,3,cv_evaluation,no_chatter,0,7.3489064e-05,16
turning,cnn_ae,global_mse,4p5inchStickout_F_13-Jun-2017_rpm1030_doc0p012_window_0001,4p5inchStickout/F_13-Jun-2017_rpm1030_doc0p012,train,42,3,cv_evaluation,no_chatter,0,0.0011007552,16
turning,cnn_ae,global_mse,4p5inchStickout_F_13-Jun-2017_rpm1030_doc0p012_window_0002,4p5inchStickout/F_13-Jun-2017_rpm1030_doc0p012,test,42,3,cv_evaluation,no_chatter,0,0.0009691818,16
turning,cnn_ae,global_mse,4p5inchStickout_F_13-Jun-2017_rpm1030_doc0p012_window_0003,4p5inchStickout/F_13-Jun-2017_rpm1030_doc0p012,train,42,3,cv_evaluation,no_chatter,0,0.0009619319,16
turning,cnn_ae,global_mse,4p5inchStickout_F_13-Jun-2017_rpm1030_doc0p016_window_0000,4p5inchStickout/F_13-Jun-2017_rpm1030_doc0p016,test,42,3,cv_evaluation,no_chatter,0,8.6456e-05,16
turning,cnn_ae,global_mse,4p5inchStickout_F_13-Jun-2017_rpm1030_doc0p016_window_0001,4p5inchStickout/F_13-Jun-2017_rpm1030_doc0p016,train,42,3,cv_evaluation,no_chatter,0,0.0009734966,16
turning,cnn_ae,global_mse,4p5inchStickout_F_13-Jun-2017_rpm1030_doc0p016_window_0002,4p5inchStickout/F_13-Jun-2017_rpm1030_doc0p016,train,42,3,cv_evaluation,no_chatter,0,0.0011322171,16
turning,cnn_ae,global_mse,4p5inchStickout_F_13-Jun-2017_rpm1030_doc0p016_window_0003,4p5inchStickout/F_13-Jun-2017_rpm1030_doc0p016,train,42,3,cv_evaluation,no_chatter,0,0.0010837235,16
turning,cnn_ae,global_mae,2inchStickout_F_08-Jun-2017_rpm320_doc0p035_window_0000,2inchStickout/F_08-Jun-2017_rpm320_doc0p035,train,42,3,cv_evaluation,no_chatter,0,0.002537228,16
turning,cnn_ae,global_mae,2inchStickout_F_08-Jun-2017_rpm320_doc0p035_window_0001,2inchStickout/F_08-Jun-2017_rpm320_doc0p035,train,42,3,cv_evaluation,no_chatter,0,0.0023810987,16
turning,cnn_ae,global_mae,2inchStickout_F_08-Jun-2017_rpm320_doc0p035_window_0002,2inchStickout/F_08-Jun-2017_rpm320_doc0p035,train,42,3,cv_evaluation,no_chatter,0,0.0022482327,16
turning,cnn_ae,global_mae,2inchStickout_F_08-Jun-2017_rpm320_doc0p035_window_0003,2inchStickout/F_08-Jun-2017_rpm320_doc0p035,validation,42,3,cv_evaluation,no_chatter,0,0.003152892,16
turning,cnn_ae,global_mae,2inchStickout_F_08-Jun-2017_rpm320_doc0p035_window_0004,2inchStickout/F_08-Jun-2017_rpm320_doc0p035,train,42,3,cv_evaluation,no_chatter,0,0.010483258,16
turning,cnn_ae,global_mae,2inchStickout_F_08-Jun-2017_rpm320_doc0p035_window_0005,2inchStickout/F_08-Jun-2017_rpm320_doc0p035,train,42,3,cv_evaluation,no_chatter,0,0.010086336,16
turning,cnn_ae,global_mae,2inchStickout_F_08-Jun-2017_rpm320_doc0p035_window_0006,2inchStickout/F_08-Jun-2017_rpm320_doc0p035,train,42,3,cv_evaluation,no_chatter,0,0.01040573,16
turning,cnn_ae,global_mae,2inchStickout_F_08-Jun-2017_rpm320_doc0p035_window_0007,2inchStickout/F_08-Jun-2017_rpm320_doc0p035,train,42,3,cv_evaluation,no_chatter,0,0.010796495,16
turning,cnn_ae,global_mae,2inchStickout_F_08-Jun-2017_rpm320_doc0p035_window_0008,2inchStickout/F_08-Jun-2017_rpm320_doc0p035,train,42,3,cv_evaluation,no_chatter,0,0.0106855575,16
turning,cnn_ae,global_mae,2inchStickout_F_08-Jun-2017_rpm320_doc0p035_window_0009,2inchStickout/F_08-Jun-2017_rpm320_doc0p035,train,42,3,cv_evaluation,no_chatter,0,0.010636454,16
turning,cnn_ae,global_mae,2inchStickout_F_08-Jun-2017_rpm320_doc0p035_window_0010,2inchStickout/F_08-Jun-2017_rpm320_doc0p035,train,42,3,cv_evaluation,no_chatter,0,0.012072594,16
turning,cnn_ae,global_mae,2inchStickout_F_08-Jun-2017_rpm320_doc0p035_window_0011,2inchStickout/F_08-Jun-2017_rpm320_doc0p035,train,42,3,cv_evaluation,no_chatter,0,0.011810912,16
turning,cnn_ae,global_mae,2inchStickout_F_08-Jun-2017_rpm320_doc0p035_window_0012,2inchStickout/F_08-Jun-2017_rpm320_doc0p035,train,42,3,cv_evaluation,no_chatter,0,0.01218279,16
turning,cnn_ae,global_mae,2inchStickout_F_08-Jun-2017_rpm320_doc0p035_window_0013,2inchStickout/F_08-Jun-2017_rpm320_doc0p035,train,42,3,cv_evaluation,no_chatter,0,0.013031901,16
turning,cnn_ae,global_mae,2inchStickout_F_08-Jun-2017_rpm320_doc0p035_window_0014,2inchStickout/F_08-Jun-2017_rpm320_doc0p035,train,42,3,cv_evaluation,no_chatter,0,0.011043774,16
turning,cnn_ae,global_mae,2inchStickout_F_08-Jun-2017_rpm320_doc0p035_window_0015,2inchStickout/F_08-Jun-2017_rpm320_doc0p035,train,42,3,cv_evaluation,no_chatter,0,0.012552585,16
turning,cnn_ae,global_mae,2inchStickout_F_08-Jun-2017_rpm320_doc0p035_window_0016,2inchStickout/F_08-Jun-2017_rpm320_doc0p035,train,42,3,cv_evaluation,no_chatter,0,0.012466512,16
turning,cnn_ae,global_mae,2inchStickout_F_08-Jun-2017_rpm320_doc0p035_window_0017,2inchStickout/F_08-Jun-2017_rpm320_doc0p035,train,42,3,cv_evaluation,no_chatter,0,0.013091239,16
turning,cnn_ae,global_mae,2inchStickout_F_08-Jun-2017_rpm320_doc0p035_window_0018,2inchStickout/F_08-Jun-2017_rpm320_doc0p035,train,42,3,cv_evaluation,no_chatter,0,0.013734574,16
turning,cnn_ae,global_mae,2inchStickout_F_08-Jun-2017_rpm320_doc0p035_window_0019,2inchStickout/F_08-Jun-2017_rpm320_doc0p035,train,42,3,cv_evaluation,no_chatter,0,0.01409079,16
turning,cnn_ae,global_mae,2inchStickout_F_08-Jun-2017_rpm320_doc0p035_window_0020,2inchStickout/F_08-Jun-2017_rpm320_doc0p035,validation,42,3,cv_evaluation,no_chatter,0,0.014447443,16
turning,cnn_ae,global_mae,2inchStickout_F_08-Jun-2017_rpm320_doc0p035_window_0021,2inchStickout/F_08-Jun-2017_rpm320_doc0p035,train,42,3,cv_evaluation,no_chatter,0,0.014616873,16
turning,cnn_ae,global_mae,2inchStickout_F_08-Jun-2017_rpm320_doc0p035_window_0022,2inchStickout/F_08-Jun-2017_rpm320_doc0p035,validation,42,3,cv_evaluation,no_chatter,0,0.015591282,16
turning,cnn_ae,global_mae,2inchStickout_F_08-Jun-2017_rpm320_doc0p035_window_0023,2inchStickout/F_08-Jun-2017_rpm320_doc0p035,train,42,3,cv_evaluation,no_chatter,0,0.016246716,16
turning,cnn_ae,global_mae,2inchStickout_F_08-Jun-2017_rpm320_doc0p040_window_0000,2inchStickout/F_08-Jun-2017_rpm320_doc0p040,test,42,3,cv_evaluation,no_chatter,0,0.0025384075,16
turning,cnn_ae,global_mae,2inchStickout_F_08-Jun-2017_rpm320_doc0p040_window_0001,2inchStickout/F_08-Jun-2017_rpm320_doc0p040,train,42,3,cv_evaluation,no_chatter,0,0.0024285922,16
turning,cnn_ae,global_mae,2inchStickout_F_08-Jun-2017_rpm320_doc0p040_window_0002,2inchStickout/F_08-Jun-2017_rpm320_doc0p040,train,42,3,cv_evaluation,no_chatter,0,0.002397774,16
turning,cnn_ae,global_mae,2inchStickout_F_08-Jun-2017_rpm320_doc0p040_window_0003,2inchStickout/F_08-Jun-2017_rpm320_doc0p040,test,42,3,cv_evaluation,no_chatter,0,0.010756653,16
turning,cnn_ae,global_mae,2inchStickout_F_08-Jun-2017_rpm320_doc0p040_window_0004,2inchStickout/F_08-Jun-2017_rpm320_doc0p040,test,42,3,cv_evaluation,no_chatter,0,0.012035252,16
turning,cnn_ae,global_mae,2inchStickout_F_08-Jun-2017_rpm320_doc0p040_window_0005,2inchStickout/F_08-Jun-2017_rpm320_doc0p040,train,42,3,cv_evaluation,no_chatter,0,0.012626924,16
turning,cnn_ae,global_mae,2inchStickout_F_08-Jun-2017_rpm320_doc0p040_window_0006,2inchStickout/F_08-Jun-2017_rpm320_doc0p040,train,42,3,cv_evaluation,no_chatter,0,0.011946446,16
turning,cnn_ae,global_mae,2inchStickout_F_08-Jun-2017_rpm320_doc0p040_window_0007,2inchStickout/F_08-Jun-2017_rpm320_doc0p040,train,42,3,cv_evaluation,no_chatter,0,0.012547793,16
turning,cnn_ae,global_mae,2inchStickout_F_08-Jun-2017_rpm320_doc0p040_window_0008,2inchStickout/F_08-Jun-2017_rpm320_doc0p040,train,42,3,cv_evaluation,no_chatter,0,0.015001009,16
turning,cnn_ae,global_mae,2inchStickout_F_08-Jun-2017_rpm320_doc0p040_window_0009,2inchStickout/F_08-Jun-2017_rpm320_doc0p040,train,42,3,cv_evaluation,no_chatter,0,0.015986314,16
turning,cnn_ae,global_mae,2inchStickout_F_08-Jun-2017_rpm320_doc0p040_window_0010,2inchStickout/F_08-Jun-2017_rpm320_doc0p040,train,42,3,cv_evaluation,no_chatter,0,0.0152891185,16
turning,cnn_ae,global_mae,2inchStickout_F_08-Jun-2017_rpm320_doc0p040_window_0011,2inchStickout/F_08-Jun-2017_rpm320_doc0p040,train,42,3,cv_evaluation,no_chatter,0,0.014409816,16
turning,cnn_ae,global_mae,2inchStickout_F_08-Jun-2017_rpm320_doc0p040_window_0012,2inchStickout/F_08-Jun-2017_rpm320_doc0p040,test,42,3,cv_evaluation,no_chatter,0,0.016985495,16
turning,cnn_ae,global_mae,2inchStickout_F_08-Jun-2017_rpm320_doc0p040_window_0013,2inchStickout/F_08-Jun-2017_rpm320_doc0p040,train,42,3,cv_evaluation,no_chatter,0,0.016259016,16
turning,cnn_ae,global_mae,2inchStickout_F_08-Jun-2017_rpm320_doc0p040_window_0014,2inchStickout/F_08-Jun-2017_rpm320_doc0p040,train,42,3,cv_evaluation,no_chatter,0,0.015964199,16
turning,cnn_ae,global_mae,2inchStickout_F_08-Jun-2017_rpm320_doc0p040_window_0015,2inchStickout/F_08-Jun-2017_rpm320_doc0p040,train,42,3,cv_evaluation,no_chatter,0,0.015289461,16
turning,cnn_ae,global_mae,2inchStickout_F_08-Jun-2017_rpm320_doc0p040_window_0016,2inchStickout/F_08-Jun-2017_rpm320_doc0p040,train,42,3,cv_evaluation,no_chatter,0,0.012554262,16
turning,cnn_ae,global_mae,2inchStickout_F_08-Jun-2017_rpm320_doc0p040_window_0017,2inchStickout/F_08-Jun-2017_rpm320_doc0p040,train,42,3,cv_evaluation,no_chatter,0,0.012318705,16
turning,cnn_ae,global_mae,2inchStickout_F_08-Jun-2017_rpm320_doc0p040_window_0018,2inchStickout/F_08-Jun-2017_rpm320_doc0p040,train,42,3,cv_evaluation,no_chatter,0,0.013581491,16
turning,cnn_ae,global_mae,2inchStickout_F_08-Jun-2017_rpm320_doc0p040_window_0019,2inchStickout/F_08-Jun-2017_rpm320_doc0p040,train,42,3,cv_evaluation,no_chatter,0,0.013804845,16
turning,cnn_ae,global_mae,2inchStickout_F_08-Jun-2017_rpm320_doc0p040_window_0020,2inchStickout/F_08-Jun-2017_rpm320_doc0p040,train,42,3,cv_evaluation,no_chatter,0,0.014038387,16
turning,cnn_ae,global_mae,2inchStickout_F_08-Jun-2017_rpm320_doc0p040_window_0021,2inchStickout/F_08-Jun-2017_rpm320_doc0p040,train,42,3,cv_evaluation,no_chatter,0,0.011666874,16
turning,cnn_ae,global_mae,2inchStickout_F_08-Jun-2017_rpm320_doc0p040_window_0022,2inchStickout/F_08-Jun-2017_rpm320_doc0p040,test,42,3,cv_evaluation,no_chatter,0,0.012907336,16
turning,cnn_ae,global_mae,2inchStickout_F_08-Jun-2017_rpm320_doc0p040_window_0023,2inchStickout/F_08-Jun-2017_rpm320_doc0p040,train,42,3,cv_evaluation,no_chatter,0,0.011556646,16
turning,cnn_ae,global_mae,2inchStickout_F_08-Jun-2017_rpm425_doc0p005_window_0000,2inchStickout/F_08-Jun-2017_rpm425_doc0p005,train,42,3,cv_evaluation,no_chatter,0,0.0038397796,16
turning,cnn_ae,global_mae,2inchStickout_F_08-Jun-2017_rpm425_doc0p005_window_0001,2inchStickout/F_08-Jun-2017_rpm425_doc0p005,train,42,3,cv_evaluation,no_chatter,0,0.0037717198,16
turning,cnn_ae,global_mae,2inchStickout_F_08-Jun-2017_rpm425_doc0p005_window_0002,2inchStickout/F_08-Jun-2017_rpm425_doc0p005,train,42,3,cv_evaluation,no_chatter,0,0.009152974,16
turning,cnn_ae,global_mae,2inchStickout_F_08-Jun-2017_rpm425_doc0p005_window_0003,2inchStickout/F_08-Jun-2017_rpm425_doc0p005,test,42,3,cv_evaluation,no_chatter,0,0.014383822,16
turning,cnn_ae,global_mae,2inchStickout_F_08-Jun-2017_rpm425_doc0p005_window_0004,2inchStickout/F_08-Jun-2017_rpm425_doc0p005,train,42,3,cv_evaluation,no_chatter,0,0.014363825,16
turning,cnn_ae,global_mae,2inchStickout_F_08-Jun-2017_rpm425_doc0p005_window_0005,2inchStickout/F_08-Jun-2017_rpm425_doc0p005,test,42,3,cv_evaluation,no_chatter,0,0.014806045,16
turning,cnn_ae,global_mae,2inchStickout_F_08-Jun-2017_rpm425_doc0p005_window_0006,2inchStickout/F_08-Jun-2017_rpm425_doc0p005,train,42,3,cv_evaluation,no_chatter,0,0.014071834,16
turning,cnn_ae,global_mae,2inchStickout_F_08-Jun-2017_rpm425_doc0p005_window_0007,2inchStickout/F_08-Jun-2017_rpm425_doc0p005,train,42,3,cv_evaluation,no_chatter,0,0.015786726,16
turning,cnn_ae,global_mae,2inchStickout_F_08-Jun-2017_rpm425_doc0p015_window_0000,2inchStickout/F_08-Jun-2017_rpm425_doc0p015,train,42,3,cv_evaluation,no_chatter,0,0.0031209479,16
turning,cnn_ae,global_mae,2inchStickout_F_08-Jun-2017_rpm425_doc0p015_window_0001,2inchStickout/F_08-Jun-2017_rpm425_doc0p015,train,42,3,cv_evaluation,no_chatter,0,0.0030864424,16
turning,cnn_ae,global_mae,2inchStickout_F_08-Jun-2017_rpm425_doc0p015_window_0002,2inchStickout/F_08-Jun-2017_rpm425_doc0p015,train,42,3,cv_evaluation,no_chatter,0,0.01140703,16
turning,cnn_ae,global_mae,2inchStickout_F_08-Jun-2017_rpm425_doc0p015_window_0003,2inchStickout/F_08-Jun-2017_rpm425_doc0p015,train,42,3,cv_evaluation,no_chatter,0,0.0145827895,16
turning,cnn_ae,global_mae,2inchStickout_F_08-Jun-2017_rpm425_doc0p015_window_0004,2inchStickout/F_08-Jun-2017_rpm425_doc0p015,train,42,3,cv_evaluation,no_chatter,0,0.017084358,16
turning,cnn_ae,global_mae,2inchStickout_F_08-Jun-2017_rpm425_doc0p015_window_0005,2inchStickout/F_08-Jun-2017_rpm425_doc0p015,train,42,3,cv_evaluation,no_chatter,0,0.017229445,16
turning,cnn_ae,global_mae,2inchStickout_F_08-Jun-2017_rpm425_doc0p015_window_0006,2inchStickout/F_08-Jun-2017_rpm425_doc0p015,train,42,3,cv_evaluation,no_chatter,0,0.020356411,16
turning,cnn_ae,global_mae,2inchStickout_F_08-Jun-2017_rpm425_doc0p015_window_0007,2inchStickout/F_08-Jun-2017_rpm425_doc0p015,validation,42,3,cv_evaluation,no_chatter,0,0.02039002,16
turning,cnn_ae,global_mae,2inchStickout_F_08-Jun-2017_rpm770_doc0p005_window_0000,2inchStickout/F_08-Jun-2017_rpm770_doc0p005,validation,42,3,cv_evaluation,chatter,1,0.06366236,16
turning,cnn_ae,global_mae,2inchStickout_F_08-Jun-2017_rpm770_doc0p005_window_0001,2inchStickout/F_08-Jun-2017_rpm770_doc0p005,validation,42,3,cv_evaluation,chatter,1,0.08725354,16
turning,cnn_ae,global_mae,2inchStickout_F_08-Jun-2017_rpm770_doc0p005_window_0002,2inchStickout/F_08-Jun-2017_rpm770_doc0p005,validation,42,3,cv_evaluation,chatter,1,0.08437168,16
turning,cnn_ae,global_mae,2inchStickout_F_08-Jun-2017_rpm770_doc0p005_window_0003,2inchStickout/F_08-Jun-2017_rpm770_doc0p005,validation,42,3,cv_evaluation,chatter,1,0.08588626,16
turning,cnn_ae,global_mae,2inchStickout_F_08-Jun-2017_rpm770_doc0p005_window_0004,2inchStickout/F_08-Jun-2017_rpm770_doc0p005,validation,42,3,cv_evaluation,chatter,1,0.09850573,16
turning,cnn_ae,global_mae,2inchStickout_F_08-Jun-2017_rpm770_doc0p005_window_0005,2inchStickout/F_08-Jun-2017_rpm770_doc0p005,validation,42,3,cv_evaluation,chatter,1,0.09622834,16
turning,cnn_ae,global_mae,2inchStickout_F_08-Jun-2017_rpm770_doc0p005_window_0006,2inchStickout/F_08-Jun-2017_rpm770_doc0p005,validation,42,3,cv_evaluation,chatter,1,0.0943443,16
turning,cnn_ae,global_mae,2inchStickout_F_08-Jun-2017_rpm770_doc0p005_window_0007,2inchStickout/F_08-Jun-2017_rpm770_doc0p005,validation,42,3,cv_evaluation,chatter,1,0.09764729,16
turning,cnn_ae,global_mae,2inchStickout_F_08-Jun-2017_rpm770_doc0p005_window_0008,2inchStickout/F_08-Jun-2017_rpm770_doc0p005,validation,42,3,cv_evaluation,chatter,1,0.09593388,16
turning,cnn_ae,global_mae,2inchStickout_F_08-Jun-2017_rpm770_doc0p005_window_0009,2inchStickout/F_08-Jun-2017_rpm770_doc0p005,validation,42,3,cv_evaluation,chatter,1,0.0881746,16
turning,cnn_ae,global_mae,2inchStickout_F_08-Jun-2017_rpm770_doc0p005_window_0010,2inchStickout/F_08-Jun-2017_rpm770_doc0p005,validation,42,3,cv_evaluation,chatter,1,0.057251964,16
turning,cnn_ae,global_mae,2inchStickout_F_08-Jun-2017_rpm770_doc0p005_window_0011,2inchStickout/F_08-Jun-2017_rpm770_doc0p005,train,42,3,cv_evaluation,no_chatter,0,0.052585017,16
turning,cnn_ae,global_mae,2p5inchStickout_F_12-Jun-2017_rpm570_doc0p015_window_0000,2p5inchStickout/F_12-Jun-2017_rpm570_doc0p015,validation,42,3,cv_evaluation,no_chatter,0,0.0043426603,16
turning,cnn_ae,global_mae,2p5inchStickout_F_12-Jun-2017_rpm570_doc0p015_window_0001,2p5inchStickout/F_12-Jun-2017_rpm570_doc0p015,train,42,3,cv_evaluation,no_chatter,0,0.016324727,16
turning,cnn_ae,global_mae,2p5inchStickout_F_12-Jun-2017_rpm570_doc0p015_window_0002,2p5inchStickout/F_12-Jun-2017_rpm570_doc0p015,train,42,3,cv_evaluation,no_chatter,0,0.028625727,16
turning,cnn_ae,global_mae,2p5inchStickout_F_12-Jun-2017_rpm570_doc0p015_window_0003,2p5inchStickout/F_12-Jun-2017_rpm570_doc0p015,train,42,3,cv_evaluation,no_chatter,0,0.030816043,16
turning,cnn_ae,global_mae,2p5inchStickout_F_12-Jun-2017_rpm570_doc0p015_window_0004,2p5inchStickout/F_12-Jun-2017_rpm570_doc0p015,train,42,3,cv_evaluation,no_chatter,0,0.021275166,16
turning,cnn_ae,global_mae,2p5inchStickout_F_12-Jun-2017_rpm570_doc0p015_window_0005,2p5inchStickout/F_12-Jun-2017_rpm570_doc0p015,train,42,3,cv_evaluation,no_chatter,0,0.030458003,16
turning,cnn_ae,global_mae,2p5inchStickout_F_12-Jun-2017_rpm570_doc0p015_window_0006,2p5inchStickout/F_12-Jun-2017_rpm570_doc0p015,train,42,3,cv_evaluation,no_chatter,0,0.034959536,16
turning,cnn_ae,global_mae,2p5inchStickout_F_12-Jun-2017_rpm570_doc0p015_window_0007,2p5inchStickout/F_12-Jun-2017_rpm570_doc0p015,train,42,3,cv_evaluation,no_chatter,0,0.028363544,16
turning,cnn_ae,global_mae,2p5inchStickout_F_12-Jun-2017_rpm570_doc0p015_window_0008,2p5inchStickout/F_12-Jun-2017_rpm570_doc0p015,train,42,3,cv_evaluation,no_chatter,0,0.02971688,16
turning,cnn_ae,global_mae,2p5inchStickout_F_12-Jun-2017_rpm570_doc0p015_window_0009,2p5inchStickout/F_12-Jun-2017_rpm570_doc0p015,train,42,3,cv_evaluation,no_chatter,0,0.05279007,16
turning,cnn_ae,global_mae,2p5inchStickout_F_12-Jun-2017_rpm770_doc0p002_window_0000,2p5inchStickout/F_12-Jun-2017_rpm770_doc0p002,train,42,3,cv_evaluation,no_chatter,0,0.0059806574,16
turning,cnn_ae,global_mae,2p5inchStickout_F_12-Jun-2017_rpm770_doc0p002_window_0001,2p5inchStickout/F_12-Jun-2017_rpm770_doc0p002,train,42,3,cv_evaluation,no_chatter,0,0.02239199,16
turning,cnn_ae,global_mae,2p5inchStickout_F_12-Jun-2017_rpm770_doc0p002_window_0002,2p5inchStickout/F_12-Jun-2017_rpm770_doc0p002,train,42,3,cv_evaluation,no_chatter,0,0.060592208,16
turning,cnn_ae,global_mae,2p5inchStickout_F_12-Jun-2017_rpm770_doc0p002_window_0003,2p5inchStickout/F_12-Jun-2017_rpm770_doc0p002,train,42,3,cv_evaluation,no_chatter,0,0.052582394,16
turning,cnn_ae,global_mae,3inchStickout_F_12-Jun-2017_rpm570_doc0p015_window_0000,3inchStickout/F_12-Jun-2017_rpm570_doc0p015,train,42,3,cv_evaluation,no_chatter,0,0.00261602,16
turning,cnn_ae,global_mae,3inchStickout_F_12-Jun-2017_rpm570_doc0p015_window_0001,3inchStickout/F_12-Jun-2017_rpm570_doc0p015,test,42,3,cv_evaluation,no_chatter,0,0.0028323252,16
turning,cnn_ae,global_mae,3inchStickout_F_12-Jun-2017_rpm570_doc0p015_window_0002,3inchStickout/F_12-Jun-2017_rpm570_doc0p015,train,42,3,cv_evaluation,no_chatter,0,0.004221069,16
turning,cnn_ae,global_mae,3inchStickout_F_12-Jun-2017_rpm570_doc0p015_window_0003,3inchStickout/F_12-Jun-2017_rpm570_doc0p015,train,42,3,cv_evaluation,no_chatter,0,0.020778509,16
turning,cnn_ae,global_mae,3inchStickout_F_12-Jun-2017_rpm570_doc0p015_window_0004,3inchStickout/F_12-Jun-2017_rpm570_doc0p015,train,42,3,cv_evaluation,no_chatter,0,0.026993813,16
turning,cnn_ae,global_mae,3inchStickout_F_12-Jun-2017_rpm570_doc0p015_window_0005,3inchStickout/F_12-Jun-2017_rpm570_doc0p015,train,42,3,cv_evaluation,no_chatter,0,0.02620293,16
turning,cnn_ae,global_mae,3inchStickout_F_12-Jun-2017_rpm570_doc0p015_window_0006,3inchStickout/F_12-Jun-2017_rpm570_doc0p015,train,42,3,cv_evaluation,no_chatter,0,0.02728026,16
turning,cnn_ae,global_mae,3inchStickout_F_12-Jun-2017_rpm570_doc0p015_window_0007,3inchStickout/F_12-Jun-2017_rpm570_doc0p015,train,42,3,cv_evaluation,no_chatter,0,0.025679916,16
turning,cnn_ae,global_mae,3inchStickout_F_12-Jun-2017_rpm570_doc0p015_window_0008,3inchStickout/F_12-Jun-2017_rpm570_doc0p015,train,42,3,cv_evaluation,no_chatter,0,0.02568922,16
turning,cnn_ae,global_mae,3inchStickout_F_12-Jun-2017_rpm570_doc0p015_window_0009,3inchStickout/F_12-Jun-2017_rpm570_doc0p015,train,42,3,cv_evaluation,no_chatter,0,0.035136696,16
turning,cnn_ae,global_mae,4p5inchStickout_F_12-Jun-2017_rpm570_doc0p010_window_0000,4p5inchStickout/F_12-Jun-2017_rpm570_doc0p010,train,42,3,cv_evaluation,no_chatter,0,0.0013884644,16
turning,cnn_ae,global_mae,4p5inchStickout_F_12-Jun-2017_rpm570_doc0p010_window_0001,4p5inchStickout/F_12-Jun-2017_rpm570_doc0p010,train,42,3,cv_evaluation,no_chatter,0,0.0016609567,16
turning,cnn_ae,global_mae,4p5inchStickout_F_12-Jun-2017_rpm570_doc0p010_window_0002,4p5inchStickout/F_12-Jun-2017_rpm570_doc0p010,test,42,3,cv_evaluation,no_chatter,0,0.0015847752,16
turning,cnn_ae,global_mae,4p5inchStickout_F_12-Jun-2017_rpm570_doc0p010_window_0003,4p5inchStickout/F_12-Jun-2017_rpm570_doc0p010,train,42,3,cv_evaluation,no_chatter,0,0.0014863019,16
turning,cnn_ae,global_mae,4p5inchStickout_F_12-Jun-2017_rpm570_doc0p010_window_0004,4p5inchStickout/F_12-Jun-2017_rpm570_doc0p010,train,42,3,cv_evaluation,no_chatter,0,0.002313248,16
turning,cnn_ae,global_mae,4p5inchStickout_F_12-Jun-2017_rpm570_doc0p010_window_0005,4p5inchStickout/F_12-Jun-2017_rpm570_doc0p010,train,42,3,cv_evaluation,no_chatter,0,0.015178545,16
turning,cnn_ae,global_mae,4p5inchStickout_F_12-Jun-2017_rpm570_doc0p010_window_0006,4p5inchStickout/F_12-Jun-2017_rpm570_doc0p010,train,42,3,cv_evaluation,no_chatter,0,0.018321473,16
turning,cnn_ae,global_mae,4p5inchStickout_F_12-Jun-2017_rpm570_doc0p010_window_0007,4p5inchStickout/F_12-Jun-2017_rpm570_doc0p010,train,42,3,cv_evaluation,no_chatter,0,0.017104285,16
turning,cnn_ae,global_mae,4p5inchStickout_F_12-Jun-2017_rpm570_doc0p010_window_0008,4p5inchStickout/F_12-Jun-2017_rpm570_doc0p010,train,42,3,cv_evaluation,no_chatter,0,0.017071119,16
turning,cnn_ae,global_mae,4p5inchStickout_F_12-Jun-2017_rpm570_doc0p010_window_0009,4p5inchStickout/F_12-Jun-2017_rpm570_doc0p010,train,42,3,cv_evaluation,no_chatter,0,0.022339676,16
turning,cnn_ae,global_mae,4p5inchStickout_F_12-Jun-2017_rpm570_doc0p010_window_0010,4p5inchStickout/F_12-Jun-2017_rpm570_doc0p010,train,42,3,cv_evaluation,no_chatter,0,0.018957118,16
turning,cnn_ae,global_mae,4p5inchStickout_F_12-Jun-2017_rpm570_doc0p010_window_0011,4p5inchStickout/F_12-Jun-2017_rpm570_doc0p010,train,42,3,cv_evaluation,no_chatter,0,0.018450087,16
turning,cnn_ae,global_mae,4p5inchStickout_F_13-Jun-2017_rpm1030_doc0p012_window_0000,4p5inchStickout/F_13-Jun-2017_rpm1030_doc0p012,train,42,3,cv_evaluation,no_chatter,0,0.002245372,16
turning,cnn_ae,global_mae,4p5inchStickout_F_13-Jun-2017_rpm1030_doc0p012_window_0001,4p5inchStickout/F_13-Jun-2017_rpm1030_doc0p012,train,42,3,cv_evaluation,no_chatter,0,0.018806638,16
turning,cnn_ae,global_mae,4p5inchStickout_F_13-Jun-2017_rpm1030_doc0p012_window_0002,4p5inchStickout/F_13-Jun-2017_rpm1030_doc0p012,test,42,3,cv_evaluation,no_chatter,0,0.02083295,16
turning,cnn_ae,global_mae,4p5inchStickout_F_13-Jun-2017_rpm1030_doc0p012_window_0003,4p5inchStickout/F_13-Jun-2017_rpm1030_doc0p012,train,42,3,cv_evaluation,no_chatter,0,0.020116918,16
turning,cnn_ae,global_mae,4p5inchStickout_F_13-Jun-2017_rpm1030_doc0p016_window_0000,4p5inchStickout/F_13-Jun-2017_rpm1030_doc0p016,test,42,3,cv_evaluation,no_chatter,0,0.0024353317,16
turning,cnn_ae,global_mae,4p5inchStickout_F_13-Jun-2017_rpm1030_doc0p016_window_0001,4p5inchStickout/F_13-Jun-2017_rpm1030_doc0p016,train,42,3,cv_evaluation,no_chatter,0,0.02035138,16
turning,cnn_ae,global_mae,4p5inchStickout_F_13-Jun-2017_rpm1030_doc0p016_window_0002,4p5inchStickout/F_13-Jun-2017_rpm1030_doc0p016,train,42,3,cv_evaluation,no_chatter,0,0.023407804,16
turning,cnn_ae,global_mae,4p5inchStickout_F_13-Jun-2017_rpm1030_doc0p016_window_0003,4p5inchStickout/F_13-Jun-2017_rpm1030_doc0p016,train,42,3,cv_evaluation,no_chatter,0,0.022657314,16
turning,cnn_ae,ver_max,2inchStickout_F_08-Jun-2017_rpm320_doc0p035_window_0000,2inchStickout/F_08-Jun-2017_rpm320_doc0p035,train,42,3,cv_evaluation,no_chatter,0,9.9839424e-05,16
turning,cnn_ae,ver_max,2inchStickout_F_08-Jun-2017_rpm320_doc0p035_window_0001,2inchStickout/F_08-Jun-2017_rpm320_doc0p035,train,42,3,cv_evaluation,no_chatter,0,8.540478e-05,16
turning,cnn_ae,ver_max,2inchStickout_F_08-Jun-2017_rpm320_doc0p035_window_0002,2inchStickout/F_08-Jun-2017_rpm320_doc0p035,train,42,3,cv_evaluation,no_chatter,0,6.890637e-05,16
turning,cnn_ae,ver_max,2inchStickout_F_08-Jun-2017_rpm320_doc0p035_window_0003,2inchStickout/F_08-Jun-2017_rpm320_doc0p035,validation,42,3,cv_evaluation,no_chatter,0,0.00089165085,16
turning,cnn_ae,ver_max,2inchStickout_F_08-Jun-2017_rpm320_doc0p035_window_0004,2inchStickout/F_08-Jun-2017_rpm320_doc0p035,train,42,3,cv_evaluation,no_chatter,0,0.0008932116,16
turning,cnn_ae,ver_max,2inchStickout_F_08-Jun-2017_rpm320_doc0p035_window_0005,2inchStickout/F_08-Jun-2017_rpm320_doc0p035,train,42,3,cv_evaluation,no_chatter,0,0.0005396997,16
turning,cnn_ae,ver_max,2inchStickout_F_08-Jun-2017_rpm320_doc0p035_window_0006,2inchStickout/F_08-Jun-2017_rpm320_doc0p035,train,42,3,cv_evaluation,no_chatter,0,0.00048224116,16
turning,cnn_ae,ver_max,2inchStickout_F_08-Jun-2017_rpm320_doc0p035_window_0007,2inchStickout/F_08-Jun-2017_rpm320_doc0p035,train,42,3,cv_evaluation,no_chatter,0,0.00049234,16
turning,cnn_ae,ver_max,2inchStickout_F_08-Jun-2017_rpm320_doc0p035_window_0008,2inchStickout/F_08-Jun-2017_rpm320_doc0p035,train,42,3,cv_evaluation,no_chatter,0,0.00048086155,16
turning,cnn_ae,ver_max,2inchStickout_F_08-Jun-2017_rpm320_doc0p035_window_0009,2inchStickout/F_08-Jun-2017_rpm320_doc0p035,train,42,3,cv_evaluation,no_chatter,0,0.0005135373,16
turning,cnn_ae,ver_max,2inchStickout_F_08-Jun-2017_rpm320_doc0p035_window_0010,2inchStickout/F_08-Jun-2017_rpm320_doc0p035,train,42,3,cv_evaluation,no_chatter,0,0.0007185132,16
turning,cnn_ae,ver_max,2inchStickout_F_08-Jun-2017_rpm320_doc0p035_window_0011,2inchStickout/F_08-Jun-2017_rpm320_doc0p035,train,42,3,cv_evaluation,no_chatter,0,0.000775843,16
turning,cnn_ae,ver_max,2inchStickout_F_08-Jun-2017_rpm320_doc0p035_window_0012,2inchStickout/F_08-Jun-2017_rpm320_doc0p035,train,42,3,cv_evaluation,no_chatter,0,0.0007736562,16
turning,cnn_ae,ver_max,2inchStickout_F_08-Jun-2017_rpm320_doc0p035_window_0013,2inchStickout/F_08-Jun-2017_rpm320_doc0p035,train,42,3,cv_evaluation,no_chatter,0,0.0009474495,16
turning,cnn_ae,ver_max,2inchStickout_F_08-Jun-2017_rpm320_doc0p035_window_0014,2inchStickout/F_08-Jun-2017_rpm320_doc0p035,train,42,3,cv_evaluation,no_chatter,0,0.0004770157,16
turning,cnn_ae,ver_max,2inchStickout_F_08-Jun-2017_rpm320_doc0p035_window_0015,2inchStickout/F_08-Jun-2017_rpm320_doc0p035,train,42,3,cv_evaluation,no_chatter,0,0.0010955337,16
turning,cnn_ae,ver_max,2inchStickout_F_08-Jun-2017_rpm320_doc0p035_window_0016,2inchStickout/F_08-Jun-2017_rpm320_doc0p035,train,42,3,cv_evaluation,no_chatter,0,0.0006804334,16
turning,cnn_ae,ver_max,2inchStickout_F_08-Jun-2017_rpm320_doc0p035_window_0017,2inchStickout/F_08-Jun-2017_rpm320_doc0p035,train,42,3,cv_evaluation,no_chatter,0,0.00088598003,16
turning,cnn_ae,ver_max,2inchStickout_F_08-Jun-2017_rpm320_doc0p035_window_0018,2inchStickout/F_08-Jun-2017_rpm320_doc0p035,train,42,3,cv_evaluation,no_chatter,0,0.00066409976,16
turning,cnn_ae,ver_max,2inchStickout_F_08-Jun-2017_rpm320_doc0p035_window_0019,2inchStickout/F_08-Jun-2017_rpm320_doc0p035,train,42,3,cv_evaluation,no_chatter,0,0.000937701,16
turning,cnn_ae,ver_max,2inchStickout_F_08-Jun-2017_rpm320_doc0p035_window_0020,2inchStickout/F_08-Jun-2017_rpm320_doc0p035,validation,42,3,cv_evaluation,no_chatter,0,0.0008594001,16
turning,cnn_ae,ver_max,2inchStickout_F_08-Jun-2017_rpm320_doc0p035_window_0021,2inchStickout/F_08-Jun-2017_rpm320_doc0p035,train,42,3,cv_evaluation,no_chatter,0,0.0008505298,16
turning,cnn_ae,ver_max,2inchStickout_F_08-Jun-2017_rpm320_doc0p035_window_0022,2inchStickout/F_08-Jun-2017_rpm320_doc0p035,validation,42,3,cv_evaluation,no_chatter,0,0.0011699975,16
turning,cnn_ae,ver_max,2inchStickout_F_08-Jun-2017_rpm320_doc0p035_window_0023,2inchStickout/F_08-Jun-2017_rpm320_doc0p035,train,42,3,cv_evaluation,no_chatter,0,0.001078762,16
turning,cnn_ae,ver_max,2inchStickout_F_08-Jun-2017_rpm320_doc0p040_window_0000,2inchStickout/F_08-Jun-2017_rpm320_doc0p040,test,42,3,cv_evaluation,no_chatter,0,8.8073386e-05,16
turning,cnn_ae,ver_max,2inchStickout_F_08-Jun-2017_rpm320_doc0p040_window_0001,2inchStickout/F_08-Jun-2017_rpm320_doc0p040,train,42,3,cv_evaluation,no_chatter,0,0.00010875997,16
turning,cnn_ae,ver_max,2inchStickout_F_08-Jun-2017_rpm320_doc0p040_window_0002,2inchStickout/F_08-Jun-2017_rpm320_doc0p040,train,42,3,cv_evaluation,no_chatter,0,9.439355e-05,16
turning,cnn_ae,ver_max,2inchStickout_F_08-Jun-2017_rpm320_doc0p040_window_0003,2inchStickout/F_08-Jun-2017_rpm320_doc0p040,test,42,3,cv_evaluation,no_chatter,0,0.002610225,16
turning,cnn_ae,ver_max,2inchStickout_F_08-Jun-2017_rpm320_doc0p040_window_0004,2inchStickout/F_08-Jun-2017_rpm320_doc0p040,test,42,3,cv_evaluation,no_chatter,0,0.0014628748,16
turning,cnn_ae,ver_max,2inchStickout_F_08-Jun-2017_rpm320_doc0p040_window_0005,2inchStickout/F_08-Jun-2017_rpm320_doc0p040,train,42,3,cv_evaluation,no_chatter,0,0.00071940874,16
turning,cnn_ae,ver_max,2inchStickout_F_08-Jun-2017_rpm320_doc0p040_window_0006,2inchStickout/F_08-Jun-2017_rpm320_doc0p040,train,42,3,cv_evaluation,no_chatter,0,0.00059142144,16
turning,cnn_ae,ver_max,2inchStickout_F_08-Jun-2017_rpm320_doc0p040_window_0007,2inchStickout/F_08-Jun-2017_rpm320_doc0p040,train,42,3,cv_evaluation,no_chatter,0,0.0006722055,16
turning,cnn_ae,ver_max,2inchStickout_F_08-Jun-2017_rpm320_doc0p040_window_0008,2inchStickout/F_08-Jun-2017_rpm320_doc0p040,train,42,3,cv_evaluation,no_chatter,0,0.00089131814,16
turning,cnn_ae,ver_max,2inchStickout_F_08-Jun-2017_rpm320_doc0p040_window_0009,2inchStickout/F_08-Jun-2017_rpm320_doc0p040,train,42,3,cv_evaluation,no_chatter,0,0.0010840957,16
turning,cnn_ae,ver_max,2inchStickout_F_08-Jun-2017_rpm320_doc0p040_window_0010,2inchStickout/F_08-Jun-2017_rpm320_doc0p040,train,42,3,cv_evaluation,no_chatter,0,0.00088953134,16
turning,cnn_ae,ver_max,2inchStickout_F_08-Jun-2017_rpm320_doc0p040_window_0011,2inchStickout/F_08-Jun-2017_rpm320_doc0p040,train,42,3,cv_evaluation,no_chatter,0,0.00091556803,16
turning,cnn_ae,ver_max,2inchStickout_F_08-Jun-2017_rpm320_doc0p040_window_0012,2inchStickout/F_08-Jun-2017_rpm320_doc0p040,test,42,3,cv_evaluation,no_chatter,0,0.0015853475,16
turning,cnn_ae,ver_max,2inchStickout_F_08-Jun-2017_rpm320_doc0p040_window_0013,2inchStickout/F_08-Jun-2017_rpm320_doc0p040,train,42,3,cv_evaluation,no_chatter,0,0.0011764141,16
turning,cnn_ae,ver_max,2inchStickout_F_08-Jun-2017_rpm320_doc0p040_window_0014,2inchStickout/F_08-Jun-2017_rpm320_doc0p040,train,42,3,cv_evaluation,no_chatter,0,0.0017764098,16
turning,cnn_ae,ver_max,2inchStickout_F_08-Jun-2017_rpm320_doc0p040_window_0015,2inchStickout/F_08-Jun-2017_rpm320_doc0p040,train,42,3,cv_evaluation,no_chatter,0,0.0014599516,16
turning,cnn_ae,ver_max,2inchStickout_F_08-Jun-2017_rpm320_doc0p040_window_0016,2inchStickout/F_08-Jun-2017_rpm320_doc0p040,train,42,3,cv_evaluation,no_chatter,0,0.00076392706,16
turning,cnn_ae,ver_max,2inchStickout_F_08-Jun-2017_rpm320_doc0p040_window_0017,2inchStickout/F_08-Jun-2017_rpm320_doc0p040,train,42,3,cv_evaluation,no_chatter,0,0.00071350817,16
turning,cnn_ae,ver_max,2inchStickout_F_08-Jun-2017_rpm320_doc0p040_window_0018,2inchStickout/F_08-Jun-2017_rpm320_doc0p040,train,42,3,cv_evaluation,no_chatter,0,0.0011514702,16
turning,cnn_ae,ver_max,2inchStickout_F_08-Jun-2017_rpm320_doc0p040_window_0019,2inchStickout/F_08-Jun-2017_rpm320_doc0p040,train,42,3,cv_evaluation,no_chatter,0,0.0008936361,16
turning,cnn_ae,ver_max,2inchStickout_F_08-Jun-2017_rpm320_doc0p040_window_0020,2inchStickout/F_08-Jun-2017_rpm320_doc0p040,train,42,3,cv_evaluation,no_chatter,0,0.00089789473,16
turning,cnn_ae,ver_max,2inchStickout_F_08-Jun-2017_rpm320_doc0p040_window_0021,2inchStickout/F_08-Jun-2017_rpm320_doc0p040,train,42,3,cv_evaluation,no_chatter,0,0.0007160883,16
turning,cnn_ae,ver_max,2inchStickout_F_08-Jun-2017_rpm320_doc0p040_window_0022,2inchStickout/F_08-Jun-2017_rpm320_doc0p040,test,42,3,cv_evaluation,no_chatter,0,0.0008040207,16
turning,cnn_ae,ver_max,2inchStickout_F_08-Jun-2017_rpm320_doc0p040_window_0023,2inchStickout/F_08-Jun-2017_rpm320_doc0p040,train,42,3,cv_evaluation,no_chatter,0,0.00054094236,16
turning,cnn_ae,ver_max,2inchStickout_F_08-Jun-2017_rpm425_doc0p005_window_0000,2inchStickout/F_08-Jun-2017_rpm425_doc0p005,train,42,3,cv_evaluation,no_chatter,0,0.00019857692,16
turning,cnn_ae,ver_max,2inchStickout_F_08-Jun-2017_rpm425_doc0p005_window_0001,2inchStickout/F_08-Jun-2017_rpm425_doc0p005,train,42,3,cv_evaluation,no_chatter,0,0.00021688538,16
turning,cnn_ae,ver_max,2inchStickout_F_08-Jun-2017_rpm425_doc0p005_window_0002,2inchStickout/F_08-Jun-2017_rpm425_doc0p005,train,42,3,cv_evaluation,no_chatter,0,0.0006773591,16
turning,cnn_ae,ver_max,2inchStickout_F_08-Jun-2017_rpm425_doc0p005_window_0003,2inchStickout/F_08-Jun-2017_rpm425_doc0p005,test,42,3,cv_evaluation,no_chatter,0,0.00096436037,16
turning,cnn_ae,ver_max,2inchStickout_F_08-Jun-2017_rpm425_doc0p005_window_0004,2inchStickout/F_08-Jun-2017_rpm425_doc0p005,train,42,3,cv_evaluation,no_chatter,0,0.000983817,16
turning,cnn_ae,ver_max,2inchStickout_F_08-Jun-2017_rpm425_doc0p005_window_0005,2inchStickout/F_08-Jun-2017_rpm425_doc0p005,test,42,3,cv_evaluation,no_chatter,0,0.0009667953,16
turning,cnn_ae,ver_max,2inchStickout_F_08-Jun-2017_rpm425_doc0p005_window_0006,2inchStickout/F_08-Jun-2017_rpm425_doc0p005,train,42,3,cv_evaluation,no_chatter,0,0.00095296226,16
turning,cnn_ae,ver_max,2inchStickout_F_08-Jun-2017_rpm425_doc0p005_window_0007,2inchStickout/F_08-Jun-2017_rpm425_doc0p005,train,42,3,cv_evaluation,no_chatter,0,0.0011551348,16
turning,cnn_ae,ver_max,2inchStickout_F_08-Jun-2017_rpm425_doc0p015_window_0000,2inchStickout/F_08-Jun-2017_rpm425_doc0p015,train,42,3,cv_evaluation,no_chatter,0,0.00013298403,16
turning,cnn_ae,ver_max,2inchStickout_F_08-Jun-2017_rpm425_doc0p015_window_0001,2inchStickout/F_08-Jun-2017_rpm425_doc0p015,train,42,3,cv_evaluation,no_chatter,0,0.00013404152,16
turning,cnn_ae,ver_max,2inchStickout_F_08-Jun-2017_rpm425_doc0p015_window_0002,2inchStickout/F_08-Jun-2017_rpm425_doc0p015,train,42,3,cv_evaluation,no_chatter,0,0.0008349345,16
turning,cnn_ae,ver_max,2inchStickout_F_08-Jun-2017_rpm425_doc0p015_window_0003,2inchStickout/F_08-Jun-2017_rpm425_doc0p015,train,42,3,cv_evaluation,no_chatter,0,0.0008840538,16
turning,cnn_ae,ver_max,2inchStickout_F_08-Jun-2017_rpm425_doc0p015_window_0004,2inchStickout/F_08-Jun-2017_rpm425_doc0p015,train,42,3,cv_evaluation,no_chatter,0,0.0012528982,16
turning,cnn_ae,ver_max,2inchStickout_F_08-Jun-2017_rpm425_doc0p015_window_0005,2inchStickout/F_08-Jun-2017_rpm425_doc0p015,train,42,3,cv_evaluation,no_chatter,0,0.0012846006,16
turning,cnn_ae,ver_max,2inchStickout_F_08-Jun-2017_rpm425_doc0p015_window_0006,2inchStickout/F_08-Jun-2017_rpm425_doc0p015,train,42,3,cv_evaluation,no_chatter,0,0.0017800088,16
turning,cnn_ae,ver_max,2inchStickout_F_08-Jun-2017_rpm425_doc0p015_window_0007,2inchStickout/F_08-Jun-2017_rpm425_doc0p015,validation,42,3,cv_evaluation,no_chatter,0,0.0018355967,16
turning,cnn_ae,ver_max,2inchStickout_F_08-Jun-2017_rpm770_doc0p005_window_0000,2inchStickout/F_08-Jun-2017_rpm770_doc0p005,validation,42,3,cv_evaluation,chatter,1,0.025945472,16
turning,cnn_ae,ver_max,2inchStickout_F_08-Jun-2017_rpm770_doc0p005_window_0001,2inchStickout/F_08-Jun-2017_rpm770_doc0p005,validation,42,3,cv_evaluation,chatter,1,0.026465192,16
turning,cnn_ae,ver_max,2inchStickout_F_08-Jun-2017_rpm770_doc0p005_window_0002,2inchStickout/F_08-Jun-2017_rpm770_doc0p005,validation,42,3,cv_evaluation,chatter,1,0.022975525,16
turning,cnn_ae,ver_max,2inchStickout_F_08-Jun-2017_rpm770_doc0p005_window_0003,2inchStickout/F_08-Jun-2017_rpm770_doc0p005,validation,42,3,cv_evaluation,chatter,1,0.021169575,16
turning,cnn_ae,ver_max,2inchStickout_F_08-Jun-2017_rpm770_doc0p005_window_0004,2inchStickout/F_08-Jun-2017_rpm770_doc0p005,validation,42,3,cv_evaluation,chatter,1,0.025701161,16
turning,cnn_ae,ver_max,2inchStickout_F_08-Jun-2017_rpm770_doc0p005_window_0005,2inchStickout/F_08-Jun-2017_rpm770_doc0p005,validation,42,3,cv_evaluation,chatter,1,0.033012364,16
turning,cnn_ae,ver_max,2inchStickout_F_08-Jun-2017_rpm770_doc0p005_window_0006,2inchStickout/F_08-Jun-2017_rpm770_doc0p005,validation,42,3,cv_evaluation,chatter,1,0.032141306,16
turning,cnn_ae,ver_max,2inchStickout_F_08-Jun-2017_rpm770_doc0p005_window_0007,2inchStickout/F_08-Jun-2017_rpm770_doc0p005,validation,42,3,cv_evaluation,chatter,1,0.027717972,16
turning,cnn_ae,ver_max,2inchStickout_F_08-Jun-2017_rpm770_doc0p005_window_0008,2inchStickout/F_08-Jun-2017_rpm770_doc0p005,validation,42,3,cv_evaluation,chatter,1,0.02974819,16
turning,cnn_ae,ver_max,2inchStickout_F_08-Jun-2017_rpm770_doc0p005_window_0009,2inchStickout/F_08-Jun-2017_rpm770_doc0p005,validation,42,3,cv_evaluation,chatter,1,0.024708228,16
turning,cnn_ae,ver_max,2inchStickout_F_08-Jun-2017_rpm770_doc0p005_window_0010,2inchStickout/F_08-Jun-2017_rpm770_doc0p005,validation,42,3,cv_evaluation,chatter,1,0.011631049,16
turning,cnn_ae,ver_max,2inchStickout_F_08-Jun-2017_rpm770_doc0p005_window_0011,2inchStickout/F_08-Jun-2017_rpm770_doc0p005,train,42,3,cv_evaluation,no_chatter,0,0.015375036,16
turning,cnn_ae,ver_max,2p5inchStickout_F_12-Jun-2017_rpm570_doc0p015_window_0000,2p5inchStickout/F_12-Jun-2017_rpm570_doc0p015,validation,42,3,cv_evaluation,no_chatter,0,0.00039888872,16
turning,cnn_ae,ver_max,2p5inchStickout_F_12-Jun-2017_rpm570_doc0p015_window_0001,2p5inchStickout/F_12-Jun-2017_rpm570_doc0p015,train,42,3,cv_evaluation,no_chatter,0,0.00243343,16
turning,cnn_ae,ver_max,2p5inchStickout_F_12-Jun-2017_rpm570_doc0p015_window_0002,2p5inchStickout/F_12-Jun-2017_rpm570_doc0p015,train,42,3,cv_evaluation,no_chatter,0,0.0049896017,16
turning,cnn_ae,ver_max,2p5inchStickout_F_12-Jun-2017_rpm570_doc0p015_window_0003,2p5inchStickout/F_12-Jun-2017_rpm570_doc0p015,train,42,3,cv_evaluation,no_chatter,0,0.009413172,16
turning,cnn_ae,ver_max,2p5inchStickout_F_12-Jun-2017_rpm570_doc0p015_window_0004,2p5inchStickout/F_12-Jun-2017_rpm570_doc0p015,train,42,3,cv_evaluation,no_chatter,0,0.0028820764,16
turning,cnn_ae,ver_max,2p5inchStickout_F_12-Jun-2017_rpm570_doc0p015_window_0005,2p5inchStickout/F_12-Jun-2017_rpm570_doc0p015,train,42,3,cv_evaluation,no_chatter,0,0.008792247,16
turning,cnn_ae,ver_max,2p5inchStickout_F_12-Jun-2017_rpm570_doc0p015_window_0006,2p5inchStickout/F_12-Jun-2017_rpm570_doc0p015,train,42,3,cv_evaluation,no_chatter,0,0.0073528932,16
turning,cnn_ae,ver_max,2p5inchStickout_F_12-Jun-2017_rpm570_doc0p015_window_0007,2p5inchStickout/F_12-Jun-2017_rpm570_doc0p015,train,42,3,cv_evaluation,no_chatter,0,0.009462033,16
turning,cnn_ae,ver_max,2p5inchStickout_F_12-Jun-2017_rpm570_doc0p015_window_0008,2p5inchStickout/F_12-Jun-2017_rpm570_doc0p015,train,42,3,cv_evaluation,no_chatter,0,0.0052483897,16
turning,cnn_ae,ver_max,2p5inchStickout_F_12-Jun-2017_rpm570_doc0p015_window_0009,2p5inchStickout/F_12-Jun-2017_rpm570_doc0p015,train,42,3,cv_evaluation,no_chatter,0,0.012847774,16
turning,cnn_ae,ver_max,2p5inchStickout_F_12-Jun-2017_rpm770_doc0p002_window_0000,2p5inchStickout/F_12-Jun-2017_rpm770_doc0p002,train,42,3,cv_evaluation,no_chatter,0,0.0014534702,16
turning,cnn_ae,ver_max,2p5inchStickout_F_12-Jun-2017_rpm770_doc0p002_window_0001,2p5inchStickout/F_12-Jun-2017_rpm770_doc0p002,train,42,3,cv_evaluation,no_chatter,0,0.002594107,16
turning,cnn_ae,ver_max,2p5inchStickout_F_12-Jun-2017_rpm770_doc0p002_window_0002,2p5inchStickout/F_12-Jun-2017_rpm770_doc0p002,train,42,3,cv_evaluation,no_chatter,0,0.019260248,16
turning,cnn_ae,ver_max,2p5inchStickout_F_12-Jun-2017_rpm770_doc0p002_window_0003,2p5inchStickout/F_12-Jun-2017_rpm770_doc0p002,train,42,3,cv_evaluation,no_chatter,0,0.013132683,16
turning,cnn_ae,ver_max,3inchStickout_F_12-Jun-2017_rpm570_doc0p015_window_0000,3inchStickout/F_12-Jun-2017_rpm570_doc0p015,train,42,3,cv_evaluation,no_chatter,0,0.00012738009,16
turning,cnn_ae,ver_max,3inchStickout_F_12-Jun-2017_rpm570_doc0p015_window_0001,3inchStickout/F_12-Jun-2017_rpm570_doc0p015,test,42,3,cv_evaluation,no_chatter,0,0.00017263879,16
turning,cnn_ae,ver_max,3inchStickout_F_12-Jun-2017_rpm570_doc0p015_window_0002,3inchStickout/F_12-Jun-2017_rpm570_doc0p015,train,42,3,cv_evaluation,no_chatter,0,0.00095535343,16
turning,cnn_ae,ver_max,3inchStickout_F_12-Jun-2017_rpm570_doc0p015_window_0003,3inchStickout/F_12-Jun-2017_rpm570_doc0p015,train,42,3,cv_evaluation,no_chatter,0,0.002852816,16
turning,cnn_ae,ver_max,3inchStickout_F_12-Jun-2017_rpm570_doc0p015_window_0004,3inchStickout/F_12-Jun-2017_rpm570_doc0p015,train,42,3,cv_evaluation,no_chatter,0,0.0029186767,16
turning,cnn_ae,ver_max,3inchStickout_F_12-Jun-2017_rpm570_doc0p015_window_0005,3inchStickout/F_12-Jun-2017_rpm570_doc0p015,train,42,3,cv_evaluation,no_chatter,0,0.0030784903,16
turning,cnn_ae,ver_max,3inchStickout_F_12-Jun-2017_rpm570_doc0p015_window_0006,3inchStickout/F_12-Jun-2017_rpm570_doc0p015,train,42,3,cv_evaluation,no_chatter,0,0.0033954794,16
turning,cnn_ae,ver_max,3inchStickout_F_12-Jun-2017_rpm570_doc0p015_window_0007,3inchStickout/F_12-Jun-2017_rpm570_doc0p015,train,42,3,cv_evaluation,no_chatter,0,0.003061606,16
turning,cnn_ae,ver_max,3inchStickout_F_12-Jun-2017_rpm570_doc0p015_window_0008,3inchStickout/F_12-Jun-2017_rpm570_doc0p015,train,42,3,cv_evaluation,no_chatter,0,0.0027743368,16
turning,cnn_ae,ver_max,3inchStickout_F_12-Jun-2017_rpm570_doc0p015_window_0009,3inchStickout/F_12-Jun-2017_rpm570_doc0p015,train,42,3,cv_evaluation,no_chatter,0,0.0069125337,16
turning,cnn_ae,ver_max,4p5inchStickout_F_12-Jun-2017_rpm570_doc0p010_window_0000,4p5inchStickout/F_12-Jun-2017_rpm570_doc0p010,train,42,3,cv_evaluation,no_chatter,0,4.2650536e-05,16
turning,cnn_ae,ver_max,4p5inchStickout_F_12-Jun-2017_rpm570_doc0p010_window_0001,4p5inchStickout/F_12-Jun-2017_rpm570_doc0p010,train,42,3,cv_evaluation,no_chatter,0,5.611403e-05,16
turning,cnn_ae,ver_max,4p5inchStickout_F_12-Jun-2017_rpm570_doc0p010_window_0002,4p5inchStickout/F_12-Jun-2017_rpm570_doc0p010,test,42,3,cv_evaluation,no_chatter,0,4.7706824e-05,16
turning,cnn_ae,ver_max,4p5inchStickout_F_12-Jun-2017_rpm570_doc0p010_window_0003,4p5inchStickout/F_12-Jun-2017_rpm570_doc0p010,train,42,3,cv_evaluation,no_chatter,0,5.5700144e-05,16
turning,cnn_ae,ver_max,4p5inchStickout_F_12-Jun-2017_rpm570_doc0p010_window_0004,4p5inchStickout/F_12-Jun-2017_rpm570_doc0p010,train,42,3,cv_evaluation,no_chatter,0,0.00048528909,16
turning,cnn_ae,ver_max,4p5inchStickout_F_12-Jun-2017_rpm570_doc0p010_window_0005,4p5inchStickout/F_12-Jun-2017_rpm570_doc0p010,train,42,3,cv_evaluation,no_chatter,0,0.0007820693,16
turning,cnn_ae,ver_max,4p5inchStickout_F_12-Jun-2017_rpm570_doc0p010_window_0006,4p5inchStickout/F_12-Jun-2017_rpm570_doc0p010,train,42,3,cv_evaluation,no_chatter,0,0.0013492951,16
turning,cnn_ae,ver_max,4p5inchStickout_F_12-Jun-2017_rpm570_doc0p010_window_0007,4p5inchStickout/F_12-Jun-2017_rpm570_doc0p010,train,42,3,cv_evaluation,no_chatter,0,0.0009716217,16
turning,cnn_ae,ver_max,4p5inchStickout_F_12-Jun-2017_rpm570_doc0p010_window_0008,4p5inchStickout/F_12-Jun-2017_rpm570_doc0p010,train,42,3,cv_evaluation,no_chatter,0,0.000973849,16
turning,cnn_ae,ver_max,4p5inchStickout_F_12-Jun-2017_rpm570_doc0p010_window_0009,4p5inchStickout/F_12-Jun-2017_rpm570_doc0p010,train,42,3,cv_evaluation,no_chatter,0,0.0036279305,16
turning,cnn_ae,ver_max,4p5inchStickout_F_12-Jun-2017_rpm570_doc0p010_window_0010,4p5inchStickout/F_12-Jun-2017_rpm570_doc0p010,train,42,3,cv_evaluation,no_chatter,0,0.0011825578,16
turning,cnn_ae,ver_max,4p5inchStickout_F_12-Jun-2017_rpm570_doc0p010_window_0011,4p5inchStickout/F_12-Jun-2017_rpm570_doc0p010,train,42,3,cv_evaluation,no_chatter,0,0.001302945,16
turning,cnn_ae,ver_max,4p5inchStickout_F_13-Jun-2017_rpm1030_doc0p012_window_0000,4p5inchStickout/F_13-Jun-2017_rpm1030_doc0p012,train,42,3,cv_evaluation,no_chatter,0,0.0001211895,16
turning,cnn_ae,ver_max,4p5inchStickout_F_13-Jun-2017_rpm1030_doc0p012_window_0001,4p5inchStickout/F_13-Jun-2017_rpm1030_doc0p012,train,42,3,cv_evaluation,no_chatter,0,0.0026729868,16
turning,cnn_ae,ver_max,4p5inchStickout_F_13-Jun-2017_rpm1030_doc0p012_window_0002,4p5inchStickout/F_13-Jun-2017_rpm1030_doc0p012,test,42,3,cv_evaluation,no_chatter,0,0.0011506431,16
turning,cnn_ae,ver_max,4p5inchStickout_F_13-Jun-2017_rpm1030_doc0p012_window_0003,4p5inchStickout/F_13-Jun-2017_rpm1030_doc0p012,train,42,3,cv_evaluation,no_chatter,0,0.0013949246,16
turning,cnn_ae,ver_max,4p5inchStickout_F_13-Jun-2017_rpm1030_doc0p016_window_0000,4p5inchStickout/F_13-Jun-2017_rpm1030_doc0p016,test,42,3,cv_evaluation,no_chatter,0,0.0001861356,16
turning,cnn_ae,ver_max,4p5inchStickout_F_13-Jun-2017_rpm1030_doc0p016_window_0001,4p5inchStickout/F_13-Jun-2017_rpm1030_doc0p016,train,42,3,cv_evaluation,no_chatter,0,0.001156627,16
turning,cnn_ae,ver_max,4p5inchStickout_F_13-Jun-2017_rpm1030_doc0p016_window_0002,4p5inchStickout/F_13-Jun-2017_rpm1030_doc0p016,train,42,3,cv_evaluation,no_chatter,0,0.0014598559,16
turning,cnn_ae,ver_max,4p5inchStickout_F_13-Jun-2017_rpm1030_doc0p016_window_0003,4p5inchStickout/F_13-Jun-2017_rpm1030_doc0p016,train,42,3,cv_evaluation,no_chatter,0,0.0016889849,16
turning,cnn_ae,ver_topk,2inchStickout_F_08-Jun-2017_rpm320_doc0p035_window_0000,2inchStickout/F_08-Jun-2017_rpm320_doc0p035,train,42,3,cv_evaluation,no_chatter,0,9.2491704e-05,16
turning,cnn_ae,ver_topk,2inchStickout_F_08-Jun-2017_rpm320_doc0p035_window_0001,2inchStickout/F_08-Jun-2017_rpm320_doc0p035,train,42,3,cv_evaluation,no_chatter,0,7.376863e-05,16
turning,cnn_ae,ver_topk,2inchStickout_F_08-Jun-2017_rpm320_doc0p035_window_0002,2inchStickout/F_08-Jun-2017_rpm320_doc0p035,train,42,3,cv_evaluation,no_chatter,0,6.313302e-05,16
turning,cnn_ae,ver_topk,2inchStickout_F_08-Jun-2017_rpm320_doc0p035_window_0003,2inchStickout/F_08-Jun-2017_rpm320_doc0p035,validation,42,3,cv_evaluation,no_chatter,0,0.00034904,16
turning,cnn_ae,ver_topk,2inchStickout_F_08-Jun-2017_rpm320_doc0p035_window_0004,2inchStickout/F_08-Jun-2017_rpm320_doc0p035,train,42,3,cv_evaluation,no_chatter,0,0.000839224,16
turning,cnn_ae,ver_topk,2inchStickout_F_08-Jun-2017_rpm320_doc0p035_window_0005,2inchStickout/F_08-Jun-2017_rpm320_doc0p035,train,42,3,cv_evaluation,no_chatter,0,0.00045812517,16
turning,cnn_ae,ver_topk,2inchStickout_F_08-Jun-2017_rpm320_doc0p035_window_0006,2inchStickout/F_08-Jun-2017_rpm320_doc0p035,train,42,3,cv_evaluation,no_chatter,0,0.00045771664,16
turning,cnn_ae,ver_topk,2inchStickout_F_08-Jun-2017_rpm320_doc0p035_window_0007,2inchStickout/F_08-Jun-2017_rpm320_doc0p035,train,42,3,cv_evaluation,no_chatter,0,0.00047348868,16
turning,cnn_ae,ver_topk,2inchStickout_F_08-Jun-2017_rpm320_doc0p035_window_0008,2inchStickout/F_08-Jun-2017_rpm320_doc0p035,train,42,3,cv_evaluation,no_chatter,0,0.00045173816,16
turning,cnn_ae,ver_topk,2inchStickout_F_08-Jun-2017_rpm320_doc0p035_window_0009,2inchStickout/F_08-Jun-2017_rpm320_doc0p035,train,42,3,cv_evaluation,no_chatter,0,0.0004913493,16
turning,cnn_ae,ver_topk,2inchStickout_F_08-Jun-2017_rpm320_doc0p035_window_0010,2inchStickout/F_08-Jun-2017_rpm320_doc0p035,train,42,3,cv_evaluation,no_chatter,0,0.0006807863,16
turning,cnn_ae,ver_topk,2inchStickout_F_08-Jun-2017_rpm320_doc0p035_window_0011,2inchStickout/F_08-Jun-2017_rpm320_doc0p035,train,42,3,cv_evaluation,no_chatter,0,0.0006530104,16
turning,cnn_ae,ver_topk,2inchStickout_F_08-Jun-2017_rpm320_doc0p035_window_0012,2inchStickout/F_08-Jun-2017_rpm320_doc0p035,train,42,3,cv_evaluation,no_chatter,0,0.0006544306,16
turning,cnn_ae,ver_topk,2inchStickout_F_08-Jun-2017_rpm320_doc0p035_window_0013,2inchStickout/F_08-Jun-2017_rpm320_doc0p035,train,42,3,cv_evaluation,no_chatter,0,0.00075106113,16
turning,cnn_ae,ver_topk,2inchStickout_F_08-Jun-2017_rpm320_doc0p035_window_0014,2inchStickout/F_08-Jun-2017_rpm320_doc0p035,train,42,3,cv_evaluation,no_chatter,0,0.00047212446,16
turning,cnn_ae,ver_topk,2inchStickout_F_08-Jun-2017_rpm320_doc0p035_window_0015,2inchStickout/F_08-Jun-2017_rpm320_doc0p035,train,42,3,cv_evaluation,no_chatter,0,0.0007392252,16
turning,cnn_ae,ver_topk,2inchStickout_F_08-Jun-2017_rpm320_doc0p035_window_0016,2inchStickout/F_08-Jun-2017_rpm320_doc0p035,train,42,3,cv_evaluation,no_chatter,0,0.00065422873,16
turning,cnn_ae,ver_topk,2inchStickout_F_08-Jun-2017_rpm320_doc0p035_window_0017,2inchStickout/F_08-Jun-2017_rpm320_doc0p035,train,42,3,cv_evaluation,no_chatter,0,0.0007695402,16
turning,cnn_ae,ver_topk,2inchStickout_F_08-Jun-2017_rpm320_doc0p035_window_0018,2inchStickout/F_08-Jun-2017_rpm320_doc0p035,train,42,3,cv_evaluation,no_chatter,0,0.0006525852,16
turning,cnn_ae,ver_topk,2inchStickout_F_08-Jun-2017_rpm320_doc0p035_window_0019,2inchStickout/F_08-Jun-2017_rpm320_doc0p035,train,42,3,cv_evaluation,no_chatter,0,0.0007640358,16
turning,cnn_ae,ver_topk,2inchStickout_F_08-Jun-2017_rpm320_doc0p035_window_0020,2inchStickout/F_08-Jun-2017_rpm320_doc0p035,validation,42,3,cv_evaluation,no_chatter,0,0.0007139133,16
turning,cnn_ae,ver_topk,2inchStickout_F_08-Jun-2017_rpm320_doc0p035_window_0021,2inchStickout/F_08-Jun-2017_rpm320_doc0p035,train,42,3,cv_evaluation,no_chatter,0,0.00080177165,16
turning,cnn_ae,ver_topk,2inchStickout_F_08-Jun-2017_rpm320_doc0p035_window_0022,2inchStickout/F_08-Jun-2017_rpm320_doc0p035,validation,42,3,cv_evaluation,no_chatter,0,0.0009126626,16
turning,cnn_ae,ver_topk,2inchStickout_F_08-Jun-2017_rpm320_doc0p035_window_0023,2inchStickout/F_08-Jun-2017_rpm320_doc0p035,train,42,3,cv_evaluation,no_chatter,0,0.00095975416,16
turning,cnn_ae,ver_topk,2inchStickout_F_08-Jun-2017_rpm320_doc0p040_window_0000,2inchStickout/F_08-Jun-2017_rpm320_doc0p040,test,42,3,cv_evaluation,no_chatter,0,8.492259e-05,16
turning,cnn_ae,ver_topk,2inchStickout_F_08-Jun-2017_rpm320_doc0p040_window_0001,2inchStickout/F_08-Jun-2017_rpm320_doc0p040,train,42,3,cv_evaluation,no_chatter,0,8.376828e-05,16
turning,cnn_ae,ver_topk,2inchStickout_F_08-Jun-2017_rpm320_doc0p040_window_0002,2inchStickout/F_08-Jun-2017_rpm320_doc0p040,train,42,3,cv_evaluation,no_chatter,0,7.948634e-05,16
turning,cnn_ae,ver_topk,2inchStickout_F_08-Jun-2017_rpm320_doc0p040_window_0003,2inchStickout/F_08-Jun-2017_rpm320_doc0p040,test,42,3,cv_evaluation,no_chatter,0,0.0018856749,16
turning,cnn_ae,ver_topk,2inchStickout_F_08-Jun-2017_rpm320_doc0p040_window_0004,2inchStickout/F_08-Jun-2017_rpm320_doc0p040,test,42,3,cv_evaluation,no_chatter,0,0.0011903128,16
turning,cnn_ae,ver_topk,2inchStickout_F_08-Jun-2017_rpm320_doc0p040_window_0005,2inchStickout/F_08-Jun-2017_rpm320_doc0p040,train,42,3,cv_evaluation,no_chatter,0,0.00067583,16
turning,cnn_ae,ver_topk,2inchStickout_F_08-Jun-2017_rpm320_doc0p040_window_0006,2inchStickout/F_08-Jun-2017_rpm320_doc0p040,train,42,3,cv_evaluation,no_chatter,0,0.0005711837,16
turning,cnn_ae,ver_topk,2inchStickout_F_08-Jun-2017_rpm320_doc0p040_window_0007,2inchStickout/F_08-Jun-2017_rpm320_doc0p040,train,42,3,cv_evaluation,no_chatter,0,0.00063262734,16
turning,cnn_ae,ver_topk,2inchStickout_F_08-Jun-2017_rpm320_doc0p040_window_0008,2inchStickout/F_08-Jun-2017_rpm320_doc0p040,train,42,3,cv_evaluation,no_chatter,0,0.0008080641,16
turning,cnn_ae,ver_topk,2inchStickout_F_08-Jun-2017_rpm320_doc0p040_window_0009,2inchStickout/F_08-Jun-2017_rpm320_doc0p040,train,42,3,cv_evaluation,no_chatter,0,0.00096316286,16
turning,cnn_ae,ver_topk,2inchStickout_F_08-Jun-2017_rpm320_doc0p040_window_0010,2inchStickout/F_08-Jun-2017_rpm320_doc0p040,train,42,3,cv_evaluation,no_chatter,0,0.00086010643,16
turning,cnn_ae,ver_topk,2inchStickout_F_08-Jun-2017_rpm320_doc0p040_window_0011,2inchStickout/F_08-Jun-2017_rpm320_doc0p040,train,42,3,cv_evaluation,no_chatter,0,0.0008580936,16
turning,cnn_ae,ver_topk,2inchStickout_F_08-Jun-2017_rpm320_doc0p040_window_0012,2inchStickout/F_08-Jun-2017_rpm320_doc0p040,test,42,3,cv_evaluation,no_chatter,0,0.0011639186,16
turning,cnn_ae,ver_topk,2inchStickout_F_08-Jun-2017_rpm320_doc0p040_window_0013,2inchStickout/F_08-Jun-2017_rpm320_doc0p040,train,42,3,cv_evaluation,no_chatter,0,0.0010861682,16
turning,cnn_ae,ver_topk,2inchStickout_F_08-Jun-2017_rpm320_doc0p040_window_0014,2inchStickout/F_08-Jun-2017_rpm320_doc0p040,train,42,3,cv_evaluation,no_chatter,0,0.0012293191,16
turning,cnn_ae,ver_topk,2inchStickout_F_08-Jun-2017_rpm320_doc0p040_window_0015,2inchStickout/F_08-Jun-2017_rpm320_doc0p040,train,42,3,cv_evaluation,no_chatter,0,0.0011806305,16
turning,cnn_ae,ver_topk,2inchStickout_F_08-Jun-2017_rpm320_doc0p040_window_0016,2inchStickout/F_08-Jun-2017_rpm320_doc0p040,train,42,3,cv_evaluation,no_chatter,0,0.00070544664,16
turning,cnn_ae,ver_topk,2inchStickout_F_08-Jun-2017_rpm320_doc0p040_window_0017,2inchStickout/F_08-Jun-2017_rpm320_doc0p040,train,42,3,cv_evaluation,no_chatter,0,0.0006353376,16
turning,cnn_ae,ver_topk,2inchStickout_F_08-Jun-2017_rpm320_doc0p040_window_0018,2inchStickout/F_08-Jun-2017_rpm320_doc0p040,train,42,3,cv_evaluation,no_chatter,0,0.0008981843,16
turning,cnn_ae,ver_topk,2inchStickout_F_08-Jun-2017_rpm320_doc0p040_window_0019,2inchStickout/F_08-Jun-2017_rpm320_doc0p040,train,42,3,cv_evaluation,no_chatter,0,0.0007908207,16
turning,cnn_ae,ver_topk,2inchStickout_F_08-Jun-2017_rpm320_doc0p040_window_0020,2inchStickout/F_08-Jun-2017_rpm320_doc0p040,train,42,3,cv_evaluation,no_chatter,0,0.0008337235,16
turning,cnn_ae,ver_topk,2inchStickout_F_08-Jun-2017_rpm320_doc0p040_window_0021,2inchStickout/F_08-Jun-2017_rpm320_doc0p040,train,42,3,cv_evaluation,no_chatter,0,0.0005572953,16
turning,cnn_ae,ver_topk,2inchStickout_F_08-Jun-2017_rpm320_doc0p040_window_0022,2inchStickout/F_08-Jun-2017_rpm320_doc0p040,test,42,3,cv_evaluation,no_chatter,0,0.0006678654,16
turning,cnn_ae,ver_topk,2inchStickout_F_08-Jun-2017_rpm320_doc0p040_window_0023,2inchStickout/F_08-Jun-2017_rpm320_doc0p040,train,42,3,cv_evaluation,no_chatter,0,0.000500107,16
turning,cnn_ae,ver_topk,2inchStickout_F_08-Jun-2017_rpm425_doc0p005_window_0000,2inchStickout/F_08-Jun-2017_rpm425_doc0p005,train,42,3,cv_evaluation,no_chatter,0,0.00019466714,16
turning,cnn_ae,ver_topk,2inchStickout_F_08-Jun-2017_rpm425_doc0p005_window_0001,2inchStickout/F_08-Jun-2017_rpm425_doc0p005,train,42,3,cv_evaluation,no_chatter,0,0.00019937761,16
turning,cnn_ae,ver_topk,2inchStickout_F_08-Jun-2017_rpm425_doc0p005_window_0002,2inchStickout/F_08-Jun-2017_rpm425_doc0p005,train,42,3,cv_evaluation,no_chatter,0,0.00064927177,16
turning,cnn_ae,ver_topk,2inchStickout_F_08-Jun-2017_rpm425_doc0p005_window_0003,2inchStickout/F_08-Jun-2017_rpm425_doc0p005,test,42,3,cv_evaluation,no_chatter,0,0.0009153043,16
turning,cnn_ae,ver_topk,2inchStickout_F_08-Jun-2017_rpm425_doc0p005_window_0004,2inchStickout/F_08-Jun-2017_rpm425_doc0p005,train,42,3,cv_evaluation,no_chatter,0,0.0008880437,16
turning,cnn_ae,ver_topk,2inchStickout_F_08-Jun-2017_rpm425_doc0p005_window_0005,2inchStickout/F_08-Jun-2017_rpm425_doc0p005,test,42,3,cv_evaluation,no_chatter,0,0.0009125884,16
turning,cnn_ae,ver_topk,2inchStickout_F_08-Jun-2017_rpm425_doc0p005_window_0006,2inchStickout/F_08-Jun-2017_rpm425_doc0p005,train,42,3,cv_evaluation,no_chatter,0,0.00087750686,16
turning,cnn_ae,ver_topk,2inchStickout_F_08-Jun-2017_rpm425_doc0p005_window_0007,2inchStickout/F_08-Jun-2017_rpm425_doc0p005,train,42,3,cv_evaluation,no_chatter,0,0.0010449727,16
turning,cnn_ae,ver_topk,2inchStickout_F_08-Jun-2017_rpm425_doc0p015_window_0000,2inchStickout/F_08-Jun-2017_rpm425_doc0p015,train,42,3,cv_evaluation,no_chatter,0,0.00012709992,16
turning,cnn_ae,ver_topk,2inchStickout_F_08-Jun-2017_rpm425_doc0p015_window_0001,2inchStickout/F_08-Jun-2017_rpm425_doc0p015,train,42,3,cv_evaluation,no_chatter,0,0.00013151146,16
turning,cnn_ae,ver_topk,2inchStickout_F_08-Jun-2017_rpm425_doc0p015_window_0002,2inchStickout/F_08-Jun-2017_rpm425_doc0p015,train,42,3,cv_evaluation,no_chatter,0,0.0008008841,16
turning,cnn_ae,ver_topk,2inchStickout_F_08-Jun-2017_rpm425_doc0p015_window_0003,2inchStickout/F_08-Jun-2017_rpm425_doc0p015,train,42,3,cv_evaluation,no_chatter,0,0.00086227333,16
turning,cnn_ae,ver_topk,2inchStickout_F_08-Jun-2017_rpm425_doc0p015_window_0004,2inchStickout/F_08-Jun-2017_rpm425_doc0p015,train,42,3,cv_evaluation,no_chatter,0,0.0012024755,16
turning,cnn_ae,ver_topk,2inchStickout_F_08-Jun-2017_rpm425_doc0p015_window_0005,2inchStickout/F_08-Jun-2017_rpm425_doc0p015,train,42,3,cv_evaluation,no_chatter,0,0.0011636076,16
turning,cnn_ae,ver_topk,2inchStickout_F_08-Jun-2017_rpm425_doc0p015_window_0006,2inchStickout/F_08-Jun-2017_rpm425_doc0p015,train,42,3,cv_evaluation,no_chatter,0,0.0016148854,16
turning,cnn_ae,ver_topk,2inchStickout_F_08-Jun-2017_rpm425_doc0p015_window_0007,2inchStickout/F_08-Jun-2017_rpm425_doc0p015,validation,42,3,cv_evaluation,no_chatter,0,0.0017264477,16
turning,cnn_ae,ver_topk,2inchStickout_F_08-Jun-2017_rpm770_doc0p005_window_0000,2inchStickout/F_08-Jun-2017_rpm770_doc0p005,validation,42,3,cv_evaluation,chatter,1,0.024183607,16
turning,cnn_ae,ver_topk,2inchStickout_F_08-Jun-2017_rpm770_doc0p005_window_0001,2inchStickout/F_08-Jun-2017_rpm770_doc0p005,validation,42,3,cv_evaluation,chatter,1,0.019558735,16
turning,cnn_ae,ver_topk,2inchStickout_F_08-Jun-2017_rpm770_doc0p005_window_0002,2inchStickout/F_08-Jun-2017_rpm770_doc0p005,validation,42,3,cv_evaluation,chatter,1,0.018603658,16
turning,cnn_ae,ver_topk,2inchStickout_F_08-Jun-2017_rpm770_doc0p005_window_0003,2inchStickout/F_08-Jun-2017_rpm770_doc0p005,validation,42,3,cv_evaluation,chatter,1,0.019426143,16
turning,cnn_ae,ver_topk,2inchStickout_F_08-Jun-2017_rpm770_doc0p005_window_0004,2inchStickout/F_08-Jun-2017_rpm770_doc0p005,validation,42,3,cv_evaluation,chatter,1,0.021538978,16
turning,cnn_ae,ver_topk,2inchStickout_F_08-Jun-2017_rpm770_doc0p005_window_0005,2inchStickout/F_08-Jun-2017_rpm770_doc0p005,validation,42,3,cv_evaluation,chatter,1,0.02529931,16
turning,cnn_ae,ver_topk,2inchStickout_F_08-Jun-2017_rpm770_doc0p005_window_0006,2inchStickout/F_08-Jun-2017_rpm770_doc0p005,validation,42,3,cv_evaluation,chatter,1,0.022947272,16
turning,cnn_ae,ver_topk,2inchStickout_F_08-Jun-2017_rpm770_doc0p005_window_0007,2inchStickout/F_08-Jun-2017_rpm770_doc0p005,validation,42,3,cv_evaluation,chatter,1,0.021754479,16
turning,cnn_ae,ver_topk,2inchStickout_F_08-Jun-2017_rpm770_doc0p005_window_0008,2inchStickout/F_08-Jun-2017_rpm770_doc0p005,validation,42,3,cv_evaluation,chatter,1,0.022339711,16
turning,cnn_ae,ver_topk,2inchStickout_F_08-Jun-2017_rpm770_doc0p005_window_0009,2inchStickout/F_08-Jun-2017_rpm770_doc0p005,validation,42,3,cv_evaluation,chatter,1,0.019550206,16
turning,cnn_ae,ver_topk,2inchStickout_F_08-Jun-2017_rpm770_doc0p005_window_0010,2inchStickout/F_08-Jun-2017_rpm770_doc0p005,validation,42,3,cv_evaluation,chatter,1,0.009847315,16
turning,cnn_ae,ver_topk,2inchStickout_F_08-Jun-2017_rpm770_doc0p005_window_0011,2inchStickout/F_08-Jun-2017_rpm770_doc0p005,train,42,3,cv_evaluation,no_chatter,0,0.0117094545,16
turning,cnn_ae,ver_topk,2p5inchStickout_F_12-Jun-2017_rpm570_doc0p015_window_0000,2p5inchStickout/F_12-Jun-2017_rpm570_doc0p015,validation,42,3,cv_evaluation,no_chatter,0,0.00037467526,16
turning,cnn_ae,ver_topk,2p5inchStickout_F_12-Jun-2017_rpm570_doc0p015_window_0001,2p5inchStickout/F_12-Jun-2017_rpm570_doc0p015,train,42,3,cv_evaluation,no_chatter,0,0.0020716395,16
turning,cnn_ae,ver_topk,2p5inchStickout_F_12-Jun-2017_rpm570_doc0p015_window_0002,2p5inchStickout/F_12-Jun-2017_rpm570_doc0p015,train,42,3,cv_evaluation,no_chatter,0,0.0038123496,16
turning,cnn_ae,ver_topk,2p5inchStickout_F_12-Jun-2017_rpm570_doc0p015_window_0003,2p5inchStickout/F_12-Jun-2017_rpm570_doc0p015,train,42,3,cv_evaluation,no_chatter,0,0.0071703433,16
turning,cnn_ae,ver_topk,2p5inchStickout_F_12-Jun-2017_rpm570_doc0p015_window_0004,2p5inchStickout/F_12-Jun-2017_rpm570_doc0p015,train,42,3,cv_evaluation,no_chatter,0,0.0022411004,16
turning,cnn_ae,ver_topk,2p5inchStickout_F_12-Jun-2017_rpm570_doc0p015_window_0005,2p5inchStickout/F_12-Jun-2017_rpm570_doc0p015,train,42,3,cv_evaluation,no_chatter,0,0.006460566,16
turning,cnn_ae,ver_topk,2p5inchStickout_F_12-Jun-2017_rpm570_doc0p015_window_0006,2p5inchStickout/F_12-Jun-2017_rpm570_doc0p015,train,42,3,cv_evaluation,no_chatter,0,0.00561736,16
turning,cnn_ae,ver_topk,2p5inchStickout_F_12-Jun-2017_rpm570_doc0p015_window_0007,2p5inchStickout/F_12-Jun-2017_rpm570_doc0p015,train,42,3,cv_evaluation,no_chatter,0,0.0055847713,16
turning,cnn_ae,ver_topk,2p5inchStickout_F_12-Jun-2017_rpm570_doc0p015_window_0008,2p5inchStickout/F_12-Jun-2017_rpm570_doc0p015,train,42,3,cv_evaluation,no_chatter,0,0.0044876076,16
turning,cnn_ae,ver_topk,2p5inchStickout_F_12-Jun-2017_rpm570_doc0p015_window_0009,2p5inchStickout/F_12-Jun-2017_rpm570_doc0p015,train,42,3,cv_evaluation,no_chatter,0,0.0117550455,16
turning,cnn_ae,ver_topk,2p5inchStickout_F_12-Jun-2017_rpm770_doc0p002_window_0000,2p5inchStickout/F_12-Jun-2017_rpm770_doc0p002,train,42,3,cv_evaluation,no_chatter,0,0.0007242652,16
turning,cnn_ae,ver_topk,2p5inchStickout_F_12-Jun-2017_rpm770_doc0p002_window_0001,2p5inchStickout/F_12-Jun-2017_rpm770_doc0p002,train,42,3,cv_evaluation,no_chatter,0,0.0019473977,16
turning,cnn_ae,ver_topk,2p5inchStickout_F_12-Jun-2017_rpm770_doc0p002_window_0002,2p5inchStickout/F_12-Jun-2017_rpm770_doc0p002,train,42,3,cv_evaluation,no_chatter,0,0.016620332,16
turning,cnn_ae,ver_topk,2p5inchStickout_F_12-Jun-2017_rpm770_doc0p002_window_0003,2p5inchStickout/F_12-Jun-2017_rpm770_doc0p002,train,42,3,cv_evaluation,no_chatter,0,0.012004391,16
turning,cnn_ae,ver_topk,3inchStickout_F_12-Jun-2017_rpm570_doc0p015_window_0000,3inchStickout/F_12-Jun-2017_rpm570_doc0p015,train,42,3,cv_evaluation,no_chatter,0,0.00012148323,16
turning,cnn_ae,ver_topk,3inchStickout_F_12-Jun-2017_rpm570_doc0p015_window_0001,3inchStickout/F_12-Jun-2017_rpm570_doc0p015,test,42,3,cv_evaluation,no_chatter,0,0.00015687557,16
turning,cnn_ae,ver_topk,3inchStickout_F_12-Jun-2017_rpm570_doc0p015_window_0002,3inchStickout/F_12-Jun-2017_rpm570_doc0p015,train,42,3,cv_evaluation,no_chatter,0,0.00046814026,16
turning,cnn_ae,ver_topk,3inchStickout_F_12-Jun-2017_rpm570_doc0p015_window_0003,3inchStickout/F_12-Jun-2017_rpm570_doc0p015,train,42,3,cv_evaluation,no_chatter,0,0.0024694446,16
turning,cnn_ae,ver_topk,3inchStickout_F_12-Jun-2017_rpm570_doc0p015_window_0004,3inchStickout/F_12-Jun-2017_rpm570_doc0p015,train,42,3,cv_evaluation,no_chatter,0,0.0027992039,16
turning,cnn_ae,ver_topk,3inchStickout_F_12-Jun-2017_rpm570_doc0p015_window_0005,3inchStickout/F_12-Jun-2017_rpm570_doc0p015,train,42,3,cv_evaluation,no_chatter,0,0.0028433688,16
turning,cnn_ae,ver_topk,3inchStickout_F_12-Jun-2017_rpm570_doc0p015_window_0006,3inchStickout/F_12-Jun-2017_rpm570_doc0p015,train,42,3,cv_evaluation,no_chatter,0,0.0032337413,16
turning,cnn_ae,ver_topk,3inchStickout_F_12-Jun-2017_rpm570_doc0p015_window_0007,3inchStickout/F_12-Jun-2017_rpm570_doc0p015,train,42,3,cv_evaluation,no_chatter,0,0.002843682,16
turning,cnn_ae,ver_topk,3inchStickout_F_12-Jun-2017_rpm570_doc0p015_window_0008,3inchStickout/F_12-Jun-2017_rpm570_doc0p015,train,42,3,cv_evaluation,no_chatter,0,0.0027528491,16
turning,cnn_ae,ver_topk,3inchStickout_F_12-Jun-2017_rpm570_doc0p015_window_0009,3inchStickout/F_12-Jun-2017_rpm570_doc0p015,train,42,3,cv_evaluation,no_chatter,0,0.0054812753,16
turning,cnn_ae,ver_topk,4p5inchStickout_F_12-Jun-2017_rpm570_doc0p010_window_0000,4p5inchStickout/F_12-Jun-2017_rpm570_doc0p010,train,42,3,cv_evaluation,no_chatter,0,3.3186803e-05,16
turning,cnn_ae,ver_topk,4p5inchStickout_F_12-Jun-2017_rpm570_doc0p010_window_0001,4p5inchStickout/F_12-Jun-2017_rpm570_doc0p010,train,42,3,cv_evaluation,no_chatter,0,5.208653e-05,16
turning,cnn_ae,ver_topk,4p5inchStickout_F_12-Jun-2017_rpm570_doc0p010_window_0002,4p5inchStickout/F_12-Jun-2017_rpm570_doc0p010,test,42,3,cv_evaluation,no_chatter,0,4.4524513e-05,16
turning,cnn_ae,ver_topk,4p5inchStickout_F_12-Jun-2017_rpm570_doc0p010_window_0003,4p5inchStickout/F_12-Jun-2017_rpm570_doc0p010,train,42,3,cv_evaluation,no_chatter,0,5.2288815e-05,16
turning,cnn_ae,ver_topk,4p5inchStickout_F_12-Jun-2017_rpm570_doc0p010_window_0004,4p5inchStickout/F_12-Jun-2017_rpm570_doc0p010,train,42,3,cv_evaluation,no_chatter,0,0.0002093147,16
turning,cnn_ae,ver_topk,4p5inchStickout_F_12-Jun-2017_rpm570_doc0p010_window_0005,4p5inchStickout/F_12-Jun-2017_rpm570_doc0p010,train,42,3,cv_evaluation,no_chatter,0,0.0007527964,16
turning,cnn_ae,ver_topk,4p5inchStickout_F_12-Jun-2017_rpm570_doc0p010_window_0006,4p5inchStickout/F_12-Jun-2017_rpm570_doc0p010,train,42,3,cv_evaluation,no_chatter,0,0.0011673247,16
turning,cnn_ae,ver_topk,4p5inchStickout_F_12-Jun-2017_rpm570_doc0p010_window_0007,4p5inchStickout/F_12-Jun-2017_rpm570_doc0p010,train,42,3,cv_evaluation,no_chatter,0,0.0008931936,16
turning,cnn_ae,ver_topk,4p5inchStickout_F_12-Jun-2017_rpm570_doc0p010_window_0008,4p5inchStickout/F_12-Jun-2017_rpm570_doc0p010,train,42,3,cv_evaluation,no_chatter,0,0.0009185793,16
turning,cnn_ae,ver_topk,4p5inchStickout_F_12-Jun-2017_rpm570_doc0p010_window_0009,4p5inchStickout/F_12-Jun-2017_rpm570_doc0p010,train,42,3,cv_evaluation,no_chatter,0,0.0025872868,16
turning,cnn_ae,ver_topk,4p5inchStickout_F_12-Jun-2017_rpm570_doc0p010_window_0010,4p5inchStickout/F_12-Jun-2017_rpm570_doc0p010,train,42,3,cv_evaluation,no_chatter,0,0.0011203166,16
turning,cnn_ae,ver_topk,4p5inchStickout_F_12-Jun-2017_rpm570_doc0p010_window_0011,4p5inchStickout/F_12-Jun-2017_rpm570_doc0p010,train,42,3,cv_evaluation,no_chatter,0,0.0012006742,16
turning,cnn_ae,ver_topk,4p5inchStickout_F_13-Jun-2017_rpm1030_doc0p012_window_0000,4p5inchStickout/F_13-Jun-2017_rpm1030_doc0p012,train,42,3,cv_evaluation,no_chatter,0,9.208233e-05,16
turning,cnn_ae,ver_topk,4p5inchStickout_F_13-Jun-2017_rpm1030_doc0p012_window_0001,4p5inchStickout/F_13-Jun-2017_rpm1030_doc0p012,train,42,3,cv_evaluation,no_chatter,0,0.0020577665,16
turning,cnn_ae,ver_topk,4p5inchStickout_F_13-Jun-2017_rpm1030_doc0p012_window_0002,4p5inchStickout/F_13-Jun-2017_rpm1030_doc0p012,test,42,3,cv_evaluation,no_chatter,0,0.0011103661,16
turning,cnn_ae,ver_topk,4p5inchStickout_F_13-Jun-2017_rpm1030_doc0p012_window_0003,4p5inchStickout/F_13-Jun-2017_rpm1030_doc0p012,train,42,3,cv_evaluation,no_chatter,0,0.0012089122,16
turning,cnn_ae,ver_topk,4p5inchStickout_F_13-Jun-2017_rpm1030_doc0p016_window_0000,4p5inchStickout/F_13-Jun-2017_rpm1030_doc0p016,test,42,3,cv_evaluation,no_chatter,0,0.00011988832,16
turning,cnn_ae,ver_topk,4p5inchStickout_F_13-Jun-2017_rpm1030_doc0p016_window_0001,4p5inchStickout/F_13-Jun-2017_rpm1030_doc0p016,train,42,3,cv_evaluation,no_chatter,0,0.0011186013,16
turning,cnn_ae,ver_topk,4p5inchStickout_F_13-Jun-2017_rpm1030_doc0p016_window_0002,4p5inchStickout/F_13-Jun-2017_rpm1030_doc0p016,train,42,3,cv_evaluation,no_chatter,0,0.0013386185,16
turning,cnn_ae,ver_topk,4p5inchStickout_F_13-Jun-2017_rpm1030_doc0p016_window_0003,4p5inchStickout/F_13-Jun-2017_rpm1030_doc0p016,train,42,3,cv_evaluation,no_chatter,0,0.0013663574,16
turning,cnn_ae,global_mse,2inchStickout_F_08-Jun-2017_rpm320_doc0p005_window_0000,2inchStickout/F_08-Jun-2017_rpm320_doc0p005,train,42,4,cv_evaluation,no_chatter,0,0.00033603187,16
turning,cnn_ae,global_mse,2inchStickout_F_08-Jun-2017_rpm320_doc0p005_window_0001,2inchStickout/F_08-Jun-2017_rpm320_doc0p005,train,42,4,cv_evaluation,no_chatter,0,0.00023774586,16
turning,cnn_ae,global_mse,2inchStickout_F_08-Jun-2017_rpm320_doc0p005_window_0002,2inchStickout/F_08-Jun-2017_rpm320_doc0p005,train,42,4,cv_evaluation,no_chatter,0,0.00020850264,16
turning,cnn_ae,global_mse,2inchStickout_F_08-Jun-2017_rpm320_doc0p005_window_0003,2inchStickout/F_08-Jun-2017_rpm320_doc0p005,train,42,4,cv_evaluation,no_chatter,0,0.00018824132,16
turning,cnn_ae,global_mse,2inchStickout_F_08-Jun-2017_rpm320_doc0p005_window_0004,2inchStickout/F_08-Jun-2017_rpm320_doc0p005,train,42,4,cv_evaluation,no_chatter,0,0.0003144514,16
turning,cnn_ae,global_mse,2inchStickout_F_08-Jun-2017_rpm320_doc0p005_window_0005,2inchStickout/F_08-Jun-2017_rpm320_doc0p005,validation,42,4,cv_evaluation,no_chatter,0,0.007077842,16
turning,cnn_ae,global_mse,2inchStickout_F_08-Jun-2017_rpm320_doc0p005_window_0006,2inchStickout/F_08-Jun-2017_rpm320_doc0p005,validation,42,4,cv_evaluation,chatter,1,0.0048622065,16
turning,cnn_ae,global_mse,2inchStickout_F_08-Jun-2017_rpm320_doc0p005_window_0007,2inchStickout/F_08-Jun-2017_rpm320_doc0p005,validation,42,4,cv_evaluation,chatter,1,0.004910713,16
turning,cnn_ae,global_mse,2inchStickout_F_08-Jun-2017_rpm320_doc0p005_window_0008,2inchStickout/F_08-Jun-2017_rpm320_doc0p005,validation,42,4,cv_evaluation,chatter,1,0.005704138,16
turning,cnn_ae,global_mse,2inchStickout_F_08-Jun-2017_rpm320_doc0p005_window_0009,2inchStickout/F_08-Jun-2017_rpm320_doc0p005,validation,42,4,cv_evaluation,chatter,1,0.004696024,16
turning,cnn_ae,global_mse,2inchStickout_F_08-Jun-2017_rpm320_doc0p005_window_0010,2inchStickout/F_08-Jun-2017_rpm320_doc0p005,validation,42,4,cv_evaluation,chatter,1,0.004337857,16
turning,cnn_ae,global_mse,2inchStickout_F_08-Jun-2017_rpm320_doc0p005_window_0011,2inchStickout/F_08-Jun-2017_rpm320_doc0p005,validation,42,4,cv_evaluation,chatter,1,0.00432259,16
turning,cnn_ae,global_mse,2inchStickout_F_08-Jun-2017_rpm320_doc0p005_window_0012,2inchStickout/F_08-Jun-2017_rpm320_doc0p005,train,42,4,cv_evaluation,no_chatter,0,0.0034699426,16
turning,cnn_ae,global_mse,2inchStickout_F_08-Jun-2017_rpm320_doc0p005_window_0013,2inchStickout/F_08-Jun-2017_rpm320_doc0p005,train,42,4,cv_evaluation,no_chatter,0,0.0020374733,16
turning,cnn_ae,global_mse,2inchStickout_F_08-Jun-2017_rpm320_doc0p005_window_0014,2inchStickout/F_08-Jun-2017_rpm320_doc0p005,train,42,4,cv_evaluation,no_chatter,0,0.0015223362,16
turning,cnn_ae,global_mse,2inchStickout_F_08-Jun-2017_rpm320_doc0p005_window_0015,2inchStickout/F_08-Jun-2017_rpm320_doc0p005,train,42,4,cv_evaluation,no_chatter,0,0.0013928991,16
turning,cnn_ae,global_mse,2inchStickout_F_08-Jun-2017_rpm320_doc0p005_window_0016,2inchStickout/F_08-Jun-2017_rpm320_doc0p005,train,42,4,cv_evaluation,no_chatter,0,0.0014859163,16
turning,cnn_ae,global_mse,2inchStickout_F_08-Jun-2017_rpm320_doc0p005_window_0017,2inchStickout/F_08-Jun-2017_rpm320_doc0p005,train,42,4,cv_evaluation,no_chatter,0,0.0013418911,16
turning,cnn_ae,global_mse,2inchStickout_F_08-Jun-2017_rpm320_doc0p005_window_0018,2inchStickout/F_08-Jun-2017_rpm320_doc0p005,train,42,4,cv_evaluation,no_chatter,0,0.0013566026,16
turning,cnn_ae,global_mse,2inchStickout_F_08-Jun-2017_rpm320_doc0p005_window_0019,2inchStickout/F_08-Jun-2017_rpm320_doc0p005,train,42,4,cv_evaluation,no_chatter,0,0.0014327854,16
turning,cnn_ae,global_mse,2inchStickout_F_08-Jun-2017_rpm320_doc0p005_window_0020,2inchStickout/F_08-Jun-2017_rpm320_doc0p005,train,42,4,cv_evaluation,no_chatter,0,0.0014384896,16
turning,cnn_ae,global_mse,2inchStickout_F_08-Jun-2017_rpm320_doc0p005_window_0021,2inchStickout/F_08-Jun-2017_rpm320_doc0p005,train,42,4,cv_evaluation,no_chatter,0,0.0028696235,16
turning,cnn_ae,global_mse,2inchStickout_F_08-Jun-2017_rpm320_doc0p005_window_0022,2inchStickout/F_08-Jun-2017_rpm320_doc0p005,train,42,4,cv_evaluation,no_chatter,0,0.0032137898,16
turning,cnn_ae,global_mse,2inchStickout_F_08-Jun-2017_rpm320_doc0p005_window_0023,2inchStickout/F_08-Jun-2017_rpm320_doc0p005,train,42,4,cv_evaluation,no_chatter,0,0.004408353,16
turning,cnn_ae,global_mse,2inchStickout_F_08-Jun-2017_rpm320_doc0p030_window_0000,2inchStickout/F_08-Jun-2017_rpm320_doc0p030,train,42,4,cv_evaluation,no_chatter,0,0.00015250633,16
turning,cnn_ae,global_mse,2inchStickout_F_08-Jun-2017_rpm320_doc0p030_window_0001,2inchStickout/F_08-Jun-2017_rpm320_doc0p030,train,42,4,cv_evaluation,no_chatter,0,0.00015829188,16
turning,cnn_ae,global_mse,2inchStickout_F_08-Jun-2017_rpm320_doc0p030_window_0002,2inchStickout/F_08-Jun-2017_rpm320_doc0p030,train,42,4,cv_evaluation,no_chatter,0,0.0001513442,16
turning,cnn_ae,global_mse,2inchStickout_F_08-Jun-2017_rpm320_doc0p030_window_0003,2inchStickout/F_08-Jun-2017_rpm320_doc0p030,train,42,4,cv_evaluation,no_chatter,0,0.00087936234,16
turning,cnn_ae,global_mse,2inchStickout_F_08-Jun-2017_rpm320_doc0p030_window_0004,2inchStickout/F_08-Jun-2017_rpm320_doc0p030,train,42,4,cv_evaluation,no_chatter,0,0.0006436706,16
turning,cnn_ae,global_mse,2inchStickout_F_08-Jun-2017_rpm320_doc0p030_window_0005,2inchStickout/F_08-Jun-2017_rpm320_doc0p030,train,42,4,cv_evaluation,no_chatter,0,0.000412488,16
turning,cnn_ae,global_mse,2inchStickout_F_08-Jun-2017_rpm320_doc0p030_window_0006,2inchStickout/F_08-Jun-2017_rpm320_doc0p030,train,42,4,cv_evaluation,no_chatter,0,0.00047702595,16
turning,cnn_ae,global_mse,2inchStickout_F_08-Jun-2017_rpm320_doc0p030_window_0007,2inchStickout/F_08-Jun-2017_rpm320_doc0p030,train,42,4,cv_evaluation,no_chatter,0,0.0005563621,16
turning,cnn_ae,global_mse,2inchStickout_F_08-Jun-2017_rpm320_doc0p030_window_0008,2inchStickout/F_08-Jun-2017_rpm320_doc0p030,train,42,4,cv_evaluation,no_chatter,0,0.0005136884,16
turning,cnn_ae,global_mse,2inchStickout_F_08-Jun-2017_rpm320_doc0p030_window_0009,2inchStickout/F_08-Jun-2017_rpm320_doc0p030,train,42,4,cv_evaluation,no_chatter,0,0.0004958007,16
turning,cnn_ae,global_mse,2inchStickout_F_08-Jun-2017_rpm320_doc0p030_window_0010,2inchStickout/F_08-Jun-2017_rpm320_doc0p030,train,42,4,cv_evaluation,no_chatter,0,0.0005078343,16
turning,cnn_ae,global_mse,2inchStickout_F_08-Jun-2017_rpm320_doc0p030_window_0011,2inchStickout/F_08-Jun-2017_rpm320_doc0p030,validation,42,4,cv_evaluation,no_chatter,0,0.0005674186,16
turning,cnn_ae,global_mse,2inchStickout_F_08-Jun-2017_rpm320_doc0p030_window_0012,2inchStickout/F_08-Jun-2017_rpm320_doc0p030,validation,42,4,cv_evaluation,no_chatter,0,0.00043209555,16
turning,cnn_ae,global_mse,2inchStickout_F_08-Jun-2017_rpm320_doc0p030_window_0013,2inchStickout/F_08-Jun-2017_rpm320_doc0p030,train,42,4,cv_evaluation,no_chatter,0,0.00054071494,16
turning,cnn_ae,global_mse,2inchStickout_F_08-Jun-2017_rpm320_doc0p030_window_0014,2inchStickout/F_08-Jun-2017_rpm320_doc0p030,train,42,4,cv_evaluation,no_chatter,0,0.0009305088,16
turning,cnn_ae,global_mse,2inchStickout_F_08-Jun-2017_rpm320_doc0p030_window_0015,2inchStickout/F_08-Jun-2017_rpm320_doc0p030,train,42,4,cv_evaluation,no_chatter,0,0.00066420104,16
turning,cnn_ae,global_mse,2inchStickout_F_08-Jun-2017_rpm320_doc0p030_window_0016,2inchStickout/F_08-Jun-2017_rpm320_doc0p030,train,42,4,cv_evaluation,no_chatter,0,0.0005684833,16
turning,cnn_ae,global_mse,2inchStickout_F_08-Jun-2017_rpm320_doc0p030_window_0017,2inchStickout/F_08-Jun-2017_rpm320_doc0p030,train,42,4,cv_evaluation,no_chatter,0,0.00087403087,16
turning,cnn_ae,global_mse,2inchStickout_F_08-Jun-2017_rpm320_doc0p030_window_0018,2inchStickout/F_08-Jun-2017_rpm320_doc0p030,train,42,4,cv_evaluation,no_chatter,0,0.00093578576,16
turning,cnn_ae,global_mse,2inchStickout_F_08-Jun-2017_rpm320_doc0p030_window_0019,2inchStickout/F_08-Jun-2017_rpm320_doc0p030,validation,42,4,cv_evaluation,no_chatter,0,0.0012383653,16
turning,cnn_ae,global_mse,2inchStickout_F_08-Jun-2017_rpm320_doc0p030_window_0020,2inchStickout/F_08-Jun-2017_rpm320_doc0p030,validation,42,4,cv_evaluation,no_chatter,0,0.0014752607,16
turning,cnn_ae,global_mse,2inchStickout_F_08-Jun-2017_rpm320_doc0p030_window_0021,2inchStickout/F_08-Jun-2017_rpm320_doc0p030,train,42,4,cv_evaluation,no_chatter,0,0.0015568044,16
turning,cnn_ae,global_mse,2inchStickout_F_08-Jun-2017_rpm320_doc0p030_window_0022,2inchStickout/F_08-Jun-2017_rpm320_doc0p030,train,42,4,cv_evaluation,no_chatter,0,0.0020854166,16
turning,cnn_ae,global_mse,2inchStickout_F_08-Jun-2017_rpm320_doc0p030_window_0023,2inchStickout/F_08-Jun-2017_rpm320_doc0p030,train,42,4,cv_evaluation,no_chatter,0,0.0019359099,16
turning,cnn_ae,global_mse,2inchStickout_F_08-Jun-2017_rpm425_doc0p017_window_0000,2inchStickout/F_08-Jun-2017_rpm425_doc0p017,train,42,4,cv_evaluation,no_chatter,0,0.00024532407,16
turning,cnn_ae,global_mse,2inchStickout_F_08-Jun-2017_rpm425_doc0p017_window_0001,2inchStickout/F_08-Jun-2017_rpm425_doc0p017,train,42,4,cv_evaluation,no_chatter,0,0.00032316183,16
turning,cnn_ae,global_mse,2inchStickout_F_08-Jun-2017_rpm425_doc0p017_window_0002,2inchStickout/F_08-Jun-2017_rpm425_doc0p017,validation,42,4,cv_evaluation,no_chatter,0,0.0010117074,16
turning,cnn_ae,global_mse,2inchStickout_F_08-Jun-2017_rpm425_doc0p017_window_0003,2inchStickout/F_08-Jun-2017_rpm425_doc0p017,validation,42,4,cv_evaluation,no_chatter,0,0.0013875323,16
turning,cnn_ae,global_mse,2inchStickout_F_08-Jun-2017_rpm425_doc0p017_window_0004,2inchStickout/F_08-Jun-2017_rpm425_doc0p017,validation,42,4,cv_evaluation,no_chatter,0,0.0031798445,16
turning,cnn_ae,global_mse,2inchStickout_F_08-Jun-2017_rpm425_doc0p017_window_0005,2inchStickout/F_08-Jun-2017_rpm425_doc0p017,validation,42,4,cv_evaluation,no_chatter,0,0.0021776059,16
turning,cnn_ae,global_mse,2inchStickout_F_08-Jun-2017_rpm425_doc0p017_window_0006,2inchStickout/F_08-Jun-2017_rpm425_doc0p017,train,42,4,cv_evaluation,no_chatter,0,0.0012491292,16
turning,cnn_ae,global_mse,2inchStickout_F_08-Jun-2017_rpm425_doc0p017_window_0007,2inchStickout/F_08-Jun-2017_rpm425_doc0p017,train,42,4,cv_evaluation,no_chatter,0,0.0049689044,16
turning,cnn_ae,global_mse,2inchStickout_F_08-Jun-2017_rpm570_doc0p010_window_0000,2inchStickout/F_08-Jun-2017_rpm570_doc0p010,test,42,4,cv_evaluation,no_chatter,0,0.00023438367,16
turning,cnn_ae,global_mse,2inchStickout_F_08-Jun-2017_rpm570_doc0p010_window_0001,2inchStickout/F_08-Jun-2017_rpm570_doc0p010,test,42,4,cv_evaluation,no_chatter,0,0.0019662671,16
turning,cnn_ae,global_mse,2inchStickout_F_08-Jun-2017_rpm570_doc0p010_window_0002,2inchStickout/F_08-Jun-2017_rpm570_doc0p010,test,42,4,cv_evaluation,chatter,1,0.0054262215,16
turning,cnn_ae,global_mse,2inchStickout_F_08-Jun-2017_rpm570_doc0p010_window_0003,2inchStickout/F_08-Jun-2017_rpm570_doc0p010,test,42,4,cv_evaluation,chatter,1,0.0044928356,16
turning,cnn_ae,global_mse,2inchStickout_F_08-Jun-2017_rpm570_doc0p010_window_0004,2inchStickout/F_08-Jun-2017_rpm570_doc0p010,test,42,4,cv_evaluation,chatter,1,0.0066273734,16
turning,cnn_ae,global_mse,2inchStickout_F_08-Jun-2017_rpm570_doc0p010_window_0005,2inchStickout/F_08-Jun-2017_rpm570_doc0p010,test,42,4,cv_evaluation,chatter,1,0.00766541,16
turning,cnn_ae,global_mse,2inchStickout_F_08-Jun-2017_rpm770_doc0p002_window_0000,2inchStickout/F_08-Jun-2017_rpm770_doc0p002,train,42,4,cv_evaluation,no_chatter,0,0.0003655905,16
turning,cnn_ae,global_mse,2inchStickout_F_08-Jun-2017_rpm770_doc0p002_window_0001,2inchStickout/F_08-Jun-2017_rpm770_doc0p002,validation,42,4,cv_evaluation,chatter,1,0.011822456,16
turning,cnn_ae,global_mse,2inchStickout_F_08-Jun-2017_rpm770_doc0p002_window_0002,2inchStickout/F_08-Jun-2017_rpm770_doc0p002,validation,42,4,cv_evaluation,chatter,1,0.012538902,16
turning,cnn_ae,global_mse,2inchStickout_F_08-Jun-2017_rpm770_doc0p002_window_0003,2inchStickout/F_08-Jun-2017_rpm770_doc0p002,train,42,4,cv_evaluation,no_chatter,0,0.0046072123,16
turning,cnn_ae,global_mse,2inchStickout_F_08-Jun-2017_rpm770_doc0p002_window_0004,2inchStickout/F_08-Jun-2017_rpm770_doc0p002,validation,42,4,cv_evaluation,chatter,1,0.0041455156,16
turning,cnn_ae,global_mse,2inchStickout_F_08-Jun-2017_rpm770_doc0p002_window_0005,2inchStickout/F_08-Jun-2017_rpm770_doc0p002,train,42,4,cv_evaluation,no_chatter,0,0.0040852046,16
turning,cnn_ae,global_mse,2inchStickout_F_08-Jun-2017_rpm770_doc0p002_window_0006,2inchStickout/F_08-Jun-2017_rpm770_doc0p002,train,42,4,cv_evaluation,no_chatter,0,0.012863355,16
turning,cnn_ae,global_mse,2inchStickout_F_08-Jun-2017_rpm770_doc0p002_window_0007,2inchStickout/F_08-Jun-2017_rpm770_doc0p002,validation,42,4,cv_evaluation,chatter,1,0.007593224,16
turning,cnn_ae,global_mse,2p5inchStickout_F_12-Jun-2017_rpm570_doc0p005_window_0000,2p5inchStickout/F_12-Jun-2017_rpm570_doc0p005,test,42,4,cv_evaluation,no_chatter,0,0.00041983716,16
turning,cnn_ae,global_mse,2p5inchStickout_F_12-Jun-2017_rpm570_doc0p005_window_0001,2p5inchStickout/F_12-Jun-2017_rpm570_doc0p005,train,42,4,cv_evaluation,no_chatter,0,0.0017501097,16
turning,cnn_ae,global_mse,2p5inchStickout_F_12-Jun-2017_rpm570_doc0p005_window_0002,2p5inchStickout/F_12-Jun-2017_rpm570_doc0p005,train,42,4,cv_evaluation,no_chatter,0,0.0018067311,16
turning,cnn_ae,global_mse,2p5inchStickout_F_12-Jun-2017_rpm570_doc0p005_window_0003,2p5inchStickout/F_12-Jun-2017_rpm570_doc0p005,train,42,4,cv_evaluation,no_chatter,0,0.0019158504,16
turning,cnn_ae,global_mse,2p5inchStickout_F_12-Jun-2017_rpm570_doc0p005_window_0004,2p5inchStickout/F_12-Jun-2017_rpm570_doc0p005,test,42,4,cv_evaluation,no_chatter,0,0.0030173825,16
turning,cnn_ae,global_mse,2p5inchStickout_F_12-Jun-2017_rpm570_doc0p005_window_0005,2p5inchStickout/F_12-Jun-2017_rpm570_doc0p005,train,42,4,cv_evaluation,no_chatter,0,0.0046366975,16
turning,cnn_ae,global_mse,2p5inchStickout_F_12-Jun-2017_rpm570_doc0p005_window_0006,2p5inchStickout/F_12-Jun-2017_rpm570_doc0p005,train,42,4,cv_evaluation,no_chatter,0,0.0024453944,16
turning,cnn_ae,global_mse,2p5inchStickout_F_12-Jun-2017_rpm570_doc0p005_window_0007,2p5inchStickout/F_12-Jun-2017_rpm570_doc0p005,train,42,4,cv_evaluation,no_chatter,0,0.0016819021,16
turning,cnn_ae,global_mse,2p5inchStickout_F_12-Jun-2017_rpm570_doc0p005_window_0008,2p5inchStickout/F_12-Jun-2017_rpm570_doc0p005,test,42,4,cv_evaluation,no_chatter,0,0.0047968784,16
turning,cnn_ae,global_mse,2p5inchStickout_F_12-Jun-2017_rpm570_doc0p005_window_0009,2p5inchStickout/F_12-Jun-2017_rpm570_doc0p005,train,42,4,cv_evaluation,no_chatter,0,0.0043073776,16
turning,cnn_ae,global_mse,2p5inchStickout_F_12-Jun-2017_rpm570_doc0p010_window_0000,2p5inchStickout/F_12-Jun-2017_rpm570_doc0p010,train,42,4,cv_evaluation,no_chatter,0,0.00080740266,16
turning,cnn_ae,global_mse,2p5inchStickout_F_12-Jun-2017_rpm570_doc0p010_window_0001,2p5inchStickout/F_12-Jun-2017_rpm570_doc0p010,train,42,4,cv_evaluation,no_chatter,0,0.0023406614,16
turning,cnn_ae,global_mse,2p5inchStickout_F_12-Jun-2017_rpm570_doc0p010_window_0002,2p5inchStickout/F_12-Jun-2017_rpm570_doc0p010,train,42,4,cv_evaluation,no_chatter,0,0.0015072632,16
turning,cnn_ae,global_mse,2p5inchStickout_F_12-Jun-2017_rpm570_doc0p010_window_0003,2p5inchStickout/F_12-Jun-2017_rpm570_doc0p010,test,42,4,cv_evaluation,no_chatter,0,0.001381988,16
turning,cnn_ae,global_mse,2p5inchStickout_F_12-Jun-2017_rpm570_doc0p010_window_0004,2p5inchStickout/F_12-Jun-2017_rpm570_doc0p010,train,42,4,cv_evaluation,no_chatter,0,0.0016463187,16
turning,cnn_ae,global_mse,2p5inchStickout_F_12-Jun-2017_rpm570_doc0p010_window_0005,2p5inchStickout/F_12-Jun-2017_rpm570_doc0p010,train,42,4,cv_evaluation,no_chatter,0,0.0019955,16
turning,cnn_ae,global_mse,2p5inchStickout_F_12-Jun-2017_rpm570_doc0p010_window_0006,2p5inchStickout/F_12-Jun-2017_rpm570_doc0p010,test,42,4,cv_evaluation,no_chatter,0,0.0024511563,16
turning,cnn_ae,global_mse,2p5inchStickout_F_12-Jun-2017_rpm570_doc0p010_window_0007,2p5inchStickout/F_12-Jun-2017_rpm570_doc0p010,train,42,4,cv_evaluation,no_chatter,0,0.0018718331,16
turning,cnn_ae,global_mse,2p5inchStickout_F_12-Jun-2017_rpm570_doc0p010_window_0008,2p5inchStickout/F_12-Jun-2017_rpm570_doc0p010,train,42,4,cv_evaluation,no_chatter,0,0.0016279696,16
turning,cnn_ae,global_mse,2p5inchStickout_F_12-Jun-2017_rpm570_doc0p010_window_0009,2p5inchStickout/F_12-Jun-2017_rpm570_doc0p010,test,42,4,cv_evaluation,no_chatter,0,0.0015717468,16
turning,cnn_ae,global_mse,3p5inchStickout_F_14-Jun-2017_rpm770_doc0p005_window_0000,3p5inchStickout/F_14-Jun-2017_rpm770_doc0p005,validation,42,4,cv_evaluation,no_chatter,0,0.00020053753,16
turning,cnn_ae,global_mse,3p5inchStickout_F_14-Jun-2017_rpm770_doc0p005_window_0001,3p5inchStickout/F_14-Jun-2017_rpm770_doc0p005,train,42,4,cv_evaluation,no_chatter,0,0.0018373411,16
turning,cnn_ae,global_mse,3p5inchStickout_F_14-Jun-2017_rpm770_doc0p005_window_0002,3p5inchStickout/F_14-Jun-2017_rpm770_doc0p005,train,42,4,cv_evaluation,no_chatter,0,0.0016649496,16
turning,cnn_ae,global_mse,3p5inchStickout_F_14-Jun-2017_rpm770_doc0p005_window_0003,3p5inchStickout/F_14-Jun-2017_rpm770_doc0p005,train,42,4,cv_evaluation,no_chatter,0,0.0021335117,16
turning,cnn_ae,global_mse,4p5inchStickout_F_12-Jun-2017_rpm570_doc0p015_window_0000,4p5inchStickout/F_12-Jun-2017_rpm570_doc0p015,train,42,4,cv_evaluation,no_chatter,0,4.1137042e-05,16
turning,cnn_ae,global_mse,4p5inchStickout_F_12-Jun-2017_rpm570_doc0p015_window_0001,4p5inchStickout/F_12-Jun-2017_rpm570_doc0p015,train,42,4,cv_evaluation,no_chatter,0,3.554811e-05,16
turning,cnn_ae,global_mse,4p5inchStickout_F_12-Jun-2017_rpm570_doc0p015_window_0002,4p5inchStickout/F_12-Jun-2017_rpm570_doc0p015,train,42,4,cv_evaluation,no_chatter,0,3.6918118e-05,16
turning,cnn_ae,global_mse,4p5inchStickout_F_12-Jun-2017_rpm570_doc0p015_window_0003,4p5inchStickout/F_12-Jun-2017_rpm570_doc0p015,train,42,4,cv_evaluation,no_chatter,0,4.6133813e-05,16
turning,cnn_ae,global_mse,4p5inchStickout_F_12-Jun-2017_rpm570_doc0p015_window_0004,4p5inchStickout/F_12-Jun-2017_rpm570_doc0p015,train,42,4,cv_evaluation,no_chatter,0,0.0006194524,16
turning,cnn_ae,global_mse,4p5inchStickout_F_12-Jun-2017_rpm570_doc0p015_window_0005,4p5inchStickout/F_12-Jun-2017_rpm570_doc0p015,train,42,4,cv_evaluation,no_chatter,0,0.0011268826,16
turning,cnn_ae,global_mse,4p5inchStickout_F_12-Jun-2017_rpm570_doc0p015_window_0006,4p5inchStickout/F_12-Jun-2017_rpm570_doc0p015,train,42,4,cv_evaluation,no_chatter,0,0.0009446649,16
turning,cnn_ae,global_mse,4p5inchStickout_F_12-Jun-2017_rpm570_doc0p015_window_0007,4p5inchStickout/F_12-Jun-2017_rpm570_doc0p015,train,42,4,cv_evaluation,no_chatter,0,0.001013965,16
turning,cnn_ae,global_mse,4p5inchStickout_F_12-Jun-2017_rpm570_doc0p015_window_0008,4p5inchStickout/F_12-Jun-2017_rpm570_doc0p015,train,42,4,cv_evaluation,no_chatter,0,0.0011306033,16
turning,cnn_ae,global_mse,4p5inchStickout_F_12-Jun-2017_rpm570_doc0p015_window_0009,4p5inchStickout/F_12-Jun-2017_rpm570_doc0p015,train,42,4,cv_evaluation,no_chatter,0,0.002082254,16
turning,cnn_ae,global_mse,4p5inchStickout_F_12-Jun-2017_rpm570_doc0p015_window_0010,4p5inchStickout/F_12-Jun-2017_rpm570_doc0p015,train,42,4,cv_evaluation,no_chatter,0,0.0015412673,16
turning,cnn_ae,global_mse,4p5inchStickout_F_12-Jun-2017_rpm570_doc0p015_window_0011,4p5inchStickout/F_12-Jun-2017_rpm570_doc0p015,train,42,4,cv_evaluation,no_chatter,0,0.0021307347,16
turning,cnn_ae,global_mse,4p5inchStickout_F_12-Jun-2017_rpm570_doc0p025_window_0000,4p5inchStickout/F_12-Jun-2017_rpm570_doc0p025,train,42,4,cv_evaluation,no_chatter,0,5.944153e-05,16
turning,cnn_ae,global_mse,4p5inchStickout_F_12-Jun-2017_rpm570_doc0p025_window_0001,4p5inchStickout/F_12-Jun-2017_rpm570_doc0p025,train,42,4,cv_evaluation,no_chatter,0,5.9295995e-05,16
turning,cnn_ae,global_mse,4p5inchStickout_F_12-Jun-2017_rpm570_doc0p025_window_0002,4p5inchStickout/F_12-Jun-2017_rpm570_doc0p025,train,42,4,cv_evaluation,no_chatter,0,5.7239038e-05,16
turning,cnn_ae,global_mse,4p5inchStickout_F_12-Jun-2017_rpm570_doc0p025_window_0003,4p5inchStickout/F_12-Jun-2017_rpm570_doc0p025,train,42,4,cv_evaluation,no_chatter,0,5.0771898e-05,16
turning,cnn_ae,global_mse,4p5inchStickout_F_12-Jun-2017_rpm570_doc0p025_window_0004,4p5inchStickout/F_12-Jun-2017_rpm570_doc0p025,train,42,4,cv_evaluation,no_chatter,0,0.0011527943,16
turning,cnn_ae,global_mse,4p5inchStickout_F_12-Jun-2017_rpm570_doc0p025_window_0005,4p5inchStickout/F_12-Jun-2017_rpm570_doc0p025,train,42,4,cv_evaluation,no_chatter,0,0.0009515818,16
turning,cnn_ae,global_mse,4p5inchStickout_F_12-Jun-2017_rpm570_doc0p025_window_0006,4p5inchStickout/F_12-Jun-2017_rpm570_doc0p025,test,42,4,cv_evaluation,no_chatter,0,0.00090675516,16
turning,cnn_ae,global_mse,4p5inchStickout_F_12-Jun-2017_rpm570_doc0p025_window_0007,4p5inchStickout/F_12-Jun-2017_rpm570_doc0p025,train,42,4,cv_evaluation,no_chatter,0,0.0009438172,16
turning,cnn_ae,global_mse,4p5inchStickout_F_12-Jun-2017_rpm570_doc0p025_window_0008,4p5inchStickout/F_12-Jun-2017_rpm570_doc0p025,train,42,4,cv_evaluation,no_chatter,0,0.001556311,16
turning,cnn_ae,global_mse,4p5inchStickout_F_12-Jun-2017_rpm570_doc0p025_window_0009,4p5inchStickout/F_12-Jun-2017_rpm570_doc0p025,train,42,4,cv_evaluation,no_chatter,0,0.002371601,16
turning,cnn_ae,global_mse,4p5inchStickout_F_12-Jun-2017_rpm570_doc0p025_window_0010,4p5inchStickout/F_12-Jun-2017_rpm570_doc0p025,train,42,4,cv_evaluation,no_chatter,0,0.002100311,16
turning,cnn_ae,global_mse,4p5inchStickout_F_12-Jun-2017_rpm570_doc0p025_window_0011,4p5inchStickout/F_12-Jun-2017_rpm570_doc0p025,train,42,4,cv_evaluation,no_chatter,0,0.0023546147,16
turning,cnn_ae,global_mse,4p5inchStickout_F_13-Jun-2017_rpm1030_doc0p010_window_0000,4p5inchStickout/F_13-Jun-2017_rpm1030_doc0p010,train,42,4,cv_evaluation,no_chatter,0,0.00010888754,16
turning,cnn_ae,global_mse,4p5inchStickout_F_13-Jun-2017_rpm1030_doc0p010_window_0001,4p5inchStickout/F_13-Jun-2017_rpm1030_doc0p010,test,42,4,cv_evaluation,no_chatter,0,0.005253146,16
turning,cnn_ae,global_mse,4p5inchStickout_F_13-Jun-2017_rpm1030_doc0p010_window_0002,4p5inchStickout/F_13-Jun-2017_rpm1030_doc0p010,train,42,4,cv_evaluation,no_chatter,0,0.0025953418,16
turning,cnn_ae,global_mse,4p5inchStickout_F_13-Jun-2017_rpm1030_doc0p010_window_0003,4p5inchStickout/F_13-Jun-2017_rpm1030_doc0p010,train,42,4,cv_evaluation,no_chatter,0,0.0026229094,16
turning,cnn_ae,global_mse,4p5inchStickout_F_13-Jun-2017_rpm1030_doc0p013_window_0000,4p5inchStickout/F_13-Jun-2017_rpm1030_doc0p013,test,42,4,cv_evaluation,no_chatter,0,0.00011034633,16
turning,cnn_ae,global_mse,4p5inchStickout_F_13-Jun-2017_rpm1030_doc0p013_window_0001,4p5inchStickout/F_13-Jun-2017_rpm1030_doc0p013,train,42,4,cv_evaluation,no_chatter,0,0.0018028824,16
turning,cnn_ae,global_mse,4p5inchStickout_F_13-Jun-2017_rpm1030_doc0p013_window_0002,4p5inchStickout/F_13-Jun-2017_rpm1030_doc0p013,test,42,4,cv_evaluation,no_chatter,0,0.0014590474,16
turning,cnn_ae,global_mse,4p5inchStickout_F_13-Jun-2017_rpm1030_doc0p013_window_0003,4p5inchStickout/F_13-Jun-2017_rpm1030_doc0p013,train,42,4,cv_evaluation,no_chatter,0,0.0021052945,16
turning,cnn_ae,global_mse,4p5inchStickout_F_13-Jun-2017_rpm770_doc0p020_window_0000,4p5inchStickout/F_13-Jun-2017_rpm770_doc0p020,train,42,4,cv_evaluation,no_chatter,0,8.9540685e-05,16
turning,cnn_ae,global_mse,4p5inchStickout_F_13-Jun-2017_rpm770_doc0p020_window_0001,4p5inchStickout/F_13-Jun-2017_rpm770_doc0p020,train,42,4,cv_evaluation,no_chatter,0,0.00059160194,16
turning,cnn_ae,global_mse,4p5inchStickout_F_13-Jun-2017_rpm770_doc0p020_window_0002,4p5inchStickout/F_13-Jun-2017_rpm770_doc0p020,test,42,4,cv_evaluation,no_chatter,0,0.0010645363,16
turning,cnn_ae,global_mse,4p5inchStickout_F_13-Jun-2017_rpm770_doc0p020_window_0003,4p5inchStickout/F_13-Jun-2017_rpm770_doc0p020,train,42,4,cv_evaluation,no_chatter,0,0.0013657947,16
turning,cnn_ae,global_mse,4p5inchStickout_F_13-Jun-2017_rpm770_doc0p020_window_0004,4p5inchStickout/F_13-Jun-2017_rpm770_doc0p020,train,42,4,cv_evaluation,no_chatter,0,0.0012809609,16
turning,cnn_ae,global_mse,4p5inchStickout_F_13-Jun-2017_rpm770_doc0p020_window_0005,4p5inchStickout/F_13-Jun-2017_rpm770_doc0p020,train,42,4,cv_evaluation,no_chatter,0,0.0031525465,16
turning,cnn_ae,global_mae,2inchStickout_F_08-Jun-2017_rpm320_doc0p005_window_0000,2inchStickout/F_08-Jun-2017_rpm320_doc0p005,train,42,4,cv_evaluation,no_chatter,0,0.006409812,16
turning,cnn_ae,global_mae,2inchStickout_F_08-Jun-2017_rpm320_doc0p005_window_0001,2inchStickout/F_08-Jun-2017_rpm320_doc0p005,train,42,4,cv_evaluation,no_chatter,0,0.0058045457,16
turning,cnn_ae,global_mae,2inchStickout_F_08-Jun-2017_rpm320_doc0p005_window_0002,2inchStickout/F_08-Jun-2017_rpm320_doc0p005,train,42,4,cv_evaluation,no_chatter,0,0.005626023,16
turning,cnn_ae,global_mae,2inchStickout_F_08-Jun-2017_rpm320_doc0p005_window_0003,2inchStickout/F_08-Jun-2017_rpm320_doc0p005,train,42,4,cv_evaluation,no_chatter,0,0.0054589803,16
turning,cnn_ae,global_mae,2inchStickout_F_08-Jun-2017_rpm320_doc0p005_window_0004,2inchStickout/F_08-Jun-2017_rpm320_doc0p005,train,42,4,cv_evaluation,no_chatter,0,0.0064609232,16
turning,cnn_ae,global_mae,2inchStickout_F_08-Jun-2017_rpm320_doc0p005_window_0005,2inchStickout/F_08-Jun-2017_rpm320_doc0p005,validation,42,4,cv_evaluation,no_chatter,0,0.040626142,16
turning,cnn_ae,global_mae,2inchStickout_F_08-Jun-2017_rpm320_doc0p005_window_0006,2inchStickout/F_08-Jun-2017_rpm320_doc0p005,validation,42,4,cv_evaluation,chatter,1,0.041723583,16
turning,cnn_ae,global_mae,2inchStickout_F_08-Jun-2017_rpm320_doc0p005_window_0007,2inchStickout/F_08-Jun-2017_rpm320_doc0p005,validation,42,4,cv_evaluation,chatter,1,0.042634066,16
turning,cnn_ae,global_mae,2inchStickout_F_08-Jun-2017_rpm320_doc0p005_window_0008,2inchStickout/F_08-Jun-2017_rpm320_doc0p005,validation,42,4,cv_evaluation,chatter,1,0.04635416,16
turning,cnn_ae,global_mae,2inchStickout_F_08-Jun-2017_rpm320_doc0p005_window_0009,2inchStickout/F_08-Jun-2017_rpm320_doc0p005,validation,42,4,cv_evaluation,chatter,1,0.04008109,16
turning,cnn_ae,global_mae,2inchStickout_F_08-Jun-2017_rpm320_doc0p005_window_0010,2inchStickout/F_08-Jun-2017_rpm320_doc0p005,validation,42,4,cv_evaluation,chatter,1,0.03571186,16
turning,cnn_ae,global_mae,2inchStickout_F_08-Jun-2017_rpm320_doc0p005_window_0011,2inchStickout/F_08-Jun-2017_rpm320_doc0p005,validation,42,4,cv_evaluation,chatter,1,0.035995618,16
turning,cnn_ae,global_mae,2inchStickout_F_08-Jun-2017_rpm320_doc0p005_window_0012,2inchStickout/F_08-Jun-2017_rpm320_doc0p005,train,42,4,cv_evaluation,no_chatter,0,0.031828597,16
turning,cnn_ae,global_mae,2inchStickout_F_08-Jun-2017_rpm320_doc0p005_window_0013,2inchStickout/F_08-Jun-2017_rpm320_doc0p005,train,42,4,cv_evaluation,no_chatter,0,0.022595042,16
turning,cnn_ae,global_mae,2inchStickout_F_08-Jun-2017_rpm320_doc0p005_window_0014,2inchStickout/F_08-Jun-2017_rpm320_doc0p005,train,42,4,cv_evaluation,no_chatter,0,0.018719211,16
turning,cnn_ae,global_mae,2inchStickout_F_08-Jun-2017_rpm320_doc0p005_window_0015,2inchStickout/F_08-Jun-2017_rpm320_doc0p005,train,42,4,cv_evaluation,no_chatter,0,0.018128544,16
turning,cnn_ae,global_mae,2inchStickout_F_08-Jun-2017_rpm320_doc0p005_window_0016,2inchStickout/F_08-Jun-2017_rpm320_doc0p005,train,42,4,cv_evaluation,no_chatter,0,0.018457565,16
turning,cnn_ae,global_mae,2inchStickout_F_08-Jun-2017_rpm320_doc0p005_window_0017,2inchStickout/F_08-Jun-2017_rpm320_doc0p005,train,42,4,cv_evaluation,no_chatter,0,0.017408844,16
turning,cnn_ae,global_mae,2inchStickout_F_08-Jun-2017_rpm320_doc0p005_window_0018,2inchStickout/F_08-Jun-2017_rpm320_doc0p005,train,42,4,cv_evaluation,no_chatter,0,0.017674226,16
turning,cnn_ae,global_mae,2inchStickout_F_08-Jun-2017_rpm320_doc0p005_window_0019,2inchStickout/F_08-Jun-2017_rpm320_doc0p005,train,42,4,cv_evaluation,no_chatter,0,0.018671848,16
turning,cnn_ae,global_mae,2inchStickout_F_08-Jun-2017_rpm320_doc0p005_window_0020,2inchStickout/F_08-Jun-2017_rpm320_doc0p005,train,42,4,cv_evaluation,no_chatter,0,0.019086998,16
turning,cnn_ae,global_mae,2inchStickout_F_08-Jun-2017_rpm320_doc0p005_window_0021,2inchStickout/F_08-Jun-2017_rpm320_doc0p005,train,42,4,cv_evaluation,no_chatter,0,0.030367069,16
turning,cnn_ae,global_mae,2inchStickout_F_08-Jun-2017_rpm320_doc0p005_window_0022,2inchStickout/F_08-Jun-2017_rpm320_doc0p005,train,42,4,cv_evaluation,no_chatter,0,0.03573093,16
turning,cnn_ae,global_mae,2inchStickout_F_08-Jun-2017_rpm320_doc0p005_window_0023,2inchStickout/F_08-Jun-2017_rpm320_doc0p005,train,42,4,cv_evaluation,no_chatter,0,0.03746611,16
turning,cnn_ae,global_mae,2inchStickout_F_08-Jun-2017_rpm320_doc0p030_window_0000,2inchStickout/F_08-Jun-2017_rpm320_doc0p030,train,42,4,cv_evaluation,no_chatter,0,0.0051482753,16
turning,cnn_ae,global_mae,2inchStickout_F_08-Jun-2017_rpm320_doc0p030_window_0001,2inchStickout/F_08-Jun-2017_rpm320_doc0p030,train,42,4,cv_evaluation,no_chatter,0,0.0051786555,16
turning,cnn_ae,global_mae,2inchStickout_F_08-Jun-2017_rpm320_doc0p030_window_0002,2inchStickout/F_08-Jun-2017_rpm320_doc0p030,train,42,4,cv_evaluation,no_chatter,0,0.0050783646,16
turning,cnn_ae,global_mae,2inchStickout_F_08-Jun-2017_rpm320_doc0p030_window_0003,2inchStickout/F_08-Jun-2017_rpm320_doc0p030,train,42,4,cv_evaluation,no_chatter,0,0.011259903,16
turning,cnn_ae,global_mae,2inchStickout_F_08-Jun-2017_rpm320_doc0p030_window_0004,2inchStickout/F_08-Jun-2017_rpm320_doc0p030,train,42,4,cv_evaluation,no_chatter,0,0.012754345,16
turning,cnn_ae,global_mae,2inchStickout_F_08-Jun-2017_rpm320_doc0p030_window_0005,2inchStickout/F_08-Jun-2017_rpm320_doc0p030,train,42,4,cv_evaluation,no_chatter,0,0.011379283,16
turning,cnn_ae,global_mae,2inchStickout_F_08-Jun-2017_rpm320_doc0p030_window_0006,2inchStickout/F_08-Jun-2017_rpm320_doc0p030,train,42,4,cv_evaluation,no_chatter,0,0.012036185,16
turning,cnn_ae,global_mae,2inchStickout_F_08-Jun-2017_rpm320_doc0p030_window_0007,2inchStickout/F_08-Jun-2017_rpm320_doc0p030,train,42,4,cv_evaluation,no_chatter,0,0.012722762,16
turning,cnn_ae,global_mae,2inchStickout_F_08-Jun-2017_rpm320_doc0p030_window_0008,2inchStickout/F_08-Jun-2017_rpm320_doc0p030,train,42,4,cv_evaluation,no_chatter,0,0.012492418,16
turning,cnn_ae,global_mae,2inchStickout_F_08-Jun-2017_rpm320_doc0p030_window_0009,2inchStickout/F_08-Jun-2017_rpm320_doc0p030,train,42,4,cv_evaluation,no_chatter,0,0.012548267,16
turning,cnn_ae,global_mae,2inchStickout_F_08-Jun-2017_rpm320_doc0p030_window_0010,2inchStickout/F_08-Jun-2017_rpm320_doc0p030,train,42,4,cv_evaluation,no_chatter,0,0.012395231,16
turning,cnn_ae,global_mae,2inchStickout_F_08-Jun-2017_rpm320_doc0p030_window_0011,2inchStickout/F_08-Jun-2017_rpm320_doc0p030,validation,42,4,cv_evaluation,no_chatter,0,0.013032962,16
turning,cnn_ae,global_mae,2inchStickout_F_08-Jun-2017_rpm320_doc0p030_window_0012,2inchStickout/F_08-Jun-2017_rpm320_doc0p030,validation,42,4,cv_evaluation,no_chatter,0,0.011959755,16
turning,cnn_ae,global_mae,2inchStickout_F_08-Jun-2017_rpm320_doc0p030_window_0013,2inchStickout/F_08-Jun-2017_rpm320_doc0p030,train,42,4,cv_evaluation,no_chatter,0,0.012898203,16
turning,cnn_ae,global_mae,2inchStickout_F_08-Jun-2017_rpm320_doc0p030_window_0014,2inchStickout/F_08-Jun-2017_rpm320_doc0p030,train,42,4,cv_evaluation,no_chatter,0,0.016867386,16
turning,cnn_ae,global_mae,2inchStickout_F_08-Jun-2017_rpm320_doc0p030_window_0015,2inchStickout/F_08-Jun-2017_rpm320_doc0p030,train,42,4,cv_evaluation,no_chatter,0,0.014420038,16
turning,cnn_ae,global_mae,2inchStickout_F_08-Jun-2017_rpm320_doc0p030_window_0016,2inchStickout/F_08-Jun-2017_rpm320_doc0p030,train,42,4,cv_evaluation,no_chatter,0,0.012912567,16
turning,cnn_ae,global_mae,2inchStickout_F_08-Jun-2017_rpm320_doc0p030_window_0017,2inchStickout/F_08-Jun-2017_rpm320_doc0p030,train,42,4,cv_evaluation,no_chatter,0,0.016219957,16
turning,cnn_ae,global_mae,2inchStickout_F_08-Jun-2017_rpm320_doc0p030_window_0018,2inchStickout/F_08-Jun-2017_rpm320_doc0p030,train,42,4,cv_evaluation,no_chatter,0,0.015952377,16
turning,cnn_ae,global_mae,2inchStickout_F_08-Jun-2017_rpm320_doc0p030_window_0019,2inchStickout/F_08-Jun-2017_rpm320_doc0p030,validation,42,4,cv_evaluation,no_chatter,0,0.018850734,16
turning,cnn_ae,global_mae,2inchStickout_F_08-Jun-2017_rpm320_doc0p030_window_0020,2inchStickout/F_08-Jun-2017_rpm320_doc0p030,validation,42,4,cv_evaluation,no_chatter,0,0.02021924,16
turning,cnn_ae,global_mae,2inchStickout_F_08-Jun-2017_rpm320_doc0p030_window_0021,2inchStickout/F_08-Jun-2017_rpm320_doc0p030,train,42,4,cv_evaluation,no_chatter,0,0.019265046,16
turning,cnn_ae,global_mae,2inchStickout_F_08-Jun-2017_rpm320_doc0p030_window_0022,2inchStickout/F_08-Jun-2017_rpm320_doc0p030,train,42,4,cv_evaluation,no_chatter,0,0.02320586,16
turning,cnn_ae,global_mae,2inchStickout_F_08-Jun-2017_rpm320_doc0p030_window_0023,2inchStickout/F_08-Jun-2017_rpm320_doc0p030,train,42,4,cv_evaluation,no_chatter,0,0.022784134,16
turning,cnn_ae,global_mae,2inchStickout_F_08-Jun-2017_rpm425_doc0p017_window_0000,2inchStickout/F_08-Jun-2017_rpm425_doc0p017,train,42,4,cv_evaluation,no_chatter,0,0.005916783,16
turning,cnn_ae,global_mae,2inchStickout_F_08-Jun-2017_rpm425_doc0p017_window_0001,2inchStickout/F_08-Jun-2017_rpm425_doc0p017,train,42,4,cv_evaluation,no_chatter,0,0.0074080443,16
turning,cnn_ae,global_mae,2inchStickout_F_08-Jun-2017_rpm425_doc0p017_window_0002,2inchStickout/F_08-Jun-2017_rpm425_doc0p017,validation,42,4,cv_evaluation,no_chatter,0,0.017511714,16
turning,cnn_ae,global_mae,2inchStickout_F_08-Jun-2017_rpm425_doc0p017_window_0003,2inchStickout/F_08-Jun-2017_rpm425_doc0p017,validation,42,4,cv_evaluation,no_chatter,0,0.02060682,16
turning,cnn_ae,global_mae,2inchStickout_F_08-Jun-2017_rpm425_doc0p017_window_0004,2inchStickout/F_08-Jun-2017_rpm425_doc0p017,validation,42,4,cv_evaluation,no_chatter,0,0.031221896,16
turning,cnn_ae,global_mae,2inchStickout_F_08-Jun-2017_rpm425_doc0p017_window_0005,2inchStickout/F_08-Jun-2017_rpm425_doc0p017,validation,42,4,cv_evaluation,no_chatter,0,0.028012164,16
turning,cnn_ae,global_mae,2inchStickout_F_08-Jun-2017_rpm425_doc0p017_window_0006,2inchStickout/F_08-Jun-2017_rpm425_doc0p017,train,42,4,cv_evaluation,no_chatter,0,0.020802021,16
turning,cnn_ae,global_mae,2inchStickout_F_08-Jun-2017_rpm425_doc0p017_window_0007,2inchStickout/F_08-Jun-2017_rpm425_doc0p017,train,42,4,cv_evaluation,no_chatter,0,0.039577164,16
turning,cnn_ae,global_mae,2inchStickout_F_08-Jun-2017_rpm570_doc0p010_window_0000,2inchStickout/F_08-Jun-2017_rpm570_doc0p010,test,42,4,cv_evaluation,no_chatter,0,0.0058946474,16
turning,cnn_ae,global_mae,2inchStickout_F_08-Jun-2017_rpm570_doc0p010_window_0001,2inchStickout/F_08-Jun-2017_rpm570_doc0p010,test,42,4,cv_evaluation,no_chatter,0,0.021950942,16
turning,cnn_ae,global_mae,2inchStickout_F_08-Jun-2017_rpm570_doc0p010_window_0002,2inchStickout/F_08-Jun-2017_rpm570_doc0p010,test,42,4,cv_evaluation,chatter,1,0.047941834,16
turning,cnn_ae,global_mae,2inchStickout_F_08-Jun-2017_rpm570_doc0p010_window_0003,2inchStickout/F_08-Jun-2017_rpm570_doc0p010,test,42,4,cv_evaluation,chatter,1,0.04397286,16
turning,cnn_ae,global_mae,2inchStickout_F_08-Jun-2017_rpm570_doc0p010_window_0004,2inchStickout/F_08-Jun-2017_rpm570_doc0p010,test,42,4,cv_evaluation,chatter,1,0.05485345,16
turning,cnn_ae,global_mae,2inchStickout_F_08-Jun-2017_rpm570_doc0p010_window_0005,2inchStickout/F_08-Jun-2017_rpm570_doc0p010,test,42,4,cv_evaluation,chatter,1,0.060487173,16
turning,cnn_ae,global_mae,2inchStickout_F_08-Jun-2017_rpm770_doc0p002_window_0000,2inchStickout/F_08-Jun-2017_rpm770_doc0p002,train,42,4,cv_evaluation,no_chatter,0,0.0070106494,16
turning,cnn_ae,global_mae,2inchStickout_F_08-Jun-2017_rpm770_doc0p002_window_0001,2inchStickout/F_08-Jun-2017_rpm770_doc0p002,validation,42,4,cv_evaluation,chatter,1,0.06815869,16
turning,cnn_ae,global_mae,2inchStickout_F_08-Jun-2017_rpm770_doc0p002_window_0002,2inchStickout/F_08-Jun-2017_rpm770_doc0p002,validation,42,4,cv_evaluation,chatter,1,0.07861254,16
turning,cnn_ae,global_mae,2inchStickout_F_08-Jun-2017_rpm770_doc0p002_window_0003,2inchStickout/F_08-Jun-2017_rpm770_doc0p002,train,42,4,cv_evaluation,no_chatter,0,0.042977758,16
turning,cnn_ae,global_mae,2inchStickout_F_08-Jun-2017_rpm770_doc0p002_window_0004,2inchStickout/F_08-Jun-2017_rpm770_doc0p002,validation,42,4,cv_evaluation,chatter,1,0.041461773,16
turning,cnn_ae,global_mae,2inchStickout_F_08-Jun-2017_rpm770_doc0p002_window_0005,2inchStickout/F_08-Jun-2017_rpm770_doc0p002,train,42,4,cv_evaluation,no_chatter,0,0.041227557,16
turning,cnn_ae,global_mae,2inchStickout_F_08-Jun-2017_rpm770_doc0p002_window_0006,2inchStickout/F_08-Jun-2017_rpm770_doc0p002,train,42,4,cv_evaluation,no_chatter,0,0.08264982,16
turning,cnn_ae,global_mae,2inchStickout_F_08-Jun-2017_rpm770_doc0p002_window_0007,2inchStickout/F_08-Jun-2017_rpm770_doc0p002,validation,42,4,cv_evaluation,chatter,1,0.060417634,16
turning,cnn_ae,global_mae,2p5inchStickout_F_12-Jun-2017_rpm570_doc0p005_window_0000,2p5inchStickout/F_12-Jun-2017_rpm570_doc0p005,test,42,4,cv_evaluation,no_chatter,0,0.0066262125,16
turning,cnn_ae,global_mae,2p5inchStickout_F_12-Jun-2017_rpm570_doc0p005_window_0001,2p5inchStickout/F_12-Jun-2017_rpm570_doc0p005,train,42,4,cv_evaluation,no_chatter,0,0.020693665,16
turning,cnn_ae,global_mae,2p5inchStickout_F_12-Jun-2017_rpm570_doc0p005_window_0002,2p5inchStickout/F_12-Jun-2017_rpm570_doc0p005,train,42,4,cv_evaluation,no_chatter,0,0.025579525,16
turning,cnn_ae,global_mae,2p5inchStickout_F_12-Jun-2017_rpm570_doc0p005_window_0003,2p5inchStickout/F_12-Jun-2017_rpm570_doc0p005,train,42,4,cv_evaluation,no_chatter,0,0.026810693,16
turning,cnn_ae,global_mae,2p5inchStickout_F_12-Jun-2017_rpm570_doc0p005_window_0004,2p5inchStickout/F_12-Jun-2017_rpm570_doc0p005,test,42,4,cv_evaluation,no_chatter,0,0.03229161,16
turning,cnn_ae,global_mae,2p5inchStickout_F_12-Jun-2017_rpm570_doc0p005_window_0005,2p5inchStickout/F_12-Jun-2017_rpm570_doc0p005,train,42,4,cv_evaluation,no_chatter,0,0.039697014,16
turning,cnn_ae,global_mae,2p5inchStickout_F_12-Jun-2017_rpm570_doc0p005_window_0006,2p5inchStickout/F_12-Jun-2017_rpm570_doc0p005,train,42,4,cv_evaluation,no_chatter,0,0.029895974,16
turning,cnn_ae,global_mae,2p5inchStickout_F_12-Jun-2017_rpm570_doc0p005_window_0007,2p5inchStickout/F_12-Jun-2017_rpm570_doc0p005,train,42,4,cv_evaluation,no_chatter,0,0.024984758,16
turning,cnn_ae,global_mae,2p5inchStickout_F_12-Jun-2017_rpm570_doc0p005_window_0008,2p5inchStickout/F_12-Jun-2017_rpm570_doc0p005,test,42,4,cv_evaluation,no_chatter,0,0.0400288,16
turning,cnn_ae,global_mae,2p5inchStickout_F_12-Jun-2017_rpm570_doc0p005_window_0009,2p5inchStickout/F_12-Jun-2017_rpm570_doc0p005,train,42,4,cv_evaluation,no_chatter,0,0.03784341,16
turning,cnn_ae,global_mae,2p5inchStickout_F_12-Jun-2017_rpm570_doc0p010_window_0000,2p5inchStickout/F_12-Jun-2017_rpm570_doc0p010,train,42,4,cv_evaluation,no_chatter,0,0.01091348,16
turning,cnn_ae,global_mae,2p5inchStickout_F_12-Jun-2017_rpm570_doc0p010_window_0001,2p5inchStickout/F_12-Jun-2017_rpm570_doc0p010,train,42,4,cv_evaluation,no_chatter,0,0.027255941,16
turning,cnn_ae,global_mae,2p5inchStickout_F_12-Jun-2017_rpm570_doc0p010_window_0002,2p5inchStickout/F_12-Jun-2017_rpm570_doc0p010,train,42,4,cv_evaluation,no_chatter,0,0.0243227,16
turning,cnn_ae,global_mae,2p5inchStickout_F_12-Jun-2017_rpm570_doc0p010_window_0003,2p5inchStickout/F_12-Jun-2017_rpm570_doc0p010,test,42,4,cv_evaluation,no_chatter,0,0.02366159,16
turning,cnn_ae,global_mae,2p5inchStickout_F_12-Jun-2017_rpm570_doc0p010_window_0004,2p5inchStickout/F_12-Jun-2017_rpm570_doc0p010,train,42,4,cv_evaluation,no_chatter,0,0.025448224,16
turning,cnn_ae,global_mae,2p5inchStickout_F_12-Jun-2017_rpm570_doc0p010_window_0005,2p5inchStickout/F_12-Jun-2017_rpm570_doc0p010,train,42,4,cv_evaluation,no_chatter,0,0.028094547,16
turning,cnn_ae,global_mae,2p5inchStickout_F_12-Jun-2017_rpm570_doc0p010_window_0006,2p5inchStickout/F_12-Jun-2017_rpm570_doc0p010,test,42,4,cv_evaluation,no_chatter,0,0.029969541,16
turning,cnn_ae,global_mae,2p5inchStickout_F_12-Jun-2017_rpm570_doc0p010_window_0007,2p5inchStickout/F_12-Jun-2017_rpm570_doc0p010,train,42,4,cv_evaluation,no_chatter,0,0.026207335,16
turning,cnn_ae,global_mae,2p5inchStickout_F_12-Jun-2017_rpm570_doc0p010_window_0008,2p5inchStickout/F_12-Jun-2017_rpm570_doc0p010,train,42,4,cv_evaluation,no_chatter,0,0.024719352,16
turning,cnn_ae,global_mae,2p5inchStickout_F_12-Jun-2017_rpm570_doc0p010_window_0009,2p5inchStickout/F_12-Jun-2017_rpm570_doc0p010,test,42,4,cv_evaluation,no_chatter,0,0.025096789,16
turning,cnn_ae,global_mae,3p5inchStickout_F_14-Jun-2017_rpm770_doc0p005_window_0000,3p5inchStickout/F_14-Jun-2017_rpm770_doc0p005,validation,42,4,cv_evaluation,no_chatter,0,0.0058371946,16
turning,cnn_ae,global_mae,3p5inchStickout_F_14-Jun-2017_rpm770_doc0p005_window_0001,3p5inchStickout/F_14-Jun-2017_rpm770_doc0p005,train,42,4,cv_evaluation,no_chatter,0,0.018124104,16
turning,cnn_ae,global_mae,3p5inchStickout_F_14-Jun-2017_rpm770_doc0p005_window_0002,3p5inchStickout/F_14-Jun-2017_rpm770_doc0p005,train,42,4,cv_evaluation,no_chatter,0,0.025134152,16
turning,cnn_ae,global_mae,3p5inchStickout_F_14-Jun-2017_rpm770_doc0p005_window_0003,3p5inchStickout/F_14-Jun-2017_rpm770_doc0p005,train,42,4,cv_evaluation,no_chatter,0,0.028336333,16
turning,cnn_ae,global_mae,4p5inchStickout_F_12-Jun-2017_rpm570_doc0p015_window_0000,4p5inchStickout/F_12-Jun-2017_rpm570_doc0p015,train,42,4,cv_evaluation,no_chatter,0,0.0029032722,16
turning,cnn_ae,global_mae,4p5inchStickout_F_12-Jun-2017_rpm570_doc0p015_window_0001,4p5inchStickout/F_12-Jun-2017_rpm570_doc0p015,train,42,4,cv_evaluation,no_chatter,0,0.002802048,16
turning,cnn_ae,global_mae,4p5inchStickout_F_12-Jun-2017_rpm570_doc0p015_window_0002,4p5inchStickout/F_12-Jun-2017_rpm570_doc0p015,train,42,4,cv_evaluation,no_chatter,0,0.0028126827,16
turning,cnn_ae,global_mae,4p5inchStickout_F_12-Jun-2017_rpm570_doc0p015_window_0003,4p5inchStickout/F_12-Jun-2017_rpm570_doc0p015,train,42,4,cv_evaluation,no_chatter,0,0.0029656498,16
turning,cnn_ae,global_mae,4p5inchStickout_F_12-Jun-2017_rpm570_doc0p015_window_0004,4p5inchStickout/F_12-Jun-2017_rpm570_doc0p015,train,42,4,cv_evaluation,no_chatter,0,0.00902672,16
turning,cnn_ae,global_mae,4p5inchStickout_F_12-Jun-2017_rpm570_doc0p015_window_0005,4p5inchStickout/F_12-Jun-2017_rpm570_doc0p015,train,42,4,cv_evaluation,no_chatter,0,0.019336475,16
turning,cnn_ae,global_mae,4p5inchStickout_F_12-Jun-2017_rpm570_doc0p015_window_0006,4p5inchStickout/F_12-Jun-2017_rpm570_doc0p015,train,42,4,cv_evaluation,no_chatter,0,0.017004797,16
turning,cnn_ae,global_mae,4p5inchStickout_F_12-Jun-2017_rpm570_doc0p015_window_0007,4p5inchStickout/F_12-Jun-2017_rpm570_doc0p015,train,42,4,cv_evaluation,no_chatter,0,0.019002728,16
turning,cnn_ae,global_mae,4p5inchStickout_F_12-Jun-2017_rpm570_doc0p015_window_0008,4p5inchStickout/F_12-Jun-2017_rpm570_doc0p015,train,42,4,cv_evaluation,no_chatter,0,0.019917518,16
turning,cnn_ae,global_mae,4p5inchStickout_F_12-Jun-2017_rpm570_doc0p015_window_0009,4p5inchStickout/F_12-Jun-2017_rpm570_doc0p015,train,42,4,cv_evaluation,no_chatter,0,0.02723966,16
turning,cnn_ae,global_mae,4p5inchStickout_F_12-Jun-2017_rpm570_doc0p015_window_0010,4p5inchStickout/F_12-Jun-2017_rpm570_doc0p015,train,42,4,cv_evaluation,no_chatter,0,0.024274943,16
turning,cnn_ae,global_mae,4p5inchStickout_F_12-Jun-2017_rpm570_doc0p015_window_0011,4p5inchStickout/F_12-Jun-2017_rpm570_doc0p015,train,42,4,cv_evaluation,no_chatter,0,0.028321685,16
turning,cnn_ae,global_mae,4p5inchStickout_F_12-Jun-2017_rpm570_doc0p025_window_0000,4p5inchStickout/F_12-Jun-2017_rpm570_doc0p025,train,42,4,cv_evaluation,no_chatter,0,0.0031433,16
turning,cnn_ae,global_mae,4p5inchStickout_F_12-Jun-2017_rpm570_doc0p025_window_0001,4p5inchStickout/F_12-Jun-2017_rpm570_doc0p025,train,42,4,cv_evaluation,no_chatter,0,0.0031705885,16
turning,cnn_ae,global_mae,4p5inchStickout_F_12-Jun-2017_rpm570_doc0p025_window_0002,4p5inchStickout/F_12-Jun-2017_rpm570_doc0p025,train,42,4,cv_evaluation,no_chatter,0,0.0031510924,16
turning,cnn_ae,global_mae,4p5inchStickout_F_12-Jun-2017_rpm570_doc0p025_window_0003,4p5inchStickout/F_12-Jun-2017_rpm570_doc0p025,train,42,4,cv_evaluation,no_chatter,0,0.0030757561,16
turning,cnn_ae,global_mae,4p5inchStickout_F_12-Jun-2017_rpm570_doc0p025_window_0004,4p5inchStickout/F_12-Jun-2017_rpm570_doc0p025,train,42,4,cv_evaluation,no_chatter,0,0.015043174,16
turning,cnn_ae,global_mae,4p5inchStickout_F_12-Jun-2017_rpm570_doc0p025_window_0005,4p5inchStickout/F_12-Jun-2017_rpm570_doc0p025,train,42,4,cv_evaluation,no_chatter,0,0.017401969,16
turning,cnn_ae,global_mae,4p5inchStickout_F_12-Jun-2017_rpm570_doc0p025_window_0006,4p5inchStickout/F_12-Jun-2017_rpm570_doc0p025,test,42,4,cv_evaluation,no_chatter,0,0.017600024,16
turning,cnn_ae,global_mae,4p5inchStickout_F_12-Jun-2017_rpm570_doc0p025_window_0007,4p5inchStickout/F_12-Jun-2017_rpm570_doc0p025,train,42,4,cv_evaluation,no_chatter,0,0.019281179,16
turning,cnn_ae,global_mae,4p5inchStickout_F_12-Jun-2017_rpm570_doc0p025_window_0008,4p5inchStickout/F_12-Jun-2017_rpm570_doc0p025,train,42,4,cv_evaluation,no_chatter,0,0.023934666,16
turning,cnn_ae,global_mae,4p5inchStickout_F_12-Jun-2017_rpm570_doc0p025_window_0009,4p5inchStickout/F_12-Jun-2017_rpm570_doc0p025,train,42,4,cv_evaluation,no_chatter,0,0.029137101,16
turning,cnn_ae,global_mae,4p5inchStickout_F_12-Jun-2017_rpm570_doc0p025_window_0010,4p5inchStickout/F_12-Jun-2017_rpm570_doc0p025,train,42,4,cv_evaluation,no_chatter,0,0.027862616,16
turning,cnn_ae,global_mae,4p5inchStickout_F_12-Jun-2017_rpm570_doc0p025_window_0011,4p5inchStickout/F_12-Jun-2017_rpm570_doc0p025,train,42,4,cv_evaluation,no_chatter,0,0.028309282,16
turning,cnn_ae,global_mae,4p5inchStickout_F_13-Jun-2017_rpm1030_doc0p010_window_0000,4p5inchStickout/F_13-Jun-2017_rpm1030_doc0p010,train,42,4,cv_evaluation,no_chatter,0,0.0040146713,16
turning,cnn_ae,global_mae,4p5inchStickout_F_13-Jun-2017_rpm1030_doc0p010_window_0001,4p5inchStickout/F_13-Jun-2017_rpm1030_doc0p010,test,42,4,cv_evaluation,no_chatter,0,0.045409963,16
turning,cnn_ae,global_mae,4p5inchStickout_F_13-Jun-2017_rpm1030_doc0p010_window_0002,4p5inchStickout/F_13-Jun-2017_rpm1030_doc0p010,train,42,4,cv_evaluation,no_chatter,0,0.029834718,16
turning,cnn_ae,global_mae,4p5inchStickout_F_13-Jun-2017_rpm1030_doc0p010_window_0003,4p5inchStickout/F_13-Jun-2017_rpm1030_doc0p010,train,42,4,cv_evaluation,no_chatter,0,0.029375557,16
turning,cnn_ae,global_mae,4p5inchStickout_F_13-Jun-2017_rpm1030_doc0p013_window_0000,4p5inchStickout/F_13-Jun-2017_rpm1030_doc0p013,test,42,4,cv_evaluation,no_chatter,0,0.0038519509,16
turning,cnn_ae,global_mae,4p5inchStickout_F_13-Jun-2017_rpm1030_doc0p013_window_0001,4p5inchStickout/F_13-Jun-2017_rpm1030_doc0p013,train,42,4,cv_evaluation,no_chatter,0,0.027068403,16
turning,cnn_ae,global_mae,4p5inchStickout_F_13-Jun-2017_rpm1030_doc0p013_window_0002,4p5inchStickout/F_13-Jun-2017_rpm1030_doc0p013,test,42,4,cv_evaluation,no_chatter,0,0.024461016,16
turning,cnn_ae,global_mae,4p5inchStickout_F_13-Jun-2017_rpm1030_doc0p013_window_0003,4p5inchStickout/F_13-Jun-2017_rpm1030_doc0p013,train,42,4,cv_evaluation,no_chatter,0,0.02778884,16
turning,cnn_ae,global_mae,4p5inchStickout_F_13-Jun-2017_rpm770_doc0p020_window_0000,4p5inchStickout/F_13-Jun-2017_rpm770_doc0p020,train,42,4,cv_evaluation,no_chatter,0,0.0036233254,16
turning,cnn_ae,global_mae,4p5inchStickout_F_13-Jun-2017_rpm770_doc0p020_window_0001,4p5inchStickout/F_13-Jun-2017_rpm770_doc0p020,train,42,4,cv_evaluation,no_chatter,0,0.0081226695,16
turning,cnn_ae,global_mae,4p5inchStickout_F_13-Jun-2017_rpm770_doc0p020_window_0002,4p5inchStickout/F_13-Jun-2017_rpm770_doc0p020,test,42,4,cv_evaluation,no_chatter,0,0.020114496,16
turning,cnn_ae,global_mae,4p5inchStickout_F_13-Jun-2017_rpm770_doc0p020_window_0003,4p5inchStickout/F_13-Jun-2017_rpm770_doc0p020,train,42,4,cv_evaluation,no_chatter,0,0.023896791,16
turning,cnn_ae,global_mae,4p5inchStickout_F_13-Jun-2017_rpm770_doc0p020_window_0004,4p5inchStickout/F_13-Jun-2017_rpm770_doc0p020,train,42,4,cv_evaluation,no_chatter,0,0.023070285,16
turning,cnn_ae,global_mae,4p5inchStickout_F_13-Jun-2017_rpm770_doc0p020_window_0005,4p5inchStickout/F_13-Jun-2017_rpm770_doc0p020,train,42,4,cv_evaluation,no_chatter,0,0.034230605,16
turning,cnn_ae,ver_max,2inchStickout_F_08-Jun-2017_rpm320_doc0p005_window_0000,2inchStickout/F_08-Jun-2017_rpm320_doc0p005,train,42,4,cv_evaluation,no_chatter,0,0.00039487975,16
turning,cnn_ae,ver_max,2inchStickout_F_08-Jun-2017_rpm320_doc0p005_window_0001,2inchStickout/F_08-Jun-2017_rpm320_doc0p005,train,42,4,cv_evaluation,no_chatter,0,0.0003540728,16
turning,cnn_ae,ver_max,2inchStickout_F_08-Jun-2017_rpm320_doc0p005_window_0002,2inchStickout/F_08-Jun-2017_rpm320_doc0p005,train,42,4,cv_evaluation,no_chatter,0,0.00026481293,16
turning,cnn_ae,ver_max,2inchStickout_F_08-Jun-2017_rpm320_doc0p005_window_0003,2inchStickout/F_08-Jun-2017_rpm320_doc0p005,train,42,4,cv_evaluation,no_chatter,0,0.00026426706,16
turning,cnn_ae,ver_max,2inchStickout_F_08-Jun-2017_rpm320_doc0p005_window_0004,2inchStickout/F_08-Jun-2017_rpm320_doc0p005,train,42,4,cv_evaluation,no_chatter,0,0.000990392,16
turning,cnn_ae,ver_max,2inchStickout_F_08-Jun-2017_rpm320_doc0p005_window_0005,2inchStickout/F_08-Jun-2017_rpm320_doc0p005,validation,42,4,cv_evaluation,no_chatter,0,0.013032402,16
turning,cnn_ae,ver_max,2inchStickout_F_08-Jun-2017_rpm320_doc0p005_window_0006,2inchStickout/F_08-Jun-2017_rpm320_doc0p005,validation,42,4,cv_evaluation,chatter,1,0.0081601245,16
turning,cnn_ae,ver_max,2inchStickout_F_08-Jun-2017_rpm320_doc0p005_window_0007,2inchStickout/F_08-Jun-2017_rpm320_doc0p005,validation,42,4,cv_evaluation,chatter,1,0.0057158032,16
turning,cnn_ae,ver_max,2inchStickout_F_08-Jun-2017_rpm320_doc0p005_window_0008,2inchStickout/F_08-Jun-2017_rpm320_doc0p005,validation,42,4,cv_evaluation,chatter,1,0.0072505884,16
turning,cnn_ae,ver_max,2inchStickout_F_08-Jun-2017_rpm320_doc0p005_window_0009,2inchStickout/F_08-Jun-2017_rpm320_doc0p005,validation,42,4,cv_evaluation,chatter,1,0.0075133615,16
turning,cnn_ae,ver_max,2inchStickout_F_08-Jun-2017_rpm320_doc0p005_window_0010,2inchStickout/F_08-Jun-2017_rpm320_doc0p005,validation,42,4,cv_evaluation,chatter,1,0.0071330084,16
turning,cnn_ae,ver_max,2inchStickout_F_08-Jun-2017_rpm320_doc0p005_window_0011,2inchStickout/F_08-Jun-2017_rpm320_doc0p005,validation,42,4,cv_evaluation,chatter,1,0.00622946,16
turning,cnn_ae,ver_max,2inchStickout_F_08-Jun-2017_rpm320_doc0p005_window_0012,2inchStickout/F_08-Jun-2017_rpm320_doc0p005,train,42,4,cv_evaluation,no_chatter,0,0.00591907,16
turning,cnn_ae,ver_max,2inchStickout_F_08-Jun-2017_rpm320_doc0p005_window_0013,2inchStickout/F_08-Jun-2017_rpm320_doc0p005,train,42,4,cv_evaluation,no_chatter,0,0.004183687,16
turning,cnn_ae,ver_max,2inchStickout_F_08-Jun-2017_rpm320_doc0p005_window_0014,2inchStickout/F_08-Jun-2017_rpm320_doc0p005,train,42,4,cv_evaluation,no_chatter,0,0.00202531,16
turning,cnn_ae,ver_max,2inchStickout_F_08-Jun-2017_rpm320_doc0p005_window_0015,2inchStickout/F_08-Jun-2017_rpm320_doc0p005,train,42,4,cv_evaluation,no_chatter,0,0.0019069493,16
turning,cnn_ae,ver_max,2inchStickout_F_08-Jun-2017_rpm320_doc0p005_window_0016,2inchStickout/F_08-Jun-2017_rpm320_doc0p005,train,42,4,cv_evaluation,no_chatter,0,0.0018467462,16
turning,cnn_ae,ver_max,2inchStickout_F_08-Jun-2017_rpm320_doc0p005_window_0017,2inchStickout/F_08-Jun-2017_rpm320_doc0p005,train,42,4,cv_evaluation,no_chatter,0,0.0016469383,16
turning,cnn_ae,ver_max,2inchStickout_F_08-Jun-2017_rpm320_doc0p005_window_0018,2inchStickout/F_08-Jun-2017_rpm320_doc0p005,train,42,4,cv_evaluation,no_chatter,0,0.0020591093,16
turning,cnn_ae,ver_max,2inchStickout_F_08-Jun-2017_rpm320_doc0p005_window_0019,2inchStickout/F_08-Jun-2017_rpm320_doc0p005,train,42,4,cv_evaluation,no_chatter,0,0.0017902955,16
turning,cnn_ae,ver_max,2inchStickout_F_08-Jun-2017_rpm320_doc0p005_window_0020,2inchStickout/F_08-Jun-2017_rpm320_doc0p005,train,42,4,cv_evaluation,no_chatter,0,0.0021439851,16
turning,cnn_ae,ver_max,2inchStickout_F_08-Jun-2017_rpm320_doc0p005_window_0021,2inchStickout/F_08-Jun-2017_rpm320_doc0p005,train,42,4,cv_evaluation,no_chatter,0,0.0050658146,16
turning,cnn_ae,ver_max,2inchStickout_F_08-Jun-2017_rpm320_doc0p005_window_0022,2inchStickout/F_08-Jun-2017_rpm320_doc0p005,train,42,4,cv_evaluation,no_chatter,0,0.0041978643,16
turning,cnn_ae,ver_max,2inchStickout_F_08-Jun-2017_rpm320_doc0p005_window_0023,2inchStickout/F_08-Jun-2017_rpm320_doc0p005,train,42,4,cv_evaluation,no_chatter,0,0.0060808267,16
turning,cnn_ae,ver_max,2inchStickout_F_08-Jun-2017_rpm320_doc0p030_window_0000,2inchStickout/F_08-Jun-2017_rpm320_doc0p030,train,42,4,cv_evaluation,no_chatter,0,0.00022881974,16
turning,cnn_ae,ver_max,2inchStickout_F_08-Jun-2017_rpm320_doc0p030_window_0001,2inchStickout/F_08-Jun-2017_rpm320_doc0p030,train,42,4,cv_evaluation,no_chatter,0,0.00020648641,16
turning,cnn_ae,ver_max,2inchStickout_F_08-Jun-2017_rpm320_doc0p030_window_0002,2inchStickout/F_08-Jun-2017_rpm320_doc0p030,train,42,4,cv_evaluation,no_chatter,0,0.00018908395,16
turning,cnn_ae,ver_max,2inchStickout_F_08-Jun-2017_rpm320_doc0p030_window_0003,2inchStickout/F_08-Jun-2017_rpm320_doc0p030,train,42,4,cv_evaluation,no_chatter,0,0.002618677,16
turning,cnn_ae,ver_max,2inchStickout_F_08-Jun-2017_rpm320_doc0p030_window_0004,2inchStickout/F_08-Jun-2017_rpm320_doc0p030,train,42,4,cv_evaluation,no_chatter,0,0.0013507149,16
turning,cnn_ae,ver_max,2inchStickout_F_08-Jun-2017_rpm320_doc0p030_window_0005,2inchStickout/F_08-Jun-2017_rpm320_doc0p030,train,42,4,cv_evaluation,no_chatter,0,0.0005288794,16
turning,cnn_ae,ver_max,2inchStickout_F_08-Jun-2017_rpm320_doc0p030_window_0006,2inchStickout/F_08-Jun-2017_rpm320_doc0p030,train,42,4,cv_evaluation,no_chatter,0,0.0005763131,16
turning,cnn_ae,ver_max,2inchStickout_F_08-Jun-2017_rpm320_doc0p030_window_0007,2inchStickout/F_08-Jun-2017_rpm320_doc0p030,train,42,4,cv_evaluation,no_chatter,0,0.00082169723,16
turning,cnn_ae,ver_max,2inchStickout_F_08-Jun-2017_rpm320_doc0p030_window_0008,2inchStickout/F_08-Jun-2017_rpm320_doc0p030,train,42,4,cv_evaluation,no_chatter,0,0.00061001495,16
turning,cnn_ae,ver_max,2inchStickout_F_08-Jun-2017_rpm320_doc0p030_window_0009,2inchStickout/F_08-Jun-2017_rpm320_doc0p030,train,42,4,cv_evaluation,no_chatter,0,0.0005731334,16
turning,cnn_ae,ver_max,2inchStickout_F_08-Jun-2017_rpm320_doc0p030_window_0010,2inchStickout/F_08-Jun-2017_rpm320_doc0p030,train,42,4,cv_evaluation,no_chatter,0,0.00069160137,16
turning,cnn_ae,ver_max,2inchStickout_F_08-Jun-2017_rpm320_doc0p030_window_0011,2inchStickout/F_08-Jun-2017_rpm320_doc0p030,validation,42,4,cv_evaluation,no_chatter,0,0.0007692555,16
turning,cnn_ae,ver_max,2inchStickout_F_08-Jun-2017_rpm320_doc0p030_window_0012,2inchStickout/F_08-Jun-2017_rpm320_doc0p030,validation,42,4,cv_evaluation,no_chatter,0,0.000503769,16
turning,cnn_ae,ver_max,2inchStickout_F_08-Jun-2017_rpm320_doc0p030_window_0013,2inchStickout/F_08-Jun-2017_rpm320_doc0p030,train,42,4,cv_evaluation,no_chatter,0,0.00082493,16
turning,cnn_ae,ver_max,2inchStickout_F_08-Jun-2017_rpm320_doc0p030_window_0014,2inchStickout/F_08-Jun-2017_rpm320_doc0p030,train,42,4,cv_evaluation,no_chatter,0,0.0012287612,16
turning,cnn_ae,ver_max,2inchStickout_F_08-Jun-2017_rpm320_doc0p030_window_0015,2inchStickout/F_08-Jun-2017_rpm320_doc0p030,train,42,4,cv_evaluation,no_chatter,0,0.0008116367,16
turning,cnn_ae,ver_max,2inchStickout_F_08-Jun-2017_rpm320_doc0p030_window_0016,2inchStickout/F_08-Jun-2017_rpm320_doc0p030,train,42,4,cv_evaluation,no_chatter,0,0.0006599055,16
turning,cnn_ae,ver_max,2inchStickout_F_08-Jun-2017_rpm320_doc0p030_window_0017,2inchStickout/F_08-Jun-2017_rpm320_doc0p030,train,42,4,cv_evaluation,no_chatter,0,0.0011329772,16
turning,cnn_ae,ver_max,2inchStickout_F_08-Jun-2017_rpm320_doc0p030_window_0018,2inchStickout/F_08-Jun-2017_rpm320_doc0p030,train,42,4,cv_evaluation,no_chatter,0,0.0011935028,16
turning,cnn_ae,ver_max,2inchStickout_F_08-Jun-2017_rpm320_doc0p030_window_0019,2inchStickout/F_08-Jun-2017_rpm320_doc0p030,validation,42,4,cv_evaluation,no_chatter,0,0.0015960285,16
turning,cnn_ae,ver_max,2inchStickout_F_08-Jun-2017_rpm320_doc0p030_window_0020,2inchStickout/F_08-Jun-2017_rpm320_doc0p030,validation,42,4,cv_evaluation,no_chatter,0,0.0021243743,16
turning,cnn_ae,ver_max,2inchStickout_F_08-Jun-2017_rpm320_doc0p030_window_0021,2inchStickout/F_08-Jun-2017_rpm320_doc0p030,train,42,4,cv_evaluation,no_chatter,0,0.0024319256,16
turning,cnn_ae,ver_max,2inchStickout_F_08-Jun-2017_rpm320_doc0p030_window_0022,2inchStickout/F_08-Jun-2017_rpm320_doc0p030,train,42,4,cv_evaluation,no_chatter,0,0.0025030924,16
turning,cnn_ae,ver_max,2inchStickout_F_08-Jun-2017_rpm320_doc0p030_window_0023,2inchStickout/F_08-Jun-2017_rpm320_doc0p030,train,42,4,cv_evaluation,no_chatter,0,0.002262833,16
turning,cnn_ae,ver_max,2inchStickout_F_08-Jun-2017_rpm425_doc0p017_window_0000,2inchStickout/F_08-Jun-2017_rpm425_doc0p017,train,42,4,cv_evaluation,no_chatter,0,0.00028274098,16
turning,cnn_ae,ver_max,2inchStickout_F_08-Jun-2017_rpm425_doc0p017_window_0001,2inchStickout/F_08-Jun-2017_rpm425_doc0p017,train,42,4,cv_evaluation,no_chatter,0,0.00078076957,16
turning,cnn_ae,ver_max,2inchStickout_F_08-Jun-2017_rpm425_doc0p017_window_0002,2inchStickout/F_08-Jun-2017_rpm425_doc0p017,validation,42,4,cv_evaluation,no_chatter,0,0.0013279982,16
turning,cnn_ae,ver_max,2inchStickout_F_08-Jun-2017_rpm425_doc0p017_window_0003,2inchStickout/F_08-Jun-2017_rpm425_doc0p017,validation,42,4,cv_evaluation,no_chatter,0,0.002526802,16
turning,cnn_ae,ver_max,2inchStickout_F_08-Jun-2017_rpm425_doc0p017_window_0004,2inchStickout/F_08-Jun-2017_rpm425_doc0p017,validation,42,4,cv_evaluation,no_chatter,0,0.0069563147,16
turning,cnn_ae,ver_max,2inchStickout_F_08-Jun-2017_rpm425_doc0p017_window_0005,2inchStickout/F_08-Jun-2017_rpm425_doc0p017,validation,42,4,cv_evaluation,no_chatter,0,0.0041064336,16
turning,cnn_ae,ver_max,2inchStickout_F_08-Jun-2017_rpm425_doc0p017_window_0006,2inchStickout/F_08-Jun-2017_rpm425_doc0p017,train,42,4,cv_evaluation,no_chatter,0,0.0016289093,16
turning,cnn_ae,ver_max,2inchStickout_F_08-Jun-2017_rpm425_doc0p017_window_0007,2inchStickout/F_08-Jun-2017_rpm425_doc0p017,train,42,4,cv_evaluation,no_chatter,0,0.009120645,16
turning,cnn_ae,ver_max,2inchStickout_F_08-Jun-2017_rpm570_doc0p010_window_0000,2inchStickout/F_08-Jun-2017_rpm570_doc0p010,test,42,4,cv_evaluation,no_chatter,0,0.00032239442,16
turning,cnn_ae,ver_max,2inchStickout_F_08-Jun-2017_rpm570_doc0p010_window_0001,2inchStickout/F_08-Jun-2017_rpm570_doc0p010,test,42,4,cv_evaluation,no_chatter,0,0.005211377,16
turning,cnn_ae,ver_max,2inchStickout_F_08-Jun-2017_rpm570_doc0p010_window_0002,2inchStickout/F_08-Jun-2017_rpm570_doc0p010,test,42,4,cv_evaluation,chatter,1,0.0066967933,16
turning,cnn_ae,ver_max,2inchStickout_F_08-Jun-2017_rpm570_doc0p010_window_0003,2inchStickout/F_08-Jun-2017_rpm570_doc0p010,test,42,4,cv_evaluation,chatter,1,0.0058141486,16
turning,cnn_ae,ver_max,2inchStickout_F_08-Jun-2017_rpm570_doc0p010_window_0004,2inchStickout/F_08-Jun-2017_rpm570_doc0p010,test,42,4,cv_evaluation,chatter,1,0.008605829,16
turning,cnn_ae,ver_max,2inchStickout_F_08-Jun-2017_rpm570_doc0p010_window_0005,2inchStickout/F_08-Jun-2017_rpm570_doc0p010,test,42,4,cv_evaluation,chatter,1,0.009897081,16
turning,cnn_ae,ver_max,2inchStickout_F_08-Jun-2017_rpm770_doc0p002_window_0000,2inchStickout/F_08-Jun-2017_rpm770_doc0p002,train,42,4,cv_evaluation,no_chatter,0,0.00050724647,16
turning,cnn_ae,ver_max,2inchStickout_F_08-Jun-2017_rpm770_doc0p002_window_0001,2inchStickout/F_08-Jun-2017_rpm770_doc0p002,validation,42,4,cv_evaluation,chatter,1,0.018233467,16
turning,cnn_ae,ver_max,2inchStickout_F_08-Jun-2017_rpm770_doc0p002_window_0002,2inchStickout/F_08-Jun-2017_rpm770_doc0p002,validation,42,4,cv_evaluation,chatter,1,0.020690475,16
turning,cnn_ae,ver_max,2inchStickout_F_08-Jun-2017_rpm770_doc0p002_window_0003,2inchStickout/F_08-Jun-2017_rpm770_doc0p002,train,42,4,cv_evaluation,no_chatter,0,0.00736768,16
turning,cnn_ae,ver_max,2inchStickout_F_08-Jun-2017_rpm770_doc0p002_window_0004,2inchStickout/F_08-Jun-2017_rpm770_doc0p002,validation,42,4,cv_evaluation,chatter,1,0.005108314,16
turning,cnn_ae,ver_max,2inchStickout_F_08-Jun-2017_rpm770_doc0p002_window_0005,2inchStickout/F_08-Jun-2017_rpm770_doc0p002,train,42,4,cv_evaluation,no_chatter,0,0.004627028,16
turning,cnn_ae,ver_max,2inchStickout_F_08-Jun-2017_rpm770_doc0p002_window_0006,2inchStickout/F_08-Jun-2017_rpm770_doc0p002,train,42,4,cv_evaluation,no_chatter,0,0.02344572,16
turning,cnn_ae,ver_max,2inchStickout_F_08-Jun-2017_rpm770_doc0p002_window_0007,2inchStickout/F_08-Jun-2017_rpm770_doc0p002,validation,42,4,cv_evaluation,chatter,1,0.0101144295,16
turning,cnn_ae,ver_max,2p5inchStickout_F_12-Jun-2017_rpm570_doc0p005_window_0000,2p5inchStickout/F_12-Jun-2017_rpm570_doc0p005,test,42,4,cv_evaluation,no_chatter,0,0.00045511674,16
turning,cnn_ae,ver_max,2p5inchStickout_F_12-Jun-2017_rpm570_doc0p005_window_0001,2p5inchStickout/F_12-Jun-2017_rpm570_doc0p005,train,42,4,cv_evaluation,no_chatter,0,0.0038991377,16
turning,cnn_ae,ver_max,2p5inchStickout_F_12-Jun-2017_rpm570_doc0p005_window_0002,2p5inchStickout/F_12-Jun-2017_rpm570_doc0p005,train,42,4,cv_evaluation,no_chatter,0,0.0023578953,16
turning,cnn_ae,ver_max,2p5inchStickout_F_12-Jun-2017_rpm570_doc0p005_window_0003,2p5inchStickout/F_12-Jun-2017_rpm570_doc0p005,train,42,4,cv_evaluation,no_chatter,0,0.00266202,16
turning,cnn_ae,ver_max,2p5inchStickout_F_12-Jun-2017_rpm570_doc0p005_window_0004,2p5inchStickout/F_12-Jun-2017_rpm570_doc0p005,test,42,4,cv_evaluation,no_chatter,0,0.00459931,16
turning,cnn_ae,ver_max,2p5inchStickout_F_12-Jun-2017_rpm570_doc0p005_window_0005,2p5inchStickout/F_12-Jun-2017_rpm570_doc0p005,train,42,4,cv_evaluation,no_chatter,0,0.0075729364,16
turning,cnn_ae,ver_max,2p5inchStickout_F_12-Jun-2017_rpm570_doc0p005_window_0006,2p5inchStickout/F_12-Jun-2017_rpm570_doc0p005,train,42,4,cv_evaluation,no_chatter,0,0.004531567,16
turning,cnn_ae,ver_max,2p5inchStickout_F_12-Jun-2017_rpm570_doc0p005_window_0007,2p5inchStickout/F_12-Jun-2017_rpm570_doc0p005,train,42,4,cv_evaluation,no_chatter,0,0.0023643826,16
turning,cnn_ae,ver_max,2p5inchStickout_F_12-Jun-2017_rpm570_doc0p005_window_0008,2p5inchStickout/F_12-Jun-2017_rpm570_doc0p005,test,42,4,cv_evaluation,no_chatter,0,0.0073742615,16
turning,cnn_ae,ver_max,2p5inchStickout_F_12-Jun-2017_rpm570_doc0p005_window_0009,2p5inchStickout/F_12-Jun-2017_rpm570_doc0p005,train,42,4,cv_evaluation,no_chatter,0,0.0072575207,16
turning,cnn_ae,ver_max,2p5inchStickout_F_12-Jun-2017_rpm570_doc0p010_window_0000,2p5inchStickout/F_12-Jun-2017_rpm570_doc0p010,train,42,4,cv_evaluation,no_chatter,0,0.0019447576,16
turning,cnn_ae,ver_max,2p5inchStickout_F_12-Jun-2017_rpm570_doc0p010_window_0001,2p5inchStickout/F_12-Jun-2017_rpm570_doc0p010,train,42,4,cv_evaluation,no_chatter,0,0.0035128354,16
turning,cnn_ae,ver_max,2p5inchStickout_F_12-Jun-2017_rpm570_doc0p010_window_0002,2p5inchStickout/F_12-Jun-2017_rpm570_doc0p010,train,42,4,cv_evaluation,no_chatter,0,0.0018495364,16
turning,cnn_ae,ver_max,2p5inchStickout_F_12-Jun-2017_rpm570_doc0p010_window_0003,2p5inchStickout/F_12-Jun-2017_rpm570_doc0p010,test,42,4,cv_evaluation,no_chatter,0,0.0015705233,16
turning,cnn_ae,ver_max,2p5inchStickout_F_12-Jun-2017_rpm570_doc0p010_window_0004,2p5inchStickout/F_12-Jun-2017_rpm570_doc0p010,train,42,4,cv_evaluation,no_chatter,0,0.0022171414,16
turning,cnn_ae,ver_max,2p5inchStickout_F_12-Jun-2017_rpm570_doc0p010_window_0005,2p5inchStickout/F_12-Jun-2017_rpm570_doc0p010,train,42,4,cv_evaluation,no_chatter,0,0.002292753,16
turning,cnn_ae,ver_max,2p5inchStickout_F_12-Jun-2017_rpm570_doc0p010_window_0006,2p5inchStickout/F_12-Jun-2017_rpm570_doc0p010,test,42,4,cv_evaluation,no_chatter,0,0.0033736613,16
turning,cnn_ae,ver_max,2p5inchStickout_F_12-Jun-2017_rpm570_doc0p010_window_0007,2p5inchStickout/F_12-Jun-2017_rpm570_doc0p010,train,42,4,cv_evaluation,no_chatter,0,0.002211372,16
turning,cnn_ae,ver_max,2p5inchStickout_F_12-Jun-2017_rpm570_doc0p010_window_0008,2p5inchStickout/F_12-Jun-2017_rpm570_doc0p010,train,42,4,cv_evaluation,no_chatter,0,0.0022457195,16
turning,cnn_ae,ver_max,2p5inchStickout_F_12-Jun-2017_rpm570_doc0p010_window_0009,2p5inchStickout/F_12-Jun-2017_rpm570_doc0p010,test,42,4,cv_evaluation,no_chatter,0,0.0018146787,16
turning,cnn_ae,ver_max,3p5inchStickout_F_14-Jun-2017_rpm770_doc0p005_window_0000,3p5inchStickout/F_14-Jun-2017_rpm770_doc0p005,validation,42,4,cv_evaluation,no_chatter,0,0.00026240663,16
turning,cnn_ae,ver_max,3p5inchStickout_F_14-Jun-2017_rpm770_doc0p005_window_0001,3p5inchStickout/F_14-Jun-2017_rpm770_doc0p005,train,42,4,cv_evaluation,no_chatter,0,0.0060393717,16
turning,cnn_ae,ver_max,3p5inchStickout_F_14-Jun-2017_rpm770_doc0p005_window_0002,3p5inchStickout/F_14-Jun-2017_rpm770_doc0p005,train,42,4,cv_evaluation,no_chatter,0,0.0019814032,16
turning,cnn_ae,ver_max,3p5inchStickout_F_14-Jun-2017_rpm770_doc0p005_window_0003,3p5inchStickout/F_14-Jun-2017_rpm770_doc0p005,train,42,4,cv_evaluation,no_chatter,0,0.0032666402,16
turning,cnn_ae,ver_max,4p5inchStickout_F_12-Jun-2017_rpm570_doc0p015_window_0000,4p5inchStickout/F_12-Jun-2017_rpm570_doc0p015,train,42,4,cv_evaluation,no_chatter,0,5.9912058e-05,16
turning,cnn_ae,ver_max,4p5inchStickout_F_12-Jun-2017_rpm570_doc0p015_window_0001,4p5inchStickout/F_12-Jun-2017_rpm570_doc0p015,train,42,4,cv_evaluation,no_chatter,0,4.994874e-05,16
turning,cnn_ae,ver_max,4p5inchStickout_F_12-Jun-2017_rpm570_doc0p015_window_0002,4p5inchStickout/F_12-Jun-2017_rpm570_doc0p015,train,42,4,cv_evaluation,no_chatter,0,5.413612e-05,16
turning,cnn_ae,ver_max,4p5inchStickout_F_12-Jun-2017_rpm570_doc0p015_window_0003,4p5inchStickout/F_12-Jun-2017_rpm570_doc0p015,train,42,4,cv_evaluation,no_chatter,0,7.403733e-05,16
turning,cnn_ae,ver_max,4p5inchStickout_F_12-Jun-2017_rpm570_doc0p015_window_0004,4p5inchStickout/F_12-Jun-2017_rpm570_doc0p015,train,42,4,cv_evaluation,no_chatter,0,0.0031855549,16
turning,cnn_ae,ver_max,4p5inchStickout_F_12-Jun-2017_rpm570_doc0p015_window_0005,4p5inchStickout/F_12-Jun-2017_rpm570_doc0p015,train,42,4,cv_evaluation,no_chatter,0,0.0017072308,16
turning,cnn_ae,ver_max,4p5inchStickout_F_12-Jun-2017_rpm570_doc0p015_window_0006,4p5inchStickout/F_12-Jun-2017_rpm570_doc0p015,train,42,4,cv_evaluation,no_chatter,0,0.00169287,16
turning,cnn_ae,ver_max,4p5inchStickout_F_12-Jun-2017_rpm570_doc0p015_window_0007,4p5inchStickout/F_12-Jun-2017_rpm570_doc0p015,train,42,4,cv_evaluation,no_chatter,0,0.0013169256,16
turning,cnn_ae,ver_max,4p5inchStickout_F_12-Jun-2017_rpm570_doc0p015_window_0008,4p5inchStickout/F_12-Jun-2017_rpm570_doc0p015,train,42,4,cv_evaluation,no_chatter,0,0.0017059434,16
turning,cnn_ae,ver_max,4p5inchStickout_F_12-Jun-2017_rpm570_doc0p015_window_0009,4p5inchStickout/F_12-Jun-2017_rpm570_doc0p015,train,42,4,cv_evaluation,no_chatter,0,0.00258947,16
turning,cnn_ae,ver_max,4p5inchStickout_F_12-Jun-2017_rpm570_doc0p015_window_0010,4p5inchStickout/F_12-Jun-2017_rpm570_doc0p015,train,42,4,cv_evaluation,no_chatter,0,0.0031808016,16
turning,cnn_ae,ver_max,4p5inchStickout_F_12-Jun-2017_rpm570_doc0p015_window_0011,4p5inchStickout/F_12-Jun-2017_rpm570_doc0p015,train,42,4,cv_evaluation,no_chatter,0,0.0031292203,16
turning,cnn_ae,ver_max,4p5inchStickout_F_12-Jun-2017_rpm570_doc0p025_window_0000,4p5inchStickout/F_12-Jun-2017_rpm570_doc0p025,train,42,4,cv_evaluation,no_chatter,0,8.699741e-05,16
turning,cnn_ae,ver_max,4p5inchStickout_F_12-Jun-2017_rpm570_doc0p025_window_0001,4p5inchStickout/F_12-Jun-2017_rpm570_doc0p025,train,42,4,cv_evaluation,no_chatter,0,8.702097e-05,16
turning,cnn_ae,ver_max,4p5inchStickout_F_12-Jun-2017_rpm570_doc0p025_window_0002,4p5inchStickout/F_12-Jun-2017_rpm570_doc0p025,train,42,4,cv_evaluation,no_chatter,0,7.744355e-05,16
turning,cnn_ae,ver_max,4p5inchStickout_F_12-Jun-2017_rpm570_doc0p025_window_0003,4p5inchStickout/F_12-Jun-2017_rpm570_doc0p025,train,42,4,cv_evaluation,no_chatter,0,6.840594e-05,16
turning,cnn_ae,ver_max,4p5inchStickout_F_12-Jun-2017_rpm570_doc0p025_window_0004,4p5inchStickout/F_12-Jun-2017_rpm570_doc0p025,train,42,4,cv_evaluation,no_chatter,0,0.0030795357,16
turning,cnn_ae,ver_max,4p5inchStickout_F_12-Jun-2017_rpm570_doc0p025_window_0005,4p5inchStickout/F_12-Jun-2017_rpm570_doc0p025,train,42,4,cv_evaluation,no_chatter,0,0.0012744246,16
turning,cnn_ae,ver_max,4p5inchStickout_F_12-Jun-2017_rpm570_doc0p025_window_0006,4p5inchStickout/F_12-Jun-2017_rpm570_doc0p025,test,42,4,cv_evaluation,no_chatter,0,0.0011784415,16
turning,cnn_ae,ver_max,4p5inchStickout_F_12-Jun-2017_rpm570_doc0p025_window_0007,4p5inchStickout/F_12-Jun-2017_rpm570_doc0p025,train,42,4,cv_evaluation,no_chatter,0,0.0012655122,16
turning,cnn_ae,ver_max,4p5inchStickout_F_12-Jun-2017_rpm570_doc0p025_window_0008,4p5inchStickout/F_12-Jun-2017_rpm570_doc0p025,train,42,4,cv_evaluation,no_chatter,0,0.0021968286,16
turning,cnn_ae,ver_max,4p5inchStickout_F_12-Jun-2017_rpm570_doc0p025_window_0009,4p5inchStickout/F_12-Jun-2017_rpm570_doc0p025,train,42,4,cv_evaluation,no_chatter,0,0.002837807,16
turning,cnn_ae,ver_max,4p5inchStickout_F_12-Jun-2017_rpm570_doc0p025_window_0010,4p5inchStickout/F_12-Jun-2017_rpm570_doc0p025,train,42,4,cv_evaluation,no_chatter,0,0.0030326645,16
turning,cnn_ae,ver_max,4p5inchStickout_F_12-Jun-2017_rpm570_doc0p025_window_0011,4p5inchStickout/F_12-Jun-2017_rpm570_doc0p025,train,42,4,cv_evaluation,no_chatter,0,0.0027914748,16
turning,cnn_ae,ver_max,4p5inchStickout_F_13-Jun-2017_rpm1030_doc0p010_window_0000,4p5inchStickout/F_13-Jun-2017_rpm1030_doc0p010,train,42,4,cv_evaluation,no_chatter,0,0.00013579812,16
turning,cnn_ae,ver_max,4p5inchStickout_F_13-Jun-2017_rpm1030_doc0p010_window_0001,4p5inchStickout/F_13-Jun-2017_rpm1030_doc0p010,test,42,4,cv_evaluation,no_chatter,0,0.007642182,16
turning,cnn_ae,ver_max,4p5inchStickout_F_13-Jun-2017_rpm1030_doc0p010_window_0002,4p5inchStickout/F_13-Jun-2017_rpm1030_doc0p010,train,42,4,cv_evaluation,no_chatter,0,0.0038083016,16
turning,cnn_ae,ver_max,4p5inchStickout_F_13-Jun-2017_rpm1030_doc0p010_window_0003,4p5inchStickout/F_13-Jun-2017_rpm1030_doc0p010,train,42,4,cv_evaluation,no_chatter,0,0.004901597,16
turning,cnn_ae,ver_max,4p5inchStickout_F_13-Jun-2017_rpm1030_doc0p013_window_0000,4p5inchStickout/F_13-Jun-2017_rpm1030_doc0p013,test,42,4,cv_evaluation,no_chatter,0,0.000139126,16
turning,cnn_ae,ver_max,4p5inchStickout_F_13-Jun-2017_rpm1030_doc0p013_window_0001,4p5inchStickout/F_13-Jun-2017_rpm1030_doc0p013,train,42,4,cv_evaluation,no_chatter,0,0.0024368633,16
turning,cnn_ae,ver_max,4p5inchStickout_F_13-Jun-2017_rpm1030_doc0p013_window_0002,4p5inchStickout/F_13-Jun-2017_rpm1030_doc0p013,test,42,4,cv_evaluation,no_chatter,0,0.0024075867,16
turning,cnn_ae,ver_max,4p5inchStickout_F_13-Jun-2017_rpm1030_doc0p013_window_0003,4p5inchStickout/F_13-Jun-2017_rpm1030_doc0p013,train,42,4,cv_evaluation,no_chatter,0,0.0030561958,16
turning,cnn_ae,ver_max,4p5inchStickout_F_13-Jun-2017_rpm770_doc0p020_window_0000,4p5inchStickout/F_13-Jun-2017_rpm770_doc0p020,train,42,4,cv_evaluation,no_chatter,0,0.00010780161,16
turning,cnn_ae,ver_max,4p5inchStickout_F_13-Jun-2017_rpm770_doc0p020_window_0001,4p5inchStickout/F_13-Jun-2017_rpm770_doc0p020,train,42,4,cv_evaluation,no_chatter,0,0.0040904083,16
turning,cnn_ae,ver_max,4p5inchStickout_F_13-Jun-2017_rpm770_doc0p020_window_0002,4p5inchStickout/F_13-Jun-2017_rpm770_doc0p020,test,42,4,cv_evaluation,no_chatter,0,0.0013095342,16
turning,cnn_ae,ver_max,4p5inchStickout_F_13-Jun-2017_rpm770_doc0p020_window_0003,4p5inchStickout/F_13-Jun-2017_rpm770_doc0p020,train,42,4,cv_evaluation,no_chatter,0,0.002151315,16
turning,cnn_ae,ver_max,4p5inchStickout_F_13-Jun-2017_rpm770_doc0p020_window_0004,4p5inchStickout/F_13-Jun-2017_rpm770_doc0p020,train,42,4,cv_evaluation,no_chatter,0,0.0017897618,16
turning,cnn_ae,ver_max,4p5inchStickout_F_13-Jun-2017_rpm770_doc0p020_window_0005,4p5inchStickout/F_13-Jun-2017_rpm770_doc0p020,train,42,4,cv_evaluation,no_chatter,0,0.0041851457,16
turning,cnn_ae,ver_topk,2inchStickout_F_08-Jun-2017_rpm320_doc0p005_window_0000,2inchStickout/F_08-Jun-2017_rpm320_doc0p005,train,42,4,cv_evaluation,no_chatter,0,0.000385131,16
turning,cnn_ae,ver_topk,2inchStickout_F_08-Jun-2017_rpm320_doc0p005_window_0001,2inchStickout/F_08-Jun-2017_rpm320_doc0p005,train,42,4,cv_evaluation,no_chatter,0,0.0003191897,16
turning,cnn_ae,ver_topk,2inchStickout_F_08-Jun-2017_rpm320_doc0p005_window_0002,2inchStickout/F_08-Jun-2017_rpm320_doc0p005,train,42,4,cv_evaluation,no_chatter,0,0.000244373,16
turning,cnn_ae,ver_topk,2inchStickout_F_08-Jun-2017_rpm320_doc0p005_window_0003,2inchStickout/F_08-Jun-2017_rpm320_doc0p005,train,42,4,cv_evaluation,no_chatter,0,0.00023066827,16
turning,cnn_ae,ver_topk,2inchStickout_F_08-Jun-2017_rpm320_doc0p005_window_0004,2inchStickout/F_08-Jun-2017_rpm320_doc0p005,train,42,4,cv_evaluation,no_chatter,0,0.00057337095,16
turning,cnn_ae,ver_topk,2inchStickout_F_08-Jun-2017_rpm320_doc0p005_window_0005,2inchStickout/F_08-Jun-2017_rpm320_doc0p005,validation,42,4,cv_evaluation,no_chatter,0,0.010748725,16
turning,cnn_ae,ver_topk,2inchStickout_F_08-Jun-2017_rpm320_doc0p005_window_0006,2inchStickout/F_08-Jun-2017_rpm320_doc0p005,validation,42,4,cv_evaluation,chatter,1,0.0068583502,16
turning,cnn_ae,ver_topk,2inchStickout_F_08-Jun-2017_rpm320_doc0p005_window_0007,2inchStickout/F_08-Jun-2017_rpm320_doc0p005,validation,42,4,cv_evaluation,chatter,1,0.0055784187,16
turning,cnn_ae,ver_topk,2inchStickout_F_08-Jun-2017_rpm320_doc0p005_window_0008,2inchStickout/F_08-Jun-2017_rpm320_doc0p005,validation,42,4,cv_evaluation,chatter,1,0.0064504016,16
turning,cnn_ae,ver_topk,2inchStickout_F_08-Jun-2017_rpm320_doc0p005_window_0009,2inchStickout/F_08-Jun-2017_rpm320_doc0p005,validation,42,4,cv_evaluation,chatter,1,0.0059663015,16
turning,cnn_ae,ver_topk,2inchStickout_F_08-Jun-2017_rpm320_doc0p005_window_0010,2inchStickout/F_08-Jun-2017_rpm320_doc0p005,validation,42,4,cv_evaluation,chatter,1,0.005670396,16
turning,cnn_ae,ver_topk,2inchStickout_F_08-Jun-2017_rpm320_doc0p005_window_0011,2inchStickout/F_08-Jun-2017_rpm320_doc0p005,validation,42,4,cv_evaluation,chatter,1,0.0053075794,16
turning,cnn_ae,ver_topk,2inchStickout_F_08-Jun-2017_rpm320_doc0p005_window_0012,2inchStickout/F_08-Jun-2017_rpm320_doc0p005,train,42,4,cv_evaluation,no_chatter,0,0.0046176827,16
turning,cnn_ae,ver_topk,2inchStickout_F_08-Jun-2017_rpm320_doc0p005_window_0013,2inchStickout/F_08-Jun-2017_rpm320_doc0p005,train,42,4,cv_evaluation,no_chatter,0,0.003045407,16
turning,cnn_ae,ver_topk,2inchStickout_F_08-Jun-2017_rpm320_doc0p005_window_0014,2inchStickout/F_08-Jun-2017_rpm320_doc0p005,train,42,4,cv_evaluation,no_chatter,0,0.0018485668,16
turning,cnn_ae,ver_topk,2inchStickout_F_08-Jun-2017_rpm320_doc0p005_window_0015,2inchStickout/F_08-Jun-2017_rpm320_doc0p005,train,42,4,cv_evaluation,no_chatter,0,0.0017128562,16
turning,cnn_ae,ver_topk,2inchStickout_F_08-Jun-2017_rpm320_doc0p005_window_0016,2inchStickout/F_08-Jun-2017_rpm320_doc0p005,train,42,4,cv_evaluation,no_chatter,0,0.0017637941,16
turning,cnn_ae,ver_topk,2inchStickout_F_08-Jun-2017_rpm320_doc0p005_window_0017,2inchStickout/F_08-Jun-2017_rpm320_doc0p005,train,42,4,cv_evaluation,no_chatter,0,0.0015958283,16
turning,cnn_ae,ver_topk,2inchStickout_F_08-Jun-2017_rpm320_doc0p005_window_0018,2inchStickout/F_08-Jun-2017_rpm320_doc0p005,train,42,4,cv_evaluation,no_chatter,0,0.001656882,16
turning,cnn_ae,ver_topk,2inchStickout_F_08-Jun-2017_rpm320_doc0p005_window_0019,2inchStickout/F_08-Jun-2017_rpm320_doc0p005,train,42,4,cv_evaluation,no_chatter,0,0.0016975614,16
turning,cnn_ae,ver_topk,2inchStickout_F_08-Jun-2017_rpm320_doc0p005_window_0020,2inchStickout/F_08-Jun-2017_rpm320_doc0p005,train,42,4,cv_evaluation,no_chatter,0,0.001698959,16
turning,cnn_ae,ver_topk,2inchStickout_F_08-Jun-2017_rpm320_doc0p005_window_0021,2inchStickout/F_08-Jun-2017_rpm320_doc0p005,train,42,4,cv_evaluation,no_chatter,0,0.003937531,16
turning,cnn_ae,ver_topk,2inchStickout_F_08-Jun-2017_rpm320_doc0p005_window_0022,2inchStickout/F_08-Jun-2017_rpm320_doc0p005,train,42,4,cv_evaluation,no_chatter,0,0.0038765417,16
turning,cnn_ae,ver_topk,2inchStickout_F_08-Jun-2017_rpm320_doc0p005_window_0023,2inchStickout/F_08-Jun-2017_rpm320_doc0p005,train,42,4,cv_evaluation,no_chatter,0,0.005210189,16
turning,cnn_ae,ver_topk,2inchStickout_F_08-Jun-2017_rpm320_doc0p030_window_0000,2inchStickout/F_08-Jun-2017_rpm320_doc0p030,train,42,4,cv_evaluation,no_chatter,0,0.0002112369,16
turning,cnn_ae,ver_topk,2inchStickout_F_08-Jun-2017_rpm320_doc0p030_window_0001,2inchStickout/F_08-Jun-2017_rpm320_doc0p030,train,42,4,cv_evaluation,no_chatter,0,0.0001877558,16
turning,cnn_ae,ver_topk,2inchStickout_F_08-Jun-2017_rpm320_doc0p030_window_0002,2inchStickout/F_08-Jun-2017_rpm320_doc0p030,train,42,4,cv_evaluation,no_chatter,0,0.0001823329,16
turning,cnn_ae,ver_topk,2inchStickout_F_08-Jun-2017_rpm320_doc0p030_window_0003,2inchStickout/F_08-Jun-2017_rpm320_doc0p030,train,42,4,cv_evaluation,no_chatter,0,0.0017408185,16
turning,cnn_ae,ver_topk,2inchStickout_F_08-Jun-2017_rpm320_doc0p030_window_0004,2inchStickout/F_08-Jun-2017_rpm320_doc0p030,train,42,4,cv_evaluation,no_chatter,0,0.0010245166,16
turning,cnn_ae,ver_topk,2inchStickout_F_08-Jun-2017_rpm320_doc0p030_window_0005,2inchStickout/F_08-Jun-2017_rpm320_doc0p030,train,42,4,cv_evaluation,no_chatter,0,0.00048366515,16
turning,cnn_ae,ver_topk,2inchStickout_F_08-Jun-2017_rpm320_doc0p030_window_0006,2inchStickout/F_08-Jun-2017_rpm320_doc0p030,train,42,4,cv_evaluation,no_chatter,0,0.00055460335,16
turning,cnn_ae,ver_topk,2inchStickout_F_08-Jun-2017_rpm320_doc0p030_window_0007,2inchStickout/F_08-Jun-2017_rpm320_doc0p030,train,42,4,cv_evaluation,no_chatter,0,0.00072969426,16
turning,cnn_ae,ver_topk,2inchStickout_F_08-Jun-2017_rpm320_doc0p030_window_0008,2inchStickout/F_08-Jun-2017_rpm320_doc0p030,train,42,4,cv_evaluation,no_chatter,0,0.00059953245,16
turning,cnn_ae,ver_topk,2inchStickout_F_08-Jun-2017_rpm320_doc0p030_window_0009,2inchStickout/F_08-Jun-2017_rpm320_doc0p030,train,42,4,cv_evaluation,no_chatter,0,0.00056254404,16
turning,cnn_ae,ver_topk,2inchStickout_F_08-Jun-2017_rpm320_doc0p030_window_0010,2inchStickout/F_08-Jun-2017_rpm320_doc0p030,train,42,4,cv_evaluation,no_chatter,0,0.0006390609,16
turning,cnn_ae,ver_topk,2inchStickout_F_08-Jun-2017_rpm320_doc0p030_window_0011,2inchStickout/F_08-Jun-2017_rpm320_doc0p030,validation,42,4,cv_evaluation,no_chatter,0,0.00072281755,16
turning,cnn_ae,ver_topk,2inchStickout_F_08-Jun-2017_rpm320_doc0p030_window_0012,2inchStickout/F_08-Jun-2017_rpm320_doc0p030,validation,42,4,cv_evaluation,no_chatter,0,0.00048364003,16
turning,cnn_ae,ver_topk,2inchStickout_F_08-Jun-2017_rpm320_doc0p030_window_0013,2inchStickout/F_08-Jun-2017_rpm320_doc0p030,train,42,4,cv_evaluation,no_chatter,0,0.0006561429,16
turning,cnn_ae,ver_topk,2inchStickout_F_08-Jun-2017_rpm320_doc0p030_window_0014,2inchStickout/F_08-Jun-2017_rpm320_doc0p030,train,42,4,cv_evaluation,no_chatter,0,0.0011379333,16
turning,cnn_ae,ver_topk,2inchStickout_F_08-Jun-2017_rpm320_doc0p030_window_0015,2inchStickout/F_08-Jun-2017_rpm320_doc0p030,train,42,4,cv_evaluation,no_chatter,0,0.0007836717,16
turning,cnn_ae,ver_topk,2inchStickout_F_08-Jun-2017_rpm320_doc0p030_window_0016,2inchStickout/F_08-Jun-2017_rpm320_doc0p030,train,42,4,cv_evaluation,no_chatter,0,0.00065435935,16
turning,cnn_ae,ver_topk,2inchStickout_F_08-Jun-2017_rpm320_doc0p030_window_0017,2inchStickout/F_08-Jun-2017_rpm320_doc0p030,train,42,4,cv_evaluation,no_chatter,0,0.0011014013,16
turning,cnn_ae,ver_topk,2inchStickout_F_08-Jun-2017_rpm320_doc0p030_window_0018,2inchStickout/F_08-Jun-2017_rpm320_doc0p030,train,42,4,cv_evaluation,no_chatter,0,0.0011426258,16
turning,cnn_ae,ver_topk,2inchStickout_F_08-Jun-2017_rpm320_doc0p030_window_0019,2inchStickout/F_08-Jun-2017_rpm320_doc0p030,validation,42,4,cv_evaluation,no_chatter,0,0.0015405603,16
turning,cnn_ae,ver_topk,2inchStickout_F_08-Jun-2017_rpm320_doc0p030_window_0020,2inchStickout/F_08-Jun-2017_rpm320_doc0p030,validation,42,4,cv_evaluation,no_chatter,0,0.0018020693,16
turning,cnn_ae,ver_topk,2inchStickout_F_08-Jun-2017_rpm320_doc0p030_window_0021,2inchStickout/F_08-Jun-2017_rpm320_doc0p030,train,42,4,cv_evaluation,no_chatter,0,0.0019610988,16
turning,cnn_ae,ver_topk,2inchStickout_F_08-Jun-2017_rpm320_doc0p030_window_0022,2inchStickout/F_08-Jun-2017_rpm320_doc0p030,train,42,4,cv_evaluation,no_chatter,0,0.0023848815,16
turning,cnn_ae,ver_topk,2inchStickout_F_08-Jun-2017_rpm320_doc0p030_window_0023,2inchStickout/F_08-Jun-2017_rpm320_doc0p030,train,42,4,cv_evaluation,no_chatter,0,0.0022339956,16
turning,cnn_ae,ver_topk,2inchStickout_F_08-Jun-2017_rpm425_doc0p017_window_0000,2inchStickout/F_08-Jun-2017_rpm425_doc0p017,train,42,4,cv_evaluation,no_chatter,0,0.00028224636,16
turning,cnn_ae,ver_topk,2inchStickout_F_08-Jun-2017_rpm425_doc0p017_window_0001,2inchStickout/F_08-Jun-2017_rpm425_doc0p017,train,42,4,cv_evaluation,no_chatter,0,0.0005401262,16
turning,cnn_ae,ver_topk,2inchStickout_F_08-Jun-2017_rpm425_doc0p017_window_0002,2inchStickout/F_08-Jun-2017_rpm425_doc0p017,validation,42,4,cv_evaluation,no_chatter,0,0.0012622364,16
turning,cnn_ae,ver_topk,2inchStickout_F_08-Jun-2017_rpm425_doc0p017_window_0003,2inchStickout/F_08-Jun-2017_rpm425_doc0p017,validation,42,4,cv_evaluation,no_chatter,0,0.0020665275,16
turning,cnn_ae,ver_topk,2inchStickout_F_08-Jun-2017_rpm425_doc0p017_window_0004,2inchStickout/F_08-Jun-2017_rpm425_doc0p017,validation,42,4,cv_evaluation,no_chatter,0,0.0048191515,16
turning,cnn_ae,ver_topk,2inchStickout_F_08-Jun-2017_rpm425_doc0p017_window_0005,2inchStickout/F_08-Jun-2017_rpm425_doc0p017,validation,42,4,cv_evaluation,no_chatter,0,0.0031429175,16
turning,cnn_ae,ver_topk,2inchStickout_F_08-Jun-2017_rpm425_doc0p017_window_0006,2inchStickout/F_08-Jun-2017_rpm425_doc0p017,train,42,4,cv_evaluation,no_chatter,0,0.001496178,16
turning,cnn_ae,ver_topk,2inchStickout_F_08-Jun-2017_rpm425_doc0p017_window_0007,2inchStickout/F_08-Jun-2017_rpm425_doc0p017,train,42,4,cv_evaluation,no_chatter,0,0.0071298797,16
turning,cnn_ae,ver_topk,2inchStickout_F_08-Jun-2017_rpm570_doc0p010_window_0000,2inchStickout/F_08-Jun-2017_rpm570_doc0p010,test,42,4,cv_evaluation,no_chatter,0,0.00029271145,16
turning,cnn_ae,ver_topk,2inchStickout_F_08-Jun-2017_rpm570_doc0p010_window_0001,2inchStickout/F_08-Jun-2017_rpm570_doc0p010,test,42,4,cv_evaluation,no_chatter,0,0.0034844324,16
turning,cnn_ae,ver_topk,2inchStickout_F_08-Jun-2017_rpm570_doc0p010_window_0002,2inchStickout/F_08-Jun-2017_rpm570_doc0p010,test,42,4,cv_evaluation,chatter,1,0.0062594884,16
turning,cnn_ae,ver_topk,2inchStickout_F_08-Jun-2017_rpm570_doc0p010_window_0003,2inchStickout/F_08-Jun-2017_rpm570_doc0p010,test,42,4,cv_evaluation,chatter,1,0.0051580407,16
turning,cnn_ae,ver_topk,2inchStickout_F_08-Jun-2017_rpm570_doc0p010_window_0004,2inchStickout/F_08-Jun-2017_rpm570_doc0p010,test,42,4,cv_evaluation,chatter,1,0.007915517,16
turning,cnn_ae,ver_topk,2inchStickout_F_08-Jun-2017_rpm570_doc0p010_window_0005,2inchStickout/F_08-Jun-2017_rpm570_doc0p010,test,42,4,cv_evaluation,chatter,1,0.00902537,16
turning,cnn_ae,ver_topk,2inchStickout_F_08-Jun-2017_rpm770_doc0p002_window_0000,2inchStickout/F_08-Jun-2017_rpm770_doc0p002,train,42,4,cv_evaluation,no_chatter,0,0.00044179024,16
turning,cnn_ae,ver_topk,2inchStickout_F_08-Jun-2017_rpm770_doc0p002_window_0001,2inchStickout/F_08-Jun-2017_rpm770_doc0p002,validation,42,4,cv_evaluation,chatter,1,0.017740427,16
turning,cnn_ae,ver_topk,2inchStickout_F_08-Jun-2017_rpm770_doc0p002_window_0002,2inchStickout/F_08-Jun-2017_rpm770_doc0p002,validation,42,4,cv_evaluation,chatter,1,0.01848875,16
turning,cnn_ae,ver_topk,2inchStickout_F_08-Jun-2017_rpm770_doc0p002_window_0003,2inchStickout/F_08-Jun-2017_rpm770_doc0p002,train,42,4,cv_evaluation,no_chatter,0,0.005794463,16
turning,cnn_ae,ver_topk,2inchStickout_F_08-Jun-2017_rpm770_doc0p002_window_0004,2inchStickout/F_08-Jun-2017_rpm770_doc0p002,validation,42,4,cv_evaluation,chatter,1,0.004883671,16
turning,cnn_ae,ver_topk,2inchStickout_F_08-Jun-2017_rpm770_doc0p002_window_0005,2inchStickout/F_08-Jun-2017_rpm770_doc0p002,train,42,4,cv_evaluation,no_chatter,0,0.004514024,16
turning,cnn_ae,ver_topk,2inchStickout_F_08-Jun-2017_rpm770_doc0p002_window_0006,2inchStickout/F_08-Jun-2017_rpm770_doc0p002,train,42,4,cv_evaluation,no_chatter,0,0.020607287,16
turning,cnn_ae,ver_topk,2inchStickout_F_08-Jun-2017_rpm770_doc0p002_window_0007,2inchStickout/F_08-Jun-2017_rpm770_doc0p002,validation,42,4,cv_evaluation,chatter,1,0.009183067,16
turning,cnn_ae,ver_topk,2p5inchStickout_F_12-Jun-2017_rpm570_doc0p005_window_0000,2p5inchStickout/F_12-Jun-2017_rpm570_doc0p005,test,42,4,cv_evaluation,no_chatter,0,0.0004530405,16
turning,cnn_ae,ver_topk,2p5inchStickout_F_12-Jun-2017_rpm570_doc0p005_window_0001,2p5inchStickout/F_12-Jun-2017_rpm570_doc0p005,train,42,4,cv_evaluation,no_chatter,0,0.0032954318,16
turning,cnn_ae,ver_topk,2p5inchStickout_F_12-Jun-2017_rpm570_doc0p005_window_0002,2p5inchStickout/F_12-Jun-2017_rpm570_doc0p005,train,42,4,cv_evaluation,no_chatter,0,0.0021541193,16
turning,cnn_ae,ver_topk,2p5inchStickout_F_12-Jun-2017_rpm570_doc0p005_window_0003,2p5inchStickout/F_12-Jun-2017_rpm570_doc0p005,train,42,4,cv_evaluation,no_chatter,0,0.0022164034,16
turning,cnn_ae,ver_topk,2p5inchStickout_F_12-Jun-2017_rpm570_doc0p005_window_0004,2p5inchStickout/F_12-Jun-2017_rpm570_doc0p005,test,42,4,cv_evaluation,no_chatter,0,0.003956556,16
turning,cnn_ae,ver_topk,2p5inchStickout_F_12-Jun-2017_rpm570_doc0p005_window_0005,2p5inchStickout/F_12-Jun-2017_rpm570_doc0p005,train,42,4,cv_evaluation,no_chatter,0,0.006521356,16
turning,cnn_ae,ver_topk,2p5inchStickout_F_12-Jun-2017_rpm570_doc0p005_window_0006,2p5inchStickout/F_12-Jun-2017_rpm570_doc0p005,train,42,4,cv_evaluation,no_chatter,0,0.0032434345,16
turning,cnn_ae,ver_topk,2p5inchStickout_F_12-Jun-2017_rpm570_doc0p005_window_0007,2p5inchStickout/F_12-Jun-2017_rpm570_doc0p005,train,42,4,cv_evaluation,no_chatter,0,0.0020793483,16
turning,cnn_ae,ver_topk,2p5inchStickout_F_12-Jun-2017_rpm570_doc0p005_window_0008,2p5inchStickout/F_12-Jun-2017_rpm570_doc0p005,test,42,4,cv_evaluation,no_chatter,0,0.00619198,16
turning,cnn_ae,ver_topk,2p5inchStickout_F_12-Jun-2017_rpm570_doc0p005_window_0009,2p5inchStickout/F_12-Jun-2017_rpm570_doc0p005,train,42,4,cv_evaluation,no_chatter,0,0.0058928095,16
turning,cnn_ae,ver_topk,2p5inchStickout_F_12-Jun-2017_rpm570_doc0p010_window_0000,2p5inchStickout/F_12-Jun-2017_rpm570_doc0p010,train,42,4,cv_evaluation,no_chatter,0,0.0016020472,16
turning,cnn_ae,ver_topk,2p5inchStickout_F_12-Jun-2017_rpm570_doc0p010_window_0001,2p5inchStickout/F_12-Jun-2017_rpm570_doc0p010,train,42,4,cv_evaluation,no_chatter,0,0.0031702938,16
turning,cnn_ae,ver_topk,2p5inchStickout_F_12-Jun-2017_rpm570_doc0p010_window_0002,2p5inchStickout/F_12-Jun-2017_rpm570_doc0p010,train,42,4,cv_evaluation,no_chatter,0,0.0017301074,16
turning,cnn_ae,ver_topk,2p5inchStickout_F_12-Jun-2017_rpm570_doc0p010_window_0003,2p5inchStickout/F_12-Jun-2017_rpm570_doc0p010,test,42,4,cv_evaluation,no_chatter,0,0.001542671,16
turning,cnn_ae,ver_topk,2p5inchStickout_F_12-Jun-2017_rpm570_doc0p010_window_0004,2p5inchStickout/F_12-Jun-2017_rpm570_doc0p010,train,42,4,cv_evaluation,no_chatter,0,0.0020646332,16
turning,cnn_ae,ver_topk,2p5inchStickout_F_12-Jun-2017_rpm570_doc0p010_window_0005,2p5inchStickout/F_12-Jun-2017_rpm570_doc0p010,train,42,4,cv_evaluation,no_chatter,0,0.0021876004,16
turning,cnn_ae,ver_topk,2p5inchStickout_F_12-Jun-2017_rpm570_doc0p010_window_0006,2p5inchStickout/F_12-Jun-2017_rpm570_doc0p010,test,42,4,cv_evaluation,no_chatter,0,0.0030907204,16
turning,cnn_ae,ver_topk,2p5inchStickout_F_12-Jun-2017_rpm570_doc0p010_window_0007,2p5inchStickout/F_12-Jun-2017_rpm570_doc0p010,train,42,4,cv_evaluation,no_chatter,0,0.002193331,16
turning,cnn_ae,ver_topk,2p5inchStickout_F_12-Jun-2017_rpm570_doc0p010_window_0008,2p5inchStickout/F_12-Jun-2017_rpm570_doc0p010,train,42,4,cv_evaluation,no_chatter,0,0.001990458,16
turning,cnn_ae,ver_topk,2p5inchStickout_F_12-Jun-2017_rpm570_doc0p010_window_0009,2p5inchStickout/F_12-Jun-2017_rpm570_doc0p010,test,42,4,cv_evaluation,no_chatter,0,0.0017273409,16
turning,cnn_ae,ver_topk,3p5inchStickout_F_14-Jun-2017_rpm770_doc0p005_window_0000,3p5inchStickout/F_14-Jun-2017_rpm770_doc0p005,validation,42,4,cv_evaluation,no_chatter,0,0.00024257535,16
turning,cnn_ae,ver_topk,3p5inchStickout_F_14-Jun-2017_rpm770_doc0p005_window_0001,3p5inchStickout/F_14-Jun-2017_rpm770_doc0p005,train,42,4,cv_evaluation,no_chatter,0,0.005050706,16
turning,cnn_ae,ver_topk,3p5inchStickout_F_14-Jun-2017_rpm770_doc0p005_window_0002,3p5inchStickout/F_14-Jun-2017_rpm770_doc0p005,train,42,4,cv_evaluation,no_chatter,0,0.0018885281,16
turning,cnn_ae,ver_topk,3p5inchStickout_F_14-Jun-2017_rpm770_doc0p005_window_0003,3p5inchStickout/F_14-Jun-2017_rpm770_doc0p005,train,42,4,cv_evaluation,no_chatter,0,0.002737573,16
turning,cnn_ae,ver_topk,4p5inchStickout_F_12-Jun-2017_rpm570_doc0p015_window_0000,4p5inchStickout/F_12-Jun-2017_rpm570_doc0p015,train,42,4,cv_evaluation,no_chatter,0,5.258989e-05,16
turning,cnn_ae,ver_topk,4p5inchStickout_F_12-Jun-2017_rpm570_doc0p015_window_0001,4p5inchStickout/F_12-Jun-2017_rpm570_doc0p015,train,42,4,cv_evaluation,no_chatter,0,4.604545e-05,16
turning,cnn_ae,ver_topk,4p5inchStickout_F_12-Jun-2017_rpm570_doc0p015_window_0002,4p5inchStickout/F_12-Jun-2017_rpm570_doc0p015,train,42,4,cv_evaluation,no_chatter,0,4.6913745e-05,16
turning,cnn_ae,ver_topk,4p5inchStickout_F_12-Jun-2017_rpm570_doc0p015_window_0003,4p5inchStickout/F_12-Jun-2017_rpm570_doc0p015,train,42,4,cv_evaluation,no_chatter,0,6.628328e-05,16
turning,cnn_ae,ver_topk,4p5inchStickout_F_12-Jun-2017_rpm570_doc0p015_window_0004,4p5inchStickout/F_12-Jun-2017_rpm570_doc0p015,train,42,4,cv_evaluation,no_chatter,0,0.0016979625,16
turning,cnn_ae,ver_topk,4p5inchStickout_F_12-Jun-2017_rpm570_doc0p015_window_0005,4p5inchStickout/F_12-Jun-2017_rpm570_doc0p015,train,42,4,cv_evaluation,no_chatter,0,0.0015451513,16
turning,cnn_ae,ver_topk,4p5inchStickout_F_12-Jun-2017_rpm570_doc0p015_window_0006,4p5inchStickout/F_12-Jun-2017_rpm570_doc0p015,train,42,4,cv_evaluation,no_chatter,0,0.001276027,16
turning,cnn_ae,ver_topk,4p5inchStickout_F_12-Jun-2017_rpm570_doc0p015_window_0007,4p5inchStickout/F_12-Jun-2017_rpm570_doc0p015,train,42,4,cv_evaluation,no_chatter,0,0.001184313,16
turning,cnn_ae,ver_topk,4p5inchStickout_F_12-Jun-2017_rpm570_doc0p015_window_0008,4p5inchStickout/F_12-Jun-2017_rpm570_doc0p015,train,42,4,cv_evaluation,no_chatter,0,0.0015053839,16
turning,cnn_ae,ver_topk,4p5inchStickout_F_12-Jun-2017_rpm570_doc0p015_window_0009,4p5inchStickout/F_12-Jun-2017_rpm570_doc0p015,train,42,4,cv_evaluation,no_chatter,0,0.0024844892,16
turning,cnn_ae,ver_topk,4p5inchStickout_F_12-Jun-2017_rpm570_doc0p015_window_0010,4p5inchStickout/F_12-Jun-2017_rpm570_doc0p015,train,42,4,cv_evaluation,no_chatter,0,0.0022341625,16
turning,cnn_ae,ver_topk,4p5inchStickout_F_12-Jun-2017_rpm570_doc0p015_window_0011,4p5inchStickout/F_12-Jun-2017_rpm570_doc0p015,train,42,4,cv_evaluation,no_chatter,0,0.0029486145,16
turning,cnn_ae,ver_topk,4p5inchStickout_F_12-Jun-2017_rpm570_doc0p025_window_0000,4p5inchStickout/F_12-Jun-2017_rpm570_doc0p025,train,42,4,cv_evaluation,no_chatter,0,8.005407e-05,16
turning,cnn_ae,ver_topk,4p5inchStickout_F_12-Jun-2017_rpm570_doc0p025_window_0001,4p5inchStickout/F_12-Jun-2017_rpm570_doc0p025,train,42,4,cv_evaluation,no_chatter,0,7.7228724e-05,16
turning,cnn_ae,ver_topk,4p5inchStickout_F_12-Jun-2017_rpm570_doc0p025_window_0002,4p5inchStickout/F_12-Jun-2017_rpm570_doc0p025,train,42,4,cv_evaluation,no_chatter,0,7.35617e-05,16
turning,cnn_ae,ver_topk,4p5inchStickout_F_12-Jun-2017_rpm570_doc0p025_window_0003,4p5inchStickout/F_12-Jun-2017_rpm570_doc0p025,train,42,4,cv_evaluation,no_chatter,0,6.321565e-05,16
turning,cnn_ae,ver_topk,4p5inchStickout_F_12-Jun-2017_rpm570_doc0p025_window_0004,4p5inchStickout/F_12-Jun-2017_rpm570_doc0p025,train,42,4,cv_evaluation,no_chatter,0,0.0027106397,16
turning,cnn_ae,ver_topk,4p5inchStickout_F_12-Jun-2017_rpm570_doc0p025_window_0005,4p5inchStickout/F_12-Jun-2017_rpm570_doc0p025,train,42,4,cv_evaluation,no_chatter,0,0.0011277368,16
turning,cnn_ae,ver_topk,4p5inchStickout_F_12-Jun-2017_rpm570_doc0p025_window_0006,4p5inchStickout/F_12-Jun-2017_rpm570_doc0p025,test,42,4,cv_evaluation,no_chatter,0,0.0011481716,16
turning,cnn_ae,ver_topk,4p5inchStickout_F_12-Jun-2017_rpm570_doc0p025_window_0007,4p5inchStickout/F_12-Jun-2017_rpm570_doc0p025,train,42,4,cv_evaluation,no_chatter,0,0.0011525062,16
turning,cnn_ae,ver_topk,4p5inchStickout_F_12-Jun-2017_rpm570_doc0p025_window_0008,4p5inchStickout/F_12-Jun-2017_rpm570_doc0p025,train,42,4,cv_evaluation,no_chatter,0,0.0019406931,16
turning,cnn_ae,ver_topk,4p5inchStickout_F_12-Jun-2017_rpm570_doc0p025_window_0009,4p5inchStickout/F_12-Jun-2017_rpm570_doc0p025,train,42,4,cv_evaluation,no_chatter,0,0.0026902352,16
turning,cnn_ae,ver_topk,4p5inchStickout_F_12-Jun-2017_rpm570_doc0p025_window_0010,4p5inchStickout/F_12-Jun-2017_rpm570_doc0p025,train,42,4,cv_evaluation,no_chatter,0,0.0026336529,16
turning,cnn_ae,ver_topk,4p5inchStickout_F_12-Jun-2017_rpm570_doc0p025_window_0011,4p5inchStickout/F_12-Jun-2017_rpm570_doc0p025,train,42,4,cv_evaluation,no_chatter,0,0.0027529874,16
turning,cnn_ae,ver_topk,4p5inchStickout_F_13-Jun-2017_rpm1030_doc0p010_window_0000,4p5inchStickout/F_13-Jun-2017_rpm1030_doc0p010,train,42,4,cv_evaluation,no_chatter,0,0.00013292517,16
turning,cnn_ae,ver_topk,4p5inchStickout_F_13-Jun-2017_rpm1030_doc0p010_window_0001,4p5inchStickout/F_13-Jun-2017_rpm1030_doc0p010,test,42,4,cv_evaluation,no_chatter,0,0.007289607,16
turning,cnn_ae,ver_topk,4p5inchStickout_F_13-Jun-2017_rpm1030_doc0p010_window_0002,4p5inchStickout/F_13-Jun-2017_rpm1030_doc0p010,train,42,4,cv_evaluation,no_chatter,0,0.0035713098,16
turning,cnn_ae,ver_topk,4p5inchStickout_F_13-Jun-2017_rpm1030_doc0p010_window_0003,4p5inchStickout/F_13-Jun-2017_rpm1030_doc0p010,train,42,4,cv_evaluation,no_chatter,0,0.0041564596,16
turning,cnn_ae,ver_topk,4p5inchStickout_F_13-Jun-2017_rpm1030_doc0p013_window_0000,4p5inchStickout/F_13-Jun-2017_rpm1030_doc0p013,test,42,4,cv_evaluation,no_chatter,0,0.00012839341,16
turning,cnn_ae,ver_topk,4p5inchStickout_F_13-Jun-2017_rpm1030_doc0p013_window_0001,4p5inchStickout/F_13-Jun-2017_rpm1030_doc0p013,train,42,4,cv_evaluation,no_chatter,0,0.002331189,16
turning,cnn_ae,ver_topk,4p5inchStickout_F_13-Jun-2017_rpm1030_doc0p013_window_0002,4p5inchStickout/F_13-Jun-2017_rpm1030_doc0p013,test,42,4,cv_evaluation,no_chatter,0,0.002018839,16
turning,cnn_ae,ver_topk,4p5inchStickout_F_13-Jun-2017_rpm1030_doc0p013_window_0003,4p5inchStickout/F_13-Jun-2017_rpm1030_doc0p013,train,42,4,cv_evaluation,no_chatter,0,0.002797518,16
turning,cnn_ae,ver_topk,4p5inchStickout_F_13-Jun-2017_rpm770_doc0p020_window_0000,4p5inchStickout/F_13-Jun-2017_rpm770_doc0p020,train,42,4,cv_evaluation,no_chatter,0,0.00010762603,16
turning,cnn_ae,ver_topk,4p5inchStickout_F_13-Jun-2017_rpm770_doc0p020_window_0001,4p5inchStickout/F_13-Jun-2017_rpm770_doc0p020,train,42,4,cv_evaluation,no_chatter,0,0.0017945297,16
turning,cnn_ae,ver_topk,4p5inchStickout_F_13-Jun-2017_rpm770_doc0p020_window_0002,4p5inchStickout/F_13-Jun-2017_rpm770_doc0p020,test,42,4,cv_evaluation,no_chatter,0,0.0012297657,16
turning,cnn_ae,ver_topk,4p5inchStickout_F_13-Jun-2017_rpm770_doc0p020_window_0003,4p5inchStickout/F_13-Jun-2017_rpm770_doc0p020,train,42,4,cv_evaluation,no_chatter,0,0.0017245539,16
turning,cnn_ae,ver_topk,4p5inchStickout_F_13-Jun-2017_rpm770_doc0p020_window_0004,4p5inchStickout/F_13-Jun-2017_rpm770_doc0p020,train,42,4,cv_evaluation,no_chatter,0,0.0016525085,16
turning,cnn_ae,ver_topk,4p5inchStickout_F_13-Jun-2017_rpm770_doc0p020_window_0005,4p5inchStickout/F_13-Jun-2017_rpm770_doc0p020,train,42,4,cv_evaluation,no_chatter,0,0.004052378,16
