global_mse,global_mae,ver_max,ver_topk,maxpool_mse_3x3,maxpool_mse_5x5,maxpool_mse_9x9,maxpool_mse_15x15,maxpool_mse_25x25,maxpool_mse_35x35,maxpool_mse_51x51,maxpool_mse_75x75,maxpool_mse_101x101,filename,label,split
0.00043304198,0.010700921,0.0008890959,0.00075015024,0.0014092963,0.0022808837,0.0039105443,0.006227131,0.009900266,0.013236095,0.01855391,0.026411543,0.03300743,00yac9b6.png,0,validation
0.00034630974,0.009928301,0.0007164725,0.0005885173,0.0012106812,0.0019800316,0.0033871415,0.005283391,0.008090106,0.010687057,0.014742642,0.019628026,0.022974381,01ecfho9.png,0,validation
0.00023964273,0.008098925,0.00074592774,0.0005408825,0.0008688317,0.0014317943,0.0024140943,0.0037168048,0.0057872925,0.007895363,0.011384269,0.017069254,0.022844385,01rpdbjb.png,0,validation
0.00032336795,0.009829654,0.0007708987,0.00059961644,0.0011920715,0.0019882233,0.003373565,0.0051202136,0.007624768,0.009766156,0.012648832,0.016134443,0.019086175,01ywejtw.png,0,validation
0.00038145226,0.010376352,0.00078134995,0.00062392827,0.0013544937,0.0022676443,0.004054428,0.006714801,0.010973216,0.015075632,0.02208966,0.032500945,0.04127455,02hhnnq8.png,0,validation
0.0010048605,0.013584893,0.001956584,0.0017874002,0.002824611,0.0046939207,0.008525412,0.014667299,0.025167236,0.035938766,0.05447413,0.083179295,0.102488995,02i89bne.png,0,validation
0.00032631314,0.009681598,0.0007417784,0.00059997535,0.0011758341,0.0019461529,0.0033278284,0.0052455137,0.008275757,0.01095571,0.014741021,0.020043729,0.024312364,02smpd9t.png,0,validation
0.00029430268,0.009234736,0.0007300065,0.0006038799,0.0010532094,0.0017561988,0.0030181552,0.004694345,0.0072032344,0.009322695,0.012439259,0.016934909,0.020935176,030bxhe3.png,0,validation
0.00036455764,0.010103476,0.00078067445,0.0006789872,0.0012790894,0.0021090026,0.003574344,0.0055428473,0.008360441,0.010859056,0.014584896,0.019438537,0.023249567,030jl4tn.png,0,validation
0.00032559413,0.009497607,0.00079811685,0.0006880393,0.0011732863,0.0019782132,0.003470025,0.005591768,0.008930697,0.012042196,0.01707515,0.025171956,0.033793982,03dcuvaj.png,0,validation
0.00038080325,0.010215675,0.00073235284,0.00067712803,0.0013143857,0.0021473044,0.0036320472,0.0056203958,0.008623401,0.0113807,0.015647853,0.021116462,0.024798486,051qepd1.png,0,validation
0.00033229895,0.009677374,0.0009488839,0.0006964102,0.0011806502,0.0019667575,0.00342111,0.005501477,0.009003902,0.012133905,0.01694712,0.024477106,0.03248402,05520eak.png,0,validation
0.00036374308,0.009963872,0.00089013,0.00080838194,0.0012870735,0.0021072265,0.0035191409,0.0053109494,0.007735757,0.009938117,0.01339067,0.018199349,0.02225783,05nxu89x.png,0,validation
0.00032451734,0.00946307,0.00085176167,0.0007183536,0.0011946768,0.001995314,0.0033587858,0.005095703,0.007684072,0.009992455,0.013373532,0.018269587,0.023304474,065x3drt.png,0,validation
0.0003308982,0.009724958,0.0006502228,0.00053050386,0.0012025298,0.0019906648,0.0034349256,0.00539448,0.00843699,0.011302727,0.016080659,0.023387088,0.029303195,06sbov0j.png,0,validation
0.0002968065,0.009443443,0.0006639316,0.0005833592,0.0010951707,0.0018089976,0.0030148656,0.0045073903,0.006539669,0.008307464,0.01090054,0.014377726,0.017334558,07hpnpk2.png,0,validation
0.00028566513,0.009016913,0.00072661304,0.00058563164,0.0010460876,0.0017357559,0.00292877,0.0044538374,0.0065388833,0.008449406,0.01145902,0.015577182,0.018947108,082xr8z7.png,0,validation
0.0003425387,0.00958428,0.0008256385,0.00073880894,0.001280584,0.002169564,0.0037788316,0.0059905197,0.009419564,0.012839145,0.018412521,0.027132438,0.03685792,08fmld08.png,0,validation
0.00031230846,0.009583372,0.00071952643,0.0005498268,0.0011073058,0.0018232808,0.0031112689,0.004811469,0.0072097913,0.009281492,0.012105367,0.015773011,0.018607188,08kht9gr.png,0,validation
0.00028392137,0.009082789,0.00069912197,0.0005803029,0.0010429715,0.0017435068,0.002946699,0.00453422,0.006908931,0.008990428,0.011945497,0.01571629,0.019330898,096r9cs6.png,0,validation
0.0005471694,0.011141193,0.0016711106,0.0010293741,0.0017775431,0.0030326643,0.005487997,0.009457127,0.01698777,0.025361802,0.040747408,0.06474045,0.09007217,09tyaw7d.png,0,validation
0.00028986423,0.009164054,0.00066187774,0.00058944366,0.0010542806,0.0017861318,0.0031368157,0.005057748,0.007899451,0.010601911,0.014943332,0.02158732,0.02795482,0a690q5n.png,0,validation
0.00036295675,0.010035597,0.0009305165,0.0007156257,0.0013359092,0.0022358233,0.003741372,0.005644897,0.008274038,0.010528708,0.013829349,0.018392703,0.02214211,0at3z4mg.png,0,validation
0.00034844255,0.010110619,0.00068342517,0.0006029608,0.0011893798,0.0019570133,0.003389383,0.0052978853,0.008005854,0.010407388,0.013900727,0.018790683,0.022117475,0bmbaoqr.png,0,validation
0.0003047702,0.009221175,0.0007897056,0.0006291804,0.0011121865,0.0018353316,0.0030433927,0.0045518843,0.006566182,0.00834472,0.010906905,0.0140659725,0.01666484,0d1bnyg4.png,0,validation
0.0003858327,0.010369868,0.0007336998,0.000605746,0.0013524357,0.0022503391,0.003921517,0.006278637,0.009931196,0.013185258,0.018226776,0.025382048,0.030244514,0f3eheut.png,0,validation
0.00041176673,0.010599137,0.000779655,0.00071208505,0.0014336642,0.0023445068,0.0039938516,0.0062869643,0.009958109,0.013589093,0.019175012,0.026904823,0.033447757,0gd5n0gu.png,0,validation
0.0003588128,0.009975519,0.00071517326,0.0006328775,0.0012506794,0.0020701098,0.003565566,0.005617897,0.008787942,0.011641785,0.015966067,0.022190489,0.027092202,0gdjlf3a.png,0,validation
0.00027078288,0.008834865,0.0006697926,0.0005497255,0.000995371,0.0016634818,0.0027735722,0.004181952,0.006140077,0.007920602,0.010425546,0.013322216,0.0153941745,0h8kw3fm.png,0,validation
0.00032932538,0.009760915,0.0006892283,0.00055905944,0.0011785512,0.0019333422,0.003249058,0.0049951733,0.00765069,0.0100433,0.01357947,0.01811657,0.021172082,0hizo25m.png,0,validation
0.00032496368,0.009503762,0.0007970541,0.00068381266,0.0012085107,0.0020272636,0.0034182428,0.0051644356,0.0074888645,0.009535593,0.012417362,0.015996398,0.01876501,0i2ldsyj.png,0,validation
0.00033064838,0.009828733,0.0007290353,0.0005931847,0.0012026547,0.001982017,0.0033381898,0.005095331,0.0077712964,0.0099891415,0.013193975,0.017831875,0.02200188,0i3rc5vr.png,0,validation
0.00033611504,0.009412042,0.00087439024,0.00077069126,0.0012200834,0.0020191928,0.0034687433,0.0054421867,0.008363389,0.010989499,0.015109144,0.021440642,0.027937198,0ilfbaup.png,0,validation
0.00035344058,0.009982137,0.00070163305,0.0005706445,0.0012304334,0.0020493516,0.0035851428,0.005767231,0.009009334,0.011981494,0.016587265,0.02295021,0.027569097,0ion3xjr.png,0,validation
0.0003167183,0.009755243,0.0007339115,0.0006328569,0.0011611362,0.0019255573,0.00324087,0.004966667,0.007351207,0.009290696,0.012015538,0.015530184,0.018648682,0j1oulwo.png,0,validation
0.00039429567,0.010235715,0.0008001162,0.00070864096,0.0013794688,0.0022629208,0.0038659715,0.006115169,0.009735233,0.013012253,0.017747862,0.02434801,0.029097814,0jq84q8x.png,0,validation
0.00029372043,0.009321341,0.00073955994,0.0005711773,0.001075248,0.0018001281,0.0030877544,0.004807184,0.0074505364,0.009846187,0.01337243,0.017895544,0.02171727,0jy67u6o.png,0,validation
0.0003319117,0.009232255,0.0008098926,0.00072476495,0.0012298081,0.00209438,0.0037227366,0.00607253,0.009532008,0.01285466,0.01834969,0.02714921,0.037278235,0k5fc34s.png,0,validation
0.0003333882,0.009733215,0.0007067768,0.0005472018,0.0011687328,0.0019382272,0.0033661146,0.005381306,0.00863176,0.011862582,0.017115703,0.024529614,0.030379785,0k81ivzj.png,0,validation
0.00031711752,0.009484417,0.0007945792,0.0006525766,0.0011719937,0.0019418084,0.0033030335,0.0050507337,0.0075695734,0.009887512,0.013533767,0.019199515,0.024430003,0kbc69ps.png,0,validation
0.0002576418,0.00862261,0.0006281013,0.00052779494,0.00093987107,0.0015698564,0.0026643379,0.0041350042,0.0063160732,0.008251593,0.011054674,0.01429748,0.016857216,0l1offkh.png,0,validation
0.0003660601,0.010114528,0.0007754741,0.0006168314,0.0013076521,0.002154968,0.0036641126,0.0057603773,0.0090798,0.012272965,0.017474929,0.025452446,0.032369,0lsn6mhl.png,0,validation
0.0003103658,0.009459601,0.000812009,0.00063191104,0.0011187758,0.0018709954,0.0032054468,0.004969059,0.007538305,0.009915134,0.013365103,0.01785587,0.02215919,0mjaiq5s.png,0,validation
0.00033164723,0.009479364,0.0007894624,0.0007090213,0.0011964903,0.0020387683,0.0036718622,0.006129685,0.010189898,0.01398518,0.02024462,0.030724173,0.04245749,0n3yjvug.png,0,validation
0.0003139029,0.009296787,0.00081040664,0.00067865755,0.0011585872,0.0019431474,0.003366234,0.0052273334,0.0076725925,0.009803888,0.013019401,0.017646143,0.02168878,0n938tfs.png,0,validation
0.00035147846,0.010019152,0.0006964238,0.0006013555,0.0012179748,0.001983235,0.003333457,0.0052041295,0.008061308,0.010684324,0.014892632,0.020453768,0.023654964,0nfjmxrb.png,0,validation
0.00037600758,0.010174246,0.00076449837,0.0006019114,0.0012952606,0.0021304425,0.003677496,0.005860189,0.009284027,0.012515485,0.01760934,0.024967164,0.030007254,0noq91ui.png,0,validation
0.00031381854,0.009540627,0.00075106125,0.00062827783,0.0011562859,0.0019262464,0.003266055,0.0050035636,0.0075054523,0.00977225,0.012924051,0.017127594,0.020909965,0okk0ojb.png,0,validation
0.00029133438,0.009267061,0.0006101531,0.00059403235,0.0010590352,0.0017741048,0.0030224514,0.004659612,0.0069203856,0.008825759,0.011417706,0.014801763,0.017790038,0osoh5v6.png,0,validation
0.0003201717,0.0096019255,0.00076691137,0.000644447,0.0011174529,0.0018592187,0.0032316914,0.0052155787,0.008096155,0.010799824,0.015132418,0.021554364,0.027926682,0pjjhb0n.png,0,validation
0.0002963213,0.009209888,0.0007572516,0.0006155398,0.001094606,0.0018181769,0.003031661,0.004520437,0.0065037287,0.008238208,0.010668434,0.013741984,0.016337164,0pxyy9e5.png,0,validation
0.00036183564,0.010038934,0.00071513903,0.0005982697,0.0012955363,0.0021651655,0.003768064,0.006105089,0.010146188,0.014010304,0.020404132,0.030738005,0.039047644,0qf1klgp.png,0,validation
0.0003241824,0.009757325,0.00070076605,0.00059854705,0.0011258574,0.0018464631,0.0031236657,0.0048980066,0.007540427,0.009768925,0.012954259,0.017419076,0.021423006,0r8qjppg.png,0,validation
0.00030235655,0.009400845,0.00070062815,0.00061088696,0.0010826887,0.0017997286,0.0030575113,0.0047193514,0.0070136203,0.00894096,0.011760306,0.015040592,0.017728793,0rktoc19.png,0,validation
0.00032763695,0.009825946,0.00068462145,0.0005708412,0.0011862632,0.0019945856,0.0035126393,0.0056547904,0.008954443,0.011933856,0.016502215,0.023152744,0.028289711,0sav2p7b.png,0,validation
0.00033690414,0.010012773,0.00071097404,0.0006437627,0.001244036,0.0020608825,0.003455075,0.005189986,0.0076395473,0.0096641565,0.012454735,0.015921297,0.018619848,0t9nlahn.png,0,validation
0.00082905975,0.013025594,0.001413632,0.0013500623,0.002428615,0.0040563666,0.007355436,0.012573578,0.021370145,0.03065722,0.0470334,0.0726673,0.090194814,0tcve8xw.png,0,validation
0.00035539907,0.010469841,0.0007840111,0.00063757406,0.0012043581,0.0020000804,0.003508077,0.0056929444,0.008851616,0.011759874,0.016516982,0.023573302,0.030016148,0twb0vaj.png,0,validation
0.00032624576,0.009604805,0.00081065914,0.0006813477,0.0011933071,0.0020163222,0.003504686,0.0055752746,0.009060787,0.012291056,0.017480342,0.025937255,0.03563386,0twzyat0.png,0,validation
0.0003817336,0.010041447,0.0009390732,0.0007569994,0.0014103531,0.0024011037,0.004265438,0.0071719075,0.012660429,0.0188883,0.030879026,0.05358966,0.07940367,0u8q7a4v.png,0,validation
0.00023200785,0.00790591,0.0006853268,0.0005141165,0.00083162636,0.0013814808,0.0024033058,0.0038431915,0.0062223864,0.008721718,0.012990059,0.018371038,0.02348837,0ug12iau.png,0,validation
0.0003096901,0.009570791,0.0007160497,0.00061144144,0.0011165029,0.0018545088,0.003152255,0.004822519,0.0072171832,0.0092659155,0.012196772,0.015882729,0.018995104,0uszskzk.png,0,validation
0.00029907643,0.009478829,0.0007179207,0.00059140456,0.0010790773,0.0018000322,0.0030669833,0.0047429316,0.0071409573,0.009298243,0.0124882925,0.016992768,0.02053535,0w7d53o9.png,0,validation
0.00036918835,0.010288351,0.00069627824,0.0006170681,0.0012994168,0.002141829,0.0036156443,0.005555709,0.008426227,0.011049528,0.015003147,0.02026897,0.023304833,0wr0mirn.png,0,validation
0.00065173145,0.012100326,0.0017085258,0.0013698669,0.0022864179,0.0037690515,0.006449212,0.0101865195,0.016388042,0.022430943,0.032003727,0.04688532,0.06065713,0xqtqv8e.png,0,validation
0.00036511265,0.010027911,0.0006911497,0.0006394942,0.0012180632,0.0019912522,0.003414116,0.005373312,0.008369389,0.011252281,0.015704889,0.021941822,0.026292201,0yyqwimh.png,0,validation
0.0002840785,0.009183754,0.0006807468,0.00056300475,0.0010308812,0.0017189778,0.002925152,0.004491888,0.00665499,0.0084947655,0.010982999,0.013851497,0.016130956,1029dg38.png,0,validation
0.00032236206,0.009272262,0.000778684,0.00071158033,0.0012051935,0.002014269,0.003438266,0.0052696187,0.007653285,0.009624826,0.012306604,0.015904209,0.019389313,107jqnyv.png,0,validation
0.00032108542,0.009739538,0.00073256256,0.0005869164,0.0011678024,0.0019444966,0.0033204765,0.005184647,0.008021059,0.010528555,0.013995314,0.018853443,0.022563096,10dhhh4m.png,0,validation
0.00034841572,0.009375299,0.0009304919,0.00079981325,0.0012576142,0.0021387981,0.0038208652,0.0063972133,0.010418078,0.014172557,0.020370187,0.029861249,0.04055501,10etl7hw.png,0,validation
0.0003306654,0.009778041,0.0007203262,0.00060468464,0.00119022,0.0019733815,0.003365363,0.0052531064,0.008246449,0.011136752,0.015437561,0.021198923,0.02607889,10g567aq.png,0,validation
0.00047086139,0.01098299,0.0008432705,0.00076117855,0.0016054054,0.0026455217,0.00454017,0.007091449,0.011054155,0.01491374,0.021065539,0.030141346,0.037373334,10q6fce1.png,0,validation
0.00030984703,0.009179896,0.00077218,0.0006760832,0.0011499838,0.0019096609,0.003234045,0.0049646646,0.007486147,0.009831794,0.013148479,0.017243182,0.020857468,10srqx8v.png,0,validation
0.00035038515,0.010074834,0.00072879065,0.00063810375,0.0012462579,0.0020578448,0.0035078302,0.0054676845,0.008365098,0.010905378,0.014557045,0.019148322,0.022523649,12cplbj2.png,0,validation
0.0003176005,0.009788832,0.0007099811,0.0005833764,0.001166056,0.0019162545,0.0032248267,0.004907126,0.0073991087,0.009458099,0.012432053,0.016199071,0.01932244,12ifmjjs.png,0,validation
0.00030162488,0.009522087,0.0006607753,0.0005562079,0.0011096467,0.0018322109,0.0030561802,0.0045822584,0.0067991945,0.008684664,0.011092403,0.013970725,0.016205825,12itx93p.png,0,validation
0.00033939013,0.009621701,0.00081871834,0.0007230739,0.0012456288,0.0020807495,0.0034970825,0.0053231423,0.008042026,0.0103828255,0.013728618,0.018111814,0.022261819,13jt29t2.png,0,validation
0.00090035313,0.013363677,0.0017009432,0.0014840906,0.0025986186,0.004338898,0.007953603,0.013735703,0.02341432,0.033408653,0.050551146,0.07625014,0.09339154,147mq9w1.png,0,validation
0.0003860647,0.0103024375,0.0007930251,0.0007091603,0.0013419528,0.0021754808,0.0036617832,0.0056079775,0.008445187,0.0110795405,0.014966721,0.020015243,0.023781354,14irz2u8.png,0,validation
0.00032101266,0.009579432,0.0007228197,0.0006608831,0.0011330273,0.0018872223,0.003254657,0.0051635825,0.008007195,0.010522001,0.014233187,0.019450324,0.02425452,16d3cv0l.png,0,validation
0.0006892148,0.010542944,0.0023554668,0.0016740905,0.002178737,0.0038542117,0.0075203343,0.012471209,0.02128812,0.030883707,0.047384772,0.0733391,0.10285587,16ehxl33.png,0,validation
0.00028837513,0.009171162,0.00071675767,0.00058568694,0.0010516231,0.0017704788,0.0030331637,0.004706326,0.0072900644,0.009543081,0.012713131,0.016819362,0.020548256,173c7q25.png,0,validation
0.00036900656,0.010226504,0.0007413074,0.0006332019,0.0012714682,0.002110975,0.0037102425,0.0060710637,0.009959465,0.013698599,0.019461209,0.027851295,0.034458272,178dlj1c.png,0,validation
0.0003006618,0.00951168,0.00067178416,0.000539878,0.0011122077,0.0018477965,0.0031279991,0.0048175305,0.0074878507,0.010134557,0.014275545,0.020537112,0.026906708,17f0hom1.png,0,validation
0.00033193946,0.0098048765,0.0006839475,0.00059694104,0.0011803646,0.0019744087,0.0034394674,0.005484138,0.008380253,0.011034174,0.01530274,0.021570588,0.026495887,17u8mka0.png,0,validation
0.00030486716,0.009344983,0.00071860297,0.0006348924,0.0011081131,0.0018697578,0.0032959094,0.005255189,0.008264427,0.011087742,0.0151923,0.021338554,0.028109567,17yw1bsd.png,0,validation
0.00035087706,0.010009051,0.0007127063,0.0005940707,0.0012504945,0.0020916257,0.0036632596,0.006030861,0.010011179,0.014076177,0.021064436,0.032483287,0.042124152,18az9oki.png,0,validation
0.00036450216,0.010231955,0.00073976716,0.0006134708,0.0013064772,0.0021909105,0.0038120006,0.0059981607,0.009401363,0.012487747,0.017081391,0.023723293,0.029371137,195m07uw.png,0,validation
0.00035409327,0.010284945,0.00073922996,0.0006337286,0.0012452771,0.002044416,0.0034286028,0.0051989686,0.0077969385,0.00996935,0.013056854,0.017163927,0.020348847,1a0yj0vb.png,0,validation
0.00046153658,0.010642917,0.0011609488,0.0008360552,0.0015846742,0.0026640748,0.0047485353,0.007842333,0.013268432,0.01911569,0.029077182,0.045865696,0.06378782,1a5672ts.png,0,validation
0.00031284298,0.009376737,0.0008158534,0.0006327279,0.0011431907,0.0019210383,0.003329268,0.005261954,0.008080505,0.01070448,0.014814913,0.020239769,0.024518766,1aj05fg2.png,0,validation
0.00030345801,0.009287619,0.0006926664,0.00063472596,0.0011041431,0.001846168,0.0031483548,0.0049226712,0.0074313153,0.00972109,0.013218769,0.018605322,0.024078136,1arr5tgi.png,0,validation
0.00028998853,0.009313924,0.0006945767,0.00058360357,0.0010477311,0.0017344134,0.0029399893,0.0044955052,0.006780386,0.0088351695,0.011775027,0.015976239,0.020302549,1auf0tj5.png,0,validation
0.00033065595,0.009752678,0.0007619312,0.0006406674,0.0012100976,0.0020438314,0.0035828277,0.0056911744,0.008919451,0.011790298,0.016060106,0.022581218,0.02898148,1b7b1r65.png,0,validation
0.00031536803,0.009330693,0.00071771187,0.0006761665,0.0011603658,0.0019534423,0.00338486,0.005343287,0.008246547,0.010910444,0.014823618,0.02003476,0.025438998,1c2g0rf1.png,0,validation
0.00029407642,0.009009952,0.00068581244,0.0006136018,0.0010853296,0.0018213908,0.003158524,0.004998917,0.0077890083,0.010244913,0.013979212,0.019081505,0.023650777,1c38memz.png,0,validation
0.00034286038,0.009975085,0.00078110653,0.0006419516,0.0012205888,0.0020009878,0.0033365986,0.005115477,0.0077496995,0.010146557,0.013816904,0.018601583,0.022066323,1cq59o1i.png,0,validation
0.00030087747,0.009457551,0.00063661666,0.00055508665,0.0010536389,0.0017267301,0.002932844,0.0045818374,0.007098565,0.009334287,0.012511423,0.016469669,0.019113395,1d6fiz79.png,0,validation
0.00030651406,0.009184469,0.0007954962,0.00063976453,0.0011650897,0.0019669314,0.003344007,0.0050346395,0.0073034083,0.009281356,0.012216661,0.016144346,0.019674035,1dg972hs.png,0,validation
0.00029598427,0.00848106,0.00067094236,0.0005909199,0.0010409981,0.0017207729,0.0029695984,0.0047610695,0.0077476096,0.010922371,0.01603518,0.023302538,0.03072404,1dgtg6zo.png,0,validation
0.00048667402,0.010824813,0.0013191188,0.0008713684,0.0016689423,0.0027965358,0.004925195,0.0081764525,0.013965959,0.019987613,0.030438982,0.048129275,0.06703575,1dirsc64.png,0,validation
0.0004335057,0.010548295,0.0011776449,0.0008318966,0.0015039076,0.0024139655,0.0040297364,0.0062448825,0.009734926,0.012972182,0.017887466,0.024453219,0.030212719,1dqmqt46.png,0,validation
0.00027536054,0.00906345,0.00062513014,0.0005387946,0.0010025349,0.0016645986,0.002825511,0.00432384,0.0064711412,0.008341115,0.01112098,0.014781442,0.0178133,1epxu7b6.png,0,validation
0.00031444366,0.009245206,0.0007226993,0.0006819202,0.0011567844,0.001968149,0.0034980378,0.0056487704,0.008772674,0.011564484,0.016253123,0.023197055,0.030940609,1ff9vbkf.png,0,validation
0.00038594368,0.010319218,0.0007038856,0.0006526692,0.0013546814,0.0022510956,0.0039486988,0.0063840314,0.010073392,0.013448581,0.018561136,0.025943901,0.030765798,1frx9zxo.png,0,validation
0.00029386717,0.009203172,0.0007245549,0.00059463043,0.0010884122,0.0018409624,0.0031540846,0.004840252,0.0074089584,0.009640959,0.012850293,0.01718654,0.020783143,1fx6vb6p.png,0,validation
0.00033145622,0.00960454,0.0007793546,0.00070627267,0.0011951166,0.002015254,0.0035201043,0.005588804,0.0085603325,0.011268059,0.015692804,0.022641592,0.030149354,1gbihiuq.png,0,validation
0.00026872495,0.008849116,0.00062984973,0.0005448212,0.0009851704,0.001657203,0.0028690426,0.0044989344,0.006668387,0.008545986,0.011110782,0.0141532365,0.016660986,1ghlu8m8.png,0,validation
0.0002915777,0.009089571,0.0006833703,0.00061132497,0.0010869479,0.0018231594,0.0031147262,0.004842768,0.007416659,0.009804058,0.013466734,0.018565774,0.022934614,1gtyqh05.png,0,validation
0.00032343908,0.009484193,0.00083398406,0.0006705396,0.0011868974,0.001988524,0.003436107,0.0052576526,0.007887356,0.010408623,0.013858622,0.018376399,0.021586413,1h1e1tnb.png,0,validation
0.00036753065,0.010118369,0.0007197453,0.0006384443,0.0012843191,0.002112475,0.0036342037,0.005783597,0.009306922,0.0126624135,0.01813152,0.026720261,0.034446146,1i5kbqpv.png,0,validation
0.00033415016,0.009448174,0.00085971283,0.0006984942,0.0012112217,0.0020503288,0.0036600744,0.0060830545,0.00963893,0.012965379,0.01841866,0.0262502,0.034260347,1im3l0te.png,0,validation
0.0005394476,0.010773472,0.0020653566,0.0011237394,0.0019012799,0.0029974,0.0050439485,0.00804221,0.0129479645,0.017802324,0.025761383,0.036775216,0.04627972,1ixbctp4.png,0,validation
0.0006297727,0.011835756,0.0017703606,0.0013629467,0.002262386,0.003721463,0.006345675,0.010137827,0.01625628,0.022319192,0.03278439,0.05090841,0.069221474,1j67kjfc.png,0,validation
0.0003179773,0.00955483,0.00067259435,0.0005533192,0.0011395148,0.001903433,0.0033056969,0.0052630864,0.008181652,0.010775418,0.014700163,0.02023571,0.025174642,1jquwjfy.png,0,validation
0.00030607855,0.00929151,0.0006683833,0.0006316286,0.0011020425,0.0018394567,0.0031798289,0.0049639344,0.0074946806,0.009739063,0.013201017,0.018470468,0.024095131,1kjs08rw.png,0,validation
0.00029960144,0.009219923,0.00075104384,0.00061974133,0.0011075955,0.0018538748,0.0031713226,0.004890111,0.0074756346,0.009703349,0.012656963,0.01635641,0.019645752,1kwqjl8e.png,0,validation
0.00053796516,0.01111052,0.0017319694,0.0010499803,0.0018353641,0.0028731765,0.0047714054,0.0074285995,0.011761234,0.0161494,0.023306321,0.033072837,0.04089343,1m045v7w.png,0,validation
0.0003397936,0.009805255,0.00092819607,0.0007048124,0.0012362165,0.002093563,0.003669264,0.0058664824,0.009389811,0.012632764,0.017523546,0.024803823,0.032008022,1m7qo6nm.png,0,validation
0.00036741313,0.010048997,0.00070010783,0.0006281193,0.0012723496,0.0020968544,0.0036011643,0.0056612156,0.008728076,0.011457942,0.01588049,0.022070741,0.026789874,1mkr3qe9.png,0,validation
0.0005327479,0.010567747,0.0021158683,0.001099131,0.0017984362,0.0028380328,0.0048369532,0.0077778213,0.012437656,0.016914332,0.024236074,0.034731954,0.04310573,1ndcs1uy.png,0,validation
0.0005686016,0.01047635,0.0012559587,0.0012261012,0.0017836901,0.0030322848,0.0055596773,0.009442004,0.015780773,0.021844832,0.031388227,0.046142183,0.0569616,1o2y1eju.png,0,validation
0.0003920323,0.010578182,0.0008644331,0.0007430801,0.0012981745,0.002132839,0.0036582754,0.00570942,0.008659867,0.011437713,0.01566225,0.021336477,0.02645741,1ph3kkzw.png,0,validation
0.00094277615,0.013390931,0.0017705185,0.0016619969,0.002662063,0.0044045714,0.007947522,0.013681763,0.023428567,0.033507872,0.050889924,0.077917345,0.09651979,1pms8yrq.png,0,validation
0.0009930038,0.0134593835,0.0019955055,0.0016898479,0.0027858904,0.0046270434,0.008429072,0.014639393,0.025094753,0.035987455,0.055181857,0.08496766,0.1047685,1pz2qrut.png,0,validation
0.00030127738,0.009322499,0.00068870134,0.00060917967,0.0010876692,0.0018165397,0.0031209697,0.004845505,0.007202794,0.009191847,0.012062102,0.015644008,0.018432355,1rdolpgu.png,0,validation
0.00036206548,0.0101135215,0.0007478206,0.00060559605,0.0012519413,0.0020443974,0.0035107685,0.005505657,0.0085246945,0.011208887,0.015021873,0.019936284,0.023070171,1ryrsjby.png,0,validation
0.0003080055,0.009174786,0.00069912185,0.00066957617,0.0011387353,0.001903652,0.00325201,0.004977568,0.0072229505,0.009249527,0.012250599,0.016601657,0.020827774,1trv62sb.png,0,validation
0.0003197362,0.009619436,0.00071644277,0.00057868223,0.001153981,0.0019171091,0.0033413495,0.005316224,0.00817211,0.010771822,0.014489611,0.019511687,0.02252633,1u6nmp9k.png,0,validation
0.00035680187,0.010150265,0.00082662655,0.0006459518,0.0012569651,0.0020549847,0.0034300936,0.005208593,0.007808012,0.010175683,0.013676389,0.018125296,0.021025991,1ut65ix4.png,0,validation
0.00034272813,0.009817572,0.0007430639,0.00060741673,0.0012659049,0.0021438894,0.003780576,0.0061272806,0.00972088,0.012831622,0.017815722,0.025278173,0.031992227,1uy9kftq.png,0,validation
0.00027568857,0.008943822,0.00066234474,0.00057655945,0.001024108,0.0017332593,0.003009522,0.004746521,0.0073340503,0.009469096,0.012448741,0.016527522,0.02016117,1v2w9y49.png,0,validation
0.0003981635,0.010462032,0.0007786735,0.00071459427,0.0013824746,0.0023029682,0.0039419187,0.0061988477,0.009764208,0.013297651,0.01858866,0.02574094,0.031379748,1v7k3d5o.png,0,validation
0.00030629648,0.009664907,0.00074877666,0.0005939515,0.0011064943,0.0018124512,0.00304929,0.0046591507,0.0070394613,0.00911162,0.011853326,0.015188242,0.017976481,1v95t8xw.png,0,validation
0.00064538076,0.01216782,0.0015037701,0.0013625195,0.0022742653,0.0037510607,0.006463001,0.010411735,0.016718088,0.022927545,0.033449985,0.05027092,0.06698415,1vrkf4ht.png,0,validation
0.0002935721,0.009448421,0.00066338084,0.0005768274,0.0010667036,0.0017557987,0.0029040338,0.004378883,0.0064220196,0.008149921,0.010552226,0.013452136,0.015919864,1w0xwxvt.png,0,validation
0.00029180653,0.0089691505,0.00077771227,0.00062404055,0.0010942697,0.0018457329,0.0031797024,0.005010941,0.008064564,0.011116298,0.015827328,0.023207145,0.031068968,1w2ognqr.png,0,validation
0.00038487234,0.010305552,0.0006834868,0.00061416946,0.0013444488,0.0022322377,0.0037921867,0.0058930446,0.009221406,0.012364919,0.017388124,0.024615886,0.029418739,1w9u3k5t.png,0,validation
0.0003443758,0.010109662,0.000684568,0.0006094442,0.0012372,0.0020455006,0.0035393955,0.005648076,0.009096482,0.012196343,0.016653283,0.023139559,0.028718853,1ymsaw1w.png,0,validation
0.0003282091,0.009387419,0.00080078107,0.00069601816,0.0012115153,0.0020575512,0.0035901563,0.005675322,0.0088183265,0.011736228,0.01612781,0.022745203,0.02948725,1yqmblms.png,0,validation
0.00028449117,0.009168341,0.00070738397,0.0005655003,0.0010367666,0.0017461276,0.003022184,0.0046610553,0.006949825,0.008974013,0.01191003,0.015602116,0.018660748,201xcerb.png,0,validation
0.0003367775,0.009878722,0.0007334334,0.0005995358,0.0012171719,0.002010196,0.0033908682,0.0052121086,0.008057316,0.010635464,0.014334646,0.0190021,0.022356326,21m8cc8t.png,0,validation
0.00031809392,0.009599142,0.00079147733,0.00065202155,0.001187278,0.0020010292,0.003448089,0.0053013675,0.008088187,0.010514863,0.014132471,0.019163601,0.024326125,21y39hdj.png,0,validation
0.00027336314,0.008844066,0.0005870915,0.0005517865,0.0010027513,0.0016696943,0.0028463437,0.004363439,0.006374441,0.008109828,0.01065319,0.014058567,0.01736872,22xmq664.png,0,validation
0.00039122993,0.010404904,0.0007282195,0.00066249416,0.0013456655,0.0021770867,0.003626106,0.005533788,0.0084122475,0.011050226,0.015244922,0.020939523,0.025012322,22z0sd0z.png,0,validation
0.00045954107,0.010547584,0.0012154464,0.0008137783,0.0015803146,0.0026550544,0.004740121,0.00791667,0.013647129,0.019846348,0.030746572,0.04937576,0.069447786,23gz29jl.png,0,validation
0.00031673006,0.009408048,0.00071040326,0.0005972328,0.0011398444,0.0018934204,0.0032732787,0.0051801065,0.0080500925,0.010598801,0.014568183,0.020218128,0.02416,253of0gl.png,0,validation
0.00030893,0.00926656,0.0007338307,0.0006305049,0.0011445507,0.0019292119,0.003333981,0.0052337646,0.00797837,0.010403902,0.014290132,0.019656187,0.024043335,25a409tn.png,0,validation
0.00028035173,0.009309729,0.0006470204,0.00054134114,0.0010214803,0.0016850005,0.0028182052,0.004269875,0.006304842,0.0080119185,0.010255848,0.0131829195,0.015637262,261tcrqx.png,0,validation
0.00035052316,0.009945642,0.00065787474,0.00057705597,0.0012126754,0.0020088477,0.0034554587,0.005426783,0.008433236,0.011223384,0.015799984,0.022075823,0.026264144,27nsexhx.png,0,validation
0.00028750143,0.009104762,0.00064216205,0.0005732764,0.0010397172,0.0017517566,0.0030722697,0.004889012,0.007706546,0.010517999,0.015291756,0.02306066,0.030295819,28msabbk.png,0,validation
0.00029189626,0.009162116,0.00069132674,0.00056965876,0.0010996968,0.0018346587,0.0031095725,0.004648269,0.006873671,0.009001073,0.011922582,0.015413309,0.01823697,29g7jpyj.png,0,validation
0.00038499405,0.010322776,0.0007398067,0.0006210149,0.0013548665,0.0022330438,0.0037774502,0.005785916,0.008860117,0.011772628,0.016403884,0.023088276,0.028665438,29hjkhf0.png,0,validation
0.00029651518,0.009183951,0.0006695151,0.00059854524,0.0011068886,0.0018513268,0.003133019,0.0047700466,0.0069866697,0.008879267,0.0115208905,0.014663954,0.016935078,29tei54k.png,0,validation
0.00029317394,0.009041038,0.000707742,0.00061190926,0.001075389,0.001807389,0.003119226,0.004874792,0.0073017837,0.009453399,0.012564578,0.016222704,0.018833349,2a2g7lee.png,0,validation
0.0003138724,0.00950373,0.0007734686,0.00064601423,0.0011239717,0.0018698679,0.0032191088,0.005106937,0.007921643,0.0102603845,0.013826394,0.01879637,0.023843212,2bbwwg2l.png,0,validation
0.00030001736,0.009601991,0.0006329643,0.00057513244,0.001093091,0.0018251695,0.003113061,0.0048118657,0.007204073,0.009248728,0.012226508,0.016172318,0.019637829,2c6x3wn8.png,0,validation
0.0003006463,0.009329838,0.0007217655,0.0006081092,0.0011085118,0.0018562113,0.0031425562,0.0048519913,0.0074696806,0.009801009,0.013240878,0.018008372,0.023004424,2dfxfswj.png,0,validation
0.00036328367,0.010099988,0.0007821978,0.0006332851,0.0013185589,0.0021853754,0.0037581543,0.0059097167,0.009208783,0.012113021,0.016105898,0.02119749,0.024760656,2e1jx398.png,0,validation
0.00030393637,0.009542281,0.0007485273,0.0006076358,0.0010790841,0.0017987627,0.0031077182,0.004870135,0.0073550725,0.009556049,0.01294535,0.017608508,0.02159722,2e8cx2zl.png,0,validation
0.00026616466,0.008963069,0.0006349264,0.0005454289,0.0009606179,0.0016004171,0.002756096,0.0043159374,0.0063962988,0.008181026,0.010957831,0.0146642905,0.017694192,2gt30gch.png,0,validation
0.00035147875,0.010033151,0.0007309934,0.00058485375,0.0012611588,0.002096953,0.003606098,0.0057058623,0.009048664,0.012237671,0.016971897,0.023833327,0.030309573,2gxrl6fv.png,0,validation
0.00033425583,0.009884046,0.00071214547,0.00059292425,0.0012193678,0.0020246485,0.0034478977,0.005336123,0.008130249,0.010671932,0.01469428,0.020604018,0.026105784,2ih2zgl1.png,0,validation
0.00029108167,0.009190522,0.00064174697,0.0005752737,0.0010475754,0.001769013,0.0031293898,0.005110175,0.008079698,0.010808377,0.015045882,0.020909201,0.0264842,2imm5vaq.png,0,validation
0.00029500094,0.009440819,0.0007093291,0.0005751918,0.0010710228,0.001785023,0.003042808,0.00463023,0.00682626,0.00874683,0.011492971,0.01477621,0.017014328,2kktbk5p.png,0,validation
0.0003077663,0.009300225,0.00075018266,0.0006570751,0.0011178605,0.0018893029,0.0033203613,0.0053611533,0.008166454,0.010726222,0.014632022,0.019967303,0.025307085,2l089emt.png,0,validation
0.00046038564,0.010440492,0.0013704288,0.00090478273,0.0016250258,0.0025892514,0.00435697,0.006869849,0.010901341,0.014914646,0.021146454,0.030065948,0.037477132,2l9br7go.png,0,validation
0.00035416882,0.010068764,0.00073070946,0.0006214424,0.0012371681,0.002035806,0.0034966194,0.0055752876,0.008841176,0.011916237,0.016510813,0.02321786,0.029128717,2m26l9fg.png,0,validation
0.001051548,0.013532833,0.0022412338,0.0018947488,0.0029321187,0.0048648417,0.008799574,0.0150707625,0.02585706,0.03698665,0.056235857,0.08631584,0.106450304,2m3presc.png,0,validation
0.0003163433,0.009593484,0.0007780256,0.0005892836,0.0011784357,0.0019895134,0.0034287763,0.005304208,0.008146433,0.01063399,0.014388375,0.019746574,0.024669174,2mngtmf4.png,0,validation
0.00031904044,0.009631217,0.0007155968,0.0005749609,0.0011803848,0.0019664988,0.003350481,0.0051590553,0.0077779703,0.009851248,0.012551629,0.01591052,0.01815072,2mr1lolz.png,0,validation
0.00027761306,0.009201348,0.0006541022,0.00053468515,0.0010369727,0.0017254358,0.002902122,0.0043527465,0.0063351425,0.007931056,0.010143917,0.012779869,0.015156037,2msgqgv8.png,0,validation
0.00030780627,0.009182133,0.00072147744,0.0006358677,0.0011234572,0.001906946,0.003379853,0.0054486822,0.008298736,0.010841269,0.014834194,0.020689076,0.026246257,2nf1fk29.png,0,validation
0.0008169608,0.012865176,0.0016046865,0.0014472442,0.002408624,0.0040338505,0.007347991,0.012594154,0.021149756,0.029717064,0.044099044,0.06612259,0.080793664,2o54wzeo.png,0,validation
0.0002855532,0.008879244,0.00066355924,0.0006107939,0.001059992,0.0017651696,0.0029742154,0.0045283325,0.0066191056,0.008483284,0.0112256445,0.014862569,0.018525489,2ovaal7y.png,0,validation
0.00037409572,0.010214877,0.00074076134,0.00059237983,0.001341044,0.002230045,0.0037728455,0.005814719,0.008900186,0.011848007,0.01643181,0.022344783,0.025667042,2pqqxsja.png,0,validation
0.00040463154,0.0109139,0.00094838935,0.0007735425,0.0013986008,0.002353988,0.004189307,0.0068378784,0.010653205,0.014175076,0.019958049,0.028727436,0.03736924,2qc6dr08.png,0,validation
0.0003359851,0.009744223,0.00070503494,0.00059081195,0.0012188444,0.002053612,0.0035915123,0.005739074,0.008997928,0.01197608,0.016598752,0.023283474,0.028821826,2qnilehd.png,0,validation
0.0003224297,0.009561219,0.000743855,0.0006648498,0.0011811155,0.00200924,0.0035423231,0.0056809983,0.008944772,0.011997087,0.017087257,0.024350755,0.031996198,2rntjlmz.png,0,validation
0.0003129772,0.009658456,0.0007233186,0.0005711841,0.0011407216,0.0018955582,0.003203856,0.0049326397,0.007487842,0.009531373,0.012008307,0.01510397,0.017614583,2rtqtmgk.png,0,validation
0.0002946631,0.009340588,0.00063098146,0.00057952484,0.0010729994,0.0018007107,0.0031159818,0.0047978763,0.007010535,0.00897394,0.011864373,0.015717493,0.019262986,2rup7fah.png,0,validation
0.00043563105,0.01056498,0.00077905087,0.00069443346,0.0014896111,0.0025030961,0.004495322,0.007473236,0.012307208,0.017277306,0.026175255,0.039903283,0.050227083,2s0wkobp.png,0,validation
0.00097433064,0.013685312,0.0018724529,0.0016800972,0.0027556336,0.0045767506,0.008430729,0.014845227,0.02598871,0.037615657,0.05818635,0.09049398,0.11161229,2sou5qit.png,0,validation
0.00033073634,0.009405376,0.0007826319,0.00072902004,0.0012283095,0.0020441553,0.0034408073,0.005239786,0.007702847,0.009795744,0.012564002,0.015807314,0.01861471,2spqb957.png,0,validation
0.00033058893,0.009471019,0.0008170964,0.00071251526,0.0012236014,0.0020721904,0.003543319,0.0054990766,0.008160578,0.010653138,0.0144128,0.019497713,0.024054883,2sxs9lbt.png,0,validation
0.00041626603,0.010620515,0.00077528425,0.00072490284,0.001441618,0.002317023,0.0038867383,0.0059652845,0.008996646,0.011807789,0.01605088,0.021878386,0.026270188,2t5fnoa5.png,0,validation
0.00056445476,0.010750069,0.0023081258,0.0011903006,0.0019749093,0.003116895,0.0052798647,0.008478511,0.013819242,0.019292977,0.028461242,0.041574094,0.053321637,2t6297se.png,0,validation
0.00086538866,0.013377803,0.0015571438,0.0015011114,0.0025272206,0.0042255963,0.0076941177,0.01310741,0.02192315,0.031172208,0.047417168,0.072946124,0.090866305,2uoxojgq.png,0,validation
0.00032425718,0.009557215,0.00075411715,0.00065729156,0.0011882867,0.001989781,0.0034002964,0.0052030166,0.0077317883,0.010030375,0.013454964,0.018134665,0.022714514,2uqu4jvj.png,0,validation
0.0003761556,0.010093203,0.0007166956,0.00066036143,0.0013377351,0.0021945827,0.003700939,0.0056166793,0.008478947,0.01108234,0.015072138,0.020088553,0.023199435,2utcnowe.png,0,validation
0.00034061514,0.009915642,0.00070929585,0.0005903259,0.0012452275,0.0021029422,0.0037281213,0.0061159357,0.010240458,0.014150702,0.020811705,0.031377696,0.04029145,2vde8w7j.png,0,validation
0.00029937804,0.009367007,0.00074032287,0.0005914125,0.0011083852,0.0018533339,0.0031443224,0.004812175,0.007126037,0.009126778,0.012079107,0.015614353,0.018797852,2vhak2x9.png,0,validation
0.0003212804,0.009679894,0.000755647,0.0005960203,0.0011862486,0.00196761,0.0033299893,0.0050918595,0.0076332046,0.009808778,0.012747469,0.01648967,0.018966641,2vqe53hc.png,0,validation
0.00030329177,0.009324454,0.0007363188,0.00062015676,0.001129133,0.001892337,0.0032276453,0.0049427883,0.007395778,0.009636258,0.012860224,0.016862646,0.019890517,2vv6rbg9.png,0,validation
0.00030377036,0.009175779,0.0007462769,0.0006191512,0.001132887,0.0019052101,0.0032788804,0.005171137,0.007966557,0.010528728,0.01455217,0.019080995,0.02237497,2wzzxqhk.png,0,validation
0.00033355632,0.0092603965,0.00094313204,0.00072226184,0.001217167,0.0020923757,0.0038299954,0.0065651415,0.010714502,0.01472331,0.021346215,0.03141499,0.042474218,2xk2e4r6.png,0,validation
0.00030160314,0.009232156,0.0007295344,0.00059954694,0.0011069019,0.0018494946,0.003169789,0.004928112,0.007416128,0.009629071,0.012606036,0.016523335,0.019210512,2xw1288k.png,0,validation
0.00047558453,0.011170001,0.0007813064,0.000766081,0.0016403443,0.0026960687,0.0045866435,0.007301245,0.011714847,0.015857197,0.02193974,0.029998904,0.035723597,2yjbsjgy.png,0,validation
0.00039409896,0.010421333,0.0008470482,0.0006779307,0.0014210648,0.0023787029,0.004095276,0.0064552804,0.010101382,0.013535981,0.01875663,0.025867129,0.03094641,2yoc7rr7.png,0,validation
0.00037328008,0.010086353,0.0007164137,0.00065041875,0.0012886993,0.0021234467,0.0036926991,0.0058804215,0.009315188,0.012745883,0.018442519,0.027132146,0.034545526,2yzdzirl.png,0,validation
0.0005207211,0.01072945,0.001533634,0.0011524676,0.0016333525,0.0027241076,0.004863465,0.007943183,0.012874685,0.017862123,0.025817486,0.037463423,0.04842507,2zp03km8.png,0,validation
0.0004929437,0.01050103,0.0013138866,0.0010924457,0.0015527479,0.0025555724,0.0044653215,0.007286897,0.011860585,0.016286453,0.022723416,0.03231455,0.041495953,302qd2ew.png,0,validation
0.00024026705,0.008011254,0.00080853066,0.00056106335,0.0008585067,0.001415944,0.002402919,0.00371662,0.0057619223,0.0077692955,0.010925727,0.015177177,0.019071436,31fi0n6d.png,0,validation
0.00033883506,0.009868816,0.00073007506,0.000614687,0.0012317281,0.0020685045,0.0036264588,0.0058779903,0.009418682,0.012572879,0.017722433,0.025083546,0.030547239,326eezfw.png,0,validation
0.00032519794,0.009551844,0.00078835344,0.0006927256,0.0011902361,0.002017761,0.0035360446,0.0055322233,0.008254521,0.010830261,0.015060154,0.021370413,0.026753223,32vzofv1.png,0,validation
0.00030080436,0.009364616,0.00073450065,0.00056545297,0.0010814336,0.0017788395,0.0030370362,0.0047039697,0.007151253,0.0093333,0.012444758,0.016971145,0.021135902,3371z5qs.png,0,validation
0.0003284752,0.009385486,0.00078775466,0.00072002626,0.0011949675,0.0020024027,0.003475548,0.0056052026,0.008665259,0.011403773,0.015687663,0.021431526,0.027418045,34h2znit.png,0,validation
0.00031642025,0.00963311,0.0007257887,0.00058400567,0.0011531308,0.0019123695,0.0032273654,0.0049259863,0.007472153,0.009741551,0.013170669,0.018214067,0.023143006,34ng5ojl.png,0,validation
0.00028392093,0.009210678,0.0006269679,0.0005320232,0.0010452311,0.0017228775,0.0028940868,0.00435146,0.006357555,0.0079368595,0.010109673,0.013053017,0.015205916,3531qoll.png,0,validation
0.00034736964,0.009980601,0.00069663563,0.00062107056,0.0012500125,0.0020812957,0.0035150375,0.0053413403,0.008098765,0.01074269,0.014886349,0.02060955,0.025080288,357ny16o.png,0,validation
0.00028572223,0.009196547,0.00070028566,0.0005663419,0.0010512726,0.001741611,0.0029101677,0.004408723,0.0065035657,0.0083252145,0.01089316,0.014094152,0.01654742,3663xro8.png,0,validation
0.00032402467,0.009470763,0.00084985566,0.0007011027,0.0011977839,0.0019762472,0.0033534642,0.005151938,0.007640761,0.009807984,0.013003005,0.017235916,0.021046638,36b5co5j.png,0,validation
0.00029661146,0.009230546,0.0007015189,0.00062036625,0.0010876311,0.0018121101,0.003063672,0.004720532,0.0070950007,0.009196251,0.012195047,0.015978932,0.019148508,36l79nyp.png,0,validation
0.00031792166,0.009348733,0.0007565131,0.00067760417,0.0011469744,0.001929285,0.0033458022,0.0052761626,0.008208738,0.010925196,0.015213462,0.021871468,0.028406207,36wdpcsu.png,0,validation
0.00032206246,0.009177353,0.0007773656,0.00068210723,0.0011737668,0.0019973943,0.003565102,0.0058805025,0.009692782,0.013386229,0.019715589,0.029693563,0.040533163,373tbo5z.png,0,validation
0.0002997289,0.009151855,0.00084690785,0.0006410289,0.0010766783,0.001793027,0.0030573974,0.004709156,0.007038824,0.0090325195,0.011877184,0.015833577,0.019261317,374b433w.png,0,validation
0.00030698438,0.0093246875,0.00074859854,0.00064622355,0.0011189244,0.0018665966,0.0032089772,0.0049982937,0.0074343397,0.009586909,0.01288696,0.017368745,0.02152573,375m5iu2.png,0,validation
0.0003459229,0.009514762,0.00093686284,0.00075504795,0.0012469168,0.002133805,0.003827754,0.006309783,0.009932893,0.013450949,0.019266507,0.028077273,0.037090845,385a9gu7.png,0,validation
0.000347392,0.009712697,0.0008347906,0.00076192175,0.0011915832,0.0019566691,0.0033414282,0.0051986254,0.007977978,0.010576418,0.014535468,0.020099284,0.025319591,399gnv0k.png,0,validation
0.0003802426,0.010512543,0.0007376221,0.0006849345,0.0013185289,0.0021589983,0.003649079,0.0056535774,0.008757632,0.011501533,0.015660325,0.021722082,0.027230168,39d7yfik.png,0,validation
0.0003231456,0.009766051,0.0007103899,0.0005852364,0.0011813228,0.0019584014,0.0033597792,0.0052998676,0.00808568,0.01054776,0.0140036,0.018860564,0.023164898,39rluc01.png,0,validation
0.00035331497,0.010029943,0.00072199997,0.0005888219,0.0012403169,0.00205665,0.0035321587,0.0055362694,0.008563006,0.011168325,0.014788005,0.01919515,0.02220791,39vwdl8i.png,0,validation
0.0002914544,0.0093092555,0.0006710204,0.0005926636,0.0010617151,0.0017737424,0.0029820788,0.0044539315,0.006386101,0.007936057,0.010014401,0.012570746,0.014520792,3afedcse.png,0,validation
0.0003100535,0.009582064,0.00066117855,0.0006260162,0.0011516198,0.0019449788,0.00337383,0.0052440823,0.007858187,0.0099468175,0.013063964,0.017388178,0.021880297,3bsy3onx.png,0,validation
0.0002928486,0.009241628,0.000684575,0.0005453311,0.0010267957,0.0016986155,0.0029234877,0.0045651277,0.0068342327,0.00875521,0.011448666,0.014684516,0.017085051,3c9xqym5.png,0,validation
0.00049479614,0.010485958,0.0014203382,0.0010977009,0.0015605296,0.0025565648,0.004450133,0.007207492,0.011673205,0.016185034,0.02341198,0.034682043,0.045182325,3cqui9mj.png,0,validation
0.00033024518,0.0099294,0.0006816101,0.00058099994,0.001212592,0.0020301184,0.0034733526,0.005405469,0.008342842,0.011138406,0.015843479,0.023127034,0.030213937,3d06vbm6.png,0,validation
0.00028036957,0.009084721,0.0006931649,0.00055137073,0.0010365918,0.0017360722,0.002946714,0.0045205564,0.0068306355,0.008986004,0.012077643,0.015651982,0.01865222,3dgok3uy.png,0,validation
0.00029308433,0.008983821,0.000704602,0.0006277311,0.0010908057,0.0018559026,0.0032198548,0.005009218,0.007562714,0.009911834,0.013448703,0.01813616,0.022694154,3dhtg1d9.png,0,validation
0.0003174933,0.009308252,0.00070345926,0.0006738705,0.0011523304,0.001962581,0.0035170342,0.005716356,0.008904834,0.01194861,0.016803337,0.023200694,0.029260162,3dxvbcvc.png,0,validation
0.0003425471,0.010061737,0.00078196864,0.00066440104,0.0012194344,0.0020544787,0.003580228,0.0056238086,0.008649049,0.011473789,0.015816752,0.022402227,0.02918007,3e54n6o9.png,0,validation
0.0003883578,0.010624642,0.0008518778,0.0007329983,0.0013302977,0.0022160658,0.0038746723,0.006223468,0.009777863,0.013141833,0.018352436,0.025639532,0.03228915,3egdbya3.png,0,validation
0.00033662806,0.009742809,0.00081385835,0.0007005818,0.0011933029,0.001998608,0.0034849264,0.0055987635,0.009187911,0.012497678,0.01768279,0.025596902,0.033980053,3ernyqh5.png,0,validation
0.00033378878,0.009740381,0.00075613847,0.00060223957,0.0012149307,0.0020342967,0.003519727,0.0055518304,0.008695176,0.011527082,0.015823113,0.021550125,0.02602391,3et55m37.png,0,validation
0.0003654471,0.010171259,0.0007760678,0.000629188,0.0012953836,0.0021726575,0.003777259,0.005955622,0.008985497,0.011747892,0.015855676,0.021512737,0.026069129,3evx2or6.png,0,validation
0.00028877042,0.00910913,0.00070909754,0.000576268,0.0010800181,0.0018187416,0.0031632576,0.005003495,0.00756904,0.009946077,0.013572979,0.0187276,0.023695681,3gr87p04.png,0,validation
0.00027731352,0.009047091,0.0006387194,0.0005558676,0.0010171955,0.0016895125,0.0028745083,0.0043945205,0.006407875,0.008061869,0.010373139,0.013117141,0.015270781,3h7t6udo.png,0,validation
0.0002831068,0.008853049,0.0006516134,0.00058528973,0.0010378791,0.0017469542,0.0030024645,0.0046845474,0.0070711933,0.009200781,0.012258876,0.01635155,0.01976776,3hesh3pf.png,0,validation
0.0003005199,0.009411519,0.0006880971,0.0006090282,0.0010966412,0.0018460513,0.0032111227,0.005064619,0.0075464924,0.009708947,0.012877548,0.01693892,0.02053081,3hwpz6k0.png,0,validation
0.00036693315,0.010030991,0.0007840679,0.00064152014,0.0012884451,0.0021388363,0.0036862167,0.0057480773,0.008815492,0.0117820045,0.016482186,0.023620985,0.029740255,3jv7u98x.png,0,validation
0.0003085353,0.009481809,0.00067493523,0.0005605973,0.0011047765,0.0018312888,0.0031513837,0.0049844594,0.0075446274,0.009727012,0.012807075,0.01703078,0.02043622,3k62uawc.png,0,validation
0.00038218935,0.010320398,0.00072844414,0.00061431684,0.00134209,0.0022337476,0.0039130733,0.006382643,0.010492188,0.014574862,0.021593908,0.03292279,0.043314815,3kc98d6q.png,0,validation
0.00038164723,0.010373273,0.00078176416,0.00071307673,0.0013772416,0.0022792073,0.0039131106,0.006228148,0.009756632,0.012938573,0.017720217,0.024069669,0.029320689,3kmfrg9o.png,0,validation
0.00033249828,0.009796308,0.00079488056,0.0006527623,0.0012066241,0.0020215563,0.0035273037,0.005637563,0.0086122705,0.011090372,0.01472963,0.01961047,0.024109589,3m6a1k42.png,0,validation
0.00028851538,0.009132049,0.0006250954,0.0005951834,0.0010702926,0.0018091755,0.003159058,0.004994773,0.0075874696,0.009939157,0.0135675,0.018740045,0.023570003,3m9iqbq9.png,0,validation
0.00028709616,0.009288971,0.00067144656,0.0005640423,0.0010739288,0.0018039369,0.003096604,0.0047700643,0.0070986,0.009124166,0.01213096,0.016256122,0.020283395,3mpv9wxn.png,0,validation
0.0005310821,0.010946463,0.001751881,0.0010569362,0.0018134915,0.0028421443,0.004731445,0.0074163405,0.011796057,0.016216772,0.023529714,0.033315104,0.040842753,3p8zpfr2.png,0,validation
0.0003236072,0.009802429,0.00071927457,0.0006034307,0.001180562,0.0019434936,0.0032418633,0.004849326,0.007012436,0.008923442,0.011600086,0.01503455,0.017964337,3ppczo35.png,0,validation
0.00036306737,0.010176153,0.0007220969,0.00059324346,0.0012709788,0.0020712744,0.0034355258,0.005222177,0.007921125,0.010483246,0.014409622,0.019739492,0.02399802,3qoi5g6x.png,0,validation
0.00041693286,0.010502467,0.000937733,0.0007692973,0.0014335829,0.002288469,0.0037780276,0.005798662,0.008868516,0.011661822,0.015717484,0.02062804,0.024069639,3qw522hr.png,0,validation
0.0004020988,0.010390114,0.00081852986,0.00066243793,0.0013648244,0.002275334,0.0040453444,0.0066043716,0.010685497,0.014442123,0.020320578,0.02858656,0.03428796,3qwbmner.png,0,validation
0.00031825295,0.009641023,0.00073673384,0.00057560345,0.0011710812,0.0019444101,0.0032760454,0.0050598234,0.007815941,0.010381784,0.014817217,0.021591607,0.027238747,3r5jm7yp.png,0,validation
0.00036130234,0.010042451,0.000712472,0.00060018286,0.0012970465,0.0021676857,0.0038058613,0.0061704493,0.01012062,0.014011108,0.020615516,0.029906007,0.037976407,3rfnksls.png,0,validation
0.00032448102,0.009619671,0.0007959242,0.0006558844,0.0011596226,0.001951711,0.0034218587,0.0054685213,0.008483972,0.0113559365,0.015898028,0.0218929,0.026253218,3rp3ha5x.png,0,validation
0.0002802715,0.009352972,0.00066420087,0.00053868635,0.0010147264,0.0016621721,0.0027609298,0.004163149,0.006028578,0.007595166,0.009707927,0.012096816,0.013955072,3rsvz2e1.png,0,validation
0.00033397248,0.009797657,0.00070643536,0.0005792856,0.0011929595,0.0019686632,0.003354718,0.0053052553,0.0085,0.011428936,0.015913263,0.022407323,0.028237956,3rx5lfzf.png,0,validation
0.0003721294,0.010066932,0.00072381686,0.00062705576,0.0013144908,0.0021872518,0.0038031149,0.0059436713,0.009168934,0.012056702,0.016697545,0.022991495,0.02736972,3suy3jhw.png,0,validation
0.00029089948,0.009277025,0.00074173225,0.00060164277,0.0010470803,0.0017530416,0.0030170965,0.004646555,0.0071233357,0.009330389,0.012645703,0.017622245,0.022634909,3t9lp2e2.png,0,validation
0.00035693333,0.00998126,0.0006911466,0.00061568076,0.0012433004,0.0020368192,0.0034621418,0.005414153,0.008545423,0.011557097,0.01649573,0.02396842,0.03083667,3ueei69g.png,0,validation
0.000343536,0.010034898,0.0007383881,0.0006155942,0.001262591,0.0020899198,0.0035467723,0.005467355,0.008485739,0.011424132,0.016162736,0.023415191,0.030942166,3v31hw3d.png,0,validation
0.0009008194,0.013818569,0.0025754247,0.0017968174,0.0026507196,0.0044695428,0.008287393,0.014042286,0.02473021,0.035927717,0.054273702,0.07903838,0.102924936,3vu0bi7n.png,0,validation
0.00027254838,0.008924322,0.0007157145,0.0005548264,0.0009916406,0.0016546485,0.002822867,0.0043173824,0.006405621,0.008248462,0.010710336,0.013869244,0.016308563,3wgtypdi.png,0,validation
0.00034211882,0.009961731,0.0007038878,0.00057702133,0.0012400893,0.0020741986,0.003591592,0.005655797,0.008763197,0.011503563,0.015789824,0.021499773,0.025679108,3wi0dwcg.png,0,validation
0.00035541187,0.01037526,0.00070964,0.0006378424,0.0012434484,0.0020220857,0.0034095028,0.0053131375,0.008163866,0.010585025,0.01386083,0.01807948,0.021373414,3wmbbqmt.png,0,validation
0.00027678392,0.009000856,0.00060552463,0.00055922486,0.0010022304,0.0016666196,0.0028687385,0.0044264565,0.0065874215,0.008485572,0.011289027,0.015290679,0.019218495,3wy61fiv.png,0,validation
0.0010109687,0.013704918,0.0023499737,0.0017570793,0.002834482,0.004697451,0.008505043,0.014522328,0.024607101,0.035085168,0.05291018,0.0796404,0.09811386,3wytt52h.png,0,validation
0.00031357195,0.009281265,0.0007373631,0.00065656955,0.0011396275,0.0019161025,0.0033910482,0.005553156,0.008625615,0.011494621,0.01613537,0.023332763,0.030319655,3xme3y90.png,0,validation
0.00028139513,0.00908769,0.0006655133,0.0005657005,0.0010495794,0.0017647217,0.0030498586,0.004729069,0.0070305243,0.009033438,0.011890302,0.015479918,0.018751126,3xr9d129.png,0,validation
0.0003522849,0.009907248,0.0006880935,0.0006257301,0.0012092565,0.001989152,0.003426247,0.005384489,0.008280037,0.010924702,0.014989156,0.02044148,0.024345854,3zfwqmdb.png,0,validation
0.0004971052,0.010560802,0.0014013449,0.0010928367,0.0015924952,0.0026288047,0.0046739043,0.007641124,0.012478625,0.017407846,0.024700997,0.035000023,0.044984836,40jag5ai.png,0,validation
0.0010514396,0.013825913,0.0022079528,0.0018324656,0.0028913547,0.004740226,0.008442506,0.0141491,0.024025247,0.03442429,0.052485786,0.08054877,0.09983652,40vcd97l.png,0,validation
0.00026851098,0.008988104,0.00059066736,0.0005219046,0.0009818848,0.0016307582,0.0027692802,0.0042403163,0.0062177014,0.007813382,0.00993277,0.012859421,0.015661726,419fg4ub.png,0,validation
0.0009953857,0.01355968,0.002095325,0.00169524,0.0027976728,0.0046285484,0.008350409,0.014323572,0.02424269,0.03449163,0.051640984,0.07631328,0.091532886,44e2pb9u.png,0,validation
0.00035825203,0.010004663,0.00069334486,0.00063114247,0.0012651836,0.0020513681,0.0034400413,0.0052737473,0.0081104245,0.010745994,0.014809457,0.020088732,0.023777599,44u236i2.png,0,validation
0.00030174502,0.009165791,0.0006677699,0.0006304375,0.0010986461,0.0018412309,0.0031356472,0.0048823343,0.00732698,0.009494201,0.012913574,0.017629497,0.022132216,450xpoi7.png,0,validation
0.0003259343,0.009556552,0.0008036969,0.000679333,0.0011762136,0.0019781718,0.00347022,0.0055411914,0.008790061,0.011950473,0.01719115,0.024574164,0.031128678,458ax40d.png,0,validation
0.00032179538,0.009719111,0.0006633692,0.0005510834,0.0011366159,0.0018717943,0.0032186757,0.0051281955,0.00804295,0.010485743,0.013968971,0.018642,0.022400346,45ez6250.png,0,validation
0.0003176225,0.009723401,0.00067615096,0.0005620531,0.0011323205,0.0018822985,0.0032080477,0.005000517,0.0075729033,0.00986919,0.013124875,0.017253537,0.019934213,45w0pwue.png,0,validation
0.00032632684,0.009905485,0.00074610166,0.00059866573,0.0011540657,0.0018965921,0.0032224243,0.0050225197,0.007811948,0.010332259,0.013921761,0.01871928,0.022642538,462tyjh4.png,0,validation
0.00039698894,0.010436574,0.0007322462,0.00062100956,0.0013941246,0.002297032,0.0039333217,0.0062225615,0.00997581,0.01366537,0.019951267,0.029832693,0.039954,46j3cewf.png,0,validation
0.0002895586,0.008989532,0.0006726331,0.0006225619,0.0010669042,0.0018030748,0.0031014283,0.0047335895,0.0068879523,0.008766011,0.011609808,0.015862377,0.020121058,46nz3ha6.png,0,validation
0.00029122428,0.009222791,0.00070784485,0.00059459807,0.0010624211,0.0017877584,0.0031906602,0.0052091093,0.008299259,0.01115677,0.01582147,0.022737304,0.028716477,48cw0bgi.png,0,validation
0.00027091528,0.009115234,0.0006495478,0.0005223926,0.000993607,0.0016525642,0.0028078002,0.004281709,0.0062649157,0.007883509,0.010188122,0.013014054,0.015237211,48nysj5y.png,0,validation
0.00031206236,0.009634945,0.00071113306,0.0006070433,0.0011380503,0.0019069068,0.003275211,0.0051702694,0.007872449,0.010250164,0.01392289,0.018935924,0.023063764,48y1o4iz.png,0,validation
0.00033548882,0.009277083,0.0009689798,0.0007441002,0.001229237,0.0020966101,0.0037330268,0.0060352623,0.009396345,0.012673239,0.0179455,0.02576319,0.034457,497ocrvs.png,0,validation
0.00029239303,0.009248068,0.0006796576,0.00060106727,0.0010781873,0.001792684,0.0030190572,0.0045469226,0.006683699,0.008530782,0.011191159,0.0149187865,0.018690426,49ik3tdw.png,0,validation
0.00038100313,0.01018616,0.00067079463,0.00059249275,0.0013584661,0.002247673,0.0038523986,0.006038272,0.009513142,0.012898955,0.018386977,0.02653516,0.032364618,4ax2uhej.png,0,validation
0.00034787573,0.010005301,0.0007072558,0.000604522,0.0011962125,0.0019543958,0.0033192183,0.0051787226,0.00808412,0.010841439,0.015291322,0.021766461,0.027126621,4b49rpnf.png,0,validation
0.00030784667,0.009507761,0.00079685595,0.0006190034,0.0011260104,0.001877437,0.0031763997,0.0048258137,0.007121974,0.009105982,0.011944339,0.015287768,0.018252729,4b7klzts.png,0,validation
0.00030161624,0.009213288,0.0007085075,0.0006084328,0.0010940237,0.0018278114,0.0031379666,0.0048608882,0.0074261217,0.009806774,0.013339339,0.017867709,0.021800375,4c2y4j58.png,0,validation
0.0002986017,0.009018019,0.0007013138,0.0006320036,0.0010923108,0.0018295405,0.0031383606,0.0048556724,0.007152331,0.009131457,0.012012325,0.015698943,0.019090239,4cj3ssxt.png,0,validation
0.00034022724,0.0098737655,0.0008204284,0.0006499621,0.001235668,0.002044806,0.0034218302,0.0051661637,0.0076787733,0.009965413,0.013425915,0.017942362,0.02090089,4cn60dof.png,0,validation
0.00035681954,0.010078413,0.0006977282,0.0006266467,0.0013058286,0.0021897517,0.0038025954,0.006033881,0.00962022,0.013030189,0.018565089,0.026673207,0.03380905,4cp5gt0b.png,0,validation
0.0005394671,0.010722913,0.0020713115,0.0011112177,0.0018866572,0.0029743686,0.0049878433,0.007859889,0.012526708,0.01715673,0.024700038,0.03511994,0.04407899,4czovfv7.png,0,validation
0.0003347494,0.009384667,0.0009228901,0.0007011167,0.0012009697,0.002050501,0.0036804758,0.0060403314,0.00950098,0.012802017,0.017944783,0.024288902,0.03043203,4dxs16xq.png,0,validation
0.00031737858,0.009499465,0.00078715634,0.000634267,0.0011385897,0.0019243412,0.0033894083,0.0054501523,0.008563862,0.01147822,0.015822085,0.02215034,0.027374469,4eg19lxw.png,0,validation
0.00036491512,0.010534651,0.000727078,0.0006386075,0.0013028012,0.0021522425,0.0036796716,0.005694599,0.008701096,0.011144958,0.014576568,0.019132113,0.022839746,4f1omdt7.png,0,validation
0.00027882092,0.00895341,0.0006740069,0.0005831377,0.0010204449,0.0017079519,0.0029219955,0.004525377,0.006844664,0.00897321,0.012248545,0.016577633,0.020024784,4f2zdfpp.png,0,validation
0.0003475292,0.009780878,0.0008302919,0.00073424005,0.0012491831,0.0020997925,0.003694637,0.0060587944,0.009787209,0.013352715,0.019208105,0.02913934,0.03920656,4f3unfc4.png,0,validation
0.00036810464,0.010157412,0.0007390792,0.000611276,0.0012958327,0.0021417222,0.0036325993,0.0055842125,0.008674697,0.011688224,0.016741684,0.024089871,0.0294134,4f6406kn.png,0,validation
0.00029408862,0.009418118,0.0007046999,0.0005716504,0.0010807556,0.001795264,0.0030334892,0.004638613,0.0069391914,0.008957308,0.011872568,0.015296137,0.017882446,4giu5dsj.png,0,validation
0.00038268688,0.010222511,0.0007743104,0.00068536814,0.0013744573,0.0022708254,0.0038592848,0.005967643,0.009100183,0.011907859,0.015891502,0.020271452,0.023120077,4ihrligd.png,0,validation
0.0010168969,0.013743224,0.002279984,0.0016986299,0.002843968,0.0046825153,0.008450396,0.014450569,0.024566324,0.03495465,0.052613486,0.0786268,0.0960565,4imhj0qz.png,0,validation
0.00036796456,0.010257419,0.0008166154,0.00065268157,0.001270313,0.0021102973,0.0036438718,0.0057121636,0.008775096,0.011610137,0.01583511,0.02123536,0.025728576,4ivsolml.png,0,validation
0.00028345367,0.009141361,0.0006312617,0.0005555898,0.0010378633,0.0017320145,0.002974105,0.0045930096,0.006766248,0.008703661,0.011691207,0.01578968,0.019160027,4ix0hy9k.png,0,validation
0.00029809476,0.00918012,0.00074103236,0.00061180216,0.001105473,0.001840405,0.0030874065,0.0046081077,0.0066289864,0.008469694,0.011301598,0.014662177,0.017347675,4k40srod.png,0,validation
0.00031105173,0.009473137,0.00072761497,0.0006490595,0.0011199301,0.0018962002,0.0033913397,0.0055145524,0.008728804,0.01164342,0.016556483,0.024491545,0.033574376,4k5ogz2u.png,0,validation
0.0010924685,0.013739393,0.002397229,0.0019566393,0.0030084555,0.0049756453,0.009020788,0.015404891,0.026153607,0.037183933,0.05624399,0.08571649,0.10440981,4kxscaef.png,0,validation
0.0003244199,0.009728905,0.0007305039,0.0005886113,0.001201718,0.0020183702,0.0034290846,0.005217767,0.007887261,0.010279787,0.0138363745,0.019201005,0.024184396,4l0xyt9r.png,0,validation
0.00030449516,0.009183255,0.0007337779,0.0006436378,0.0011083066,0.001857294,0.0032337517,0.0050867624,0.0075507406,0.009863437,0.013385049,0.018544743,0.023651063,4l3nydvo.png,0,validation
0.000979545,0.013434929,0.0020530152,0.0016813264,0.0027309926,0.004510203,0.008218626,0.014303712,0.024674542,0.03535336,0.05381532,0.08241142,0.101696394,4l9abq5k.png,0,validation
0.00028943567,0.009188565,0.0006897155,0.0005572207,0.0010721836,0.0018094312,0.0030756292,0.0045964224,0.006665288,0.008445787,0.010850782,0.013806484,0.015953746,4lgotzp1.png,0,validation
0.00032518318,0.009688042,0.0006884794,0.0005896395,0.0011477116,0.001886156,0.0031938266,0.0049516764,0.007545789,0.009875292,0.013351073,0.01781886,0.021181569,4lr53htx.png,0,validation
0.0002934711,0.009358389,0.000673202,0.0005858703,0.0010467353,0.0017591406,0.0030389968,0.0047636833,0.007256461,0.009574931,0.013356106,0.019388802,0.025085965,4m23f0rb.png,0,validation
0.00028737742,0.009148491,0.0006953728,0.00058331067,0.0010915819,0.0018357354,0.0031072123,0.0047482704,0.006903219,0.0087989895,0.011470265,0.014802003,0.017830601,4m8nmkwc.png,0,validation
0.0005689506,0.010859379,0.0023533802,0.0012058577,0.001974842,0.0030948538,0.00521425,0.008341015,0.01355744,0.018857995,0.02764847,0.03964841,0.05082782,4mbbdxot.png,0,validation
0.00029625907,0.009163532,0.00070547714,0.00061103934,0.0010889096,0.001815292,0.0030365011,0.0045675137,0.006678354,0.0084525375,0.010936442,0.013970542,0.01645253,4mtma07m.png,0,validation
0.0003917486,0.0103504835,0.00068182114,0.0006279278,0.0013878577,0.0022791533,0.0038687293,0.006006765,0.0091976235,0.012070498,0.01652936,0.022404984,0.025859732,4nf15jdo.png,0,validation
0.00033281502,0.009794614,0.0007798653,0.0007024457,0.0012051463,0.0020289202,0.003585557,0.005842422,0.009166315,0.012199479,0.016790612,0.023992917,0.031293802,4nkswgn3.png,0,validation
0.0004215978,0.010388561,0.00084763695,0.0007528931,0.0014391409,0.0023057943,0.0038925754,0.006115067,0.009585882,0.012889257,0.01797899,0.024871059,0.029819312,4nr93jp5.png,0,validation
0.00033169548,0.009459335,0.00076556404,0.00072865613,0.0011975697,0.002017974,0.003501767,0.0053944173,0.008072675,0.010506217,0.0139614735,0.018264597,0.021407682,4opnnw28.png,0,validation
0.0008555623,0.013176024,0.0014418296,0.0013599927,0.0024783378,0.0041396352,0.007563937,0.012984816,0.021918356,0.031065267,0.046333574,0.069684796,0.08550112,4p3ij2kt.png,0,validation
0.00029815338,0.009129776,0.0007317751,0.00061401055,0.0011051743,0.0018730338,0.003262575,0.005162452,0.008068585,0.010647894,0.014269057,0.019493178,0.024114573,4phq2sag.png,0,validation
0.00029526307,0.009363113,0.0006686673,0.000591713,0.0010947974,0.001831823,0.0031077322,0.004714376,0.0068908073,0.008727021,0.011440169,0.015172352,0.018893706,4qd102kk.png,0,validation
0.00034650453,0.009907947,0.00071572047,0.0006414673,0.001199613,0.001978095,0.0034227548,0.0054063546,0.008448015,0.011256828,0.015390445,0.021066517,0.025144992,4rb4asfr.png,0,validation
0.0003762988,0.010323985,0.0007533235,0.00062843686,0.0013210244,0.0021707993,0.0036321832,0.005487299,0.0082150325,0.01064713,0.014306052,0.018860517,0.021805929,4rj2ckni.png,0,validation
0.0006240066,0.010431243,0.0022573494,0.0014737727,0.0020592723,0.0036460045,0.007084486,0.012174908,0.021597382,0.032131676,0.050602183,0.079223186,0.112591885,4s37kch9.png,0,validation
0.00032990484,0.009428538,0.0008719362,0.00073031225,0.0012121521,0.0020239968,0.003437501,0.005257538,0.007852435,0.010144639,0.013558408,0.018390661,0.022481188,4sbc85ws.png,0,validation
0.00027178755,0.009059525,0.0006033127,0.0005359769,0.000980149,0.0016532805,0.0029258206,0.0046238555,0.0068615656,0.008842806,0.011888345,0.015862983,0.019284176,4sk2mlfd.png,0,validation
0.0003024685,0.009273648,0.000767397,0.0006344979,0.0011205281,0.0018348639,0.003048875,0.004601845,0.0066800285,0.0084574055,0.011014768,0.013986873,0.016348558,4sln974y.png,0,validation
0.00054046133,0.010592793,0.0022343358,0.0011825262,0.0018804236,0.0029398743,0.0049192845,0.00780146,0.012584114,0.01738674,0.025175652,0.035817947,0.045786615,4tjmjiq3.png,0,validation
0.00034390687,0.0100030275,0.00066084764,0.00060664816,0.0012665441,0.0021188527,0.003669201,0.005736462,0.008844339,0.011642272,0.015984338,0.02177591,0.02737177,4tmttqmf.png,0,validation
0.00038495686,0.010236964,0.00078056933,0.0006735917,0.0013782571,0.002262324,0.0038589395,0.005966468,0.009097707,0.012024119,0.016516594,0.022047032,0.025309648,4tvwa317.png,0,validation
0.00037838295,0.010220034,0.0007722552,0.0006282535,0.0013394087,0.0022192427,0.0038225444,0.005989565,0.009285975,0.012205204,0.016623067,0.022297345,0.026343772,4u88yy5a.png,0,validation
0.0003117511,0.009441152,0.00078286557,0.000628872,0.001134028,0.0019089219,0.0032923364,0.005100172,0.0076913643,0.010200773,0.014221946,0.019626334,0.024662666,4ujugrxp.png,0,validation
0.00028493584,0.009119293,0.0006698631,0.000578188,0.0010461195,0.0017616806,0.003025057,0.004664409,0.0069229463,0.008875921,0.011790102,0.015764998,0.018969955,4w713qnv.png,0,validation
0.00028685384,0.009102386,0.00066589,0.00058882806,0.0010270206,0.0016936783,0.0028069138,0.0041628005,0.005964626,0.007576195,0.009734089,0.012114998,0.013850264,4wfugeg1.png,0,validation
0.00028852824,0.009133469,0.00064971915,0.0006052941,0.0010566838,0.0017633107,0.0030023085,0.0046309317,0.0068812254,0.008830601,0.011571381,0.01524037,0.01891701,4wnsmw5g.png,0,validation
0.00036669313,0.010322785,0.00079016277,0.0006888537,0.0012756456,0.0020917254,0.003558736,0.005617821,0.008913901,0.0119883595,0.016831204,0.024021419,0.031067904,4wyc8vwb.png,0,validation
0.00030949595,0.009602617,0.00066073675,0.0006067091,0.0011296656,0.0018954368,0.0032352153,0.0050031045,0.00764842,0.010119701,0.013928926,0.019384487,0.024703104,4xekz83y.png,0,validation
0.0004404037,0.010381767,0.0012200744,0.00082499365,0.0015649882,0.0025130773,0.004250268,0.0067319823,0.01074673,0.014725614,0.0211963,0.02988163,0.036816746,4xg8i41r.png,0,validation
0.00036381805,0.010421996,0.00079396024,0.0007069753,0.0012633589,0.0020559265,0.0034342494,0.0052592456,0.007973604,0.01040392,0.013891032,0.018732201,0.02237316,4xv2svi3.png,0,validation
0.00033471794,0.00993556,0.0007729074,0.0006163439,0.0012259937,0.002044831,0.0034714702,0.005302527,0.007989058,0.010194752,0.013275597,0.016981727,0.019769743,4ye4p0yd.png,0,validation
0.00029353384,0.009176745,0.0006642588,0.00061829994,0.001085648,0.0018206516,0.003114037,0.00476849,0.006940835,0.008855007,0.011736401,0.0158144,0.0196054,4yl1w9jp.png,0,validation
0.00032826298,0.009904218,0.0007823218,0.00062992953,0.0011972698,0.001998873,0.0034322208,0.005356694,0.008356062,0.011019342,0.01474754,0.019468635,0.023222992,4ymljyaw.png,0,validation
0.00033346872,0.0097901365,0.00071211654,0.00059858843,0.0012155757,0.002032407,0.0034837201,0.0053600003,0.008141835,0.010679298,0.014656682,0.020665325,0.026066914,4z80uvg7.png,0,validation
0.00030391253,0.009520997,0.0007345245,0.00058222027,0.0011006802,0.0018194536,0.003085076,0.004762169,0.007188857,0.009386402,0.012512077,0.016478887,0.01970252,4zh6atjr.png,0,validation
0.00029487847,0.009363644,0.00074346754,0.00058424124,0.0010854184,0.0018019663,0.0030152479,0.004488158,0.0066026663,0.008501817,0.011176947,0.014511716,0.017118428,4zuz0pjq.png,0,validation
0.0005089013,0.009749671,0.0018749804,0.0011677908,0.0018084233,0.0032988484,0.006688823,0.0113338865,0.019409182,0.027735341,0.042049006,0.0634359,0.08608645,50k3tw43.png,0,validation
0.00032230743,0.009559019,0.0007744095,0.00065156276,0.0011983068,0.002032766,0.0035320856,0.0056403666,0.00865063,0.011341553,0.015438661,0.020781664,0.025372442,51g7v2vd.png,0,validation
0.0002959791,0.009039823,0.000728735,0.00062310573,0.0010886254,0.0018447951,0.0031898818,0.0049693095,0.00726801,0.009159868,0.011834858,0.015327213,0.018728985,53dyjxm8.png,0,validation
0.0003115963,0.009553023,0.0006780958,0.0006051501,0.0011569794,0.0019454936,0.0033672617,0.005280925,0.007935614,0.010334592,0.014017656,0.018969247,0.023072429,5407k5w1.png,0,validation
0.0003892268,0.010549635,0.0007962525,0.0007185065,0.001302106,0.0021651378,0.0037803361,0.006060973,0.0093994755,0.012515161,0.017261256,0.023728874,0.029504482,547t3k9o.png,0,validation
0.0002809343,0.009008267,0.0006319528,0.0005822286,0.0010127657,0.0017057422,0.0029977404,0.004826882,0.007513783,0.009963429,0.013921387,0.020109735,0.025608817,5482q78e.png,0,validation
0.00028133515,0.009073995,0.00069702696,0.0005976393,0.0010321963,0.0017277879,0.0029787791,0.004608287,0.0068096644,0.0085889,0.010905976,0.01368555,0.016187636,54gylbi1.png,0,validation
0.00031668672,0.009453504,0.00074886886,0.00066387426,0.0011462795,0.0019034537,0.0032527968,0.00500808,0.0075636744,0.010016451,0.014086095,0.020306878,0.027051194,54h7dxhx.png,0,validation
0.00040804883,0.010644118,0.0008567414,0.00076419045,0.0013610905,0.0022377744,0.0038387722,0.0060472805,0.009278806,0.012403817,0.017128745,0.023715587,0.030097065,54kaxkhi.png,0,validation
0.00043438553,0.010501096,0.0010075311,0.0007845222,0.0015113192,0.0024256215,0.004095548,0.006389536,0.009886391,0.013188923,0.018389326,0.025381435,0.030164992,54qygkc1.png,0,validation
0.00031192464,0.009386245,0.0006905992,0.00063778186,0.0011144005,0.0018503203,0.0031699464,0.0049187304,0.007314198,0.009299626,0.01214503,0.015891653,0.019143855,55j2o7s3.png,0,validation
0.00030366026,0.009343726,0.00082127925,0.0006087144,0.0011112369,0.0018469889,0.0031440477,0.0048647574,0.007357716,0.009489727,0.0123909395,0.015929323,0.018961398,563vrbj8.png,0,validation
0.00036478924,0.010099237,0.0007111829,0.00062605855,0.0012690489,0.0020872091,0.0035549458,0.0056018573,0.0087098535,0.0115333265,0.015902739,0.021939673,0.025901904,58b79rcb.png,0,validation
0.0008640666,0.013371669,0.001449867,0.001401519,0.002492953,0.0041413363,0.0074227015,0.012514852,0.020896088,0.029587492,0.044493675,0.06751773,0.08306287,58dkvczh.png,0,validation
0.00036301083,0.010164944,0.00073356845,0.0006501597,0.0012452325,0.0020342488,0.0034135715,0.0051887,0.007718317,0.009782067,0.012493537,0.015918216,0.018617341,590j1xzs.png,0,validation
0.00033190372,0.00871497,0.0010597922,0.00081922347,0.001218084,0.0021599198,0.0041058124,0.007117643,0.012635864,0.01867271,0.028214144,0.042753678,0.061090536,595rfljm.png,0,validation
0.0004281927,0.010858637,0.0010813558,0.00082240376,0.0013675073,0.0021943736,0.003690484,0.0057902643,0.009276571,0.012618288,0.017941853,0.026536217,0.035200097,5a8r63gq.png,0,validation
0.000532455,0.010501578,0.0021153218,0.0011255306,0.001855637,0.002927761,0.00493038,0.007878783,0.012726177,0.01763271,0.025426367,0.036252435,0.04548813,5ai4324h.png,0,validation
0.0003699078,0.010238514,0.0007996404,0.0006925767,0.0013063983,0.002134699,0.0035677184,0.005431231,0.008202519,0.010734963,0.014489399,0.019778173,0.02411811,5al5lk2y.png,0,validation
0.00032115425,0.009517376,0.0008076744,0.0006855012,0.0011719945,0.001978668,0.0035280595,0.005850858,0.009169727,0.012071997,0.016531428,0.022712754,0.028917296,5brfj7ko.png,0,validation
0.0003876578,0.010217145,0.0007195769,0.000620197,0.001348007,0.0022188898,0.0038296587,0.00609293,0.009644407,0.012941573,0.018360661,0.026238251,0.03330077,5bz2k1vg.png,0,validation
0.0006395041,0.011697787,0.0017172738,0.0014631826,0.0018238905,0.0030258107,0.0054167635,0.009296627,0.016201131,0.023303619,0.034717612,0.053741883,0.06743695,5c157gth.png,0,validation
0.00032033955,0.009381372,0.00085422373,0.00067141274,0.0011868528,0.0020308604,0.0036528136,0.006109473,0.010334914,0.014420242,0.020559318,0.02967511,0.03979826,5c4z6v3b.png,0,validation
0.00042939073,0.010281063,0.0008367516,0.0007937201,0.0014327837,0.0024166799,0.0043839756,0.0073289294,0.012254159,0.017132297,0.024485191,0.035449285,0.045599252,5c5jaxf8.png,0,validation
0.00030318846,0.0092777,0.0007401768,0.00061648805,0.0011029626,0.0018329821,0.003118214,0.004789912,0.0071731447,0.0092499005,0.01223664,0.016290251,0.020117559,5cj2mtuo.png,0,validation
0.00032154555,0.009675506,0.00075572287,0.00063418195,0.0011651958,0.0019518543,0.0033628962,0.0053242515,0.008265369,0.011072754,0.015539079,0.022046285,0.027887156,5d0p92k3.png,0,validation
0.0003264227,0.009466556,0.00079156936,0.0007078938,0.0011790796,0.0020052756,0.0035635899,0.005849998,0.009200012,0.012224481,0.017136773,0.024082275,0.031879,5e0fnvdh.png,0,validation
0.0003085513,0.009307528,0.00062618585,0.00060802797,0.0011138463,0.0018908512,0.0033784776,0.0054967273,0.008778308,0.011747968,0.016351797,0.0233657,0.030165812,5e47rhow.png,0,validation
0.00034256015,0.010252094,0.0007375471,0.00062722946,0.0012012643,0.0020021,0.0034668136,0.005415691,0.008159569,0.010569427,0.014117378,0.018568847,0.021835761,5eltfebe.png,0,validation
0.000922264,0.013335242,0.0019139987,0.0016626922,0.0026364007,0.0043821135,0.007951969,0.013630496,0.023346534,0.033387613,0.050967135,0.07843341,0.096853614,5ggt8j3a.png,0,validation
0.00032582812,0.009615203,0.00079631404,0.0006287859,0.0011762133,0.0019677023,0.0033601183,0.0052480884,0.008338513,0.011322951,0.015798617,0.022134488,0.028525965,5gkkoos7.png,0,validation
0.0003619674,0.010001514,0.000658043,0.00060820347,0.0012537942,0.00206708,0.0035763332,0.005692791,0.008959311,0.011878231,0.016128307,0.021466393,0.024353005,5h3mk5u6.png,0,validation
0.0003396369,0.01000595,0.00071704405,0.00061818265,0.0012298654,0.002045084,0.0034636522,0.005289527,0.007885819,0.010230454,0.013607083,0.018026598,0.021075347,5hg3l0ur.png,0,validation
0.00031321487,0.009365056,0.0007409006,0.00065224565,0.0011480079,0.00193343,0.003406246,0.0054653757,0.008659516,0.011685799,0.016485604,0.023363626,0.029452208,5hil1b8w.png,0,validation
0.00029273567,0.00915478,0.00073468627,0.0006138803,0.0010822087,0.0018135515,0.0031590115,0.0050255186,0.007685878,0.010134926,0.014024218,0.0197238,0.024661575,5i9eq5qf.png,0,validation
0.00032308255,0.009692218,0.000670001,0.00056253705,0.0011427207,0.0018963042,0.0032782322,0.005180074,0.007931589,0.010446051,0.014200467,0.019250939,0.022681395,5ixmectt.png,0,validation
0.0009656991,0.013533472,0.0018226178,0.001683347,0.002745552,0.004583993,0.00832637,0.014283683,0.024501015,0.035140138,0.053817295,0.08308014,0.103643276,5iy5dxjz.png,0,validation
0.0002902508,0.009193751,0.00074321503,0.00058466103,0.0010344398,0.0017206675,0.002978551,0.004742149,0.007313443,0.009570443,0.012975627,0.017558403,0.022085447,5labeul5.png,0,validation
0.0002637866,0.0087241335,0.000583162,0.00054151844,0.0009834012,0.001651158,0.0028523845,0.0044497987,0.0066244123,0.00865785,0.011868921,0.015972719,0.019607691,5n9c70pa.png,0,validation
0.0003541582,0.010003637,0.0007246544,0.00062161294,0.0012862375,0.002141178,0.0036627892,0.0057175495,0.008805254,0.011624564,0.016209861,0.022733312,0.027212394,5nidd9n3.png,0,validation
0.00028900715,0.009061209,0.0007473465,0.00059058424,0.0010685344,0.001793602,0.0030815592,0.004752663,0.0069330484,0.008791242,0.011598482,0.015373141,0.018644119,5ojfh47c.png,0,validation
0.00034784782,0.010255533,0.00078958576,0.00064292824,0.001230141,0.0020204354,0.0034302096,0.0052916626,0.008039575,0.010538135,0.014166633,0.018995926,0.023006218,5ooae1fv.png,0,validation
0.00034389208,0.010321395,0.00079151586,0.000648783,0.0012055711,0.0019984304,0.0034771243,0.005577807,0.008621836,0.011413186,0.015903978,0.022574078,0.029217247,5ptv2do1.png,0,validation
0.00040140253,0.01049943,0.00077119935,0.00064317364,0.0014122713,0.0023455936,0.0040608277,0.006412347,0.010051908,0.013305952,0.018415341,0.02514646,0.029795611,5qhae27s.png,0,validation
0.00032853868,0.009659706,0.0008206428,0.00069393736,0.0011580106,0.0019549804,0.0035098225,0.0058174087,0.0097359875,0.0135931475,0.019733075,0.029106,0.03808314,5qrys5i8.png,0,validation
0.00032406911,0.0093771,0.00079012144,0.00070572767,0.0012027513,0.0020150421,0.0034673424,0.0054006786,0.008153756,0.010648972,0.014572892,0.019969577,0.024679162,5r5ppjd8.png,0,validation
0.0009660114,0.013460696,0.0019166337,0.0017278995,0.0027081615,0.0044849557,0.008138804,0.014094078,0.02453908,0.035616413,0.055489972,0.087635405,0.11182743,5rcyfhtj.png,0,validation
0.0003353411,0.009778456,0.00068100466,0.0005958529,0.0011630539,0.00190112,0.0032341492,0.005068969,0.0078096776,0.010385342,0.014409956,0.019695187,0.023519635,5rhl6f6c.png,0,validation
0.0009180147,0.013252876,0.0019154286,0.001650941,0.002607235,0.0043406324,0.007943654,0.013977827,0.024712088,0.036084715,0.05618153,0.08762309,0.11014558,5rpe5xe4.png,0,validation
0.00033463564,0.0098247025,0.00078549946,0.0005922997,0.0012120862,0.0020292657,0.0035237172,0.005575028,0.008665081,0.011473462,0.015658159,0.021422133,0.025435444,5sfhtt0r.png,0,validation
0.00033084353,0.0094801895,0.00089707767,0.00072087784,0.0012371498,0.0020899978,0.0035857984,0.0055558146,0.00814529,0.010402912,0.013917285,0.018639946,0.022723807,5swlrjxs.png,0,validation
0.000270789,0.008818313,0.0006498538,0.0005655256,0.0010153055,0.0017226888,0.0029815605,0.004634035,0.0068945205,0.008801588,0.011525209,0.015132484,0.018470727,5t6v8vlq.png,0,validation
0.00046046948,0.010950535,0.00087861466,0.0007824346,0.0015437442,0.0025147526,0.0042526345,0.0066097807,0.010434242,0.014205135,0.02031404,0.029264105,0.036336485,5tq7gjpv.png,0,validation
0.00033738025,0.009736079,0.00080642983,0.0007227725,0.0012339808,0.00206248,0.0035412044,0.005435418,0.007883197,0.009913175,0.012950217,0.017311422,0.021467667,5tx69va9.png,0,validation
0.00038397775,0.010203528,0.00079549995,0.0006780639,0.0013639949,0.002256731,0.003910621,0.0061476845,0.009445329,0.012478881,0.016981378,0.022865029,0.026877658,5vnjupjc.png,0,validation
0.0003886422,0.010316635,0.0007497539,0.0006576474,0.0013779849,0.0022608738,0.0038279798,0.005965788,0.009306079,0.012501346,0.017376283,0.024362318,0.028922984,5wak2win.png,0,validation
0.0003765262,0.01036243,0.00093446096,0.0007347248,0.0013217564,0.0022248868,0.003870653,0.006086286,0.0092541585,0.012165323,0.016598875,0.022171289,0.027344061,5wnwr7gf.png,0,validation
0.00034252464,0.009639426,0.0008605124,0.0007454129,0.0012462614,0.002123527,0.0038230822,0.00619941,0.009693025,0.01308573,0.018460834,0.026872428,0.03615422,5wujf7bu.png,0,validation
0.00064072723,0.011094507,0.0014394817,0.001344827,0.0019491331,0.0033137042,0.006139459,0.010563507,0.018071368,0.025686832,0.038355526,0.057703104,0.07419605,5wxj5s9r.png,0,validation
0.0009917358,0.0135665145,0.0020096325,0.0017229617,0.0027438551,0.004523,0.0081084985,0.013819873,0.023545392,0.033656433,0.05132169,0.079016864,0.09804253,5x5iq8kn.png,0,validation
0.00027757484,0.008971731,0.0007052161,0.000569999,0.0010097501,0.0016558726,0.0027589991,0.004202769,0.0062572267,0.0081419125,0.010953803,0.014846074,0.018142805,5xiifszg.png,0,validation
0.00040401958,0.010626553,0.00081967155,0.00064392766,0.0014255751,0.0023479164,0.003984275,0.006155687,0.009440607,0.012473519,0.017243348,0.023397906,0.026922854,5y3k0s2d.png,0,validation
0.00029813364,0.009050106,0.00063711946,0.0006356985,0.0010950785,0.0018434813,0.0032016723,0.0050354064,0.007689039,0.010245413,0.014159844,0.019793415,0.025716523,5yq8o5m4.png,0,validation
0.00031679153,0.009587685,0.0007372203,0.00062129064,0.0011479917,0.0019257786,0.0033660275,0.005315668,0.008032883,0.010484611,0.014307083,0.019705597,0.024071576,5ysizsxs.png,0,validation
0.00035646668,0.009939308,0.0007027375,0.0006302456,0.0012340017,0.0020379561,0.0035307028,0.0055216216,0.008498981,0.011331024,0.0155425295,0.020741677,0.023808543,5z66e5ci.png,0,validation
0.00031556713,0.009540985,0.0007391395,0.00064481935,0.0011333526,0.0019002913,0.003298838,0.005202074,0.007914572,0.010451784,0.014294537,0.020014348,0.025456792,602v02av.png,0,validation
0.00031137784,0.0096099805,0.0007102011,0.0005944565,0.0011605681,0.0019396356,0.0032747735,0.00494838,0.007233329,0.009153567,0.011758463,0.015335157,0.018175421,60swucsd.png,0,validation
0.00026787727,0.008893547,0.00061573694,0.00054094783,0.0009768665,0.0016166025,0.0027661824,0.004282334,0.006368392,0.0082477005,0.0110732615,0.015037261,0.018740475,615payj3.png,0,validation
0.00030473885,0.009068771,0.0007541183,0.00065512565,0.0011584129,0.0019640329,0.0033308393,0.0050843437,0.0074325847,0.009476205,0.01253527,0.016620202,0.02094291,61dr551b.png,0,validation
0.00028948067,0.009170716,0.0007548965,0.00058677356,0.0010659809,0.00177267,0.002981753,0.0045392523,0.006788243,0.008780768,0.011526657,0.014248009,0.016239488,62pjtjrk.png,0,validation
0.00038089024,0.01028445,0.0007089929,0.00062525953,0.0013328277,0.0021979196,0.0037611518,0.0058681974,0.008987973,0.011733431,0.015909754,0.021332942,0.025058532,62xa9xv9.png,0,validation
0.0003913338,0.010363316,0.0006971341,0.00065676327,0.0013405734,0.0021969124,0.00373891,0.005861552,0.009207054,0.012444681,0.017984586,0.026478434,0.033421744,634q19k9.png,0,validation
0.0002964548,0.00929168,0.0006995503,0.00058916205,0.0010891489,0.0018376391,0.0031401217,0.004795094,0.0069535063,0.008807869,0.011559321,0.014696693,0.017155318,63k7ijng.png,0,validation
0.00036236134,0.010098504,0.00073612033,0.0005981458,0.0012926356,0.002152089,0.0036978235,0.0058387574,0.009133019,0.012437331,0.017823402,0.025967356,0.03163052,63mj3y68.png,0,validation
0.00032870253,0.009732506,0.00070571114,0.0006176293,0.0011478515,0.0018931476,0.0032445693,0.0050923256,0.007827803,0.010189118,0.013424088,0.017525645,0.020052593,642ohhjm.png,0,validation
0.0003351883,0.0095052,0.00093068177,0.0007423088,0.0012042401,0.0020040297,0.003422548,0.00528168,0.007951303,0.01035307,0.013981791,0.019319577,0.023550427,64u84rlv.png,0,validation
0.00030522814,0.009581405,0.00075859117,0.00061310636,0.0010961726,0.0018031597,0.003090217,0.004833661,0.0072798165,0.00942127,0.012648095,0.017130474,0.020782607,6583gqvb.png,0,validation
0.00027528888,0.008860093,0.0006344132,0.00056929345,0.0010175641,0.0017066331,0.0029555978,0.0046074544,0.0069849147,0.009119535,0.012267044,0.016589096,0.0205001,65efuxq9.png,0,validation
0.00034079805,0.009769121,0.000743542,0.000644642,0.0012025405,0.0019819099,0.0033729933,0.0052947598,0.008216894,0.01075253,0.014257948,0.018939838,0.022274762,65qtta2q.png,0,validation
0.00032562806,0.009452797,0.00079162774,0.0006850985,0.0012222707,0.002085313,0.0036758292,0.0058256644,0.008854736,0.011585706,0.015928382,0.02227005,0.028072093,6789uxc3.png,0,validation
0.00052326336,0.01091921,0.0016479369,0.0010165349,0.0018007734,0.0028544562,0.004840701,0.0076536555,0.012074767,0.016197344,0.022623478,0.031141125,0.038866926,67ja322x.png,0,validation
0.00033696255,0.009625319,0.00078627944,0.00072317064,0.0012087288,0.0020313722,0.003585062,0.0058462443,0.009013568,0.011991785,0.016705278,0.023389695,0.03051838,68axu8xy.png,0,validation
0.0002705015,0.008780166,0.0006444252,0.00057121675,0.0009744651,0.0016326938,0.002824496,0.0043861307,0.0064814994,0.008192245,0.010552623,0.013486862,0.015946088,68cfff8t.png,0,validation
0.00031196585,0.009535769,0.0007099888,0.00057931576,0.0011523186,0.001925826,0.0032815656,0.0050699213,0.007737161,0.009911888,0.013020234,0.017436514,0.02141877,68ipoyey.png,0,validation
0.00040844438,0.010529141,0.00081320445,0.0006851706,0.0014532149,0.0024435364,0.0043183733,0.007009763,0.011648977,0.016217377,0.024023294,0.03620421,0.046376884,68umrkf1.png,0,validation
0.0002840153,0.009003707,0.0006150239,0.0005882114,0.0010462573,0.0017532513,0.0030328627,0.004702948,0.00701896,0.009064199,0.012002229,0.015964678,0.019062765,69ugnekr.png,0,validation
0.00029371984,0.009296481,0.0007291603,0.00059986115,0.0010592937,0.0017555907,0.003013105,0.0046811653,0.007064299,0.009157906,0.012029165,0.01562681,0.018497657,6agus9vl.png,0,validation
0.0004047924,0.010393934,0.0007544829,0.0006733349,0.0014330359,0.0023819704,0.0041356017,0.0066842446,0.010754558,0.014431245,0.020613499,0.029830214,0.03685286,6aonotgv.png,0,validation
0.0004053403,0.01032492,0.00081150327,0.00070812186,0.0014139687,0.002291999,0.003916243,0.0061563295,0.0094716195,0.0124259805,0.01685577,0.02271683,0.02700289,6b5tshf9.png,0,validation
0.00030813526,0.009508432,0.0007647467,0.0006163787,0.0011311955,0.0018934874,0.0032772163,0.0052205566,0.008236424,0.010985638,0.014872385,0.020383116,0.02614607,6clf188w.png,0,validation
0.00031321993,0.009305935,0.0008285874,0.00067359273,0.0011715995,0.001977844,0.0034176316,0.0053816563,0.008360468,0.011116541,0.015228102,0.021125855,0.027539765,6cuy5sq3.png,0,validation
0.00090176985,0.013491965,0.0015828701,0.001473284,0.0025651609,0.004264769,0.007692193,0.013154595,0.02238452,0.031689633,0.04739145,0.0710169,0.08549613,6e2i2bea.png,0,validation
0.0010124827,0.013746942,0.0021273673,0.0017917901,0.0028471432,0.004751971,0.008716965,0.0152059365,0.026398167,0.03816958,0.058839045,0.09048729,0.111391604,6e99744b.png,0,validation
0.00028277133,0.009187343,0.0006412115,0.00051239325,0.0010256037,0.0017052685,0.002919601,0.0045891153,0.0069554835,0.009034756,0.011984465,0.015894635,0.018573701,6erkauwb.png,0,validation
0.00029940443,0.009280909,0.00076104264,0.00064003625,0.0010557821,0.0017218208,0.0028980356,0.004447534,0.0066826716,0.008728363,0.011505412,0.015248687,0.018435284,6f67y7kq.png,0,validation
0.00026913948,0.008891511,0.00070317055,0.00054105563,0.0009886613,0.001630777,0.0027065803,0.004044078,0.005904034,0.007486522,0.009779258,0.012819298,0.015241925,6fky61pg.png,0,validation
0.00037732968,0.009708572,0.0010846605,0.0008355185,0.0013667486,0.0023259828,0.0041641705,0.006910783,0.011064891,0.0149670895,0.021456864,0.031660806,0.043081366,6g5rpzwf.png,0,validation
0.00035183431,0.010416406,0.00071639725,0.000637054,0.0012398851,0.002016852,0.0033651001,0.0050914623,0.00762916,0.0097545935,0.012728903,0.016691057,0.019410808,6gv6z4fk.png,0,validation
0.00048774143,0.010504786,0.0016459955,0.0009790936,0.0017126842,0.0027005072,0.004517377,0.0070455605,0.011052416,0.014846202,0.020756671,0.0287723,0.03521651,6gz10vgp.png,0,validation
0.00039366874,0.010850792,0.00080113235,0.00070532714,0.0013533251,0.002192574,0.0036369506,0.005563839,0.008497326,0.011141574,0.014869057,0.019620456,0.023437519,6h1ob4z2.png,0,validation
0.00032935137,0.009717848,0.0006886897,0.0005959763,0.0012123387,0.002046464,0.0035789616,0.0056539034,0.008578104,0.011222494,0.015126112,0.020494936,0.02488379,6ik7ziem.png,0,validation
0.00031150618,0.009314498,0.0008471903,0.00066856504,0.001146119,0.0019176452,0.0032629517,0.0049837427,0.0074188816,0.009589161,0.012795008,0.016890666,0.019757522,6inuwfcb.png,0,validation
0.00040572044,0.010821195,0.00089274865,0.00077495695,0.0013410369,0.00221956,0.0039028253,0.0063012927,0.009845346,0.0131594995,0.018519476,0.025969835,0.033326447,6iyiheut.png,0,validation
0.0003085794,0.009576929,0.000654864,0.0005433942,0.0011302305,0.0018841428,0.003242885,0.0050948584,0.007986559,0.010725647,0.015210317,0.022554029,0.030472433,6jqdzk5a.png,0,validation
0.00028441293,0.009077377,0.0006911606,0.0005657187,0.0010528367,0.0017488782,0.0029418797,0.0044775195,0.0065402878,0.008308976,0.010633611,0.013158667,0.015246526,6jualnha.png,0,validation
0.00028790915,0.008965808,0.000705725,0.0005945121,0.0010716406,0.0018015611,0.003090936,0.0048376084,0.0074571716,0.009894747,0.013302957,0.018293712,0.023251025,6jz0gcq8.png,0,validation
0.00033643178,0.009880636,0.00068823376,0.0005622714,0.0012264014,0.0020708463,0.0036431316,0.0059330137,0.009700616,0.01332703,0.019610303,0.02959031,0.037469853,6ke7grsj.png,0,validation
0.00036676298,0.009766323,0.0011277407,0.0008071226,0.0013250331,0.0022786625,0.0041788295,0.007194462,0.011931297,0.01620733,0.023230731,0.03370061,0.045384165,6kkxkjjm.png,0,validation
0.00061551284,0.010850791,0.0013195705,0.001273102,0.0019519199,0.003332265,0.006123484,0.010628419,0.019371873,0.029411647,0.047921106,0.080553904,0.11405635,6kyym5nx.png,0,validation
0.00031998355,0.009835145,0.0006507567,0.0005592411,0.0011675032,0.0019512125,0.0033709595,0.0051537994,0.0076553263,0.0096856095,0.012633804,0.016416943,0.019302111,6l1xw3zs.png,0,validation
0.00031598005,0.009373067,0.0007086212,0.0006623201,0.0011495273,0.0019559886,0.003468238,0.0057156906,0.009166838,0.012288723,0.01736793,0.025178846,0.033987798,6ljmee1r.png,0,validation
0.0003840689,0.010202367,0.0008041691,0.0006945669,0.0013572493,0.0022070752,0.0036939823,0.005635584,0.008492204,0.011124724,0.014959114,0.019725565,0.022585027,6lmhixf4.png,0,validation
0.00050604,0.010517362,0.0014867357,0.0011340884,0.00160714,0.002667719,0.0047409423,0.0077716615,0.0125196185,0.017218154,0.024442459,0.035103522,0.045562055,6m8irs3l.png,0,validation
0.00034458018,0.009931181,0.0009805006,0.00070001074,0.0012497272,0.0020797406,0.0034680779,0.0051833875,0.0075407675,0.009446135,0.01190127,0.01483587,0.017294204,6mf01m0w.png,0,validation
0.0002960951,0.009313194,0.0007154832,0.00060914067,0.0010779946,0.0018050808,0.0031178975,0.0048287464,0.007195787,0.009297678,0.012364909,0.01663316,0.020477721,6n7aftnf.png,0,validation
0.00039328617,0.0104011865,0.0007216106,0.00061797135,0.0014147378,0.0023529714,0.0040391563,0.006378569,0.010046775,0.013647207,0.019450365,0.02806895,0.035294347,6n9lokd7.png,0,validation
0.00037442488,0.010611813,0.00097051356,0.00071251794,0.0012443396,0.0020283659,0.0034612045,0.005444218,0.008430153,0.011118539,0.014953666,0.0198997,0.023502214,6nbe3m5i.png,0,validation
0.0003105516,0.009389749,0.0007537239,0.00061934476,0.0011394499,0.0019131965,0.003322134,0.005212609,0.0078036077,0.009983914,0.012904166,0.016245397,0.018903537,6nouhfj7.png,0,validation
0.0003654685,0.010036938,0.0007243137,0.0006259654,0.0012396642,0.0020470072,0.0035289577,0.0055997977,0.008826839,0.011917245,0.016796248,0.023928488,0.03014824,6nrwkvoi.png,0,validation
0.00031913517,0.009671267,0.0006893397,0.0006036509,0.001147004,0.0019066308,0.0032493873,0.0050464934,0.007655725,0.00984403,0.012824439,0.016576162,0.019757573,6ool3zy6.png,0,validation
0.0003008597,0.009495213,0.0006568294,0.0005979925,0.0010989184,0.0018259708,0.003092551,0.004699823,0.006861413,0.008801007,0.011748757,0.015524356,0.01892538,6oqnfc3y.png,0,validation
0.0003374431,0.009869408,0.0006373928,0.0005488763,0.0011689258,0.0019259581,0.00329485,0.0051542376,0.0077979667,0.010204268,0.013989073,0.018861292,0.021983761,6penhqqt.png,0,validation
0.00027633886,0.0089888675,0.0006467387,0.00056334055,0.0010051252,0.0016679765,0.0028672107,0.0044985055,0.0067656264,0.008800104,0.011880151,0.016414732,0.020602506,6qf1pafl.png,0,validation
0.0008954352,0.0138765555,0.0016823404,0.0015441676,0.0025487444,0.004238414,0.0077631543,0.013631082,0.024018,0.03512004,0.054477014,0.085070886,0.106625065,6qmjq0h4.png,0,validation
0.00036382594,0.010103059,0.00068981794,0.0006072099,0.0012605408,0.0020814615,0.003553195,0.0055417013,0.008562614,0.01145845,0.015993522,0.021691907,0.025215052,6qvray0z.png,0,validation
0.00032078644,0.009537044,0.0008006582,0.0006695253,0.0011573512,0.0019390584,0.0033863545,0.005453576,0.00852257,0.011442082,0.016081039,0.023198145,0.031129459,6sm5rrvs.png,0,validation
0.00028054856,0.008975033,0.0006890672,0.00059831754,0.0010262325,0.0017157637,0.0029336375,0.0045047537,0.0066285618,0.008284072,0.010570705,0.013666642,0.016323186,6szf4lur.png,0,validation
0.0003191434,0.009858526,0.00077056943,0.00062713755,0.0011176419,0.0018596795,0.0031776058,0.0049418947,0.007516701,0.009671913,0.012827802,0.017459307,0.021538105,6t7cyx97.png,0,validation
0.00088625937,0.013615937,0.0015950904,0.0014931592,0.002571168,0.0042684353,0.0076798224,0.0129655665,0.021828879,0.031014116,0.047187414,0.07327578,0.09161227,6tiqjert.png,0,validation
0.00032830675,0.009736719,0.00067362754,0.00055802264,0.0011662104,0.0019441148,0.0033612284,0.005238411,0.008071455,0.010514339,0.014058784,0.018607114,0.021632385,6tnhue1l.png,0,validation
0.00040237294,0.010778278,0.00087388617,0.00068955775,0.0013933891,0.0022951167,0.0039354246,0.0062230593,0.009877313,0.013257056,0.018763054,0.026955117,0.034403127,6u19tnco.png,0,validation
0.00037151668,0.010144043,0.00076610246,0.0006693767,0.0012742145,0.0020977966,0.0035856557,0.005634584,0.008809809,0.011871769,0.01633463,0.02220462,0.02633259,6u9ir8oi.png,0,validation
0.00028499227,0.009229865,0.0007102374,0.0005758141,0.0010645533,0.0018080726,0.003159527,0.0048826085,0.0072732638,0.00928945,0.012136971,0.016167682,0.019654602,6unfk3uy.png,0,validation
0.00031617368,0.009470896,0.0007601839,0.0006448622,0.0011313146,0.0018740693,0.0031847798,0.0049457047,0.007404853,0.009582341,0.0127970325,0.016955616,0.020833895,6utht784.png,0,validation
0.0007080413,0.010612485,0.0029242209,0.0017483383,0.0022234393,0.0039034341,0.0075629083,0.012589435,0.02125609,0.030457389,0.04618709,0.07048533,0.09795619,6utixxa4.png,0,validation
0.00031723044,0.009541615,0.0007253359,0.00063752214,0.0011544895,0.0019293057,0.0033404368,0.005309024,0.008473856,0.011509714,0.01626551,0.023698658,0.031138232,6uw6hn2s.png,0,validation
0.00030630175,0.009359371,0.00075761887,0.00063051,0.0011305123,0.0019008552,0.003228069,0.004950516,0.007304879,0.009473625,0.0126753375,0.017473657,0.02210639,6uz4kx91.png,0,validation
0.00029755844,0.009114889,0.0006991922,0.0006243275,0.0010829846,0.0018090674,0.0030549534,0.0046807677,0.0069690184,0.008911918,0.011488976,0.014736985,0.017436083,6vkxnmt3.png,0,validation
0.0003408276,0.009513731,0.0008215403,0.0007288265,0.0012432983,0.002089968,0.0036325806,0.0056932047,0.008627842,0.011390999,0.015527889,0.021373415,0.026407924,6vlyc7xs.png,0,validation
0.0003787081,0.010275359,0.00070039654,0.0006325343,0.001360415,0.0022357896,0.0037741144,0.005796142,0.008710875,0.011366384,0.015381496,0.020493679,0.023537379,6w32vaad.png,0,validation
0.00030826256,0.00925407,0.00077340717,0.00065299735,0.001133707,0.0019004698,0.0032679308,0.0050306916,0.0074664727,0.009598508,0.012593456,0.016662616,0.020108424,6x89kntw.png,0,validation
0.00038900037,0.010396802,0.00074242346,0.00067979004,0.0013442105,0.00223559,0.0038926313,0.0062765134,0.010152714,0.013781082,0.019473463,0.02751568,0.034268413,6xkdyre5.png,0,validation
0.0002645532,0.008965416,0.00064719236,0.00051586406,0.0009689193,0.0016043925,0.0027679922,0.004306716,0.006438243,0.008303482,0.011053632,0.014693093,0.017901897,6zpmg6oo.png,0,validation
0.00030055063,0.0092887655,0.00074963656,0.0005944755,0.0011118656,0.001853264,0.0031067098,0.004654131,0.0067018913,0.008477503,0.011169229,0.014708097,0.017783081,70ipp9es.png,0,validation
0.00032259763,0.009668053,0.00063866173,0.0005675375,0.0011225679,0.0018364878,0.0031326734,0.004853107,0.00739556,0.009673063,0.012932639,0.017094467,0.019505296,71v5y7w4.png,0,validation
0.00034066662,0.009796775,0.0006965738,0.0005781541,0.0012042711,0.0020006993,0.0034660643,0.0054971143,0.00863936,0.011584828,0.016147401,0.022691067,0.028167194,71w6yx67.png,0,validation
0.00032906863,0.009551871,0.0007675006,0.00069145445,0.0011841712,0.0019683894,0.0033612184,0.0052756243,0.007875468,0.01007906,0.013468198,0.018013684,0.02218976,72forcbf.png,0,validation
0.00039275948,0.010579681,0.00071530323,0.00065900135,0.0013954324,0.002297152,0.003869289,0.0058891126,0.008792589,0.011339412,0.015245091,0.020635843,0.023848413,72hj7wx6.png,0,validation
0.00031943026,0.009678652,0.0006767258,0.0005743637,0.0011553228,0.0019173014,0.0032550162,0.0050125,0.0075553055,0.009841165,0.013177311,0.01794798,0.021876546,732p4itd.png,0,validation
0.0003158659,0.009211207,0.00080633163,0.0006981035,0.0011578093,0.0019417678,0.0033171712,0.005107929,0.0077216066,0.010052981,0.013619868,0.018561456,0.023784468,73nejv4d.png,0,validation
0.0003327051,0.009886518,0.00069094216,0.0005916189,0.0011957625,0.0019823099,0.0033883627,0.0052080504,0.007865804,0.010239262,0.013792691,0.019017737,0.02358986,7451yuzk.png,0,validation
0.00035668263,0.009768111,0.00089273753,0.00079439994,0.0012976365,0.002185135,0.003793931,0.0058201505,0.008386119,0.010742522,0.014186789,0.01903658,0.02397844,747fcdj6.png,0,validation
0.00029516462,0.009129799,0.00068932713,0.00062618434,0.0010914443,0.0018394865,0.0032177425,0.0050744833,0.007851876,0.010502836,0.01467905,0.021279054,0.028920677,74gu65s6.png,0,validation
0.00038531938,0.010520632,0.0007300992,0.0006280357,0.0013653318,0.0022390853,0.0037449982,0.005730579,0.0086168945,0.011308252,0.015600621,0.021622352,0.027038677,74n0cdrt.png,0,validation
0.00030169426,0.009164612,0.0006903014,0.0006347766,0.0011025706,0.0018428321,0.0031927777,0.005050862,0.007747773,0.01022783,0.0141029665,0.01954884,0.024837153,74w0usp5.png,0,validation
0.0002781473,0.00913769,0.0006286509,0.0005534717,0.0009996867,0.001672216,0.0028847782,0.004442545,0.006551731,0.008198838,0.010569348,0.013566528,0.01601235,76keoc6p.png,0,validation
0.00032408908,0.009636028,0.00070388033,0.0005777089,0.0011805453,0.0019407009,0.00328671,0.0050650896,0.0077302763,0.010110264,0.013826516,0.01950465,0.024282577,77nthge1.png,0,validation
0.00035450017,0.009668794,0.0009972997,0.00076389295,0.0012773114,0.0021877233,0.003956798,0.0065983757,0.010529616,0.014403982,0.020905416,0.030618124,0.04104084,77o3b935.png,0,validation
0.00043290714,0.010389009,0.0010260195,0.0008234168,0.0014264144,0.002339603,0.004005141,0.0063156495,0.009967848,0.013479743,0.019229595,0.027754633,0.03558595,77p7i1q9.png,0,validation
0.00030086012,0.009361168,0.00065086276,0.0005970982,0.001096076,0.0018403534,0.0032109537,0.0051471163,0.008156226,0.01098565,0.0152903935,0.021637063,0.028361678,77xwkl2v.png,0,validation
0.0004044688,0.0105677685,0.000755073,0.00068178383,0.0013663997,0.002246761,0.0038995752,0.0062552043,0.010261499,0.014344097,0.021716557,0.034037527,0.046086274,78115b2t.png,0,validation
0.00033672355,0.009736183,0.0008046025,0.0006790012,0.0012134493,0.00205162,0.0035599922,0.0056326827,0.0088425465,0.011690655,0.015924325,0.022016108,0.028345773,78kkyrdn.png,0,validation
0.0003014147,0.00902165,0.0006482849,0.0006293451,0.0011191956,0.0018771649,0.0032675143,0.0052409205,0.0082156565,0.011007304,0.015316142,0.0211426,0.0269513,795c4k9b.png,0,validation
0.0004272171,0.010394688,0.001065038,0.00081734016,0.0015262321,0.002481697,0.0042056404,0.006525228,0.010047857,0.013124618,0.017593602,0.024048498,0.030159296,79awawdk.png,0,validation
0.00023331644,0.007968899,0.00073298695,0.0005342305,0.00083945814,0.0013950486,0.002386097,0.003708966,0.0057618185,0.007833045,0.011176813,0.015823573,0.020423532,79kvls9m.png,0,validation
0.0003119083,0.009438469,0.0007938016,0.0006476461,0.0011140741,0.0018581875,0.0032098435,0.0050178017,0.007551237,0.009919058,0.013650674,0.019312697,0.025558924,7ajul7w8.png,0,validation
0.0003548691,0.009930268,0.0006730921,0.0006140304,0.0012140959,0.001988011,0.0033837813,0.0053328825,0.008371139,0.011090973,0.015492527,0.021842096,0.027030274,7bc0q2ju.png,0,validation
0.00030512008,0.009096021,0.00074668246,0.0006287373,0.0011238405,0.001914507,0.0033560893,0.0053642835,0.008406826,0.011359123,0.015678305,0.021479413,0.026902398,7bpgmd13.png,0,validation
0.00034886177,0.00991703,0.0007468003,0.0006518045,0.0011969665,0.0019635747,0.0033344964,0.005170224,0.007903333,0.010382764,0.014028362,0.01892317,0.022611547,7cn69kp0.png,0,validation
0.00029539052,0.009238814,0.0006840476,0.0005932439,0.0010892072,0.0018397837,0.0032006693,0.004977866,0.0075059477,0.009737576,0.012949392,0.017067092,0.020820921,7cvdeknk.png,0,validation
0.00037254096,0.01070138,0.0007522311,0.0006780852,0.001294489,0.0021212744,0.0036000786,0.0055480944,0.008375952,0.0109105995,0.0144610945,0.019168468,0.02280868,7dtjxj7u.png,0,validation
0.00028008426,0.009022501,0.000668578,0.00056698616,0.0010302264,0.0017276811,0.002978967,0.004608065,0.006857438,0.008803642,0.0115348715,0.015114258,0.01809971,7dxj17x6.png,0,validation
0.0002970594,0.009187167,0.0007205939,0.00060248555,0.0010991707,0.0018460787,0.0031722249,0.0048609376,0.007467344,0.009872992,0.013451916,0.018596545,0.02389298,7e3srf58.png,0,validation
0.00037545912,0.010302654,0.00078996306,0.0006793576,0.0012963733,0.0021619694,0.0038237004,0.0062717693,0.010077169,0.013761623,0.019399943,0.027640017,0.035107616,7edp2zzo.png,0,validation
0.00032334763,0.0094167385,0.00076487346,0.000681262,0.0011916308,0.0020185048,0.0035663296,0.005748671,0.00909412,0.01215003,0.01682659,0.023420475,0.03050333,7esj7a8f.png,0,validation
0.0002996131,0.009382196,0.0006895819,0.0005889199,0.001101197,0.001845919,0.003165313,0.004923172,0.007574864,0.009935543,0.013290997,0.017941726,0.02283197,7fi4i5s4.png,0,validation
0.00030446917,0.009248348,0.0006908017,0.0006415903,0.0011144977,0.0018651092,0.0031830668,0.00491926,0.007337097,0.0096301185,0.013250222,0.018411068,0.023315212,7fo4udtq.png,0,validation
0.00029791796,0.00904318,0.0006996325,0.0006317005,0.0010902208,0.0018320512,0.00318401,0.0050910264,0.007977786,0.010696247,0.015080792,0.021828527,0.02913788,7h7buqil.png,0,validation
0.00047918083,0.010789946,0.0011935883,0.0008528035,0.0016649892,0.0028025343,0.0049300957,0.008106557,0.013745616,0.019778168,0.030095937,0.048059028,0.0676598,7i0yi8sg.png,0,validation
0.00033977654,0.009491691,0.0008980534,0.00074452587,0.0012526562,0.0021013867,0.003576287,0.005470067,0.008138856,0.010518299,0.0141596,0.019522762,0.02525077,7jowls28.png,0,validation
0.00038449554,0.010382298,0.00073472905,0.00062067,0.0013413004,0.0022129456,0.0037858954,0.005965381,0.009178985,0.012018804,0.016384449,0.022340173,0.026828524,7kx3n5h4.png,0,validation
0.00035721576,0.010323323,0.00079704716,0.00070142234,0.0012648989,0.0021123337,0.0036800287,0.0058894693,0.009150702,0.012116423,0.016347336,0.022323536,0.028138718,7mmmsco5.png,0,validation
0.0003786149,0.010233765,0.0007504383,0.00066089473,0.0013376417,0.0022045777,0.0037636731,0.005898336,0.009190416,0.012376588,0.016950857,0.022637896,0.026417,7ncwrga0.png,0,validation
0.00030735208,0.009516256,0.00063839415,0.00054281636,0.0011172894,0.0018420246,0.0031155965,0.004730604,0.0070015327,0.008971829,0.011899444,0.01527157,0.017003624,7nitmahk.png,0,validation
0.00033172301,0.009598332,0.0008593404,0.0006903725,0.0012069398,0.0020323894,0.003537639,0.0055489214,0.008673801,0.011515018,0.015659073,0.02165839,0.027367275,7nqvdyap.png,0,validation
0.0003268937,0.009770741,0.0006758757,0.0005899446,0.0011903996,0.0019694343,0.003289868,0.0049723973,0.0073155877,0.0093274955,0.012329102,0.016598526,0.020485422,7ohxnru4.png,0,validation
0.0005606929,0.010613502,0.0024662202,0.0012360653,0.0019320628,0.0030174053,0.005117634,0.008215714,0.01353176,0.019025017,0.028280906,0.04144289,0.053248134,7p4ev137.png,0,validation
0.00030638516,0.009322283,0.00077433436,0.00063237245,0.0011241365,0.001884569,0.003246721,0.0050743334,0.007583851,0.009754125,0.012821904,0.016774504,0.020163093,7pctrhn6.png,0,validation
0.00029642723,0.0092558,0.00068979163,0.00058590464,0.0011066393,0.0018705789,0.0031792677,0.004834209,0.007227267,0.009330182,0.012353883,0.016315088,0.019867396,7qt5ecew.png,0,validation
0.0003505107,0.010028911,0.0007955393,0.0006402866,0.0012846995,0.0021318372,0.0036383395,0.005625373,0.008450648,0.0108787175,0.014324249,0.018542375,0.021199701,7qyvaz00.png,0,validation
0.00027809807,0.008864337,0.00068304647,0.0005792908,0.0010275515,0.0017235492,0.0029791351,0.0046969494,0.007203327,0.009530561,0.013295015,0.019044394,0.024407683,7r925dsi.png,0,validation
0.00044123497,0.010509661,0.0010441263,0.000768776,0.0015975471,0.0026409796,0.0045812745,0.007317159,0.011552945,0.015840301,0.02311658,0.034677476,0.042894457,7sufah4b.png,0,validation
0.00029602772,0.009238283,0.000650076,0.00059264945,0.001096102,0.0018327273,0.0031170072,0.004786023,0.007044994,0.008921859,0.011773663,0.015782377,0.019454883,7swvtqqk.png,0,validation
0.00035195288,0.009659839,0.0009847808,0.0007807094,0.0012581762,0.0021396868,0.0038334273,0.006339242,0.009761259,0.013128348,0.018586405,0.026507981,0.034801308,7taqdwxf.png,0,validation
0.0003609895,0.009922992,0.00066505984,0.00062105805,0.0012386627,0.0020114123,0.0034444786,0.0054474217,0.00855245,0.0114680175,0.015922409,0.02177898,0.025780043,7u7g0cjm.png,0,validation
0.00034076654,0.009997811,0.0007323842,0.0006193267,0.0012587007,0.0021163314,0.003640343,0.005598642,0.008523479,0.01091983,0.013927661,0.017772786,0.020776626,7uijy2q9.png,0,validation
0.0003030175,0.009428451,0.00073214987,0.0005597631,0.0010937536,0.001813549,0.0031070746,0.0048380187,0.0074753202,0.009806573,0.013244264,0.01821742,0.022301573,7uju1ndg.png,0,validation
0.0003315479,0.009735987,0.000645625,0.0005932576,0.0011636139,0.0019353091,0.003362614,0.005305652,0.008255297,0.010934371,0.014937389,0.020904712,0.026765663,7vua2tfd.png,0,validation
0.00029062617,0.0091765,0.0006268074,0.00060283,0.0010724965,0.0017914767,0.0030744753,0.0047857463,0.007023751,0.0089462,0.01173688,0.015594997,0.019435482,7w7n0s6w.png,0,validation
0.0006310161,0.0112109,0.0018970921,0.0014777397,0.0018233331,0.003091728,0.005784354,0.01015609,0.01749874,0.025244024,0.038607836,0.061403636,0.0794894,7wab7grw.png,0,validation
0.0005604068,0.010972764,0.0021042472,0.0011344161,0.0019108872,0.0030316573,0.0051620794,0.008314066,0.013628209,0.018855566,0.02761448,0.04017806,0.049381707,7wprb98d.png,0,validation
0.00034456555,0.009449452,0.0009731678,0.00078638614,0.0012503884,0.002079899,0.003539903,0.0055040796,0.00831206,0.010925349,0.0150950905,0.021761298,0.028105821,7xdl5n0j.png,0,validation
0.00030853535,0.009428452,0.0007632515,0.00062307384,0.0011577246,0.0019364448,0.0032524106,0.004880115,0.0072457073,0.009539003,0.0130288685,0.017749697,0.02212567,7xj2czaf.png,0,validation
0.00033732178,0.0097666215,0.00065795524,0.00058629544,0.0011843333,0.0019556328,0.0033714874,0.005340974,0.00834272,0.0112936795,0.016086444,0.02363605,0.029809868,7y96t875.png,0,validation
0.00032605662,0.009818286,0.00083155575,0.00062516006,0.001190046,0.0019678706,0.0032958204,0.0049754563,0.007315038,0.009291186,0.012194521,0.016316155,0.019905176,7yg6qiq3.png,0,validation
0.00032711445,0.009475195,0.00096172746,0.00071851903,0.0011739295,0.001931137,0.0032754838,0.0050757052,0.0077287746,0.010126263,0.013693123,0.018798804,0.023330968,7ywzkz8i.png,0,validation
0.0003623977,0.010118649,0.00070652907,0.00059778825,0.0012779594,0.002114754,0.0036355285,0.0056895493,0.008845189,0.011813894,0.016581176,0.023144767,0.028565042,7z2ae3o7.png,0,validation
0.00031461322,0.0097229825,0.00067498867,0.00058927486,0.0011467485,0.0018864227,0.0031551574,0.004742544,0.006959256,0.008887944,0.01147853,0.014472818,0.016775025,7zdfbre7.png,0,validation
0.00033996996,0.009711831,0.0009113422,0.0007210779,0.0012069938,0.0020249458,0.0035732717,0.0058036633,0.00921558,0.012528086,0.017767668,0.025522891,0.03328179,7zj3sweb.png,0,validation
0.0003373605,0.0097684,0.0006722337,0.00055596797,0.00120446,0.0019981582,0.0034397047,0.005427761,0.008349471,0.011068853,0.015179226,0.020374555,0.023751503,7zp8pwn4.png,0,validation
0.0003119528,0.009574124,0.0006801955,0.00057857623,0.0011435011,0.0019024007,0.0032518432,0.0050564236,0.007846332,0.010334444,0.013998448,0.019190984,0.023978146,80xhy82l.png,0,validation
0.00032906566,0.009560258,0.0008072247,0.0007070199,0.0011906809,0.002007338,0.0035021605,0.005532204,0.008386373,0.01099938,0.015100374,0.021135403,0.027275996,819ei38y.png,0,validation
0.0002931196,0.00934967,0.0007058369,0.0005817489,0.0010659685,0.0017672884,0.002956547,0.004438002,0.006608035,0.008638287,0.011807058,0.01644765,0.0211368,820pzts5.png,0,validation
0.0003775628,0.010137026,0.00077123614,0.0007008004,0.0012994183,0.0021281964,0.0035424675,0.0053584813,0.008104671,0.010675151,0.014677121,0.01971426,0.022711039,82511vs0.png,0,validation
0.0003530812,0.009976072,0.0007611978,0.00063600315,0.0012737678,0.002131667,0.0037112888,0.0059274863,0.009272488,0.012338262,0.016947906,0.023459772,0.028510444,82lujw0h.png,0,validation
0.0002811736,0.009042102,0.00059514487,0.0005723241,0.00103328,0.0017400389,0.0030280035,0.004767085,0.007259962,0.009269663,0.01199507,0.0154993,0.018730007,83quv5f3.png,0,validation
0.00027623976,0.009131151,0.0006411882,0.0005501669,0.0010083878,0.0016832337,0.0028140394,0.004220974,0.006131896,0.0077846246,0.010153324,0.013335569,0.01629537,845q7hcj.png,0,validation
0.00027846507,0.009070879,0.00070299365,0.0005493757,0.0010334409,0.0017133394,0.0028566087,0.004272904,0.0063345446,0.008156076,0.010534463,0.013311611,0.0155431535,847zasuw.png,0,validation
0.00034976727,0.009910829,0.0007800304,0.00064559974,0.0012363077,0.0020565907,0.003567779,0.0056972,0.009047938,0.012070168,0.016575672,0.022898806,0.028760081,84c5x8oj.png,0,validation
0.00029463894,0.009289178,0.00067654095,0.00060645904,0.0010582821,0.0017594697,0.0030476414,0.004820383,0.007373382,0.009617458,0.012954953,0.0174623,0.02088713,85hr8hdv.png,0,validation
0.0005238713,0.0107407775,0.0015774687,0.0011810511,0.001637863,0.0027104244,0.004828665,0.007858909,0.012810029,0.017807828,0.025515826,0.03685048,0.047648992,85p0ijhp.png,0,validation
0.00033280408,0.009305928,0.00083312683,0.0007276029,0.0011980719,0.0020274988,0.0036179854,0.005983075,0.009873543,0.0136716515,0.020060325,0.030901378,0.043415595,861kwtez.png,0,validation
0.00034116604,0.0094444435,0.0008733074,0.000760711,0.0012436453,0.0020664395,0.0035019843,0.005375963,0.008044606,0.010498529,0.014378481,0.020055786,0.02557322,868ggtfi.png,0,validation
0.0002858672,0.009277624,0.00067800126,0.00054566265,0.0010323091,0.0017240805,0.002996738,0.0047065536,0.0072668567,0.0096167205,0.013028405,0.017454145,0.020849807,86ht255e.png,0,validation
0.0002888874,0.0093185855,0.00067626446,0.00057102623,0.0010489168,0.0017432334,0.0029468515,0.004461414,0.006601991,0.008427342,0.011174857,0.015280254,0.018839762,875knort.png,0,validation
0.00031780312,0.009496219,0.0007095272,0.0006570466,0.0011830021,0.0019936352,0.0034549662,0.0054104785,0.00796257,0.010155423,0.013497475,0.017822431,0.021253863,88c6e9yp.png,0,validation
0.00038911155,0.010206848,0.0007379403,0.0006699784,0.0013657657,0.0022442199,0.0039050628,0.0062869685,0.010327657,0.01436911,0.020441087,0.02875191,0.03568127,89iyi8kr.png,0,validation
0.00035040843,0.009813391,0.0008510008,0.0007526429,0.0012305963,0.0020842894,0.0037045472,0.0060295444,0.00962296,0.013095535,0.01874023,0.027601337,0.037308205,89oo0x6i.png,0,validation
0.0006385955,0.0119139375,0.0017571899,0.001379303,0.0022519298,0.003681879,0.006306219,0.010015374,0.015962418,0.021805786,0.03190943,0.04824169,0.064118356,8a906k37.png,0,validation
0.00043285557,0.011105793,0.0007654831,0.00074744684,0.0013822847,0.0022950317,0.004047347,0.0065861098,0.010499694,0.01425933,0.020064227,0.027849663,0.034302965,8ax6wpgk.png,0,validation
0.00030878434,0.009427637,0.00075979694,0.00061543466,0.0011239151,0.0018678345,0.003127233,0.004745948,0.0070487005,0.009114865,0.012071,0.016039256,0.019050963,8bw69zmq.png,0,validation
0.00027392834,0.008763564,0.00065513223,0.00056646025,0.0010232123,0.0017277424,0.0029965977,0.004648173,0.0069662468,0.008935387,0.011901903,0.015873063,0.019648118,8c8clrki.png,0,validation
0.0003402493,0.009806463,0.0007589437,0.0006781591,0.0012446007,0.0021137171,0.003804333,0.006372878,0.010411288,0.014341847,0.021228526,0.03225722,0.044043303,8cqk4lta.png,0,validation
0.00030333365,0.009426785,0.0006728846,0.0005401348,0.001076474,0.0017733545,0.003020971,0.004651846,0.006968419,0.009067606,0.01221252,0.016635142,0.020690642,8cqs5grz.png,0,validation
0.00037524392,0.009633701,0.0008226793,0.00080190273,0.0013489751,0.0022761177,0.004039321,0.0065612854,0.0103471065,0.013869116,0.01950118,0.027628489,0.035285898,8dalfyo1.png,0,validation
0.00032499005,0.009514909,0.0007665048,0.0006811296,0.0011687592,0.0019870822,0.003516434,0.005687933,0.008820554,0.011605629,0.015952284,0.021901118,0.028359242,8dh0hx6z.png,0,validation
0.0003178366,0.009493154,0.00071816053,0.00063800154,0.00115551,0.001931907,0.0033284172,0.0053122644,0.008360767,0.011033212,0.014963077,0.020534106,0.02556576,8g8hkvge.png,0,validation
0.0002831081,0.008974142,0.0006083626,0.0005823568,0.0010425749,0.0017519548,0.0030268866,0.0048117912,0.0074733235,0.009938075,0.013833489,0.019723197,0.025443219,8h6muhj2.png,0,validation
0.0003010516,0.009335631,0.00071211887,0.00060617126,0.0011129797,0.001869637,0.0032253133,0.0050346702,0.007654082,0.010062254,0.0136047015,0.018591132,0.023667855,8i9k5b3a.png,0,validation
0.0008822059,0.013605589,0.0015290345,0.001445091,0.0025272272,0.004184927,0.007502445,0.012766745,0.021660792,0.03092066,0.047048084,0.07285535,0.090599194,8igdjqc1.png,0,validation
0.0003319976,0.009485573,0.0008349559,0.0007410817,0.0012106852,0.0020000257,0.003381823,0.005243419,0.007827223,0.010238409,0.01399643,0.019581238,0.025703082,8ih5ddpq.png,0,validation
0.00030276482,0.009151258,0.00074722816,0.0006444665,0.0011302112,0.0018650314,0.003170988,0.004916739,0.0074286656,0.009637702,0.013086588,0.018317884,0.023245556,8im8qo00.png,0,validation
0.00037516843,0.010471063,0.0008667806,0.0007560847,0.0013182559,0.002219779,0.003950937,0.006391618,0.009942045,0.013196997,0.01807864,0.024956776,0.03092455,8itj6vbz.png,0,validation
0.00031450525,0.009572611,0.00072687946,0.0006584238,0.0011375152,0.0019115434,0.0032846692,0.0050453795,0.00759172,0.0097758155,0.0128552895,0.016956255,0.020760568,8j5ms20t.png,0,validation
0.00036408438,0.010031275,0.000778448,0.0006557648,0.0012979994,0.0021518697,0.0036744578,0.005694777,0.008753602,0.011558706,0.015755747,0.021049652,0.024665685,8k00o2ra.png,0,validation
0.0003785853,0.01007657,0.0006795341,0.0006506755,0.0013101441,0.0021722864,0.003867766,0.006366165,0.010528058,0.014557875,0.021073952,0.03029115,0.037937973,8kyvej11.png,0,validation
0.00087684183,0.011367587,0.0043798573,0.002257947,0.002785645,0.004978578,0.009819825,0.016350808,0.027555304,0.03900668,0.05751693,0.08499522,0.113508604,8lcezggk.png,0,validation
0.0003492886,0.009742699,0.0009123343,0.00076146825,0.001247737,0.0021099043,0.0037437764,0.0061798706,0.009786569,0.012859153,0.01775919,0.024923315,0.033269204,8lqbqeu2.png,0,validation
0.00029754324,0.009499622,0.00072413526,0.00057583884,0.0010879732,0.0017982229,0.0029947862,0.0044660317,0.006588367,0.008402717,0.011005024,0.014187983,0.016733717,8mdzfwqv.png,0,validation
0.00030703848,0.0093991235,0.000665812,0.00051720877,0.0011160868,0.0018315298,0.0031054788,0.004788863,0.0073169307,0.009620702,0.013008141,0.017785065,0.022385787,8n65ffwr.png,0,validation
0.0008390671,0.013400994,0.0014703271,0.0013699131,0.0024643533,0.0041084494,0.007366348,0.012271265,0.020121694,0.028193397,0.04152956,0.06213173,0.07636186,8nxb520f.png,0,validation
0.00034105522,0.00948029,0.00080483046,0.0007227392,0.0012612222,0.0021403527,0.0037852987,0.0062307646,0.009972703,0.013608608,0.019431619,0.027385628,0.03489182,8nzjpqxk.png,0,validation
0.00088174903,0.013184233,0.0016671933,0.0015072236,0.0025554714,0.0042738654,0.007749763,0.013106952,0.021950763,0.030816032,0.04612686,0.0702109,0.085919105,8oblgzpu.png,0,validation
0.00031978142,0.009565504,0.0007234573,0.00064937066,0.001186172,0.0020261854,0.0035416174,0.005692456,0.008961416,0.011951983,0.016649805,0.02383247,0.031943902,8p6fvdhr.png,0,validation
0.00032330258,0.009614558,0.00072061695,0.0005690405,0.0011931644,0.0020072758,0.003483587,0.0055403733,0.008846634,0.012080586,0.017661981,0.026802897,0.036762465,8p9yqbfk.png,0,validation
0.00030931414,0.009349419,0.0008427175,0.0006631768,0.0011129263,0.0018476914,0.0031747867,0.0049966807,0.0077192304,0.010355309,0.0143039115,0.019668175,0.024076669,8q83x7j1.png,0,validation
0.00029377188,0.009325204,0.0006674585,0.0005789412,0.0010857886,0.0018196905,0.003075835,0.0046473695,0.006843121,0.008843315,0.011860101,0.016083071,0.020268802,8qde12wu.png,0,validation
0.0004020669,0.010607181,0.00078240107,0.0006763856,0.0013709572,0.0022444967,0.0038841325,0.0061750063,0.009661334,0.012922948,0.01799382,0.024688276,0.030179871,8rfafvyl.png,0,validation
0.00039326184,0.010351081,0.0007548934,0.0006888383,0.0013417332,0.0022078592,0.0038188142,0.0059980564,0.0092541315,0.012087871,0.016439004,0.022279197,0.026079172,8ti2re5a.png,0,validation
0.0005542308,0.009931233,0.0024740007,0.0013407329,0.0018738074,0.0033852458,0.0068558906,0.012521867,0.022218956,0.03093595,0.046054114,0.06747218,0.092843905,8tkjwqnn.png,0,validation
0.00030924066,0.009564765,0.00071597693,0.00062398164,0.0011290198,0.0018968682,0.0032783265,0.005150896,0.007724117,0.010066667,0.0132891415,0.017536966,0.021451365,8txbmogf.png,0,validation
0.00030076367,0.009427491,0.0006205952,0.00060602505,0.0010904548,0.0018337118,0.0031610215,0.004866543,0.0072653387,0.009557425,0.013317424,0.01920439,0.02539075,8ui5mgab.png,0,validation
0.00032772415,0.009455602,0.00090182247,0.00072471733,0.0011923767,0.0019798628,0.0034010194,0.005388185,0.008076195,0.010356288,0.013615951,0.018248232,0.022430902,8v1blmwf.png,0,validation
0.000293602,0.009386143,0.0006451138,0.00058467383,0.0010613394,0.0017900316,0.003104403,0.0048989686,0.0075707887,0.009920651,0.013324394,0.018205266,0.023388691,8v2wv3dy.png,0,validation
0.0008747543,0.013454885,0.0014655235,0.0014186106,0.0025493933,0.004233223,0.007606725,0.012859533,0.021431565,0.030254487,0.044938605,0.06677055,0.08013782,8ve8pj27.png,0,validation
0.00030561248,0.009071583,0.00070445647,0.0006692293,0.0011221697,0.0018960639,0.0033049383,0.0052569066,0.0081730895,0.010771005,0.0146468,0.019787084,0.02472397,8vg6fl0r.png,0,validation
0.00023208873,0.007841439,0.0007492305,0.00054818013,0.0008408737,0.0014061955,0.0023973624,0.0037522446,0.005817616,0.0077822204,0.010750103,0.015206415,0.019546514,8vj61tyj.png,0,validation
0.00083718984,0.013237146,0.0013907751,0.0013114848,0.0024315724,0.0040410007,0.0073053143,0.012416202,0.020707719,0.029067941,0.043143,0.063882165,0.07727497,8vswskvz.png,0,validation
0.00033734555,0.009571405,0.00081630814,0.0007269657,0.0012101117,0.0020455257,0.0036192697,0.005968279,0.009879688,0.01365307,0.02012327,0.030715954,0.042982787,8w7nbv72.png,0,validation
0.0003263192,0.009615384,0.00077416195,0.0006627033,0.0012135359,0.0020761064,0.003693489,0.005972573,0.009527762,0.012936086,0.018486487,0.026990283,0.036072064,8x80rmhr.png,0,validation
0.0003708474,0.009980825,0.00069997046,0.00064176763,0.0013033923,0.0021589296,0.0037840973,0.006031602,0.0092833415,0.012294827,0.017067002,0.023484787,0.028280327,8xgyh6k9.png,0,validation
0.00033273335,0.009726961,0.00072150066,0.0006794522,0.00121602,0.0020601426,0.00360231,0.0056904256,0.008796648,0.011656648,0.015971078,0.022437079,0.028653746,8ydr0mov.png,0,validation
0.0003392742,0.009758777,0.0009997168,0.0007562426,0.0012059403,0.0020001354,0.0034616124,0.0055010174,0.008660106,0.01170874,0.016336149,0.023620892,0.03144096,8ypyfrug.png,0,validation
0.00040230455,0.010707665,0.0008498426,0.0007645924,0.0013646064,0.0022212977,0.003759657,0.005902909,0.009266975,0.012493566,0.017741071,0.02603003,0.034741383,8z4zjesj.png,0,validation
0.00032009959,0.009693992,0.0006967925,0.000583997,0.0011858153,0.001990511,0.0033931583,0.0051885825,0.0078031397,0.010013808,0.0131613035,0.017739125,0.022175962,8zfp8xx6.png,0,validation
0.0003202232,0.009705197,0.0007542048,0.0005938001,0.0011559543,0.0019092199,0.003227016,0.004916999,0.0072571393,0.009307423,0.0119852675,0.01514382,0.017391132,8zrm2z5x.png,0,validation
0.0009116118,0.013413106,0.001697097,0.0014967592,0.0026420911,0.0044187284,0.008027833,0.013689542,0.023176247,0.033042688,0.05019878,0.07706851,0.09558825,90dvv5xi.png,0,validation
0.000313637,0.009586579,0.0006753138,0.00062593695,0.0011668041,0.0019469296,0.0032874919,0.0050384155,0.0075088968,0.009655509,0.0128369685,0.017136695,0.021261081,90n0yj0w.png,0,validation
0.00027721294,0.009095299,0.0006666385,0.00053414673,0.0010276841,0.0017014119,0.0028757246,0.0044354456,0.0067073107,0.008699694,0.0116371745,0.015660785,0.019600509,9112dfim.png,0,validation
0.00047483423,0.010718045,0.0011661793,0.0008250378,0.0016340684,0.0027276066,0.0048392355,0.00809072,0.013801259,0.01966921,0.029952534,0.048116446,0.06789244,91g2g0hu.png,0,validation
0.00032813067,0.009710342,0.00067132857,0.0005795411,0.0011330454,0.0018637386,0.0031864415,0.0050184256,0.008047349,0.011105588,0.0164051,0.024975494,0.033344634,925ngkqc.png,0,validation
0.00032787005,0.009751153,0.0007478108,0.0006445155,0.0011700132,0.0019334089,0.0033321907,0.0052421973,0.007910901,0.010291556,0.014124652,0.019191429,0.023873925,929u6wtv.png,0,validation
0.00032679632,0.009759078,0.0007676481,0.0006695254,0.0011817686,0.001981022,0.0034282138,0.005401976,0.008170847,0.010584479,0.014288301,0.019251099,0.023665126,92tp6qaq.png,0,validation
0.00037946875,0.010217886,0.0007688961,0.0006263991,0.0013347492,0.0022209992,0.003896656,0.0061855,0.009821206,0.013373654,0.019385915,0.028162131,0.035216074,939b1fi2.png,0,validation
0.00039510656,0.010325878,0.00077712565,0.0007562631,0.0013819288,0.0022946815,0.0039577708,0.0062912446,0.009985955,0.013512769,0.018805608,0.027029427,0.03513405,93osfz9b.png,0,validation
0.00038184127,0.0099954605,0.0009170567,0.0007054438,0.0013058356,0.002125463,0.003666034,0.005756295,0.008817306,0.011608517,0.01577184,0.02122307,0.025462704,94l3mhpq.png,0,validation
0.0003382617,0.009733517,0.0007478235,0.00067761185,0.0012113544,0.0020583656,0.0036026123,0.0057858983,0.009017082,0.012058801,0.016748494,0.023185607,0.028179107,94u2ut0p.png,0,validation
0.0004379868,0.010671618,0.00076335337,0.0007278351,0.0015435759,0.0025221917,0.0043014092,0.0068009873,0.01078748,0.014634437,0.020813715,0.029663596,0.036967132,95vs0non.png,0,validation
0.00033416116,0.00979834,0.00067399885,0.0005737329,0.0012020405,0.001982256,0.0033585788,0.0051408405,0.007704577,0.010000202,0.013570077,0.018437345,0.021726247,96avo8xt.png,0,validation
0.0003173574,0.009616611,0.00077201246,0.00059921894,0.001191948,0.002014182,0.0035274664,0.005649591,0.009157311,0.012542555,0.017657742,0.025759114,0.034258235,96oy7gcd.png,0,validation
0.00030132255,0.009441896,0.0006931253,0.0006105504,0.0011077753,0.0018584856,0.003169914,0.004812488,0.0070535005,0.009004997,0.011668509,0.015143855,0.018226538,96sjqa0p.png,0,validation
0.00029874835,0.009299873,0.0006541292,0.0005975802,0.0011006604,0.0018678274,0.003279579,0.0052146018,0.008127885,0.010719028,0.014682313,0.019823965,0.024499949,980bt7ro.png,0,validation
0.00032494176,0.00985789,0.0008209166,0.0006340073,0.0011778263,0.0019169844,0.0031617132,0.004749286,0.006962842,0.0089054005,0.011488457,0.014554783,0.01675365,99429l4i.png,0,validation
0.00033598498,0.009816406,0.00077351485,0.0006337377,0.0012080392,0.0019928827,0.0033768588,0.0051965513,0.007921737,0.01038259,0.013983833,0.018554073,0.021604579,998n3bb9.png,0,validation
0.00028703545,0.009307271,0.000652712,0.000555004,0.0010615987,0.0017535777,0.0028739437,0.004211143,0.0060531194,0.0075664725,0.009674048,0.012372159,0.014606007,99zzcrax.png,0,validation
0.00095910253,0.013409044,0.0019489664,0.0016759983,0.0027078767,0.0044984566,0.008168153,0.014070303,0.024322,0.034911264,0.052992936,0.08065248,0.09973394,9abpuw82.png,0,validation
0.00034357526,0.009898307,0.0006966954,0.00057211163,0.001213162,0.001993582,0.0033675423,0.005221151,0.0080112545,0.010484527,0.0143580595,0.01961536,0.02323567,9c19gtln.png,0,validation
0.00038482656,0.010167025,0.0012079729,0.0008576296,0.001341575,0.002197031,0.0037187785,0.005653123,0.008400733,0.011049355,0.014940492,0.020776452,0.025778765,9cl01mp4.png,0,validation
0.0004632868,0.009547488,0.0017158873,0.0011516247,0.0015968393,0.0027991012,0.0054098964,0.009421366,0.01666564,0.024552414,0.037820436,0.057006184,0.07961973,9dhjmaub.png,0,validation
0.0003710823,0.010040147,0.0007038564,0.0006522091,0.0012970925,0.0021386514,0.0037024184,0.005829465,0.008858663,0.011666307,0.01595463,0.021506133,0.025574598,9dym3xjs.png,0,validation
0.00040633706,0.010291329,0.0008538048,0.00070642564,0.0013717525,0.0022533967,0.003909895,0.006272712,0.009953871,0.013594597,0.019426676,0.027841048,0.03498762,9e27xrna.png,0,validation
0.00028912234,0.009256045,0.0006572475,0.0005750671,0.0010563264,0.0017675936,0.0030534111,0.004714954,0.006961227,0.00890741,0.011631329,0.015002355,0.017778996,9fb4td3h.png,0,validation
0.00031475356,0.009628407,0.000797786,0.000646074,0.001103893,0.0018039232,0.0030522912,0.00476989,0.00728137,0.009710906,0.013421886,0.018888032,0.023840724,9i1yzn2u.png,0,validation
0.0003373681,0.010010297,0.00071320304,0.0006649902,0.001209926,0.0020174535,0.0035058872,0.005584774,0.008892292,0.011813628,0.01613985,0.022047125,0.027706603,9ij52i9k.png,0,validation
0.00028483386,0.009079041,0.00074348255,0.0005911156,0.001062707,0.0017516006,0.0028800727,0.004262785,0.006203992,0.007894672,0.010288379,0.013168721,0.015422107,9j2gi7k8.png,0,validation
0.00036469498,0.01009112,0.00076518964,0.00063249824,0.0013105737,0.002186901,0.0038029202,0.0060012206,0.009401015,0.012776657,0.017779754,0.024604117,0.030210417,9jdagnsn.png,0,validation
0.0002917199,0.009097336,0.0006999106,0.0006205077,0.0010687576,0.0017939304,0.0030611742,0.0047089215,0.0069134883,0.008682703,0.011146091,0.01413329,0.016239887,9jpyimic.png,0,validation
0.00031907985,0.00958177,0.0007500812,0.00064699445,0.0011776278,0.0019854272,0.003376384,0.005222276,0.007937705,0.010328518,0.0137381535,0.018476289,0.022943089,9jsnch1w.png,0,validation
0.00031628492,0.009272857,0.00074895006,0.0007050486,0.0011332241,0.0019071669,0.0033306067,0.005249032,0.007985227,0.010442546,0.014141586,0.019320404,0.023928238,9k1r2jgr.png,0,validation
0.00043111038,0.010720902,0.00082711724,0.00074064423,0.0013829422,0.0022440483,0.00386055,0.006194222,0.00998426,0.013784875,0.019906698,0.02786778,0.034335624,9k9k9khk.png,0,validation
0.00029551215,0.0092108045,0.00069031067,0.00057326426,0.0010584742,0.0017688281,0.0030606526,0.0047980957,0.007175331,0.009354342,0.012707397,0.017390646,0.021313747,9kbg7712.png,0,validation
0.0003015069,0.009532127,0.0007874927,0.00059993647,0.001084744,0.0018122412,0.0030941586,0.004770795,0.0071839355,0.009327667,0.012164453,0.015636744,0.018486928,9kfm98jb.png,0,validation
0.00039455635,0.010460428,0.00076738396,0.00067455677,0.0013552671,0.0022275394,0.0038157308,0.006057822,0.009448469,0.012583528,0.017680127,0.024876535,0.030482786,9llktssq.png,0,validation
0.00032541517,0.009796476,0.00066483795,0.00056326605,0.0011874634,0.0019744204,0.003340095,0.0050944826,0.0075920466,0.009751401,0.012750692,0.016761592,0.0196268,9nwr2jft.png,0,validation
0.0002993928,0.009427135,0.0007232836,0.00058392994,0.0010970908,0.0018283557,0.0031177364,0.004808126,0.00720397,0.009267046,0.012246148,0.016372237,0.01987273,9o2z4y6d.png,0,validation
0.0002879527,0.009243526,0.00064358086,0.0005826577,0.0010456239,0.0017290008,0.002911808,0.004420632,0.0065111816,0.008392932,0.011184479,0.015154552,0.018706484,9ohnjypo.png,0,validation
0.00036123258,0.009749948,0.0009832446,0.0008180053,0.0012608311,0.0021071,0.0037131233,0.006078852,0.010031822,0.013575559,0.019046763,0.027888894,0.03677558,9perhe8k.png,0,validation
0.00038100954,0.010781181,0.0007249461,0.0006867733,0.0013256843,0.0021970633,0.003794319,0.006004693,0.009343018,0.012391445,0.017374469,0.02475383,0.03253553,9pfdv70b.png,0,validation
0.00028260064,0.009005731,0.0006560404,0.00055730675,0.0010257742,0.0017339728,0.0030406406,0.0048063505,0.007550173,0.010116491,0.014148869,0.02002038,0.025456684,9qh1j5ta.png,0,validation
0.0003115815,0.009292391,0.0007287361,0.00065578014,0.0011354041,0.0019130239,0.003298465,0.005159276,0.0077386852,0.010092343,0.013642159,0.018133234,0.02243101,9ric02p5.png,0,validation
0.00031691167,0.009378479,0.0007192971,0.0006514148,0.0011652932,0.0019584154,0.0033675018,0.005317796,0.008414878,0.0112886755,0.015718477,0.0224533,0.029424291,9rvpcfpo.png,0,validation
0.00038637567,0.010352311,0.0007754259,0.0006595564,0.0013674286,0.002261905,0.0038644252,0.006047975,0.0093310885,0.012403464,0.017034918,0.023135714,0.027843526,9t8x65z3.png,0,validation
0.00033544694,0.009626572,0.00074719207,0.000634092,0.0011894243,0.0019779664,0.0033720112,0.0052503627,0.00796742,0.01054106,0.014363345,0.019641317,0.023472667,9tbu32kg.png,0,validation
0.00032620673,0.009527939,0.0008149146,0.00071061053,0.001162,0.0019441003,0.0033876167,0.005354637,0.008164316,0.010778524,0.014865936,0.021311425,0.027878188,9tqgchgr.png,0,validation
0.0003352544,0.009839836,0.00072467484,0.00058742444,0.0012235716,0.0020504985,0.0035505842,0.0055551752,0.008635247,0.011470199,0.016157404,0.023553906,0.03138594,9u8013f4.png,0,validation
0.000314073,0.009626448,0.00069867534,0.000639645,0.0011405587,0.0019268817,0.0033442273,0.0051047965,0.007491355,0.009488233,0.012348483,0.015946625,0.019003557,9uu2bl7a.png,0,validation
0.00029512093,0.009357761,0.0006749351,0.0005718958,0.001077142,0.0017935137,0.0030213066,0.0046044313,0.00680997,0.008750007,0.011515836,0.014471796,0.016597658,9v2qji47.png,0,validation
0.00030144394,0.009493702,0.0007822444,0.00060921704,0.0010989071,0.0018464291,0.0032179037,0.0050692894,0.007837453,0.0103762895,0.014145076,0.019582715,0.024444168,9vam07sf.png,0,validation
0.0005113001,0.011371038,0.0011711355,0.0008774251,0.001761655,0.0029741898,0.0053057345,0.00885065,0.015262471,0.022161009,0.03443684,0.05532874,0.07809656,9vg27dcd.png,0,validation
0.00046723092,0.010829455,0.0009905389,0.0007946686,0.0016208077,0.0026293404,0.004442678,0.006930073,0.010839752,0.01465405,0.020448653,0.027904032,0.03265499,9w1r93c9.png,0,validation
0.00031125732,0.009516381,0.00070059305,0.00063041894,0.0011276087,0.0018748138,0.003213638,0.0050316807,0.007665888,0.009906696,0.013281221,0.017681573,0.021689324,9w9jvi8f.png,0,validation
0.00031843068,0.009657125,0.0007596419,0.0006388578,0.0011478196,0.0019207963,0.0032364004,0.004906042,0.0073697036,0.00956811,0.012667236,0.016668174,0.020254089,9wc4872n.png,0,validation
0.00029893048,0.009535366,0.0006907516,0.0005658465,0.0010775642,0.0017853964,0.0030263665,0.004617286,0.006893116,0.0089259045,0.012016642,0.016219214,0.01992611,9xka4lit.png,0,validation
0.00026116008,0.008230379,0.00091707805,0.0006150049,0.0009176238,0.001544784,0.002713779,0.004388208,0.0070888097,0.00991857,0.01483626,0.02214285,0.029821731,9xs2s1sp.png,0,validation
0.00030204782,0.009605424,0.0006443552,0.00058503763,0.0010904477,0.0018223558,0.0031252957,0.0047870986,0.0070115356,0.008949669,0.011880793,0.01597865,0.019446595,9xxwnkpz.png,0,validation
0.0003299941,0.009485184,0.00091529405,0.00071136677,0.0012370769,0.0020911375,0.003607592,0.005599486,0.008300436,0.010726792,0.01435938,0.019622572,0.024408681,9ykne1oe.png,0,validation
0.00036855592,0.010142453,0.0006946629,0.0006462534,0.0012902668,0.0020880413,0.003492911,0.00530238,0.008000803,0.010278488,0.013544208,0.017445154,0.020289926,9ysaue16.png,0,validation
0.0008716974,0.013723733,0.0016046731,0.0014869152,0.0025077316,0.0041643544,0.00750703,0.012715044,0.021241257,0.02994796,0.044772085,0.06819577,0.08508809,9zewud46.png,0,validation
0.00038400007,0.010307359,0.00074551825,0.0006599563,0.0013561951,0.0022091176,0.0037458313,0.0058234376,0.009023816,0.0121283475,0.016856717,0.02344132,0.02887997,9znnnim0.png,0,validation
0.00033853643,0.0098822825,0.00064166676,0.0005971074,0.0011769971,0.0019325999,0.003279884,0.005068857,0.007755116,0.010248331,0.014167969,0.020066286,0.025140319,9zpig5cm.png,0,validation
0.00035782048,0.009623896,0.001121127,0.0008295433,0.0012800974,0.0021042982,0.0035195895,0.0053613367,0.008200521,0.010789457,0.014572661,0.020401573,0.026036376,9zswjtyn.png,0,validation
0.00036408042,0.00993933,0.00077409873,0.000660759,0.001251296,0.0020551814,0.0035233642,0.0055074203,0.008385441,0.0109292455,0.014520592,0.018542754,0.021300895,a0hmwz70.png,0,validation
0.00028962546,0.0090888925,0.0006645206,0.0006127657,0.0010771564,0.0018302522,0.00322368,0.005204023,0.007946078,0.0104275625,0.01433596,0.019921534,0.025539728,a1w5d7ve.png,0,validation
0.0008691948,0.011582959,0.0041619875,0.0021931322,0.0027574422,0.00487433,0.009485589,0.015741754,0.02653132,0.037497327,0.05555362,0.08351736,0.11234308,a2ot7hyy.png,0,validation
0.00029363798,0.00933781,0.0007983412,0.0005732091,0.0010771735,0.0018006215,0.0030850817,0.004733464,0.007176416,0.009450889,0.012850713,0.017301554,0.021307863,a4p3iwx7.png,0,validation
0.0003268343,0.009711729,0.0007515147,0.0005995335,0.001168355,0.0019531697,0.0033828644,0.0053834673,0.008312271,0.011026887,0.015137449,0.02089892,0.02552755,a4sgk3v2.png,0,validation
0.0003027368,0.009470988,0.00077202363,0.0006026835,0.0010955808,0.0018353527,0.0031641962,0.0049308143,0.0074615735,0.009825576,0.013418818,0.018153828,0.021459939,a73u90y0.png,0,validation
0.00026304205,0.008769826,0.000634109,0.00054202625,0.00097186747,0.0016217397,0.0027822328,0.004352303,0.006610231,0.00865133,0.011930905,0.01680471,0.021285826,a74tbs9i.png,0,validation
0.0003128829,0.009663041,0.0006840228,0.0005601213,0.0011347543,0.0018826902,0.0032074447,0.00488899,0.0071763657,0.009139275,0.012025602,0.015935984,0.019020757,a7dkh5vl.png,0,validation
0.00029513479,0.009267575,0.00068615924,0.0005971279,0.001085829,0.0017936927,0.0030111212,0.0046484913,0.007110414,0.009392542,0.012840862,0.017544607,0.021841481,a7duqi8u.png,0,validation
0.00033649936,0.009739167,0.0007540224,0.00066133233,0.0011881174,0.0019898906,0.0034628983,0.005539905,0.008559635,0.011333393,0.015519032,0.021235656,0.025871094,a7tz0ync.png,0,validation
0.00041309392,0.010275447,0.0010202347,0.00077409606,0.001487535,0.0024320283,0.004127473,0.0064358152,0.009927283,0.013173958,0.018134693,0.024743343,0.0296593,a830bf9s.png,0,validation
0.00034513167,0.009740074,0.0009396177,0.0007551131,0.0012810018,0.0021748468,0.0038054355,0.006116743,0.009799445,0.013374219,0.018848779,0.027597038,0.037198026,a9ui3hv5.png,0,validation
0.0003466212,0.009886554,0.0007078191,0.0005992693,0.0011844294,0.0019359206,0.003343235,0.00538855,0.008800933,0.012274405,0.01800963,0.02656243,0.034247044,aaeykyh5.png,0,validation
0.00032779766,0.00963902,0.0007600379,0.0006883542,0.0011767669,0.0019788952,0.0035030837,0.0056112804,0.008726395,0.011521759,0.01607583,0.023315316,0.030546414,aatdatuc.png,0,validation
0.00032636445,0.00978975,0.00079052226,0.00066452107,0.001184617,0.0019793322,0.0033878428,0.0052962727,0.008025014,0.010480354,0.01425642,0.019601904,0.024157736,ab2w7ia7.png,0,validation
0.0004106915,0.010554162,0.0010083313,0.00083735125,0.0013965106,0.002323979,0.004085524,0.0066776793,0.010327535,0.013739499,0.019296367,0.02703155,0.034492753,ac1kyww0.png,0,validation
0.000307569,0.009347486,0.0007875851,0.0006477986,0.001096214,0.0018226539,0.00310417,0.0047538946,0.006915336,0.00875758,0.011222558,0.014267108,0.016832905,ac9wkfxv.png,0,validation
0.00037421306,0.010152261,0.0007320082,0.0006443463,0.0012945537,0.0021462084,0.00372949,0.00602892,0.009758928,0.013337008,0.019208374,0.027211469,0.033262633,acbsyk9m.png,0,validation
0.0003053648,0.008537554,0.00073970645,0.00069626234,0.0010559382,0.0017369853,0.0029508518,0.0046429685,0.007425285,0.010339811,0.01513299,0.021854168,0.027981538,aczuvea7.png,0,validation
0.00030070843,0.009338438,0.0007097613,0.0006022382,0.0010987313,0.0018307193,0.0030791876,0.004704843,0.007004908,0.009021097,0.011870485,0.015429583,0.018189171,adlkyofm.png,0,validation
0.00029065055,0.009034898,0.0007255962,0.0006041461,0.001047178,0.0017580083,0.0030683186,0.004832481,0.007354671,0.009580377,0.013002121,0.017829072,0.02195166,aewf8kpq.png,0,validation
0.00086038123,0.013361114,0.0015807421,0.0014133326,0.0024927647,0.0041642673,0.007547804,0.0127387615,0.021213641,0.02978152,0.04408139,0.065226644,0.07794604,af7q7lk1.png,0,validation
0.00028691022,0.009227935,0.0006150146,0.000508604,0.0010173606,0.0016639231,0.0028084645,0.0042685634,0.0062933946,0.008015928,0.010488985,0.01359712,0.015845161,ag3lxhgo.png,0,validation
0.0009113173,0.013323188,0.001845196,0.0016312063,0.0026172649,0.004360988,0.0079369545,0.013652981,0.02352583,0.033789985,0.051636305,0.08003887,0.10011005,ag991kgn.png,0,validation
0.0002772279,0.009158165,0.0006631172,0.00054262375,0.0009994849,0.0016518203,0.0028210632,0.0043313787,0.0064923884,0.008306982,0.01101997,0.0145290475,0.017291866,agmlf2l9.png,0,validation
0.00037446522,0.010199296,0.0007467764,0.00068321684,0.0012388043,0.0020289472,0.003491255,0.00551883,0.008681773,0.011657094,0.01621374,0.023082899,0.028961044,agq43be9.png,0,validation
0.00030425217,0.009570094,0.00063162897,0.00056706875,0.001126331,0.0018765276,0.0031573365,0.0047252937,0.00691758,0.008895927,0.011790327,0.015764706,0.019406673,agwci774.png,0,validation
0.0010068043,0.013615176,0.0021398743,0.001704401,0.0028365853,0.0046857623,0.0084011825,0.014276725,0.024122557,0.034378555,0.051856447,0.07791657,0.0952229,ah84bj6c.png,0,validation
0.0003192629,0.009521931,0.00078751025,0.0006511761,0.0011700116,0.0019859066,0.0035309326,0.005583932,0.008697962,0.011553302,0.01562034,0.021262003,0.026405752,ah99p3mb.png,0,validation
0.00036886576,0.010125756,0.0007134963,0.00065480504,0.0013348839,0.0022419346,0.0039201276,0.006250905,0.009804467,0.013039657,0.018230421,0.025472239,0.030457078,ahl75o7w.png,0,validation
0.00032700703,0.009523102,0.00077222387,0.00068091735,0.0011524308,0.0019225881,0.0033280144,0.005292895,0.008389192,0.01121783,0.015463327,0.021828046,0.028725106,ahr67gxs.png,0,validation
0.00032054042,0.009459501,0.0007818581,0.0006601517,0.0011762092,0.0019633456,0.0033761733,0.0053251465,0.008697406,0.011966505,0.016930096,0.024203632,0.03193581,ailwilnz.png,0,validation
0.00054494495,0.01082736,0.0020529267,0.001138542,0.0018688731,0.0029228271,0.0048780157,0.0076743225,0.012253438,0.016610414,0.023349902,0.032163914,0.039722245,ajcg2lml.png,0,validation
0.00032269023,0.009469479,0.00085552316,0.00069662515,0.0011631058,0.0019295035,0.0032500483,0.0050495015,0.007982527,0.010710776,0.014991771,0.02167149,0.028635517,ajgzcs05.png,0,validation
0.00036009154,0.010104376,0.0007719299,0.00060943404,0.0012873779,0.002123182,0.0036186792,0.0056185746,0.008442268,0.0109502245,0.01476526,0.019928321,0.023649957,ajni4dt3.png,0,validation
0.00038293694,0.0107147405,0.0008341828,0.0007621856,0.0013371295,0.0022342652,0.0038689233,0.0060732095,0.009066092,0.011737567,0.015687764,0.021295493,0.02615505,ajnqymul.png,0,validation
0.00034130178,0.009839362,0.0007902654,0.0006680956,0.0012150736,0.0020236005,0.0034824908,0.005532518,0.009109464,0.01248023,0.017796343,0.025882432,0.034331173,al0usoao.png,0,validation
0.00029083824,0.009439451,0.00064893183,0.0005332458,0.0010703838,0.0017946284,0.0030700145,0.004739355,0.007134527,0.009159695,0.011993299,0.0155492015,0.018349353,al6h1azr.png,0,validation
0.0002996458,0.009546489,0.00070795283,0.0005767813,0.0010846638,0.0018020585,0.003090292,0.004740136,0.0071618957,0.00930949,0.012305045,0.016459068,0.019525899,am9fido3.png,0,validation
0.00037515996,0.010191667,0.0007333284,0.0006641944,0.0012750763,0.002099242,0.0036075304,0.0057233004,0.009087957,0.012171108,0.01689515,0.023635857,0.02937136,amt4bm6v.png,0,validation
0.0003388455,0.009607217,0.0009741672,0.00074896676,0.0012169,0.0020226776,0.0034450637,0.0053584175,0.008139978,0.010671468,0.014526394,0.020319624,0.026003836,anjzuprp.png,0,validation
0.00043929036,0.01076089,0.0010668938,0.00087339245,0.0014900732,0.0025049997,0.00452405,0.0076758964,0.012638218,0.017326038,0.025165357,0.037351385,0.050551593,anl8z3hr.png,0,validation
0.00032895172,0.009882503,0.0006486276,0.00059151923,0.0011967632,0.0020306797,0.0035586052,0.0056752386,0.008835457,0.011778542,0.016561178,0.0233364,0.028104281,ao1l9nyp.png,0,validation
0.00034041854,0.0098014595,0.00069169566,0.0005723213,0.0012031678,0.002007387,0.0034991049,0.005539199,0.008478397,0.011119262,0.015083955,0.02022736,0.023674544,aob8bcnx.png,0,validation
0.0004116103,0.010616723,0.0007315423,0.0006917138,0.0014703199,0.0024650963,0.0043171127,0.0070270426,0.011542409,0.0160817,0.024266258,0.037893515,0.050389454,aodg3q28.png,0,validation
0.00031710544,0.009582795,0.0007647792,0.0005770612,0.0011859994,0.0019637847,0.0032788261,0.004959495,0.0073641003,0.009476847,0.012886106,0.01802539,0.023064366,apaj0ilx.png,0,validation
0.00028662675,0.009129321,0.0006539208,0.00056124816,0.0010613229,0.0017602856,0.0029929199,0.004594659,0.0068720053,0.008934307,0.011996737,0.015792849,0.01905998,aqdmfztg.png,0,validation
0.0002929113,0.009091769,0.00074383616,0.0005994173,0.0010981321,0.0018510488,0.0031654763,0.0048376606,0.0071328003,0.00912509,0.011845668,0.015734449,0.019312277,aqj5rr0a.png,0,validation
0.00037269617,0.010240889,0.00076911825,0.00065484404,0.0013240298,0.0021791586,0.003669925,0.0055805445,0.008491232,0.011215588,0.015229286,0.020705832,0.02449742,ar05su7w.png,0,validation
0.0003011673,0.009305095,0.00072032725,0.00062274566,0.0011165193,0.0018853848,0.0032348044,0.0050357208,0.007570281,0.009948248,0.013721076,0.019174568,0.02385007,ard0t83e.png,0,validation
0.0003004887,0.009276813,0.0007640457,0.0006155202,0.0011126378,0.0018775926,0.0031857658,0.0048315097,0.007192903,0.009206415,0.012065324,0.01603996,0.020082794,arqhlkt3.png,0,validation
0.00032864034,0.009809953,0.00070465356,0.00058801466,0.0012082775,0.002000735,0.0034163506,0.0053060753,0.008096439,0.010656068,0.014614562,0.020242425,0.025359863,as04q0m7.png,0,validation
0.0003701341,0.01019518,0.0007571988,0.00069831545,0.0013175508,0.002173531,0.003660266,0.0056262733,0.008567664,0.01121272,0.015343779,0.021597225,0.027248668,asop9bpe.png,0,validation
0.00027882622,0.00926626,0.0006712646,0.0005555255,0.0010316274,0.0017087101,0.0028526273,0.0042434637,0.006119991,0.0076555256,0.009814776,0.012387596,0.014313608,at0a573h.png,0,validation
0.00037940912,0.010196557,0.00077180675,0.000713618,0.0012491273,0.0020230273,0.0034229166,0.0053487215,0.00827813,0.010954709,0.014945202,0.020297514,0.02391047,at6askj9.png,0,validation
0.0003931289,0.010543404,0.00073328946,0.0006444124,0.0014253267,0.0023522065,0.0040071364,0.0061600925,0.009255844,0.011933865,0.015664006,0.020216845,0.022654321,at6uemx8.png,0,validation
0.0003232509,0.009658867,0.00069459394,0.00057570357,0.0011532846,0.0019153886,0.0032939021,0.005179402,0.008106258,0.010838956,0.014948725,0.02068167,0.025225429,atgkykxf.png,0,validation
0.00093591807,0.013772564,0.001797114,0.0015305936,0.002680784,0.0044684284,0.00811635,0.013798421,0.023173528,0.03260473,0.048642047,0.0732473,0.089160085,au42h7y6.png,0,validation
0.00031631882,0.009210512,0.0007165488,0.0006663183,0.0011750361,0.0019862026,0.00343855,0.0053699915,0.0080465,0.01040073,0.013722819,0.017938158,0.021369642,av07arx7.png,0,validation
0.0003840544,0.010341854,0.0007482338,0.00063993904,0.001353963,0.002248487,0.0039099995,0.0061832205,0.009823503,0.013332483,0.01921031,0.028182693,0.03506785,av8cwrxp.png,0,validation
0.00029200612,0.009217592,0.0006427865,0.0005900113,0.0010691062,0.0017810732,0.0030429817,0.0047713313,0.00727795,0.009353097,0.01209837,0.015763238,0.018857855,avf61dm7.png,0,validation
0.0003062425,0.009469665,0.0007599373,0.0006289026,0.0011195225,0.0018700996,0.0032061015,0.0049446668,0.007338015,0.009465077,0.012600933,0.0168463,0.020712087,avof34rn.png,0,validation
0.00034627505,0.009895476,0.0007049028,0.00062876916,0.001195331,0.0019683698,0.003330339,0.0051517505,0.007968987,0.010579651,0.014441557,0.019871257,0.02366388,awulx3i7.png,0,validation
0.00043027382,0.010356011,0.0011053694,0.00078781537,0.0014812858,0.0024065974,0.0041820807,0.0067260577,0.0106177125,0.014282078,0.01982058,0.027000168,0.032118168,awvspyzf.png,0,validation
0.0002944256,0.0093596,0.0006492938,0.00052320724,0.0010532147,0.001745539,0.0029750923,0.0045631393,0.0069101574,0.0089848535,0.011674471,0.014863137,0.017014299,ax0elegj.png,0,validation
0.00028705623,0.009026007,0.0007065475,0.00057438517,0.0010606224,0.0017783355,0.0030296564,0.0045880736,0.0067517017,0.008681565,0.011458827,0.014957525,0.017845122,axdkysf7.png,0,validation
0.00031142082,0.009700781,0.0006974787,0.000621384,0.0011401618,0.0019020799,0.0032652072,0.004956017,0.0071581216,0.008929452,0.011369013,0.014553651,0.017417777,axr57ev1.png,0,validation
0.00086048804,0.013320548,0.0015362389,0.0014300575,0.0024952658,0.004160487,0.00752742,0.012638429,0.020832688,0.029227609,0.04339753,0.06486681,0.07874437,axwe7exc.png,0,validation
0.0003434644,0.009914158,0.0007367339,0.0005968485,0.0012538028,0.0020921328,0.0035708924,0.005571512,0.008621821,0.011479062,0.016289772,0.023340598,0.02853693,aydvswu0.png,0,validation
0.0003648786,0.01009631,0.0007048552,0.0006186,0.0013068842,0.0021644053,0.0037158318,0.0057218703,0.00868372,0.011292297,0.015068088,0.019696016,0.022948427,az32lwz6.png,0,validation
0.00028987337,0.009306165,0.0007291414,0.0005893513,0.001052093,0.0017605624,0.0030042005,0.0045974543,0.006758625,0.008603091,0.011174676,0.014611922,0.017373756,azd84vf1.png,0,validation
0.00064180326,0.012017985,0.0017339011,0.0013796738,0.0022599841,0.0036856965,0.006268279,0.009996577,0.016311938,0.022661151,0.03347799,0.051141266,0.068404384,azgq095e.png,0,validation
0.000869399,0.013521911,0.0015112499,0.0013996531,0.0025303578,0.0042313607,0.007661975,0.012819455,0.021016646,0.029194526,0.04296212,0.06389727,0.07762628,azl70qva.png,0,validation
0.00028537968,0.0091845095,0.0007136012,0.000585973,0.001032129,0.0017081748,0.0029294326,0.004573599,0.0070002116,0.009164428,0.012431353,0.017146865,0.021295365,azq4x55p.png,0,validation
0.0003224388,0.009497073,0.0008908487,0.0006743258,0.0011591516,0.0019478275,0.0033847708,0.0053905207,0.008584527,0.011600825,0.01616333,0.022887405,0.029883264,b07mkl61.png,0,validation
0.00035340124,0.01032239,0.0007396581,0.00062520214,0.0012637599,0.002086929,0.0035168538,0.0054060165,0.008183588,0.010563051,0.01386636,0.018206654,0.021380907,b119r6i1.png,0,validation
0.0003525836,0.0097863525,0.0008332195,0.0007065732,0.001277134,0.0021505777,0.00377861,0.006035994,0.009337965,0.012394392,0.017498164,0.024431212,0.030893354,b1qx6gvw.png,0,validation
0.00034276838,0.009666894,0.00074923626,0.0006740118,0.0012170775,0.0020442097,0.0035728526,0.005769815,0.00931657,0.012688577,0.017756764,0.02499688,0.032266356,b2ids3dy.png,0,validation
0.00031252328,0.009592211,0.0007727515,0.0005993716,0.0011640124,0.001955858,0.0033685544,0.0052396744,0.00803259,0.01050512,0.01396872,0.018784523,0.023474474,b2ldq0n1.png,0,validation
0.0002960095,0.009450024,0.0006899193,0.00058265036,0.0010886168,0.0018177015,0.0030646026,0.0045666653,0.0065061687,0.008145758,0.010435411,0.013163444,0.014995082,b39bw4q4.png,0,validation
0.00027417738,0.008890115,0.0006119807,0.00054301147,0.0010103706,0.0017129711,0.0029991316,0.0047731698,0.0073383707,0.009773251,0.013634942,0.01879953,0.023847328,b48wumh9.png,0,validation
0.0003722526,0.010295953,0.00072694285,0.00061845285,0.0013131554,0.0021351224,0.0035488377,0.005423951,0.008143666,0.010733287,0.014863684,0.020744398,0.025065778,b4g906ze.png,0,validation
0.00030670495,0.009206636,0.0007808421,0.00063230266,0.0011199014,0.0018549316,0.0031363906,0.0047961404,0.0071771615,0.009170239,0.01191567,0.015344409,0.018028876,b4qvmw73.png,0,validation
0.0003686357,0.010092652,0.0008712602,0.00074821507,0.0013593324,0.002300394,0.0039987685,0.006463742,0.010861212,0.016028581,0.0262869,0.046493795,0.06997106,b545zf18.png,0,validation
0.0003272751,0.00940935,0.00090990134,0.0006987285,0.0012103929,0.0020387908,0.0034372897,0.005242572,0.007878878,0.010270222,0.01366025,0.018195473,0.022163808,b613hmxj.png,0,validation
0.00040932093,0.010396185,0.00074795744,0.0006951651,0.0014540659,0.0023857574,0.004113958,0.0065995893,0.010695558,0.014563786,0.020879775,0.030050559,0.036893472,b62hvia3.png,0,validation
0.00031147458,0.009562506,0.00067888846,0.00057005737,0.0011195142,0.0018540209,0.003186892,0.005016152,0.0077363,0.010141824,0.013593189,0.018358385,0.02232378,b7hmwelc.png,0,validation
0.00030342102,0.009483566,0.00068965694,0.0006091769,0.0011038742,0.0018505171,0.0031534699,0.004824376,0.0071171685,0.009021815,0.01169832,0.015042358,0.018142505,b7p9jyqn.png,0,validation
0.00036192813,0.0103965085,0.00083404745,0.0006888356,0.0012535787,0.002061788,0.0035395504,0.0055516846,0.00851299,0.011075791,0.014682971,0.01980398,0.024308795,b848j0ob.png,0,validation
0.00036953774,0.010557352,0.00076039863,0.0006763572,0.0012843393,0.0021042642,0.003492614,0.005303848,0.008021786,0.010346549,0.013712429,0.018365113,0.022201728,b8ff5bv2.png,0,validation
0.00031306178,0.009707503,0.00073102827,0.0005897056,0.0011623652,0.0019304092,0.0032244513,0.00485266,0.0071076523,0.009001075,0.011344319,0.013994877,0.015746858,b9e0x7il.png,0,validation
0.00029701262,0.009380511,0.000690574,0.0005750784,0.0011199466,0.0018771179,0.003189456,0.0048245606,0.0070370436,0.009009518,0.011797817,0.0152901765,0.018307853,bajfts2g.png,0,validation
0.0002586658,0.008267508,0.00075901364,0.00060333096,0.0009527886,0.0015835072,0.0026970026,0.004261521,0.006880656,0.009585819,0.014188639,0.021973958,0.031013386,bbkv0x96.png,0,validation
0.00030496612,0.009339501,0.0007005528,0.0006173458,0.0010964742,0.0018186747,0.00308056,0.0047928677,0.0074206684,0.00973578,0.013209332,0.017894704,0.021944651,bc2swsoz.png,0,validation
0.00027685467,0.009267393,0.0006414172,0.00053071755,0.0010046093,0.0016793592,0.0028931655,0.004436672,0.006609516,0.00862124,0.011866791,0.016139185,0.019449238,bcbe98sa.png,0,validation
0.00035455762,0.010112009,0.00085077545,0.00066108676,0.00128816,0.0021483232,0.0036586893,0.0056321593,0.008375709,0.010775708,0.014126174,0.018734556,0.022328416,bcbv8d7f.png,0,validation
0.00042506176,0.010940251,0.0010313982,0.00082697254,0.0014367258,0.0024151478,0.0042608306,0.006971516,0.011082146,0.014891885,0.020716876,0.028822228,0.036830235,bcxv00qb.png,0,validation
0.0003670033,0.010226314,0.000694769,0.00061983935,0.00126684,0.0020606385,0.0034612962,0.005327986,0.00799151,0.010434796,0.01411147,0.018743074,0.02129686,bd4bgrpy.png,0,validation
0.0003265664,0.00975066,0.0006776078,0.0005859337,0.0011546153,0.0018914405,0.003229179,0.004990416,0.0075261677,0.009754519,0.0129695665,0.017354516,0.020133907,bd9ys4v1.png,0,validation
0.000306013,0.009484369,0.0007382978,0.00060253526,0.0011211386,0.0018712145,0.0031657612,0.0048098993,0.0071651977,0.009340389,0.0122192,0.015814591,0.018709075,bdp1lc8w.png,0,validation
0.00030395135,0.009156253,0.00071017625,0.0006540911,0.0011183153,0.0018993518,0.0033333285,0.005259189,0.008034125,0.010659968,0.0150404405,0.02200969,0.030621167,bdsg1fbt.png,0,validation
0.00032522605,0.00967514,0.00083048607,0.0006496623,0.0011846225,0.0019532335,0.0033278428,0.005164917,0.0077669243,0.010082977,0.013626621,0.01808766,0.020882435,bdxqm5o4.png,0,validation
0.00027948117,0.009079413,0.000687647,0.0005827578,0.0010222511,0.0017113301,0.0029355271,0.0045150165,0.0067236093,0.008566137,0.011265124,0.014804105,0.018153256,beahy5ho.png,0,validation
0.00039449785,0.010485678,0.000744593,0.0006664586,0.0014115208,0.0023386823,0.0039558234,0.0060134004,0.008986301,0.011676887,0.015511103,0.020251889,0.02350376,begt1rxn.png,0,validation
0.00038506117,0.010557799,0.00081301754,0.0007285659,0.0013457319,0.0022758208,0.0041078953,0.0068602646,0.011068519,0.015084394,0.021525957,0.030893158,0.040427282,berj9qa0.png,0,validation
0.00028052242,0.008950647,0.0006613459,0.0005824803,0.0010523214,0.0017696614,0.003080276,0.004800203,0.0071860175,0.009342922,0.012568802,0.016685702,0.019796047,bfgcb4jg.png,0,validation
0.0005171342,0.010549749,0.00184833,0.0010400969,0.001805655,0.0028681045,0.004922775,0.0079980865,0.013142261,0.018504338,0.027489204,0.040147785,0.05027056,bfkbffah.png,0,validation
0.0008653547,0.013308509,0.0014587942,0.0013852863,0.0024939931,0.0041449578,0.007454375,0.012576523,0.021018604,0.029808745,0.044818576,0.068186596,0.08466653,bfnz21bq.png,0,validation
0.00030259966,0.009529823,0.0006385633,0.0005329684,0.0010917089,0.0018049369,0.003071423,0.0047283527,0.007048405,0.009036693,0.0117971655,0.015057937,0.017110076,bgb35wc8.png,0,validation
0.00034940528,0.009923158,0.0008476886,0.000687472,0.0012410313,0.0020343843,0.0034196281,0.0052102185,0.0077748876,0.010059005,0.0132292565,0.017092796,0.01931717,bgcate9r.png,0,validation
0.00033104204,0.009453709,0.00072544185,0.00070775626,0.0012091523,0.0020323917,0.0035183984,0.0055817324,0.008897707,0.012138623,0.016992763,0.024104381,0.03242184,bgvsitnt.png,0,validation
0.00032423323,0.0092926,0.00092811714,0.000728014,0.0011922949,0.002004556,0.0034523213,0.0053752223,0.008110435,0.01058664,0.014440409,0.020343835,0.026274089,bhoq7q5b.png,0,validation
0.0003418357,0.009927415,0.0007045607,0.0006449973,0.0012368142,0.0020646052,0.0035336032,0.005552839,0.0086889425,0.011502654,0.015469005,0.020905985,0.025511382,bhp0mafz.png,0,validation
0.00026973864,0.00912051,0.0006683784,0.0005201886,0.00096059707,0.0015907766,0.0027477695,0.004248971,0.006356368,0.008241052,0.0107075125,0.0139095,0.016698487,bi6qsrer.png,0,validation
0.00034746315,0.0097943675,0.00094554323,0.00077156065,0.0012590926,0.0020807537,0.0034885905,0.0053490154,0.00817696,0.010819631,0.014911409,0.02118183,0.027822733,bidsb7s0.png,0,validation
0.000293273,0.009195488,0.00065922824,0.00057848915,0.0010691545,0.0017834968,0.003045459,0.004706938,0.0071864394,0.00954313,0.013190811,0.018181613,0.022590334,biedbznm.png,0,validation
0.00031076113,0.0095862495,0.00068815047,0.0005618467,0.0011336146,0.0018770408,0.0031981408,0.005012205,0.007918636,0.010497768,0.014458645,0.02011916,0.024574552,bksszvvr.png,0,validation
0.0002838379,0.009001896,0.00065143156,0.00058022636,0.0010544546,0.0017587988,0.0029779316,0.0044773123,0.0064814873,0.008224608,0.010899934,0.014209912,0.017282346,bl6sgw2n.png,0,validation
0.00030949846,0.009476585,0.00079567777,0.0006417271,0.0011034773,0.0018242032,0.0031055082,0.004841114,0.0074418588,0.009761372,0.01323746,0.018015362,0.022079904,blc4wa1b.png,0,validation
0.00056166935,0.011703548,0.0012028255,0.0009430715,0.0018568231,0.0030934436,0.005434002,0.009092713,0.015606885,0.022275759,0.033622403,0.052910216,0.073409215,blf8bimh.png,0,validation
0.00053015247,0.010725866,0.0016148838,0.001189137,0.0016544361,0.0027524885,0.004935182,0.008209122,0.013635514,0.01928274,0.028092476,0.041085336,0.05408237,bli4z3yp.png,0,validation
0.0002980416,0.009213984,0.0006882779,0.0006120894,0.0010978148,0.0018444834,0.0031546706,0.004848067,0.0071483306,0.009022578,0.011544757,0.014741547,0.017521106,blu27xnp.png,0,validation
0.0003069846,0.009460206,0.0007877843,0.0006319955,0.0011154948,0.0018542843,0.0031605014,0.0049304045,0.0074841147,0.009742199,0.013067218,0.017577395,0.02102609,blvboqos.png,0,validation
0.0009500753,0.013444119,0.00200273,0.0016796673,0.0027488577,0.0046194643,0.008477829,0.01462222,0.0249935,0.035777055,0.0544596,0.0840168,0.10471619,bnxnb4xt.png,0,validation
0.00036929778,0.0101367915,0.0007283729,0.00060447276,0.0013083202,0.002179156,0.0037334242,0.0058479053,0.009114366,0.011966356,0.016183548,0.021680351,0.025141587,bpde5nxt.png,0,validation
0.00033916414,0.0098088635,0.0007044112,0.00058208086,0.0011903448,0.0019668392,0.003383361,0.005342015,0.0084625445,0.011376372,0.01592859,0.022433361,0.027731745,bpp6q5oz.png,0,validation
0.00034505958,0.009844425,0.00074460066,0.0006147485,0.0012438818,0.002074834,0.003609217,0.0057489066,0.00913799,0.012169363,0.017113233,0.02479018,0.031670056,bpvr9lyo.png,0,validation
0.00058278523,0.010740333,0.0025358591,0.0012899175,0.0020485152,0.003200181,0.0053801956,0.008598427,0.013901791,0.019264635,0.028111469,0.040096324,0.051363345,bqp3jh7u.png,0,validation
0.00034811033,0.009904414,0.00082574366,0.0007204264,0.001271552,0.00214649,0.0037610703,0.006082712,0.009588199,0.01295692,0.018525267,0.026664136,0.035538405,btr23qiu.png,0,validation
0.0009251638,0.013348546,0.0019958075,0.0015425285,0.0026273837,0.004349446,0.007861286,0.013391177,0.022803364,0.032694336,0.049592078,0.074476674,0.091081835,btx5u2pc.png,0,validation
0.0003154643,0.009623715,0.00074426597,0.0005779629,0.0011751975,0.001969336,0.0034246054,0.0053429096,0.008187594,0.010604861,0.014328137,0.019749207,0.02456064,bu7tidah.png,0,validation
0.0006492206,0.012084114,0.0017509809,0.0013795667,0.002288927,0.0037810395,0.0065016737,0.010319259,0.016479515,0.022602787,0.03287282,0.04965449,0.06685549,bv50hya1.png,0,validation
0.00033164228,0.00949744,0.0007757556,0.00071119535,0.0012089779,0.002053465,0.0036646952,0.006035524,0.009713606,0.01318431,0.018903567,0.028320665,0.0384344,bwm6g5xt.png,0,validation
0.00031155668,0.009289158,0.0008084443,0.00061604637,0.0011387626,0.0018961475,0.003251976,0.0051128888,0.007858945,0.010540376,0.015073519,0.021019878,0.025583941,bwzduadf.png,0,validation
0.0008746863,0.013159668,0.0016194239,0.0014733459,0.0025505347,0.0042405077,0.0076794983,0.013106822,0.022090906,0.031277865,0.047350883,0.07282824,0.090683505,bx35943y.png,0,validation
0.00030351893,0.009280223,0.0007026712,0.000623431,0.0011185384,0.0018737843,0.0031928858,0.004878291,0.0073185423,0.009570306,0.01304811,0.017514948,0.02195515,by8nhq4h.png,0,validation
0.00030378337,0.009144253,0.00074285065,0.0006458549,0.0011194117,0.0018897457,0.0032732212,0.0052440306,0.008609775,0.011975828,0.016893003,0.02371515,0.031138748,byecw162.png,0,validation
0.00035400025,0.010056828,0.00069027033,0.00058483,0.0012267509,0.0020104705,0.0033947842,0.0051504658,0.007618918,0.009731347,0.012806222,0.016754895,0.019398909,bzn90qj1.png,0,validation
0.00033582546,0.010176342,0.0007624955,0.00063351955,0.0011711452,0.001923979,0.003260945,0.004989529,0.0072978446,0.009347182,0.012255521,0.016003339,0.019145593,bzuo7mtc.png,0,validation
0.00039465007,0.010533152,0.0007791944,0.000704736,0.0013051974,0.0021947206,0.0039214273,0.006440179,0.0104471855,0.014170268,0.020467527,0.030195525,0.039185468,c11ertj5.png,0,validation
0.0010240093,0.013842168,0.0024316153,0.0017703859,0.0028716766,0.0047561894,0.008600522,0.01468559,0.0247716,0.03492896,0.052014843,0.07813624,0.0964926,c14hxy10.png,0,validation
0.0003991325,0.010935856,0.00086032314,0.0007242416,0.0013473058,0.0022470825,0.003967011,0.0063891723,0.009978333,0.013439697,0.018858206,0.0273852,0.036198046,c1m3o55i.png,0,validation
0.00033338758,0.009913427,0.000656518,0.0006110592,0.0012330909,0.0020618506,0.0035512492,0.005584032,0.008718508,0.011380938,0.015136999,0.019831022,0.02349769,c1pox3is.png,0,validation
0.00057350483,0.011705815,0.0012493386,0.0009595507,0.0018811492,0.0031456274,0.0055257366,0.00914778,0.015645586,0.022170942,0.033074245,0.05175232,0.07156862,c1qbh5gv.png,0,validation
0.0010184948,0.013832129,0.0022347604,0.0017970791,0.002806688,0.0046427394,0.008450036,0.014608403,0.025339182,0.03678019,0.05674062,0.087809324,0.108852334,c21p4u0n.png,0,validation
0.0003339148,0.009357221,0.0009134694,0.0007392646,0.0011908677,0.0020215446,0.0036568095,0.006095448,0.009696375,0.01317854,0.019132782,0.028548762,0.03983611,c2j3tk2h.png,0,validation
0.00031555071,0.0096386215,0.0007576275,0.0005949612,0.0011480206,0.0019144755,0.0032372898,0.0049193325,0.007373374,0.009436913,0.012316931,0.01609824,0.018974347,c3flzq9s.png,0,validation
0.00028777422,0.009089227,0.0006678726,0.0005741622,0.0010652929,0.0017747429,0.002962652,0.0044660615,0.0065962346,0.008547178,0.01136714,0.015041924,0.018025653,c3hb9yta.png,0,validation
0.0003336903,0.009833698,0.00074449216,0.0005843904,0.001209433,0.002032156,0.003515065,0.005486871,0.008350184,0.010857616,0.014739081,0.020507071,0.02561475,c3pxuu53.png,0,validation
0.00031730594,0.009447776,0.0006944451,0.0006369438,0.0011773785,0.001970595,0.003347526,0.005099649,0.0075557185,0.009736628,0.012981271,0.017061353,0.02054144,c427qsfo.png,0,validation
0.00033068287,0.009804765,0.0007551164,0.0005982981,0.0012167015,0.0020411122,0.0035261484,0.0054523293,0.008344408,0.010840253,0.014358797,0.018924437,0.022520842,c5am98c3.png,0,validation
0.00030583475,0.0095549645,0.00072664913,0.0005797671,0.0011390669,0.001888017,0.0031321312,0.004705422,0.0069352374,0.0088320365,0.011444906,0.014557167,0.016993547,c5t02ye5.png,0,validation
0.00033123058,0.009538391,0.0008155766,0.0007115213,0.0012116296,0.0020563747,0.0035758761,0.005594816,0.008505928,0.011203953,0.015286805,0.02103818,0.026755141,c6on90ki.png,0,validation
0.00043173222,0.0106470585,0.00079058495,0.00070040923,0.0015144612,0.0024963324,0.0043153497,0.006935502,0.011275864,0.015624797,0.023144122,0.034676306,0.044444155,c74lpprf.png,0,validation
0.0002809046,0.009194081,0.0006676352,0.0005525609,0.0010369014,0.0017247881,0.0029382592,0.0045281854,0.0067264806,0.008651684,0.011434789,0.014892643,0.017472645,c88bxw8p.png,0,validation
0.00033496812,0.009748546,0.00067292794,0.00055519387,0.001203434,0.002013781,0.0034847297,0.0055615534,0.008719898,0.011605632,0.016267588,0.02267794,0.02736951,c8bq1fju.png,0,validation
0.00033436206,0.00983224,0.0007587798,0.0006930297,0.0012185287,0.002040776,0.0035324593,0.0055495435,0.00839289,0.010951176,0.014914317,0.020927818,0.026777375,c8r6sagl.png,0,validation
0.0003014062,0.009263493,0.00075194135,0.0006262176,0.0011259082,0.0018847656,0.0031972616,0.004879187,0.007141006,0.009085935,0.011878605,0.015849525,0.019590218,c8vwg5zg.png,0,validation
0.0004787051,0.011350404,0.0012308818,0.0009219744,0.0015924742,0.0026744327,0.004754589,0.0077460124,0.012187712,0.01638014,0.023104612,0.033225954,0.042789318,c960hlxp.png,0,validation
0.0003804852,0.010213543,0.0007627749,0.00067498535,0.001345527,0.002220955,0.0037765496,0.005834767,0.008968525,0.011832431,0.01593725,0.020922836,0.02380414,c962pibb.png,0,validation
0.00029405675,0.0090894075,0.000751139,0.0006066664,0.0010924579,0.0018371966,0.0031371128,0.004776328,0.007155468,0.009166785,0.011990001,0.015393655,0.018376313,c9zpepxr.png,0,validation
0.00028177572,0.009217503,0.0006791384,0.0005443716,0.0010368307,0.0017399743,0.002979968,0.0046156202,0.0070864256,0.009330208,0.012541019,0.016835768,0.020877285,ca1yuf5y.png,0,validation
0.0002943461,0.0093341945,0.0007345992,0.00056990085,0.0010850552,0.0018201403,0.0031287917,0.004759258,0.0070834025,0.009245596,0.012219054,0.015825955,0.018923178,cahf0tv3.png,0,validation
0.00032807537,0.0093444,0.0008330279,0.00073145254,0.0012301465,0.0020839272,0.0036055672,0.0056711743,0.008554731,0.011160151,0.014996792,0.020306312,0.025491385,cajvrb0s.png,0,validation
0.00038415077,0.010318438,0.0007387372,0.0006779491,0.0013317128,0.0021725302,0.00364586,0.005593154,0.008508832,0.011165016,0.015151555,0.021013994,0.025741005,cayt5fu6.png,0,validation
0.00039325652,0.010433625,0.000863722,0.000759324,0.001307573,0.0021334002,0.0035973073,0.005488178,0.00823678,0.010665347,0.014293417,0.019010777,0.022116601,cb3l26yx.png,0,validation
0.00035315065,0.010064913,0.0008146789,0.00066802156,0.001252261,0.0020330232,0.0033486884,0.005064861,0.007669466,0.010114449,0.013732929,0.018960077,0.022693403,cbrx5h3h.png,0,validation
0.00028280835,0.008903079,0.0006911948,0.0005784443,0.0010455837,0.0017487841,0.0029909955,0.0046349745,0.007099071,0.009503991,0.013572369,0.019528557,0.025950657,cbtjg4pa.png,0,validation
0.00033654898,0.009835772,0.00074583234,0.0006002334,0.0012395517,0.0021008512,0.0036787214,0.0057802564,0.008949111,0.0118736,0.01615398,0.021936951,0.026911622,cc8i7htd.png,0,validation
0.00082625996,0.0134475175,0.0015347509,0.0013956456,0.0024123003,0.0040082308,0.0072486503,0.012311928,0.020615373,0.029127572,0.043305356,0.0653143,0.08094572,cchbfxjz.png,0,validation
0.000297028,0.009115191,0.0006785496,0.00061426824,0.0011198333,0.0018894599,0.0032335152,0.004983895,0.0074357227,0.0096477335,0.013083119,0.018025707,0.022749051,cd75x1yb.png,0,validation
0.0003017727,0.00913652,0.00077804376,0.0006473818,0.0011148801,0.0018708896,0.0032095402,0.004984498,0.0074111368,0.009473777,0.0124359485,0.016380936,0.0201556,cegz2yh1.png,0,validation
0.0003125751,0.009455443,0.00067400606,0.00062435376,0.0011510751,0.0019279124,0.0032792878,0.005002593,0.007315353,0.009230098,0.011945958,0.0154483,0.018402694,cgawsm54.png,0,validation
0.0009737827,0.013701658,0.0018256849,0.0016328538,0.00277779,0.0046062074,0.008267481,0.013918696,0.02351014,0.033477295,0.050479423,0.07617582,0.09320525,cgmfkft7.png,0,validation
0.00035711075,0.0097716935,0.00088170427,0.00079066324,0.0012926604,0.0021920358,0.003842017,0.0061337957,0.009201532,0.01207752,0.016417501,0.02260302,0.029272407,ch71zskx.png,0,validation
0.00028295734,0.009266953,0.000725629,0.000568393,0.0010224368,0.0016796719,0.0027893991,0.0041863574,0.006080017,0.007767217,0.010037611,0.012945763,0.015398502,chkmyuju.png,0,validation
0.0003178325,0.009492978,0.00073437684,0.00066212734,0.0011701215,0.0019643437,0.003419197,0.0054146294,0.008137706,0.010483457,0.014132319,0.019551527,0.025618108,cjg5u5lk.png,0,validation
0.00040582698,0.010522765,0.00087423594,0.000770137,0.0013549776,0.0022994212,0.004208197,0.00700002,0.011137965,0.014931026,0.020633176,0.028371366,0.036298655,cjp91ik9.png,0,validation
0.00035111475,0.0105631985,0.0008447377,0.0006399424,0.0011838475,0.0019269214,0.0032680081,0.0051415646,0.007957811,0.010503575,0.014134429,0.018956156,0.022984006,cjxfxvv9.png,0,validation
0.00031297724,0.009224215,0.00069520564,0.0006612575,0.0011499377,0.0019705652,0.0035413548,0.005764727,0.008944039,0.011917123,0.016217489,0.0220647,0.027299652,ckonrhhk.png,0,validation
0.0003864841,0.010301142,0.0007006084,0.0006513723,0.001340822,0.0021953133,0.0037649525,0.006033814,0.009920866,0.013873514,0.020288654,0.0292868,0.035869036,cl07omp1.png,0,validation
0.00027844976,0.009015978,0.00070394145,0.0005749804,0.0010084091,0.0016868807,0.0029044333,0.00450516,0.006722145,0.008582382,0.011170341,0.014426775,0.017333325,clhovu5w.png,0,validation
0.00030970506,0.009499945,0.000743413,0.0006299546,0.0011299268,0.001913178,0.0033297492,0.00504297,0.0073606824,0.009419441,0.01249196,0.016873367,0.02011492,cmn3dn1g.png,0,validation
0.00039099163,0.010517319,0.00078323233,0.00065678847,0.0013812761,0.0022616007,0.0037893318,0.0057691825,0.0086612,0.0112255905,0.014796888,0.019262625,0.022194857,cnw4feai.png,0,validation
0.00037516843,0.010471063,0.0008667806,0.0007560847,0.0013182559,0.002219779,0.003950937,0.006391618,0.009942045,0.013196997,0.01807864,0.024956776,0.03092455,cnw4plgy.png,0,validation
0.0003263588,0.009524043,0.00075718545,0.0007030745,0.0011920482,0.0020042309,0.0034480013,0.0053434875,0.007836249,0.010128154,0.013679009,0.018842507,0.023875093,copzx6c7.png,0,validation
0.00035594183,0.009936699,0.00082196365,0.00066174316,0.0012818527,0.0021558886,0.003791763,0.006033374,0.009687076,0.013167171,0.018249976,0.025339618,0.030871252,cp5lwshy.png,0,validation
0.00053931493,0.010927335,0.0019585027,0.0010981561,0.0018589443,0.0029278384,0.0048492793,0.007576705,0.0121007105,0.016699769,0.024158968,0.034422103,0.04278521,cpt3s7az.png,0,validation
0.00030776116,0.009556501,0.00071808713,0.00063928025,0.0011154623,0.0018582041,0.003203943,0.0050059166,0.007644179,0.01000575,0.013368905,0.01818514,0.023072775,cq7g4asm.png,0,validation
0.0002938413,0.009120394,0.0006586835,0.00060721877,0.0010879941,0.0018154013,0.0031084751,0.004858953,0.0073402505,0.009598625,0.013072963,0.01739585,0.021231335,crjav6ni.png,0,validation
0.0009128257,0.013379332,0.0018052731,0.0015348463,0.0026130152,0.004340212,0.007867359,0.013502751,0.023074292,0.033054315,0.049909208,0.07476881,0.09111017,crpg949o.png,0,validation
0.00030205018,0.009349957,0.0006882685,0.00062153116,0.0010974688,0.0018523112,0.0032468343,0.0050813844,0.007624679,0.009860524,0.013271205,0.018142093,0.0226121,crzxc4vn.png,0,validation
0.00032459572,0.009314613,0.0008335033,0.00070543075,0.0012035022,0.0020390353,0.0035409892,0.005563132,0.008357575,0.010715926,0.014282259,0.019370774,0.023949862,csc4uzt8.png,0,validation
0.000593622,0.01094341,0.0024553414,0.001259107,0.0020727918,0.0032610637,0.005535823,0.00901326,0.015021095,0.021221329,0.031593204,0.046563964,0.059630174,ct8oilm3.png,0,validation
0.00035629305,0.009975519,0.0008672742,0.0007612034,0.0012574142,0.0021337369,0.0038188158,0.0063214498,0.010303182,0.014156524,0.020475166,0.030882254,0.041934352,ctbbitd1.png,0,validation
0.0003169643,0.00950238,0.00074796786,0.0006709715,0.0011172144,0.0018726842,0.0032840294,0.0052163587,0.00816432,0.011020879,0.015372605,0.020671027,0.024452567,ctzkjcgz.png,0,validation
0.00039434983,0.0103353625,0.00073504075,0.00063123874,0.0014131268,0.002336121,0.0039809733,0.006150258,0.009499021,0.012685695,0.018099612,0.025959652,0.032457095,cud50stn.png,0,validation
0.000670298,0.012294153,0.0017552597,0.0014135969,0.0023354494,0.003834305,0.006615345,0.010606407,0.017030936,0.023227349,0.033943273,0.051823672,0.069956936,cun91wg3.png,0,validation
0.0008502157,0.013538579,0.0016336666,0.0014131139,0.0024375713,0.004024063,0.0072025377,0.01206786,0.02028487,0.028799364,0.043525793,0.06712305,0.08360444,cux0ea6t.png,0,validation
0.00037117352,0.010258676,0.0007921851,0.00066861324,0.001306222,0.002142964,0.0035993408,0.0054992945,0.008369883,0.011030398,0.015178557,0.020978572,0.0252086,cv4s6v6v.png,0,validation
0.0003599707,0.0101333605,0.0007067621,0.00062759774,0.0012707802,0.002089471,0.0035961994,0.005749713,0.009364807,0.012850297,0.018769315,0.028431837,0.038268816,cvigu0us.png,0,validation
0.0003454741,0.010024684,0.0008440516,0.0007014917,0.0012502832,0.0020823607,0.0035690225,0.0056227227,0.008907576,0.011944214,0.01622886,0.022428581,0.028801661,cw8ixlsl.png,0,validation
0.00036800138,0.009940557,0.00068621343,0.0006366347,0.001267079,0.0020892925,0.003631219,0.0058236816,0.009164458,0.012426848,0.017627504,0.02452025,0.029395519,cwbdgqks.png,0,validation
0.00048008485,0.011159291,0.0008848681,0.0008063214,0.0015096623,0.002514799,0.0045536025,0.007748458,0.013242546,0.018376114,0.02613705,0.03760252,0.047883805,cwjqwv3u.png,0,validation
0.00028397865,0.009024957,0.0007339835,0.0005652853,0.0010617459,0.0017842507,0.0030636403,0.00471866,0.0072425692,0.009642223,0.013305509,0.018316507,0.02329916,cwpkp8i1.png,0,validation
0.00030324844,0.009402926,0.00075887627,0.0006051138,0.0011196218,0.0018790219,0.0032428447,0.005048492,0.0075529176,0.00973117,0.012606592,0.016352132,0.01915083,cxgqbedw.png,0,validation
0.00037871458,0.010480402,0.0007774453,0.00067735155,0.0013540087,0.0022267743,0.0037265746,0.0056365505,0.008400907,0.010976879,0.014980698,0.020494778,0.024732886,cxn0kbix.png,0,validation
0.00029572102,0.009567555,0.0006697692,0.0005723606,0.0010877714,0.0018149469,0.0030582391,0.004673846,0.0070329835,0.009092152,0.012111534,0.016795069,0.021132907,cxy13vw4.png,0,validation
0.00032988048,0.00968177,0.0007473078,0.0006788606,0.0011625536,0.0019366889,0.003288917,0.0049729277,0.0071921805,0.009165899,0.012108067,0.01614498,0.01931468,cydctq1l.png,0,validation
0.00032505812,0.009780881,0.0007266401,0.00060235214,0.0012032359,0.0019923477,0.003330036,0.0050558783,0.0074722935,0.009528035,0.012284437,0.015552662,0.017569963,cygo06p9.png,0,validation
0.0003417704,0.009951726,0.0007585086,0.0005960799,0.0012333809,0.002044854,0.0034572456,0.0051988848,0.007671992,0.009834954,0.012926169,0.01699273,0.019838424,cz3pnbai.png,0,validation
0.00033624726,0.009729693,0.00069801055,0.0005734245,0.0012216804,0.0020745646,0.003653551,0.0058336365,0.00919201,0.012314066,0.017218072,0.02450011,0.030443793,czemuhtp.png,0,validation
0.00042793574,0.010301089,0.0008246575,0.0007752175,0.0014194342,0.002382878,0.004272719,0.0071301437,0.012293243,0.017548358,0.025622798,0.03835507,0.050894476,czep8r7h.png,0,validation
0.00030779743,0.009366165,0.0007616209,0.00062547205,0.0011188826,0.0018688535,0.0032378705,0.005097942,0.007776206,0.010177704,0.013984245,0.019406047,0.024472244,d019lzh3.png,0,validation
0.00034350992,0.009760519,0.00084598927,0.00073581655,0.0012332563,0.0020934483,0.003687993,0.0059835585,0.009446154,0.012592841,0.017460644,0.024736062,0.03254254,d1wismja.png,0,validation
0.00032399708,0.009586341,0.0006668525,0.00058752834,0.0011514712,0.001877937,0.003120044,0.004735334,0.007027973,0.009099288,0.012329957,0.016500138,0.019579701,d2d2rmg4.png,0,validation
0.00038943518,0.01021338,0.00074306864,0.000665681,0.0013986097,0.0023244312,0.003979291,0.006177527,0.009337213,0.012128036,0.016252117,0.02108471,0.0240604,d5671kx2.png,0,validation
0.00032984413,0.009783704,0.0007169136,0.00057910284,0.0012019754,0.0020144193,0.0034971565,0.0054958905,0.008312887,0.010806458,0.01441486,0.019291798,0.023517923,d56tsyi5.png,0,validation
0.00033126512,0.009545324,0.0008704338,0.0007037709,0.0012235165,0.0020294306,0.0033470148,0.004900904,0.0070109926,0.008878251,0.011413037,0.014557039,0.017067892,d5guhjeo.png,0,validation
0.0009691939,0.0134700015,0.001930453,0.001670192,0.0027558776,0.0046058395,0.008451836,0.014672458,0.0252521,0.036024887,0.054316774,0.08234724,0.10179905,d5ouvpva.png,0,validation
0.00056328153,0.011669027,0.0012301265,0.00093283056,0.0018538935,0.0031007724,0.0055124746,0.009237719,0.015856855,0.022650572,0.034381162,0.05442692,0.07633698,d61vaawt.png,0,validation
0.00030098035,0.0093017835,0.000703821,0.0006072786,0.0010938282,0.0018427288,0.003190977,0.004983047,0.007525387,0.009817199,0.013320174,0.018147983,0.022149835,d7kl9int.png,0,validation
0.00033200532,0.009579681,0.00077885285,0.0006940782,0.0012000118,0.0020363797,0.0035948225,0.005777563,0.009015475,0.012037422,0.01671494,0.023720883,0.030366564,d8kj0qbh.png,0,validation
0.0009936086,0.013468756,0.0023725303,0.0018304293,0.0027654893,0.0045691244,0.008262384,0.014341271,0.025027523,0.036367822,0.05607875,0.086702354,0.10794719,d8ktzkxj.png,0,validation
0.00037477532,0.010444442,0.00075379177,0.0006846246,0.0012856503,0.002136981,0.0037494365,0.006114727,0.009803178,0.01321999,0.018960476,0.027120557,0.034604456,d8ur6tia.png,0,validation
0.00032784085,0.009656963,0.00075849553,0.0006689802,0.0012105994,0.0020451944,0.0035427695,0.005515614,0.008166935,0.010469881,0.013957525,0.019017946,0.023778068,d8yyjcvo.png,0,validation
0.00027500384,0.008982508,0.00062641106,0.00056293356,0.0009968402,0.0016623581,0.002893708,0.004594878,0.007117844,0.009352749,0.012702965,0.017583445,0.022536358,d9er94te.png,0,validation
0.00030522462,0.009073367,0.0008004151,0.0006485693,0.0011400785,0.0019325186,0.0033672825,0.0052574757,0.007972858,0.010392347,0.014279346,0.01996393,0.025699232,d9gkltmg.png,0,validation
0.00034638887,0.010101652,0.00076550315,0.0006601573,0.0012087661,0.0020217532,0.0035073913,0.005605051,0.008637157,0.011478712,0.015977541,0.022324868,0.027921101,da5fe1oh.png,0,validation
0.00031957554,0.00960474,0.0006511383,0.00055205595,0.0011365071,0.0018877235,0.0032148336,0.0049626348,0.007577396,0.009975631,0.01355742,0.018282995,0.021654276,dar383jw.png,0,validation
0.00031837073,0.009518173,0.0006864476,0.00063951313,0.0011733635,0.001971449,0.0034813252,0.005624275,0.008797744,0.012070981,0.017548986,0.02536711,0.031084616,dbsiwfvi.png,0,validation
0.00030928556,0.009292155,0.00072560814,0.00063328276,0.0011638914,0.0019571236,0.0033592577,0.0052179443,0.008034893,0.010506625,0.014247202,0.019734772,0.024582047,dbyuftcq.png,0,validation
0.0002859818,0.009175148,0.0007258923,0.0005678346,0.0010615677,0.0017768348,0.0029970906,0.004544486,0.0066238926,0.008347255,0.010677238,0.013271574,0.015595913,dc1de4b7.png,0,validation
0.0009545684,0.013448515,0.0021684654,0.0016357172,0.0027043794,0.0044766646,0.008067248,0.013701643,0.02310016,0.032705996,0.0487786,0.0728391,0.0891482,dcn1wtul.png,0,validation
0.0003019489,0.009385407,0.00063517166,0.0005273301,0.0010979222,0.0018125214,0.0030593723,0.0046611703,0.0067893732,0.008490348,0.010895717,0.014019881,0.016271671,dcppocbd.png,0,validation
0.00033064914,0.009813361,0.000766421,0.00063871214,0.0011967891,0.0019654802,0.0032994128,0.0050803316,0.007623853,0.009716097,0.012598371,0.016542077,0.01997446,dd7erhqi.png,0,validation
0.0002811501,0.0090448605,0.0006717314,0.00058106537,0.0010350372,0.0017333418,0.0029871366,0.004647608,0.006941284,0.008878269,0.011565725,0.014745585,0.01748011,ddd27d9a.png,0,validation
0.00048702143,0.010167248,0.0016849827,0.0012436494,0.0016690474,0.002778737,0.00488935,0.008037684,0.013381238,0.018981561,0.02896722,0.045867365,0.06398058,de74v6ao.png,0,validation
0.0007077206,0.011591918,0.0017500496,0.0015311996,0.0021103774,0.0035940986,0.006688693,0.011460384,0.019361448,0.0273774,0.040509343,0.060778677,0.07685273,dew31xfj.png,0,validation
0.00033205227,0.01009997,0.0007215051,0.00060761854,0.0011725618,0.0019141573,0.003224675,0.004934779,0.0074712546,0.009781162,0.013168885,0.017717708,0.0222108,dh7tyfwg.png,0,validation
0.0002725642,0.009116666,0.00059542153,0.0005292263,0.0009962412,0.001667596,0.0028366414,0.004346053,0.0063452027,0.0079853125,0.010293225,0.013282509,0.015700398,di53cd0z.png,0,validation
0.00036013272,0.0104565285,0.0007434977,0.00069172477,0.0012235276,0.0020078274,0.0034767273,0.0056246663,0.00895237,0.0120488675,0.016761746,0.02400048,0.03138395,didwfo9o.png,0,validation
0.000336134,0.009430251,0.0009005354,0.00072541204,0.0012029054,0.0020615608,0.003766095,0.006444957,0.010829824,0.01488488,0.0213151,0.030963318,0.041720226,dj2ql5u0.png,0,validation
0.0003085445,0.009406928,0.0007492115,0.00063136424,0.0011165101,0.0018725118,0.003205612,0.004848234,0.007234041,0.009499438,0.012727558,0.01683659,0.01971535,djcnr64h.png,0,validation
0.00029738274,0.009360317,0.0007034661,0.000577452,0.0010917723,0.0018377776,0.003183142,0.0049781045,0.0076097776,0.010049295,0.013740427,0.018980656,0.023855677,dk6r9bsl.png,0,validation
0.00031775475,0.009704099,0.0007369711,0.00060865865,0.0011723094,0.001960093,0.0033491892,0.0051490287,0.00780438,0.009990064,0.013040538,0.01672382,0.019628175,dmpf4r66.png,0,validation
0.0004079489,0.010461553,0.0007546159,0.00067736674,0.0014095758,0.0023230882,0.0040002773,0.0063596326,0.009923341,0.013301994,0.018925596,0.027074495,0.033471093,dmr6soh7.png,0,validation
0.00036367538,0.010022157,0.0007190373,0.00064784195,0.001233148,0.0020199106,0.003430713,0.005290309,0.008036057,0.010551928,0.0143429525,0.019187944,0.022648972,dncef1nb.png,0,validation
0.0002926323,0.009333852,0.0007077678,0.00057548867,0.0010764131,0.001785842,0.00297056,0.0044446485,0.006458001,0.008210123,0.010594321,0.01333219,0.015564787,dnvqj4u4.png,0,validation
0.00038703173,0.010351022,0.0008985729,0.00072622974,0.0012619339,0.0020280445,0.0034443869,0.0055007427,0.0087590115,0.011799067,0.016180381,0.022192035,0.026142288,doay1m60.png,0,validation
0.0002874169,0.009172038,0.0006049198,0.000562633,0.0010599969,0.001781562,0.0030945162,0.0049191476,0.0077679544,0.010446503,0.014927426,0.021928705,0.028869236,dodwh7hg.png,0,validation
0.00029243296,0.009186716,0.0007132122,0.0005859129,0.0010710924,0.0017831489,0.0029564914,0.004340556,0.006257984,0.008010833,0.010364192,0.013352734,0.015399949,dotcwgfy.png,0,validation
0.0003760726,0.010254667,0.0010764006,0.00082769385,0.0013279016,0.0022121356,0.003848466,0.006192558,0.009641555,0.012758372,0.017789846,0.025661515,0.03443088,dp5pe1yf.png,0,validation
0.00033900441,0.009368536,0.00085550407,0.000749767,0.001225826,0.0020693818,0.0037004598,0.0060709966,0.009693718,0.012949751,0.018254925,0.026383257,0.03542544,dp9zo9fi.png,0,validation
0.0005218108,0.010801721,0.0015046332,0.0011610627,0.0016393539,0.002704882,0.0047557,0.007849618,0.012914647,0.018038226,0.025823459,0.03737509,0.0485897,dpr38ez7.png,0,validation
0.00030151432,0.009257918,0.0007484554,0.0006053335,0.0011127478,0.0018588735,0.0031264785,0.0047020516,0.006960476,0.008942967,0.011671401,0.015203847,0.018304203,dq08sg40.png,0,validation
0.0003287246,0.009499605,0.0008165798,0.0007086674,0.0012013881,0.0020022353,0.0033887464,0.00513706,0.0074640606,0.009574455,0.012644174,0.01649941,0.019614402,dq0ipm5x.png,0,validation
0.00036904254,0.010536816,0.00076914654,0.0006384127,0.0012999468,0.0021572234,0.003715052,0.0058508776,0.009198736,0.012066626,0.01648101,0.023187863,0.02921654,dqmwy777.png,0,validation
0.00036576268,0.010187431,0.00068749144,0.00058365753,0.0012738726,0.0020835612,0.0034732698,0.0052633234,0.007799426,0.010152071,0.013843532,0.018506272,0.021649081,dr0bkn8y.png,0,validation
0.00039892943,0.010464542,0.0007205235,0.0006444333,0.0013508421,0.0021723886,0.003633323,0.0056358,0.008802956,0.011908117,0.017069088,0.024256457,0.030025257,drni7580.png,0,validation
0.00031669898,0.009402796,0.0007387287,0.00067498925,0.0011596192,0.0019224558,0.0032692857,0.0050619,0.007762298,0.01017733,0.013972319,0.019850532,0.025631234,ds9gmyse.png,0,validation
0.00032958543,0.009360614,0.0009604108,0.00074396963,0.0011923206,0.0019936387,0.0034152733,0.0053863493,0.008476549,0.01146784,0.0161423,0.023463452,0.030950507,dtht412e.png,0,validation
0.00037969483,0.010207787,0.0007271402,0.00064270466,0.0012926311,0.0021215891,0.0036558807,0.0057799667,0.008918171,0.011950657,0.01700416,0.02436607,0.030774146,du1gdm57.png,0,validation
0.00040136056,0.010484058,0.0007459063,0.00066627003,0.0014307295,0.0023820882,0.00422551,0.0069149863,0.011265426,0.015195676,0.02109335,0.029063024,0.035346106,dusap51m.png,0,validation
0.0003994491,0.010621884,0.000847719,0.00069938507,0.0013382982,0.002231937,0.0038544973,0.005992799,0.009069913,0.011965872,0.016644198,0.023298651,0.028953038,dvlnknd6.png,0,validation
0.00033913204,0.009779003,0.00081907335,0.0007111815,0.0012131182,0.002027023,0.0035236673,0.005632117,0.008950761,0.012091574,0.016867006,0.023948833,0.03084505,dwk6gz0i.png,0,validation
0.00036763505,0.010114723,0.00066280126,0.0006077793,0.0012821053,0.0021289312,0.0036837335,0.00583294,0.009081217,0.012264354,0.017566975,0.02545792,0.031531796,dxwtfz4m.png,0,validation
0.00029915673,0.00924946,0.0006598103,0.0005900098,0.0010920508,0.0018697598,0.0033264717,0.0054483665,0.008874727,0.012298144,0.01797254,0.026111593,0.03254532,dyw9bvfp.png,0,validation
0.00027718695,0.008937031,0.000692473,0.0005616765,0.001010251,0.0016752677,0.0028032882,0.004291616,0.006552217,0.008731789,0.012114806,0.016722377,0.020865478,dywjc9m9.png,0,validation
0.00030093396,0.009071451,0.000785928,0.0006414246,0.0011016054,0.0018500059,0.0031608064,0.004863208,0.007184683,0.009193436,0.012097165,0.015639788,0.018357417,dyyrmr10.png,0,validation
0.0003190809,0.00964865,0.00082573696,0.00067215454,0.0011539824,0.0019289633,0.003321449,0.005238834,0.007989074,0.010460926,0.014161411,0.019291507,0.023617215,dz608i2w.png,0,validation
0.00034046732,0.0099803135,0.00072542805,0.0006640738,0.0011930563,0.001986262,0.003430108,0.005343851,0.008133579,0.010778091,0.014825149,0.020547524,0.025693843,dzr1yxr2.png,0,validation
0.0002984972,0.009250626,0.0007310157,0.00060235226,0.0010997017,0.0018431544,0.0031408258,0.004860204,0.0072637354,0.009170831,0.011549956,0.014030136,0.015867904,e0eqlpgq.png,0,validation
0.00035083492,0.010069163,0.0008321111,0.0006465672,0.0012651661,0.002102859,0.003569489,0.0055076154,0.008244555,0.010675864,0.014144419,0.01884859,0.022369077,e0pwimya.png,0,validation
0.00033829611,0.00996537,0.0006828205,0.0006183389,0.0012250884,0.002042184,0.0034908787,0.005434261,0.008531754,0.011489263,0.016075032,0.022908526,0.030178467,e0t8ivi4.png,0,validation
0.00029164544,0.009305031,0.00059480395,0.00051499304,0.0010288233,0.0016860717,0.0028819726,0.004491377,0.0068702046,0.008954481,0.012006562,0.016062666,0.019174676,e106syw2.png,0,validation
0.0002755689,0.009061478,0.0006177589,0.000557563,0.0009898832,0.0016589453,0.0028714438,0.0045064054,0.006844759,0.008901292,0.011986111,0.016183496,0.019940818,e11dxku2.png,0,validation
0.0002668571,0.008722479,0.0005998235,0.00054990704,0.0009674313,0.0015973182,0.0026971872,0.0041383607,0.0062630763,0.008288568,0.011179077,0.015063385,0.018667677,e1xtar0k.png,0,validation
0.00044801008,0.010983762,0.000843905,0.00079050456,0.0015346964,0.0025150555,0.004259681,0.006707384,0.010722297,0.014470014,0.01979774,0.027393974,0.03306362,e2mhopqh.png,0,validation
0.00030483052,0.009233987,0.00070697156,0.00064961944,0.0010951436,0.001827477,0.0031762565,0.005004208,0.007753431,0.010292159,0.014194073,0.019663118,0.025309332,e30jp7wx.png,0,validation
0.0003176598,0.009688092,0.0007067149,0.0005629384,0.0011679146,0.0019494805,0.0033614305,0.0053544203,0.008641564,0.011955065,0.017356632,0.026182815,0.035975933,e3meyamw.png,0,validation
0.00043309527,0.010378191,0.00085408567,0.0007717945,0.0014689969,0.0024914234,0.004535608,0.0076809134,0.013094428,0.018545024,0.026326546,0.03795355,0.048631445,e4wwopzq.png,0,validation
0.00052049337,0.011102137,0.0012727411,0.0010037255,0.0016514638,0.0025936177,0.0043885172,0.006991995,0.011186209,0.015319471,0.021824542,0.03098255,0.03743248,e4zbsvbn.png,0,validation
0.00034385975,0.009681598,0.00081793754,0.000739117,0.001216332,0.0020399499,0.0035514957,0.0056269863,0.008534837,0.011322078,0.015815064,0.022603087,0.0296063,e57kvcno.png,0,validation
0.00038936734,0.010167896,0.00077828165,0.0006626518,0.0013488852,0.002235512,0.0038511856,0.006052653,0.0093627535,0.012315805,0.016991979,0.023528673,0.029095134,e5lbv5pg.png,0,validation
0.0009701645,0.01347034,0.002024777,0.0016790567,0.0027392535,0.0045799646,0.008386708,0.014548348,0.025173273,0.035937857,0.05449995,0.08319075,0.10363335,e7dks9io.png,0,validation
0.00031712445,0.009690436,0.00068708445,0.0005692831,0.0011654773,0.0019345051,0.0032893405,0.005025864,0.0074653747,0.009518872,0.012196951,0.015500269,0.01818183,e7iajy8a.png,0,validation
0.0003208126,0.009444088,0.00078164676,0.0006715967,0.0011897766,0.0019925218,0.0033554349,0.005143474,0.0076928614,0.00999222,0.01355236,0.018401515,0.022755159,e7olztod.png,0,validation
0.00029638255,0.009332202,0.00070554815,0.000592361,0.001076996,0.0017837317,0.0029790974,0.004521487,0.0067012263,0.008671726,0.011584232,0.015363954,0.018249322,e82eyou5.png,0,validation
0.00033848063,0.00986442,0.0007154591,0.00060024165,0.0012442295,0.0020677242,0.003499746,0.0053677913,0.008039008,0.010486943,0.014391314,0.02003821,0.024164068,e89ytmqs.png,0,validation
0.00036365484,0.010100252,0.0006411252,0.00061239576,0.001287259,0.0021233805,0.0036401346,0.0056870184,0.008753939,0.011663308,0.016478986,0.023652365,0.028766694,e95vz90f.png,0,validation
0.00036431372,0.010098755,0.00073051045,0.00059857726,0.0013119855,0.0021918311,0.0037510702,0.0058186078,0.008898516,0.0119292345,0.016788378,0.023810674,0.028309647,e9pn93zg.png,0,validation
0.00041792847,0.011045963,0.00083756587,0.000769527,0.0014064802,0.0023428306,0.004146312,0.0067844545,0.010810183,0.014760704,0.020824978,0.029325228,0.036969256,ea1igsxq.png,0,validation
0.0003015235,0.009079293,0.00076758943,0.0006597242,0.0011119429,0.0018615607,0.003164481,0.0048613003,0.00716866,0.009251201,0.012480165,0.017034344,0.020585878,ea88ejff.png,0,validation
0.00029244367,0.009073229,0.0007820074,0.0005954306,0.0010724085,0.0017895072,0.0030597842,0.0047318656,0.0071810847,0.009303125,0.012278022,0.015959743,0.019521987,ece8ftxk.png,0,validation
0.00029559733,0.009228752,0.0007107475,0.0005893403,0.0010900556,0.001804662,0.0030195196,0.0045571737,0.006715507,0.0087198885,0.011531791,0.015371438,0.018980915,ed72pmhe.png,0,validation
0.000271527,0.009147339,0.00059894094,0.00052562257,0.0009883933,0.001636118,0.002781826,0.004275632,0.00640641,0.008247667,0.010807263,0.0140024405,0.016703043,edtcxnmj.png,0,validation
0.00030778337,0.009243346,0.00073087926,0.00062533846,0.0011111673,0.0018468807,0.003139897,0.00481421,0.007123321,0.00919171,0.012376551,0.016492784,0.019913198,eers3w78.png,0,validation
0.00030487857,0.009072202,0.00067602197,0.00064786425,0.0011187516,0.0019042409,0.0034328478,0.005692867,0.009456612,0.013178518,0.019197803,0.028491748,0.039105576,ef3knz73.png,0,validation
0.0003029142,0.009677835,0.00071625295,0.00056315487,0.0010877936,0.001797031,0.003070832,0.0047178417,0.007085386,0.009103118,0.011997133,0.016014177,0.019373368,efosy0vy.png,0,validation
0.00031637933,0.00942008,0.0007079217,0.00064322463,0.0011329859,0.0019015004,0.003294228,0.0051705716,0.007709762,0.009917723,0.013259691,0.01757206,0.021469312,efqjg02u.png,0,validation
0.00039785454,0.0103872,0.0009534131,0.0007942552,0.0014399999,0.002455104,0.0043233773,0.007033275,0.011427036,0.015746746,0.02221024,0.032011583,0.041450534,eg2lkxbj.png,0,validation
0.00028038572,0.008998132,0.00067748246,0.0005551415,0.0010396906,0.0017380757,0.0029317925,0.0044338773,0.0064604124,0.008165573,0.0105877025,0.013407028,0.015236706,eg6jsd02.png,0,validation
0.0005482247,0.010824916,0.0020293284,0.0011162051,0.0019225527,0.0030190307,0.005081764,0.008078441,0.013113544,0.018327862,0.02723297,0.039805274,0.050279655,eg6uia1n.png,0,validation
0.00036290733,0.009995196,0.0006994158,0.0006276429,0.0012644286,0.002073096,0.0034933698,0.0053494447,0.008087803,0.010510045,0.014115858,0.01883382,0.021904772,ehw2i1xd.png,0,validation
0.00028580395,0.009371655,0.0006628805,0.0005529004,0.0010400902,0.001728166,0.002945535,0.0045039854,0.006625848,0.00841096,0.010877652,0.013652331,0.015725821,ehwhg0u4.png,0,validation
0.0009225558,0.013149219,0.0020385615,0.0016670395,0.002619682,0.004365853,0.007978586,0.013856859,0.024051616,0.034783676,0.053788595,0.08300826,0.103434704,ei1wx9wl.png,0,validation
0.00051130785,0.010836755,0.0014961947,0.0009324088,0.0017471492,0.0029625893,0.005322486,0.009088718,0.016113658,0.023818731,0.03784623,0.06354645,0.093313284,ei3tvl16.png,0,validation
0.00035980446,0.010254899,0.0008091907,0.0007081789,0.0012390619,0.002053303,0.0035801155,0.0056386073,0.008627107,0.011310531,0.015241143,0.020507343,0.025367625,eiezyrbz.png,0,validation
0.0003767907,0.010335988,0.00093472045,0.0007479948,0.0013015644,0.0022208628,0.004010094,0.0065760487,0.010413097,0.0137946885,0.018941503,0.026393473,0.033578474,ej31gymd.png,0,validation
0.00035016285,0.009514125,0.0009782197,0.000771021,0.0012807249,0.0021822646,0.0039099213,0.0064196596,0.009944059,0.013366289,0.018587753,0.026412249,0.034756333,ej7zrloz.png,0,validation
0.00029768833,0.009193374,0.00072867767,0.0006165262,0.0010724809,0.0018016014,0.003092483,0.004838679,0.007247983,0.009328434,0.012420595,0.016760899,0.020800447,ejam4rce.png,0,validation
0.00037868737,0.010293482,0.00082655466,0.0006511261,0.0013345926,0.0021972694,0.0037322482,0.005783228,0.008761438,0.01143226,0.015238332,0.020270163,0.024159163,ejuh8xlo.png,0,validation
0.00041833514,0.010707839,0.0009497882,0.00081762084,0.0014200299,0.0024017056,0.0043943264,0.0075885262,0.012862359,0.017726403,0.025832154,0.038918994,0.053328265,ek0vwjee.png,0,validation
0.00031450222,0.009566843,0.0006622463,0.0006190824,0.0011433577,0.0019289161,0.0033909443,0.005414275,0.008225786,0.010781054,0.014680882,0.02008687,0.024680013,ek3zezqa.png,0,validation
0.00033031462,0.009785507,0.0007190473,0.0006373588,0.001195494,0.0020090074,0.0035559668,0.005772731,0.009276328,0.012829728,0.0187059,0.026987901,0.03539328,ekntbz3m.png,0,validation
0.00033985832,0.009609681,0.0008779627,0.0007484473,0.0011975691,0.0019971272,0.0034643796,0.0054587573,0.008415105,0.010983105,0.014818312,0.020258386,0.02608656,ekqufn92.png,0,validation
0.0003303465,0.009663483,0.0007816681,0.0006865722,0.0011732731,0.0019622073,0.0033947795,0.005378159,0.008660193,0.011763687,0.016700527,0.023983654,0.031890467,el6x47hw.png,0,validation
0.0003276692,0.009458327,0.0007574799,0.0006937974,0.0011759184,0.0019674252,0.0033979157,0.0054080486,0.008452285,0.01121076,0.01574407,0.022327779,0.028866168,elbnpo03.png,0,validation
0.00040345345,0.010139791,0.0011742796,0.00082370284,0.0013812326,0.0023456048,0.0042608203,0.007331391,0.012516133,0.01755389,0.02520262,0.03642903,0.047374904,elsx52gw.png,0,validation
0.0003032178,0.009319851,0.00064564333,0.0005966081,0.0010994264,0.0018455122,0.0031983925,0.005001395,0.007537497,0.009789284,0.01306996,0.017610872,0.021012804,elzawr7z.png,0,validation
0.00032879726,0.009676883,0.00071883807,0.00067949644,0.0012089015,0.0020476885,0.0035704637,0.005640341,0.008571753,0.011244576,0.015158933,0.020795615,0.025856594,emtwkuea.png,0,validation
0.00033804204,0.0098380195,0.00069827144,0.0006057552,0.0011726067,0.0019086929,0.0031868482,0.0048525124,0.007313559,0.009449402,0.012394344,0.016117793,0.01907334,en82uu8y.png,0,validation
0.0003377895,0.009973117,0.00080266525,0.0006254492,0.0012213722,0.0020011484,0.0033327115,0.0050139776,0.0073117334,0.009290119,0.012080182,0.015772581,0.018558186,eort1vwl.png,0,validation
0.00031265788,0.009261826,0.0008025981,0.0006827057,0.0011709619,0.0019634403,0.003366206,0.0052115098,0.007859872,0.010428555,0.014586716,0.020941814,0.027861556,eoth5tct.png,0,validation
0.000372186,0.010070943,0.00070335827,0.00066494424,0.0013330402,0.0021794979,0.003680463,0.0056454195,0.008555694,0.011321437,0.015578787,0.020857446,0.02395695,epqbyd77.png,0,validation
0.00034794043,0.009897661,0.0009256948,0.0007066196,0.0012898435,0.0021384284,0.0035448694,0.005193831,0.007244443,0.009012496,0.011558547,0.014904568,0.018006017,eqo23txk.png,0,validation
0.0003732094,0.010146904,0.0006801878,0.0006228669,0.0013061848,0.002149556,0.0037276659,0.0059967334,0.00969265,0.013273191,0.019133415,0.027438069,0.0339722,eqrueszg.png,0,validation
0.00032629786,0.009649011,0.0008631191,0.00063894066,0.0011346324,0.0018732654,0.0032509957,0.0051069926,0.007848991,0.010389309,0.014072694,0.018808845,0.021970116,er5afscs.png,0,validation
0.0003231367,0.010132665,0.00069477316,0.00058040867,0.0011003552,0.0018001696,0.003034622,0.004664825,0.0070406133,0.009110047,0.0120478105,0.015898488,0.019011213,erfxiokp.png,0,validation
0.00031062833,0.00945947,0.0007166358,0.0006449498,0.0011104785,0.001860503,0.0032542115,0.0052257273,0.008145039,0.010809169,0.014843181,0.020627275,0.025593383,erika7lx.png,0,validation
0.00031689098,0.009702657,0.0006872208,0.0005803642,0.001185014,0.0019614536,0.0033189466,0.005054538,0.0075794067,0.009494388,0.012056333,0.0154017,0.017948557,esmvcnho.png,0,validation
0.00035497395,0.010262501,0.00067577406,0.0006178486,0.0012572501,0.002069749,0.0035513584,0.00557412,0.008607433,0.01119451,0.015060788,0.020478802,0.024722835,etgzj0z1.png,0,validation
0.0009151772,0.0133535145,0.0017362902,0.0016147067,0.0025886227,0.0043030307,0.007866333,0.013746508,0.024010206,0.03488146,0.05401046,0.08384107,0.10446772,etikbqkt.png,0,validation
0.00033161716,0.009506097,0.00076865,0.0007233333,0.0012043808,0.0019956832,0.0033547608,0.0051266393,0.0075108167,0.009755299,0.013296661,0.018467396,0.023287712,euaq89gd.png,0,validation
0.00031316603,0.00959587,0.0006886374,0.00063299155,0.0011466424,0.0019250123,0.0033140571,0.005121562,0.007712976,0.009916323,0.012839447,0.016498277,0.019341953,eubfn9kr.png,0,validation
0.00039447675,0.010468549,0.00074873725,0.00065793266,0.0013701487,0.002247284,0.0038778137,0.0060951714,0.009470394,0.012729982,0.017841723,0.025060924,0.02966317,euyzuwun.png,0,validation
0.0002753324,0.009053171,0.0006536532,0.0005438629,0.0010120883,0.0016759584,0.0027857446,0.004197401,0.0061423015,0.007815867,0.009995811,0.012618709,0.0146032525,ew03x21o.png,0,validation
0.00028619642,0.008992512,0.0006714736,0.0006087553,0.0010707662,0.0018020853,0.0031062039,0.004822708,0.00727041,0.009473704,0.012692315,0.016761603,0.020055048,ew25x1fv.png,0,validation
0.00026392177,0.008711591,0.00062144833,0.0005382783,0.00096049905,0.0016042809,0.0027589656,0.0042834403,0.006479845,0.008443859,0.011476333,0.01564002,0.01947247,ewt8j2vo.png,0,validation
0.00032736533,0.009347527,0.0008479902,0.0006981283,0.0011827117,0.0019960045,0.003477025,0.005526195,0.008415241,0.011066925,0.015254916,0.020639006,0.026047857,exsdwc4k.png,0,validation
0.00031530886,0.009441317,0.0008023442,0.00067416247,0.0011297774,0.0019019945,0.003343398,0.005432815,0.008692193,0.011567882,0.016259706,0.023591409,0.031651743,ey0hiuni.png,0,validation
0.0002993666,0.009418604,0.0006293346,0.00052590825,0.0010934279,0.0018142868,0.0030959297,0.004843147,0.007404332,0.009436077,0.0123101715,0.016071703,0.019217543,eyavzjit.png,0,validation
0.0003350849,0.009815581,0.0007717617,0.0006301012,0.0011997126,0.0019501481,0.0031920737,0.0047871014,0.007191553,0.00939073,0.012678024,0.017055182,0.020269126,eyrnwqve.png,0,validation
0.00029539087,0.009358749,0.0006635818,0.0006001194,0.0010339402,0.0017201009,0.00301269,0.0049078073,0.00790962,0.01075562,0.0155469915,0.02326186,0.030935356,eza9agul.png,0,validation
0.00039917883,0.010559635,0.00082000473,0.00070730224,0.0013510184,0.002201709,0.0037458923,0.0058565186,0.009003494,0.011841802,0.01632694,0.02241487,0.026482308,eziqpr7r.png,0,validation
0.0003423685,0.009913404,0.00070926454,0.0005788935,0.0012387539,0.0020760447,0.0035608213,0.0055140387,0.00833137,0.010854355,0.014542613,0.01953312,0.023615135,f0gnzoqm.png,0,validation
0.00031421788,0.009313993,0.00081281323,0.00065039337,0.0011628949,0.0019711982,0.0033982375,0.0052933837,0.008014737,0.010437512,0.01396831,0.018808646,0.022974452,f0sac52x.png,0,validation
0.00036131122,0.009928032,0.0007066811,0.0005806386,0.0012540005,0.0020860876,0.0036692417,0.0059120925,0.009429117,0.012843121,0.018423762,0.026859364,0.033336576,f10648q7.png,0,validation
0.00031581102,0.009683888,0.0006807409,0.0005855158,0.0011495015,0.0019028209,0.003179811,0.00482417,0.0072828378,0.009520228,0.012888276,0.017828764,0.023012934,f157nas5.png,0,validation
0.00037154346,0.0100299185,0.00081383303,0.0006836331,0.0012901574,0.0021125195,0.0036018386,0.005655954,0.008859098,0.011683114,0.015680656,0.0209542,0.024793338,f1xkzv72.png,0,validation
0.00057132944,0.010847334,0.002255509,0.001173437,0.0020118984,0.0031910706,0.005418713,0.008702886,0.014132179,0.019550005,0.028424514,0.0405984,0.05092602,f1xnvb21.png,0,validation
0.00030014603,0.009437029,0.00068561814,0.0005804925,0.0010983988,0.0018198015,0.0030631742,0.0045462274,0.006472233,0.008024345,0.010166064,0.012730285,0.014739038,f2228l0e.png,0,validation
0.00031205936,0.00936777,0.00081666524,0.0006521901,0.0011179359,0.001874292,0.0032633904,0.0051293066,0.008028082,0.010798387,0.0148540065,0.020367391,0.025261851,f2k3rgnb.png,0,validation
0.00029376836,0.0093227355,0.0007038098,0.00057307427,0.0010767038,0.0018046498,0.0030868826,0.004789862,0.007227335,0.009474828,0.013025659,0.018414302,0.024043726,f2oj58ub.png,0,validation
0.00030389524,0.009559011,0.00072764413,0.0005661587,0.0011272853,0.001870561,0.0031608439,0.0047884276,0.0071902764,0.009267359,0.012197046,0.01575062,0.018315172,f2wv0b8v.png,0,validation
0.00032143414,0.009702889,0.0007301428,0.00058515783,0.0011813944,0.0019732523,0.0033752571,0.005126897,0.0075683612,0.009701303,0.012753575,0.016825136,0.01983849,f2zkapwt.png,0,validation
0.000359153,0.010120142,0.0006790543,0.00057146745,0.0012767649,0.0021073779,0.0036475186,0.005835068,0.00931725,0.01260707,0.017884187,0.025168093,0.030436149,f3325e0d.png,0,validation
0.00037312545,0.010337315,0.0008117756,0.00065018894,0.0013402066,0.0022067556,0.0037050934,0.005691172,0.008646255,0.011364553,0.015502904,0.021207772,0.025173087,f4g9uuih.png,0,validation
0.0003161109,0.009541597,0.0006620156,0.0005351098,0.0011288741,0.0018679664,0.0032134168,0.005029962,0.0076342393,0.009997422,0.013665709,0.01853635,0.022697857,f4syas62.png,0,validation
0.00031491692,0.009306183,0.00084500975,0.0006821693,0.0011629727,0.0019332661,0.0032691928,0.0049862014,0.007510109,0.009891424,0.013595081,0.018519664,0.022579797,f55qejca.png,0,validation
0.00036512956,0.010135304,0.0008012121,0.0006225647,0.0013057111,0.002153124,0.003660572,0.0056654,0.008870532,0.012053261,0.017472705,0.02590982,0.033385597,f5nzpvjg.png,0,validation
0.00028147717,0.008995317,0.0006988995,0.0005654543,0.0010477012,0.0017653652,0.0030385663,0.0046865083,0.0071518393,0.009510339,0.012958228,0.017901689,0.022917388,f5ynaxtb.png,0,validation
0.00033798252,0.009871656,0.0007509724,0.0006011766,0.001227091,0.0020618967,0.0035890697,0.0056654387,0.008624021,0.01140022,0.015668226,0.02123913,0.025157617,f8406bg3.png,0,validation
0.00032192713,0.009537581,0.0007445141,0.0006453564,0.0011578505,0.0019357222,0.00332828,0.005172371,0.007669093,0.009857097,0.013181429,0.01777195,0.020947384,f84asyju.png,0,validation
0.00035180015,0.010264253,0.00076949026,0.0006542558,0.0012633756,0.0020830843,0.0035363564,0.005456004,0.008303418,0.010765065,0.014275651,0.019066308,0.022689195,f8fwws49.png,0,validation
0.00035133748,0.010105314,0.00073060364,0.00060625956,0.0012663018,0.0021094836,0.003630224,0.0057256646,0.009222904,0.012634085,0.018021815,0.026241058,0.033659104,f8pvmpne.png,0,validation
0.00031140214,0.009266669,0.0007571273,0.0006545814,0.0011402358,0.0019154269,0.0032513672,0.0050211153,0.0076845703,0.010092446,0.0135986265,0.018114364,0.022246748,f8smbfzp.png,0,validation
0.0003659157,0.01058305,0.0008255007,0.0006627038,0.001302774,0.0021488375,0.0035830846,0.005349264,0.007922968,0.010263984,0.013790456,0.018537128,0.022192983,f9484qij.png,0,validation
0.0003101363,0.009497667,0.0007289346,0.0006316086,0.0011299339,0.0018927702,0.0032579463,0.0051024184,0.007629944,0.009769468,0.012951196,0.01722707,0.021018898,f9awrzvz.png,0,validation
0.00033419326,0.0095355855,0.0007210674,0.00069342245,0.0012052418,0.0020115324,0.0034899663,0.005623872,0.009168122,0.012568688,0.01801276,0.026591998,0.035387453,f9chs6oj.png,0,validation
0.00038296255,0.0102858255,0.00079262134,0.0006387602,0.0013318019,0.0021986102,0.003812211,0.00603678,0.009477333,0.0126973,0.017280301,0.023704816,0.027199045,f9u5cp51.png,0,validation
0.0003018166,0.009141811,0.00073358114,0.00062670285,0.0011053664,0.0018757518,0.0033259664,0.0053510764,0.008126735,0.010549596,0.013891716,0.018483622,0.022748664,fadg2jpa.png,0,validation
0.00031411866,0.009390594,0.000736048,0.0006641192,0.001149088,0.0019311208,0.0033904454,0.005424954,0.008345334,0.011126148,0.015298146,0.021182641,0.02586729,faryulyw.png,0,validation
0.0004896548,0.0106095495,0.0015587154,0.0009597011,0.0017297977,0.0028035268,0.004862054,0.007839747,0.012505462,0.016648524,0.022815164,0.031371545,0.040194266,fbdpa9n8.png,0,validation
0.00094264373,0.013254148,0.0019236539,0.0016987758,0.0026627448,0.0043901657,0.007886308,0.013398087,0.022977276,0.032947928,0.05025501,0.077707976,0.09776671,fbwpv4m9.png,0,validation
0.00039171023,0.010407259,0.0007120682,0.00061382324,0.001414248,0.0023695691,0.0041107335,0.006546605,0.010293379,0.014216534,0.02108916,0.031850625,0.038944285,fbz753p6.png,0,validation
0.00030103276,0.009558835,0.00070060784,0.0005776622,0.001104971,0.0018342147,0.003087683,0.0045896433,0.006657849,0.008361573,0.010551241,0.013236914,0.0154152755,fc0m9mv1.png,0,validation
0.00037278756,0.010381883,0.0009781462,0.00072849885,0.0012661247,0.0021124152,0.0037031712,0.0060894564,0.010155082,0.013941781,0.019875653,0.02924437,0.03936153,fc2vnnws.png,0,validation
0.0004023224,0.010525551,0.00075586303,0.00068385917,0.0014017923,0.0022684296,0.0037866563,0.0058122794,0.008892786,0.011785867,0.01609168,0.02200284,0.026419574,fc5ryxmr.png,0,validation
0.00048861594,0.010766984,0.0013099957,0.0008818428,0.0016838564,0.0028394577,0.0051129,0.008693446,0.015336065,0.02244002,0.03515642,0.0577227,0.08319368,fcaj1kdi.png,0,validation
0.00032854345,0.009454467,0.0008400314,0.0007130829,0.0012131067,0.0020343275,0.0034887325,0.0054267882,0.008227388,0.010727611,0.01450707,0.020139148,0.025881587,fd1u3v9x.png,0,validation
0.00035725202,0.010023512,0.0007295354,0.0006482187,0.0012580057,0.0020786175,0.0035516594,0.0055430876,0.008593277,0.011358775,0.015572944,0.022113232,0.027719265,fdpoeqau.png,0,validation
0.00038069612,0.01049291,0.00074846315,0.0006417383,0.0013120063,0.0021424969,0.0036228942,0.005606609,0.0084624,0.011050681,0.014776609,0.019600185,0.022989795,fe7edvok.png,0,validation
0.00034199524,0.009860596,0.00078718277,0.0006470885,0.0012479931,0.0020860566,0.0034856873,0.0052495226,0.007858886,0.010185728,0.013609353,0.0184055,0.021967389,fe80doet.png,0,validation
0.00033709864,0.009481053,0.0008569597,0.00073647336,0.0012299326,0.0020809874,0.0036579,0.0058669,0.008994685,0.011843096,0.01649825,0.023346758,0.030816881,fel4pctg.png,0,validation
0.000318576,0.00982844,0.000735639,0.00064664526,0.0011280816,0.0018720581,0.0031748312,0.004830437,0.007011255,0.008849399,0.011282816,0.014128205,0.01622825,fen0b09z.png,0,validation
0.0002907548,0.009109802,0.0006127095,0.00058163377,0.0010718533,0.001798937,0.0031099492,0.004883187,0.0073918626,0.009479922,0.012546281,0.0163135,0.018874608,fewleg1n.png,0,validation
0.00029965377,0.009411667,0.00070406566,0.0005902405,0.0010854746,0.001800883,0.0030455745,0.0046626944,0.006872392,0.008787468,0.011457669,0.014951416,0.017971378,fex6dcle.png,0,validation
0.00039055743,0.010496614,0.0008042144,0.0006940936,0.0013501067,0.0022389262,0.0038674884,0.006140735,0.009479781,0.012539715,0.017045006,0.023043714,0.02744962,ffvbmh8r.png,0,validation
0.00033911975,0.009852368,0.0007305717,0.0006015574,0.0012463077,0.0020935228,0.003698881,0.005995835,0.009537866,0.012741189,0.017390238,0.023905512,0.029845128,fg0e09aw.png,0,validation
0.0003227288,0.009218719,0.0007927344,0.00071870675,0.0012221431,0.0020819292,0.0036240919,0.0056527457,0.008480874,0.011143822,0.015488722,0.022146743,0.028431233,fg28opev.png,0,validation
0.00028753243,0.0089572845,0.0006537787,0.0005977093,0.0010313846,0.0017258918,0.002999622,0.0047253016,0.0073861293,0.009816123,0.013664371,0.019171108,0.024738487,fg46k9y8.png,0,validation
0.00037347293,0.010154804,0.0006746738,0.00061603385,0.0013422387,0.0022099868,0.0037909811,0.005959987,0.00938911,0.012584322,0.017744545,0.0251445,0.03154237,fgyhfibx.png,0,validation
0.00035231374,0.010013412,0.00080806704,0.0006866241,0.0012329448,0.0020654579,0.003614979,0.0058424114,0.009491279,0.01291948,0.018238567,0.026147505,0.033385288,fh49yv1e.png,0,validation
0.0003437399,0.009530561,0.0008802746,0.00076517154,0.0012442044,0.0021122983,0.0037513203,0.0061292304,0.009577371,0.012670754,0.017635183,0.024954783,0.03280258,fhj9d94g.png,0,validation
0.00028267127,0.00910231,0.00060072687,0.00056190166,0.001025951,0.0016942105,0.0028790561,0.004472869,0.0067320284,0.008641351,0.011405146,0.014975789,0.017717885,fj2texqq.png,0,validation
0.0009980546,0.013589375,0.0020314301,0.0017892594,0.0028206946,0.0046778647,0.008472109,0.01466551,0.025613975,0.03724628,0.05740258,0.089653015,0.11167995,fjv8hx2r.png,0,validation
0.00034751426,0.00999099,0.0008217422,0.00068653794,0.0012957917,0.0021813416,0.0036826762,0.0056408066,0.008540707,0.010992017,0.01409793,0.018367583,0.022322416,fjx1x19r.png,0,validation
0.00030384638,0.009313708,0.00072001223,0.0006270465,0.0011009701,0.0018491764,0.0031944017,0.0049590264,0.00750024,0.009840683,0.013454132,0.018742304,0.023069516,fklxb0ip.png,0,validation
0.0004574619,0.010764341,0.0010227454,0.0007995872,0.0015791885,0.0025468671,0.0042782295,0.0065984763,0.010257193,0.01380444,0.019684413,0.027815778,0.034046974,fm3n50bv.png,0,validation
0.0003590619,0.010483453,0.000800727,0.00063502416,0.0012761891,0.0021006886,0.0035464922,0.005390951,0.008055939,0.010393122,0.01386521,0.018681176,0.0231526,fmfbr560.png,0,validation
0.00028693245,0.009363264,0.0006684329,0.00055553665,0.0010401477,0.0017090098,0.0028513162,0.004289658,0.006304259,0.007937558,0.0101600895,0.012655531,0.014263469,fnm88ua3.png,0,validation
0.00089690584,0.013284538,0.0017445661,0.0014933659,0.0025712543,0.0042859563,0.00780855,0.013536884,0.023279242,0.03348612,0.051031835,0.077903576,0.09675616,fp5cngf2.png,0,validation
0.00027888422,0.008856529,0.00065901893,0.00059134286,0.001035025,0.0017488518,0.0030157492,0.0046660616,0.0069341133,0.00896081,0.012118416,0.016840352,0.021598296,fpkp555n.png,0,validation
0.00032231273,0.009760731,0.00072550273,0.00061246526,0.0011619544,0.001920403,0.0032368957,0.004890742,0.0071944045,0.009088413,0.011711858,0.015143281,0.018100195,fpwz3sgv.png,0,validation
0.0003480856,0.009488858,0.00088712625,0.0007852432,0.0012795649,0.0021548604,0.003777775,0.0060465913,0.009527743,0.012760829,0.017741429,0.024933903,0.032100525,fpxymc1d.png,0,validation
0.00032914823,0.009682255,0.0007974,0.000700277,0.0011649439,0.0019283786,0.0032857219,0.005114078,0.007770212,0.010184407,0.014044181,0.019388638,0.02476817,fq1k3vy2.png,0,validation
0.000452133,0.011214161,0.0009952803,0.0008092692,0.0015273963,0.0024971475,0.0043432005,0.0069635794,0.011439532,0.01571409,0.023052141,0.03456191,0.04599783,fqrdi9wl.png,0,validation
0.0002969741,0.009439182,0.0006942161,0.0005817594,0.0010900141,0.0018222772,0.0031054036,0.0047217836,0.006930552,0.008758113,0.011360123,0.014599862,0.01721251,fqxlbvn7.png,0,validation
0.00038704663,0.010309538,0.0007286213,0.0006776946,0.001331962,0.0021433763,0.0035464051,0.005445511,0.008266254,0.010833532,0.014644656,0.019777488,0.023247303,frodq4ak.png,0,validation
0.0003573129,0.010409808,0.00083244854,0.00066654873,0.0012793293,0.0021059262,0.0035301603,0.005394094,0.008176907,0.010665179,0.014110599,0.018767552,0.022717435,frra1dv7.png,0,validation
0.00029283293,0.009135911,0.0006646922,0.0006139267,0.0010738668,0.001775263,0.0029987458,0.0046091876,0.006911866,0.008995797,0.011960172,0.015873479,0.019040665,fs87veue.png,0,validation
0.0003113076,0.009554589,0.000680524,0.0006300825,0.0011356345,0.0019058103,0.0032832988,0.005077327,0.007681094,0.010010815,0.013536651,0.018274222,0.02301129,fsnrrlt2.png,0,validation
0.00031177915,0.009231295,0.0007345059,0.00067378377,0.001127943,0.0018918009,0.0032892341,0.0052401638,0.008070778,0.010609409,0.014541112,0.020005675,0.025756035,ftgxq70f.png,0,validation
0.00056741614,0.010733311,0.0023834296,0.0012195153,0.0019632715,0.0030998464,0.005257827,0.008420984,0.013523869,0.01874705,0.027275207,0.039226,0.048555724,ftkf7ugl.png,0,validation
0.000538049,0.011020228,0.0015322021,0.0010105284,0.0018047892,0.0028876762,0.0049931374,0.0080255065,0.012942844,0.017750887,0.025241867,0.03528584,0.04214232,ftwl3ma8.png,0,validation
0.0003469399,0.009697506,0.00085853436,0.0007308226,0.0012503304,0.0020826247,0.0035263754,0.0053544077,0.007752089,0.009867761,0.013137701,0.017380243,0.021366123,fvc5tyto.png,0,validation
0.00020813919,0.0076239724,0.00058943324,0.00047641902,0.00075571967,0.0012455673,0.002104125,0.0032709634,0.0051070596,0.006975469,0.009972744,0.014832262,0.019906493,fvpig3yv.png,0,validation
0.0002936172,0.0091720605,0.0007377324,0.00060590025,0.0010758826,0.0018039052,0.0030868212,0.0047116247,0.0070161484,0.009092783,0.012258602,0.016735846,0.021505214,fvx78a1k.png,0,validation
0.0003200846,0.0095556285,0.00071582216,0.0006466277,0.0011637987,0.0019480662,0.00335071,0.005185605,0.0076872394,0.009797923,0.012874851,0.016902998,0.020109216,fw3ktfb0.png,0,validation
0.0003215374,0.009674398,0.0007056643,0.00057757675,0.0011690077,0.0019370868,0.0033136092,0.005095291,0.007691694,0.009958294,0.013388135,0.01822319,0.022621932,fw9bnrww.png,0,validation
0.00029738524,0.009289892,0.0006224034,0.00058832247,0.0010852271,0.0018037421,0.0030609483,0.0047079963,0.0070000053,0.009262166,0.013048401,0.019157121,0.025092881,fwps64hm.png,0,validation
0.00039402593,0.010442264,0.00079694524,0.00072498433,0.0013351189,0.0022173624,0.0038175408,0.006155352,0.009685064,0.012868929,0.017956646,0.025450442,0.03273685,fwxej5mh.png,0,validation
0.00031453394,0.009604863,0.00070984673,0.0006375967,0.0011225403,0.0018545102,0.0031085676,0.0046727415,0.0068606683,0.008851299,0.011727805,0.015675543,0.018785803,fx89xpe9.png,0,validation
0.0003721924,0.010202955,0.0007714345,0.0006151557,0.0013345382,0.0022539394,0.0040099705,0.006565789,0.010674273,0.014540693,0.020955835,0.030768072,0.03937326,fxdw9a5s.png,0,validation
0.00040666823,0.010507584,0.0008178796,0.00069691875,0.0013749922,0.0023115824,0.0040816623,0.006613204,0.01031062,0.01375376,0.019101629,0.02600103,0.03204955,fxhkc856.png,0,validation
0.0003938998,0.010387751,0.0007509937,0.000685493,0.0013950698,0.0022890018,0.003969272,0.006340696,0.010057461,0.0134644015,0.018523337,0.025832074,0.03287895,fxhp9vgo.png,0,validation
0.00030534252,0.009482007,0.00068692723,0.0005582397,0.0011114172,0.001826098,0.003031453,0.0045475024,0.0067338664,0.008599073,0.011015696,0.014114496,0.016092008,fyoohkqw.png,0,validation
0.0003464895,0.009921703,0.0008356425,0.0007294072,0.0012418489,0.002094548,0.003620778,0.005655089,0.008485801,0.011042449,0.014978071,0.02034307,0.0256815,fyywz3x1.png,0,validation
0.00031411368,0.009625286,0.0007056658,0.0005714002,0.0011605729,0.001945372,0.0033240842,0.0051005874,0.007783359,0.010149573,0.013461152,0.018335026,0.022676282,fz2caj6r.png,0,validation
0.00032338334,0.009632941,0.0007576947,0.00067265047,0.0011503011,0.0019348887,0.0033733216,0.0054151844,0.0086635295,0.011707878,0.016758097,0.024868486,0.033822108,g0bu0yrq.png,0,validation
0.00034830478,0.010349439,0.00075114035,0.0006161165,0.0012135709,0.0020092693,0.003482427,0.005584254,0.0088788085,0.011860463,0.016173057,0.021985637,0.026712576,g0iz2x7o.png,0,validation
0.00028571725,0.009291708,0.0006442737,0.0005501506,0.0010457311,0.001745244,0.0029916486,0.0046054083,0.006835939,0.008734985,0.011377459,0.014269402,0.016253162,g0l3rtz5.png,0,validation
0.00037625263,0.010162428,0.0007446496,0.00066476665,0.0013559448,0.0022247883,0.0037706571,0.005880481,0.009118267,0.012057715,0.016411617,0.022089502,0.026181668,g2dmgr1r.png,0,validation
0.00032793268,0.009754316,0.00068991864,0.0005773326,0.0011668865,0.0019139457,0.0031894858,0.004867777,0.007395517,0.009711105,0.013534005,0.019029174,0.023432124,g3fxchid.png,0,validation
0.00029425236,0.0090561,0.00074472016,0.0006336916,0.0010739397,0.0018053156,0.0030878275,0.0046715136,0.00663436,0.00832209,0.010592264,0.013442059,0.015634025,g3rjm7vu.png,0,validation
0.00036770783,0.010126901,0.0009652867,0.00071698264,0.0013611395,0.0022680785,0.003815947,0.0058326405,0.008861376,0.0116175525,0.0156026855,0.021443782,0.026903294,g3vi7oj4.png,0,validation
0.00032439674,0.009768057,0.0007277237,0.0005985321,0.001180511,0.0019466634,0.003278484,0.0049400153,0.007280879,0.009307841,0.011860074,0.014939139,0.017166387,g4cvxy1v.png,0,validation
0.00031913043,0.009628228,0.0007262324,0.0005795922,0.0011389765,0.0018719468,0.0031899652,0.0049670613,0.007642867,0.009914759,0.013027791,0.016790405,0.019338962,g4zyuclq.png,0,validation
0.00043089243,0.01063913,0.0007360206,0.0007155162,0.0015057485,0.0024772156,0.004284808,0.0067796335,0.010845897,0.014826868,0.021283504,0.031475954,0.04146596,g6n09vvw.png,0,validation
0.00030596022,0.009221966,0.00073606975,0.0006404587,0.0011301673,0.0019059269,0.0032994652,0.0051217135,0.0077836765,0.010089221,0.0135429,0.018540185,0.023581482,g72161gf.png,0,validation
0.00038782263,0.010312477,0.0007474452,0.0006922676,0.0013420576,0.002179251,0.0037446965,0.005950004,0.009488664,0.012834511,0.017568555,0.024080217,0.029693875,g73r5w50.png,0,validation
0.0004259774,0.010769954,0.0007894002,0.0007351061,0.0014885772,0.0024561689,0.00422122,0.006732354,0.010702813,0.014452457,0.0202683,0.02882928,0.03605402,g79o69t8.png,0,validation
0.00035632655,0.009992202,0.00069322396,0.00059229153,0.001280822,0.0021569082,0.0038089382,0.006108294,0.009670548,0.012993432,0.018099869,0.02561796,0.031205578,g7hcjotm.png,0,validation
0.00034881438,0.010244625,0.00078380894,0.0006338637,0.0012350789,0.002025208,0.0034225078,0.005278635,0.008109895,0.01059993,0.014264453,0.019290745,0.023556158,g8fgs9y2.png,0,validation
0.00031412768,0.009575396,0.0006725859,0.0005918889,0.001100916,0.001803761,0.003059141,0.0047447137,0.007172663,0.009263649,0.012363159,0.016456388,0.019884704,g90alr37.png,0,validation
0.00028941798,0.009259649,0.0006684973,0.0005755485,0.0010501705,0.0017373097,0.0029155752,0.004370206,0.006402162,0.008165812,0.010673065,0.014190165,0.016988289,g9520gfo.png,0,validation
0.00093746895,0.013544315,0.0018784445,0.0015766107,0.0026655619,0.0044221603,0.007987524,0.013672621,0.02333324,0.033561192,0.050781727,0.07711715,0.09539607,g9br89hc.png,0,validation
0.00032874785,0.009702274,0.00072398456,0.0006650609,0.0011858209,0.0020096598,0.0034942962,0.0054439623,0.0082563665,0.010868702,0.014580439,0.01962833,0.024445405,g9o9ih4o.png,0,validation
0.0010059129,0.013456291,0.002010432,0.0018535461,0.0028729138,0.004816136,0.008866481,0.015495526,0.026855452,0.038422428,0.058526143,0.09068546,0.11265161,ga6xb51s.png,0,validation
0.00038231548,0.010077943,0.00072062603,0.00065500586,0.0012901668,0.0021300416,0.003730131,0.006020506,0.009514079,0.012818663,0.018221173,0.02544877,0.03127167,gaxgdw2p.png,0,validation
0.00032333835,0.009690329,0.0007083231,0.0005851627,0.0011809957,0.001951775,0.003227434,0.0048297667,0.0071282918,0.009141317,0.012055278,0.015444371,0.01753328,gb80w66m.png,0,validation
0.00027895885,0.009137114,0.00066917104,0.0005521668,0.0010287879,0.0017118461,0.0028962945,0.0043738848,0.006429577,0.0081148725,0.010347016,0.0129528,0.014846227,gbj72btq.png,0,validation
0.00033232092,0.009725254,0.00070279225,0.00056453043,0.001175337,0.0019273442,0.0032604798,0.005042134,0.0076946085,0.010131327,0.01377995,0.0182574,0.020862196,gbnu3m3t.png,0,validation
0.00052023795,0.010302345,0.0011097961,0.0010286282,0.0016829425,0.0028929128,0.0054065133,0.009460196,0.01634989,0.022933574,0.033330888,0.049386166,0.061311144,gd8lhre7.png,0,validation
0.00027963068,0.009065912,0.00060376484,0.0005613948,0.0010383052,0.0017436957,0.0030480947,0.0048429887,0.0074489405,0.009745799,0.013176363,0.0180033,0.023050658,ge9ny3mu.png,0,validation
0.00030936467,0.009550167,0.00066023256,0.00054528686,0.0010959951,0.0018045063,0.003099926,0.0048552006,0.0074721714,0.009923575,0.013698275,0.018600719,0.021743227,ggea7hzr.png,0,validation
0.00039470266,0.010476261,0.0008032015,0.0007066712,0.0013174469,0.0021387176,0.0036768487,0.0058886562,0.009271845,0.012563056,0.017912257,0.025261082,0.030830013,gghikwlv.png,0,validation
0.00025772303,0.008801069,0.00063536054,0.0005057597,0.0009438032,0.0015659664,0.0026542705,0.004072266,0.0060551297,0.0077027786,0.00996011,0.012895128,0.015387532,ggxp5cit.png,0,validation
0.0003962232,0.010409118,0.00074360677,0.00064179796,0.0014056407,0.0023460994,0.0040722773,0.0065203197,0.010727653,0.015060284,0.022750558,0.035417933,0.047125224,ghf55a39.png,0,validation
0.000280729,0.008957373,0.0006393971,0.0005831905,0.0010313158,0.0017446262,0.0030647472,0.0049039,0.007624525,0.0100799585,0.014056228,0.02029728,0.026479919,ghm56vu6.png,0,validation
0.00038128233,0.010345575,0.0007486428,0.0006870844,0.0013277056,0.0022007942,0.00380051,0.006011267,0.00946519,0.012674064,0.017215967,0.022495156,0.026048329,ghmdv47i.png,0,validation
0.00047262336,0.010890237,0.00096611754,0.00082110293,0.0015949771,0.0025573275,0.004306367,0.0066935043,0.010352443,0.013744313,0.019123636,0.026134394,0.030561091,ghzljms6.png,0,validation
0.00035506798,0.01004846,0.00089081534,0.0007255359,0.0012780463,0.0021463733,0.0037057651,0.005735795,0.008491376,0.011024387,0.014739887,0.019873887,0.024103044,gk6t9dhs.png,0,validation
0.00029072975,0.009017532,0.0006969033,0.0006097348,0.0010351761,0.0017134451,0.00294114,0.004582565,0.006828611,0.008636291,0.011230585,0.014461384,0.016707838,gl7mu89t.png,0,validation
0.00032270042,0.0094164135,0.0007769664,0.000698099,0.0011854059,0.0019926329,0.0034217886,0.005274178,0.0077873236,0.0100703975,0.013426459,0.018089082,0.022528263,gmc0q2nb.png,0,validation
0.0003438805,0.009681332,0.0008937302,0.00073770876,0.0012546564,0.0020979391,0.0035921172,0.0056472677,0.008582049,0.011246129,0.015384358,0.021429356,0.027803402,gmuvzbfa.png,0,validation
0.00033023863,0.009627181,0.0007652203,0.00070606504,0.0011875015,0.0019892748,0.00343522,0.005353216,0.008028757,0.01049612,0.014350003,0.020181755,0.025695842,gnb3ep18.png,0,validation
0.0003297811,0.009483728,0.00078418374,0.0006967527,0.0011896462,0.0020326036,0.003669655,0.0061072456,0.009823591,0.01327787,0.018898534,0.027488476,0.03744068,gnfol4bk.png,0,validation
0.00032754737,0.009705396,0.00073932024,0.00066875713,0.0011874741,0.0020202866,0.003609393,0.00590729,0.009391378,0.012748609,0.01837122,0.027106108,0.03638036,go8jn42x.png,0,validation
0.0003432415,0.0094851,0.0008552065,0.00076730846,0.0012764967,0.0021575766,0.003727533,0.0058143376,0.008642008,0.011158651,0.014830143,0.019397268,0.023539554,gog4da4v.png,0,validation
0.0002659241,0.008265443,0.00097257673,0.0006331366,0.00094216375,0.0015678745,0.0027101887,0.004385461,0.007192357,0.010191248,0.015444423,0.024051895,0.033140592,gpizk3rm.png,0,validation
0.000337299,0.009914229,0.0007670794,0.00059849466,0.0012382299,0.002083133,0.003593553,0.0056210537,0.008647458,0.011243987,0.014810962,0.019735446,0.023640169,gprq12sq.png,0,validation
0.00030924912,0.009554091,0.0007103485,0.0005711037,0.0010800301,0.0017668342,0.0029963576,0.004652587,0.007093808,0.009217021,0.01228949,0.016268466,0.01944042,gqymhkej.png,0,validation
0.00085986033,0.013304423,0.0017618106,0.0015724233,0.0025375746,0.0042614983,0.007683402,0.012860181,0.021512397,0.03058669,0.04617244,0.07126239,0.08946402,gr9jxftv.png,0,validation
0.00030196377,0.009345596,0.0007060604,0.0006160023,0.0010822795,0.0018185017,0.0032182962,0.0051670675,0.008021913,0.010770875,0.015188704,0.021399142,0.026879119,gsn11vru.png,0,validation
0.0009722782,0.013420158,0.001942865,0.0016811086,0.0027510338,0.0045521343,0.008238314,0.014158591,0.024068918,0.0341908,0.051591687,0.079042144,0.09819436,gsoulmn3.png,0,validation
0.0003936291,0.010161546,0.00087955495,0.00070938515,0.0013156247,0.0021466014,0.0037384406,0.0060090753,0.009512256,0.012871042,0.018353285,0.025899246,0.03204523,gtm4kv4v.png,0,validation
0.00031406293,0.009475316,0.000732397,0.0006245165,0.001137557,0.001876857,0.0031282755,0.004694596,0.006935258,0.009064342,0.012195048,0.01642329,0.020090602,gtmjj2lo.png,0,validation
0.00038813255,0.010227666,0.00074826716,0.0006313376,0.0013921603,0.0023577344,0.004248887,0.0071621733,0.012044119,0.016997837,0.025755381,0.039523385,0.051352795,gualmui1.png,0,validation
0.00062897167,0.011769739,0.0018232536,0.0013592629,0.00223292,0.0037004577,0.0064217,0.010320826,0.016560359,0.022333052,0.03179306,0.04641204,0.06074299,guktq5sm.png,0,validation
0.00032655607,0.008660866,0.0009331267,0.0007093865,0.0011672783,0.0019758889,0.0035344197,0.005877384,0.009979344,0.014432583,0.02246604,0.035854805,0.050797086,guw84rwx.png,0,validation
0.00030997425,0.009332358,0.0006864552,0.0006442512,0.0011461312,0.0019286531,0.00333145,0.0052200467,0.007826529,0.010305894,0.014236667,0.019950122,0.025770256,guxgpmm7.png,0,validation
0.00029080405,0.009297329,0.0006191113,0.0005831348,0.0010478465,0.0017403064,0.0029838895,0.004632076,0.0070433402,0.009316283,0.012972301,0.018094124,0.023674238,gx49jmz4.png,0,validation
0.00029783027,0.0092639625,0.0007967594,0.00060506613,0.0010821777,0.0018135606,0.0030805143,0.004698237,0.0070391777,0.009212119,0.012543153,0.016123736,0.019364025,gx4rzcmh.png,0,validation
0.0010033465,0.013551979,0.0020290385,0.001811272,0.002827412,0.0046954216,0.008494988,0.014543219,0.02482576,0.035425536,0.05377284,0.082468964,0.101657726,gxrfu7s7.png,0,validation
0.0002818037,0.008976958,0.0006787094,0.00057446427,0.0010381894,0.001741137,0.0029711362,0.0045876657,0.0069630276,0.008964689,0.01175276,0.0152927125,0.018397322,gy73b5eq.png,0,validation
0.00034730093,0.010104768,0.00072070485,0.00062686973,0.001225591,0.0020091122,0.0034027908,0.0053241155,0.008338833,0.010916906,0.014699425,0.019595012,0.023333203,gytw6bhl.png,0,validation
0.0003130812,0.00943168,0.0007253279,0.00064106105,0.0011436394,0.0019122713,0.0032892714,0.005228617,0.008150307,0.010817402,0.015071278,0.021670321,0.027763808,gzxzncde.png,0,validation
0.001024891,0.013785558,0.0020764954,0.001803384,0.0028621128,0.004739608,0.008579274,0.014866146,0.025885396,0.037422247,0.05787128,0.089917384,0.11228851,h00qq1ee.png,0,validation
0.0003291125,0.009756783,0.0007575813,0.0006069413,0.0011796709,0.001950787,0.003317514,0.005114842,0.007822673,0.0103339935,0.013953291,0.018699227,0.022428995,h17jd3lb.png,0,validation
0.00034815093,0.00982132,0.0008379553,0.00073159486,0.0012620963,0.0021331424,0.0037719028,0.006094714,0.009588814,0.012780953,0.017915338,0.02609779,0.034300234,h1gcsn2x.png,0,validation
0.00090675853,0.01347102,0.0017908872,0.0015039751,0.002584453,0.0042836773,0.0077237496,0.013157145,0.022444839,0.032130625,0.048718575,0.074043795,0.09285547,h1lhnpll.png,0,validation
0.00032867768,0.009414751,0.0008424914,0.000728783,0.0012188423,0.002045105,0.003558091,0.0056824237,0.008735248,0.011504539,0.015629563,0.021476006,0.027145958,h1v02g33.png,0,validation
0.0002948307,0.009219439,0.0006845504,0.0005937203,0.0010802667,0.0017979041,0.0030609455,0.004811524,0.0075439448,0.010130711,0.013940036,0.019618595,0.025484115,h1y3zg0x.png,0,validation
0.00029630112,0.0090023875,0.00074954185,0.00063866633,0.0010819411,0.0018044068,0.003046578,0.004635385,0.0067597926,0.008562939,0.011066857,0.014345459,0.017249659,h33qz71j.png,0,validation
0.00038819326,0.010354328,0.00069727784,0.0006341245,0.0013439025,0.0021714373,0.0035967845,0.0054466855,0.008368232,0.011228492,0.015881963,0.022462789,0.027615761,h3jbagy8.png,0,validation
0.00030833718,0.009495199,0.00076317356,0.0006244841,0.0011145982,0.0018639703,0.003155451,0.0047551026,0.0070274286,0.008986074,0.011822485,0.015879907,0.018902075,h491hkky.png,0,validation
0.00034184707,0.009803015,0.00071106723,0.0006012397,0.0011734038,0.0019249778,0.0033086676,0.0051118704,0.00760181,0.009796076,0.013126229,0.018037321,0.021995263,h4jvebdd.png,0,validation
0.00029880926,0.009475289,0.0006444028,0.0005904537,0.0010733254,0.0017758211,0.0030229713,0.004578824,0.006700059,0.008571501,0.011225172,0.014431925,0.017136225,h4qlceq4.png,0,validation
0.0003219926,0.00968763,0.00074075314,0.00062371825,0.0011657451,0.0019423144,0.0033061313,0.00500778,0.0074011707,0.009567529,0.012852138,0.017285025,0.02092079,h553d9sz.png,0,validation
0.00036161643,0.010301861,0.00075946015,0.00062407,0.0012587858,0.0020735427,0.0035794226,0.0057248324,0.009252226,0.012706508,0.018626215,0.02766765,0.035245214,h5qwqzl6.png,0,validation
0.00032613584,0.009812781,0.0007603414,0.00061591115,0.0012148521,0.0020168477,0.003391497,0.0050966456,0.007421802,0.009420383,0.012254362,0.016034989,0.01902131,h6n04mwe.png,0,validation
0.00030888332,0.009668449,0.00070333114,0.0005959857,0.0011187098,0.00183362,0.003037985,0.004546364,0.0066558756,0.008456975,0.010962026,0.014289633,0.017496843,h7aplk54.png,0,validation
0.00033592863,0.0098440265,0.00074603566,0.00059039524,0.0012295714,0.0020672774,0.0035789812,0.005533275,0.008251168,0.010607584,0.013999813,0.018490443,0.022328792,h8h1ygx0.png,0,validation
0.00031507696,0.00920287,0.00083019445,0.0006893074,0.0011680401,0.0019507697,0.0033313031,0.0051305327,0.00755171,0.0097630145,0.012966463,0.016815115,0.020036224,h8zub0kn.png,0,validation
0.00038253216,0.010258084,0.0007090933,0.00059909053,0.001366511,0.0022613953,0.0038565726,0.006018433,0.009361493,0.012285177,0.01692232,0.023278343,0.02775016,h959kw97.png,0,validation
0.00034211372,0.009955421,0.00077280746,0.0006844692,0.0012252905,0.002062804,0.003587639,0.0057817344,0.008981458,0.012068989,0.016927077,0.024397027,0.031701606,hazlhqq0.png,0,validation
0.0003042504,0.009554687,0.0007034605,0.00059589924,0.001111669,0.0018670536,0.0032517381,0.0050617885,0.0076401816,0.009887203,0.013019759,0.017406238,0.02167014,hc8cah3g.png,0,validation
0.0004126123,0.010272514,0.0010142974,0.00078720483,0.0014518558,0.0023517138,0.004008924,0.0061774687,0.009377622,0.012347577,0.016987566,0.023542782,0.028653942,hcbf0vbz.png,0,validation
0.00029777476,0.009145642,0.0007301466,0.0006067593,0.0011143617,0.0018804311,0.003235847,0.005013598,0.007503719,0.009710606,0.012954876,0.017093025,0.020851584,hcwlmlrt.png,0,validation
0.0003041069,0.00945365,0.00071539835,0.00058273814,0.0011099309,0.0018243191,0.0030324273,0.00463659,0.0071340585,0.009417394,0.01269742,0.017105259,0.021060387,hd22k87w.png,0,validation
0.0002983872,0.009290005,0.00066794566,0.00061859685,0.0010850185,0.0018171842,0.003137711,0.0048919376,0.0073201605,0.009461493,0.01270974,0.017238412,0.021423887,hdaubm3b.png,0,validation
0.00028038505,0.009078125,0.00067011337,0.0005465919,0.0010267098,0.0017069805,0.0028616814,0.0043395944,0.0064278194,0.008300273,0.010936365,0.014008092,0.016088482,he9na4f5.png,0,validation
0.00029030297,0.009081498,0.0007105419,0.00061284465,0.0010506697,0.0017318481,0.0029064848,0.0044454415,0.0066072415,0.008446776,0.010953213,0.014030254,0.016542604,hesjwjfl.png,0,validation
0.00032078725,0.009641793,0.0006658105,0.00056861044,0.0011586564,0.0019461501,0.0033939974,0.0053746197,0.008288445,0.010880304,0.0150246965,0.020843772,0.025384972,hfwygvyu.png,0,validation
0.00028939068,0.009348124,0.0007211018,0.0005914082,0.0010533542,0.0017406273,0.0029303904,0.0044389493,0.006512299,0.008286244,0.010887661,0.014392749,0.017552849,hg5ughnb.png,0,validation
0.0005534095,0.010714563,0.0021871156,0.001147044,0.0019134544,0.0030209147,0.005240242,0.008603167,0.013985208,0.019454494,0.02872304,0.04216406,0.053701106,hh41qkii.png,0,validation
0.00032392732,0.009854658,0.00071425794,0.000627521,0.0011811886,0.0019726707,0.003356594,0.005094955,0.0074680164,0.009369279,0.01196789,0.015167679,0.017654063,hhlk3yjz.png,0,validation
0.00031368365,0.0096764015,0.0007339183,0.000596627,0.001159885,0.0019371666,0.0032299655,0.0048049632,0.0069462773,0.008687702,0.011048093,0.013645207,0.0154318465,hhtqt0e6.png,0,validation
0.00028601242,0.009077704,0.0006086616,0.0005803665,0.0010359772,0.0017253394,0.0029763686,0.004592976,0.0067000436,0.008418104,0.010841179,0.01408685,0.016790768,hi0x5frz.png,0,validation
0.0003098756,0.009521381,0.0007339475,0.00058466743,0.0011343213,0.0018861518,0.00321006,0.0048979926,0.007262543,0.009300209,0.012148838,0.01580518,0.018642908,hif96v00.png,0,validation
0.0003277341,0.009554263,0.0008729201,0.0007096406,0.001192099,0.001978224,0.0033541524,0.0051565017,0.0077862428,0.010064423,0.013326199,0.017900832,0.02204929,hih2x3d2.png,0,validation
0.00058952987,0.011077746,0.0023302557,0.001239958,0.0020701766,0.0032696829,0.005581966,0.009032739,0.014837327,0.020860484,0.030980352,0.044874776,0.05661294,hija6bx7.png,0,validation
0.00033610954,0.009505436,0.0009961103,0.000760685,0.0012212957,0.0020446307,0.0035111117,0.0054683643,0.008293214,0.011056771,0.015297062,0.021492526,0.027542073,hiweey7l.png,0,validation
0.00031757078,0.0093963705,0.00081603753,0.0006802681,0.0011965655,0.0020145017,0.0034454474,0.0053215744,0.007907947,0.010120022,0.013420882,0.017837742,0.021739893,hj8nlqve.png,0,validation
0.00029815588,0.009043785,0.00079344487,0.00063422223,0.0011014456,0.001829009,0.003116013,0.0048166597,0.007304823,0.009603423,0.0128849745,0.016913971,0.020089246,hjfdx8m7.png,0,validation
0.00033315484,0.00959329,0.0008066209,0.00070602726,0.001243197,0.0020980507,0.0036239072,0.0055314642,0.008061767,0.010260871,0.013605225,0.018091206,0.021777557,hjmol1wm.png,0,validation
0.00037253214,0.01012712,0.00079349586,0.00067540334,0.0013532795,0.0022875175,0.0040506436,0.0065387897,0.010544043,0.014324873,0.021003393,0.031014964,0.039639983,hk0iz22f.png,0,validation
0.00038450598,0.01026382,0.00083694624,0.0007041197,0.0012864114,0.0021000297,0.0036222527,0.005775906,0.009109586,0.012290931,0.017281959,0.024710542,0.030889418,hl6ye295.png,0,validation
0.00029920723,0.009229631,0.00069908745,0.00062074146,0.0010790715,0.0018055068,0.0030994602,0.004877576,0.0077344305,0.010210943,0.014021754,0.019810243,0.025812859,hlfapmod.png,0,validation
0.0002814107,0.009121918,0.00064420054,0.000583916,0.0010114434,0.0016812171,0.0028713285,0.004393015,0.006406408,0.008154025,0.010732137,0.014218728,0.01737106,hlszm6vd.png,0,validation
0.00028566708,0.009157449,0.0006730201,0.0005594853,0.0010457985,0.0017318042,0.0029201056,0.004425211,0.006626853,0.008583716,0.011366804,0.015115172,0.01841582,hm7amtng.png,0,validation
0.00029093958,0.009326586,0.0006791231,0.0005878714,0.001033474,0.0017152904,0.0029489826,0.0046152216,0.006822431,0.008685824,0.011462016,0.0152985435,0.019111557,hmbun6xb.png,0,validation
0.00048414085,0.010250462,0.0014004714,0.0010975897,0.0015466012,0.002576385,0.004576047,0.0075292657,0.012322431,0.017225692,0.02446528,0.03526403,0.04571922,hmbzxi48.png,0,validation
0.0008310936,0.012977083,0.001635763,0.0015033552,0.0024371706,0.004054683,0.007320273,0.01241239,0.020924835,0.029600624,0.044732258,0.069250815,0.088246584,ho18ur92.png,0,validation
0.0003451461,0.009900845,0.00071896974,0.0006352668,0.0012408803,0.002070514,0.0035444328,0.0055122226,0.008270204,0.010770362,0.014510023,0.019801196,0.024407173,ho5jscyd.png,0,validation
0.0002650454,0.008666919,0.0006114027,0.0005510023,0.0009812667,0.0016399089,0.0028158717,0.004325708,0.0063259825,0.008095243,0.010585624,0.013896289,0.01684792,hoq5e7l7.png,0,validation
0.0009111456,0.013665657,0.001669512,0.0015258715,0.0025612824,0.0042273686,0.0075964965,0.013009744,0.022316033,0.03212019,0.04931894,0.076564334,0.09559222,hoqo4msw.png,0,validation
0.0003688352,0.010204488,0.00078951014,0.00065878575,0.0012985878,0.0021348516,0.0035898138,0.0054797283,0.008139957,0.010434642,0.013683285,0.018008409,0.021547982,horwvx9v.png,0,validation
0.00033399506,0.0097296,0.0006935733,0.00059173704,0.0011518045,0.0018951176,0.0032621198,0.005168579,0.00809149,0.010831428,0.015030394,0.020769225,0.025495702,hp4kxzlx.png,0,validation
0.00033757812,0.009660549,0.00081504794,0.0007312849,0.0012386554,0.0020840098,0.0035618385,0.0055265645,0.0085534025,0.011464186,0.016173355,0.023384556,0.030504156,hpzml79r.png,0,validation
0.00034924995,0.009983699,0.00080841756,0.0006360093,0.0012770657,0.0021197437,0.0035881903,0.0054264376,0.0080818655,0.010525902,0.014068827,0.018079866,0.020125667,hqdyk7cf.png,0,validation
0.0003216684,0.009353477,0.0007370403,0.0006904669,0.0011968773,0.0020366628,0.003569439,0.0056281337,0.008549243,0.011306445,0.01538609,0.021182908,0.027566873,hreurblu.png,0,validation
0.00029221873,0.009258728,0.0007281192,0.0005869162,0.0010805464,0.0018092495,0.0030490102,0.004594997,0.00674541,0.008744141,0.011481139,0.014646699,0.017364189,hrkmw74g.png,0,validation
0.00031745943,0.009470463,0.00072671537,0.0006306774,0.001146619,0.0019160766,0.0032703837,0.0049999235,0.0073634926,0.00951135,0.0126940515,0.016448783,0.019545363,hs0dia5d.png,0,validation
0.0004414662,0.010572645,0.0008425185,0.00079178036,0.0014622862,0.0023408423,0.0039905496,0.0062709623,0.009981225,0.013658714,0.019438254,0.027342252,0.033222836,hsx69x7q.png,0,validation
0.00032974704,0.00939906,0.0008557989,0.0007165375,0.001214253,0.0020294606,0.0034769056,0.005315356,0.007874801,0.010119391,0.013564484,0.018245786,0.022674458,htgcdjni.png,0,validation
0.00034572821,0.0094626155,0.0009585648,0.0007799861,0.0012617883,0.0020901682,0.0035359033,0.005347528,0.007772873,0.0098169595,0.012838238,0.01681734,0.020266235,htz53rcf.png,0,validation
0.0002985211,0.009498647,0.0006838636,0.0005854802,0.0010921262,0.0017928168,0.003006941,0.004504738,0.006551153,0.00837789,0.010946286,0.014129195,0.017008077,hul0opxn.png,0,validation
0.00031462984,0.009784148,0.0006823595,0.00062446925,0.0011321853,0.001887636,0.0032655408,0.0050845197,0.0076182378,0.00980233,0.013124922,0.017834708,0.021993037,hvjlpieg.png,0,validation
0.00032761693,0.009680337,0.00080103154,0.0006972859,0.0011738385,0.0019527666,0.0033565122,0.0053723524,0.008533296,0.011300087,0.015565275,0.02223355,0.029824674,hvt07iji.png,0,validation
0.00028638294,0.008913607,0.00073184835,0.0006099541,0.0010445969,0.0017485982,0.0029985548,0.004626939,0.0068661,0.008666529,0.011256869,0.014454736,0.017345091,hx0lv0wr.png,0,validation
0.00032112337,0.009296503,0.00077441917,0.00070088217,0.0011903953,0.001988907,0.0033953865,0.0051899487,0.0076259607,0.009793975,0.013099637,0.017385216,0.02105368,hx7xi359.png,0,validation
0.00039062675,0.01031021,0.00073427544,0.00062518887,0.0014125861,0.002368422,0.004230753,0.0069699557,0.011600046,0.016122133,0.024012597,0.035903458,0.045659278,hzeh7dlv.png,0,validation
0.00035552445,0.010072018,0.0007707525,0.00062351045,0.0012797207,0.0021083702,0.0035344383,0.005324775,0.007851479,0.0101015,0.013225215,0.017102072,0.019502338,i0ai0qxe.png,0,validation
0.00038381288,0.010295759,0.00066782587,0.00061193825,0.0013719744,0.0022842265,0.0039037177,0.0061455606,0.00953627,0.012889948,0.018393718,0.026694998,0.03333226,i0egb0kj.png,0,validation
0.001011285,0.014025678,0.0022556144,0.0018041972,0.0028060295,0.0046197474,0.008372428,0.014578846,0.025566403,0.037022885,0.05726823,0.08778461,0.10833091,i1dttopy.png,0,validation
0.00088618166,0.0132328365,0.0016536672,0.0014802705,0.0025876341,0.0043520844,0.007973451,0.013788767,0.02313106,0.03250389,0.048707496,0.07402219,0.091115974,i2a2nktt.png,0,validation
0.00047477722,0.010787717,0.0012737244,0.0008807201,0.0016519905,0.0026251695,0.0043388135,0.006601313,0.010092777,0.013447577,0.018866027,0.026443979,0.03177875,i394w1b2.png,0,validation
0.00029353923,0.00916561,0.000656629,0.00060069206,0.0010968959,0.0018738549,0.0033149198,0.005283261,0.008148337,0.010878278,0.0150327785,0.021373494,0.028718118,i3pj7k99.png,0,validation
0.000317325,0.0093754865,0.0007617935,0.0006769811,0.0011526381,0.0019372994,0.003400116,0.0055353623,0.008856462,0.011782231,0.016469168,0.023478689,0.030859739,i5gfj189.png,0,validation
0.00036965948,0.010086139,0.000792914,0.000706459,0.001206004,0.0019699147,0.0033223291,0.0051366095,0.007977018,0.010633381,0.01484944,0.02106397,0.025898248,i6mdq6it.png,0,validation
0.00028843683,0.009189441,0.0007159499,0.00058731344,0.0010504381,0.0017532349,0.0029711025,0.0045356965,0.0067429775,0.008637672,0.011405394,0.015271777,0.01884945,i6wgl8i9.png,0,validation
0.0003440045,0.009734746,0.0008622507,0.00070841034,0.0012171482,0.0020508247,0.003641017,0.0059286715,0.0097911395,0.013511141,0.019122971,0.027741738,0.036121532,i7lwbobz.png,0,validation
0.0008671989,0.013495258,0.001443336,0.0013759043,0.0024899086,0.0041281004,0.0074041258,0.012561231,0.020996017,0.029777398,0.044305377,0.065771915,0.079354495,i8owgu0e.png,0,validation
0.00031333067,0.009341143,0.0007377898,0.0006561743,0.0011520416,0.0019395741,0.0033726345,0.0052457554,0.0077443523,0.010026472,0.013451576,0.018537734,0.02332302,i94lausk.png,0,validation
0.0003548931,0.00987054,0.00072374917,0.0006143619,0.001303327,0.0021885163,0.003861845,0.0062367637,0.010086221,0.013866982,0.020193174,0.029538687,0.038399927,iau4r5rp.png,0,validation
0.00038018584,0.010339751,0.00067993515,0.0005850051,0.0013273981,0.002197363,0.0038034804,0.0060706134,0.00973624,0.013151035,0.018628439,0.025932772,0.031456087,ibfetihg.png,0,validation
0.0003224805,0.009558158,0.0007619892,0.0006451463,0.0011871739,0.0019707296,0.0032811407,0.004953058,0.007307004,0.009333283,0.012155374,0.015274015,0.017422877,ibitinz5.png,0,validation
0.00032527317,0.0097866645,0.00071496755,0.0006032567,0.0011982925,0.0020026113,0.0034318483,0.0053914823,0.008512193,0.011366051,0.0155503,0.021398544,0.02661461,ic2icod3.png,0,validation
0.00029616707,0.009136253,0.00065344723,0.0006209885,0.0010919529,0.001850415,0.0032493845,0.0051412485,0.007608206,0.009671851,0.012732075,0.016731216,0.020008499,id9sqmjn.png,0,validation
0.0003592403,0.009879865,0.0009351287,0.00079206965,0.0012898017,0.0021707215,0.0037736413,0.0059354506,0.009069288,0.011997219,0.01665962,0.023376927,0.030512081,ie8cpz5e.png,0,validation
0.0003286337,0.009482523,0.00074368133,0.00068506325,0.0012239853,0.0020470791,0.0034526382,0.005328457,0.0077594877,0.009816748,0.012633317,0.016247263,0.019486947,ieoeuyd7.png,0,validation
0.00037852977,0.010171089,0.0007426049,0.0006485235,0.0013694867,0.0022523599,0.003838423,0.0060919486,0.009669496,0.0130773345,0.01869604,0.026743533,0.033200733,if62rue6.png,0,validation
0.00028320495,0.0092395125,0.00065074675,0.00055609737,0.0010377329,0.0017392829,0.0029971693,0.0045889877,0.006866867,0.008772015,0.011559443,0.015038967,0.01808992,if6dohe7.png,0,validation
0.00028123194,0.00898504,0.00061842665,0.00057367905,0.0010269958,0.0017151975,0.0029521892,0.0046207164,0.006898249,0.009010744,0.012222151,0.016722295,0.021359054,ifoq6pk5.png,0,validation
0.0004190792,0.009164376,0.0012129778,0.00096396357,0.0013840554,0.002365984,0.004401324,0.007664437,0.013912131,0.020914009,0.033403717,0.05277999,0.075725496,ih0ck0y0.png,0,validation
0.00040562855,0.010578357,0.00077423686,0.0007058628,0.0013799978,0.0022358552,0.0037167622,0.005758648,0.00875508,0.011490593,0.015607804,0.020998722,0.024356695,ii8677ye.png,0,validation
0.0003623707,0.010155101,0.00074295636,0.00069642573,0.0013004732,0.0021552409,0.0036301115,0.0055893073,0.008439958,0.010977467,0.014725805,0.019925844,0.024426164,ii9iom3w.png,0,validation
0.0002856534,0.009082539,0.00071095204,0.0005675129,0.0010591041,0.0017666789,0.0029569084,0.004424866,0.00644717,0.008243449,0.010685577,0.013645133,0.016031513,iimyrq96.png,0,validation
0.000352876,0.01007922,0.00073672325,0.00063071115,0.001246445,0.002058334,0.0035341964,0.005579895,0.0088580325,0.012090441,0.016929425,0.024182415,0.03010207,iiopke36.png,0,validation
0.000330089,0.009756451,0.0007219074,0.0006010159,0.0012137755,0.0020155832,0.0034404118,0.005393068,0.00861589,0.011678231,0.016777826,0.025250217,0.03379978,ij4a3ss4.png,0,validation
0.00042425693,0.010722328,0.0009890103,0.00080733845,0.0013831262,0.0022504416,0.0038305386,0.0059927218,0.009224861,0.012331383,0.017518474,0.025813349,0.033893142,ijawaw2k.png,0,validation
0.0003308161,0.0095649185,0.0008451763,0.0007081923,0.0011938357,0.0020048707,0.003564319,0.0059051127,0.009897639,0.013591759,0.019391952,0.028837422,0.038793717,ijyrydzp.png,0,validation
0.0003636147,0.010213718,0.0007206913,0.00060322566,0.0013005974,0.002119111,0.0035023727,0.005283913,0.007924269,0.010375984,0.014031482,0.018520698,0.021678269,ilh4ebcd.png,0,validation
0.00031813476,0.009469396,0.0008493517,0.0006887903,0.0011734506,0.001940586,0.0032051941,0.004768215,0.0068994607,0.008857911,0.011811753,0.015708886,0.019065153,imw71tbw.png,0,validation
0.0009679679,0.013426191,0.0020474177,0.0016442379,0.0027250773,0.0045131817,0.008139527,0.013883629,0.023358257,0.03293145,0.048976615,0.07230864,0.08696852,imzm424o.png,0,validation
0.0003023233,0.009120428,0.00079844304,0.0006554048,0.0011317995,0.0019068976,0.003284132,0.005118578,0.007636712,0.009921553,0.013349488,0.017849306,0.02135116,in0oe2df.png,0,validation
0.0002981107,0.009167879,0.0007121736,0.00060434005,0.0010909734,0.0018412664,0.0032016316,0.0050370144,0.0076837377,0.010015861,0.013605089,0.018323366,0.022978457,iolf63ya.png,0,validation
0.00041214633,0.01059648,0.0010208809,0.0008155272,0.0014097453,0.002358309,0.0042645363,0.0072804457,0.0123453,0.017497906,0.025418047,0.037532214,0.04908788,ip65plld.png,0,validation
0.0004898161,0.010759593,0.0014006362,0.00091815245,0.0016931915,0.0026874868,0.0044563687,0.0068822885,0.01075993,0.014608478,0.020860977,0.02948189,0.036046736,ip6c9nsj.png,0,validation
0.00050899404,0.010991205,0.0013441707,0.00092300447,0.0017672903,0.00283017,0.0048445603,0.007842862,0.01303681,0.018175626,0.026543071,0.038902137,0.04959703,ipdjyaw6.png,0,validation
0.0005785732,0.010895925,0.0024029533,0.0012310891,0.0020315717,0.0031779371,0.0053476747,0.008619444,0.014052987,0.019470135,0.028309066,0.040576115,0.05160663,ipp8b8z6.png,0,validation
0.00030383407,0.009350523,0.0006948017,0.0006393357,0.0011193767,0.0018732273,0.0032513705,0.005180534,0.007876346,0.010345541,0.014127632,0.01983034,0.025220204,iqeag3we.png,0,validation
0.0003980924,0.010524799,0.0008142576,0.0007326566,0.0013201779,0.0021694105,0.0037679388,0.006059456,0.009453349,0.012534228,0.01737746,0.024226839,0.030673591,ir4cowgz.png,0,validation
0.00032764982,0.009774133,0.00070967554,0.0005956456,0.001176189,0.001934962,0.0032927122,0.0051062363,0.007914622,0.010472047,0.014760322,0.021380335,0.027365733,irnmtsox.png,0,validation
0.0003590231,0.0100222835,0.00073703245,0.00060480967,0.0012730309,0.0020931296,0.0035339843,0.0053540836,0.007986542,0.010261577,0.013502632,0.017462194,0.019934122,is71ks3p.png,0,validation
0.00030711864,0.009309444,0.0007859769,0.00064500095,0.001136857,0.0018998407,0.0032366598,0.00505216,0.0077053183,0.010007469,0.013339314,0.018091235,0.022444645,isi3j0ub.png,0,validation
0.00056493393,0.011072115,0.0020671226,0.0011493152,0.0019450951,0.0030546149,0.005117808,0.008124361,0.013127737,0.018231502,0.026721688,0.038530026,0.04828112,it3awpqs.png,0,validation
0.00026620124,0.008039183,0.0010277287,0.0006506708,0.00095160946,0.0015994819,0.0027941924,0.0045285774,0.007530425,0.01072669,0.016122429,0.024275519,0.032406062,itegb1di.png,0,validation
0.0003031967,0.009563343,0.00069488777,0.00057436695,0.0011095724,0.0018203916,0.0030448074,0.0045788973,0.0066290176,0.008280861,0.010461152,0.013063815,0.014826766,itluijuq.png,0,validation
0.0005800622,0.010224613,0.001376066,0.0013215392,0.001795205,0.0030829862,0.0057225097,0.0098307235,0.016573196,0.023119727,0.033552725,0.049861737,0.06384705,itm2dxwo.png,0,validation
0.00054226,0.01077376,0.0020393466,0.0011193753,0.0018864818,0.0029779433,0.0050110393,0.007914303,0.012587166,0.017176758,0.02447136,0.033859137,0.04229697,itp2xe1h.png,0,validation
0.00031088784,0.009698547,0.00072068453,0.00059528754,0.0011284563,0.0018577067,0.0031190063,0.00475837,0.0071556466,0.009283562,0.01239551,0.016696585,0.021036968,itx057zs.png,0,validation
0.0003062047,0.009156545,0.00086037477,0.00066027354,0.0011329912,0.0019070643,0.003332586,0.005265272,0.008149218,0.010832403,0.014737797,0.02034697,0.025866758,iuc1vshp.png,0,validation
0.00034822407,0.009946633,0.00070333516,0.00064598885,0.0011973255,0.001972184,0.003339466,0.0051736655,0.0078334,0.010245988,0.013894324,0.018855536,0.023045313,ivw6m5en.png,0,validation
0.00041633335,0.009107689,0.0013737263,0.0010869708,0.0014734394,0.0026490856,0.0052942513,0.009416074,0.017080659,0.025493532,0.03901927,0.059566047,0.08409452,iwrgp4rr.png,0,validation
0.00030592812,0.0095866425,0.00071102334,0.00060092536,0.0011227522,0.0018606203,0.0031543483,0.0049612503,0.0077742836,0.010334518,0.01416819,0.01983818,0.025257908,iwtlinj1.png,0,validation
0.0002742991,0.008838151,0.0006921737,0.0005731728,0.0010050784,0.0016878132,0.0028944553,0.0044399416,0.006761282,0.00888154,0.011808016,0.01523196,0.018256806,ix0bfipe.png,0,validation
0.00028031014,0.009116858,0.0006857669,0.0005681209,0.0010181285,0.0017027478,0.0029642538,0.004637128,0.007056792,0.009250671,0.012379726,0.016270725,0.019413399,ixcvtfha.png,0,validation
0.0010344951,0.013687083,0.002172559,0.0019109122,0.0028838355,0.0048066406,0.008783278,0.015343346,0.026678195,0.038578406,0.059678543,0.09372422,0.11821756,ixxy8f3r.png,0,validation
0.0005250921,0.010828477,0.0017790553,0.0010264061,0.0018091116,0.0028581072,0.004831664,0.007651391,0.012376863,0.016955208,0.02438112,0.034414563,0.04240996,iymwl7gf.png,0,validation
0.0003904192,0.010410278,0.00088990416,0.00073934294,0.001332179,0.0022444152,0.0039977455,0.0065194364,0.010329203,0.013929025,0.01933003,0.026096208,0.031731762,iz4t6yy5.png,0,validation
0.00032437942,0.009805171,0.0007369098,0.0005763277,0.0011884278,0.001979817,0.003340619,0.005113345,0.0076181865,0.009931522,0.01335705,0.017990744,0.021572318,iz6zm6hj.png,0,validation
0.00036132388,0.010085696,0.0007509013,0.00066746987,0.0012529166,0.0020753674,0.0035778747,0.005643236,0.008849862,0.011996386,0.016746754,0.022822954,0.026699375,j0859c47.png,0,validation
0.0003471905,0.0095950905,0.00080380915,0.00069543114,0.0012825475,0.0021811486,0.0038056723,0.006023527,0.009246583,0.012097978,0.01646239,0.02187637,0.027130399,j24vvhg2.png,0,validation
0.0003111227,0.009394611,0.0007062374,0.00062521774,0.0011640445,0.0019663451,0.0034359992,0.0054065147,0.00814852,0.010611992,0.014077549,0.0188943,0.023095155,j3g3qu9l.png,0,validation
0.00028816774,0.0092525855,0.00065532106,0.00055990706,0.0010539239,0.0017413804,0.0029418308,0.004504577,0.0068022385,0.008996689,0.012443888,0.017447356,0.022299575,j3izbt1k.png,0,validation
0.0003909142,0.010784729,0.0009861575,0.0007864467,0.0013279401,0.0021779204,0.0037217794,0.0059069614,0.009101356,0.011999789,0.016333694,0.02234298,0.027626907,j3zy37x5.png,0,validation
0.00031381857,0.009540629,0.00075106113,0.00062827783,0.0011562856,0.0019262457,0.0032660535,0.0050035613,0.00750545,0.009772245,0.012924045,0.017127588,0.020909958,j4eaisdk.png,0,validation
0.00041472935,0.010585455,0.0009284042,0.0007720929,0.0013363488,0.0021749695,0.0037066673,0.005846675,0.009155028,0.012186749,0.016900381,0.023635063,0.028638793,j4h6ho79.png,0,validation
0.000283958,0.009180657,0.00062032393,0.00055274967,0.0010447768,0.0017474606,0.0030030627,0.0046897414,0.007047171,0.009212505,0.012547718,0.016904658,0.020411313,j51kpsz6.png,0,validation
0.00035490197,0.010320928,0.0007318801,0.0006230488,0.0012611778,0.0020766768,0.0035096463,0.0054458315,0.008434833,0.010924619,0.014910176,0.020519786,0.025451018,j5kjop2e.png,0,validation
0.00029982775,0.009334533,0.0006682536,0.0006170959,0.001109701,0.0018534621,0.0031444267,0.0047883303,0.007037544,0.008958547,0.011868106,0.015700454,0.019310713,j5uesl4p.png,0,validation
0.0006134792,0.01189061,0.0015050677,0.0011252003,0.0019906617,0.003361146,0.006121675,0.010647228,0.019420225,0.029013688,0.046401404,0.07181622,0.09728678,j7mcdb17.png,0,validation
0.00031710396,0.009326748,0.0007054475,0.0006578488,0.0011275879,0.0018959952,0.0032999043,0.0051607206,0.0078114215,0.010110377,0.013561627,0.018329518,0.022406226,j8fn2be6.png,0,validation
0.00027850087,0.009144432,0.0006297303,0.00053658086,0.0010242288,0.0017187934,0.0029619662,0.004570447,0.0066880668,0.008499572,0.011157699,0.014707647,0.017832667,j9hvchrm.png,0,validation
0.0005612286,0.010839654,0.0021962768,0.0011578668,0.0019031999,0.0030115244,0.005100755,0.008209702,0.013413192,0.018565452,0.027100988,0.03930766,0.04939589,j9it1alh.png,0,validation
0.0003886652,0.010360262,0.00076237787,0.0006700138,0.0013121861,0.0021368016,0.0036958726,0.00598102,0.00985097,0.013767169,0.020300614,0.030561056,0.039634317,j9w2f3f9.png,0,validation
0.0002877538,0.009277013,0.0007331158,0.0005673228,0.0010517304,0.0017448239,0.00290959,0.0043444787,0.006298672,0.00805804,0.010612948,0.013751277,0.016474636,ja6mih6s.png,0,validation
0.0005911166,0.011069056,0.0023142837,0.0012085555,0.002059965,0.0032935017,0.005653519,0.009092861,0.01477406,0.020454528,0.029988054,0.04346807,0.05372608,jbmerntp.png,0,validation
0.0002937506,0.009181441,0.00069140806,0.00059031864,0.0010705232,0.001789411,0.003062953,0.0047378796,0.0070581664,0.009047575,0.012000776,0.015423476,0.017788265,jbn5zul2.png,0,validation
0.0003393012,0.009825504,0.0007649515,0.00063974457,0.0012466658,0.0020762428,0.0035762459,0.005561016,0.008477881,0.011035753,0.0149814775,0.020528447,0.025279973,jbwokmmv.png,0,validation
0.0009001753,0.013236388,0.0017249732,0.0015301956,0.0025906512,0.0043334444,0.007934503,0.013769447,0.023495462,0.03356097,0.050906282,0.0772644,0.095939845,jcoy9ien.png,0,validation
0.00029190266,0.009265811,0.0006287643,0.0005762249,0.0010682349,0.0017957112,0.0030652748,0.0046696765,0.006989034,0.008972072,0.011889556,0.015612013,0.01860169,jd5ln55e.png,0,validation
0.0002767348,0.009010669,0.000655218,0.0005500011,0.0010070322,0.001683409,0.0028992703,0.004566111,0.0071727987,0.009513579,0.012982943,0.017949115,0.022746755,jdid7ug5.png,0,validation
0.0003506428,0.010170658,0.00074711745,0.0006174327,0.0012917598,0.002141355,0.0035965052,0.005436669,0.008051039,0.010391156,0.01377918,0.017969355,0.020347852,jdz9o5px.png,0,validation
0.00040403238,0.010398709,0.00071082736,0.0006826978,0.0014026312,0.002285917,0.003924059,0.006156608,0.009843028,0.013488102,0.019431999,0.02780172,0.03423466,jecfmpt2.png,0,validation
0.0003046281,0.009414691,0.0006681639,0.00060036505,0.0010824129,0.0017943693,0.0030893139,0.0048156166,0.0072376765,0.009375616,0.012659383,0.016850935,0.020406114,jedgfjdl.png,0,validation
0.00040114674,0.010679956,0.000813499,0.0007063858,0.0013640752,0.0022785715,0.0039502494,0.006173008,0.009296397,0.012214355,0.01655392,0.021919569,0.026006738,jegqtoam.png,0,validation
0.0005959815,0.011263042,0.0022192618,0.0012453465,0.0020173287,0.0031599074,0.005294419,0.008386891,0.013434362,0.018556878,0.026991917,0.038531374,0.04883061,jehxrwjk.png,0,validation
0.0003402825,0.009944195,0.000765447,0.0006299435,0.0012345483,0.0020492624,0.0034865323,0.00541891,0.00833906,0.010833789,0.014620413,0.020201024,0.025251048,jeis4hzg.png,0,validation
0.00034846962,0.009896908,0.000732656,0.0006172884,0.0012772471,0.002113574,0.0035358171,0.0053606844,0.008062103,0.010540506,0.014278363,0.019305026,0.023077348,jenvs925.png,0,validation
0.000368058,0.01021237,0.0007445922,0.0007224847,0.0012628352,0.00206631,0.0034764188,0.005364568,0.008258343,0.010857687,0.01465797,0.0204655,0.026524603,jfi6d65p.png,0,validation
0.00032629128,0.009590689,0.00079706573,0.0006854415,0.001169971,0.0019765408,0.0035101173,0.0057223756,0.00896053,0.011855589,0.016485333,0.023438616,0.03095019,jfj32dci.png,0,validation
0.0005852212,0.011641048,0.0015924165,0.0011241466,0.0019012472,0.0032555477,0.005972172,0.0104636615,0.018905248,0.028175993,0.04554752,0.070736825,0.0936702,jfltlpt0.png,0,validation
0.0004290195,0.01070542,0.0007657799,0.000683737,0.0014711524,0.00243796,0.0042560776,0.006878537,0.011320164,0.015876938,0.023601597,0.035805494,0.047281824,jge6fu7r.png,0,validation
0.0003254132,0.009915865,0.0007135529,0.0006295822,0.001160512,0.0019109765,0.0032466226,0.0049646427,0.007402171,0.0094609475,0.012292761,0.01610547,0.01970366,jgifxc5e.png,0,validation
0.0002786022,0.008983245,0.0006261604,0.0005674627,0.0010047418,0.0016981147,0.0029606733,0.004622119,0.0069409255,0.008931208,0.0118686035,0.015576066,0.01848895,jgw8p3t5.png,0,validation
0.00033873826,0.009666846,0.0007718928,0.0006487761,0.0012431822,0.002108283,0.0036836506,0.005890976,0.009266762,0.012482726,0.017195031,0.023569932,0.029335976,jh2qcooo.png,0,validation
0.00031049587,0.009675079,0.0007199389,0.0006083273,0.0011311581,0.0018809021,0.003158238,0.0047801393,0.007072287,0.009142238,0.012155683,0.016076325,0.019423135,jh9po2ub.png,0,validation
0.00036977784,0.010154636,0.0007552756,0.00062980136,0.0013147689,0.002163617,0.0036589932,0.0056385263,0.008567297,0.011260573,0.015226245,0.020309934,0.023431305,jhw7hj5c.png,0,validation
0.00035171313,0.009891114,0.000710195,0.0006157937,0.0012233547,0.0020038453,0.0034504675,0.0055052126,0.008797468,0.01209748,0.017712876,0.027042639,0.037694175,jhyjypnd.png,0,validation
0.0003591696,0.009753895,0.0010351561,0.0007908582,0.0012751026,0.0021609042,0.0038995645,0.006438372,0.010065163,0.013469811,0.019115392,0.027401961,0.03676379,jjd1pgfc.png,0,validation
0.00029348343,0.009349233,0.0006169249,0.0005910013,0.0010567842,0.0017531952,0.002995259,0.0046444405,0.006847998,0.008779778,0.011675812,0.015647944,0.019075816,jjv8lrzs.png,0,validation
0.00034688207,0.009896942,0.00071863557,0.0006129874,0.0012151193,0.002005395,0.003441844,0.005367569,0.008198796,0.010809235,0.01485212,0.020497069,0.024384947,jlkv7kix.png,0,validation
0.00032311855,0.009671104,0.00078446453,0.00064601115,0.001174416,0.001942083,0.0032661557,0.0048817554,0.007033004,0.008932966,0.0117119355,0.015351376,0.018242454,jncl8him.png,0,validation
0.00033877432,0.009831489,0.0006499669,0.0005836158,0.0011560754,0.0019025462,0.0032350698,0.00507117,0.007863805,0.010396186,0.014138915,0.019099398,0.022849191,jnp0mdc4.png,0,validation
0.00030384705,0.009437234,0.0006972138,0.00059720327,0.0011062258,0.0018480358,0.0031699657,0.004931631,0.007634529,0.0100810435,0.013405872,0.017950332,0.022839678,jo4mnf57.png,0,validation
0.000335441,0.009642056,0.0008327745,0.0007219948,0.0012128054,0.002028039,0.003482609,0.0053903847,0.008152219,0.010708727,0.0145579185,0.02040574,0.026043132,jojbnc59.png,0,validation
0.00029242507,0.009410518,0.0007263977,0.00057415914,0.0010784634,0.001810876,0.0030605122,0.0045747044,0.006455517,0.007975868,0.010014857,0.012373367,0.014368851,jp289way.png,0,validation
0.0002712527,0.008812218,0.0006406198,0.0005711108,0.0010040813,0.0016607977,0.0027816768,0.004232337,0.0062606554,0.008099796,0.010660432,0.013748859,0.01611997,jptvh31a.png,0,validation
0.00030485826,0.009219843,0.0007766066,0.00062011025,0.0011495182,0.001955416,0.0034032261,0.005292056,0.008092971,0.010701639,0.014505875,0.020035423,0.025359139,jpu8xabm.png,0,validation
0.00033676394,0.0096081365,0.0008355354,0.0007377167,0.0012099269,0.0020151234,0.0034740486,0.0054070298,0.007917058,0.010088158,0.012998737,0.01659252,0.019630188,jq71xk4j.png,0,validation
0.0008474852,0.0133999,0.0015357796,0.001368178,0.002470348,0.004107258,0.007363676,0.012458092,0.020510893,0.028694114,0.04233416,0.06238592,0.074616216,jq9u1dnk.png,0,validation
0.00034415012,0.009903821,0.0007732508,0.0005800303,0.0012266317,0.002028216,0.0034465792,0.0053245756,0.008028668,0.010253456,0.013305975,0.017403215,0.020713186,jqiee2dg.png,0,validation
0.00027207934,0.008952534,0.0005922728,0.00054992345,0.0009940745,0.0016621114,0.002874676,0.0045121885,0.0068133897,0.008785659,0.0115835965,0.015404232,0.018444927,jqwys36e.png,0,validation
0.00033002338,0.009851825,0.0007235668,0.00065938354,0.0012099593,0.0020308907,0.0035005717,0.0053772824,0.0079736365,0.010349283,0.013718617,0.018165076,0.022416078,jqyjv84a.png,0,validation
0.0004017498,0.010419541,0.0006941698,0.00065479707,0.001393848,0.00224899,0.0037402452,0.005778106,0.008955401,0.0118279625,0.016299004,0.022527983,0.027568279,jrr66r6f.png,0,validation
0.0004348792,0.010888648,0.0009850072,0.0008009509,0.0014550337,0.0024511295,0.00437336,0.0071937228,0.011670087,0.015962398,0.02237571,0.031233659,0.03970502,jryqjqsc.png,0,validation
0.00032816484,0.009756361,0.0007260885,0.00059182686,0.0011989303,0.0019881462,0.0033973944,0.0053309808,0.008228248,0.010994012,0.015373139,0.022023521,0.028769346,js2m4tct.png,0,validation
0.00030291537,0.009190353,0.0007161155,0.000660724,0.001117675,0.001867713,0.0031839453,0.004849548,0.006964601,0.00873254,0.011447583,0.01514209,0.018117806,js2ywc7e.png,0,validation
0.00038549025,0.010593963,0.00082961505,0.0007303306,0.0013273292,0.0022087453,0.0038291172,0.0060876994,0.00913627,0.011807178,0.015711142,0.020963741,0.025607904,jsoo0bf0.png,0,validation
0.00033177817,0.009807767,0.00068515365,0.0005760373,0.0011753918,0.0019406901,0.0032808855,0.005070012,0.007825175,0.01028184,0.014011807,0.01953969,0.02376167,jsvbpg5u.png,0,validation
0.0004971225,0.0104575055,0.0015252163,0.0011290765,0.0015836614,0.0026277192,0.0046708044,0.0076572997,0.012273991,0.01690139,0.024070742,0.0351144,0.04557657,jt67yvd5.png,0,validation
0.00032847308,0.009462377,0.00089256925,0.00072306354,0.0011682492,0.001961514,0.0034028883,0.0053678933,0.008030068,0.0105388295,0.014442269,0.020174032,0.025907677,jtm9qgb7.png,0,validation
0.00029913423,0.009312552,0.0007448803,0.00059611537,0.0011046749,0.0018390463,0.0031022488,0.004625881,0.0066552325,0.008417528,0.010696458,0.013132422,0.014777487,juy8ybw7.png,0,validation
0.00030435727,0.009444766,0.0006895074,0.00061056623,0.0010726876,0.001792735,0.003130321,0.004916966,0.0073779947,0.009566024,0.013138258,0.018096479,0.023111008,jvc9s902.png,0,validation
0.00040654824,0.010565885,0.0008550728,0.00074089767,0.0013214187,0.0021412836,0.0036478136,0.0057062325,0.008742763,0.011561695,0.016018339,0.022131175,0.026115729,jvfb86j6.png,0,validation
0.00033603553,0.009951098,0.00076570746,0.00062723533,0.0011763821,0.0019637663,0.003432657,0.005396187,0.00821989,0.010769065,0.014209939,0.01865528,0.022069126,jvjp7klh.png,0,validation
0.00029154785,0.008982468,0.0007860309,0.00063427404,0.0010941786,0.0018453983,0.0032015373,0.005019546,0.007626899,0.009869621,0.013217194,0.017928157,0.022450132,jvsdhadx.png,0,validation
0.00032522267,0.009452532,0.00076146063,0.00069237157,0.0012020696,0.0020195148,0.0035017554,0.0055706664,0.008383965,0.010870876,0.014526194,0.01965194,0.024575321,jwl2czob.png,0,validation
0.00029774447,0.00928833,0.0007131084,0.0005848489,0.0010816003,0.0018141296,0.003123704,0.0048544602,0.0072891847,0.009412009,0.012642374,0.016837392,0.020680327,jwtektsg.png,0,validation
0.0002794716,0.009133167,0.0006594456,0.00056744576,0.001034176,0.0017330128,0.002973735,0.004611159,0.006979521,0.008802119,0.011277402,0.014717485,0.017435923,jx9amsm5.png,0,validation
0.00028638233,0.009293795,0.00065202825,0.0005421678,0.001041685,0.0017231777,0.0029231831,0.004485331,0.006840336,0.008903757,0.011763919,0.015553054,0.018597342,jxrt93of.png,0,validation
0.000612923,0.011287717,0.0012818606,0.0011580735,0.0018731244,0.003168947,0.005766776,0.009751916,0.016457438,0.022872686,0.03309613,0.048514105,0.059365667,jxyzts1o.png,0,validation
0.00030213097,0.009320803,0.0006861067,0.00062168605,0.0011108882,0.0018814945,0.00327138,0.0051110596,0.007696282,0.009945291,0.013264108,0.018062193,0.022530798,jzg8u6mq.png,0,validation
0.00044232086,0.011010068,0.0010388417,0.0007930421,0.0015268594,0.0025232087,0.004329323,0.006855488,0.011139166,0.015279492,0.021786839,0.031952195,0.0416991,k05vivzu.png,0,validation
0.00047834744,0.010756534,0.0012371766,0.000859803,0.0016809861,0.0028303177,0.0050190743,0.008347223,0.014193943,0.020200139,0.030644879,0.049255487,0.06912739,k0rw98gs.png,0,validation
0.0002996425,0.00913679,0.0007821951,0.00062928355,0.0010943211,0.0018310791,0.00314643,0.0049198833,0.0074312356,0.009737913,0.013144572,0.017442685,0.020860408,k0wtcakk.png,0,validation
0.00033055633,0.009652822,0.00071114715,0.00058853737,0.0011962401,0.0020137834,0.0035187255,0.0055711153,0.008675968,0.011682853,0.01653126,0.022947965,0.027712703,k1f6hiig.png,0,validation
0.0003926388,0.010117515,0.0011338103,0.00090230553,0.0013953176,0.0023382038,0.00407388,0.0064947098,0.010383754,0.0140980305,0.019817103,0.029113567,0.039555665,k1qp39rg.png,0,validation
0.00032955725,0.009591653,0.0008368704,0.00069550704,0.0011707179,0.0019710057,0.0034937067,0.0057476205,0.00951069,0.013142204,0.019160017,0.02782652,0.03718695,k2l0d1b4.png,0,validation
0.0002964263,0.009340855,0.00071648957,0.00058677327,0.0010955172,0.001832241,0.0030945868,0.004749074,0.0071582072,0.0093486225,0.012609237,0.017419077,0.02187624,k33t9lzx.png,0,validation
0.00033859306,0.009661783,0.00081782724,0.00073147804,0.0012178734,0.0020511379,0.0036255622,0.005831394,0.009383005,0.0127511285,0.018214667,0.02676568,0.03593789,k3apdgav.png,0,validation
0.00032365334,0.009734826,0.00073491404,0.00064686575,0.0011814352,0.0019883816,0.0033915986,0.0051915515,0.0077486187,0.009981016,0.013374719,0.018182723,0.02194948,k3ny9v20.png,0,validation
0.00032567725,0.009602899,0.0008077611,0.0006557925,0.0011805659,0.0019691947,0.0033208495,0.0050049853,0.007390742,0.009556311,0.012983315,0.017445872,0.021680603,k426e34v.png,0,validation
0.000606287,0.011340958,0.002035267,0.001156716,0.0020653752,0.0032550395,0.0054957336,0.008819007,0.014589206,0.020556416,0.03031263,0.04382373,0.053677313,k56of5cd.png,0,validation
0.00030273735,0.00926474,0.0006949542,0.0006243151,0.0011166208,0.0018896586,0.0033108215,0.0051763617,0.0076762037,0.009991386,0.01352474,0.018480938,0.023342218,k661h7wp.png,0,validation
0.0003680805,0.010188417,0.00069683127,0.00062490074,0.0012483293,0.002042141,0.0034497352,0.0053553954,0.008194323,0.010859928,0.0149483755,0.020383487,0.023921292,k6b7v5ap.png,0,validation
0.00032844476,0.009445862,0.000892141,0.0007121864,0.0012130991,0.0020215623,0.0034190412,0.005259242,0.007897402,0.0102242585,0.013791806,0.018889304,0.023426622,k6qzl0o9.png,0,validation
0.00042266032,0.010872029,0.00094807794,0.0008058821,0.0014361507,0.0024358293,0.004336027,0.007028585,0.010829709,0.014407733,0.019874316,0.026779858,0.033279274,k7orfqla.png,0,validation
0.00026882347,0.009012506,0.0006421701,0.0005371659,0.0009839771,0.0016403849,0.00280786,0.0043125697,0.0064328145,0.008183617,0.010609056,0.013756401,0.016296543,k87322hr.png,0,validation
0.0008434499,0.0131762475,0.0014268619,0.0013716271,0.0024577794,0.0041127414,0.00750611,0.012797572,0.021793326,0.031126251,0.04753094,0.07376099,0.09317296,k8z9u7h2.png,0,validation
0.00034798373,0.009965134,0.00082935864,0.0006403828,0.001267857,0.0021184415,0.0036916612,0.0057396744,0.008641578,0.011165259,0.014601668,0.018889947,0.02179509,k96v70fy.png,0,validation
0.0003392087,0.009502388,0.00097494276,0.0007575793,0.0012082197,0.0020051063,0.0033860796,0.0051183566,0.007540747,0.009592892,0.012597578,0.01660473,0.019692048,k99c7zco.png,0,validation
0.00039990785,0.01040228,0.0008968831,0.00073837815,0.0013812336,0.0022583439,0.0038625796,0.0060134493,0.009256036,0.012135948,0.016399942,0.021923939,0.02585,k9t9uj1n.png,0,validation
0.00028905764,0.009120408,0.00060444215,0.0005828564,0.0010682244,0.001799034,0.0031070681,0.004859869,0.007130679,0.009000514,0.011855485,0.01573453,0.019612929,k9tr74qg.png,0,validation
0.00029418545,0.009226911,0.0006116257,0.0005826861,0.0010530984,0.0017680831,0.0030865301,0.0048488565,0.0073231664,0.009536834,0.012992205,0.017780827,0.021895759,ka0j2nbi.png,0,validation
0.00028677282,0.009181161,0.0006942458,0.00056716165,0.0010424684,0.0017136986,0.0028340812,0.0041893283,0.0059719714,0.007616044,0.010020032,0.013004893,0.015282649,karoatez.png,0,validation
0.000297858,0.009111791,0.00066852773,0.00062124984,0.0010969728,0.0018410042,0.0031730866,0.0049920813,0.0075799264,0.009861294,0.013199623,0.017588273,0.021419995,kasjoph3.png,0,validation
0.00095090654,0.013465555,0.001924893,0.001667296,0.0027444868,0.0046089217,0.008429409,0.0145528875,0.02489416,0.035408296,0.053511415,0.082205206,0.10160999,kat8xdve.png,0,validation
0.00032456598,0.009836598,0.00074919645,0.00060216273,0.0011660068,0.0019164237,0.0032381644,0.0049462994,0.0074153477,0.009684951,0.012974213,0.017391779,0.021389388,kc390hwa.png,0,validation
0.00033419998,0.009443977,0.000788499,0.00073782634,0.0012194315,0.0020436635,0.0035374465,0.0055260574,0.008617849,0.011579703,0.016395751,0.023766885,0.032021217,kc5jst01.png,0,validation
0.00047685843,0.010660375,0.0013076686,0.0008771829,0.0016429167,0.0027837986,0.004975771,0.008256156,0.014034508,0.020483728,0.031818956,0.051708404,0.07354402,kcavoo0j.png,0,validation
0.0003463272,0.010297716,0.00072101934,0.0005953444,0.0012362606,0.002034584,0.0034928434,0.005569864,0.0087918695,0.0117162485,0.016191868,0.022405576,0.027513416,kcj0ffeg.png,0,validation
0.0003268638,0.009542502,0.00079634454,0.00069481647,0.0011559615,0.0019159908,0.003300706,0.0051683118,0.0077747274,0.010116356,0.01359904,0.018584426,0.023377974,kd5st7pn.png,0,validation
0.0002930457,0.009342021,0.00068045786,0.00057598134,0.0010723334,0.0017789059,0.0030198945,0.0046771416,0.0070920167,0.0091879275,0.012151237,0.016154462,0.019637294,kff29202.png,0,validation
0.00034268457,0.010191111,0.00076649804,0.00063362863,0.0012236759,0.0019910533,0.0033250563,0.0050621433,0.0076346532,0.009801525,0.012905514,0.016936615,0.020057637,kfgxokvr.png,0,validation
0.00029347694,0.0095298095,0.00066660065,0.0005766058,0.0010427278,0.0017180523,0.002904028,0.004442792,0.006576302,0.008363333,0.010984081,0.014452445,0.01682116,kg6uazki.png,0,validation
0.0002852452,0.009070526,0.000659864,0.00059541664,0.0010484416,0.0017540115,0.0030126201,0.0047245626,0.007066961,0.00909115,0.012135414,0.016348023,0.020287717,kgicx7fn.png,0,validation
0.00043942465,0.010932804,0.00083667727,0.00074422517,0.0015147512,0.0024968772,0.004239263,0.0066379854,0.010438468,0.014117388,0.019565128,0.027081823,0.03289472,khdfjynt.png,0,validation
0.00030460308,0.009329987,0.00071820617,0.00064167636,0.0011049974,0.0018364339,0.0031089187,0.004723506,0.006905116,0.008918373,0.011920329,0.01595291,0.019286567,ki7gx4rf.png,0,validation
0.00024584527,0.008187467,0.00075877534,0.0005708241,0.0008869858,0.001458227,0.0024206168,0.003656116,0.0055242567,0.0073163887,0.010006814,0.013990235,0.017809924,kifa9mke.png,0,validation
0.0003004324,0.009184085,0.0006809307,0.0006315703,0.001089875,0.0018302039,0.0032135823,0.005076234,0.0077948514,0.010149728,0.013827506,0.01926719,0.024521884,kiv90h7j.png,0,validation
0.00031016633,0.009512003,0.0006819953,0.0006343999,0.0011304751,0.0018890587,0.0031761373,0.004807382,0.0068520126,0.00845364,0.01075693,0.0135753555,0.016031517,kjfpytyo.png,0,validation
0.00039162522,0.010515427,0.00071253104,0.000631345,0.0013698572,0.0022540886,0.0038002508,0.0059355428,0.009419447,0.01287363,0.018695502,0.027836073,0.03606716,kk8d2iqa.png,0,validation
0.00027642198,0.008987679,0.0006648282,0.0005604061,0.0010084766,0.0016763615,0.0028428535,0.0042937133,0.006171963,0.007744972,0.009951584,0.012660726,0.014821676,kkfedlbg.png,0,validation
0.00032202862,0.00945238,0.0008105368,0.00068956194,0.0012028841,0.0019969514,0.0033093812,0.004989216,0.0072825793,0.009192302,0.011822206,0.01506976,0.017809115,kkthyl6s.png,0,validation
0.0003543035,0.0095779495,0.0009972198,0.0008120763,0.0012727937,0.0021211598,0.0036357958,0.005672883,0.008448881,0.010957014,0.014778912,0.020524578,0.025813758,klldu5ch.png,0,validation
0.00032107616,0.009799517,0.0006757032,0.0005936855,0.0011844317,0.0019566307,0.0032860504,0.0050021796,0.007564166,0.009649416,0.012533724,0.016269995,0.019193284,kltj4hj0.png,0,validation
0.000304643,0.00943652,0.00070153194,0.00058862567,0.0010999868,0.0018278634,0.0031320855,0.0048458474,0.007274007,0.009496492,0.013007398,0.018132363,0.022031175,klumcmh7.png,0,validation
0.0005141227,0.0106688505,0.0015553426,0.0011476708,0.0016318186,0.0027022094,0.0047292695,0.0077366643,0.012734551,0.017897436,0.02591202,0.038385987,0.050553642,knaarxd1.png,0,validation
0.0003186959,0.009539584,0.0007228668,0.0006557585,0.001128894,0.001889454,0.0032542832,0.0050864615,0.007696714,0.009995962,0.013268851,0.017682033,0.021654248,kndxmkep.png,0,validation
0.00031325387,0.009390812,0.0007537698,0.000656884,0.0011192489,0.0018652737,0.0032317762,0.005069993,0.0076080863,0.009869114,0.013131951,0.01751093,0.021783654,ko73r024.png,0,validation
0.00034633453,0.009598822,0.0009082102,0.0007515059,0.0012669332,0.002165303,0.0038531353,0.006283115,0.009931263,0.01342058,0.01898754,0.027004806,0.03501536,ko8tit7x.png,0,validation
0.00029855303,0.009262358,0.00071511767,0.0006186289,0.0010848595,0.0018133216,0.0030777669,0.0047691297,0.007255664,0.009497438,0.013029186,0.018309291,0.023715544,kou0hyo3.png,0,validation
0.0003574011,0.010030558,0.00071876013,0.00060242723,0.0012790983,0.0021074864,0.003569287,0.005522899,0.008554953,0.011255081,0.015372103,0.021159675,0.025284044,kpk9ndoc.png,0,validation
0.00027276034,0.0091795,0.00063962775,0.0005317782,0.0009697904,0.0015995826,0.0027055324,0.0041008587,0.0059973565,0.00761188,0.009962715,0.01304499,0.015349203,kqkeznl0.png,0,validation
0.00032253674,0.009689889,0.00069395907,0.00057584356,0.0011399379,0.0018832757,0.0032221715,0.004967978,0.0074586887,0.009621606,0.012829999,0.016933002,0.019737734,kqmlp75m.png,0,validation
0.00032669242,0.009480846,0.0007720667,0.0006879236,0.0011864031,0.002003918,0.0035240448,0.0057668635,0.009370688,0.012788847,0.018284196,0.026984666,0.036714576,krhqd8lz.png,0,validation
0.00027150803,0.008876198,0.00069177616,0.00056470063,0.0009946949,0.0016818207,0.0029602423,0.004603889,0.006858421,0.008911825,0.011877972,0.015950693,0.019758128,krowx4kk.png,0,validation
0.00042802407,0.0106683755,0.0009291064,0.00081646413,0.0013713994,0.0022284053,0.0038012892,0.005942548,0.009326699,0.012391626,0.016975757,0.023527494,0.028744882,ksqghftc.png,0,validation
0.0003508123,0.009862437,0.0008718799,0.00069831306,0.0013054099,0.0021937052,0.0037294638,0.005695832,0.008586249,0.011144746,0.014989376,0.020419257,0.024701687,ksto5zsr.png,0,validation
0.00030166266,0.009263096,0.0006637584,0.00061691436,0.0010783323,0.0017927581,0.003071422,0.0047775833,0.0072812675,0.009548388,0.013209478,0.018785898,0.023749275,kswrzqe5.png,0,validation
0.00030596778,0.0095778,0.0007006056,0.00059075025,0.001114966,0.0018411382,0.0030878228,0.0046544997,0.006826706,0.008585905,0.010912892,0.0137212,0.015634524,kt29bsjp.png,0,validation
0.000327136,0.009687479,0.0007700245,0.0006874951,0.0011496813,0.0019395362,0.0034396877,0.0056350837,0.009181936,0.012439956,0.017882487,0.02613472,0.03520072,ktp6yd6i.png,0,validation
0.00032670653,0.009772449,0.0007526151,0.0006087941,0.0012188832,0.0020458754,0.0035382647,0.005518943,0.008482741,0.011259657,0.015271908,0.020752314,0.025339896,ktqjj9v1.png,0,validation
0.0002939181,0.009255103,0.00066322426,0.0005862571,0.0010811277,0.0018013036,0.003055675,0.0046858825,0.007175104,0.009328151,0.012476305,0.016711859,0.020598246,ku9ivw7k.png,0,validation
0.00031757078,0.009396369,0.0008160374,0.0006802681,0.0011965655,0.0020145015,0.0034454481,0.005321576,0.007907948,0.010120026,0.013420884,0.017837748,0.021739904,kuqu2qau.png,0,validation
0.00036657558,0.010080656,0.0007235939,0.00060721743,0.0013166977,0.0021670153,0.003716582,0.0058205514,0.009013237,0.012135463,0.01729165,0.024734186,0.029896883,kut7646p.png,0,validation
0.00029274137,0.009033257,0.0007065823,0.0006170478,0.0010889593,0.0018237715,0.0030947216,0.0046550436,0.006764114,0.008715309,0.011482974,0.01527754,0.019316975,kv3udlwr.png,0,validation
0.00027753928,0.009035735,0.00060251274,0.0005461252,0.0010278584,0.001721052,0.0029740958,0.0046056365,0.006820621,0.0087834895,0.01184324,0.015990794,0.019297216,kvv411qi.png,0,validation
0.00031615462,0.0095629385,0.0007583266,0.0005750144,0.0011536073,0.0019054352,0.003235206,0.0049486523,0.0074051446,0.009511929,0.0124929035,0.01654152,0.019721823,kwhzml7s.png,0,validation
0.00035164444,0.01039223,0.0007749453,0.0006515063,0.0012228676,0.0020219008,0.0034446209,0.0052866447,0.00783913,0.010112446,0.013309064,0.017676622,0.02145286,kxd5yzgv.png,0,validation
0.0003698085,0.010230061,0.0007442575,0.0005997739,0.0013163853,0.0021865815,0.0037754662,0.0060722935,0.00985817,0.013566748,0.019607954,0.029373096,0.037948024,kyeitriy.png,0,validation
0.0002868905,0.009265114,0.00073291955,0.0005684869,0.001063715,0.001769379,0.003000281,0.004609927,0.0068384516,0.0088085085,0.011600944,0.015277667,0.01828952,kylsm55a.png,0,validation
0.00038399678,0.010277719,0.00081127934,0.0006996675,0.0012851652,0.002107677,0.0036010458,0.0057299514,0.00914447,0.012461197,0.017607715,0.024757134,0.030597467,kzyaee7x.png,0,validation
0.00029878927,0.009117468,0.0007962588,0.0006277837,0.0010781477,0.0018008087,0.0031105713,0.0048684245,0.0074706203,0.009898371,0.013257691,0.018003691,0.022202652,l0rdgw3d.png,0,validation
0.00035602562,0.010019405,0.0007166589,0.0006181761,0.0012467353,0.002065507,0.0035614637,0.0055962154,0.008835011,0.011975828,0.016987689,0.024532257,0.031014439,l0urz1p7.png,0,validation
0.0002720286,0.00897764,0.0006118535,0.00054244883,0.0009934262,0.0016629167,0.00286748,0.004475389,0.0066946363,0.008525348,0.01109355,0.014329335,0.016800907,l1ivzou1.png,0,validation
0.000319807,0.009632631,0.00073036074,0.0005786023,0.0011859285,0.001986936,0.0033887848,0.0051750406,0.0078002876,0.010086087,0.013336548,0.017749038,0.021684952,l29lnvuc.png,0,validation
0.00028613937,0.00909056,0.0007054258,0.0005770154,0.0010652991,0.0017861918,0.0030365265,0.0045646015,0.006684463,0.008510864,0.011061495,0.014386477,0.017294403,l2e0pgf4.png,0,validation
0.00046442193,0.009506208,0.0010723752,0.00094250357,0.0014843234,0.0025126147,0.0046661696,0.008280866,0.015105137,0.0225809,0.0354552,0.058116212,0.083521314,l3bq160d.png,0,validation
0.00032757522,0.009712546,0.0007147249,0.00059403846,0.0011871221,0.0019779482,0.0033947767,0.0052892463,0.008219092,0.010727624,0.014333187,0.019576138,0.02450644,l4j8sud8.png,0,validation
0.00036394037,0.010071157,0.00076624844,0.00065337564,0.0012442614,0.0020594578,0.0036126282,0.0058344137,0.009238599,0.01232928,0.017193552,0.024427596,0.029888563,l4rfqcd0.png,0,validation
0.0003263941,0.0095766205,0.0007837259,0.0006809226,0.0011860841,0.0019776835,0.0034113692,0.0053721024,0.008169773,0.0107591525,0.014604833,0.02003376,0.025013637,l4sv515s.png,0,validation
0.00036685614,0.010225948,0.0008045937,0.00062133087,0.0013445611,0.002233474,0.003787051,0.005731368,0.008519672,0.011046971,0.014961662,0.020183826,0.023642363,l4tniz5c.png,0,validation
0.00033312084,0.009729879,0.0007221661,0.0005768048,0.0012435415,0.0020998982,0.0036173905,0.0056831664,0.008763578,0.011569856,0.015853515,0.021807207,0.026090696,l57szoqe.png,0,validation
0.00034295217,0.009808688,0.00069281936,0.0006219616,0.001199803,0.0020213102,0.0035435788,0.005658585,0.008802758,0.011662301,0.016361088,0.023362676,0.02968125,l58kxo9t.png,0,validation
0.0003011911,0.009493782,0.00074827165,0.00057485275,0.0010904897,0.0017958086,0.0029997348,0.004537333,0.006802553,0.0086797755,0.0112189315,0.01469702,0.017816585,l647yim1.png,0,validation
0.00032091877,0.0094653405,0.0007169595,0.0006023292,0.0011771257,0.0019527386,0.0033540914,0.0052637365,0.008097304,0.010578402,0.014282422,0.019247703,0.022810759,l7hct9v7.png,0,validation
0.0003187009,0.009452927,0.0007797453,0.0006454735,0.0011797427,0.001965844,0.0032984584,0.004973817,0.007309776,0.009322243,0.012166336,0.0155030275,0.01822946,l8472qw4.png,0,validation
0.0002913969,0.009258822,0.0006509837,0.0005684832,0.0010925973,0.0018192765,0.0030278931,0.004493023,0.006434058,0.0081175575,0.010420722,0.012982436,0.01457058,l886p5xh.png,0,validation
0.00031428522,0.009399475,0.00079158053,0.0006535305,0.0011488736,0.0019347128,0.0033529445,0.005366943,0.0086055845,0.011617391,0.015984347,0.02225255,0.028290782,l8cx2a4m.png,0,validation
0.00041205462,0.010410287,0.0008300347,0.00068807794,0.0014379328,0.0023710723,0.004097845,0.0064855875,0.010158249,0.013573672,0.019249387,0.026570426,0.03086028,l8xc10pv.png,0,validation
0.00034093726,0.00963562,0.0009085941,0.0007530041,0.0012311679,0.0020712987,0.0036292586,0.005889144,0.009056947,0.012107798,0.016867904,0.023748163,0.031224536,l95jjwaq.png,0,validation
0.00035054758,0.009498912,0.0008650456,0.0008082649,0.0012932719,0.002180209,0.0037723498,0.0058993814,0.008789209,0.011452585,0.015529791,0.02147662,0.02734196,l9hmstng.png,0,validation
0.00039220348,0.010380184,0.000765676,0.0006923862,0.0014104401,0.0023174451,0.0039703073,0.006344271,0.010047329,0.013472696,0.018866582,0.027216073,0.034707505,lbcqao0v.png,0,validation
0.00035936295,0.01045,0.0007541746,0.0006488408,0.0012799512,0.0021108964,0.0035749457,0.005462927,0.00827117,0.01076808,0.014754422,0.020541716,0.025522487,lbmrwr35.png,0,validation
0.0004206942,0.010588753,0.0007457372,0.0006791988,0.001482261,0.0024493607,0.0042825323,0.0069373692,0.011244222,0.015235099,0.021802325,0.031268343,0.038877793,lcrlquzy.png,0,validation
0.0004011294,0.0099603105,0.0010374376,0.00087610027,0.0014208766,0.0024263721,0.0043638246,0.007106314,0.011241937,0.015334364,0.022150526,0.03273562,0.043399043,ldel77xd.png,0,validation
0.0003131047,0.009632018,0.000702698,0.00063483143,0.0011276186,0.0018906358,0.0033120015,0.0052457014,0.007995175,0.010403965,0.013931247,0.018333377,0.022102004,ldijvw88.png,0,validation
0.0003308484,0.009473395,0.0008471242,0.0007225249,0.0012287535,0.0020506138,0.0035038472,0.0054577515,0.008201597,0.010768075,0.01447235,0.01864576,0.022095958,ldofld3c.png,0,validation
0.00030357705,0.009453801,0.00068655383,0.0005469196,0.0011198901,0.0018822458,0.003247904,0.0050289757,0.00751642,0.0097001055,0.012821315,0.016870873,0.01976916,ledzlekq.png,0,validation
0.0002761963,0.009055252,0.0006348841,0.00055366347,0.0010165231,0.0017059061,0.0029561245,0.004665333,0.0070746783,0.009274774,0.012768282,0.017537681,0.021657376,lejvgify.png,0,validation
0.00036631207,0.010304713,0.0008022608,0.0006644174,0.0013035282,0.0021574448,0.0037198411,0.005804886,0.008867814,0.011489967,0.015139753,0.020341542,0.023884261,lf8sxe2c.png,0,validation
0.00039176704,0.0103237005,0.00078849075,0.0007642675,0.0013559161,0.0022396646,0.0038300757,0.006030759,0.00957533,0.013041135,0.018828968,0.028364697,0.038084157,lh68hh8d.png,0,validation
0.00037846726,0.010431901,0.000769359,0.0007309295,0.0013170728,0.002153673,0.0035791937,0.0054485383,0.00823195,0.010751093,0.014461334,0.019396614,0.023645343,lh81vmcw.png,0,validation
0.00028678673,0.009099933,0.00070985226,0.00057230674,0.0010631019,0.0017843116,0.003015186,0.0044945343,0.006464218,0.008244058,0.010717847,0.013375627,0.014940944,lhhjs8kh.png,0,validation
0.00028055118,0.00916976,0.0006098924,0.00054782117,0.0010129701,0.0016948093,0.0029379814,0.0045975694,0.006947332,0.009098468,0.012497826,0.017087482,0.020610863,livho8kt.png,0,validation
0.00032500882,0.009427001,0.00082331,0.0006911952,0.001178785,0.002016399,0.0036112587,0.0058785956,0.0092039155,0.012333905,0.017358877,0.02480582,0.0328125,liwix9pt.png,0,validation
0.0009999407,0.013350272,0.0019754802,0.0017797076,0.0028640232,0.0047959806,0.008764706,0.0151553815,0.026063785,0.037165526,0.056445833,0.0862076,0.106058754,lj0o7wxi.png,0,validation
0.00050670706,0.010858995,0.0015899638,0.0009866735,0.0017592468,0.0027972148,0.0047235177,0.0074041,0.0116260955,0.015868386,0.022488404,0.03113983,0.03751917,ljaimue2.png,0,validation
0.00038030045,0.010103175,0.0007027119,0.00064442813,0.0013370076,0.0021916765,0.0037652033,0.005842214,0.008969149,0.0117063215,0.01589963,0.021278659,0.024416424,ljvc1e74.png,0,validation
0.0002833248,0.00923294,0.00068394904,0.00055534515,0.0010357093,0.0017347032,0.002957557,0.0045427713,0.0068458137,0.0089178765,0.011951733,0.016058631,0.01990865,lk4ktcm2.png,0,validation
0.00038836212,0.010317989,0.0007217812,0.0006182008,0.0013737046,0.002295311,0.0040047043,0.006452193,0.010429144,0.014127174,0.020228121,0.029116457,0.035946958,lkivofvy.png,0,validation
0.00031378213,0.009484653,0.00075395685,0.00063772866,0.0011422469,0.0019104213,0.0032929159,0.0051654587,0.007776534,0.010050658,0.013507365,0.018250588,0.022474144,ll5znlnc.png,0,validation
0.0005280333,0.01100572,0.0016860741,0.0010439287,0.0017816705,0.0028032064,0.004673973,0.007320007,0.0115064755,0.015581554,0.021989968,0.030409656,0.03692826,lmegs7uk.png,0,validation
0.00034220165,0.009865429,0.0007092809,0.00061488984,0.001217312,0.0020032434,0.0033690454,0.005171129,0.007941683,0.010424586,0.01387956,0.018159788,0.021343667,lmxr0lra.png,0,validation
0.000983395,0.013581436,0.002185559,0.0016835323,0.002769712,0.0046039275,0.008349181,0.014319117,0.024319729,0.034667164,0.052160297,0.07823204,0.09526694,ln20gkqq.png,0,validation
0.00030884382,0.009452337,0.00071136176,0.000627803,0.0011439619,0.0019301712,0.0033559073,0.005331956,0.0084700305,0.011263585,0.015557394,0.022274572,0.029580995,lo0q18oo.png,0,validation
0.00029941034,0.009358688,0.000721862,0.00058469916,0.00111807,0.0018796102,0.0031772833,0.0047568674,0.0069104857,0.00874567,0.011134132,0.013807967,0.015691172,lobitkrb.png,0,validation
0.00031689403,0.009311972,0.0007599013,0.00068815384,0.0011400444,0.0019279795,0.0034574831,0.0057363743,0.009395131,0.012778276,0.018326377,0.02740982,0.037762385,lor50siy.png,0,validation
0.00031018938,0.009493874,0.00066121557,0.00062694494,0.0011475673,0.0019327987,0.0033014636,0.0050216694,0.0074424176,0.009588598,0.012709792,0.016734134,0.020416122,lot81xqt.png,0,validation
0.00036617473,0.010234991,0.00071693206,0.0006902278,0.0012930853,0.0021313876,0.0035939347,0.005526476,0.008443576,0.011106306,0.015019835,0.020538388,0.02581273,loykei2y.png,0,validation
0.000584579,0.01081938,0.0023981465,0.0012249845,0.0020403014,0.0032334798,0.005489798,0.008877699,0.014602358,0.020430492,0.030054536,0.043318033,0.054380644,lphuivl9.png,0,validation
0.0002983611,0.009045629,0.0007471377,0.00063196506,0.0010783164,0.0018096503,0.0031403191,0.005011357,0.007855426,0.010509268,0.014105382,0.01850128,0.021537066,lqh9j4jn.png,0,validation
0.00031827934,0.009730441,0.0007805087,0.00064082275,0.0011323427,0.0018662103,0.0031387522,0.004831816,0.007230762,0.009238789,0.012033062,0.015639253,0.018395675,lqpmvju7.png,0,validation
0.00038425415,0.010160128,0.00070952723,0.0007058636,0.0013311179,0.002223267,0.0039026462,0.0063381987,0.009830582,0.013187534,0.018236022,0.025405787,0.031312857,lr3v795r.png,0,validation
0.00031375542,0.00952879,0.00074456877,0.00063628907,0.0011293978,0.0018668124,0.0032041613,0.0050418214,0.0075378595,0.0097111175,0.012882718,0.01660402,0.01966888,lrlwp47l.png,0,validation
0.00029108365,0.008961206,0.0006379545,0.00060914905,0.0010435735,0.0017522742,0.0030817494,0.0050136354,0.00792669,0.0106189605,0.015020123,0.021748487,0.029141655,lrtatmng.png,0,validation
0.00032666294,0.009798826,0.000687614,0.0006122021,0.0011999637,0.0020025817,0.0034137967,0.00521858,0.007715267,0.009704023,0.0124272555,0.015797833,0.018455759,ls763war.png,0,validation
0.0003441232,0.009451691,0.00086688815,0.00077716535,0.0012581595,0.0021130505,0.0036311971,0.0056538335,0.008471542,0.011088209,0.015046098,0.02014747,0.024709169,lt9bv5s7.png,0,validation
0.00033398316,0.010277396,0.0007387332,0.0005981862,0.0011805893,0.0019383909,0.0032556262,0.004922003,0.0072124754,0.009183038,0.011906584,0.015378803,0.018244894,lter5obv.png,0,validation
0.0002964077,0.00912448,0.00070152397,0.00061338354,0.0010993951,0.0018595133,0.003224212,0.005001958,0.007535199,0.009859755,0.013496788,0.018859366,0.023476275,ltoc3nb7.png,0,validation
0.00039617004,0.010361202,0.00076222327,0.0006615484,0.0014029405,0.002327776,0.0040033683,0.0063281874,0.009866539,0.0135331275,0.019883312,0.029959058,0.037557997,ltyhmp1h.png,0,validation
0.00036914414,0.010668212,0.0007400621,0.00065178284,0.0012497456,0.002048769,0.003491073,0.0054509197,0.008282869,0.010788574,0.014513174,0.018988078,0.022560641,lu3ndz3c.png,0,validation
0.0002927182,0.009075595,0.0007443354,0.0005917002,0.0010772012,0.0017853512,0.002976388,0.004503336,0.006671201,0.008684388,0.011729285,0.015906958,0.0197663,luneyec1.png,0,validation
0.00035324166,0.0100111,0.0006797895,0.00057445536,0.0012188574,0.0020065578,0.003512845,0.0055981358,0.008788113,0.011788863,0.016476091,0.02276691,0.026496165,lv2zln51.png,0,validation
0.00032150318,0.009573004,0.00072593766,0.00065755734,0.0011629171,0.0019463294,0.0033770378,0.0053086868,0.0079221,0.01025267,0.014046702,0.019217733,0.024146527,lw0vs52s.png,0,validation
0.00038724864,0.010181224,0.0007453028,0.0006573998,0.0013747594,0.0022689188,0.003942791,0.0062716072,0.009879408,0.013182324,0.018126203,0.024328537,0.028477728,lx0noixv.png,0,validation
0.00038581635,0.010089661,0.00076655514,0.00069724146,0.0013371392,0.0021910786,0.0037158637,0.005839504,0.009092136,0.012190093,0.017110828,0.023602555,0.028055971,lxk68gc0.png,0,validation
0.00030842345,0.009251667,0.00075224444,0.0006671035,0.0011227878,0.0018846781,0.0032670933,0.0050752014,0.007524864,0.009717096,0.012963355,0.017451188,0.021536382,lxy13ar1.png,0,validation
0.00029946226,0.009464135,0.0006896553,0.0005478984,0.0011015948,0.0018124891,0.0030500973,0.004644054,0.006840393,0.008552281,0.010853412,0.013766924,0.016031915,lypxm6ob.png,0,validation
0.00029262135,0.009270472,0.0006752691,0.0006134066,0.0010655666,0.0017790996,0.003015054,0.0046486435,0.0069787907,0.008973033,0.012026518,0.01654219,0.020785108,lyxcrhy9.png,0,validation
0.00033650378,0.010248473,0.0006937631,0.00058070454,0.0011919208,0.0019638059,0.0033236295,0.0050789546,0.0075513795,0.009619557,0.01241746,0.015938377,0.018427955,m02sgrm9.png,0,validation
0.00047153622,0.010325611,0.0012682083,0.0010350792,0.0015056117,0.0024879428,0.004382045,0.007144815,0.011713894,0.016331946,0.023369282,0.0341168,0.044764277,m0aeyyxj.png,0,validation
0.0003413136,0.009869967,0.0007795154,0.000620798,0.001250839,0.0020854217,0.0035634532,0.00551016,0.008577742,0.011479037,0.015657926,0.02178751,0.02830021,m0ah987n.png,0,validation
0.00031978425,0.009809285,0.00067878264,0.0005666009,0.0011742545,0.0019547588,0.0033376587,0.005093997,0.007564638,0.00968327,0.012715259,0.016721759,0.020132674,m1k79vim.png,0,validation
0.00030795063,0.009188851,0.0008318867,0.0006558283,0.0011329227,0.0018739214,0.003147261,0.004788687,0.0069838827,0.00900126,0.011981571,0.015773583,0.018686049,m1x1meam.png,0,validation
0.0005362927,0.011647901,0.001312027,0.00091957184,0.0018000904,0.003010925,0.0053448207,0.008911691,0.015288172,0.022351125,0.034649353,0.0553152,0.07768874,m1xvwfw3.png,0,validation
0.0004005194,0.009134216,0.0010796207,0.000924385,0.0012955883,0.0021375834,0.0038286566,0.006548365,0.011512917,0.016806705,0.025986366,0.04155792,0.058833823,m29lylc0.png,0,validation
0.00031510988,0.009541867,0.0008225456,0.0006444841,0.0011548533,0.0019239804,0.0032503656,0.0049222885,0.0073471027,0.009669442,0.013371752,0.01870389,0.024386326,m2id2mxm.png,0,validation
0.00036862775,0.008924038,0.00097330933,0.00079009746,0.001359892,0.0024542636,0.004900761,0.008643808,0.015753902,0.022577362,0.032093927,0.046520986,0.063107565,m2oyhz3u.png,0,validation
0.0007784737,0.010998193,0.0033208663,0.0019353697,0.002479414,0.004411569,0.008684513,0.014710262,0.02534426,0.03636275,0.054342166,0.08173419,0.1097944,m31c8fyv.png,0,validation
0.00064258743,0.011868188,0.0017649803,0.0013958396,0.0022489121,0.0036962049,0.006379362,0.010156206,0.016472092,0.022935726,0.033972066,0.0515957,0.06874608,m43o8joc.png,0,validation
0.00041855138,0.01028796,0.0008071371,0.0007636763,0.0013987806,0.0023321875,0.004169739,0.0070277466,0.011991458,0.016789885,0.023743086,0.03413362,0.043193147,m476sbrb.png,0,validation
0.00028891827,0.008976885,0.0006524476,0.0005945594,0.0010712962,0.0018131707,0.0031787218,0.0050794547,0.007842131,0.01028459,0.013887071,0.019012783,0.023707047,m4iv5juq.png,0,validation
0.0003701085,0.010196803,0.00077626464,0.0006415847,0.0013181763,0.0021530045,0.0036286046,0.0055701234,0.008505545,0.01121666,0.015341755,0.020726377,0.024572553,m4mp4ydq.png,0,validation
0.0007431742,0.011774243,0.0018784316,0.0015961303,0.002218485,0.0038073508,0.0071483976,0.012229432,0.020564733,0.029324498,0.04379381,0.06564933,0.08355882,m4ng2rqx.png,0,validation
0.00038369175,0.010177276,0.00076277147,0.0006978105,0.0013595016,0.0022468788,0.0038319207,0.005966646,0.009172832,0.012078595,0.016246105,0.02167626,0.02593482,m50qk0a9.png,0,validation
0.00024188503,0.007896217,0.000876805,0.0005724929,0.0008513483,0.0014397369,0.0025825603,0.0043163574,0.0074100727,0.01092352,0.017204093,0.027884353,0.039564796,m5fqjyyi.png,0,validation
0.00030543073,0.009246332,0.0007854654,0.00063637615,0.001122534,0.0019070314,0.003339898,0.005322419,0.008390893,0.011176946,0.015128914,0.020644056,0.026390126,m6lqyc2v.png,0,validation
0.00025653234,0.008173774,0.00061857095,0.0005352348,0.0009277713,0.0015419908,0.0026585218,0.0042778216,0.0070557846,0.00997777,0.014730539,0.022071693,0.029768059,m6s5fo29.png,0,validation
0.0004230756,0.010647407,0.00078656944,0.0006931161,0.0014360173,0.002363466,0.004125664,0.006732689,0.0112063,0.015692052,0.023420827,0.035750873,0.04788309,m766w3nq.png,0,validation
0.0003606136,0.009761812,0.0009111598,0.00082064606,0.0013220238,0.002217173,0.0038129305,0.0058752955,0.008637465,0.011143902,0.015089828,0.020851772,0.026354156,m7kpucqy.png,0,validation
0.0003094205,0.009274387,0.0007134922,0.00062745257,0.0011256475,0.0018993514,0.003291388,0.0051257974,0.0077976063,0.010284174,0.01407226,0.018929204,0.022861565,m7u4akun.png,0,validation
0.00035419126,0.010264779,0.00076001877,0.0006401396,0.0012678793,0.0020973706,0.0035495125,0.0054494846,0.008269968,0.0106552355,0.014015415,0.018786315,0.023029447,m87iqqat.png,0,validation
0.0003169599,0.009541584,0.0006821432,0.0005686767,0.0011606491,0.0019251211,0.00323635,0.00489649,0.0073514627,0.009523409,0.012765804,0.016816285,0.0197319,m89pv89j.png,0,validation
0.00031172624,0.009444529,0.00074948935,0.00064407504,0.0011388893,0.0019089145,0.0032846313,0.0050653126,0.0075172433,0.009801905,0.013155826,0.017954702,0.022271298,m89yhh5i.png,0,validation
0.00030037624,0.009389166,0.0006714227,0.00059098186,0.0010900882,0.0018159553,0.0031334716,0.0048981225,0.007299162,0.009507322,0.012708694,0.017020524,0.020472717,m8ae2pif.png,0,validation
0.00028443662,0.009000014,0.00073578313,0.0005849891,0.0010351051,0.0017052911,0.0028749679,0.004397851,0.0064595104,0.008341555,0.0112635875,0.015653564,0.019614497,m90ijurv.png,0,validation
0.0003629665,0.010130676,0.0007812744,0.00069130195,0.0012689703,0.0020779616,0.0035131387,0.0054740817,0.008352868,0.011104341,0.015251294,0.021010123,0.025437947,m9gtqe2y.png,0,validation
0.00034638366,0.009663973,0.0009272184,0.00075404946,0.0012471238,0.0021204543,0.0037795254,0.006129678,0.009693367,0.0129991425,0.018311253,0.026565999,0.035625752,m9i7o16a.png,0,validation
0.0005453838,0.010291975,0.0013262981,0.0012144784,0.0017158199,0.0028988495,0.0052712313,0.008833067,0.014635894,0.020276114,0.02928655,0.043526992,0.05465931,mah2xtm2.png,0,validation
0.00033822274,0.009577934,0.00085514324,0.0007327054,0.0011735207,0.001977651,0.0035275794,0.0057752114,0.009271839,0.012638767,0.018416116,0.027966376,0.03919969,mb8l14qk.png,0,validation
0.0002963988,0.009443245,0.00070818106,0.0005798606,0.0010979904,0.0018381968,0.0030948026,0.004669369,0.006835529,0.008701924,0.011427281,0.015298592,0.018774185,mbesb2lc.png,0,validation
0.0004127949,0.01062711,0.0007111745,0.0006507192,0.0014641354,0.0024072358,0.0040911306,0.0062400745,0.009269694,0.012107959,0.016647445,0.022906277,0.026727652,mbus4vwv.png,0,validation
0.00038345472,0.0105168475,0.00084077526,0.0006484866,0.0013809882,0.0022803636,0.0038041798,0.005751174,0.008447409,0.0108006345,0.014179644,0.018630246,0.021486657,mbx77gk0.png,0,validation
0.0003344537,0.009455956,0.0007787436,0.0007175528,0.0012113237,0.0020624325,0.0036839545,0.0061455187,0.010012626,0.013816424,0.020264195,0.030477462,0.041576892,mcdf6c3x.png,0,validation
0.00040533117,0.010238981,0.0009440656,0.0008207963,0.0014061797,0.00233244,0.0039609573,0.006227555,0.009806333,0.0133387055,0.01932772,0.029142678,0.039449286,mcvmobmh.png,0,validation
0.00027865916,0.009073904,0.00065018586,0.00056730845,0.0010202529,0.0017122744,0.0029666768,0.004680494,0.0071738823,0.009396646,0.012900608,0.017893497,0.022639459,md3bpeqp.png,0,validation
0.0003035189,0.009572215,0.00072685216,0.0005625332,0.0011089166,0.001864765,0.0032551838,0.005156638,0.008021318,0.010645253,0.0144009385,0.019950539,0.024962774,mduq0poq.png,0,validation
0.00031798746,0.009563122,0.00064870884,0.00055709755,0.0011334994,0.0018870815,0.0032768927,0.0051610516,0.008055048,0.010768618,0.014938756,0.020889185,0.02515937,mefz4v0v.png,0,validation
0.0009858704,0.013409768,0.0022302885,0.0016983856,0.0027516133,0.0045191604,0.008075451,0.0137909725,0.023531614,0.033827662,0.050946757,0.076041594,0.09170267,mfd9x9a8.png,0,validation
0.00032114674,0.009673742,0.0008057782,0.00066376495,0.0011603236,0.0019344257,0.0032856208,0.005029893,0.0074108955,0.009574851,0.013024633,0.017977482,0.023296436,mgjcy4v8.png,0,validation
0.00033062126,0.009726941,0.00076721975,0.000698568,0.0011826204,0.0019807536,0.003463207,0.0055238255,0.008338231,0.010861255,0.014630311,0.020074414,0.025275499,mgnxk0zu.png,0,validation
0.00032632437,0.009597678,0.0006760043,0.0005659349,0.0011667238,0.0019432451,0.0033596018,0.0052683866,0.00811078,0.010691829,0.014245559,0.019100504,0.022715807,mgum2d0h.png,0,validation
0.0003070663,0.009650342,0.00065178337,0.000566097,0.0010675137,0.0017329502,0.0029209438,0.0045338436,0.0068992437,0.009020756,0.01195313,0.015758611,0.018103482,mgyxkmkt.png,0,validation
0.00035603883,0.010344048,0.0008408127,0.00067169516,0.0012073372,0.0019947926,0.0034625903,0.005524109,0.008486343,0.011284549,0.015521158,0.021358475,0.026398698,mh43nv5x.png,0,validation
0.00044188893,0.010488187,0.0011339345,0.00085549586,0.0015656402,0.0025040142,0.004172911,0.0064643575,0.010105608,0.013648831,0.019195404,0.0270194,0.03310091,mhy3qdjv.png,0,validation
0.0003508923,0.009996017,0.00076584826,0.0006493271,0.0012502288,0.0020578408,0.0034518277,0.0052505257,0.0077896547,0.009976532,0.0130919935,0.017190823,0.020141505,mhyxdljw.png,0,validation
0.00032472343,0.009473714,0.0008822249,0.00068213633,0.0011757545,0.0019871013,0.003476465,0.005577864,0.009105718,0.012393692,0.017367069,0.024516385,0.03166382,mi3vru4h.png,0,validation
0.0003383695,0.009855538,0.0007723361,0.0005976716,0.001244506,0.0020969904,0.0036055162,0.0056236223,0.008561049,0.011142829,0.014797363,0.020179423,0.024520893,mij6ry7x.png,0,validation
0.00033886425,0.009850122,0.0006619736,0.0006174677,0.0011594613,0.0018886854,0.0031899095,0.0049342243,0.0075769043,0.009925978,0.013213648,0.017430764,0.020084497,mjqbxohp.png,0,validation
0.0005803469,0.011084769,0.002208525,0.0011929658,0.0019809501,0.0031167103,0.0052905036,0.00850732,0.013871042,0.019198427,0.027520465,0.039146125,0.049041014,mk3k6zxs.png,0,validation
0.00029023687,0.009385089,0.00068697287,0.00056643813,0.0010770552,0.0017934614,0.0030116583,0.00456711,0.00667047,0.0084681325,0.010940995,0.014051535,0.016636183,mk3p6owy.png,0,validation
0.00030240268,0.009425994,0.0007399321,0.0005933242,0.0010973462,0.0018119887,0.0030550482,0.004670514,0.007055594,0.00940762,0.012728906,0.01735468,0.021242717,mkdweooe.png,0,validation
0.00038761206,0.010242329,0.00075982895,0.0007030549,0.0013755029,0.0022175764,0.0037530402,0.005849249,0.0090900855,0.0122918105,0.017116891,0.023526195,0.028722592,mmki7tfp.png,0,validation
0.00031802605,0.009576529,0.00068312633,0.000651512,0.001165129,0.0019603693,0.0033714972,0.0052856593,0.008011726,0.010431915,0.014045078,0.019595286,0.025621818,mmuft24z.png,0,validation
0.00041070185,0.010543426,0.0007126666,0.0006532936,0.0014137707,0.0023072842,0.0038884745,0.006092574,0.009651914,0.013169067,0.018766927,0.026380457,0.032368165,mo044qcn.png,0,validation
0.00037118624,0.01013469,0.0007815718,0.0006546418,0.001330239,0.0021816713,0.0036505864,0.0055662375,0.008396307,0.010843861,0.014354405,0.0186284,0.021280594,mo8d9we9.png,0,validation
0.00031062498,0.009454734,0.00071887986,0.0006298748,0.0011360053,0.0018951214,0.0032132152,0.004998464,0.00770048,0.010229621,0.014145139,0.02013334,0.025901344,moaksyte.png,0,validation
0.00037280476,0.010078737,0.00081683975,0.0006736489,0.0013258782,0.0021504343,0.0036206788,0.005627339,0.008742684,0.011763765,0.01650122,0.02289424,0.028411955,mq8b9ugk.png,0,validation
0.00032440442,0.009746113,0.0007592834,0.00062374887,0.0012067829,0.0020084907,0.0033805447,0.0050521153,0.007361412,0.009278486,0.011808672,0.014791325,0.017242342,mr3d7p2u.png,0,validation
0.0002755713,0.009207136,0.00062702916,0.00054355495,0.0009834261,0.001638258,0.0027709312,0.004207326,0.006189445,0.0078091356,0.010125662,0.013218316,0.015922425,mrcotx8o.png,0,validation
0.00036001482,0.010388334,0.00074021274,0.00066240336,0.0012994831,0.0021510585,0.0036355983,0.0055194795,0.00811474,0.010239779,0.0129237985,0.016196527,0.01860049,mrrg8w9b.png,0,validation
0.00028647183,0.00901666,0.0006932201,0.0005948733,0.0010565633,0.0017774226,0.0030795315,0.0047869906,0.007170958,0.009217041,0.012162221,0.016073594,0.01951016,ms7upspa.png,0,validation
0.00027960853,0.008999039,0.00060012593,0.0005694805,0.0010250361,0.00170539,0.002904975,0.0045389724,0.006867339,0.008880025,0.011872425,0.01613543,0.020108908,msy3paua.png,0,validation
0.0002932318,0.009108833,0.00076224277,0.00059735746,0.0010870748,0.0018134858,0.0030449564,0.00463557,0.006853612,0.008890055,0.01188611,0.01573142,0.019043867,mtneiuez.png,0,validation
0.00034381286,0.009822583,0.00065268815,0.00056624087,0.0012255028,0.0020358455,0.0035000918,0.005438705,0.0082194265,0.010637276,0.014147678,0.018295744,0.020478634,mtxs83xe.png,0,validation
0.00040147867,0.010379359,0.00075815077,0.0006970379,0.0013693793,0.0023250452,0.0042216606,0.007068322,0.011572252,0.0161198,0.023190454,0.033483427,0.042869292,mu4ygoh7.png,0,validation
0.000369953,0.010617537,0.00077472825,0.0006956382,0.0012708113,0.0021139707,0.003665842,0.005814199,0.008913661,0.011767757,0.015771717,0.020995911,0.025762828,mu7jae58.png,0,validation
0.0003554316,0.010062952,0.00072031847,0.00063458475,0.0013022341,0.0021729148,0.0037191284,0.0058222967,0.008950623,0.011691104,0.015751056,0.021739116,0.027195627,muir3ifz.png,0,validation
0.00037519267,0.010214558,0.00079456373,0.000678286,0.0013576329,0.0022396026,0.0038101182,0.005875833,0.009009033,0.011921419,0.016096286,0.021947542,0.026427332,mur80x80.png,0,validation
0.00031365734,0.009391569,0.00075235066,0.00066631817,0.0011481601,0.0019018748,0.003248278,0.005051439,0.007427721,0.009594369,0.012759318,0.0171224,0.021447059,mvvg7h0q.png,0,validation
0.00032010706,0.009389962,0.000726458,0.00066580507,0.0011713121,0.001990149,0.0034956054,0.0055640605,0.008393274,0.010971896,0.015031369,0.020492526,0.026013602,mwesr90i.png,0,validation
0.0003244544,0.009682117,0.00071013364,0.0005600518,0.0011569714,0.0019119127,0.0032356954,0.0049791816,0.007623841,0.009995675,0.013536507,0.018277368,0.021177221,mxf2haqa.png,0,validation
0.0003672388,0.010268854,0.0006875512,0.0005939861,0.0012916673,0.0021388803,0.0036587035,0.0057098037,0.009046298,0.012360381,0.01761628,0.025399929,0.03230568,mxw1zyiv.png,0,validation
0.00035698104,0.010423699,0.00070443325,0.0006047243,0.0012901026,0.0021460988,0.003690355,0.0058595296,0.009289636,0.012508961,0.017541837,0.025067773,0.03182579,n188thyq.png,0,validation
0.00029966203,0.009343123,0.0007033964,0.0006096231,0.0011006227,0.0018298825,0.0031262052,0.0048153736,0.0072439685,0.009316805,0.012364434,0.016562888,0.020238653,n1be5xna.png,0,validation
0.00058150355,0.01086775,0.0024630874,0.0012508592,0.0020431622,0.0032049378,0.005386594,0.008585179,0.013839825,0.019137422,0.027855571,0.04076612,0.052591912,n1yl9unl.png,0,validation
0.00027727275,0.008882686,0.00064096705,0.00056058174,0.001031307,0.001739093,0.002953519,0.004471133,0.006590317,0.008481788,0.011328534,0.015260022,0.018204704,n239sxm5.png,0,validation
0.00028937953,0.008958415,0.0006546837,0.00059655466,0.0010846915,0.0018194809,0.0030777846,0.004777259,0.007161346,0.009250253,0.012076148,0.015618579,0.019074826,n3b4bzen.png,0,validation
0.00028123838,0.009100232,0.0005891362,0.00054641627,0.0010195788,0.0017011712,0.0029199875,0.00454562,0.006979692,0.009105166,0.012297794,0.01627916,0.019423079,n3b8pfy4.png,0,validation
0.00033410135,0.009901712,0.0007195023,0.0006011965,0.001223978,0.0020368255,0.0034470404,0.0052201576,0.007735992,0.009914115,0.012834476,0.016649637,0.019669019,n5kw77eo.png,0,validation
0.0002979604,0.009424685,0.00064365263,0.000542026,0.0010899847,0.0018050692,0.0030539713,0.0046532075,0.0069292723,0.008884511,0.011891543,0.016247412,0.019238178,n5m6sbf0.png,0,validation
0.00038744078,0.010244821,0.00066764763,0.00059496396,0.001373634,0.0023072362,0.004045337,0.0064748013,0.010241589,0.013967551,0.020036235,0.028201198,0.033750456,n5wrk7rz.png,0,validation
0.000303824,0.009265447,0.000774482,0.00063014124,0.0011054674,0.0018327242,0.0031399266,0.0049483464,0.0075478978,0.00982813,0.0131002115,0.017417567,0.021384513,n63b056d.png,0,validation
0.00035022703,0.010227252,0.00077541074,0.00065714266,0.0012195848,0.0020282408,0.0035339345,0.0056473594,0.008845836,0.011832523,0.016522441,0.023569368,0.030338202,n65hiu8i.png,0,validation
0.00033924333,0.009748004,0.0008444656,0.00071383984,0.0012002636,0.0020378053,0.00363459,0.005908501,0.009666775,0.013176802,0.018750656,0.027243782,0.036139734,n68ijqhq.png,0,validation
0.00031453854,0.009372997,0.0007210896,0.00064672506,0.0011520064,0.0019254949,0.0032467605,0.004864525,0.0069570765,0.008670542,0.01107171,0.014369203,0.017363137,n7srdfx9.png,0,validation
0.00030808183,0.009607577,0.0006612748,0.00055322633,0.0011113342,0.0018218309,0.0030525902,0.004640681,0.006920166,0.008736148,0.011267576,0.014440248,0.016422965,n8vgx1xy.png,0,validation
0.00039460364,0.010336012,0.0007387828,0.0006541861,0.0014191269,0.0023380364,0.004023813,0.0064373277,0.010433487,0.014387237,0.021288328,0.03173298,0.040180776,n9jyels8.png,0,validation
0.0003531239,0.009998918,0.00067124993,0.00061364454,0.0012242709,0.0020090053,0.0034349274,0.005359989,0.008263586,0.010948238,0.0151737165,0.021037305,0.026050206,na7069qb.png,0,validation
0.00029057375,0.009053533,0.000712392,0.000634749,0.0010484967,0.0017325544,0.0029587809,0.0046038963,0.006873594,0.0088735735,0.011572859,0.014857217,0.017863296,nah6tiu7.png,0,validation
0.00039433906,0.010331793,0.00079231063,0.0006483298,0.0013783105,0.0022942915,0.003986491,0.0064086765,0.010419517,0.01430216,0.020627415,0.02929867,0.035531897,nbxbpfrw.png,0,validation
0.00027422985,0.009061996,0.00063582946,0.0005429506,0.0009944591,0.0016533708,0.0028030663,0.0043079033,0.0064452845,0.008361614,0.0114428345,0.01579361,0.020352101,nc304nwf.png,0,validation
0.00039818595,0.010098011,0.0009323538,0.0007381471,0.0013477484,0.0021979997,0.0037798292,0.0060283393,0.0095458785,0.0129792625,0.018505719,0.026893573,0.034350004,nc43h6xc.png,0,validation
0.00030756477,0.009257913,0.00077197613,0.00064358657,0.0011730463,0.0020059778,0.0034728923,0.0053873374,0.007957337,0.010204049,0.013578711,0.018324623,0.022573201,nc4viyse.png,0,validation
0.00034648148,0.009840184,0.0008589895,0.00069795124,0.0012273206,0.0020400495,0.00351345,0.0056526274,0.009331938,0.012766284,0.018156616,0.026711995,0.036240455,nei598dh.png,0,validation
0.00034105164,0.009846896,0.0007218926,0.00060415897,0.0011863998,0.0019564216,0.0033340522,0.0051343697,0.007890777,0.010498529,0.014513207,0.020331591,0.02509126,nezeb18r.png,0,validation
0.00027425142,0.008883701,0.0006214682,0.00056357187,0.0010001247,0.001678714,0.002881228,0.0044397116,0.0065494427,0.008405317,0.010964454,0.014189679,0.016888067,nf27e6l8.png,0,validation
0.0003208382,0.009670042,0.00068294554,0.0005935473,0.0011426691,0.0018930861,0.003267596,0.005161626,0.00802507,0.010769227,0.015061552,0.020830648,0.025696946,nf742yzs.png,0,validation
0.0003071384,0.009395518,0.0006549129,0.00058920396,0.0011414015,0.0019311092,0.0033740164,0.005354993,0.008184785,0.010780328,0.0147238225,0.01974866,0.023742687,nfjt7yxj.png,0,validation
0.0003377516,0.00967964,0.0008497042,0.0006828269,0.0012529485,0.0021032682,0.0035638048,0.0055121277,0.008456493,0.011201921,0.015434676,0.022200763,0.028656503,ng1jwenv.png,0,validation
0.00036957805,0.010196627,0.0008092735,0.00069444766,0.0012798588,0.0021255733,0.0037453817,0.0058979113,0.009118585,0.012044745,0.016404094,0.022274558,0.026906248,ng3hbop3.png,0,validation
0.00031172938,0.009735936,0.00066345016,0.00056833634,0.0011598315,0.0019351488,0.0033046422,0.00510947,0.007769283,0.010105092,0.013690346,0.018910736,0.024202982,ngaj5klc.png,0,validation
0.00034595066,0.009363529,0.00093211554,0.00076637947,0.0012549127,0.0021568912,0.003928181,0.006592416,0.010786329,0.014816173,0.021666706,0.032564078,0.045097776,nh5jkgsn.png,0,validation
0.00031176943,0.009546704,0.0007439809,0.0006255354,0.0011222361,0.0018689317,0.0032303955,0.00507176,0.0077053998,0.010232803,0.013811814,0.018533353,0.022327388,nhcex947.png,0,validation
0.00033385862,0.009441871,0.0008663286,0.00074888696,0.0012172632,0.0020396712,0.003489173,0.005431568,0.008436548,0.011248805,0.01577374,0.022577103,0.02945137,nhps0fva.png,0,validation
0.00030366544,0.009476243,0.0007328278,0.0006141088,0.0011078529,0.0018426073,0.003117808,0.004809266,0.0073512737,0.0096802395,0.013193844,0.018591998,0.024020052,nhum00pu.png,0,validation
0.00032191616,0.009680107,0.0007267496,0.00058031216,0.0011712124,0.0019440467,0.0032959385,0.0050964137,0.0076918164,0.010103636,0.013704978,0.018440802,0.022277048,nj46v3uj.png,0,validation
0.0003190187,0.009599409,0.00071036734,0.0006481016,0.0011667224,0.0019911814,0.0035347932,0.0055904277,0.008570197,0.011114296,0.015080056,0.020832151,0.025997227,nji8fg7s.png,0,validation
0.000995761,0.013629381,0.0021514331,0.0017425619,0.0027979866,0.004634621,0.008404699,0.014506784,0.025058277,0.036062133,0.05465667,0.08260031,0.10132929,nkf1nmg3.png,0,validation
0.00033022248,0.00954034,0.0009088346,0.00070056465,0.0011829698,0.0019694825,0.0033906202,0.005378414,0.008375822,0.0110143125,0.015070223,0.021529594,0.02847517,nkf4mp62.png,0,validation
0.00032234413,0.009430891,0.0008425632,0.00069470267,0.0012178628,0.002045119,0.0034890377,0.0053446884,0.008191919,0.010638331,0.014277263,0.019493325,0.024308808,nkz8tr83.png,0,validation
0.00035795357,0.010039197,0.00065860513,0.0005863555,0.0012394962,0.002024823,0.0035027317,0.005699198,0.009421904,0.013103017,0.01909108,0.028120188,0.03664999,nl2awpu0.png,0,validation
0.00026734587,0.008778777,0.0006220023,0.00055068935,0.0009974255,0.0016825049,0.002924156,0.004571356,0.006819878,0.008722051,0.011594313,0.0152826905,0.018459147,nlhapwf5.png,0,validation
0.0003821246,0.009992017,0.0008552845,0.00069532776,0.0013129094,0.0021529372,0.003732152,0.0059893313,0.009660157,0.01334967,0.019507105,0.028665023,0.03585767,nm4zpdop.png,0,validation
0.00033061692,0.009781761,0.00073509256,0.00058214425,0.0011991992,0.001991872,0.0034002475,0.0053725247,0.00824824,0.010829665,0.014800091,0.020195948,0.02436079,nn3xzh6y.png,0,validation
0.00031644476,0.009677224,0.00068273116,0.0006010316,0.0011127823,0.0018098349,0.0030467699,0.004689285,0.007033953,0.009093643,0.012011757,0.015898332,0.018672602,nobauzir.png,0,validation
0.00032619757,0.009616726,0.0006598891,0.000598938,0.0011679621,0.0019497111,0.0033621432,0.0052858572,0.0082026385,0.010831563,0.014829947,0.020443326,0.025367858,nofggdz7.png,0,validation
0.000302454,0.009351546,0.00071508624,0.00061599,0.0011234195,0.0018938,0.0032840972,0.0050504557,0.00727256,0.009215249,0.011938646,0.015609913,0.018786047,np8b9gdk.png,0,validation
0.00035391186,0.009704082,0.0010359565,0.0007612654,0.001302918,0.0022187869,0.003981064,0.006553067,0.010219287,0.013687036,0.01935034,0.02743125,0.03582301,nplfazw2.png,0,validation
0.00030610943,0.00962306,0.00065945997,0.00054670434,0.0011310462,0.0018852424,0.003243922,0.0050684866,0.007824268,0.0101671545,0.013681056,0.018537693,0.022647727,npylb28c.png,0,validation
0.000358924,0.009901251,0.0010111044,0.0007401975,0.0012903133,0.0021904556,0.0038959843,0.006381156,0.01003071,0.013645763,0.019404871,0.028157055,0.03754588,nqjqijc1.png,0,validation
0.000373575,0.010156534,0.00075350376,0.00065213424,0.0013190658,0.0021800324,0.0037438332,0.0058819973,0.009179948,0.012108964,0.016466113,0.02316519,0.028931716,nqrsqzfv.png,0,validation
0.00032257097,0.009810825,0.0007150253,0.0006207175,0.001173443,0.0019495612,0.0033141347,0.0050991983,0.0077187093,0.010084773,0.013729044,0.019172464,0.024106959,nqu8ifhc.png,0,validation
0.0009866802,0.0133438585,0.0019788775,0.0016966065,0.0027851523,0.0046305833,0.008422323,0.014459626,0.024686504,0.035426237,0.05454735,0.08389947,0.103918254,nrznqf3k.png,0,validation
0.00041757387,0.010749341,0.0011145129,0.0008458712,0.0014152778,0.002373925,0.0041996134,0.006793998,0.010352491,0.013819776,0.019711254,0.027964044,0.036769394,ns4pq6ew.png,0,validation
0.00035337562,0.009988081,0.00071525987,0.000635024,0.0012010894,0.0019663295,0.0033747363,0.005329416,0.008388281,0.011110807,0.015338908,0.020658024,0.024285346,nsogph27.png,0,validation
0.00028846113,0.009345484,0.0006629312,0.00056856155,0.0010724096,0.0017901727,0.0030286387,0.0045775836,0.00673203,0.008624065,0.0111851655,0.014374335,0.016990304,ntixo9ub.png,0,validation
0.00032472165,0.009677166,0.00070912106,0.0006620137,0.001172757,0.0019830503,0.0034908461,0.0055248025,0.008311573,0.0107330745,0.014308342,0.019294402,0.023733463,nudm0r9u.png,0,validation
0.0003902735,0.010422743,0.00083366915,0.0006624749,0.0013784304,0.00224601,0.0037821091,0.0058782073,0.00911485,0.012138851,0.016405601,0.021558668,0.025126085,nun39iv3.png,0,validation
0.0003331323,0.009727029,0.00067262904,0.0005511968,0.0011688113,0.0019102088,0.0032360929,0.0049921945,0.0077257305,0.010315738,0.0144300675,0.02009255,0.023626551,nvqoj30p.png,0,validation
0.00033479446,0.009629166,0.00090600894,0.00070700893,0.0012120171,0.002041374,0.0035910693,0.005845383,0.009812893,0.013544404,0.019340692,0.028242627,0.038016584,nvvv0rs9.png,0,validation
0.0002983901,0.009516022,0.0007087366,0.0005740523,0.0010928847,0.0018056302,0.0030389093,0.0046265684,0.0069795344,0.00901913,0.011973809,0.016244695,0.020380441,nw9fgwi8.png,0,validation
0.00039452547,0.010341154,0.0007806422,0.00064467214,0.0013895099,0.0023250096,0.004087479,0.0064908867,0.010330759,0.013996913,0.020328643,0.03064489,0.04026717,nwdvqd1j.png,0,validation
0.00035852374,0.010044429,0.00069356925,0.00060603814,0.0012785655,0.0020957065,0.0035370083,0.0054251724,0.008165524,0.010554079,0.01408553,0.018841889,0.021640364,nwlkm024.png,0,validation
0.00028568966,0.009305971,0.00068559445,0.0005624047,0.0010410452,0.0017215725,0.0029072836,0.004443812,0.0067107836,0.008961545,0.01248259,0.017492684,0.022481188,nx74ssd1.png,0,validation
0.00036557752,0.0096774865,0.00097508525,0.00085125,0.0013183722,0.002200737,0.0037504807,0.005757748,0.008469683,0.01097922,0.014924005,0.020897586,0.026579788,nyacyobn.png,0,validation
0.0003682879,0.010038566,0.0007876957,0.0006977848,0.0012584596,0.0020634902,0.0035187076,0.0055323397,0.008688816,0.011822117,0.016583439,0.023123408,0.028396701,nzkhqfu9.png,0,validation
0.0002988903,0.009075449,0.0007594258,0.00064071995,0.0011051374,0.0018652799,0.0032419334,0.0051138788,0.007961112,0.010538141,0.014107833,0.019152587,0.023975812,nznlndgf.png,0,validation
0.00043272332,0.010608122,0.000745148,0.00066172547,0.001519243,0.0025358559,0.004458133,0.007211678,0.011730065,0.016080542,0.023492496,0.034288835,0.043626215,o00w1tjl.png,0,validation
0.00056529196,0.01072388,0.0022941618,0.0011898755,0.0019897479,0.00314765,0.005315345,0.008471973,0.013698861,0.01879925,0.027143965,0.03863275,0.049309,o2kp3jr3.png,0,validation
0.0005033076,0.011327524,0.0010877498,0.0008666446,0.0017313714,0.0028010039,0.0047802757,0.0075534517,0.011930965,0.01616485,0.022852724,0.03227959,0.039118815,o2miq2ld.png,0,validation
0.00032348072,0.009245824,0.0007846004,0.00072000845,0.0011829183,0.001998514,0.0035001268,0.005565876,0.008465915,0.0112254275,0.015691916,0.022181196,0.02889764,o350rue9.png,0,validation
0.00036905514,0.010111339,0.0007772867,0.0006298132,0.0012819844,0.0021561964,0.0038429336,0.0062042032,0.009766328,0.013008599,0.017964195,0.024290448,0.028988697,o4f6t8rb.png,0,validation
0.00032594163,0.009729818,0.000720986,0.00060767075,0.0011447174,0.0018836585,0.0031889041,0.004929825,0.007424511,0.009659337,0.012975701,0.017544778,0.021644507,o4icozki.png,0,validation
0.00029133167,0.009180476,0.000732705,0.0005843692,0.0010697418,0.0017662612,0.0029651863,0.0044950745,0.006703011,0.008706018,0.011466709,0.015009817,0.017790433,o4irfvl0.png,0,validation
0.00024866938,0.008132503,0.00087775727,0.0005889694,0.000892972,0.0014596612,0.002424244,0.003653777,0.005455638,0.0071295653,0.009605803,0.012850038,0.016104432,o50dw1mf.png,0,validation
0.00042484156,0.010959879,0.0009991035,0.00075744,0.0014704654,0.0024212017,0.0041187303,0.006481781,0.010441424,0.014422133,0.020559331,0.029881358,0.03929241,o50pn431.png,0,validation
0.00031689391,0.009363301,0.0008620801,0.0006698526,0.0011533205,0.0019334452,0.0033638459,0.005360621,0.008524732,0.011490278,0.01572728,0.021789338,0.02705413,o5a3bvyp.png,0,validation
0.0002980422,0.009323508,0.00074500934,0.0006102202,0.0010922248,0.0018249392,0.003117037,0.004852286,0.007397758,0.009624935,0.012858764,0.017466035,0.022127667,o5a439gf.png,0,validation
0.0004369787,0.009652585,0.0011575962,0.0010244795,0.0015347517,0.0026558803,0.0049368828,0.008332368,0.014497857,0.021041,0.03245065,0.050194547,0.07200579,o68h2al0.png,0,validation
0.00034071493,0.00961921,0.000841616,0.0007350638,0.0012202304,0.0020775234,0.0037307893,0.006170966,0.010044076,0.0135395,0.019161299,0.028085226,0.037820905,o69qq41z.png,0,validation
0.00027815325,0.008981093,0.00067305565,0.0005483561,0.0010271498,0.0017201186,0.0029304558,0.004475478,0.0065518203,0.008350483,0.010919984,0.014225434,0.016818652,o7czeam7.png,0,validation
0.00037379202,0.010041892,0.00073395413,0.00065421377,0.0013055307,0.0021271082,0.0036483721,0.0057301875,0.008803515,0.011484382,0.015389535,0.020066563,0.022959515,o7fylnkc.png,0,validation
0.00032652201,0.009576413,0.0008328675,0.0006871107,0.0011717328,0.0019656832,0.003427401,0.005530054,0.009196079,0.012737873,0.018375967,0.027246099,0.036498282,o87gyblv.png,0,validation
0.0006067717,0.01037158,0.0015080818,0.0013727577,0.0018292436,0.0030984993,0.0057578553,0.009952778,0.017074497,0.024202941,0.03571308,0.052981675,0.068136446,o8pe74ad.png,0,validation
0.0002780375,0.008713343,0.0006201902,0.000586411,0.0010319812,0.0017316939,0.0029952393,0.0047501465,0.0072787707,0.009343395,0.012547094,0.01708475,0.020836402,o8ve6uxt.png,0,validation
0.00032520582,0.009752103,0.0006861192,0.0005792947,0.0012306478,0.002078159,0.003585867,0.005571478,0.008446574,0.010933054,0.0147909885,0.020290675,0.024796577,o9esp4gq.png,0,validation
0.00037002258,0.010250376,0.00081162574,0.00068705296,0.0012877188,0.0021020425,0.0035036285,0.0053463224,0.008197873,0.010865983,0.01482627,0.020140905,0.023582682,o9oyqsir.png,0,validation
0.0003262218,0.009639891,0.0007942371,0.0006744755,0.0011805645,0.001985426,0.0034652636,0.0055624763,0.0086687505,0.011535067,0.015702916,0.0214757,0.027363546,o9slps19.png,0,validation
0.0002987902,0.009230868,0.00070560345,0.0006204503,0.0010973519,0.001842706,0.0031596213,0.0048434148,0.0072737224,0.0094499355,0.012558945,0.016808223,0.02058646,oap1kfv4.png,0,validation
0.0009921538,0.013541553,0.0019057896,0.001670903,0.0028299326,0.004712784,0.008664601,0.015142939,0.025949845,0.037180986,0.056446776,0.08672457,0.10716986,oc19inrm.png,0,validation
0.00033314142,0.009710345,0.000827351,0.0005985266,0.001202165,0.0020124735,0.0035017584,0.00559687,0.008824122,0.011764738,0.015768858,0.021264216,0.02607919,ocd44ofc.png,0,validation
0.0006999115,0.010371835,0.0026972236,0.0017450992,0.0022154069,0.003904269,0.0076941936,0.013122,0.022715809,0.032712672,0.049404547,0.07554928,0.103880696,oct3sh0x.png,0,validation
0.0003448237,0.009911865,0.0007365101,0.00058020605,0.001206894,0.0019849779,0.0034004368,0.005303534,0.008203117,0.010814823,0.014750497,0.019721655,0.022609891,oe54aet0.png,0,validation
0.0002853443,0.009117734,0.00073501706,0.00057788176,0.0010622116,0.0017777047,0.003005471,0.004531473,0.0065992423,0.008394251,0.010973278,0.014232812,0.017283127,of4ogjcj.png,0,validation
0.00035999905,0.010000948,0.0007884202,0.0006870261,0.0012250512,0.0019975263,0.0033702375,0.005212666,0.008104702,0.010924624,0.015456318,0.02276568,0.030424463,ofnikwd0.png,0,validation
0.00036801057,0.010122272,0.0007228697,0.000613662,0.0012957135,0.002138881,0.003651085,0.005607452,0.008641283,0.011599395,0.01614678,0.022559628,0.027633794,oge18x2k.png,0,validation
0.00032880163,0.009434809,0.0007903405,0.0007099819,0.0011669584,0.0019662774,0.0035263184,0.0058970596,0.009695663,0.013289852,0.01929034,0.02859292,0.039106898,ogw23rp7.png,0,validation
0.00035198047,0.010060166,0.00078803714,0.00066182413,0.0012084247,0.0019801487,0.0033499862,0.0052354904,0.008085565,0.01078942,0.014739143,0.020019215,0.023888595,ohqcxp19.png,0,validation
0.00038273036,0.010083496,0.00079262163,0.00068914023,0.0013427358,0.0022118208,0.0038235097,0.0060587567,0.0094391275,0.012502568,0.01714143,0.023073697,0.02726307,ois4e16m.png,0,validation
0.0003699974,0.010141539,0.0007174838,0.000655469,0.001310484,0.0021608372,0.0036694342,0.0056954236,0.008726032,0.0113534955,0.015006718,0.019872839,0.023963481,oj9nmdxe.png,0,validation
0.00085288385,0.013121842,0.0014987658,0.0013829153,0.0024727874,0.00414261,0.0075323954,0.012768935,0.021320459,0.029999642,0.04457974,0.06690588,0.08210335,ojeqwkxr.png,0,validation
0.00032103644,0.009741069,0.0006652402,0.0005708735,0.0011992969,0.0020176806,0.0034979791,0.005501937,0.008519165,0.011044055,0.014557334,0.019489363,0.023690267,ojqqq8j6.png,0,validation
0.00029510452,0.009158695,0.0006939544,0.0006094632,0.0010789327,0.0018014491,0.003057685,0.004732106,0.0070626056,0.009120459,0.012374932,0.017222239,0.021521512,ok8ybf6b.png,0,validation
0.00029145423,0.009188626,0.0006594726,0.00059526507,0.0010873197,0.0018317715,0.003160134,0.004882822,0.007242033,0.009341631,0.01235851,0.016218396,0.019841077,okkbnubs.png,0,validation
0.00029765305,0.009326239,0.0007149843,0.0005903458,0.0010788089,0.0017995895,0.0030701493,0.004744907,0.007125375,0.009258965,0.012361541,0.016634762,0.020913126,olvor71y.png,0,validation
0.00044754354,0.010765988,0.00074884726,0.0007400929,0.0014996304,0.002442824,0.004228439,0.0067319567,0.010635515,0.014377042,0.020176802,0.028530523,0.035092253,om9exzwv.png,0,validation
0.00034652054,0.008881656,0.00099919,0.00078067585,0.0012158423,0.0020668576,0.0037524623,0.0063537136,0.010841466,0.01588149,0.024693392,0.040020168,0.057607405,omff2htb.png,0,validation
0.00035254852,0.010209471,0.00073981937,0.000632018,0.0012433343,0.002037043,0.0034391612,0.005350434,0.008389397,0.011235052,0.015756782,0.022016881,0.026546314,omgffgt7.png,0,validation
0.0003477782,0.009982942,0.0006949871,0.0005731135,0.0012714922,0.002094873,0.0035392179,0.0054588574,0.008312304,0.01105348,0.015456188,0.021723634,0.026239302,oopi3gsb.png,0,validation
0.0003210826,0.009652227,0.0007273815,0.00060357456,0.0011934668,0.0019960115,0.003406737,0.00524185,0.008010057,0.010554677,0.014139694,0.018944692,0.023059739,opkxcvm6.png,0,validation
0.00095616915,0.01390633,0.001724196,0.0016789621,0.0027120148,0.004523463,0.008229147,0.014142326,0.024511518,0.035506777,0.054891102,0.085856736,0.107972026,oq4gnw8z.png,0,validation
0.0002766998,0.008963529,0.00067901565,0.0005499809,0.0010321297,0.0017403993,0.002976204,0.004561247,0.0069368705,0.009106983,0.012119248,0.016164087,0.019590037,orrbqspm.png,0,validation
0.0003359149,0.009406069,0.0009029396,0.0007519918,0.0012010261,0.002001757,0.0034315966,0.0053356513,0.008222042,0.011045952,0.015308332,0.02162724,0.027778866,os6k9vs1.png,0,validation
0.00028430184,0.008961191,0.00065798435,0.0005916035,0.0010564979,0.0017780828,0.003066922,0.004840311,0.007298048,0.009481006,0.01265664,0.017149327,0.021594288,osqnl9y5.png,0,validation
0.000849679,0.0132295685,0.0014479568,0.0013518138,0.0024643447,0.004093364,0.0074137524,0.012661453,0.021124398,0.029683843,0.043866687,0.065129854,0.07895733,osx8zhn6.png,0,validation
0.00030153696,0.009396041,0.0007347342,0.0006035255,0.0010916513,0.0018082435,0.0030705866,0.0047028707,0.006993224,0.009060795,0.012053043,0.016212478,0.019313395,otxkikaw.png,0,validation
0.00027528376,0.008871704,0.00062061974,0.0005740347,0.0010078383,0.001687578,0.002940509,0.004589377,0.0068645426,0.0088945655,0.01193662,0.016539102,0.02089765,oun91fy6.png,0,validation
0.00029557935,0.009061977,0.00076871185,0.0006066693,0.0010908196,0.0018136364,0.0030535401,0.0046424908,0.0067987265,0.008683381,0.011304474,0.014591635,0.016601365,ovgfwyun.png,0,validation
0.00029201224,0.00928125,0.0006325479,0.0005697758,0.0010589152,0.0017524236,0.0029741547,0.0045820796,0.006903062,0.008905755,0.011789629,0.015451668,0.018806083,owmwgosn.png,0,validation
0.00026958846,0.008160024,0.0007221572,0.0006090954,0.000979147,0.0016306099,0.0028617817,0.0046295053,0.007577923,0.010654275,0.015857292,0.02419882,0.033037122,oxtp2nff.png,0,validation
0.00036714727,0.01037636,0.0008802298,0.000697885,0.0012789897,0.0021346621,0.0037029113,0.005899604,0.009330181,0.012616801,0.017721295,0.024438392,0.029889137,oy37cqbm.png,0,validation
0.00031410073,0.009392546,0.0007156049,0.00065084983,0.0011316304,0.001899431,0.00331494,0.005310512,0.008212041,0.010741086,0.014683874,0.020506406,0.026131343,oy7gnjz2.png,0,validation
0.00033059015,0.009612497,0.00082074996,0.00071170484,0.001184688,0.002009668,0.0035968777,0.005902457,0.009518288,0.012823907,0.018216647,0.02697582,0.03633745,p0zryyb4.png,0,validation
0.00031566882,0.0093524605,0.0007835065,0.00067840813,0.0011399862,0.0019021478,0.0032646803,0.005063916,0.0077061867,0.010132409,0.013624363,0.018181551,0.022257961,p1hhg3fm.png,0,validation
0.00032231043,0.00960666,0.0007900219,0.0006094933,0.0011882548,0.001985897,0.0034203804,0.00531989,0.008173103,0.010862215,0.015013802,0.021646202,0.028345296,p1ktdpmq.png,0,validation
0.00046500625,0.010893485,0.000953687,0.00084509916,0.0014014923,0.0022427833,0.0038034762,0.00597763,0.009405462,0.012746897,0.017882641,0.025269564,0.030328795,p24hzthj.png,0,validation
0.00029858478,0.009512977,0.00069523306,0.0005746176,0.0011027764,0.0018327254,0.003087808,0.004673752,0.006972888,0.008914747,0.011671609,0.015044715,0.0176934,p2rqhamj.png,0,validation
0.00031484428,0.009254547,0.000706218,0.0006647659,0.0011406449,0.0018934247,0.0032572073,0.005153778,0.00784979,0.010465305,0.014825281,0.021752406,0.029842554,p3he53ff.png,0,validation
0.00032038256,0.009740213,0.00074198033,0.0006205805,0.0011585294,0.001919833,0.0032802015,0.0050871614,0.007821753,0.01025868,0.013708687,0.018373301,0.022926593,p4tuntbv.png,0,validation
0.00029078964,0.009071133,0.0006805907,0.00057366537,0.0010389786,0.0017171175,0.0029045555,0.0045034005,0.00674338,0.008703343,0.011467041,0.01527378,0.018381294,p5wpvi06.png,0,validation
0.00038375938,0.010191931,0.00077101827,0.0006813681,0.0013303718,0.002147837,0.0036342882,0.0057431064,0.009109338,0.012146327,0.016514147,0.021934003,0.025463574,p66e7n3x.png,0,validation
0.00040939,0.011011979,0.0009141905,0.0007589231,0.0013874787,0.002304612,0.0039607366,0.0062427497,0.009525087,0.012553287,0.017333526,0.02385259,0.029886436,p6nlnqbu.png,0,validation
0.00031664775,0.009677539,0.0007317276,0.00059682346,0.001179739,0.001957592,0.003282264,0.0049413573,0.0071876724,0.009128526,0.011851874,0.015142451,0.017691515,p74iqy59.png,0,validation
0.00034242275,0.01041899,0.00067883765,0.0005927027,0.0011671414,0.0019160009,0.0032496664,0.0050551617,0.007665705,0.010108446,0.014005964,0.019396493,0.024095329,p753k48o.png,0,validation
0.00041040522,0.010709863,0.0007220206,0.0006551384,0.0014600976,0.0024262955,0.004194012,0.0066473116,0.010422887,0.013936548,0.019234275,0.027122406,0.03320609,p7n4497y.png,0,validation
0.0003844251,0.010305346,0.0007106408,0.00064890983,0.0013463182,0.0022356026,0.0038510289,0.0060307602,0.009381104,0.012413417,0.017045692,0.023701731,0.028950445,p8arcgcj.png,0,validation
0.0003000788,0.009224139,0.0007548115,0.0006459167,0.0010577127,0.001745954,0.0029471715,0.0044466467,0.00633253,0.007923402,0.010172859,0.013116638,0.015805885,p98p4aa3.png,0,validation
0.0003006304,0.009498237,0.0006905081,0.00057406846,0.0010709072,0.0017558107,0.0029364075,0.0044078557,0.00655209,0.008328719,0.010749339,0.013834607,0.016444916,p9oc6s5y.png,0,validation
0.00034884384,0.009732097,0.00082864414,0.000739386,0.0012686094,0.0021670528,0.003836685,0.00619896,0.009788193,0.013189909,0.018829377,0.027712349,0.037326016,pb1hka4h.png,0,validation
0.00032010672,0.009444316,0.00078678166,0.0006589098,0.0011728614,0.001969794,0.0033907525,0.0052906196,0.008274454,0.011032954,0.015076261,0.021289708,0.02722581,pbisd6hn.png,0,validation
0.00035940603,0.010497734,0.00077939866,0.00067227805,0.001248486,0.0020820429,0.0036291427,0.0056728446,0.008555639,0.011038949,0.014741982,0.019652558,0.02381255,pceo934t.png,0,validation
0.0002901545,0.009322864,0.00062985584,0.00057977525,0.0010488047,0.0017684916,0.003096682,0.0048436606,0.0072265915,0.009406967,0.0127037205,0.017349895,0.021711376,pd5l8f1b.png,0,validation
0.0003983528,0.010365209,0.00069423823,0.00065299805,0.0013719476,0.0022401637,0.0038654108,0.0061311573,0.009496175,0.012518324,0.017208751,0.023399165,0.027881201,pegtcz9b.png,0,validation
0.00032091714,0.009705113,0.00072356564,0.000601396,0.0011916935,0.001981862,0.0033696147,0.0051705926,0.007801069,0.010043166,0.013445669,0.01828116,0.023408325,pf12ck87.png,0,validation
0.00044166468,0.010651577,0.0007225936,0.0006970118,0.001489446,0.002411159,0.004101516,0.0064584515,0.010277404,0.014031565,0.020158323,0.028508106,0.03499049,pgr68fqo.png,0,validation
0.0002989098,0.009293914,0.0007552606,0.0005991148,0.0011001993,0.0018310769,0.0030783203,0.004627857,0.006843632,0.008842635,0.011673747,0.015011838,0.017646464,ph3oasy8.png,0,validation
0.0008286711,0.013114879,0.0014395574,0.001368118,0.002441843,0.004100923,0.0075219036,0.012940381,0.021956488,0.03110934,0.04647221,0.07013895,0.08651151,ph3sag46.png,0,validation
0.00028683429,0.009012574,0.0006901141,0.0006023132,0.00106665,0.0017918525,0.0030695905,0.004782392,0.0071773333,0.009326384,0.01257704,0.016662426,0.019812467,phho682p.png,0,validation
0.00036365207,0.010056785,0.00072694785,0.0005837783,0.0012561036,0.0020728004,0.0035505143,0.0056100646,0.00854099,0.011244762,0.015576058,0.02181297,0.026576027,pihq17j3.png,0,validation
0.00031778004,0.009327846,0.00085517165,0.00067831454,0.0011816983,0.0019879804,0.0033973253,0.005208467,0.00777875,0.01004862,0.013569664,0.018629462,0.023386747,pjd6tcby.png,0,validation
0.00034460975,0.009459964,0.0009418572,0.0007734069,0.0012660463,0.002116082,0.0036357038,0.0056423866,0.008682528,0.011750109,0.016752392,0.024808338,0.034033217,pjho68qp.png,0,validation
0.00032892905,0.009511896,0.00074425555,0.0006298218,0.0011638425,0.0019175407,0.003282035,0.0051082866,0.0078013847,0.010220496,0.013851703,0.01888393,0.022935834,pjwnzxon.png,0,validation
0.0003511271,0.010086078,0.00075882755,0.0006736477,0.0012440796,0.0020926453,0.0036892672,0.0059202677,0.00931857,0.012501373,0.017719029,0.025542416,0.0332574,pk0qtl3q.png,0,validation
0.0002939569,0.009212281,0.0006852745,0.0006046305,0.0010934661,0.0018338307,0.0031285696,0.004811724,0.0070604687,0.009004992,0.011820185,0.015710432,0.018961817,pkb571wz.png,0,validation
0.00032935673,0.009824021,0.0007357614,0.00059944956,0.0011989824,0.0019684345,0.0032834006,0.004960619,0.0073347995,0.009276631,0.011873345,0.015085981,0.017507998,pkwthgcy.png,0,validation
0.00033604965,0.009668717,0.00081563747,0.00069832406,0.0011967145,0.0020070088,0.0035145807,0.005699406,0.009054328,0.012264408,0.017290317,0.02483851,0.031453997,plhalj4c.png,0,validation
0.00088144286,0.013711041,0.0015216894,0.001461353,0.0025122508,0.004192673,0.0076986654,0.013435887,0.023180328,0.03323449,0.050610345,0.077323906,0.09472302,plhrtc7i.png,0,validation
0.000279441,0.009107622,0.00063542963,0.0005620829,0.0010126487,0.0016741568,0.0028224378,0.004378623,0.0065370435,0.008285508,0.0107182255,0.0137365265,0.016388219,plyo0su0.png,0,validation
0.00033582642,0.009748356,0.0007130882,0.00058856915,0.0012400316,0.0020572068,0.003455148,0.0053031812,0.0079714265,0.010146616,0.013088563,0.01696001,0.019373389,plysdfmn.png,0,validation
0.00030100907,0.009275845,0.00073153205,0.00062286394,0.0010754453,0.001779719,0.0030253492,0.004693641,0.0069752177,0.009013453,0.011982164,0.015876133,0.018888019,pm6dysx9.png,0,validation
0.00032848312,0.009573707,0.00084465055,0.00068627484,0.0012306719,0.0020753043,0.0035282946,0.0054495875,0.008174834,0.0104918135,0.013930824,0.018939389,0.023927813,pnc5kpj3.png,0,validation
0.00036293597,0.010188993,0.0007154038,0.0006831011,0.001246911,0.0020206994,0.003359379,0.005054658,0.007464651,0.0096242465,0.012644329,0.016604796,0.019643642,pngw12xq.png,0,validation
0.0003456944,0.009901204,0.0008190769,0.0007187075,0.0012355313,0.0020635915,0.0036096415,0.0058060386,0.009053997,0.01214799,0.017073842,0.024351543,0.031300683,poj3784m.png,0,validation
0.00033868308,0.009810711,0.0008462145,0.0006671753,0.0012447457,0.00207696,0.0035251316,0.005459471,0.008450061,0.011301253,0.015649043,0.021869268,0.027436478,potoxj5l.png,0,validation
0.0003454415,0.009917147,0.00073985744,0.00060059375,0.0012193908,0.0020102023,0.003388473,0.0051775053,0.007903461,0.0104837,0.014488616,0.020127792,0.0245364,pq4k9xqv.png,0,validation
0.0003116141,0.009521533,0.0007394503,0.0006415127,0.0011592485,0.0019322248,0.0032818106,0.0050571845,0.007603622,0.009803227,0.013083173,0.017619139,0.021428108,pqdnblwd.png,0,validation
0.00029686315,0.009373394,0.00066846766,0.00057351147,0.0010872768,0.0018137872,0.003061406,0.004668959,0.0069004097,0.008887288,0.011952954,0.016080126,0.01972144,prldq26c.png,0,validation
0.00031380093,0.009344758,0.00079015945,0.00065689004,0.0011546547,0.0019339969,0.0033227461,0.0052112318,0.007964061,0.010533171,0.014556682,0.019814128,0.02426658,ps86x5ng.png,0,validation
0.00057582813,0.011297058,0.0017860157,0.0010798327,0.0019515876,0.0030958748,0.0052405912,0.008415847,0.013871389,0.019235767,0.028109923,0.040773474,0.049997956,pt0ecrbt.png,0,validation
0.0003458956,0.009972715,0.00070223544,0.0005970001,0.0012312324,0.0020345128,0.0034596326,0.0053391336,0.008188414,0.010985566,0.015540452,0.022276832,0.027181584,pt6vxoyh.png,0,validation
0.00031720725,0.009387969,0.0007678162,0.00067234115,0.0011753752,0.0019715868,0.0033411947,0.005092593,0.00757107,0.00970907,0.0127835935,0.016789252,0.01990064,ptkzwi9r.png,0,validation
0.00028080356,0.00917616,0.0006742796,0.0005635214,0.0010362528,0.0017188863,0.002852967,0.004213076,0.0059792907,0.0074225673,0.009502691,0.012150069,0.01443253,pv7tiqij.png,0,validation
0.00041651347,0.01050571,0.0007550886,0.0007077747,0.0014409896,0.0023894159,0.0040960307,0.0064608864,0.01016598,0.013593659,0.018970603,0.026352584,0.03157177,pveg4dnw.png,0,validation
0.00032542954,0.009746371,0.0006725662,0.00056750124,0.0011567932,0.0019061659,0.0032642938,0.0051265536,0.007989593,0.0108003495,0.015345046,0.022271147,0.02819307,pvzyhykl.png,0,validation
0.00035586802,0.009885239,0.0007062408,0.0006515288,0.0012334296,0.002040766,0.0035067208,0.0054947464,0.008477609,0.011424556,0.016111147,0.022838717,0.027899534,pwbsgzll.png,0,validation
0.00031123616,0.0095755225,0.0007810691,0.00063789444,0.0011293956,0.0019036209,0.003291902,0.0051083816,0.0077968594,0.010254914,0.013950982,0.019242758,0.023850437,pwkqaf9w.png,0,validation
0.00036494437,0.010078561,0.0007026172,0.0006452235,0.0013300123,0.0022545687,0.004032036,0.006734458,0.011390872,0.015745634,0.02294434,0.03411334,0.043188684,pwlo1yug.png,0,validation
0.0003243916,0.009794501,0.0008118981,0.0006353999,0.001194186,0.0019877767,0.0033517338,0.0050971922,0.007675621,0.009911995,0.01292232,0.016428556,0.019082885,pwo4l3fr.png,0,validation
0.0004564039,0.009896956,0.0015551808,0.001082363,0.0015001167,0.002529941,0.004617778,0.008028025,0.014452028,0.0210559,0.031993665,0.049386203,0.06739302,py81hr62.png,0,validation
0.0003233192,0.00980856,0.00078282424,0.00061047374,0.001180653,0.0019433509,0.0032452643,0.0049051894,0.007127763,0.009010069,0.011672367,0.014814436,0.016781243,pyrd4q98.png,0,validation
0.00035234413,0.009898604,0.0008467837,0.0007406706,0.0012857186,0.0021628477,0.0037960676,0.0060908985,0.009554722,0.012932771,0.018435411,0.026904479,0.035192996,pztjg16e.png,0,validation
0.00038432525,0.01026135,0.00073912647,0.0006810394,0.0013835144,0.0022740576,0.003904429,0.0061388034,0.009329781,0.012128671,0.016039683,0.020303562,0.02315458,q0ry3k58.png,0,validation
0.00028260128,0.00924581,0.0006294862,0.0005450244,0.0010352291,0.0017310157,0.0029855734,0.004748283,0.007295389,0.00968975,0.013471536,0.018913189,0.02363416,q15fqjit.png,0,validation
0.00031966114,0.00934728,0.00073628227,0.0006876762,0.0011449121,0.0019324432,0.0034195497,0.0055786474,0.009046613,0.012351656,0.01768188,0.026252732,0.035669643,q1600qp6.png,0,validation
0.00033111175,0.00961167,0.00083358376,0.0007083554,0.0011671439,0.00197848,0.0035289968,0.005810739,0.009585869,0.013186346,0.019232837,0.02957249,0.041449245,q4voef93.png,0,validation
0.00036641158,0.010101725,0.00069904735,0.0006437045,0.0013087647,0.0021454357,0.0036473512,0.0057044225,0.008883658,0.011849053,0.016669866,0.023740513,0.029594358,q5r4fv1n.png,0,validation
0.0003430029,0.009991354,0.0007681306,0.00062536396,0.0012553873,0.0020952814,0.0035567007,0.0055013197,0.008286966,0.010649092,0.014325529,0.019117936,0.022878066,q5ralmwk.png,0,validation
0.0003429961,0.0099120615,0.0008976862,0.00073805364,0.0012088938,0.0020292413,0.0035212971,0.005532969,0.00857664,0.011344419,0.015600845,0.022097135,0.028422602,q6gxb3di.png,0,validation
0.00032573662,0.009599931,0.0006758822,0.0005485382,0.0011546169,0.0019217146,0.0033602722,0.005338748,0.008281018,0.0109742265,0.0151632065,0.020943588,0.02538533,q6u5qwce.png,0,validation
0.00029811566,0.009333054,0.00068269536,0.0005943599,0.001110775,0.0018571768,0.003151574,0.0048676105,0.0071751573,0.009104566,0.0118220225,0.015536678,0.018926706,q7nnmjxn.png,0,validation
0.00035142497,0.0100318445,0.00075480994,0.0006108668,0.001243864,0.002069366,0.0035777278,0.005541425,0.008453524,0.010908822,0.014327952,0.01902325,0.022807317,q8w8zuyl.png,0,validation
0.00037130012,0.010156193,0.0007401129,0.0006835148,0.0012720478,0.0020639168,0.003462178,0.0053570666,0.008198699,0.01080431,0.014866634,0.020533033,0.025237706,q90bibg2.png,0,validation
0.0002957567,0.009332542,0.0006264021,0.0005928508,0.0010772136,0.0018120317,0.0031351158,0.004907439,0.0073230616,0.009421616,0.012533903,0.016475582,0.019647963,q93bvmy7.png,0,validation
0.00035669454,0.010005498,0.00066248706,0.00060915964,0.0012284095,0.0020196561,0.003435772,0.0054189637,0.008529463,0.011363474,0.015941523,0.022380056,0.027463114,q9g7f02h.png,0,validation
0.0002567311,0.007867883,0.0006922654,0.00057891017,0.000931035,0.001584637,0.0028592313,0.004804362,0.008233314,0.012042706,0.018581944,0.029272478,0.04149645,q9iqd3tc.png,0,validation
0.0002932778,0.0093145305,0.00072758144,0.00057921663,0.0010866058,0.0018369739,0.0031797418,0.0048927465,0.0072889174,0.009346145,0.012200451,0.015786069,0.018728554,q9pgi7b1.png,0,validation
0.000329652,0.0096742455,0.0006849357,0.0006839141,0.0011835181,0.001988281,0.0034528538,0.0054228026,0.008059991,0.010258653,0.013432666,0.017017113,0.020126566,q9rq53ut.png,0,validation
0.00035428593,0.009926588,0.00076942577,0.0006220838,0.0012719977,0.002116151,0.0036161821,0.0055955253,0.008545155,0.0112732,0.015658777,0.022137467,0.02865012,qa1oomo3.png,0,validation
0.00035116426,0.009667439,0.0009445288,0.00075884745,0.001262503,0.0021197426,0.0037321283,0.006104704,0.010257552,0.0142252,0.020613844,0.031244704,0.042748068,qa5h994f.png,0,validation
0.0003521719,0.009836097,0.0007056858,0.0006251797,0.0012002918,0.001967759,0.0033778867,0.0053699277,0.008576379,0.011636404,0.016645413,0.02377579,0.029465169,qaetlap0.png,0,validation
0.00036839533,0.010525425,0.00077329983,0.0006615237,0.001286496,0.0021021261,0.003528011,0.0054242145,0.0081872,0.010636024,0.014309101,0.019494835,0.024059806,qc1xxzjc.png,0,validation
0.0002953588,0.009343993,0.0007093519,0.00058862235,0.0010844935,0.0018200324,0.0031283488,0.004780227,0.0071530505,0.009375216,0.012734646,0.01730493,0.020946924,qc4xfdfj.png,0,validation
0.00029708934,0.009323844,0.000637099,0.0005114747,0.0010757799,0.0017937466,0.0031169227,0.0050050393,0.008026831,0.010908317,0.0153004695,0.021237079,0.02660179,qcedtrfs.png,0,validation
0.0003197818,0.009789171,0.000702914,0.0005902128,0.0011929767,0.0019697573,0.0032861943,0.0049490375,0.0071677417,0.009022434,0.011655296,0.0150756,0.017888734,qdc6az17.png,0,validation
0.00028180543,0.008943168,0.0006420045,0.00059430784,0.0010386249,0.001746639,0.0030422218,0.0047292453,0.0070131226,0.008952471,0.011797656,0.015607907,0.019393155,qdu2eb0t.png,0,validation
0.00036090656,0.0102624195,0.0008079269,0.00061352976,0.0012924391,0.002131196,0.003610741,0.005572719,0.008457267,0.011106541,0.01526808,0.02137736,0.026577257,qebkn8qb.png,0,validation
0.00030936248,0.009475896,0.00078057917,0.0006397628,0.001100648,0.0018131816,0.0031007323,0.0048545385,0.007335944,0.0095363,0.0128403595,0.017476946,0.02125267,qefrsatq.png,0,validation
0.00032859299,0.0098629845,0.0007267709,0.00060329674,0.0011886125,0.0019667076,0.0033283955,0.0051973443,0.007987316,0.010346841,0.01381939,0.01898294,0.023456164,qeyo7y4g.png,0,validation
0.0003804762,0.010355677,0.00075443677,0.0006364863,0.0013506478,0.0022472222,0.0038720039,0.00607833,0.0096260095,0.013146,0.019068504,0.028050227,0.0356488,qf5lnjih.png,0,validation
0.00030500814,0.009368792,0.0007831173,0.00063679804,0.001104795,0.0018349813,0.0031261386,0.004894701,0.0074942675,0.009754514,0.013076443,0.017896023,0.022836404,qfl3je2h.png,0,validation
0.00032027252,0.009540649,0.000751221,0.00066393754,0.001168127,0.0019441484,0.0033238274,0.0052399887,0.007933814,0.010346235,0.014091925,0.019051235,0.023870405,qgzucplk.png,0,validation
0.0003409874,0.009563269,0.0008298838,0.00073905353,0.0012563522,0.002154911,0.0038670725,0.0062438347,0.00944871,0.012530789,0.017478717,0.024575619,0.03159373,qhtdxi6x.png,0,validation
0.00030259998,0.009173966,0.0007548432,0.0006309718,0.001158939,0.0019677677,0.0034293125,0.0054540634,0.00840326,0.011177571,0.015157101,0.0205734,0.025530752,qi0xej01.png,0,validation
0.0002925373,0.009151983,0.0007242901,0.0005973812,0.0010998232,0.0018445204,0.0031045831,0.0047446867,0.007161533,0.0092888605,0.012410285,0.016924115,0.021041986,qi11iwzc.png,0,validation
0.0009778638,0.014051288,0.001758021,0.0016787491,0.0027490703,0.004565277,0.008308552,0.0142667685,0.024575554,0.035274852,0.053936902,0.08355387,0.10410886,qibki8me.png,0,validation
0.00030292946,0.009055123,0.0008063238,0.00066610164,0.0011213134,0.0018635275,0.0031343668,0.0048021763,0.00710543,0.009152281,0.012003163,0.015927752,0.019155651,qij7v2wt.png,0,validation
0.00049824076,0.010945058,0.0014559961,0.00094791624,0.0017175733,0.002716558,0.004515315,0.0069624865,0.010765236,0.014448313,0.020335477,0.028141767,0.034238305,qisqr44j.png,0,validation
0.00032853335,0.009810964,0.00067387754,0.0006050852,0.0011421248,0.0018612833,0.00312178,0.004748504,0.007115305,0.009305662,0.012563119,0.017284393,0.020791862,qizvli65.png,0,validation
0.00038490648,0.010275758,0.00071727484,0.0006172624,0.0013838639,0.0023217485,0.0041174404,0.006729166,0.011001766,0.01534094,0.022902705,0.03466728,0.04296259,qjeodnuh.png,0,validation
0.00029877812,0.009512466,0.0006695505,0.00055880833,0.0010919333,0.001809739,0.0031153692,0.0048098955,0.0071861865,0.009096123,0.011810593,0.015125632,0.017799344,qjjczwcz.png,0,validation
0.00032408317,0.009526097,0.0008825286,0.0007110885,0.0011725904,0.0019320755,0.0032487158,0.004955323,0.007250197,0.009265852,0.012248166,0.016423998,0.019740978,qjrmptv4.png,0,validation
0.00028694494,0.009106623,0.00071838254,0.00057630084,0.0010454217,0.0017344222,0.002892157,0.004283718,0.0061828126,0.0077564493,0.0099341115,0.012556759,0.014883022,ql709yiw.png,0,validation
0.00034511724,0.00947373,0.00087530655,0.0007556246,0.0012322844,0.0020891528,0.0037341146,0.006273817,0.010472991,0.014451348,0.02109073,0.030834744,0.04136925,qmugi3j3.png,0,validation
0.00033244633,0.009781579,0.00080766657,0.000625514,0.0011877494,0.001955265,0.003315102,0.005149232,0.0077830567,0.010078207,0.013246893,0.017072754,0.019684447,qotqvtm6.png,0,validation
0.0003447983,0.0099391565,0.0006626025,0.0005737657,0.0012106401,0.002000267,0.0034594594,0.0054434855,0.008377699,0.010905742,0.0145511925,0.018929671,0.02179467,qowtqbcx.png,0,validation
0.00038840095,0.010396481,0.0007298155,0.000643642,0.0013329181,0.0021780732,0.003677649,0.0057105585,0.00893198,0.011679188,0.01576193,0.021543413,0.026023358,qoz5gplz.png,0,validation
0.00029992234,0.009256159,0.00080916105,0.00061322516,0.0010871424,0.0018259579,0.0031521036,0.004872794,0.007416439,0.009766961,0.01308081,0.017470883,0.020202067,qq64aerq.png,0,validation
0.00053504884,0.011090963,0.001598677,0.0010232971,0.0017992184,0.0028411818,0.0048192777,0.0076151895,0.012154258,0.016522218,0.023667203,0.033450667,0.040421024,qqcxszst.png,0,validation
0.0003129361,0.009210768,0.00064341264,0.0006070248,0.0011103274,0.0018689428,0.003273323,0.0052853366,0.008284077,0.011021682,0.015446561,0.021540543,0.026442673,qqjvwupt.png,0,validation
0.00029716085,0.009284066,0.0007118309,0.00062224834,0.00108734,0.0018133037,0.003088228,0.0047159963,0.0068883547,0.008861183,0.011767014,0.015576852,0.018758554,qqoqsd8p.png,0,validation
0.00034491406,0.0099388715,0.00076372275,0.0006109271,0.0012426256,0.0020874827,0.0036520606,0.005784777,0.00902557,0.0119095,0.016068725,0.021583939,0.026321933,qrpicq5y.png,0,validation
0.00034868377,0.010029314,0.000759761,0.0005944208,0.0012522216,0.0020869137,0.0036164836,0.005664755,0.008691603,0.01124101,0.014677101,0.018628003,0.021213686,qs5f44a7.png,0,validation
0.00038869656,0.01028059,0.0007197438,0.0006542032,0.0013770326,0.0022725854,0.003945819,0.006325621,0.010275827,0.013929812,0.019870494,0.02848194,0.035130274,qsfb3ojt.png,0,validation
0.00030287646,0.008342702,0.000715762,0.00067801867,0.0010422163,0.0017317927,0.0030093133,0.004846401,0.007899857,0.010978536,0.015756462,0.022685941,0.029698655,qsldtym4.png,0,validation
0.0008458392,0.013146251,0.0015398224,0.0013892705,0.0024600388,0.004081649,0.0073947855,0.012772168,0.021627905,0.030726923,0.04608252,0.06911015,0.08428889,qta9rr8l.png,0,validation
0.00028643146,0.009307508,0.0007014989,0.00057782227,0.0010264989,0.0017198882,0.0029517435,0.004570551,0.0069162324,0.008957229,0.011862757,0.01543426,0.018591447,qtaybgi0.png,0,validation
0.00088779593,0.013177337,0.0016177305,0.0015591397,0.0025997872,0.0043616137,0.00796752,0.013669527,0.023205522,0.033013977,0.049888156,0.07672681,0.0955617,qvdpf73a.png,0,validation
0.00036655326,0.010153349,0.00069022866,0.0006322289,0.0012730256,0.0021176722,0.0037107808,0.0059505543,0.009346617,0.012653323,0.01798837,0.025709135,0.031072706,qvh7gkxr.png,0,validation
0.0003219479,0.009533501,0.0007311109,0.0006755286,0.0011804975,0.001985559,0.0034748528,0.005588485,0.00892109,0.011934944,0.016492486,0.023348683,0.03029298,qvr7l76b.png,0,validation
0.00040230705,0.010419494,0.0007395143,0.00066327234,0.0014475686,0.002419983,0.0042537646,0.0069756513,0.011691135,0.016566541,0.025402946,0.03961198,0.050707206,qvupk3a5.png,0,validation
0.00030654427,0.009522147,0.0006861975,0.00059209444,0.0011248079,0.0018797322,0.0031617286,0.004717106,0.006796879,0.008577862,0.011077161,0.014417178,0.017097479,qx9rbfhv.png,0,validation
0.00039655212,0.010231298,0.0008542216,0.0007137351,0.0013880298,0.0022335248,0.0037338745,0.005762053,0.008855922,0.011623851,0.015868088,0.021160804,0.025112601,qxnjgyfj.png,0,validation
0.00029398192,0.009262783,0.00077562657,0.0005948437,0.0010813393,0.0018258776,0.0031958744,0.0050180303,0.007759897,0.010134277,0.013547694,0.01842255,0.023427453,qxo2dwn7.png,0,validation
0.00041321295,0.010324413,0.00089786894,0.00073301024,0.0014346907,0.0023791601,0.004186531,0.0068346504,0.011095823,0.015276627,0.022006603,0.031249858,0.03750103,qxxr0otn.png,0,validation
0.00058872637,0.010446353,0.0016335099,0.0011211857,0.0020903116,0.0038205339,0.0077919625,0.013836354,0.024978578,0.03611548,0.051758435,0.07422729,0.100670375,qyewyzr5.png,0,validation
0.00031379797,0.0094288625,0.0007786955,0.00064932014,0.0011374801,0.0019084368,0.0032848457,0.005192935,0.007973701,0.010506901,0.014431118,0.019861946,0.02466228,qz4fg5wl.png,0,validation
0.00057446904,0.011196687,0.0019095563,0.0011087385,0.0019651072,0.0030890126,0.0052244193,0.008353605,0.013577734,0.018952206,0.02782392,0.04014161,0.049798906,qzcuz68y.png,0,validation
0.00035185734,0.009524502,0.0008678913,0.00080011407,0.0013214444,0.00221887,0.0037786004,0.005814258,0.008682472,0.0112218615,0.015150854,0.020812208,0.026378179,qzl51q9b.png,0,validation
0.00031508302,0.009559481,0.00069658057,0.0006173235,0.0011142037,0.00184601,0.003137315,0.004887699,0.007277555,0.0093613025,0.012483716,0.016975375,0.020507023,r0hnuf0y.png,0,validation
0.00032105958,0.009665715,0.00072648923,0.0005827061,0.0011295616,0.0018515993,0.0031364986,0.00487754,0.007524805,0.009916075,0.013597094,0.01873829,0.022758676,r0ht2r32.png,0,validation
0.0003259064,0.009711241,0.0007221368,0.0006312209,0.0011813717,0.0019378068,0.0032553691,0.0049533388,0.0072791423,0.009405837,0.012559161,0.016931525,0.020083027,r11m8zop.png,0,validation
0.00029764982,0.009510625,0.00064683723,0.000569338,0.0010880944,0.0017962609,0.0030394862,0.0046123574,0.0067485753,0.008487853,0.01081362,0.013712788,0.015968919,r1ikfwal.png,0,validation
0.00037223307,0.01003935,0.00074736,0.00064846437,0.0012764233,0.002083446,0.0035359124,0.0054972824,0.008360384,0.010981275,0.014947206,0.0199374,0.02319595,r2bkf59v.png,0,validation
0.0003200563,0.009359879,0.00071930984,0.00066919136,0.0011840122,0.002010337,0.0035361918,0.0057259956,0.009121985,0.012529062,0.018323466,0.027850632,0.038645964,r2f9fhlm.png,0,validation
0.00038819967,0.0102773635,0.0007460408,0.0006673655,0.0013703983,0.0022463966,0.0038002424,0.005882311,0.009001503,0.0119392555,0.016719818,0.0237873,0.028514195,r2ku9dud.png,0,validation
0.0003503855,0.009945438,0.00067084533,0.0006074552,0.0012322977,0.0020331794,0.0035025822,0.0056108534,0.008924449,0.011893664,0.016422,0.02266802,0.027640717,r2p5e5s5.png,0,validation
0.00033541024,0.009690431,0.000679447,0.00057177927,0.0012014261,0.0020178012,0.0035355447,0.0056019085,0.008656516,0.011488688,0.015921157,0.022212628,0.02788787,r3uqexs0.png,0,validation
0.00035329786,0.009861701,0.0009076332,0.00076920324,0.0012707066,0.0021228513,0.0036893059,0.005864232,0.008890945,0.011654282,0.016059082,0.022361998,0.02883734,r3z3yp7k.png,0,validation
0.0003703022,0.009582326,0.0010258051,0.0008484164,0.0013572586,0.0023127198,0.0041191084,0.006629309,0.010188756,0.013317071,0.017771583,0.02407366,0.03056763,r424kskm.png,0,validation
0.00043563452,0.010876847,0.00070818287,0.0006864879,0.0015022897,0.0024751916,0.004231039,0.0066753677,0.010526437,0.014069504,0.019634511,0.027339257,0.0333507,r427qxb1.png,0,validation
0.00038412484,0.010249012,0.000680014,0.00061117305,0.001317642,0.002172774,0.0037417305,0.005888516,0.009232255,0.012327446,0.017006896,0.023312286,0.027778884,r4z9epc4.png,0,validation
0.00042391827,0.010625035,0.00086995575,0.0007607841,0.0013756572,0.002250236,0.0038544508,0.006035218,0.009383535,0.012364793,0.017029114,0.023841796,0.02939595,r5cmhvmf.png,0,validation
0.00029426304,0.009099365,0.000696261,0.0006098004,0.0010875406,0.0018405505,0.0032664803,0.0052550137,0.008297043,0.011101553,0.015329663,0.02081368,0.025967546,r5t9l1ot.png,0,validation
0.00031639458,0.009477016,0.00077109394,0.00066394167,0.0011564658,0.001940586,0.0033364594,0.0051556444,0.00769054,0.0099164415,0.013348671,0.018648248,0.023799412,r6vme846.png,0,validation
0.0003418076,0.009516109,0.00094885094,0.0007499971,0.0012524945,0.002152467,0.0038534848,0.0063125473,0.009955927,0.013518797,0.019659236,0.029657166,0.040971853,r8zlc59f.png,0,validation
0.00035908792,0.01034206,0.00081302755,0.0006562024,0.00124378,0.0020573777,0.0035514866,0.005649622,0.008777836,0.011777479,0.016372524,0.022466233,0.027346004,r9tbb9qg.png,0,validation
0.00031354168,0.009573677,0.0007374377,0.0006240791,0.001153232,0.0019510423,0.00344849,0.0055929306,0.009323383,0.012807696,0.01781244,0.024473393,0.031139648,ratji78j.png,0,validation
0.0009394411,0.013262062,0.0018559807,0.0016381489,0.0026516286,0.0043691937,0.007868549,0.013559067,0.023363084,0.033519723,0.05126744,0.0793413,0.10011054,rau6079p.png,0,validation
0.0003965746,0.010502469,0.00081555644,0.0006247798,0.0014236835,0.0023949046,0.004269557,0.007008923,0.011600107,0.016140353,0.023996305,0.036184214,0.047229536,rbe8qg4n.png,0,validation
0.0003268725,0.009630161,0.00067347795,0.0005600184,0.0011637957,0.0019339909,0.0033471964,0.0052707507,0.008306193,0.01111255,0.015162855,0.020777619,0.025457466,rbqdgm9d.png,0,validation
0.00030653374,0.009116469,0.00075389264,0.000672708,0.0011006857,0.0018210005,0.0031570927,0.0050836587,0.008133931,0.011137325,0.015869623,0.022673989,0.030239264,rcgb077n.png,0,validation
0.00035053483,0.009927561,0.0007244006,0.00059374754,0.0012447945,0.0020756961,0.0036002963,0.005716222,0.008825583,0.011678605,0.016059708,0.022082789,0.02732808,rcrvsbam.png,0,validation
0.0004220764,0.010759366,0.0007871633,0.0007227142,0.0014267495,0.0024000655,0.004234125,0.0068810214,0.011067311,0.014964117,0.021267084,0.030467872,0.039197635,rdmly4ly.png,0,validation
0.00030805357,0.00939703,0.00071034825,0.00066912844,0.0011036221,0.0018396542,0.0032360514,0.0052023097,0.0083156945,0.011191765,0.015772771,0.022760162,0.029630326,re1ondcu.png,0,validation
0.00033930613,0.010105188,0.00074345456,0.00064412894,0.0012082674,0.0019827562,0.0033714552,0.005222155,0.008109676,0.010794839,0.014896848,0.020825544,0.025776593,re2v7ywl.png,0,validation
0.00043115785,0.010797994,0.000884978,0.0007949821,0.0014622625,0.0024605524,0.0043890704,0.0071379677,0.011227527,0.015287101,0.02130696,0.029099133,0.035982884,rec8tuuz.png,0,validation
0.00031066436,0.009237209,0.0007675306,0.0006849717,0.0011404871,0.0019099684,0.0032883722,0.005149104,0.0077193724,0.01008693,0.013639824,0.018771138,0.02413367,rezsowki.png,0,validation
0.00033006645,0.009798036,0.00069592736,0.00064467493,0.0012112951,0.0020294448,0.0034970378,0.0055400888,0.008542109,0.011351909,0.015921596,0.022752294,0.029239824,rf5a7qy8.png,0,validation
0.0002937628,0.009327453,0.00068667036,0.0005890645,0.0010789548,0.001811571,0.0031024502,0.0047724713,0.007084143,0.009122107,0.012071302,0.016223095,0.020151084,rfiuprog.png,0,validation
0.00033693458,0.009860408,0.0007346892,0.00061015063,0.001252152,0.0020922234,0.0035665391,0.0054443306,0.0081294915,0.010558249,0.014345064,0.019902801,0.025466083,rfws5qj5.png,0,validation
0.0003104729,0.009642467,0.00075753976,0.00058319134,0.0011331036,0.001870599,0.003158678,0.004802334,0.0072770156,0.009532752,0.012785487,0.017428545,0.021907736,rgavvfqq.png,0,validation
0.0003207498,0.009850572,0.000704067,0.00061716256,0.0011762201,0.0019490893,0.003279983,0.004963,0.007234375,0.009139981,0.01171247,0.014471939,0.01656474,rgc8kixc.png,0,validation
0.0009018312,0.013192368,0.0017780289,0.0015931429,0.0025770422,0.004309059,0.007893367,0.01380192,0.02412232,0.03491938,0.054101422,0.08486221,0.10685766,rgerrgnt.png,0,validation
0.0003623169,0.010504469,0.00078776426,0.000642916,0.0012491364,0.0020729336,0.0035782328,0.0056625535,0.008853537,0.011833021,0.016407916,0.022392804,0.028002756,rgybxkpm.png,0,validation
0.00029757278,0.009205963,0.0006865212,0.00059597305,0.0010799811,0.0018187568,0.003122436,0.0048388406,0.0073212106,0.0094164945,0.0124360025,0.016465848,0.019932615,rh5rkllf.png,0,validation
0.00023628173,0.00795349,0.0007232991,0.000545126,0.00084709865,0.0014048766,0.0024742768,0.0040665846,0.0068865274,0.00999502,0.015605409,0.025104156,0.036229327,rhsuf134.png,0,validation
0.0006854403,0.011514851,0.0017092136,0.0014650737,0.0020801038,0.0035718682,0.0067240456,0.011545098,0.019347027,0.02725931,0.0402088,0.060415804,0.077340186,riikmrke.png,0,validation
0.00059595326,0.011020826,0.0024314635,0.0012688118,0.0020705156,0.003242102,0.005436267,0.008668351,0.01408163,0.01958107,0.028525406,0.040486682,0.05102016,rimqwf7i.png,0,validation
0.0003662664,0.010255726,0.00073256606,0.0006820604,0.0012299895,0.0019635288,0.0032373318,0.004884931,0.007345405,0.009616114,0.012976687,0.017520571,0.02083972,ripq7dtt.png,0,validation
0.0002863394,0.009329119,0.00064807397,0.00054192665,0.0010374525,0.0016978844,0.0028625415,0.0043819025,0.0064923572,0.008304625,0.010866582,0.014172598,0.016856993,rj58a4iq.png,0,validation
0.00033997258,0.009823959,0.0008832075,0.0006763377,0.0012394992,0.0020928422,0.003632883,0.005566747,0.008285409,0.0107497005,0.014295208,0.01898527,0.023201954,rjzvz46u.png,0,validation
0.0002985107,0.0092241205,0.00063659623,0.000606464,0.0010839569,0.0017993245,0.0030955628,0.0048509007,0.007527674,0.009864429,0.013509188,0.018811861,0.023997813,rkmrfsf7.png,0,validation
0.000310395,0.009524875,0.00069832,0.00063797674,0.0011119123,0.0018521979,0.003191093,0.004970828,0.007403732,0.009662694,0.013136901,0.017762763,0.021750035,rl39yr8h.png,0,validation
0.00031294886,0.009453289,0.00078318734,0.0006560116,0.0011233072,0.0018934396,0.0032896795,0.0052567674,0.008020799,0.010380853,0.013983853,0.01870635,0.023634288,rl7snxin.png,0,validation
0.0002878957,0.009114193,0.0007480601,0.0005874803,0.0010534008,0.0017729661,0.00304445,0.0046732356,0.0068774503,0.0088463295,0.011745859,0.015151871,0.017657848,rl8y5vb9.png,0,validation
0.0003144926,0.009233846,0.00070224603,0.0006700196,0.001143087,0.0019205183,0.0032872572,0.0051600602,0.008121345,0.010771184,0.014460758,0.019444266,0.024678804,rlqsygmz.png,0,validation
0.00033314814,0.0095716445,0.0007529055,0.0007124653,0.0011949122,0.0019818558,0.003380029,0.0051796916,0.0077261,0.009985462,0.013404502,0.018373398,0.023286875,rnlqlfwu.png,0,validation
0.00030212704,0.009385688,0.0006893878,0.0005821257,0.0011274645,0.0018876051,0.0031644362,0.004812012,0.0072115874,0.009262548,0.011993444,0.014705091,0.016531715,rnwjhs1f.png,0,validation
0.00033586656,0.009808435,0.0007172226,0.00057711767,0.0012304719,0.002065564,0.0035591878,0.005578047,0.008536211,0.011216993,0.015262281,0.021231242,0.026512304,rpl6ikwg.png,0,validation
0.0010118748,0.013456893,0.0022040042,0.001727148,0.0028119336,0.0046433914,0.008357686,0.014267685,0.024294162,0.034724656,0.052615482,0.079262525,0.096714355,rqf92ujv.png,0,validation
0.00035416416,0.009965183,0.00084334327,0.00074866577,0.0012782665,0.0021723632,0.003883359,0.006321448,0.009952567,0.013261394,0.018734826,0.026764283,0.035160135,rqm8pz2q.png,0,validation
0.00035134802,0.009908229,0.0007025591,0.00063858257,0.0012874078,0.0021497537,0.0037328063,0.0059753894,0.009518775,0.012607183,0.01765893,0.025534892,0.03262843,rr4kzvu6.png,0,validation
0.00032199727,0.009243104,0.0008191346,0.0006906023,0.001193469,0.0020503458,0.0036515489,0.005815489,0.0089403195,0.011821718,0.01620272,0.02260322,0.028959468,rsg5u3ha.png,0,validation
0.00032834394,0.0095212255,0.000808736,0.00070675503,0.0011660705,0.0019530463,0.0034206428,0.0055314,0.008820846,0.01187648,0.016622309,0.023851193,0.031392824,rsqw5js3.png,0,validation
0.00036176096,0.010123085,0.0006976011,0.0005942048,0.0012527549,0.0020543186,0.0035089923,0.005480873,0.008435818,0.011265992,0.01593691,0.022396555,0.026155338,rtyki43v.png,0,validation
0.0005828587,0.010211944,0.0014497617,0.0013298796,0.0018145358,0.0031005628,0.005721194,0.009865108,0.016681097,0.023384117,0.03391761,0.050150532,0.06396353,rtz9kndx.png,0,validation
0.00047006216,0.010446164,0.0014942569,0.0009349235,0.0016539982,0.002645512,0.0044842735,0.007135374,0.011451203,0.01571396,0.022684937,0.032266118,0.040129412,ru4nsikf.png,0,validation
0.0002958567,0.009103011,0.00072709535,0.00061130495,0.0010849189,0.0018276059,0.0032110054,0.0051169223,0.008256164,0.011392189,0.016157111,0.022763131,0.02845788,ru6ffro7.png,0,validation
0.0003200973,0.009516801,0.0007561769,0.00066769007,0.0011573972,0.0019533434,0.0034402676,0.0055594933,0.0086919945,0.011683423,0.016588995,0.024488026,0.032499757,rubq6rxc.png,0,validation
0.0003085479,0.009303447,0.0006822525,0.0006115623,0.0011204227,0.001877168,0.0032131667,0.004932236,0.0071544256,0.009091205,0.012009574,0.015933072,0.019763071,ruw0u92t.png,0,validation
0.00029187402,0.009106897,0.00063967996,0.0005816948,0.0010699051,0.0018007868,0.0031128526,0.0049079754,0.0074895644,0.0098468205,0.013463649,0.018511483,0.02348288,rv68jq12.png,0,validation
0.00094270206,0.013384597,0.0019275146,0.0016285818,0.0026607472,0.004404642,0.007993984,0.0138274925,0.02373775,0.033909824,0.051379845,0.07794016,0.09537943,rw0wobdy.png,0,validation
0.00030320874,0.009313432,0.00071835826,0.00062401925,0.0011261682,0.0019037601,0.0033269837,0.005304796,0.008264204,0.010797764,0.014745914,0.020489722,0.026427902,rwc4xx8q.png,0,validation
0.00031661688,0.009483962,0.0007143,0.0005629039,0.0011375352,0.0019010403,0.0032852443,0.005115858,0.007793256,0.010272853,0.014107267,0.019497624,0.023431418,rwfdm2tg.png,0,validation
0.0009735531,0.013346179,0.0022194358,0.0017321116,0.00272016,0.004505829,0.008233531,0.014436196,0.02481831,0.035670094,0.05495423,0.08449184,0.10415465,rwm261l0.png,0,validation
0.00031878447,0.009770473,0.0006932096,0.00058484735,0.001162788,0.00192048,0.0032562073,0.004947315,0.007356809,0.009380414,0.012427831,0.01696727,0.021322051,rwntp6o7.png,0,validation
0.00031543217,0.009598935,0.0007110946,0.00057461293,0.0011482311,0.0019084066,0.0032233093,0.0049149827,0.007419164,0.009764623,0.013310877,0.01812812,0.021698665,rwv9dory.png,0,validation
0.00036688225,0.010497824,0.0007852429,0.00064836297,0.0012991054,0.002133189,0.0036153484,0.0056080017,0.008474136,0.01081351,0.0141304415,0.018658219,0.022605205,rxxjtokm.png,0,validation
0.00031340108,0.009434682,0.00070117705,0.0006365775,0.0011432451,0.0019002947,0.003239824,0.005024056,0.007584308,0.009980292,0.013736714,0.019022593,0.023755224,rxyco8rb.png,0,validation
0.00033508526,0.009774261,0.0008467915,0.00070675666,0.0011698765,0.0019739014,0.003512319,0.0057321005,0.008886612,0.011634541,0.015740516,0.021333773,0.027293967,rxzrg3uc.png,0,validation
0.00027756518,0.0090063615,0.0006078505,0.00055874296,0.0009909219,0.0016438677,0.0027852382,0.0043221344,0.006543579,0.0085986415,0.011873599,0.016468087,0.02052845,ryi02o0y.png,0,validation
0.00032334763,0.009658946,0.0007314003,0.0005752088,0.001189869,0.0020063415,0.003484024,0.0053984434,0.008148488,0.010520627,0.014150467,0.01933071,0.023455463,rz5m4iy6.png,0,validation
0.0003638543,0.010594134,0.0007534793,0.00064721104,0.0012784211,0.0020910932,0.0035063257,0.0053701466,0.008114999,0.0103694815,0.0136217475,0.017976146,0.021204181,rzy0y5bl.png,0,validation
0.0005588422,0.01107656,0.0015479669,0.0012733598,0.0017139557,0.0028205328,0.004946364,0.007975567,0.012903007,0.017906446,0.025932968,0.038012788,0.04939044,s040zgke.png,0,validation
0.00097384973,0.0136853615,0.002078241,0.0016961681,0.0027451569,0.004556425,0.008260523,0.01427935,0.024943411,0.036004215,0.05499515,0.08408409,0.10446719,s069x8pl.png,0,validation
0.0005128049,0.01037265,0.0014750189,0.0011185977,0.0016759081,0.0028065746,0.0050018765,0.008358325,0.014530199,0.021151314,0.03270968,0.051748775,0.0705441,s0x7xk2l.png,0,validation
0.00029093254,0.009384871,0.000678206,0.0005880111,0.0010587533,0.0017605232,0.0029825086,0.0045325793,0.0065774783,0.008308045,0.010740438,0.014110227,0.017152248,s224eqkq.png,0,validation
0.000315591,0.009569612,0.00068767165,0.0006409977,0.0011630937,0.001965544,0.003415132,0.0053846436,0.008174573,0.010718963,0.0146927815,0.020832652,0.027007557,s2mk2xti.png,0,validation
0.0002923374,0.009325561,0.0006265191,0.00059016346,0.0010458656,0.0017294314,0.0029604132,0.004562144,0.0067794947,0.008798222,0.01210054,0.016914096,0.021383703,s3m5ouro.png,0,validation
0.00030937005,0.009273629,0.0007479045,0.00063969445,0.0011628931,0.001964595,0.0033395833,0.0051379716,0.007723478,0.010001238,0.013378606,0.018111367,0.02214088,s3w0p483.png,0,validation
0.0003121709,0.009579844,0.0006598257,0.0005907496,0.0010936819,0.001794555,0.0030386082,0.004697303,0.0072298986,0.009438866,0.012442654,0.016131831,0.018969571,s48nkyii.png,0,validation
0.0002697905,0.008938652,0.00056352717,0.00051747984,0.0009946523,0.0016710805,0.0028790338,0.0045440546,0.0069624856,0.009191999,0.0126616,0.017356692,0.021732196,s4dilrzq.png,0,validation
0.00032578764,0.009605679,0.0007522813,0.00068633043,0.0011745453,0.0019683256,0.0033674666,0.0052035917,0.007700434,0.009962269,0.013551457,0.018995214,0.023970293,s4em77xw.png,0,validation
0.00030409952,0.009610277,0.0006971577,0.00057008665,0.0011146954,0.0018451759,0.0030999912,0.0047302647,0.007077816,0.009083677,0.012028006,0.01607648,0.01925277,s4s8vd9r.png,0,validation
0.000280252,0.009233365,0.00065865414,0.00055509247,0.0010300732,0.001733895,0.0030042515,0.0046706353,0.0069483044,0.009063026,0.012285034,0.016752971,0.020971103,s4t0kzxg.png,0,validation
0.0003741467,0.010255771,0.00073443406,0.00062656077,0.001335258,0.0022191107,0.003809954,0.006085943,0.010087492,0.014160781,0.021339681,0.032981444,0.04382405,s51wt9b4.png,0,validation
0.0003103246,0.009616666,0.0006977837,0.0005711892,0.0011474746,0.0019216838,0.0033234674,0.0052181864,0.008149458,0.010894605,0.015352783,0.022268727,0.028945876,s5mzi3c4.png,0,validation
0.00033585253,0.009427104,0.00077053433,0.0006690489,0.0012344947,0.0020790477,0.0035647522,0.0054969257,0.008192385,0.010680416,0.014702573,0.020442743,0.025835937,s5yy3233.png,0,validation
0.0002911821,0.009285072,0.00063721417,0.00058520125,0.0010696057,0.0017737945,0.0029923965,0.0045896857,0.006863941,0.008761938,0.011498172,0.015267028,0.018555269,s6ld2t8y.png,0,validation
0.00035789618,0.010174809,0.00069248903,0.0005967861,0.0012824151,0.0021086005,0.0035196906,0.0053730416,0.008191022,0.010812177,0.014978071,0.019979093,0.023388056,s6ravafi.png,0,validation
0.00039594408,0.0104123335,0.00075064035,0.0006326493,0.0014282117,0.00238418,0.004192808,0.0068528373,0.011203383,0.015508166,0.022866325,0.03437972,0.045946088,s7dtvhqy.png,0,validation
0.00029914163,0.009265998,0.0006873129,0.00061340193,0.0011107365,0.0018551945,0.0031517968,0.004864621,0.0072620246,0.009348894,0.012631124,0.017550765,0.022284763,s7hay14z.png,0,validation
0.00034513822,0.009566774,0.000981421,0.00074466737,0.001230341,0.0021087325,0.0037604466,0.006185551,0.010097601,0.013831703,0.020087443,0.03017813,0.041746084,s7k310qr.png,0,validation
0.0009468155,0.013302443,0.0017618751,0.0017008866,0.0027279553,0.0045931675,0.008465685,0.014785161,0.02577809,0.037342902,0.0576719,0.08977722,0.11163737,s962q253.png,0,validation
0.0009930406,0.0137978,0.0021704745,0.0017093256,0.0027758467,0.0045857253,0.008350153,0.014564182,0.02526216,0.036465902,0.056047715,0.086313024,0.107297786,s97b23iz.png,0,validation
0.00032210845,0.009306446,0.0007864048,0.00070669415,0.0012145072,0.002033383,0.0034517692,0.005265334,0.007749153,0.009913368,0.013060807,0.017223598,0.020631904,s9npqbrl.png,0,validation
0.00032417334,0.009704112,0.0008133189,0.0006770234,0.0011854011,0.0019806118,0.003374576,0.005092145,0.007379147,0.009380481,0.012363637,0.01614171,0.019229345,s9r37v38.png,0,validation
0.00032040983,0.009739091,0.0007265449,0.0006145349,0.0011831241,0.0019851404,0.0034344683,0.005496804,0.008887103,0.011985318,0.016378896,0.022506831,0.028822234,sbdrti1w.png,0,validation
0.000399479,0.0105160605,0.0007545499,0.0006424762,0.0013756701,0.0022864642,0.003999671,0.00643241,0.010196531,0.013746605,0.01954454,0.027899086,0.033768907,sboziqlp.png,0,validation
0.0004360202,0.00919037,0.0012345039,0.00097196223,0.0015504615,0.002808913,0.0056458963,0.009698718,0.017109022,0.025374016,0.03984282,0.062401745,0.08870931,scksc63g.png,0,validation
0.0003087373,0.009525765,0.0006557379,0.00055048236,0.0011344135,0.0019037939,0.003300997,0.0051437397,0.007868418,0.010291715,0.013686616,0.018191462,0.022533754,scvk4b3m.png,0,validation
0.00034362622,0.009959133,0.0008126801,0.000629763,0.0012318265,0.0020581353,0.0035984518,0.00574128,0.008878944,0.01187458,0.016447118,0.023304414,0.028812159,scxy9zfh.png,0,validation
0.0003319305,0.009537533,0.0007490695,0.00069100334,0.0012300576,0.0020956413,0.0037237767,0.0060890876,0.010372899,0.014495265,0.020991594,0.031841006,0.044135395,sd4sw5n2.png,0,validation
0.00029344918,0.009157174,0.0006946811,0.00060877006,0.0010813698,0.0017985691,0.0030390823,0.0045778183,0.0064766505,0.008107041,0.010446853,0.013511488,0.016006615,sdlnitq7.png,0,validation
0.00030067927,0.0094160875,0.00068133976,0.0005500364,0.0010821729,0.0017834307,0.003027181,0.0046826527,0.007066815,0.0092794495,0.012583929,0.016880604,0.020319736,sdmo54d5.png,0,validation
0.000578358,0.010330967,0.0013537238,0.0012817342,0.0018099988,0.0030870116,0.005664876,0.009701041,0.016491067,0.023247952,0.034268204,0.05186104,0.067422666,sdwvg720.png,0,validation
0.0003077543,0.0096257385,0.0007179279,0.00058450946,0.0011206946,0.0018509647,0.0031593011,0.004839004,0.0072668674,0.009196446,0.011881604,0.015527462,0.01879927,sdz3559t.png,0,validation
0.00029842873,0.009230687,0.00074875186,0.0006082617,0.0010837979,0.0018245388,0.003176832,0.0050091455,0.007831513,0.010521994,0.014554096,0.020523557,0.026589904,semxfwlg.png,0,validation
0.00032744886,0.009747097,0.0006489818,0.0005633585,0.0012032792,0.0020141653,0.003422466,0.0051994114,0.0077922707,0.009963884,0.013135015,0.01740191,0.0210159,sewk3vgd.png,0,validation
0.00034676108,0.009968604,0.00091390486,0.0007309539,0.0012447804,0.0020826343,0.0036038628,0.005735903,0.009164484,0.012501181,0.017916856,0.02654251,0.035542313,sfc1k7h8.png,0,validation
0.0003174658,0.009637025,0.00073731114,0.00057073316,0.0011565579,0.0019241701,0.003268337,0.0050324993,0.007696179,0.010018405,0.01321454,0.017384415,0.020498147,sfh42fdh.png,0,validation
0.00039962522,0.010257674,0.00073111284,0.0006726952,0.0014073569,0.002365388,0.004141829,0.0066759354,0.0106,0.014448457,0.021021154,0.03150762,0.03849289,sgfsuzc2.png,0,validation
0.0005611353,0.0107892,0.0021391793,0.0011362287,0.001993476,0.0031876003,0.005535848,0.009157166,0.015067425,0.021242814,0.031914804,0.047895763,0.06045191,sh73r21l.png,0,validation
0.00031521646,0.009693863,0.00067145796,0.00059469155,0.0011639681,0.0019277429,0.0032209195,0.004847085,0.007190294,0.009321141,0.012295516,0.016383452,0.019878136,shen1mjh.png,0,validation
0.00093610823,0.013455461,0.0019491715,0.0016287719,0.0027038248,0.0045350106,0.008256939,0.014136533,0.023952994,0.033901293,0.051396262,0.079863235,0.09983417,shk4rqsf.png,0,validation
0.0004835048,0.010710604,0.0013273894,0.0008945185,0.0016350666,0.002741447,0.004882116,0.008114252,0.0137876505,0.019896375,0.030269353,0.04807524,0.06746952,si7p4s7j.png,0,validation
0.0003560746,0.010108953,0.0007251432,0.00064957124,0.0012715134,0.002098667,0.0035666118,0.0055665313,0.008505312,0.011188378,0.015344463,0.020869425,0.024988873,siej5bk0.png,0,validation
0.00052762654,0.0113160545,0.0012918586,0.0009235321,0.0017855816,0.0030210172,0.0054320274,0.009176175,0.016002562,0.023246411,0.03573878,0.056181848,0.07775903,sijndwce.png,0,validation
0.00033475726,0.0102039045,0.0007097048,0.0005975256,0.0011795101,0.0019213592,0.003202234,0.004876041,0.0071961046,0.0090211015,0.011376983,0.01435746,0.016447077,sikkw23t.png,0,validation
0.00041841483,0.009907341,0.0009475573,0.0008819578,0.001414553,0.0023645158,0.004217136,0.0070572393,0.012075201,0.017608363,0.027451742,0.044215094,0.063752465,sikppdkw.png,0,validation
0.00039518042,0.0102884015,0.00074042124,0.00064202043,0.0013951861,0.0023162067,0.004012726,0.006391554,0.010163672,0.013555892,0.018997325,0.026556836,0.032203704,siq249bj.png,0,validation
0.00033198777,0.009777851,0.00095554575,0.0006896912,0.0011972825,0.0020107592,0.003533007,0.0056797303,0.009312638,0.012599382,0.017798014,0.02608356,0.034966953,sit84g5v.png,0,validation
0.0002994572,0.0083111515,0.00081127154,0.00068925536,0.0010808696,0.0018216658,0.0032349147,0.005381089,0.009151042,0.013213449,0.020291692,0.031751502,0.043474436,sjwccwwj.png,0,validation
0.00030559307,0.009594082,0.0006856908,0.0005537251,0.0011216821,0.0018754995,0.0032756643,0.0051854933,0.008134162,0.0109441755,0.015187473,0.021279816,0.02678846,sl20m0yn.png,0,validation
0.0003140494,0.009436399,0.0007417112,0.0006293452,0.0011455552,0.0019237598,0.0032968735,0.0051703225,0.007992819,0.010694773,0.014686694,0.020272637,0.025997745,sl62lnt9.png,0,validation
0.00028357442,0.009277898,0.00061323814,0.00056009344,0.0010212419,0.001688407,0.0028581796,0.0044055693,0.0065420805,0.008529758,0.011718224,0.016152197,0.019794578,slz2c11u.png,0,validation
0.00031372375,0.009256977,0.0007985644,0.0006622395,0.0011597107,0.0019541446,0.0034324743,0.0055160224,0.0088604,0.012086343,0.016949566,0.024171956,0.031236768,sm5jqje4.png,0,validation
0.00037231424,0.010629971,0.00076344894,0.0006838781,0.0012770245,0.0021094452,0.003609891,0.0056813285,0.008913576,0.011918797,0.016554471,0.023379473,0.030327035,snbti22n.png,0,validation
0.0009729412,0.013487985,0.0021437777,0.0016459249,0.0027472328,0.0045370404,0.008182049,0.013941379,0.023696313,0.033947557,0.051089365,0.076352715,0.09237869,snll3drd.png,0,validation
0.0006260228,0.011976022,0.0016747501,0.00128363,0.0022120962,0.0036396186,0.006329812,0.010237639,0.01672994,0.023341607,0.03442731,0.051390737,0.068515755,snx1se3x.png,0,validation
0.00064239645,0.010493089,0.0017738657,0.0014880219,0.0019731487,0.0033873606,0.006371266,0.0109745925,0.018379794,0.025794491,0.037896443,0.055815656,0.071067624,so31inw9.png,0,validation
0.000284071,0.009059146,0.00066758256,0.00056315976,0.0010595333,0.0017812856,0.0030435272,0.0046146815,0.0067716823,0.008497455,0.010726629,0.013240935,0.0151264,sob6mmbn.png,0,validation
0.00032189742,0.009787206,0.00067227386,0.0006205733,0.0011971336,0.001986648,0.003342456,0.005028169,0.0074171755,0.009520225,0.012333097,0.016443908,0.020308124,sqdrt21p.png,0,validation
0.0008801058,0.013596478,0.0015564917,0.0013849201,0.0025601976,0.0042726286,0.007659098,0.012720855,0.021023003,0.029395936,0.04320582,0.06395344,0.07715107,sr5ojlyq.png,0,validation
0.00035280874,0.009982299,0.0008224084,0.0006940377,0.0012371638,0.0020605733,0.0035587775,0.005648748,0.008802162,0.01176203,0.016105263,0.02243652,0.028275197,srkcnyvc.png,0,validation
0.00033328123,0.009894064,0.00069959444,0.0005987937,0.001190972,0.0019580347,0.00331182,0.0051500457,0.007938791,0.01043337,0.014129874,0.018743105,0.022146937,srknv6nz.png,0,validation
0.000314971,0.00939485,0.00083456154,0.00066812924,0.0011794146,0.0019752614,0.0033038799,0.0048930203,0.0068824925,0.008632319,0.011140298,0.014491535,0.01752322,ss5cfkvl.png,0,validation
0.00033553207,0.009824157,0.0007127192,0.0005879363,0.0012091169,0.002002992,0.003419989,0.005316132,0.008118381,0.0106165325,0.013932503,0.018032083,0.021264432,sss3rqcb.png,0,validation
0.00028081427,0.0089402,0.0006754226,0.000565391,0.0010297097,0.0017204997,0.0029043502,0.004413149,0.006466219,0.008256625,0.010751455,0.013815093,0.016107565,stduzaxh.png,0,validation
0.00032624087,0.009787866,0.00080702343,0.0006135882,0.0011849896,0.0019620208,0.0032794783,0.0049442947,0.0073036663,0.0093309805,0.012197016,0.015866539,0.01845514,stjbbfoo.png,0,validation
0.00029345535,0.009472379,0.0007103074,0.0005818152,0.0010625203,0.0017345743,0.0028319466,0.004173976,0.0058918754,0.0073954263,0.009509046,0.01237321,0.014896883,stk1rrz0.png,0,validation
0.00032224233,0.009298546,0.00089408294,0.00071843807,0.0011917716,0.0020038425,0.0034330913,0.005306132,0.007934257,0.010228602,0.013664145,0.018570766,0.022513293,su2e4lsc.png,0,validation
0.0002947057,0.009345179,0.0006807648,0.0005919495,0.0010817272,0.0017921187,0.0029699178,0.0045000515,0.0064989985,0.008133807,0.0105540985,0.013697093,0.016592924,suswiy7k.png,0,validation
0.00094809657,0.012159282,0.0047284774,0.002446143,0.0029540989,0.0051935697,0.010090701,0.016739268,0.02792577,0.03897551,0.056966793,0.08424056,0.11080114,sv8dddo8.png,0,validation
0.0002954739,0.009418634,0.00062396884,0.0005893246,0.001093569,0.0018452184,0.0032013082,0.005041335,0.0076593165,0.009894086,0.013081583,0.017585458,0.021925068,svcp7ejk.png,0,validation
0.0003229023,0.009362895,0.00083586114,0.00070994557,0.0011823953,0.0019822754,0.0033946717,0.0052801603,0.0079175355,0.010219481,0.013590698,0.018561803,0.0233466,svk9tmbh.png,0,validation
0.0010679328,0.013606768,0.0021702137,0.0019392244,0.002965271,0.0049167867,0.008935574,0.015524371,0.026892098,0.038718376,0.059162263,0.091016516,0.11216504,swyxs2sl.png,0,validation
0.00088294543,0.013538832,0.0014543796,0.0014207099,0.0025761302,0.0043091252,0.007822191,0.013178236,0.021817202,0.030596392,0.045359027,0.06783573,0.08193693,sxfkmkak.png,0,validation
0.00030163347,0.009179156,0.0007498516,0.00063238107,0.0011216073,0.0018878859,0.003269159,0.005136637,0.007813899,0.010311916,0.014266905,0.019495275,0.024231974,sy9jl7kr.png,0,validation
0.000301988,0.009390241,0.0007837193,0.0006128975,0.001112095,0.0018560899,0.0031535495,0.004826582,0.0072175055,0.009429956,0.01241718,0.016193623,0.01946046,sye1rlo5.png,0,validation
0.00032209462,0.0096726315,0.0006915425,0.0006201673,0.0011495651,0.0019021827,0.0032036842,0.0048417635,0.0072982055,0.009593788,0.013153011,0.018567564,0.023346728,symnt34h.png,0,validation
0.00032650033,0.009490751,0.0007570667,0.000694117,0.0011993839,0.002005692,0.0034166947,0.005290461,0.0078423135,0.01017561,0.013823422,0.019411413,0.025674319,sytroimr.png,0,validation
0.0002875139,0.00924284,0.00064957415,0.0005669128,0.0010778,0.0018047831,0.0030593595,0.004660342,0.0069183283,0.008828142,0.011501558,0.014824097,0.017304495,sz1ctw68.png,0,validation
0.0003466983,0.009637352,0.00082814205,0.000747875,0.0012483393,0.0021479998,0.003937157,0.006635357,0.010860866,0.014728396,0.020837966,0.03012736,0.03996816,sz6o5ryj.png,0,validation
0.0003927987,0.010084407,0.0008767701,0.0007079619,0.0013142553,0.002170701,0.0037410106,0.005876812,0.009068955,0.012078334,0.01673247,0.022798467,0.026143912,szded8wg.png,0,validation
0.00051259,0.010981131,0.001465464,0.0009936531,0.0017747016,0.0028071124,0.0046668886,0.007259158,0.011412278,0.015440791,0.021810416,0.030311042,0.036735717,szfm6e8x.png,0,validation
0.00033333004,0.009812923,0.0006853567,0.0006325426,0.0011915766,0.0019764358,0.0033602274,0.0052213194,0.008174042,0.010796723,0.0145478975,0.01960318,0.023866173,szx01nv3.png,0,validation
0.0003780833,0.01038117,0.00077153806,0.0006726507,0.0013310859,0.0021568066,0.0035777164,0.005408831,0.008070123,0.010397049,0.013650209,0.017472086,0.019707674,t0qthreg.png,0,validation
0.0003215546,0.00949996,0.0007733448,0.0006846986,0.0011919279,0.0019801282,0.0033400543,0.0050395015,0.007351839,0.009493006,0.012552309,0.016510582,0.020170951,t2zm1orl.png,0,validation
0.00032650345,0.009805357,0.0007333391,0.00061804295,0.001221579,0.002031664,0.003379018,0.0050587645,0.007558713,0.009692567,0.0125255035,0.016024455,0.019070676,t4ttn0bc.png,0,validation
0.00030489019,0.009294006,0.0007759158,0.0006477944,0.0010751057,0.0017578098,0.0029702042,0.004602631,0.006957659,0.009076081,0.0122555755,0.016893126,0.021435224,t5fxjuq1.png,0,validation
0.00031874568,0.00954248,0.0006654716,0.0005325814,0.0011248331,0.0018673923,0.0032575997,0.0052060857,0.008189755,0.010882856,0.015056915,0.020784361,0.02516911,t5lkwfpg.png,0,validation
0.0003359264,0.00985045,0.00079774274,0.0005880304,0.0012168587,0.0020295198,0.0035152961,0.005589724,0.00891486,0.01199436,0.01670406,0.023540212,0.028615104,t5o7nhyy.png,0,validation
0.00057528046,0.010845964,0.0012573844,0.0011488913,0.0017593973,0.002985397,0.005519289,0.009499884,0.01637267,0.02313504,0.03366091,0.049254686,0.06096374,t5vod239.png,0,validation
0.000402837,0.010429099,0.0009781049,0.0007942759,0.0013348026,0.0021726796,0.0036240153,0.005543445,0.008613455,0.011587637,0.016624663,0.025372664,0.034625836,t6p2bx55.png,0,validation
0.00042888697,0.01077787,0.0010100324,0.00082393404,0.0013922803,0.0022349074,0.0037558675,0.0058536674,0.009281345,0.012835644,0.019006064,0.028742915,0.03836045,t79n9wz2.png,0,validation
0.00047208488,0.01065113,0.0012453038,0.00084358937,0.001631111,0.0027702765,0.00494692,0.008221025,0.01406342,0.02021674,0.030974336,0.049131412,0.0677129,t7p917qh.png,0,validation
0.00031208716,0.009566383,0.00074332586,0.00062450813,0.0011656578,0.001969155,0.0033631374,0.005109115,0.0075955233,0.009866475,0.013382626,0.018475158,0.02271308,t83exhuz.png,0,validation
0.0003245848,0.009700316,0.0007394259,0.0005916675,0.0011804377,0.0019641211,0.0033502767,0.0052560866,0.008215056,0.010875029,0.014989624,0.020937135,0.025859782,t8ud5uoo.png,0,validation
0.00031279487,0.009232592,0.0007550568,0.0006448592,0.0011588917,0.0019526057,0.003336959,0.005206189,0.007830678,0.010200247,0.013925141,0.019285288,0.024267936,t96500ku.png,0,validation
0.00033503023,0.009532547,0.0009896731,0.00074899377,0.0011945423,0.0019820374,0.003384316,0.0052751754,0.008081553,0.010557002,0.014177992,0.019471701,0.023973826,t9f9vylr.png,0,validation
0.00029579824,0.0092303585,0.0007323732,0.00060474843,0.001083708,0.0017986372,0.003009788,0.0045454116,0.0066520344,0.008493019,0.011226272,0.015010594,0.017894922,tb81ouvw.png,0,validation
0.0003777323,0.010320132,0.0006543824,0.0006065092,0.0013049238,0.0021393453,0.0036047723,0.0055117877,0.008265922,0.01072656,0.01445529,0.019464025,0.02310405,tbrqogf6.png,0,validation
0.00033832603,0.009613988,0.0008029436,0.0007415865,0.0012193273,0.0020665876,0.0036134156,0.005882281,0.009340823,0.012471121,0.017488753,0.025334477,0.033880096,tcu1pinw.png,0,validation
0.00027763765,0.009077751,0.00069565536,0.00057545304,0.001005976,0.001662383,0.0028068353,0.0042729503,0.006299024,0.008130337,0.01091872,0.0149812475,0.019173719,td503779.png,0,validation
0.00034278983,0.009562846,0.00090136885,0.00073430635,0.0012336705,0.0020885284,0.0037206383,0.0061244885,0.00951306,0.01254579,0.017476745,0.02432204,0.031071687,tdnhdjtk.png,0,validation
0.00035976697,0.010091756,0.0007210133,0.00062856067,0.001307947,0.0021888246,0.0037352738,0.0057981214,0.009005709,0.0120621445,0.01684582,0.024148582,0.030805675,te1zijci.png,0,validation
0.00063878903,0.010566781,0.0025412862,0.0014332259,0.0021938356,0.0040584635,0.008560381,0.015796224,0.02827519,0.039076477,0.05510943,0.07854438,0.10528199,tenjejfj.png,0,validation
0.00040093486,0.010545815,0.0008104304,0.0007091709,0.0014031146,0.002315437,0.003998669,0.0063033937,0.009566552,0.012638043,0.017300544,0.023546992,0.028064996,tfc8tj8q.png,0,validation
0.00040937567,0.0105644455,0.0007481848,0.0006656701,0.0014046248,0.0022976403,0.0039040744,0.0061675822,0.009782566,0.013384475,0.019458232,0.02826826,0.03482386,tfy0lbom.png,0,validation
0.00028014873,0.008779301,0.0006587316,0.0005853388,0.0010353471,0.001744686,0.0030270698,0.0047418117,0.007039118,0.009135178,0.012369184,0.01658646,0.020876676,tg21hslt.png,0,validation
0.0003333284,0.009639851,0.0008925608,0.0006930502,0.001209105,0.0020345682,0.003572625,0.005761065,0.009588883,0.013214311,0.018685661,0.026520776,0.034936436,thlgp247.png,0,validation
0.00031046648,0.0096178185,0.0006582819,0.00053638645,0.0011304324,0.001868654,0.0031524422,0.004854198,0.007320093,0.009367336,0.012356307,0.016413901,0.01929407,thqi4vmt.png,0,validation
0.00047681094,0.01065625,0.0012821518,0.0008690344,0.0016454946,0.0027728523,0.0049544303,0.008258245,0.014182766,0.020565141,0.031587023,0.050165266,0.06991097,tifo4423.png,0,validation
0.0003156862,0.009409932,0.00078008446,0.00066166377,0.0011790475,0.0019657728,0.0033227527,0.0050473926,0.007205294,0.009055398,0.011724534,0.0149532715,0.0172402,tifyzq7c.png,0,validation
0.00034175903,0.00981489,0.000715041,0.0006646063,0.0012363815,0.002089698,0.0037013204,0.006090998,0.009920771,0.013576619,0.019745266,0.02888225,0.038025636,tirc9zd7.png,0,validation
0.000305131,0.0095449025,0.0007384625,0.0006165315,0.0011047674,0.0018610756,0.0032900837,0.0052899257,0.008060878,0.010413638,0.013872219,0.018636784,0.022988647,tj6u5a2x.png,0,validation
0.00033894277,0.009777606,0.0007298331,0.00059925416,0.0012310623,0.0020436062,0.0034913947,0.005515012,0.008664401,0.011731976,0.0166014,0.023511495,0.02815051,tjqmuz16.png,0,validation
0.00034655808,0.0099048745,0.0007027338,0.0006143661,0.0012331789,0.0020467136,0.0035155572,0.00550295,0.008503535,0.011189706,0.015478266,0.021732256,0.0264837,tk1qybqi.png,0,validation
0.0002846319,0.009111165,0.00066424685,0.00055566983,0.0010514236,0.0017481005,0.002968043,0.004501598,0.0065324944,0.0083652185,0.010955381,0.014145892,0.016396545,tl604kec.png,0,validation
0.00029654792,0.009347434,0.00075575616,0.0006008915,0.0010576886,0.001752811,0.0029929152,0.0046406854,0.0071524237,0.009639458,0.013175367,0.01740801,0.020839116,tlsynwec.png,0,validation
0.00033813054,0.0099054575,0.0007192676,0.00061874744,0.0011813943,0.0019404404,0.0032787756,0.0050633624,0.00782495,0.010366364,0.01426017,0.019615889,0.023314781,tmjlbqc1.png,0,validation
0.00038234168,0.010514804,0.00081928784,0.0007228991,0.0013017189,0.0021715146,0.0037889215,0.006035397,0.009395333,0.012360159,0.01684518,0.023062494,0.02908557,tn77rqd4.png,0,validation
0.00030103442,0.009211028,0.0007577837,0.000630208,0.0010854542,0.0018001801,0.0030386718,0.0045946413,0.0066486876,0.008393096,0.010880784,0.014025977,0.01652865,tnkmsa1e.png,0,validation
0.00032323733,0.009667005,0.0008035647,0.0006654935,0.0011643405,0.00196617,0.0034708767,0.0055770366,0.008771773,0.011793142,0.016552616,0.02338135,0.029172467,tp4gy73c.png,0,validation
0.00051160133,0.011082914,0.0013266234,0.0009147835,0.0017463627,0.002778694,0.0046394346,0.0072555337,0.011358635,0.015417945,0.02203749,0.031273916,0.03906982,tpli69vi.png,0,validation
0.00096337567,0.013506766,0.0018947579,0.0016606199,0.0027536743,0.0045791753,0.008305944,0.014293303,0.024535257,0.035165526,0.05367167,0.083378494,0.105207704,tq90wtew.png,0,validation
0.00034267062,0.009611908,0.00082025124,0.0007194237,0.0012614286,0.0021625748,0.0038798905,0.0063667325,0.009774003,0.012767799,0.017265663,0.023552539,0.030138694,tqv95h07.png,0,validation
0.00031550098,0.00956187,0.0007433527,0.0006395615,0.0011648651,0.0019401923,0.00325759,0.0048949374,0.007113349,0.008964643,0.011561076,0.014793295,0.017529147,trjumm0y.png,0,validation
0.00033682818,0.01002838,0.00083268463,0.0006736932,0.0012062171,0.0020312849,0.0035935673,0.005723548,0.008958329,0.012184252,0.017527359,0.02621102,0.03659645,trpyx8hb.png,0,validation
0.00032921447,0.009998564,0.0007223811,0.0005975235,0.0011806217,0.0019486219,0.0032948537,0.005021605,0.007487649,0.009754275,0.013035238,0.016947474,0.02003281,trt2we1z.png,0,validation
0.0003007827,0.009411845,0.0006812731,0.0005997427,0.0011126185,0.0018553094,0.0031342967,0.0047053867,0.0067580417,0.008526403,0.011146101,0.014809356,0.018012384,ts4ro893.png,0,validation
0.0002517289,0.0081531815,0.0007658389,0.0005854921,0.00091076794,0.0015122133,0.0025734815,0.004036137,0.006471198,0.008975405,0.012955059,0.018969666,0.025446154,tsgqol3w.png,0,validation
0.0003598225,0.009862803,0.0010250392,0.00079723285,0.0012816588,0.0021600744,0.0038116078,0.0060255365,0.009097781,0.011996564,0.016508494,0.022693457,0.028493062,tsvluopf.png,0,validation
0.0009660504,0.01356497,0.0019428906,0.0016598789,0.0027307386,0.0045208707,0.008139384,0.013846552,0.02352532,0.03337941,0.05001559,0.075063355,0.09282277,tthcqgce.png,0,validation
0.00059021055,0.011044545,0.0022675577,0.0012010225,0.002027236,0.003166378,0.005342888,0.008607287,0.01402334,0.019508533,0.028437575,0.040518396,0.050758064,tti909n7.png,0,validation
0.0002766222,0.008981818,0.00065677904,0.0005426043,0.0010229278,0.0016979936,0.0028727779,0.004306096,0.0062667467,0.007939915,0.010111484,0.0126050105,0.014467633,tu2b1sow.png,0,validation
0.00031174807,0.009453657,0.0007574569,0.0006702449,0.0011324994,0.0018798473,0.0032067117,0.004972957,0.007341109,0.0094168,0.012693161,0.017213833,0.021253273,tue2tmue.png,0,validation
0.0008585283,0.012941991,0.0016669114,0.0014452618,0.0024747204,0.0041400935,0.007577909,0.013212435,0.022905406,0.033081874,0.05078854,0.077974066,0.096867904,tugyxge1.png,0,validation
0.00029654847,0.00934421,0.0006902118,0.00061200425,0.0010929746,0.0018512899,0.0032399714,0.0050984374,0.0076545845,0.010007152,0.013511744,0.018515171,0.022597434,tuhw755i.png,0,validation
0.00034732543,0.009908145,0.000691712,0.00059211924,0.0011999168,0.001979628,0.003404897,0.0053471485,0.008272926,0.011016383,0.015225377,0.021019336,0.02521877,tuwr1k19.png,0,validation
0.00034892414,0.009963174,0.0006789652,0.0005717739,0.0012094424,0.001982315,0.0034072218,0.005340107,0.00816276,0.010716247,0.014716508,0.02000197,0.023965163,tviq16sd.png,0,validation
0.00039788682,0.010268702,0.0007961168,0.00072032603,0.0014170136,0.0023138835,0.003952359,0.006273554,0.009950586,0.013439328,0.018911436,0.02585386,0.030832486,tvyx1yky.png,0,validation
0.00028804515,0.009085321,0.00067142624,0.0005789238,0.0010707163,0.0017838626,0.0030425151,0.0047023757,0.007019065,0.00915152,0.0125565035,0.017522523,0.022236276,twbg51kc.png,0,validation
0.00029936322,0.009429398,0.00070653745,0.0005708579,0.0011114626,0.0018455648,0.0031533577,0.00487673,0.0074823922,0.009845201,0.013334759,0.018707994,0.024135444,tx4d5rvu.png,0,validation
0.00032065235,0.009668162,0.0007574439,0.0006106838,0.0011714082,0.0019321771,0.0032442803,0.0049139755,0.007432765,0.009710918,0.01319931,0.017818954,0.022035452,txnguqvs.png,0,validation
0.0009628366,0.013376941,0.0019358891,0.0017403695,0.0027732211,0.0046618837,0.008617898,0.015002258,0.025945049,0.03719146,0.056988075,0.0891701,0.1109968,txztsvn6.png,0,validation
0.00030252477,0.009242427,0.000779207,0.0006384383,0.0011006676,0.0018271208,0.0030556817,0.00461867,0.0067469813,0.008605548,0.011256655,0.014810036,0.017508574,tya4zpuy.png,0,validation
0.00031616382,0.009633431,0.00073765765,0.0005709377,0.0011519506,0.0019325395,0.003299604,0.0050558844,0.007570886,0.009713946,0.012752789,0.016758958,0.019532902,tyabwokh.png,0,validation
0.00088332343,0.013328261,0.0019154395,0.0015683221,0.002474108,0.004116202,0.007503266,0.013096925,0.023131853,0.033791725,0.052673686,0.08257639,0.10468254,tz9uu5r1.png,0,validation
0.00063473394,0.011894419,0.0017315922,0.0013975549,0.0022232446,0.0036284213,0.006217307,0.009971614,0.016143842,0.022234488,0.032317314,0.047604434,0.061758388,tzjs6pvs.png,0,validation
0.00028605116,0.0092704315,0.00059513643,0.00056923943,0.0010505279,0.0017509193,0.0029736822,0.0045688846,0.006929326,0.009200174,0.013000325,0.018363547,0.023564024,tzl9do0f.png,0,validation
0.0002798358,0.009027554,0.0006676942,0.0005703566,0.0010226436,0.001716879,0.0030126108,0.00467407,0.007001401,0.009025686,0.012100825,0.016401632,0.020100562,u04vpwym.png,0,validation
0.00034402206,0.010100738,0.00077718083,0.0005969507,0.001191725,0.0019986962,0.00346365,0.00553304,0.008637704,0.011669374,0.016776714,0.024080234,0.030623868,u0a7qqei.png,0,validation
0.0004214153,0.011020065,0.0009175225,0.00077620574,0.0014216666,0.0023934708,0.004264372,0.0070002563,0.01138764,0.015443734,0.021822957,0.03138882,0.04074981,u0env5sn.png,0,validation
0.0003439536,0.009492574,0.0010207177,0.00074375566,0.0012411353,0.002119578,0.003809017,0.0064024576,0.010114485,0.013388744,0.018669114,0.026712684,0.035364687,u0if4094.png,0,validation
0.00037740055,0.010666954,0.0008226531,0.000678547,0.0013141555,0.0021424065,0.0035835537,0.0055407262,0.008640459,0.011427294,0.015910007,0.022707002,0.029212805,u0owpkds.png,0,validation
0.00032311067,0.0095900595,0.00070561946,0.00066272944,0.0011613028,0.0019368884,0.0033086434,0.005128422,0.0077835503,0.010259239,0.014036629,0.019227987,0.023532558,u130tf51.png,0,validation
0.00042684827,0.010470837,0.0010749532,0.0008015348,0.0015250724,0.0024703534,0.004161053,0.006414428,0.009809916,0.0128968125,0.017515466,0.024236029,0.030303638,u1c3cdhc.png,0,validation
0.00036207424,0.009767901,0.0010356253,0.0008135908,0.0012903736,0.002192095,0.0038573074,0.006186756,0.009176399,0.01206398,0.016930737,0.023917746,0.03089384,u1dgpfk0.png,0,validation
0.0002934157,0.009081847,0.0006852256,0.0006164022,0.0010774647,0.0018031481,0.0031065417,0.0048453463,0.007283218,0.009443248,0.012811629,0.017920515,0.022869788,u2w5h5rj.png,0,validation
0.000290408,0.009484379,0.0006982025,0.0005580817,0.0010545204,0.0017720413,0.003033293,0.0046027624,0.0067544696,0.0086591635,0.011441238,0.0145855695,0.016952273,u3fg00zk.png,0,validation
0.0004769964,0.009399486,0.0016205455,0.0010259616,0.0016163543,0.0028382686,0.0055346154,0.0095761735,0.016802445,0.024743145,0.03786201,0.057990737,0.0817524,u3oa8zm5.png,0,validation
0.00028787713,0.009380715,0.00068852876,0.00057530875,0.001065596,0.0017686309,0.0029618477,0.004368647,0.0062395073,0.007813824,0.00984965,0.012225095,0.013912809,u3wbvddt.png,0,validation
0.0003085915,0.009124649,0.0007355888,0.0006667399,0.0011492645,0.0019141822,0.0032843621,0.0051396815,0.007854142,0.010292302,0.014184093,0.020102195,0.025385642,u5hxokv3.png,0,validation
0.00036979825,0.010080781,0.00071567035,0.00063906604,0.0013356169,0.0022154485,0.0038271912,0.00597588,0.009062829,0.011889951,0.016284153,0.021975318,0.02518332,u5p86k18.png,0,validation
0.00032120544,0.009682187,0.0006877742,0.0006238997,0.0011573153,0.0019381843,0.003332169,0.005268712,0.008119613,0.010859566,0.0152922645,0.021076016,0.025575984,u5wryesu.png,0,validation
0.00042541933,0.011042742,0.00088431954,0.00075904187,0.0014216539,0.002352834,0.004020151,0.0062597017,0.009480727,0.012497801,0.017333474,0.024197832,0.030133843,u6hc36ko.png,0,validation
0.00047942877,0.010601304,0.0014503174,0.0009137203,0.0016416127,0.0026020322,0.0043656663,0.006796609,0.0107338205,0.014684472,0.021151783,0.030149767,0.037170656,u763005s.png,0,validation
0.00032251698,0.009621359,0.0006729683,0.0005517362,0.0011578865,0.0019365945,0.0033696794,0.0052698776,0.007885484,0.010202699,0.013744775,0.018417317,0.021697978,u7f6fdz1.png,0,validation
0.00033985707,0.009638801,0.0008284522,0.0007111256,0.0012071225,0.0020439695,0.0036162348,0.0058584563,0.009730119,0.013392936,0.01890866,0.027440403,0.035917062,u86a7316.png,0,validation
0.00032767537,0.009670299,0.0008710513,0.00068694865,0.0011737178,0.001996539,0.0036000912,0.0059251385,0.009256089,0.012382968,0.017607322,0.025454497,0.033519275,u8kqar78.png,0,validation
0.00029974416,0.009456947,0.0006911779,0.000585061,0.0010896906,0.00180751,0.0030363058,0.004564554,0.006653783,0.008349456,0.010761122,0.013945321,0.01683869,u91f8bv5.png,0,validation
0.00033338202,0.0096007185,0.0007871855,0.0007042095,0.0011876621,0.0019919216,0.0034473815,0.0055498127,0.008784451,0.011754007,0.016473522,0.023525817,0.03124153,u9fj0qy1.png,0,validation
0.00031252796,0.009319981,0.0006986361,0.00060941227,0.0011502211,0.0019335548,0.003305719,0.0051189344,0.007748881,0.010065649,0.013251028,0.01684506,0.019419152,ua6oypqp.png,0,validation
0.0005356075,0.010828573,0.0019161103,0.0010664294,0.0018316766,0.002879826,0.004822343,0.007702877,0.012483993,0.017238436,0.025185727,0.0360477,0.04461798,uc3wfew0.png,0,validation
0.00036283085,0.009356461,0.0011067331,0.00082212157,0.0012968696,0.002212682,0.004039659,0.0068168235,0.011045151,0.015269227,0.022488553,0.034033533,0.047513206,ud3wargm.png,0,validation
0.00034738923,0.009805657,0.0008574858,0.00075038313,0.0012479549,0.002074799,0.0035376064,0.005456869,0.008224087,0.010777002,0.014801458,0.02064719,0.025941243,udar5b5n.png,0,validation
0.00030907936,0.009283669,0.000736915,0.000664642,0.0011412418,0.0019140908,0.0032455716,0.004887746,0.007075859,0.008928193,0.011686089,0.015449884,0.018654147,udc37dzn.png,0,validation
0.00036769392,0.010128836,0.0007610065,0.0006301088,0.0013138991,0.0021787593,0.0037311672,0.005809534,0.009068248,0.012160804,0.017158788,0.024155697,0.029605871,udfudc1d.png,0,validation
0.0003014373,0.009369,0.00074401154,0.0006050032,0.0010927494,0.00181496,0.0030617916,0.004693634,0.007200679,0.009512123,0.0128011275,0.017305376,0.021169188,ue01ir44.png,0,validation
0.00037854878,0.010193746,0.00073083193,0.0006063741,0.0013305459,0.0022110671,0.0038907425,0.0062951907,0.010080213,0.013571438,0.019066593,0.02706007,0.033015374,ueduhjrb.png,0,validation
0.00037113216,0.01037842,0.00083925715,0.00066777,0.0012781133,0.0020869412,0.0035526548,0.005637846,0.00904072,0.012178065,0.017021313,0.023756806,0.030148257,uent4f4v.png,0,validation
0.0006015967,0.010326636,0.0014924741,0.0013134354,0.001835622,0.003111914,0.0057300716,0.009908404,0.0172467,0.024563821,0.036562208,0.055048026,0.0705077,uf2w7wr1.png,0,validation
0.0005684244,0.010737371,0.0023927058,0.0012258505,0.001983511,0.003099946,0.005216925,0.008340526,0.013551996,0.018828403,0.02761881,0.039374657,0.049825065,ufohhvpn.png,0,validation
0.0003191779,0.009565505,0.0007696079,0.0006536919,0.0011597205,0.0019578254,0.00344284,0.005569149,0.00903405,0.01236537,0.018088749,0.026414523,0.035483725,uh17j8qo.png,0,validation
0.00029520353,0.009313935,0.0006222479,0.0005235405,0.0010500574,0.0017193648,0.0029066447,0.0044768187,0.006876553,0.00906715,0.012267134,0.016486365,0.019696321,uh72jmij.png,0,validation
0.00029421225,0.009350588,0.0006422703,0.0005436503,0.0010752493,0.0017754622,0.0029321893,0.0044304123,0.0067026634,0.008706102,0.01165334,0.015686268,0.018611485,uhhubwy4.png,0,validation
0.0002975096,0.009400775,0.00069652003,0.00059277355,0.0011110833,0.0018360708,0.0030826824,0.004582535,0.006611849,0.008425141,0.010976328,0.0143728275,0.017506866,uhwyqann.png,0,validation
0.0003198021,0.009272188,0.0008159614,0.0006957722,0.001204893,0.0020260892,0.0034891372,0.0053589987,0.0079935845,0.010397448,0.013759953,0.01815552,0.02166918,uhylvyuw.png,0,validation
0.0004104275,0.010426963,0.00076894945,0.00071672833,0.0014156968,0.0023213185,0.003990207,0.006340766,0.009997101,0.013249441,0.01772562,0.023094485,0.02740657,ui4cjurx.png,0,validation
0.00028468703,0.009082232,0.00071428705,0.0005524266,0.0010535367,0.0017708561,0.0030286224,0.004637492,0.0068383715,0.008859102,0.011772849,0.014702057,0.017118413,ui8sfq5e.png,0,validation
0.00035108224,0.0097179115,0.00085058046,0.0007658324,0.0012734971,0.002188159,0.003943694,0.006491595,0.010351835,0.013914209,0.019727,0.028729761,0.03876053,uk3p1dbq.png,0,validation
0.00030566927,0.009412545,0.0007267925,0.00060539664,0.0011282169,0.0018930421,0.0032193875,0.004940737,0.007320729,0.0094287675,0.012644425,0.01727722,0.02150303,ukkn0scq.png,0,validation
0.0004074335,0.010483667,0.0008985674,0.0007590906,0.0013209926,0.002151669,0.0037327334,0.0059686787,0.009577581,0.013039779,0.01854532,0.025982039,0.03195703,ul6njrui.png,0,validation
0.0003045132,0.009238275,0.0007044868,0.0006291387,0.0011159725,0.0018749526,0.0031866746,0.004882535,0.0072698756,0.009500666,0.012801101,0.01704869,0.021046398,unf6i7d1.png,0,validation
0.00030882508,0.009489018,0.0006995015,0.0006149514,0.0011488849,0.0019205366,0.0032303396,0.0048774667,0.007118564,0.009099243,0.011971402,0.015802046,0.0193247,unk0k7h0.png,0,validation
0.00025913154,0.008153,0.00092721224,0.0006135353,0.00093437213,0.0015798218,0.002807759,0.004629837,0.007837124,0.0113766035,0.017824866,0.028512115,0.041192967,unlpaih0.png,0,validation
0.00095727504,0.013473899,0.0019346187,0.0016679381,0.0027034879,0.0044762497,0.008063477,0.013781817,0.023626715,0.03388748,0.05176402,0.080018714,0.09971187,unp7ber8.png,0,validation
0.0004436428,0.010766953,0.0010887291,0.0008628171,0.0014343295,0.0023405852,0.003976441,0.006291778,0.010065031,0.013814988,0.019995373,0.029964523,0.03941423,uo70lp9z.png,0,validation
0.00032318546,0.009661207,0.0007813864,0.00064602355,0.001168829,0.0019493809,0.003273093,0.004891681,0.007125917,0.009219484,0.012354412,0.016033223,0.019137856,uolt0go9.png,0,validation
0.0003367752,0.009978122,0.00070754555,0.0006225898,0.001230114,0.002052767,0.0035634867,0.0056234957,0.008720504,0.011570839,0.015879791,0.021693274,0.026333967,uqhk9k3w.png,0,validation
0.00039856983,0.010335613,0.0007670335,0.000729105,0.0013911927,0.0022994725,0.0039108847,0.0061301976,0.009621389,0.012787812,0.017874833,0.025872065,0.03405624,ur2wsu67.png,0,validation
0.00038604392,0.010114044,0.0007910822,0.0006526185,0.0013249404,0.002174661,0.0037181806,0.0057832925,0.008894079,0.011825283,0.016492004,0.022635872,0.026729355,ur3fcr5v.png,0,validation
0.0004425878,0.01073411,0.00085492333,0.000786378,0.0015181277,0.0024406416,0.004122945,0.006444379,0.009954645,0.013104796,0.018009095,0.024104327,0.027815094,ur3mkjl9.png,0,validation
0.00037727482,0.010410378,0.0008660584,0.00073004543,0.0013085193,0.0021791856,0.0038045445,0.006092917,0.009398562,0.012487503,0.016984591,0.023164097,0.028675402,ur8woiee.png,0,validation
0.00036762847,0.010126264,0.0007373324,0.0006386605,0.0013102755,0.0021753851,0.0037680767,0.0059461966,0.009112835,0.012016755,0.01618272,0.021573741,0.025152959,urh0eb42.png,0,validation
0.00038128026,0.010654922,0.00071273546,0.0006738378,0.0013768108,0.002305287,0.0039737816,0.0062570283,0.009858676,0.013115229,0.018115904,0.025191464,0.0318991,urr4wjlh.png,0,validation
0.0002533983,0.008181771,0.0009270045,0.00061822555,0.00088983885,0.0014417352,0.0024038411,0.0036770585,0.005640018,0.007554997,0.010597876,0.014847282,0.019027162,usa0wqof.png,0,validation
0.00031299744,0.009591227,0.00074468466,0.0005824317,0.0011473792,0.0019171443,0.0032913242,0.0050481535,0.0075866915,0.009754117,0.012911682,0.017669493,0.022043498,uujfupc6.png,0,validation
0.0003572685,0.009685967,0.0009844364,0.00077918055,0.0012966028,0.0022337195,0.0040515265,0.0068644015,0.011360247,0.015691008,0.023095643,0.03474735,0.048201844,uveri56x.png,0,validation
0.0004051448,0.010516748,0.00081976556,0.0006811186,0.0013708414,0.0022400254,0.003848152,0.006165602,0.009977305,0.01384248,0.020515053,0.030657144,0.03995562,ux5elf2p.png,0,validation
0.00027533018,0.008883909,0.0006767085,0.0005397881,0.0010427186,0.001778717,0.0031126526,0.004819882,0.00718442,0.009231916,0.011901663,0.014745821,0.017028283,uy36gps4.png,0,validation
0.00032249413,0.009205895,0.0008049952,0.0007030272,0.0012147152,0.0020471178,0.0034944913,0.0053266427,0.007749436,0.009826068,0.012827227,0.017009567,0.02028462,uz6cqunh.png,0,validation
0.0002937724,0.009394702,0.00068526925,0.00054714945,0.0010842682,0.0017959897,0.0030575227,0.00474807,0.007330649,0.009675425,0.013295638,0.018328842,0.022948887,uz6o4ksd.png,0,validation
0.00035982148,0.010297028,0.00077897316,0.00064018747,0.0012628955,0.002066764,0.0034928257,0.0053752023,0.008182482,0.010571298,0.013819734,0.017400937,0.019797327,uzdxvaec.png,0,validation
0.00029528656,0.0091927545,0.0006905877,0.00061179866,0.0010779614,0.0018165385,0.0031551337,0.0049753664,0.0075629097,0.009974537,0.013626378,0.019045549,0.02387988,uzy46v57.png,0,validation
0.0003128285,0.0097074285,0.0006622061,0.0005712158,0.0011282853,0.0018459226,0.0030728239,0.0046008364,0.0068403864,0.008743063,0.011431883,0.015179956,0.01874304,v0l5x4zf.png,0,validation
0.00028269587,0.009072414,0.00065777014,0.0005770377,0.0010487218,0.0017729425,0.0031013303,0.004871883,0.007493317,0.009984499,0.013780636,0.01921393,0.02409339,v1djjzqf.png,0,validation
0.0009624125,0.014027531,0.0017901052,0.0016560893,0.0027403391,0.004570402,0.008296994,0.014238198,0.024635412,0.035623632,0.054613553,0.0846494,0.10620731,v22qcvro.png,0,validation
0.00034099302,0.01022838,0.0007520726,0.0006249131,0.0012220327,0.0020178724,0.0034418206,0.005254429,0.007840621,0.010048575,0.013248373,0.017445207,0.020776028,v2fkdal1.png,0,validation
0.00029107358,0.009112574,0.00073566736,0.0005790712,0.0010762173,0.0017876583,0.0030049176,0.004557684,0.006802514,0.00872098,0.0114835445,0.015224508,0.018893411,v2ov5dvw.png,0,validation
0.0003209743,0.0094288355,0.0007283259,0.00065870705,0.0011881114,0.001999546,0.0034301202,0.005244479,0.0076633207,0.009939279,0.0135308625,0.018569594,0.02281971,v2tvoo1u.png,0,validation
0.0003201866,0.009454954,0.0007902893,0.0006694952,0.0011750035,0.0019890612,0.0034631456,0.005554715,0.009069074,0.012315948,0.017353011,0.024987085,0.032794964,v2wvx48t.png,0,validation
0.00086875714,0.013133488,0.0015796138,0.0014315657,0.0025356347,0.0042493087,0.0078073675,0.013526601,0.02271851,0.03217602,0.04841485,0.073612936,0.090854704,v3p2qgjd.png,0,validation
0.00032977993,0.00969641,0.0007363262,0.0005746469,0.0011545202,0.0019116559,0.0033175547,0.0052911667,0.008217633,0.010805964,0.014695432,0.019824747,0.023208866,v3qmyor4.png,0,validation
0.00031090924,0.009497627,0.00068061624,0.00051821844,0.0011250979,0.001883588,0.0032400955,0.005097623,0.007894301,0.010500271,0.014416982,0.02002468,0.025076615,v3qviyr3.png,0,validation
0.00035795118,0.010422303,0.00071420235,0.00065213535,0.0012550259,0.0020658954,0.0035394225,0.005618498,0.008925027,0.011900453,0.016705615,0.02450425,0.033583194,v3siea5t.png,0,validation
0.00031299295,0.009468076,0.00075165695,0.0006394714,0.0011343176,0.0018991284,0.003303759,0.005264098,0.008049703,0.010469804,0.014136168,0.019312397,0.023820307,v501evgv.png,0,validation
0.00028523858,0.009147641,0.0006715906,0.00058874366,0.0010577778,0.0017644524,0.0029757172,0.004487024,0.0064809835,0.008126956,0.010402616,0.013177922,0.0156772,v52qfe98.png,0,validation
0.00042016525,0.010600748,0.00080460776,0.0007249363,0.0013988964,0.0022444061,0.0038107964,0.0059999316,0.009433401,0.012592231,0.017354557,0.023991508,0.028657652,v5730s2d.png,0,validation
0.0003431224,0.00971637,0.00083529594,0.0007440639,0.0012382022,0.0020975734,0.0036626018,0.0058454955,0.009059533,0.011913937,0.016314566,0.02241749,0.029007765,v5aa7uak.png,0,validation
0.00092414644,0.013315341,0.0018559606,0.00162287,0.0027010932,0.004558007,0.008382487,0.014499933,0.024653351,0.034964662,0.05271465,0.08098739,0.100023784,v88ws7sn.png,0,validation
0.00032912573,0.009904993,0.0006721491,0.00060166203,0.0012200353,0.0020163245,0.0033895331,0.005149543,0.0076070754,0.009593944,0.012091984,0.015038295,0.01716381,v90t0vy5.png,0,validation
0.00035759108,0.009885567,0.0006927485,0.0006349211,0.0012551952,0.0020688046,0.0035780896,0.005637988,0.008856146,0.011875971,0.01636458,0.022035394,0.025966434,v981r02z.png,0,validation
0.00032078088,0.009722532,0.00071464333,0.0006311145,0.0011924477,0.0020124863,0.0034491166,0.005375359,0.0080409935,0.010400518,0.013837593,0.018407075,0.021888811,v9b7ron1.png,0,validation
0.00033566495,0.009902562,0.00084131054,0.00066226604,0.001165242,0.0019031873,0.0032634065,0.005191555,0.00807896,0.010720283,0.01459282,0.019853532,0.024270449,vamyirs2.png,0,validation
0.00044603975,0.010562716,0.0008337885,0.00082098745,0.0014837642,0.0024704624,0.004372254,0.007190896,0.011833744,0.016089981,0.022535264,0.03182464,0.039863575,varjcosa.png,0,validation
0.00033221472,0.009455032,0.0007919899,0.0007347821,0.0012296158,0.002059792,0.0036100517,0.0056867963,0.00855978,0.011044245,0.014443356,0.018963281,0.022624023,vcg8mel6.png,0,validation
0.00031485638,0.009241924,0.00084628386,0.00069678435,0.0011329983,0.0018856527,0.0032213333,0.004962136,0.007524904,0.009878411,0.013520202,0.019197026,0.023663132,vd0g6fvm.png,0,validation
0.00034872437,0.009716811,0.00088284427,0.00076721626,0.0012452379,0.0021024144,0.0036969155,0.006039335,0.009904803,0.013336135,0.01859835,0.026027674,0.034074627,ve7kwzar.png,0,validation
0.00035560157,0.009758686,0.0011058258,0.0008078804,0.0012632846,0.002112088,0.0036534767,0.0057049813,0.008907388,0.011960536,0.016780894,0.02447244,0.031888407,vesmpr6c.png,0,validation
0.00030249392,0.009318282,0.00077360665,0.00061349804,0.0011079081,0.0018475517,0.003145356,0.0048552244,0.0074274456,0.00965276,0.012965956,0.01745644,0.021665726,vf8ev06b.png,0,validation
0.00033711566,0.009543483,0.00082762504,0.000745519,0.0012529368,0.0021021478,0.0035788189,0.0053896527,0.007900151,0.010286784,0.013998028,0.01934566,0.024162615,vfgtyc0o.png,0,validation
0.00036379677,0.010080333,0.000769213,0.0006406463,0.001289284,0.0021138596,0.0035868527,0.005606744,0.008439225,0.010903246,0.01435718,0.01901194,0.022816448,vfh3npbd.png,0,validation
0.000297187,0.009167477,0.0007457347,0.0006141392,0.0011031518,0.0018340176,0.0030667,0.0046020923,0.0066715754,0.008452079,0.010949617,0.014293467,0.016911203,vgckh7z3.png,0,validation
0.00035841047,0.009586294,0.0010182508,0.0008337693,0.0013133248,0.0022136043,0.0037984166,0.005873317,0.008947615,0.011796536,0.016013373,0.022400271,0.029033458,vgzhci8b.png,0,validation
0.00038044128,0.010359981,0.0008096406,0.0006676689,0.0013411851,0.0022361514,0.0038596191,0.0059974515,0.009176662,0.0120271975,0.016190961,0.021794014,0.026303597,vhmgy24a.png,0,validation
0.00035675702,0.010158254,0.0007384342,0.00063697883,0.0012539321,0.0020688765,0.0035093313,0.005460212,0.008383811,0.010985686,0.0149508575,0.020449447,0.024075855,vhoxnyva.png,0,validation
0.00032487258,0.009485549,0.00088280975,0.0007167693,0.0011757726,0.0019678408,0.003363247,0.005098428,0.0075607286,0.009745739,0.012877791,0.017186204,0.020535596,vhwd8hg3.png,0,validation
0.0009918752,0.013557636,0.0020683159,0.001776983,0.0028080167,0.0046835747,0.008546113,0.014742841,0.02531364,0.036075436,0.05490339,0.08488947,0.10504781,vhx0l7ro.png,0,validation
0.00054114964,0.010805167,0.00206305,0.0010927558,0.0018950568,0.0029853184,0.005005596,0.00784255,0.012505835,0.017106464,0.024445595,0.034639873,0.04321076,vhygqzt3.png,0,validation
0.00035545847,0.009899665,0.00072754605,0.0006563198,0.001254357,0.0021031583,0.0036770005,0.005905238,0.00913053,0.0121878525,0.016764956,0.02287435,0.028291168,vih8mxq2.png,0,validation
0.00028265995,0.009194695,0.00067254057,0.0005521572,0.0010448117,0.0017470547,0.0029309995,0.0043431567,0.006140709,0.0076932237,0.009905059,0.012632058,0.014611003,vj40y52y.png,0,validation
0.00045599294,0.010458189,0.001307069,0.00085179246,0.001610352,0.0025868267,0.004390846,0.006925266,0.011022149,0.015160766,0.021898359,0.031616174,0.038111534,vln7wfmu.png,0,validation
0.00033430354,0.009777083,0.0007454943,0.0005620292,0.0011878406,0.0019620787,0.0033526537,0.0051793526,0.0077525396,0.010118187,0.013647558,0.018201288,0.02074255,vm3by4ii.png,0,validation
0.00031599787,0.0095754005,0.00074952637,0.00058699684,0.0011412272,0.0018909553,0.0032772692,0.005170435,0.0079280455,0.010347933,0.013631864,0.017957702,0.021773783,vmb9ize2.png,0,validation
0.00034476208,0.009647074,0.0008567262,0.0007815482,0.0012618237,0.0021021818,0.0035656444,0.0055217086,0.008331751,0.010798642,0.01434509,0.019093303,0.023861643,vmlwbyse.png,0,validation
0.00028726566,0.009177553,0.0006592402,0.0005755879,0.0010629428,0.0017644453,0.0029557215,0.0044651814,0.006531558,0.008270038,0.010714437,0.013742502,0.01655695,vmqybxpf.png,0,validation
0.0003217803,0.009685392,0.00072336505,0.0005936248,0.0011744713,0.0019308751,0.0032156114,0.0048733572,0.0071252706,0.009011252,0.011658241,0.0149585325,0.017590811,vmt09f0g.png,0,validation
0.00037710665,0.010752394,0.0007442559,0.00070029317,0.0012936713,0.002109234,0.0035145576,0.0053231088,0.007962452,0.010259151,0.0132857235,0.01711437,0.020166544,vney5f48.png,0,validation
0.00031667567,0.009471934,0.0007343121,0.0006550176,0.001161374,0.0019544605,0.0033914754,0.00526394,0.007895829,0.010385389,0.013898709,0.01854318,0.022916822,vnybokmy.png,0,validation
0.00028558171,0.009287887,0.00067291653,0.0005536846,0.0010540701,0.0017536326,0.0029506313,0.0044253757,0.006442859,0.008128783,0.010564447,0.013723009,0.016063962,vocsqou9.png,0,validation
0.0002751458,0.008997173,0.00070525776,0.0005459054,0.0009965432,0.0016465051,0.0027849942,0.0042560324,0.006252475,0.0079596285,0.010239061,0.0130558945,0.015210956,vp6b42b9.png,0,validation
0.0003007162,0.009125697,0.00074670266,0.0006492882,0.0011016752,0.0018639289,0.003312135,0.005225126,0.00790728,0.0102576595,0.013701329,0.018499153,0.023143394,vpcs2uf9.png,0,validation
0.00044181352,0.01103771,0.0010703298,0.00085705164,0.0015094926,0.0025427996,0.004511412,0.0073192194,0.011473573,0.01535433,0.021273421,0.029746488,0.037391342,vpfc7c09.png,0,validation
0.00034332866,0.009960795,0.00073773356,0.00058898394,0.0011831825,0.0019574757,0.0034272536,0.005462884,0.008569656,0.011417364,0.015529758,0.02118966,0.025104359,vppduao5.png,0,validation
0.00030668455,0.009290342,0.0007150091,0.000627487,0.0011242322,0.0018953558,0.003283712,0.005137911,0.007840256,0.010380794,0.0143983755,0.019863034,0.024767214,vpxyalwc.png,0,validation
0.000273752,0.0090174945,0.0005818483,0.00052778324,0.0009931328,0.0016409878,0.0027471022,0.0041716318,0.006197625,0.008038095,0.010768262,0.01448782,0.017651502,vq4rkp3w.png,0,validation
0.00048475197,0.010776431,0.0013140325,0.0008822905,0.0016764262,0.0026778963,0.0045262706,0.007138619,0.011288601,0.015105811,0.021281822,0.02996957,0.03690523,vqyn84j5.png,0,validation
0.0002937891,0.009248597,0.0006847373,0.0005873539,0.0010691682,0.0017648061,0.0029734392,0.0045471685,0.0067930515,0.008690131,0.011527169,0.015405786,0.018955963,vr2bkqg7.png,0,validation
0.00038093975,0.010293982,0.0007575753,0.0006158902,0.0013498709,0.0022427046,0.00388433,0.006190425,0.009644544,0.013041322,0.018761141,0.027327625,0.03514911,vscaff2x.png,0,validation
0.00035914395,0.010074579,0.0008256553,0.00065210275,0.0013201495,0.002188093,0.0036882667,0.005661529,0.008553604,0.011214691,0.0153059,0.02098922,0.024644691,vsg9h14x.png,0,validation
0.00029879334,0.009069053,0.0007268714,0.0006334306,0.0011124379,0.0018750641,0.003263071,0.005194936,0.008163262,0.010931338,0.015405168,0.022484541,0.030383838,vsn5srki.png,0,validation
0.0003454001,0.009790948,0.0008457157,0.00073652057,0.0012315102,0.002058367,0.003609613,0.005863925,0.0091005545,0.012073801,0.016833963,0.023624333,0.030776562,vt9u6n0r.png,0,validation
0.00031667115,0.009367687,0.0007252751,0.0006709019,0.0011695741,0.001983433,0.0034925113,0.0055614007,0.008333745,0.010871766,0.014898956,0.020726144,0.026536193,vtk2l787.png,0,validation
0.0003917945,0.010466063,0.0007258934,0.0006592923,0.0013282683,0.0021857936,0.0037519853,0.005993867,0.009624822,0.013169785,0.018774457,0.026326828,0.03129185,vvrm1tpk.png,0,validation
0.0003415117,0.009885894,0.000853543,0.0006899791,0.0012844404,0.0021750785,0.0037274444,0.0058413525,0.009170196,0.01251379,0.01831161,0.028083524,0.0383149,vvttcox7.png,0,validation
0.00031212342,0.009591682,0.0007075045,0.000576731,0.0011347877,0.0018798719,0.0031892175,0.004881423,0.0072888285,0.009326021,0.012357031,0.01644633,0.019945916,vvun5fek.png,0,validation
0.0003137768,0.009521505,0.0007439209,0.0006319832,0.0011465861,0.0019235023,0.0033085025,0.0051636663,0.00789539,0.010438246,0.014110264,0.018982157,0.023557384,vw6o1t6a.png,0,validation
0.0002935733,0.008918384,0.0006034345,0.000564624,0.0010882993,0.0018461144,0.0032656,0.005275643,0.008231184,0.010747319,0.014333923,0.018452339,0.022797532,vwlq6exn.png,0,validation
0.00031913878,0.009634242,0.00073150796,0.0006532828,0.001182283,0.001966648,0.0033310303,0.0050208266,0.007415482,0.009537384,0.012455897,0.015980212,0.018904047,vwnh83fi.png,0,validation
0.00036678844,0.010352182,0.00086921494,0.0006962337,0.0012483122,0.0020610734,0.0035367417,0.0055944985,0.008626274,0.011562675,0.016022792,0.022131665,0.02836431,vwpewb6s.png,0,validation
0.0002979808,0.009202834,0.0007030077,0.0006059241,0.0010873749,0.0018183887,0.0030817362,0.004750407,0.007154865,0.009265597,0.012457295,0.017112855,0.021345444,vx3gehle.png,0,validation
0.0003281097,0.009896727,0.000712111,0.0006765565,0.0011545192,0.0019011892,0.003216405,0.004981452,0.0075017456,0.009686258,0.012665375,0.016505582,0.019861007,vy0an88j.png,0,validation
0.00035679218,0.009992041,0.00072281755,0.0006062507,0.0012753962,0.0021244204,0.0036518127,0.0056841844,0.009035011,0.012396203,0.018091852,0.027316988,0.036376487,vy39me6u.png,0,validation
0.0005266049,0.010788122,0.0019026746,0.0010796866,0.0018269301,0.0028836138,0.004819843,0.007523044,0.011792346,0.016119402,0.023023741,0.032269917,0.039636273,vyprplqy.png,0,validation
0.00036483924,0.009817979,0.0009683001,0.00079958374,0.0012965631,0.0022200574,0.004010354,0.0067050783,0.010924634,0.014897217,0.02147661,0.031784922,0.043718733,vywvoj3r.png,0,validation
0.0003991627,0.010426227,0.00077343645,0.0006996815,0.0014269545,0.0023257248,0.0039013105,0.005979684,0.009055915,0.011846168,0.016050521,0.021603405,0.025402123,vz80kbme.png,0,validation
0.00031678364,0.009696762,0.0006983516,0.0005689193,0.0011380485,0.0018774574,0.00321308,0.0049553597,0.007342438,0.00931405,0.011942443,0.014947057,0.016828774,w05itjlp.png,0,validation
0.00042867483,0.010374518,0.0008998449,0.00074892055,0.0015004469,0.0024501625,0.004218923,0.0067596463,0.010974915,0.0150759965,0.021829674,0.03136732,0.037567046,w0jo9w99.png,0,validation
0.00032620103,0.009870705,0.00074145984,0.00059986603,0.0011938534,0.001977279,0.0033394042,0.0050929543,0.007590389,0.009687172,0.012699652,0.016605949,0.020037454,w1cb968z.png,0,validation
0.0005003867,0.010831566,0.0013492225,0.0008926449,0.0017073029,0.0028747898,0.0051158513,0.00861926,0.014978397,0.021744236,0.033886943,0.05520308,0.07921103,w2ask2lz.png,0,validation
0.00036988474,0.0098935645,0.0010495993,0.000817531,0.0013332831,0.0022838986,0.004100789,0.0068460936,0.011014904,0.015017504,0.021679189,0.03144729,0.042334232,w3bq8zga.png,0,validation
0.00029900292,0.009101315,0.00064618664,0.0006150397,0.0011085005,0.0018636256,0.003221294,0.0050499947,0.0076370183,0.0100387465,0.013524741,0.018277436,0.022958262,w3ccnur9.png,0,validation
0.0003444384,0.010075686,0.00075721025,0.0006262898,0.001254271,0.0020765301,0.0034560093,0.005170471,0.0075148856,0.009543009,0.012466455,0.016176015,0.018979436,w4n3ajtb.png,0,validation
0.00030467083,0.009096132,0.00072797807,0.0006274944,0.0011230657,0.0019010972,0.0032714293,0.00504384,0.0074688834,0.009620724,0.012475873,0.015766308,0.01840686,w5drhlm2.png,0,validation
0.00030051905,0.009273319,0.000727129,0.0006077194,0.0011126027,0.0018501987,0.0031070323,0.0047135106,0.007072911,0.009139311,0.0118200425,0.014820505,0.017145867,w5hfa2qb.png,0,validation
0.00029220048,0.009246125,0.00065341964,0.0005809286,0.001070649,0.0017778544,0.0030388033,0.0047845542,0.0076019987,0.0100979265,0.01389747,0.01897971,0.02315959,w5pr0qxe.png,0,validation
0.0003669898,0.009935773,0.0008218248,0.00068421336,0.0012643893,0.00207395,0.0035453094,0.005486596,0.0083277235,0.010836057,0.014344927,0.018734667,0.02144581,w6hqlpqt.png,0,validation
0.0004005405,0.010366755,0.00076873443,0.0006938849,0.0013768546,0.0022557632,0.003807449,0.005940601,0.009189429,0.01202073,0.01625858,0.022005366,0.025784846,w6kh7crx.png,0,validation
0.00028678685,0.0091274455,0.00074544246,0.0005861433,0.001048399,0.0017403389,0.0028967639,0.0043302802,0.006395436,0.008271056,0.010977526,0.0145934615,0.01786317,w7xdvn6t.png,0,validation
0.0002930637,0.009228116,0.0007098193,0.0005769916,0.0010824994,0.0018040108,0.003023093,0.004519313,0.006602436,0.008466545,0.0112062795,0.014956012,0.018015238,w8kd19rb.png,0,validation
0.00028750533,0.009236311,0.00066050055,0.0005762722,0.0010392226,0.0017262853,0.0029603879,0.004600301,0.00674751,0.008464787,0.010928096,0.013955414,0.01613024,w9hx6i62.png,0,validation
0.00031219856,0.009688878,0.00067996717,0.00058084587,0.0011482651,0.0019059479,0.0031895626,0.0048390166,0.007160791,0.009129621,0.011927894,0.015549111,0.018504528,wab9jh2w.png,0,validation
0.00029449072,0.0093146,0.0007369024,0.00058592716,0.0010999839,0.0018497042,0.00312928,0.004707594,0.006786214,0.008503632,0.010958025,0.014095113,0.0165527,wahdo61x.png,0,validation
0.00031752465,0.009740076,0.0006841242,0.000596514,0.0011676897,0.0019241495,0.0032120165,0.004894618,0.007392311,0.009624213,0.012846617,0.016868891,0.02073741,wajvwdpg.png,0,validation
0.0002984095,0.009075678,0.00069445476,0.0006328531,0.0010974364,0.0018577138,0.0032573051,0.005130964,0.0077178357,0.010125252,0.013919198,0.019735439,0.025812265,wakfsue5.png,0,validation
0.00040468018,0.010369524,0.00069194543,0.000650935,0.0014380007,0.00238721,0.004153016,0.006746822,0.01077075,0.014812631,0.021800384,0.032803614,0.040704396,wc6llcez.png,0,validation
0.0004026887,0.010299829,0.0007666704,0.0006821085,0.0013732949,0.002248024,0.003877159,0.0061406316,0.009631135,0.013050292,0.01804653,0.024705203,0.029699225,wcmt77hv.png,0,validation
0.0003269479,0.009363989,0.00081155513,0.00071718794,0.0011990888,0.0020384467,0.0036218106,0.005877515,0.0089838905,0.011826815,0.016442608,0.022546614,0.029084252,wcy92o87.png,0,validation
0.00030624185,0.009285206,0.0007223079,0.0006402175,0.0011438032,0.0019372555,0.0033747307,0.005295952,0.008140264,0.010745952,0.0147345215,0.020367227,0.02502739,wd1d1le9.png,0,validation
0.0005771959,0.010815605,0.0023489024,0.0012370223,0.0020271027,0.0032183412,0.005504869,0.008933301,0.014790986,0.020581307,0.029880121,0.042802066,0.05534934,wddwhpoo.png,0,validation
0.00028092752,0.009050836,0.00065570336,0.00055665395,0.001040809,0.0017496975,0.00302697,0.004781308,0.0072781513,0.009456756,0.012655088,0.016987372,0.020594638,werx6tp9.png,0,validation
0.0003375842,0.009852359,0.00068329496,0.0006028142,0.0011867291,0.0019421858,0.0032847226,0.0049813166,0.0074593793,0.009516892,0.0123024415,0.015640652,0.017821308,wfmssovw.png,0,validation
0.00049587287,0.010511448,0.0015338555,0.0011182121,0.0015743911,0.0025934018,0.00453667,0.0073722997,0.011907308,0.016542174,0.023959432,0.0350871,0.04602598,wfs4ebma.png,0,validation
0.00039125266,0.010207081,0.00083126425,0.00072726485,0.0013717237,0.002257766,0.0038105273,0.0058210855,0.008687059,0.01131685,0.0153448945,0.02043232,0.024066217,wga1qgt6.png,0,validation
0.00036672372,0.010117926,0.000751025,0.0006332661,0.0013171716,0.0021917105,0.0037822374,0.005869024,0.008983681,0.011709001,0.015701171,0.020686101,0.024512522,wgnotc87.png,0,validation
0.0002693666,0.008867336,0.00060527696,0.0005437708,0.000979531,0.0016342851,0.0028322092,0.004459122,0.006808172,0.0088963965,0.011929396,0.015963681,0.019765932,who3u56k.png,0,validation
0.00036509187,0.010383393,0.0007629013,0.0006401322,0.0012857091,0.0021181528,0.0036082817,0.005656342,0.008836599,0.011679647,0.015960341,0.021827413,0.02651492,wi0i8pou.png,0,validation
0.00029948348,0.009428905,0.00066356105,0.0005305076,0.0010762574,0.0017779494,0.0030271376,0.004702088,0.00718247,0.009325305,0.012453864,0.01640577,0.019024089,wit4pwo8.png,0,validation
0.0003760136,0.010107457,0.0007535181,0.00062396034,0.0013034673,0.002200921,0.003998847,0.0067103463,0.011321783,0.015992746,0.02346595,0.034322605,0.043036096,wixy5j26.png,0,validation
0.0003111674,0.009594661,0.0007470215,0.00059634744,0.0011445687,0.0019086642,0.0032543214,0.004983002,0.007489829,0.009533124,0.0123510305,0.016296748,0.02015749,wji0qei8.png,0,validation
0.0003248002,0.009848516,0.00077652826,0.000599573,0.001212099,0.0020309112,0.0034078285,0.005089261,0.007321224,0.009112969,0.011523863,0.014523861,0.016499834,wjptywq1.png,0,validation
0.0003207914,0.009599106,0.0006698215,0.0005632069,0.0011725527,0.0019567062,0.0033525736,0.0051695863,0.007770547,0.010054255,0.013264174,0.017149562,0.019553106,wjurrk71.png,0,validation
0.0005808362,0.010067334,0.0014495696,0.0013353638,0.0017717849,0.0030125831,0.0055766758,0.009729621,0.0169513,0.024325887,0.036530014,0.05565918,0.072564356,wk1lo4p0.png,0,validation
0.00038439035,0.0102299955,0.00080226245,0.0006968916,0.0013440001,0.0022352305,0.003896459,0.0062159486,0.009822518,0.013333091,0.018711364,0.026201405,0.0322586,wky7a2uo.png,0,validation
0.00028348327,0.009205338,0.00067693385,0.0005633232,0.0010352219,0.0017301035,0.0029341376,0.004462791,0.0066556656,0.008584535,0.011146223,0.014488164,0.017489241,wlar0wh0.png,0,validation
0.0003304057,0.009706952,0.00075360626,0.0006029494,0.0011580365,0.0019298433,0.0033919807,0.00545371,0.008632447,0.01174854,0.016800858,0.02440892,0.031153407,wldy8j1u.png,0,validation
0.0004887856,0.010668343,0.0013427974,0.0008958387,0.0016757626,0.0028311226,0.0050252243,0.008362162,0.014210845,0.020567147,0.031758137,0.050618295,0.07081186,wlzzj4is.png,0,validation
0.00038659404,0.010675977,0.0008574872,0.0007231664,0.0013094138,0.0021581312,0.003747127,0.00596155,0.009122511,0.011905585,0.016052991,0.021843053,0.027211517,wmbxek0q.png,0,validation
0.00028142723,0.009221721,0.0007038169,0.00055831386,0.0010306992,0.0017094116,0.0028864439,0.004372821,0.00642852,0.008258235,0.0108192265,0.014035033,0.016433878,wmywp2po.png,0,validation
0.00043817566,0.011299288,0.0007761792,0.0007392715,0.0014159726,0.0023255968,0.004023697,0.0064131464,0.009997117,0.013374373,0.018768528,0.026695361,0.033954147,wnnhj7xv.png,0,validation
0.00036154315,0.01006768,0.00066168205,0.0006191192,0.0012447309,0.0020316811,0.0034523013,0.0053976327,0.0083738705,0.011087774,0.015393183,0.0214505,0.02509987,wo0rw65y.png,0,validation
0.00031957144,0.009407287,0.00081051193,0.0006663466,0.001210725,0.0020459527,0.0035252713,0.005467024,0.008166383,0.010482996,0.013746888,0.017808795,0.021423915,wo260lgo.png,0,validation
0.00050092133,0.010734752,0.0016281678,0.0009855399,0.0017526023,0.0027952085,0.0046540187,0.0072437366,0.011358537,0.015252094,0.02126325,0.02932554,0.03626004,wobppm7o.png,0,validation
0.00065786147,0.010652391,0.0018844919,0.0015457999,0.0020216652,0.0034629651,0.00646887,0.010931625,0.01811907,0.025379127,0.037273344,0.05544822,0.070950694,wq2nln1g.png,0,validation
0.00038910404,0.010350914,0.000747267,0.0006623254,0.0013271313,0.0021437402,0.0035834687,0.005471257,0.008295551,0.010838335,0.0145909805,0.01947395,0.022967119,wqjvm3h9.png,0,validation
0.0003270394,0.009613332,0.000764634,0.000684092,0.0011948203,0.0019970306,0.0033626559,0.005105143,0.0074879397,0.009558921,0.0126926545,0.016927827,0.02109534,wrmfdme2.png,0,validation
0.0003672572,0.010097986,0.00071666826,0.0006568453,0.0012842508,0.0020969573,0.0035769308,0.005617698,0.008707947,0.01149566,0.015617855,0.021406168,0.025644846,wrw9bb9h.png,0,validation
0.0003866146,0.010302326,0.0007413387,0.0006323101,0.001331125,0.0022000193,0.0038454533,0.006239781,0.010103211,0.013821271,0.019967487,0.029025044,0.036084447,wry3fc77.png,0,validation
0.00029111927,0.009244462,0.00069694855,0.00059389044,0.0010524817,0.0017582267,0.0030582906,0.0047931178,0.0072336933,0.009223064,0.011857929,0.01522398,0.018167572,wtw4ixfj.png,0,validation
0.00030677745,0.0096405,0.0007481601,0.0005926565,0.0011006631,0.001806182,0.003031545,0.0045279427,0.0066534462,0.008597784,0.011337915,0.01471559,0.017592164,wuaome2r.png,0,validation
0.0003435051,0.010005216,0.0007413299,0.0005886554,0.0012298087,0.0020194103,0.0033770427,0.0051657245,0.007924809,0.010504082,0.01444168,0.019845584,0.024406705,wufvpbqq.png,0,validation
0.0003254712,0.009681861,0.0007674832,0.0006979134,0.001178067,0.0019942573,0.0035177246,0.0055427826,0.008305854,0.010836211,0.014635677,0.019997887,0.025351552,wul6rl9d.png,0,validation
0.00029810535,0.009178904,0.00072719407,0.0006060483,0.0010970151,0.0018452839,0.0032071946,0.0050692996,0.008060918,0.010846184,0.014926564,0.020907428,0.027353618,wvjx8you.png,0,validation
0.00029685628,0.00926878,0.00072723685,0.0006032289,0.0010862623,0.0018277245,0.0031319722,0.004820045,0.007367456,0.009613121,0.012989532,0.017749242,0.022529714,wvlewlhh.png,0,validation
0.0003492132,0.010060693,0.0007832886,0.0006038844,0.0012874717,0.0021615473,0.0037406534,0.0058395136,0.008721078,0.011080072,0.014318132,0.018340085,0.020902338,ww6rrhe1.png,0,validation
0.00033708967,0.009878488,0.00068976666,0.00056076195,0.0012133187,0.0020096083,0.0033743123,0.0051670754,0.007826632,0.010268176,0.013963664,0.018847924,0.022235576,wwcgig0z.png,0,validation
0.0003588831,0.010013543,0.0007283296,0.0006568781,0.0012658755,0.0020984479,0.0035915242,0.0056211916,0.008830016,0.011740521,0.016373852,0.023243397,0.029204296,wwtat7cm.png,0,validation
0.00035105116,0.0099275485,0.0007091064,0.00055503595,0.0012141875,0.0020048926,0.0035221449,0.0057662292,0.009486283,0.013106388,0.019220695,0.027714094,0.033810847,wxoi3x5n.png,0,validation
0.00030881714,0.009356647,0.00081201835,0.0006462438,0.0011443862,0.0019247538,0.0032999879,0.0051709376,0.007843613,0.01032342,0.014106063,0.01983534,0.025373256,wxvuzyf6.png,0,validation
0.00032369915,0.009714639,0.0007472453,0.00062764226,0.0011683743,0.001947776,0.0033190297,0.005079779,0.0077216267,0.010188604,0.013450487,0.01775124,0.021633353,wxxg2t8t.png,0,validation
0.00049435627,0.01053321,0.0014021548,0.0010955896,0.0015709363,0.0026036592,0.0045788954,0.0074444255,0.012077717,0.016726367,0.024026688,0.035053514,0.045765772,wz98gop4.png,0,validation
0.00028180462,0.009027856,0.000698537,0.00055396237,0.0010276389,0.0017128027,0.0029245992,0.0044860034,0.006666275,0.008603441,0.01147132,0.015194847,0.01824754,wzss7zq1.png,0,validation
0.0003324049,0.00958163,0.00086091156,0.0007188137,0.0012168702,0.002049058,0.0035733585,0.0056309267,0.008880001,0.011802687,0.016497334,0.023894986,0.03026552,wzw4nbux.png,0,validation
0.0003805569,0.010305321,0.0007003806,0.0006400417,0.0013161668,0.0021609787,0.0036938866,0.0057806466,0.008882702,0.011795466,0.016220998,0.021874797,0.0255486,x0wl0dvs.png,0,validation
0.0002903279,0.0092481775,0.0006008292,0.00057421176,0.0010424816,0.0017305874,0.0029452413,0.004491692,0.00653843,0.00831444,0.010991676,0.01438768,0.01696321,x182kyb8.png,0,validation
0.00038826637,0.010278721,0.0007129658,0.0006172115,0.0013206342,0.0021657348,0.0037220397,0.005936423,0.0094808815,0.013005775,0.01906291,0.028092068,0.03485546,x1xvmeve.png,0,validation
0.000329651,0.009402064,0.0008845606,0.0007256895,0.0012128765,0.002049106,0.003589563,0.0057718246,0.009222174,0.01243498,0.017442578,0.025138304,0.033526074,x2c9cj5j.png,0,validation
0.00029572617,0.009347223,0.0006550308,0.0005987875,0.0010753453,0.0017822025,0.0030167345,0.004667793,0.0069420864,0.008895386,0.011853738,0.015949072,0.01995884,x2oz2imb.png,0,validation
0.00030486487,0.009413444,0.0006920779,0.00061698793,0.0011078883,0.0018435224,0.003128221,0.004727733,0.0068038004,0.008628053,0.011197784,0.01459085,0.017226556,x30ac9pu.png,0,validation
0.0006187582,0.01180616,0.001754022,0.0013427004,0.002193437,0.0036063683,0.006177815,0.009852263,0.016115855,0.02252725,0.033545658,0.051413037,0.06920683,x3bid6v1.png,0,validation
0.0003268374,0.009459347,0.0007672651,0.0006939696,0.0011960989,0.0020304413,0.0035889156,0.0058485093,0.009544191,0.012896973,0.01834941,0.02629524,0.034603786,x3th9gta.png,0,validation
0.00040286547,0.010325002,0.00074123114,0.000687509,0.0013882497,0.0022684713,0.0038378031,0.0058943504,0.0090430565,0.012061719,0.016799552,0.023242416,0.027683413,x4nevgtd.png,0,validation
0.00031770638,0.00946796,0.0007305382,0.00065838173,0.0011511458,0.0019524996,0.0034293658,0.00545742,0.008613803,0.011479186,0.015801815,0.022197876,0.028467644,x4urjh2o.png,0,validation
0.00034353544,0.00974775,0.00088607834,0.00073909387,0.0012251053,0.0020532652,0.0035877265,0.0057227174,0.009214424,0.012434424,0.017466465,0.025677182,0.034936965,x5130pd9.png,0,validation
0.00032960152,0.00961949,0.00088099454,0.0006947457,0.0011811737,0.0019812146,0.0034493103,0.0055512744,0.009104587,0.012193308,0.01693756,0.024244932,0.032077044,x70m93xp.png,0,validation
0.00037093117,0.010665387,0.0007691661,0.0006471944,0.0012899,0.0021549412,0.0037586517,0.006014764,0.009444977,0.012533051,0.017285805,0.023936018,0.030080477,x7n89lta.png,0,validation
0.00043259707,0.010751208,0.0007773577,0.0006854513,0.0015399618,0.0025707763,0.0045660143,0.007602536,0.01279108,0.017833196,0.026352564,0.039107963,0.048230007,x7npo213.png,0,validation
0.0003618409,0.009927877,0.0007023672,0.0006358721,0.0012793923,0.0020930942,0.0035958334,0.0057419646,0.009125897,0.012231737,0.01721275,0.024036247,0.029399283,x89t2ee5.png,0,validation
0.00032346905,0.009574272,0.0006916052,0.0006406037,0.0011767631,0.001986092,0.0035353,0.005854792,0.009692753,0.013234033,0.01892673,0.02752319,0.035941325,x8tdbvj2.png,0,validation
0.00035573676,0.010077577,0.00069842656,0.0006188934,0.0012273503,0.0020163285,0.0034030667,0.005232998,0.007922519,0.010433363,0.014429095,0.01994687,0.023818018,xa1uaus5.png,0,validation
0.0003351508,0.009565181,0.0008363619,0.0007092338,0.0011876011,0.001999667,0.0035497816,0.005790807,0.009610161,0.013183309,0.018670812,0.026520427,0.034055874,xan0jxpp.png,0,validation
0.00032429257,0.009628384,0.00079579063,0.00061285397,0.0012151132,0.0020378428,0.003504514,0.0054433616,0.008245633,0.010675099,0.014250654,0.019132992,0.023007264,xapg2z5a.png,0,validation
0.00033778735,0.009661061,0.0008506483,0.0007208498,0.0012307935,0.0020654015,0.0035543786,0.005578936,0.008584444,0.011303999,0.015323815,0.020785842,0.02595807,xb7vlj26.png,0,validation
0.0004955587,0.010784969,0.0013531947,0.0008951011,0.0017072249,0.002879898,0.0051383395,0.008664894,0.014782986,0.021221869,0.03261058,0.052499484,0.074341446,xdgzt26i.png,0,validation
0.00028767288,0.009022478,0.0006406544,0.0005939824,0.0010625217,0.0017738986,0.002987122,0.0045365985,0.0066753854,0.008481196,0.010845265,0.014138455,0.017042557,xed6awj4.png,0,validation
0.00038218888,0.010054998,0.0007109756,0.00063284213,0.0013242037,0.0021871673,0.0038212973,0.006122001,0.009746613,0.01317929,0.018929893,0.027244605,0.034440544,xejj787t.png,0,validation
0.00028830345,0.009345526,0.00066819054,0.0005673604,0.0010705705,0.0017831556,0.0030364834,0.0045907795,0.006760203,0.008616665,0.011132476,0.014157033,0.01676187,xenfrryb.png,0,validation
0.00035538466,0.010005326,0.0007117791,0.0006157774,0.0012838445,0.0021309536,0.003659019,0.005741302,0.008853292,0.01175177,0.016290667,0.022747217,0.028496083,xfordpuo.png,0,validation
0.00032113225,0.009327042,0.0007329997,0.0006563159,0.0011925553,0.0020094535,0.0034573274,0.005362874,0.008185206,0.010912783,0.015183008,0.021595696,0.027658228,xgomkdlf.png,0,validation
0.000306206,0.009471726,0.00070824294,0.000606498,0.0011065798,0.0018292299,0.0030495801,0.00455467,0.0065817046,0.008330643,0.010901028,0.013901738,0.016037714,xi5voig0.png,0,validation
0.00033403546,0.009883214,0.000766849,0.000650171,0.0011736712,0.0019623118,0.0034312208,0.0055368324,0.008739327,0.011608572,0.01595722,0.022322198,0.028618021,xl78fpya.png,0,validation
0.0003664968,0.0105886,0.00077240984,0.0006490318,0.0013045563,0.002146581,0.0036137926,0.0055387625,0.008437316,0.010856882,0.014210672,0.018627148,0.022017501,xltf7r98.png,0,validation
0.00030734696,0.009171829,0.0007221315,0.00067205564,0.0011409166,0.0018985828,0.0032654582,0.00512861,0.0077980566,0.0101406695,0.01376626,0.019185986,0.02430976,xmnnjdwb.png,0,validation
0.00034254917,0.010092156,0.000725051,0.0006720801,0.0012438725,0.0020822936,0.0035255253,0.005362886,0.0078258915,0.009825032,0.0126273455,0.016032215,0.018803062,xmxb9yo1.png,0,validation
0.00035566284,0.010265547,0.0007844755,0.00063541677,0.0012563495,0.0020706805,0.0035047967,0.0053963424,0.008334846,0.0110469125,0.015009236,0.0203,0.024394905,xn8py67y.png,0,validation
0.00040158327,0.010343248,0.0007150255,0.0006842225,0.0014000499,0.0022751705,0.0038812358,0.0061444514,0.009920208,0.013494185,0.019304419,0.027491558,0.033637293,xnjmqnch.png,0,validation
0.00035183821,0.009950903,0.0007433453,0.0006249393,0.0012371764,0.0020463618,0.0035309617,0.0056176684,0.008871396,0.0119239865,0.016455235,0.023023248,0.028052418,xo2m319u.png,0,validation
0.00031439337,0.009505723,0.0006994344,0.0006441357,0.001115223,0.0018604444,0.0032500685,0.0051706,0.00795515,0.0105269505,0.014096053,0.01847091,0.021861685,xoi41ug8.png,0,validation
0.00031862277,0.009469437,0.00076179585,0.00063100265,0.001128655,0.0018944173,0.0033280654,0.0052829925,0.008077574,0.010706555,0.014934484,0.020799031,0.026419044,xp9n56ny.png,0,validation
0.0003115962,0.009547368,0.0006850681,0.0005399322,0.0011200341,0.0018451938,0.0031023468,0.0047436766,0.007149941,0.009279195,0.012312122,0.016213221,0.018729687,xpr357c0.png,0,validation
0.00030073794,0.009093461,0.0006783459,0.0006167634,0.001069942,0.0017795467,0.0030718737,0.0048440774,0.007338341,0.009590187,0.013121197,0.017918257,0.022199355,xpsa97l6.png,0,validation
0.00038812854,0.01024219,0.0007473906,0.0006788175,0.001317894,0.0021524513,0.003621048,0.0056306077,0.008808388,0.011798241,0.01634863,0.022673117,0.027609343,xpy5j3sp.png,0,validation
0.0010879247,0.013786266,0.0024783195,0.0019491256,0.0029645602,0.00489594,0.008851278,0.0152550675,0.026342917,0.037927855,0.05817576,0.089865915,0.110720076,xq380k8b.png,0,validation
0.00033390362,0.009530502,0.0009261612,0.00072245183,0.0012013124,0.0020079429,0.0034633202,0.0054493956,0.008597861,0.01139471,0.015534669,0.021684878,0.027642492,xqg8bbci.png,0,validation
0.00047854715,0.0103767,0.0012895875,0.0010474495,0.0014902325,0.0024597254,0.0043906574,0.007323367,0.012165357,0.017063614,0.024656953,0.036470268,0.04894293,xqria5wg.png,0,validation
0.0002966307,0.009123029,0.0006749945,0.0006065672,0.0011072269,0.0018558572,0.0031667773,0.004931675,0.007529784,0.009896569,0.013531476,0.018816737,0.023258822,xs1n4i6t.png,0,validation
0.0005552332,0.011588954,0.0011703804,0.00092922436,0.00181951,0.003013628,0.0052630757,0.008647519,0.014475122,0.02044306,0.030300599,0.047276653,0.06520813,xsu6llu7.png,0,validation
0.00028215302,0.008791136,0.00065221323,0.00058287237,0.0010770287,0.001829776,0.003171611,0.0049621607,0.007448399,0.009546524,0.012360267,0.016087536,0.019575046,xsy4vy32.png,0,validation
0.000305939,0.009389757,0.00070789264,0.0006085317,0.0011573014,0.0019461691,0.0033004843,0.0050857454,0.0076172757,0.009979441,0.013692936,0.019092951,0.024163447,xt6yeyxi.png,0,validation
0.00034351376,0.009869958,0.00078289723,0.0006532546,0.0012101146,0.0019765194,0.0033287439,0.0050892606,0.007669892,0.010040943,0.013541831,0.017757535,0.02095175,xtbimlkw.png,0,validation
0.0003385927,0.009716137,0.00092686794,0.00072284596,0.001199042,0.0020120114,0.0035345943,0.0057021566,0.009233692,0.012532082,0.017596887,0.02571537,0.03401232,xv4elcfc.png,0,validation
0.00029270165,0.008963446,0.0007672749,0.00063898385,0.0010711927,0.001789705,0.003054291,0.004715945,0.0069729886,0.008949756,0.011762366,0.015406033,0.018667124,xv66sabj.png,0,validation
0.00037782907,0.010381908,0.00081109186,0.0006931587,0.0013093428,0.0021367483,0.0036127046,0.0056230426,0.008763337,0.011856567,0.016743505,0.02335307,0.02834023,xvbosgq9.png,0,validation
0.00032415817,0.009666457,0.0007537544,0.0006645772,0.0011806902,0.0019785892,0.003417359,0.005406665,0.008292046,0.010844151,0.014702851,0.02009445,0.02508099,xvh7katq.png,0,validation
0.00040637818,0.0106397625,0.001078732,0.00079333904,0.0013760312,0.0022987453,0.004081625,0.00679424,0.011126375,0.015169518,0.021821063,0.03203674,0.043140978,xvhagkc4.png,0,validation
0.00030102424,0.009297717,0.00069630134,0.0006025966,0.0011177395,0.001869759,0.0031603503,0.0047863666,0.0069898097,0.008892549,0.011566402,0.014956787,0.017653933,xvz9qlkf.png,0,validation
0.0003532185,0.010316136,0.00080177083,0.00066003826,0.0012451231,0.0020344486,0.003398767,0.0051316954,0.00760225,0.009758997,0.012673991,0.016382407,0.019044377,xwpr2mrc.png,0,validation
0.00022567302,0.00785284,0.00068654516,0.00051898486,0.00081285316,0.0013389612,0.0022474725,0.0034742204,0.005421423,0.0073818914,0.010689612,0.015960965,0.021254111,xy4g8on3.png,0,validation
0.00029804517,0.009399121,0.000670835,0.0006116344,0.0010901887,0.00180607,0.0030446833,0.004582348,0.00661947,0.008339553,0.0107501745,0.0132369455,0.015139357,xyb8z8tr.png,0,validation
0.00034928808,0.010140497,0.00071173644,0.0006619538,0.0012556221,0.0020616115,0.0034284831,0.0051420457,0.0075277956,0.009561531,0.012317806,0.01601616,0.019321468,xyghlmhr.png,0,validation
0.00028293248,0.009020313,0.0007038524,0.00057904987,0.0010315112,0.0017275547,0.002978672,0.0046143644,0.007135811,0.009491073,0.012833013,0.017488124,0.021772178,xykcipp2.png,0,validation
0.00031705928,0.009677421,0.0007314517,0.0006451963,0.0011457744,0.0018934511,0.003178852,0.0048070457,0.007121108,0.009112824,0.01190126,0.015748458,0.019269265,xz4osu2m.png,0,validation
0.00030883437,0.009376433,0.00069420796,0.00063972693,0.0011115628,0.0018398265,0.0030856333,0.004730916,0.007052319,0.009157122,0.012541818,0.017537383,0.022932027,xz6uk18f.png,0,validation
0.0002753648,0.009159655,0.0006536173,0.0005476467,0.0009894837,0.0016285495,0.0027295544,0.004129786,0.006105036,0.007858512,0.010451292,0.013972491,0.01667734,xzb63v1v.png,0,validation
0.00031041593,0.009415589,0.00069669896,0.00060414575,0.0011441639,0.001927242,0.0033708496,0.005458235,0.008725788,0.011667065,0.016144821,0.022988962,0.029489111,xzwl9pqr.png,0,validation
0.00036269036,0.009824538,0.0009516753,0.0007869105,0.0013082025,0.002238305,0.004056436,0.0067770276,0.01110071,0.015200664,0.022009185,0.03303269,0.04575523,y1ajvmmo.png,0,validation
0.00032492084,0.00956861,0.0008237229,0.00066052936,0.0011882563,0.002011148,0.0035506925,0.0057349326,0.009169783,0.012462766,0.017599035,0.025374368,0.032500297,y1iuafyf.png,0,validation
0.00035452927,0.009977186,0.0007387242,0.00059795025,0.0012769115,0.0021222404,0.0036496413,0.0057822415,0.009153616,0.012319582,0.017337937,0.025298746,0.034141928,y23f2tct.png,0,validation
0.00047566587,0.010620669,0.0013098168,0.00086771185,0.0016063884,0.0026863199,0.00474035,0.007912755,0.013605059,0.019610902,0.030233536,0.048219565,0.06772508,y28tkjwj.png,0,validation
0.00038847647,0.010490122,0.0008043224,0.0007274109,0.0013206499,0.0022316412,0.004044346,0.0067602783,0.010745929,0.014345743,0.020014057,0.028313125,0.036937125,y2taynrb.png,0,validation
0.00034139783,0.010070032,0.00074893725,0.0006053788,0.0012572961,0.0020891507,0.0035163395,0.005390073,0.008005646,0.01014364,0.013160019,0.01706099,0.020474017,y57im25q.png,0,validation
0.0003292207,0.009821033,0.00072837627,0.00061074324,0.0012258611,0.002045284,0.003454181,0.00521961,0.007617757,0.009635727,0.012632337,0.01709452,0.02199595,y66h4krq.png,0,validation
0.00035693502,0.0095875515,0.0010242446,0.00076882757,0.0012947826,0.002223198,0.0040282533,0.006854394,0.011374304,0.015709296,0.022863878,0.033510465,0.04547503,y75mycj5.png,0,validation
0.00053477095,0.0106475,0.0021248434,0.0011469697,0.0018649058,0.0029217901,0.004872244,0.0076482464,0.01217532,0.01664552,0.023517983,0.03268775,0.040553745,y75weaje.png,0,validation
0.00028211586,0.009209681,0.0006644269,0.0005576487,0.0010265585,0.0016994266,0.0028454727,0.004320781,0.006313771,0.00789135,0.01007446,0.012571542,0.014616377,y7e5rxrm.png,0,validation
0.0004445351,0.010494071,0.0011406105,0.00083653507,0.0015703309,0.0025322721,0.0042724404,0.006596118,0.010140933,0.013526087,0.018607143,0.025153475,0.029707488,y7lpsv0f.png,0,validation
0.00033563637,0.009266208,0.00084115367,0.0007386324,0.0012202645,0.002061265,0.0036663404,0.0061798287,0.010260452,0.014144477,0.020631436,0.030675657,0.04175038,y7n1e3sd.png,0,validation
0.00031387951,0.009584457,0.00068677554,0.0005668828,0.0011111845,0.001831936,0.0031503083,0.004931621,0.007581952,0.009941954,0.013521291,0.018375153,0.022376567,y7xt1p23.png,0,validation
0.00031305815,0.009577649,0.00063636573,0.0005349361,0.0011171341,0.001862796,0.0032709765,0.0051697423,0.007972292,0.010350627,0.013692317,0.017995844,0.020546932,y822u34h.png,0,validation
0.00029972327,0.009331976,0.0006226105,0.0006028314,0.0010913415,0.0018325059,0.0031555467,0.004922119,0.00736474,0.009520506,0.012899889,0.018057927,0.023563826,y8a6m968.png,0,validation
0.00030651985,0.009370366,0.0006187821,0.0005827741,0.0010639327,0.0017728594,0.0031063634,0.0049304143,0.0076886555,0.0101643205,0.0138680665,0.018705621,0.021639101,y8lwkhrz.png,0,validation
0.00030205576,0.009471093,0.00070790754,0.00061247824,0.0010717844,0.0017792044,0.0030584084,0.004738396,0.0071011204,0.009254479,0.012502149,0.01691112,0.020730378,y8u40qcu.png,0,validation
0.00029469797,0.009023163,0.00072639494,0.0006117669,0.0010890815,0.0018316559,0.0031123385,0.0047577703,0.007020724,0.009069541,0.0120157935,0.015815038,0.018773066,y94u1i6x.png,0,validation
0.00034198412,0.009819066,0.00078294845,0.00063566596,0.001235154,0.0020423396,0.0035362614,0.0056221494,0.008875019,0.011973046,0.016619472,0.023407297,0.03009797,y9509q1w.png,0,validation
0.00027914834,0.009025619,0.00071758317,0.00054969685,0.0010154506,0.0016860558,0.0028560737,0.004403012,0.006577486,0.008489047,0.011428349,0.015465378,0.018851401,y9a146ya.png,0,validation
0.00036846238,0.010024062,0.00069612823,0.0006089683,0.0012958683,0.002142865,0.0037441538,0.005969086,0.009185438,0.012263347,0.01731089,0.024897316,0.029691456,ya1jussh.png,0,validation
0.00028096884,0.009095683,0.0006677624,0.0005531974,0.0010418388,0.00175466,0.0030432963,0.004757923,0.0072866944,0.0095053455,0.012815225,0.017294174,0.021012746,yasyinpf.png,0,validation
0.00027924072,0.009142262,0.0006669404,0.0005496799,0.0010321068,0.0017412002,0.002977984,0.004511149,0.006514064,0.008281263,0.010524745,0.013127285,0.0154288225,ybj7soyg.png,0,validation
0.00033275146,0.009534338,0.0007379688,0.000701983,0.0012323287,0.0020641612,0.0035422044,0.0054688347,0.008144576,0.010387215,0.013681962,0.018311244,0.022459527,ybkhtab9.png,0,validation
0.00030043794,0.009332555,0.0006832171,0.0006177916,0.0010782875,0.0017686747,0.0029866686,0.0045937113,0.006883239,0.008983703,0.012282431,0.016852316,0.021306086,ybo1y97j.png,0,validation
0.000331039,0.009315225,0.0009740772,0.0007255119,0.001205003,0.0020444712,0.0036479305,0.005908115,0.009227428,0.012378559,0.01746565,0.02512825,0.033118017,ybobpy1r.png,0,validation
0.00038093075,0.01032759,0.0008095343,0.00070667453,0.0012901088,0.0021287452,0.0036907569,0.005877325,0.009227094,0.0125005795,0.017406166,0.023833426,0.028212104,yd2zop5j.png,0,validation
0.00095100293,0.01339461,0.0020358001,0.0016955286,0.0027517178,0.004629785,0.008489159,0.014586112,0.024819452,0.035312288,0.05336027,0.08236273,0.10260358,yd79gjxo.png,0,validation
0.00047751082,0.010678436,0.0012981518,0.0008866228,0.0016453089,0.002795463,0.005056585,0.008510042,0.0149085745,0.021813728,0.033970457,0.055129368,0.07857947,yde89vvn.png,0,validation
0.0003753442,0.009874158,0.0009819506,0.0007342254,0.0012872973,0.0020899528,0.0035864306,0.0056096353,0.008667958,0.011537779,0.015884502,0.021336006,0.026024176,ydeij3ou.png,0,validation
0.00035269101,0.009946966,0.00069499057,0.0005780046,0.0012349852,0.0020417508,0.0035762696,0.0057183146,0.009138163,0.012398649,0.017504813,0.024949549,0.031313274,ye5ob05f.png,0,validation
0.00032892637,0.00960364,0.0009062597,0.0007076941,0.0011858344,0.0019764511,0.0034121317,0.005392364,0.008464586,0.011233241,0.014851564,0.019506948,0.02357761,ye8qr746.png,0,validation
0.00037701256,0.010326048,0.000720152,0.00062038115,0.0013085474,0.002176104,0.0038278666,0.0061658183,0.009863358,0.013497207,0.019668393,0.029391624,0.03769945,yegz54db.png,0,validation
0.0004679383,0.010556969,0.0014070502,0.00091957673,0.001638207,0.0025991327,0.004343448,0.006709211,0.010363888,0.013785464,0.019116106,0.026101982,0.031796426,yf9jknxm.png,0,validation
0.00035170306,0.010048607,0.00074624683,0.0006217724,0.0012732059,0.0021233687,0.0037058045,0.0059800427,0.009667961,0.013273701,0.018508447,0.025469955,0.030621978,yfr1gz6f.png,0,validation
0.00045107384,0.010670215,0.0013209436,0.0008625931,0.0015399696,0.0024536035,0.0041164123,0.006507753,0.010442974,0.014193238,0.020247476,0.028289577,0.03394414,yfy9afa3.png,0,validation
0.00033269956,0.0097253295,0.0007507572,0.0006457836,0.0011717081,0.0019505117,0.003361556,0.005180174,0.007756832,0.010170316,0.013698763,0.018257871,0.021098541,ygl1whka.png,0,validation
0.00031821354,0.009602318,0.00070162665,0.00057998206,0.0011976091,0.0020014776,0.0033637856,0.005155973,0.007825671,0.010194779,0.013855356,0.01925643,0.02402569,ygp2zesl.png,0,validation
0.00031674694,0.009277978,0.00076960115,0.0006741248,0.001134813,0.0019293166,0.0034541409,0.005701899,0.009248369,0.012377152,0.017274065,0.024352556,0.03229815,ygs0ge5e.png,0,validation
0.0003692543,0.009905223,0.0009882769,0.00081411534,0.0013197666,0.0021844956,0.003721798,0.005767194,0.008683791,0.011314238,0.01516787,0.0208645,0.025654297,ygxskprc.png,0,validation
0.00033985422,0.009622832,0.0008216282,0.00073696737,0.0012095901,0.00204434,0.0036484986,0.0060021025,0.0098123485,0.013237033,0.018935988,0.028155433,0.03853129,yh2enaoz.png,0,validation
0.00034512614,0.009913469,0.0006924556,0.0006053797,0.0012053439,0.0019664348,0.0033727987,0.0053672194,0.008486076,0.011437857,0.016012326,0.022186197,0.026579104,yhr48tvy.png,0,validation
0.00032656503,0.009818381,0.0006949264,0.0006349631,0.0011878957,0.00201257,0.0035537062,0.0057561374,0.009092592,0.01238177,0.018011421,0.026904004,0.03628552,yiej9c0u.png,0,validation
0.00030697533,0.009272208,0.0006865123,0.00062442804,0.0011084091,0.0018590541,0.0032545745,0.005167578,0.007977202,0.010527112,0.014475461,0.020141846,0.026310718,yj38xrg2.png,0,validation
0.0002761392,0.009065209,0.00064880407,0.00055739493,0.0010007292,0.0016588174,0.0028160135,0.0043372395,0.0064413315,0.008201172,0.01069612,0.013959215,0.016341044,yj3ct5q5.png,0,validation
0.00033438686,0.009890839,0.0007402746,0.0006078211,0.0012199483,0.0020444538,0.0034902317,0.005372532,0.008087989,0.010457455,0.014051648,0.019294687,0.023748487,yjshalq5.png,0,validation
0.0010599963,0.014277935,0.0024527714,0.001959318,0.0028942637,0.004765584,0.008552386,0.014770733,0.025694856,0.037443157,0.05819848,0.09213948,0.116290875,yjv601s9.png,0,validation
0.00030617675,0.009327265,0.00077035313,0.00061524904,0.0011257636,0.0019043208,0.003312942,0.005251928,0.008418855,0.0114765735,0.015947135,0.022036793,0.027968695,yk015zov.png,0,validation
0.00029054968,0.009137776,0.0006807797,0.000573304,0.0010783483,0.0018294756,0.0032190203,0.0050351326,0.0076000066,0.0097653335,0.012563872,0.015953416,0.018557852,yk0ut398.png,0,validation
0.0003523901,0.009879117,0.00082469237,0.00075959956,0.001284806,0.0021472361,0.0036893764,0.0057264464,0.008606616,0.011269536,0.015441137,0.021740125,0.027547585,yk7pktnk.png,0,validation
0.00032491537,0.00963408,0.0008168211,0.000662591,0.0011979667,0.0020133525,0.0034570834,0.005410364,0.008167768,0.010676202,0.014306684,0.019227227,0.023469089,ykgja984.png,0,validation
0.00030947477,0.009567147,0.0007295123,0.0006215929,0.0011244551,0.0018925029,0.003281599,0.0052063395,0.008122697,0.010851294,0.015308093,0.022334646,0.02950845,ykgtaqrf.png,0,validation
0.00033532546,0.0098589305,0.00080365274,0.00062782783,0.0012338392,0.0020519637,0.00347894,0.0053181727,0.008044876,0.010446519,0.013940868,0.019105714,0.023815652,yky30mee.png,0,validation
0.00039953095,0.010503041,0.00082700036,0.00069417455,0.0013337496,0.0021844702,0.003772109,0.0060765883,0.009536331,0.012611705,0.017343009,0.023720719,0.027872553,ykym5y3f.png,0,validation
0.00036538424,0.010040479,0.00068124273,0.00061485363,0.0013142554,0.0021546031,0.003587632,0.005472392,0.008203948,0.010651669,0.014186682,0.018568194,0.02083782,ym8bslt5.png,0,validation
0.00035116466,0.009937525,0.000695842,0.0005845074,0.001260167,0.0021154159,0.0036998685,0.005915785,0.009320095,0.0124566965,0.017344585,0.024096165,0.029054804,ymbfasve.png,0,validation
0.0003145394,0.009308899,0.0007748992,0.00067080656,0.0011474014,0.001900206,0.0032018088,0.004837211,0.007160529,0.00935068,0.012844767,0.018026514,0.02360792,ymbmpfnj.png,0,validation
0.00034107367,0.009919895,0.0006963317,0.0005872413,0.0011984715,0.0019716274,0.0034248773,0.005493641,0.0087046195,0.011653239,0.015929999,0.021412544,0.025493503,ymopnqr9.png,0,validation
0.00029470405,0.009391118,0.00072158064,0.0005763622,0.0011076315,0.0018692652,0.0031958767,0.00490842,0.007351903,0.009434973,0.012511773,0.016940827,0.021171322,ynuwpkn6.png,0,validation
0.00033601228,0.00975549,0.0006571145,0.0005483725,0.0011913712,0.0019626608,0.003349339,0.0052114013,0.008019487,0.010675258,0.014899506,0.0207835,0.025842622,yo739qak.png,0,validation
0.00031948093,0.00934631,0.000799321,0.0006680018,0.0011551044,0.0019142585,0.0032790883,0.0051445127,0.0078449175,0.010359109,0.014160187,0.019465167,0.024359277,yo8pb69u.png,0,validation
0.0003519566,0.009623934,0.0009506516,0.0007800002,0.0012913847,0.0021978929,0.0039294893,0.006490571,0.010147212,0.013663461,0.019591374,0.027852282,0.03717789,yo9fi6wf.png,0,validation
0.00031776796,0.009304933,0.00079669966,0.000671872,0.001163848,0.0019541348,0.0034385188,0.0055226423,0.008509116,0.011043358,0.014899316,0.020167582,0.02536359,yodux5x6.png,0,validation
0.00032941386,0.0097030625,0.0007286285,0.00056051865,0.0011565,0.0019196469,0.0033507026,0.0053562867,0.00826641,0.010831999,0.01449296,0.019144969,0.022374121,yoef4k2m.png,0,validation
0.00033392652,0.009840519,0.00074934267,0.0006188031,0.0012252661,0.0020284825,0.0034471042,0.005306101,0.007981473,0.010029046,0.012886252,0.017006379,0.02079365,yplyt7iw.png,0,validation
0.0002864746,0.009211808,0.00059405953,0.0005524862,0.0010173093,0.0016908501,0.002927826,0.004592885,0.0068689752,0.008805324,0.01174576,0.015880283,0.019450732,yq8qds4z.png,0,validation
0.00035029033,0.009943191,0.00067409215,0.0005859148,0.0012604161,0.002103398,0.0036609713,0.005750716,0.008650656,0.0112767005,0.015337919,0.020666178,0.024552945,yqhb5323.png,0,validation
0.00059459143,0.0109323105,0.0024741197,0.0012724334,0.0020547512,0.003214795,0.005386729,0.008513341,0.013693595,0.01894853,0.027448155,0.03929462,0.05004076,yqlejp8f.png,0,validation
0.00035205972,0.009672724,0.0009324181,0.000777246,0.0012526463,0.0021222066,0.0037823117,0.0062787454,0.010171011,0.013810493,0.019735955,0.028003765,0.036892176,yqy5qaix.png,0,validation
0.00039264755,0.0103295315,0.0007824091,0.00066647585,0.0013915595,0.0023345498,0.004102835,0.0066568023,0.010784856,0.014713039,0.020548195,0.029268272,0.03642879,yr9vnidr.png,0,validation
0.00028160706,0.009141118,0.00065528305,0.0005578836,0.0010342236,0.0017267442,0.0029351865,0.004461633,0.0065178983,0.00837423,0.011323047,0.015173345,0.018761756,yrw6owh8.png,0,validation
0.00036855266,0.010467221,0.0007825923,0.00071287825,0.0012894305,0.0021659387,0.0037981435,0.006073334,0.009264841,0.012265391,0.016899776,0.02339053,0.029507147,yt91qe37.png,0,validation
0.0008871464,0.013605515,0.001519027,0.0014281902,0.00258163,0.0042928476,0.007722282,0.013050946,0.021787344,0.030728022,0.045760226,0.06847509,0.08264476,ytnu7o2v.png,0,validation
0.00044072402,0.010836425,0.00083473633,0.0007378168,0.0014628579,0.0023932715,0.004145842,0.006719828,0.010967178,0.01499127,0.021379327,0.03096321,0.039846826,yv6ds8xt.png,0,validation
0.00030379937,0.009400029,0.00068735634,0.0005771192,0.0011353871,0.0018870615,0.0031696947,0.0048062853,0.0070163086,0.0090069715,0.011809266,0.015767096,0.019531986,yvexc6oh.png,0,validation
0.00034647319,0.009859701,0.0007242573,0.000625738,0.0012172521,0.0020051897,0.0034040525,0.005280662,0.008086553,0.01068957,0.014499533,0.019596405,0.023191873,yveycr0w.png,0,validation
0.00065241306,0.012067526,0.0017878936,0.0013889745,0.0023112837,0.0038046963,0.006657628,0.010777118,0.017373327,0.023515798,0.033513095,0.049595356,0.0650976,yxis81hb.png,0,validation
0.00028764896,0.009129652,0.00073164137,0.0005814712,0.0010684184,0.0017867459,0.0030308987,0.0046069655,0.006962942,0.009161518,0.012346069,0.016549116,0.020163914,yxtz725d.png,0,validation
0.00029878205,0.009547944,0.00071283535,0.0005592867,0.001073827,0.0017658196,0.0029664205,0.004513517,0.0068161525,0.008832809,0.011658881,0.015707392,0.019879667,yxzqo683.png,0,validation
0.00038070662,0.010572997,0.0008106856,0.0007081867,0.0013213253,0.0021994654,0.0038151878,0.006073851,0.009202753,0.011863897,0.015724925,0.02080402,0.025414608,yydu3asn.png,0,validation
0.0003418716,0.009924061,0.00076577184,0.00067009864,0.001159424,0.001873489,0.0031191919,0.004713646,0.0071325875,0.009305854,0.012496089,0.01692315,0.020228695,yyxoa7m8.png,0,validation
0.00031262005,0.009538396,0.0007111652,0.0005847414,0.001124105,0.0018756486,0.0032737586,0.005265987,0.008274681,0.011082772,0.015402287,0.021620072,0.027971394,yz7yswki.png,0,validation
0.00036382524,0.010119233,0.0007475781,0.0006484992,0.0012508135,0.0020536585,0.003519816,0.005566935,0.00869885,0.0117233265,0.016585462,0.023517855,0.028477995,z0629cky.png,0,validation
0.00031587313,0.009377791,0.00085946795,0.0006686896,0.0011324473,0.0018690698,0.0031548117,0.0048411107,0.0071655056,0.009163185,0.012000854,0.01569237,0.018802391,z09aby5f.png,0,validation
0.00039461287,0.010407929,0.0007472444,0.00063309,0.0013731658,0.0022480725,0.003818301,0.0059984685,0.009523827,0.013156201,0.019245392,0.028359668,0.03657289,z0vcclin.png,0,validation
0.00031641993,0.009456137,0.0007347843,0.00066094304,0.0011614977,0.0019610336,0.003397544,0.005330253,0.008164374,0.010779276,0.0148221655,0.020962045,0.026608102,z1i3xeqk.png,0,validation
0.00029559815,0.009317134,0.00073271315,0.0005880029,0.0010916785,0.0018370224,0.0031407843,0.0047959853,0.0071457825,0.009240028,0.012275515,0.015650393,0.01809275,z2798nvn.png,0,validation
0.0003037869,0.009560256,0.000727962,0.00061127933,0.001081413,0.0017876409,0.0030286473,0.0046683205,0.00713356,0.009419969,0.012913813,0.018056273,0.022986893,z38bcd2k.png,0,validation
0.00083749875,0.013361962,0.0013851168,0.0013266904,0.0024393701,0.004065118,0.007357404,0.012562199,0.020816578,0.0292157,0.04304504,0.06376875,0.07701728,z3nznsez.png,0,validation
0.00028920424,0.008980776,0.00069421076,0.0005924978,0.001082323,0.0018325961,0.0031488722,0.004886431,0.0073066168,0.009513432,0.01295659,0.017764766,0.021350102,z507rrmm.png,0,validation
0.00031961425,0.009415981,0.000710448,0.0006688663,0.0011578684,0.0019893758,0.0036100969,0.006086799,0.010318603,0.014369595,0.020896738,0.030341553,0.040004328,z5gs9k00.png,0,validation
0.00036557854,0.010459778,0.00077316444,0.00067383284,0.0012522908,0.002090191,0.003666055,0.0059129144,0.0092676,0.012456919,0.01751326,0.02550605,0.03321403,z5ys7sbj.png,0,validation
0.00039768667,0.010986736,0.000871413,0.00073011505,0.001317037,0.002155926,0.0036666158,0.0056795985,0.0086221965,0.0113879545,0.015416295,0.020871647,0.025703624,z6rnk3v4.png,0,validation
0.00023461401,0.007934949,0.000787806,0.0005564729,0.00084384606,0.0014101776,0.00244365,0.0038564554,0.006160137,0.008575392,0.012770664,0.019935343,0.027632182,z7glznu6.png,0,validation
0.00029588467,0.00935933,0.0006384083,0.00052860915,0.0010631089,0.0017537262,0.0029799126,0.004602574,0.0069480897,0.009046302,0.0119624445,0.015601315,0.01818613,z7v1j0ac.png,0,validation
0.00032517943,0.009662361,0.0008312273,0.00066099333,0.0011755119,0.00196274,0.0034086544,0.0054515745,0.008545677,0.011365353,0.0155133465,0.021284021,0.02639371,z8hcayq7.png,0,validation
0.00033353787,0.009765441,0.00069448445,0.00056139193,0.001179516,0.0019599989,0.0033960117,0.005348556,0.008247214,0.0107802255,0.014705038,0.020253858,0.02427655,z9szs6qv.png,0,validation
0.0003529462,0.009726994,0.0010194683,0.00080506486,0.0012514441,0.0020629836,0.0034641621,0.005325218,0.008248264,0.010886994,0.01474882,0.020993955,0.026961401,zc5cm9b5.png,0,validation
0.00041409725,0.010521508,0.0009579062,0.00081031857,0.0013411304,0.0021827065,0.003739421,0.0058155796,0.009200545,0.012551332,0.01765377,0.024379682,0.029175995,zcj02o5r.png,0,validation
0.00029439913,0.009323147,0.0007056209,0.00058469496,0.0010811264,0.0018246209,0.003185313,0.004960957,0.0074334024,0.009622092,0.012812999,0.016818246,0.02026626,zd93tpo2.png,0,validation
0.00028168166,0.0090240035,0.0006661045,0.0005562355,0.0010513848,0.001768434,0.002999102,0.004558174,0.0066013755,0.008382952,0.010903307,0.013989839,0.016033325,zey83b8s.png,0,validation
0.00038101437,0.010152159,0.00071344717,0.0006510932,0.0013360865,0.0021923876,0.0037723128,0.005970422,0.009156581,0.012089114,0.016513092,0.022049462,0.025516486,zf1c5awc.png,0,validation
0.00031823217,0.00957061,0.0007165678,0.0006591417,0.0011701271,0.0019745564,0.0034745294,0.0056311092,0.008758086,0.011604876,0.01599969,0.02225345,0.029024094,zfoprb36.png,0,validation
0.00029106357,0.009263133,0.00068081846,0.0005589162,0.0010928819,0.0018246283,0.0030891846,0.00470332,0.0068808864,0.008694298,0.011202562,0.014150362,0.016342176,zg1fnpxr.png,0,validation
0.00033592628,0.009769439,0.0007280605,0.00057629746,0.0012052642,0.0019946794,0.0033558437,0.0051522786,0.0077160522,0.010025929,0.013396943,0.017941061,0.021284584,zg2r7uc5.png,0,validation
0.0002916559,0.0091533465,0.00068705756,0.00059590855,0.0010762684,0.0018310362,0.0032101623,0.0050784675,0.007827805,0.010273577,0.014032316,0.019387055,0.024402162,zg3rbei1.png,0,validation
0.00029833664,0.009258744,0.0006568573,0.0006066758,0.0011064964,0.001844243,0.0031274618,0.0047661546,0.006983529,0.0090999,0.012506304,0.017638125,0.02266783,zgh2ytes.png,0,validation
0.0003106699,0.009160857,0.00079664006,0.0006729018,0.0011583122,0.0019221999,0.003259445,0.0049974225,0.007313347,0.009304377,0.012343544,0.016461445,0.02006999,zghuafrx.png,0,validation
0.00030360723,0.009158421,0.000722015,0.0006263908,0.0011213549,0.0018792265,0.0032070628,0.004875965,0.007123927,0.00912579,0.0120802,0.016133348,0.01999255,zgqkblwl.png,0,validation
0.00035442456,0.010116116,0.0007790175,0.00064570765,0.001267561,0.0021209773,0.0036903208,0.0058754557,0.009228746,0.01228957,0.017317438,0.02512118,0.03152745,zhi35srf.png,0,validation
0.00034775407,0.009551397,0.0008704997,0.0007556406,0.0012740201,0.0021753411,0.0038765748,0.006239894,0.009586424,0.012653898,0.017383445,0.024223145,0.0310415,zhssuz1q.png,0,validation
0.00029305523,0.008997395,0.00066880323,0.0006167751,0.0010852808,0.0018274469,0.0031552964,0.004973626,0.007554572,0.009752297,0.013263661,0.017986318,0.021677164,zhx14a80.png,0,validation
0.00035137995,0.009764088,0.00085788185,0.0007613201,0.001262034,0.0021394552,0.0037963726,0.0062284926,0.009943468,0.013304104,0.01871315,0.026886284,0.03621318,zicho8hm.png,0,validation
0.00039383184,0.010321876,0.00086656766,0.00069314474,0.0014179221,0.0023799045,0.0042440244,0.006841247,0.010682573,0.014252832,0.019611437,0.027056983,0.032715525,zj0xgrwd.png,0,validation
0.00031331248,0.009372707,0.0007467986,0.0006667816,0.0011332908,0.0019074511,0.0033557129,0.005409355,0.008485263,0.011287335,0.015826765,0.022386726,0.02955162,zjf8yepj.png,0,validation
0.0003392724,0.009800012,0.0007690726,0.0005912979,0.0011685287,0.0019160167,0.0032413083,0.00508263,0.007916748,0.010480781,0.014230468,0.018848112,0.021929152,zjh9oefc.png,0,validation
0.000291357,0.008982933,0.0007548191,0.0006050601,0.0010768392,0.001815089,0.0031622371,0.004985095,0.0075067207,0.009834098,0.013001455,0.017133813,0.021000752,zjlm5dqg.png,0,validation
0.00033041608,0.009758311,0.00067183486,0.000581387,0.0011478149,0.001898918,0.0032583312,0.005133623,0.008010823,0.010677402,0.0148324,0.020711757,0.025148224,zk3rha2l.png,0,validation
0.0006512397,0.012187116,0.0016533094,0.001353988,0.0023244736,0.0039129546,0.00684764,0.0109909205,0.017491512,0.023564214,0.033740778,0.050986174,0.06726616,zkbnsh8l.png,0,validation
0.00029961602,0.009333199,0.0007347681,0.00060699676,0.0011060653,0.0018496533,0.0031698255,0.004873133,0.0072370498,0.009313222,0.012552653,0.016812468,0.020780787,zl7hvwr3.png,0,validation
0.00034046892,0.010332159,0.0007796608,0.0006024823,0.0011904738,0.001970057,0.0033446092,0.0051627965,0.007819859,0.010269472,0.013993975,0.01883379,0.023005601,zm3vjcdk.png,0,validation
0.0003185449,0.009669049,0.0007586065,0.0006413162,0.0011586883,0.0019215894,0.003268081,0.005018677,0.007511286,0.009773723,0.0133308405,0.01864192,0.023655737,zmek4ekx.png,0,validation
0.00033028255,0.009504575,0.00085061905,0.0007106424,0.0011995407,0.0020401862,0.003650099,0.005852783,0.008814352,0.011655081,0.01617856,0.022795714,0.030011086,znara60a.png,0,validation
0.00031366828,0.00948757,0.00070535013,0.00064793625,0.0011467992,0.001926665,0.003301509,0.005114176,0.0076820874,0.01006298,0.01390281,0.019732913,0.025049945,znukqoyu.png,0,validation
0.00051072007,0.010725967,0.0015183411,0.0011245534,0.0015913008,0.0026303455,0.004641559,0.0075397366,0.012255831,0.016988518,0.024297265,0.0351488,0.044274464,zo1gbty6.png,0,validation
0.0004905224,0.011034782,0.0009098395,0.0008096103,0.0016393263,0.002647403,0.004532287,0.0072630383,0.0119536,0.016658561,0.024703808,0.036819167,0.04677239,zofmdpej.png,0,validation
0.000323803,0.009395384,0.0007800836,0.0006871093,0.0011871097,0.002029114,0.0036774965,0.0062176622,0.010291152,0.014316429,0.021190384,0.03253897,0.044879105,zpmeakhg.png,0,validation
0.00030465177,0.009178125,0.0007109684,0.0006294221,0.0011104645,0.0018556451,0.003142122,0.0048343968,0.007162166,0.009228547,0.012293641,0.016217781,0.019170305,zpu955ff.png,0,validation
0.00034119046,0.009910141,0.0006881121,0.0005854068,0.0012448996,0.0020924585,0.0036471346,0.0058870567,0.00944874,0.012797574,0.01842531,0.02686634,0.033514224,zq2yujkf.png,0,validation
0.000289323,0.009457512,0.0006491242,0.00054277194,0.0010697847,0.0017819112,0.003038035,0.004630044,0.0066729304,0.008362934,0.010631996,0.013254422,0.015265334,zq48enwb.png,0,validation
0.0010231633,0.013660709,0.0020885887,0.0018496854,0.0028700307,0.0048018317,0.008760413,0.015070536,0.025923394,0.03716086,0.056832742,0.08793173,0.11020653,zqarugxf.png,0,validation
0.00031230017,0.009151987,0.00072476425,0.0006574409,0.0011290351,0.0019016434,0.0033537305,0.0054459064,0.008722405,0.011603118,0.015944798,0.021881355,0.02678972,zqclo8l5.png,0,validation
0.00029180886,0.009294682,0.0006304147,0.00058219995,0.0010410784,0.0017216909,0.0029333835,0.0044867555,0.0066602877,0.008692419,0.012160438,0.017184345,0.02123118,zr8mezrr.png,0,validation
0.0008857569,0.013472776,0.0015664813,0.0014800216,0.0025505344,0.0042326106,0.0076777274,0.013113178,0.022082383,0.031479612,0.048046153,0.07481577,0.0935538,zt5ufojz.png,0,validation
0.0003911733,0.010293708,0.0007431667,0.00062012137,0.0014059598,0.0023642876,0.0041951966,0.006844478,0.011079224,0.015368227,0.023017209,0.035365477,0.0471218,zti376fq.png,0,validation
0.00033450458,0.009326243,0.000935165,0.00072590396,0.0012065745,0.0020445334,0.0036404277,0.0059169536,0.009399145,0.012703692,0.01806627,0.026091883,0.035247598,ztikvif2.png,0,validation
0.00043410025,0.010727207,0.000825879,0.000747348,0.0014332054,0.00229494,0.0038646902,0.006058778,0.009252987,0.012188783,0.01669246,0.023201574,0.02814324,ztwgbrt5.png,0,validation
0.00032568365,0.009807569,0.0007328008,0.0006094161,0.0011838437,0.0019515499,0.0032808871,0.0050054505,0.0075879013,0.00980403,0.012839399,0.016686896,0.019957516,zu5ii3n6.png,0,validation
0.0003033074,0.009175966,0.0007628429,0.00062759704,0.0011074455,0.0018504459,0.0031370684,0.004822321,0.007129838,0.009088748,0.011937703,0.015669418,0.018859694,zv22kffj.png,0,validation
0.00086809724,0.013103287,0.0015833189,0.0014904408,0.0025449223,0.00430644,0.007964423,0.013778235,0.023373464,0.03324806,0.0505441,0.0774454,0.09634434,zv3u2gdk.png,0,validation
0.0003606932,0.009960939,0.0006684624,0.0005879233,0.0012593737,0.0020922127,0.0036252171,0.00579244,0.009262372,0.012555663,0.018282056,0.026590897,0.032364894,zv4hks5u.png,0,validation
0.0003426618,0.009923331,0.0007723189,0.0006341985,0.0012027185,0.001955089,0.0032717225,0.004905848,0.0072505376,0.009268419,0.012269258,0.016093144,0.01824824,zvyvzeyb.png,0,validation
0.00035231907,0.010236564,0.00074960187,0.0006293841,0.0012445096,0.0020308937,0.0034299614,0.005294753,0.0080582965,0.010387413,0.0135099515,0.01791136,0.02225389,zwvb1821.png,0,validation
0.00031535554,0.009436081,0.00075232825,0.0006564765,0.0011360081,0.001908092,0.003332921,0.0053371736,0.008474423,0.011294873,0.01570413,0.022260725,0.02836185,zx64yr42.png,0,validation
0.00029053763,0.009388457,0.00070268,0.00055532117,0.0010659137,0.0017819027,0.0030267686,0.00464966,0.0068791285,0.008790911,0.0116173,0.014758507,0.016775776,zxskoytk.png,0,validation
0.0003163677,0.009601666,0.0007458023,0.0006537439,0.0011434747,0.001933781,0.0034055216,0.0054291957,0.008267298,0.010954476,0.015333026,0.022099249,0.02830428,zy08m8os.png,0,validation
0.00036084268,0.009737096,0.0011180795,0.0008042739,0.001311902,0.002239995,0.0039491174,0.0063512423,0.009532166,0.012531149,0.017296618,0.024218451,0.03185609,zy1y5s5c.png,0,validation
0.0003425019,0.009916237,0.0007331254,0.0005936475,0.0012214018,0.0020269915,0.0034812174,0.0054413164,0.008323847,0.01100693,0.014931465,0.020363042,0.024541784,zyc8r7ek.png,0,validation
0.00038218487,0.010354046,0.00070932484,0.00059626246,0.0013640128,0.002277013,0.003933625,0.0062304484,0.009679087,0.012681956,0.017416034,0.024049178,0.02885096,zykofd5h.png,0,validation
0.00031520627,0.009707757,0.0007308627,0.00061390846,0.0011502258,0.0019245954,0.0033154073,0.0051372764,0.007753756,0.010135898,0.013585015,0.018304199,0.022734564,zz3ezjer.png,0,validation
0.00082353683,0.011588262,0.0037370569,0.002055808,0.0025709856,0.0044732383,0.008552296,0.014405739,0.024630303,0.03494525,0.05151517,0.075598456,0.10168083,00sx12i2.png,1,validation
0.003625739,0.023998883,0.016193897,0.009730359,0.0092085935,0.01512176,0.02781008,0.045579426,0.075969756,0.102007195,0.13415089,0.17840622,0.22788458,2yvklu1e.png,1,validation
0.0033892435,0.02146568,0.016682617,0.009398531,0.008749235,0.014937318,0.028674237,0.048325587,0.08219795,0.10962704,0.14709818,0.20279361,0.26099786,4amgj2y0.png,1,validation
0.0010356202,0.011866259,0.0061699916,0.002660428,0.0031907393,0.0056877015,0.01132972,0.019545753,0.03443053,0.049848568,0.07704094,0.12138861,0.17256388,9lhuxi8c.png,1,validation
0.0011616314,0.012562879,0.005384084,0.0030372187,0.0033179128,0.0057402444,0.011147677,0.019364335,0.034680586,0.05143397,0.081776746,0.13245736,0.19518206,cm5a7gs0.png,1,validation
0.0021410899,0.017209483,0.013353234,0.0057159592,0.0057697003,0.009946304,0.019153949,0.0323073,0.054661468,0.07582566,0.110833995,0.16744427,0.22837621,cnt0ymqc.png,1,validation
0.00083443365,0.01124944,0.0036631091,0.0021011734,0.0026052718,0.004670655,0.009478477,0.016773582,0.029989714,0.04322506,0.06622946,0.104259744,0.150025,ef7y0ip6.png,1,validation
0.00064942974,0.010519916,0.0024930951,0.0015468913,0.0021726864,0.003907388,0.007800396,0.013369749,0.023208426,0.033491425,0.051067274,0.0776217,0.10738719,ejshk0fy.png,1,validation
0.0015280368,0.013394589,0.0104105845,0.0040695937,0.004349822,0.0075743375,0.015098463,0.026895326,0.045896906,0.061753668,0.085616775,0.124952964,0.17233108,h2tir743.png,1,validation
0.002333685,0.017020583,0.012289366,0.0065479283,0.00635051,0.011065281,0.021608613,0.03666478,0.062414475,0.08692058,0.12775977,0.19263186,0.26031303,jhy9r3vv.png,1,validation
0.0014263283,0.013985994,0.004906231,0.003660248,0.004335095,0.0078487145,0.016059345,0.028422713,0.050451856,0.06853878,0.0918586,0.12855898,0.17256445,jjmi7qs1.png,1,validation
0.0011022324,0.013992269,0.004950599,0.0025736692,0.0032916334,0.0056655626,0.010877796,0.017829945,0.029527225,0.041481555,0.061232064,0.08876964,0.12075731,lkwlzl5i.png,1,validation
0.0014005874,0.01465252,0.0060519986,0.0034006417,0.0040347767,0.006970312,0.013407004,0.022074832,0.03701071,0.05120972,0.07409711,0.10850319,0.14431773,lsdch7n4.png,1,validation
0.000989837,0.011576085,0.006249806,0.0026037255,0.0030270624,0.005446838,0.011044845,0.019260142,0.034822345,0.051946342,0.081795044,0.12719378,0.18108115,nlj2mwox.png,1,validation
0.00072722975,0.0110011995,0.003398982,0.0017488695,0.0025063064,0.00459405,0.009430348,0.016485905,0.028524721,0.040738255,0.06033643,0.08770907,0.11553598,nt5nhegj.png,1,validation
0.0005815364,0.010358806,0.002434735,0.0013236034,0.0019737128,0.003542873,0.006979492,0.01186854,0.020381283,0.029558886,0.045236822,0.06920229,0.09774662,o6l1f90s.png,1,validation
0.003413625,0.023036668,0.017934028,0.009677403,0.008105435,0.012881718,0.022451576,0.035469174,0.057259355,0.07909405,0.11375655,0.16623123,0.22442748,qhgkyd4h.png,1,validation
0.0021553047,0.01645982,0.010969776,0.0060835616,0.0057478747,0.009894329,0.019044884,0.032064013,0.05456083,0.075458065,0.11129871,0.16977213,0.23414756,r208w8ih.png,1,validation
0.0009323781,0.011378302,0.0051983614,0.0023846214,0.0028633948,0.0051167947,0.0101070525,0.017465005,0.031085959,0.045016732,0.06961047,0.1108252,0.16165589,ty257wuq.png,1,validation
0.00045332056,0.009450543,0.0016428138,0.0010127065,0.0016116885,0.0029074985,0.005795402,0.009998645,0.017205782,0.023490708,0.032952767,0.047887176,0.06557895,uainrjoh.png,1,validation
0.0014104992,0.016185652,0.0046865293,0.0031116998,0.0041639465,0.0072907303,0.013764798,0.023409942,0.038940653,0.054809015,0.081930004,0.11990116,0.15053953,wq7nu121.png,1,validation
0.0015316869,0.017839532,0.0064694863,0.003270369,0.0043612863,0.0074414494,0.014157249,0.023937235,0.040517733,0.05645042,0.08300993,0.12327746,0.17116746,zh0qa1ls.png,1,validation
0.0007789822,0.0116400635,0.0028983501,0.0019110715,0.0025860216,0.0045026457,0.008754237,0.015285482,0.026539896,0.037424654,0.05601518,0.08469355,0.11133062,zq35aw3o.png,1,validation
0.00037029767,0.01040116,0.00074905105,0.00067684316,0.0012757182,0.0020844142,0.003533903,0.0055570947,0.008797092,0.011614354,0.015656983,0.02172726,0.027196696,007f6hcw.png,0,test
0.00027313223,0.009019719,0.0005932761,0.000535217,0.0009950533,0.0016632236,0.0028722086,0.0044076075,0.0064472207,0.008120693,0.010539145,0.013610414,0.016139317,02grxpud.png,0,test
0.00032905806,0.009821889,0.00074512634,0.00061212946,0.0011890103,0.0019818079,0.0034162784,0.005388781,0.008298665,0.010884076,0.01429552,0.0188016,0.02240227,02z38vf4.png,0,test
0.00038998108,0.01046697,0.00079183007,0.00068942853,0.0013334296,0.0021503873,0.0035965357,0.00551916,0.0083642965,0.011025139,0.015077482,0.020584278,0.02363911,031w0zyp.png,0,test
0.0009711602,0.013688824,0.0017472529,0.0016535205,0.0027356625,0.0045492677,0.008284321,0.014334786,0.0245222,0.03520902,0.053787824,0.0832732,0.103414804,037fhg93.png,0,test
0.00040456597,0.010766669,0.000913535,0.00075367634,0.0013615853,0.0022752278,0.0039925077,0.0064773466,0.010271297,0.01389387,0.019655807,0.027684461,0.035082866,03kgylen.png,0,test
0.00033773805,0.009761025,0.00084147666,0.00068827654,0.0012107268,0.0020310082,0.003548881,0.0056864084,0.009346379,0.012655204,0.017869167,0.026447834,0.0363075,03rv0vqq.png,0,test
0.00086538866,0.013377803,0.0015571438,0.0015011114,0.0025272206,0.0042255963,0.0076941177,0.01310741,0.02192315,0.031172208,0.047417168,0.072946124,0.090866305,04lh49mk.png,0,test
0.0003364924,0.009792807,0.0007806476,0.00070079666,0.0012375149,0.0020801455,0.0035864834,0.005570894,0.008477018,0.011013324,0.014806278,0.020436075,0.026542833,04zgn65o.png,0,test
0.00028215736,0.009271114,0.0006801535,0.00055641605,0.001033626,0.0016980828,0.0027940935,0.0041226777,0.0058463374,0.007237725,0.009033713,0.011331765,0.01344379,05g00r5y.png,0,test
0.00035865296,0.010086287,0.0007125468,0.00060636835,0.0012573914,0.0020646276,0.0034980217,0.0053791166,0.008169248,0.0106166955,0.014250996,0.01882849,0.020988742,05q4yr7k.png,0,test
0.0002931836,0.008981429,0.00070169393,0.00062247814,0.0010559352,0.0017721375,0.0030785564,0.004861459,0.0073729847,0.009630569,0.012977547,0.017432138,0.020937877,05sutg2g.png,0,test
0.00027335456,0.008800104,0.0005770209,0.0005492429,0.0010243007,0.0017294025,0.002990169,0.004693741,0.0069954433,0.00901559,0.012251658,0.016831335,0.02129769,05xt54fn.png,0,test
0.0008544193,0.013351519,0.0014277331,0.001358804,0.002492614,0.0041611725,0.0075613307,0.01279447,0.021281661,0.02994131,0.044435315,0.06631531,0.080190256,07j0np7q.png,0,test
0.00037613825,0.0107081095,0.0008262872,0.0006639141,0.00133858,0.0022174648,0.0038053,0.005944716,0.009126893,0.011814705,0.015570476,0.020982848,0.025743652,07rgtg3f.png,0,test
0.00032816286,0.010065121,0.00071339024,0.0006006074,0.0011560726,0.0018797024,0.0031506415,0.0048434185,0.0072907456,0.009463064,0.012315017,0.015993211,0.018890567,080iagi8.png,0,test
0.00028648856,0.009221743,0.0006900195,0.0005674067,0.0010403898,0.0017384372,0.0029489899,0.004497898,0.0066144858,0.008529447,0.011064265,0.013963642,0.016203599,0862s18j.png,0,test
0.00032136063,0.009354517,0.00084270665,0.0006996093,0.0011857548,0.0019891453,0.0034127978,0.0053311517,0.007993818,0.010323587,0.013572502,0.017462028,0.020722806,08dupbm4.png,0,test
0.0003054002,0.009297495,0.0007195076,0.0006496572,0.0011088303,0.0018374332,0.0030884873,0.0046289917,0.006679012,0.008482834,0.011052749,0.014371493,0.017489498,0952lvfk.png,0,test
0.00034451394,0.010460162,0.0007671987,0.0006277528,0.0011785215,0.0019456702,0.0033071248,0.0051061227,0.00768589,0.009863416,0.01300288,0.01718923,0.020469164,09hkd6k7.png,0,test
0.0003077629,0.009431786,0.00063488743,0.00058837724,0.0011453121,0.0019467189,0.0034345412,0.005525073,0.008559081,0.011206516,0.015056323,0.020638483,0.025859497,0aeoorbt.png,0,test
0.0003066229,0.009237484,0.00086272106,0.00065795047,0.0011363528,0.0019078839,0.0032641005,0.0050165444,0.0074906414,0.009828339,0.013183407,0.017675567,0.021538546,0ahz6fe0.png,0,test
0.000383506,0.010309518,0.00072895817,0.0006090812,0.0013726666,0.0022986277,0.004092346,0.006728307,0.01105051,0.01535271,0.023086675,0.034775976,0.042603012,0an5sdh2.png,0,test
0.00054043526,0.010666615,0.0021217624,0.0011375126,0.0018835473,0.0029618756,0.0049607824,0.0078231795,0.012512415,0.01733626,0.025090592,0.036082227,0.045577995,0b17my6x.png,0,test
0.0003266041,0.009354024,0.0007553451,0.000695331,0.0011945256,0.0020104016,0.0034788114,0.005576165,0.008640997,0.011377287,0.015597223,0.021703118,0.028203513,0bl31jew.png,0,test
0.00032411332,0.009517255,0.0007470823,0.0006794459,0.0011659986,0.0019634718,0.0034257318,0.005423638,0.008515269,0.011370488,0.015689954,0.02200984,0.027772564,0bxxowwr.png,0,test
0.00047237612,0.011081769,0.0013746102,0.0010088385,0.0015809743,0.002643586,0.0047002714,0.007764924,0.012230217,0.016494067,0.023496164,0.033711564,0.044232752,0ctef4tx.png,0,test
0.0003596148,0.010117698,0.0007443242,0.0006297088,0.0012454025,0.0020509341,0.0034972616,0.0054743043,0.008499431,0.011355866,0.01582701,0.021855917,0.02584676,0dcqykw0.png,0,test
0.00041302855,0.010043861,0.00082539336,0.0007848469,0.0013809212,0.0023193588,0.0041819615,0.006951125,0.011550927,0.016139941,0.0232239,0.034053646,0.044369694,0dhr7zqp.png,0,test
0.00028610043,0.008835599,0.00067499286,0.0006172338,0.0010541556,0.0017493196,0.0029742764,0.004629552,0.006994245,0.009060845,0.012279826,0.016858734,0.021226814,0dwm2vtx.png,0,test
0.0002809304,0.009152238,0.0006218833,0.0005644206,0.0010243718,0.0017073236,0.0029071195,0.004483798,0.006796561,0.008904139,0.011866133,0.015891183,0.019509492,0e2qmk3u.png,0,test
0.000306471,0.009533643,0.00070094556,0.00059601356,0.0011050978,0.0018352406,0.003149393,0.0048719426,0.0073247994,0.009516542,0.012841141,0.017530667,0.021463722,0f72ve4i.png,0,test
0.0003239981,0.00934974,0.0008626498,0.0006960765,0.0011979443,0.0020103373,0.0034288948,0.0053825285,0.008497373,0.011451234,0.0158142,0.021596488,0.027466623,0gdwkxsi.png,0,test
0.0005158427,0.010627076,0.0018843559,0.0010466855,0.0017884518,0.002843071,0.004838074,0.0076802624,0.01216924,0.016444312,0.023298945,0.032899458,0.041427203,0gmv0akj.png,0,test
0.0009989314,0.01336701,0.0022918608,0.0018131725,0.0027806796,0.004592653,0.008275916,0.014250196,0.02465904,0.035878018,0.055493448,0.08559776,0.10556275,0h41nqxu.png,0,test
0.0002790544,0.0091863265,0.00068579154,0.00056828297,0.0010025717,0.0016791278,0.0029262777,0.0045765433,0.006766381,0.0087142335,0.011357578,0.014890446,0.017871317,0hdj7o9x.png,0,test
0.0002832325,0.009126309,0.000703432,0.0005577926,0.0010267709,0.0017189517,0.002965843,0.004700814,0.0073680882,0.009769803,0.013552661,0.019468876,0.025230149,0hkkwjsv.png,0,test
0.00033890965,0.009859379,0.0006937382,0.00060980214,0.0012269155,0.0020322083,0.00349408,0.0055205314,0.00876096,0.011899677,0.016795928,0.023766493,0.029940147,0ixb2x9m.png,0,test
0.00028288792,0.008997313,0.0007491016,0.0005717297,0.0010450971,0.0017563754,0.0030299546,0.0046952027,0.007054876,0.009229962,0.012466425,0.016912479,0.020629765,0ixf8yde.png,0,test
0.0003007208,0.009467104,0.0007137054,0.00060591585,0.0011047964,0.0018301951,0.0030662846,0.004600042,0.006684357,0.008391702,0.010606739,0.013573228,0.016349148,0jnspskt.png,0,test
0.00035839208,0.010183197,0.00077406404,0.0006387638,0.0012335854,0.0020100463,0.0034145105,0.0053335214,0.008212134,0.01083806,0.014845,0.02015132,0.023668397,0k3wr0bu.png,0,test
0.00032232903,0.00943377,0.00075333077,0.000681717,0.0011819272,0.0020036295,0.0035199292,0.005637331,0.008582772,0.0114085805,0.015807262,0.022660514,0.030626297,0k9qaqaw.png,0,test
0.00033368095,0.009688841,0.00076952786,0.0007023906,0.0012145209,0.002018577,0.0034481713,0.0053723254,0.008075494,0.010417661,0.013911364,0.018778916,0.02323689,0kcjty6o.png,0,test
0.00040278156,0.010685274,0.00074885227,0.00063341315,0.0014275026,0.0023771122,0.00410276,0.0064327787,0.010032757,0.013557319,0.019199643,0.028068354,0.035695404,0kpvm1n3.png,0,test
0.00032592018,0.00974952,0.0007822606,0.0005893915,0.0011906784,0.0019988634,0.0034333286,0.0053515164,0.008236127,0.010882891,0.014523377,0.019251395,0.023426123,0ln6tfjn.png,0,test
0.00031229315,0.009236928,0.0007770274,0.0006718485,0.0011539195,0.0019447267,0.0034104458,0.005441926,0.008492179,0.011453914,0.0158292,0.022181636,0.028120182,0mdgjy7h.png,0,test
0.0003798871,0.010333396,0.0007695499,0.00061563175,0.0013649637,0.002286051,0.0039973487,0.006389555,0.010233579,0.013978787,0.020388717,0.03051541,0.039927628,0miwlfj4.png,0,test
0.0003843938,0.010087099,0.0007173577,0.0006444817,0.00131876,0.0021850266,0.0037950708,0.0060633183,0.00964242,0.013273312,0.019241272,0.027432812,0.034374572,0n0oqwjs.png,0,test
0.0002938577,0.009422073,0.0006489067,0.00057961035,0.0010591291,0.001772165,0.0030710394,0.0047937455,0.007252303,0.009455708,0.012760417,0.016978165,0.020686181,0nt95ost.png,0,test
0.0004872552,0.010473631,0.0013741069,0.0010716709,0.0015345147,0.0025241023,0.004407153,0.007137129,0.011499947,0.015845302,0.022391632,0.03194269,0.040759865,0pc9tufy.png,0,test
0.00032936723,0.009724698,0.00086008594,0.0006481983,0.0011955231,0.001987443,0.0033777582,0.0052361367,0.007991472,0.010532743,0.013945379,0.018272482,0.021681003,0qb6mxux.png,0,test
0.00030413835,0.009468316,0.0007628829,0.0006005986,0.0011205799,0.001870971,0.0031677329,0.004763174,0.00692029,0.008750225,0.011422776,0.014859933,0.01777785,0r3i9huk.png,0,test
0.00030929036,0.009327691,0.0007015622,0.0006264828,0.0011439563,0.0019081458,0.0032201556,0.0049628215,0.007707647,0.010184504,0.013945722,0.019356495,0.024742907,0r4gfby0.png,0,test
0.0002987047,0.009378999,0.0007507479,0.00059340306,0.0010945828,0.001841365,0.0032036898,0.005041388,0.0076323403,0.010011866,0.0135763865,0.018354112,0.022537807,0rnoaayx.png,0,test
0.00028932156,0.009244945,0.0006355863,0.000584511,0.0010512252,0.0017604593,0.0030874915,0.0049011563,0.0073076193,0.009369042,0.012505656,0.016693627,0.020800354,0rrsxqsa.png,0,test
0.00026451403,0.0087257745,0.00059005525,0.0005279212,0.00096350146,0.0016049031,0.0027543614,0.0042471136,0.0064105373,0.008416318,0.011449215,0.014967877,0.017250169,0sqcnf9w.png,0,test
0.00029464893,0.008929339,0.00069285586,0.00063309795,0.0010976405,0.0018599808,0.003243341,0.0050802105,0.0075499546,0.00977532,0.013123409,0.01775799,0.022169285,0uc87nxp.png,0,test
0.0003492771,0.009342324,0.0010195649,0.00077952555,0.0012760366,0.0021957953,0.003971698,0.006671415,0.010506323,0.014158907,0.020069316,0.029018192,0.038974714,0ukw1whj.png,0,test
0.00030319492,0.009380487,0.0006741562,0.0006133369,0.0011278185,0.0019114899,0.0033307767,0.005254171,0.008097219,0.0105542885,0.01420046,0.019451693,0.024225846,0uxmyye3.png,0,test
0.00032413306,0.009743863,0.00083701854,0.00065516745,0.0011360304,0.0018976864,0.0033379092,0.0052986476,0.008179689,0.010786944,0.014651193,0.019903608,0.024329245,0vaax73u.png,0,test
0.00030408526,0.009430473,0.00074489333,0.000605493,0.001107882,0.0018436788,0.0031512422,0.0048475685,0.0073411213,0.009601879,0.012716751,0.016836258,0.02079493,0w3wlned.png,0,test
0.00032564023,0.009734427,0.00073814095,0.00060274097,0.0011907622,0.001990175,0.0033932782,0.0052470057,0.008116256,0.01073251,0.014458407,0.019836152,0.024288243,0w4efzv8.png,0,test
0.0009125809,0.01341212,0.0017098115,0.0015749148,0.002623501,0.004376758,0.00797219,0.013546408,0.022857731,0.03249531,0.049613867,0.077869415,0.09864042,0w8m8g5d.png,0,test
0.00030053145,0.009319951,0.0007514157,0.00060295494,0.0011052464,0.0018326782,0.003056526,0.0045594755,0.006648713,0.008513615,0.011073895,0.013987249,0.016261583,0w987utm.png,0,test
0.0002793987,0.0090549225,0.00062817364,0.00056702684,0.0010183709,0.0017154678,0.0029417358,0.0045708213,0.0069081318,0.008924295,0.011750447,0.01503617,0.017251685,0yb9c55c.png,0,test
0.00030620876,0.0094584925,0.00065666455,0.00054391683,0.0011070577,0.0018484367,0.0031945237,0.0050072037,0.007823199,0.010298917,0.01361811,0.018198777,0.02118337,0yfr2x3x.png,0,test
0.00037088705,0.010174253,0.00079259515,0.0006869666,0.001272751,0.0020882282,0.0035443387,0.0054891976,0.008378283,0.010952965,0.014663467,0.019620085,0.022949493,0yjhpfsz.png,0,test
0.00043085022,0.010687928,0.0008342001,0.00077895215,0.0014449605,0.0024037277,0.004209383,0.00680743,0.010633962,0.014140579,0.019712681,0.027503511,0.033100374,0z25ytyt.png,0,test
0.00029806633,0.009178859,0.00076930353,0.0006250065,0.0010765854,0.0018114662,0.0031420065,0.0049371095,0.0075568086,0.010030328,0.013770445,0.018743597,0.02258311,114dkomf.png,0,test
0.00038941795,0.010298179,0.0007564356,0.00067722116,0.0013919127,0.0022947907,0.0039342092,0.00627004,0.009889558,0.013377625,0.01895356,0.026675614,0.032546673,128e63x3.png,0,test
0.00030664974,0.009426549,0.0006708309,0.0005591863,0.0011145505,0.0018511575,0.0031608283,0.004957971,0.007380659,0.009504748,0.012920999,0.017592663,0.021380462,12qfawl8.png,0,test
0.00029515135,0.009206346,0.0006989147,0.0005914385,0.001091714,0.0018140784,0.0030693596,0.004705672,0.007155381,0.009345025,0.012288672,0.015914442,0.0191395,133fopnz.png,0,test
0.0005704235,0.011460584,0.0015677443,0.0010734876,0.0018666497,0.003165973,0.0056969477,0.009753738,0.01739777,0.025732666,0.04140479,0.06557758,0.08998176,13q8tc9n.png,0,test
0.00039665884,0.010453755,0.00082108367,0.00070092554,0.0013656684,0.0022042734,0.003668299,0.0055590663,0.008443868,0.011053811,0.014903729,0.019645123,0.023003109,143wm0r6.png,0,test
0.00048621325,0.011091321,0.00086856965,0.00085962174,0.0015817363,0.002561335,0.004408586,0.007134787,0.011487009,0.01559496,0.022089228,0.03047395,0.036781482,149emp3c.png,0,test
0.00039512292,0.010315606,0.00073496083,0.00063104887,0.0013614509,0.0022571848,0.003925425,0.0062451633,0.009782452,0.013127715,0.018447543,0.025808921,0.0317238,14f4gxnn.png,0,test
0.00033119018,0.009993465,0.00062760833,0.0005892052,0.0012221447,0.0020527288,0.0035288148,0.0054739066,0.008313073,0.010634021,0.013916328,0.018186431,0.021829525,14z2fo4e.png,0,test
0.00028656723,0.009089692,0.00064461346,0.00057230395,0.001049041,0.0017546966,0.0029613748,0.0045099785,0.00656509,0.0083230985,0.010684406,0.013504726,0.015655631,15ahdbvz.png,0,test
0.00029878368,0.009509908,0.00068914733,0.00059032015,0.0010948643,0.0018272393,0.0030840705,0.0046681105,0.0066798422,0.008253199,0.010418551,0.013177528,0.015424342,15mlpyga.png,0,test
0.000279832,0.009008558,0.00067871204,0.0005512962,0.001033295,0.0017102959,0.0028380863,0.0041784346,0.0059896167,0.007590716,0.00983656,0.01248989,0.014484321,1691aj7d.png,0,test
0.00039215098,0.010346851,0.000693342,0.0006295854,0.0013319538,0.0021797584,0.0037279187,0.005873272,0.009287252,0.012561108,0.017994227,0.026060117,0.032747746,16epo2u4.png,0,test
0.00031390123,0.009526375,0.000725478,0.0006395822,0.0011530874,0.001919222,0.0032839342,0.0050078295,0.0074744993,0.0095726885,0.012637369,0.016687872,0.02028683,16lks2dv.png,0,test
0.00033296976,0.00960067,0.0009129425,0.0006919259,0.001227534,0.0020825719,0.0036216034,0.005809192,0.009629253,0.013026473,0.018199945,0.025813455,0.034027614,1744txkx.png,0,test
0.00037585158,0.010221465,0.00073250633,0.0006574362,0.0012934844,0.0021344144,0.0036960517,0.005952873,0.009666444,0.013123198,0.018516406,0.02622512,0.03208023,177edw3t.png,0,test
0.0003807683,0.010143105,0.0007396451,0.000622575,0.0013126632,0.0021611343,0.0038070413,0.006241732,0.0099266,0.013318828,0.018398516,0.024691015,0.029272445,1aegoao6.png,0,test
0.000317944,0.009794321,0.0007118752,0.0005974783,0.0011645377,0.001932512,0.0032588197,0.0049523665,0.007336633,0.009307505,0.011872569,0.015097712,0.017517654,1awph0dt.png,0,test
0.0010347415,0.013519909,0.0022369763,0.0018875905,0.0028768457,0.0047861743,0.008691814,0.015090567,0.026228638,0.037951816,0.058677375,0.09181927,0.11594419,1axv5gy8.png,0,test
0.00029748236,0.009282809,0.0007514152,0.00059934525,0.0011034365,0.0018559094,0.0031650334,0.004868944,0.0073937397,0.009748848,0.0131566515,0.017752845,0.022680491,1b6boeo6.png,0,test
0.00039023528,0.010179672,0.00095159677,0.00079195946,0.0012911819,0.0021012423,0.0035424842,0.0054624327,0.008439284,0.011340478,0.016097251,0.024013178,0.03290415,1bdj5lqc.png,0,test
0.00029472364,0.009360067,0.0007394034,0.0005823652,0.0010474207,0.0017525058,0.003035872,0.004709543,0.006939385,0.008864868,0.011790769,0.015228676,0.018092165,1bnqg34m.png,0,test
0.00031932432,0.0092067,0.00079771696,0.00070423476,0.0011740505,0.0019793757,0.0034866193,0.005599592,0.008757558,0.011787792,0.016640635,0.023823364,0.03108749,1bujlz84.png,0,test
0.00029911284,0.009479825,0.0007177146,0.00059010234,0.0011136754,0.0018664888,0.0031484524,0.004728704,0.0068840636,0.008757169,0.011395814,0.01484789,0.017760308,1cxdcwgk.png,0,test
0.00035906254,0.010308123,0.00074216106,0.0006511,0.0012595352,0.0020731578,0.0035457981,0.005548681,0.008636541,0.01130141,0.015408919,0.021410614,0.027077995,1cz6et84.png,0,test
0.00033660815,0.009429925,0.0008466577,0.0007481175,0.0012587146,0.0021353285,0.0037046894,0.0059014186,0.0089598335,0.011841105,0.016426008,0.022690834,0.029541543,1d430vz7.png,0,test
0.00028047734,0.009173896,0.0006920415,0.0005642006,0.001010689,0.0016969944,0.00297633,0.004745132,0.0072488985,0.009553513,0.013037259,0.018085869,0.022262376,1duhbx6a.png,0,test
0.00038980797,0.010435455,0.0007150282,0.0006544018,0.0013716078,0.0022483587,0.003796106,0.005866333,0.009006845,0.011991648,0.016773291,0.02323508,0.028680528,1dwmejke.png,0,test
0.000358316,0.010027305,0.00078133104,0.0005966071,0.0012323104,0.0020355836,0.0035137513,0.005639962,0.008887621,0.011899279,0.016534975,0.0232469,0.028726459,1ekvipat.png,0,test
0.00029281375,0.008342035,0.0007007472,0.00063730805,0.0010147659,0.0016956865,0.0029578481,0.0048689377,0.0081149805,0.0115053,0.017235726,0.026585113,0.03701779,1eojsii6.png,0,test
0.00042465414,0.010946342,0.0009203264,0.0007783054,0.0014380907,0.0024337287,0.004330549,0.0070393872,0.011135697,0.01506246,0.02080282,0.028500076,0.035484422,1fms898c.png,0,test
0.0009731598,0.013755807,0.002006344,0.001672461,0.0027404425,0.0045262175,0.00814842,0.013971959,0.02394497,0.03447648,0.052701857,0.081143,0.101019934,1fuvpwb4.png,0,test
0.00031136622,0.009408722,0.0007986393,0.0006407606,0.0011497862,0.0019467653,0.0033654354,0.005179375,0.00760465,0.009767862,0.0131460745,0.018030103,0.022279814,1g1duyga.png,0,test
0.00042573642,0.010830782,0.00079528685,0.00071674975,0.0014633287,0.0024101627,0.00409685,0.0063802586,0.010064675,0.013634245,0.019209476,0.026797192,0.031702816,1g2lk9bm.png,0,test
0.00035133297,0.009910622,0.00073242246,0.00061555667,0.0012396739,0.002080446,0.003694879,0.0059594833,0.009432253,0.012753233,0.017990548,0.025858302,0.032710433,1g9a8q7u.png,0,test
0.00028822236,0.009226846,0.00061963353,0.0005586969,0.0010853008,0.0018389075,0.0032143772,0.0051245326,0.007851483,0.010023007,0.0132148415,0.016986249,0.020348353,1hfl1zop.png,0,test
0.0002744706,0.0089654755,0.0005901176,0.0005496342,0.0010048177,0.0016835944,0.0029058536,0.0045558335,0.006954802,0.009059188,0.012118935,0.016217962,0.020006575,1hgav42t.png,0,test
0.0003345123,0.009767769,0.00071186037,0.00056600006,0.0012149009,0.002025799,0.0034575588,0.0053875116,0.008405169,0.011150901,0.014849177,0.020000266,0.023967473,1hiefj75.png,0,test
0.00091212057,0.013143126,0.0018664341,0.0016577725,0.0026246903,0.004395206,0.0080864625,0.014127397,0.02458781,0.035683855,0.05537535,0.08645608,0.10857032,1i2x32oo.png,0,test
0.00035690016,0.0101208575,0.00070423214,0.00061228423,0.0012975851,0.0021560397,0.0036490678,0.005531804,0.008135099,0.010307597,0.013332146,0.01713868,0.020426346,1iebc8af.png,0,test
0.0005675941,0.011089346,0.0021334358,0.001171478,0.0019552908,0.0030700653,0.0051523317,0.0080865035,0.012783004,0.017337864,0.02457169,0.034300227,0.043112863,1iedobc5.png,0,test
0.00030613068,0.009289721,0.0008172907,0.0006521563,0.001112735,0.0018717936,0.0032419518,0.005115454,0.007872294,0.010309145,0.01382162,0.018997613,0.024664398,1jhjt54d.png,0,test
0.00037870716,0.0100054955,0.0009850994,0.0008184255,0.0013655832,0.0023237146,0.004109203,0.006652367,0.01029227,0.013728458,0.019089649,0.027162043,0.03503798,1jxm2lrp.png,0,test
0.00032586965,0.00988702,0.000728788,0.00059842836,0.0012153533,0.0020116188,0.0033801214,0.005184105,0.0078111794,0.010023596,0.0131473765,0.017554754,0.021819312,1jzcjtfd.png,0,test
0.00033155648,0.009808768,0.0006926994,0.0006002025,0.0011643711,0.0019016971,0.0031835388,0.004873384,0.0073488546,0.009614739,0.013003314,0.017486889,0.020688713,1l9tznhg.png,0,test
0.0003405222,0.010236761,0.00080976676,0.00064455834,0.0012012809,0.0019603455,0.0032754226,0.0049517923,0.007349694,0.00937305,0.012137335,0.015566675,0.018196113,1lh0n2o7.png,0,test
0.00049995806,0.010750381,0.0015363622,0.00095045473,0.0017560191,0.0028332432,0.0048899828,0.007864628,0.012696587,0.017283011,0.024707671,0.035090603,0.042889528,1ltxobhb.png,0,test
0.0003782655,0.0105398,0.00090051873,0.0007025809,0.0013091948,0.0021849747,0.0038162644,0.0060669677,0.009481617,0.012602348,0.01710583,0.023202104,0.028769528,1mqp8eic.png,0,test
0.00043101757,0.010442441,0.0011355159,0.0008156298,0.0015017287,0.0024493353,0.0041985055,0.00667545,0.010448662,0.014050789,0.019863447,0.028266145,0.03525813,1mqrbp7t.png,0,test
0.0002923584,0.009308304,0.0006888081,0.0005877164,0.0010720649,0.0017935048,0.003082691,0.0047905594,0.0072746756,0.009495574,0.012811115,0.017034937,0.020170655,1n3irw50.png,0,test
0.0003460062,0.009862595,0.00067839003,0.0005802275,0.001236793,0.0020721676,0.0036272437,0.005828663,0.008946342,0.011683156,0.01615652,0.022624899,0.027793726,1o752tvr.png,0,test
0.0002788196,0.0090636425,0.0006800403,0.0005462638,0.00101648,0.0016958021,0.0029110345,0.0044851922,0.0066024074,0.008382822,0.010716705,0.013341835,0.015257966,1oy4gnow.png,0,test
0.00029066764,0.0091334265,0.00071087456,0.0006098864,0.0010530696,0.0017745866,0.003081153,0.0048646186,0.0073882234,0.009657692,0.013155177,0.018417642,0.02332144,1ozfsraz.png,0,test
0.00036883177,0.010320683,0.0007304493,0.0006486822,0.0012339514,0.0020333345,0.003521982,0.005635803,0.00879602,0.01173428,0.016458573,0.02353379,0.030139057,1p5w11wg.png,0,test
0.0003183976,0.009612035,0.0007090332,0.0005732903,0.0011809533,0.0019637672,0.003313453,0.0050265943,0.007534593,0.009514505,0.012454476,0.016657256,0.020495052,1p8pgi0f.png,0,test
0.00040939118,0.010440132,0.0007071373,0.00068049383,0.0014176895,0.0023250526,0.003971899,0.0062208874,0.009718916,0.012874777,0.017743237,0.024508486,0.030095052,1pfzysuh.png,0,test
0.00030686523,0.009486652,0.00067324686,0.0005553413,0.0011067733,0.0018220425,0.0031053666,0.0047967373,0.0072388304,0.0093468325,0.012459299,0.016579235,0.019378694,1q8k8wyz.png,0,test
0.00029711117,0.009246416,0.00072569645,0.00059285306,0.0010772039,0.0017879562,0.003027539,0.004603225,0.0068328045,0.008939053,0.011872591,0.015342361,0.017973961,1qasoyfx.png,0,test
0.00027957693,0.009290273,0.0006609042,0.0005427269,0.0010308013,0.0017009043,0.002871626,0.004372511,0.0064190803,0.008120454,0.010380591,0.013017489,0.015024593,1qgouo8z.png,0,test
0.00035211263,0.0099097835,0.0007328834,0.0005987343,0.0012626406,0.00209882,0.0035666637,0.0054887687,0.0083664525,0.010974677,0.014886646,0.020294413,0.02441366,1qliiwxn.png,0,test
0.0002995797,0.009292552,0.0007026902,0.000584238,0.0011181883,0.0018745105,0.003208086,0.0050433683,0.007926461,0.010520906,0.014192609,0.019134013,0.02418903,1qqgxaxx.png,0,test
0.00039740428,0.010458271,0.00084903557,0.0007060327,0.0013050046,0.0021372833,0.0036724466,0.005829412,0.00923481,0.012427452,0.01745674,0.02417447,0.029006751,1qx82smj.png,0,test
0.0003384475,0.009570602,0.00088661286,0.0007461067,0.0012237497,0.0020550974,0.0035226904,0.005446813,0.008145741,0.010642078,0.014390881,0.019873718,0.024995735,1qxoe0te.png,0,test
0.0004061552,0.01087476,0.0009272124,0.00079486176,0.0014152986,0.0023751296,0.004180208,0.0067957253,0.010566969,0.014019675,0.019512292,0.027660714,0.035541028,1r6h3g70.png,0,test
0.00033403139,0.009628311,0.0008266825,0.00069249055,0.001228807,0.0020789125,0.0036068184,0.00574979,0.009277147,0.012735,0.017924797,0.025749892,0.033859674,1sth69ba.png,0,test
0.00037743777,0.01022051,0.00072862604,0.0006254387,0.0013526853,0.0022785927,0.004022696,0.0066027725,0.010736396,0.014801017,0.021748714,0.032484137,0.040882915,1tc42out.png,0,test
0.0003314034,0.0097543495,0.0006987323,0.00057100767,0.0011847338,0.0019530075,0.0032995844,0.005117454,0.0078056385,0.010235325,0.013830936,0.018172447,0.020631172,1tpccdrb.png,0,test
0.00029775582,0.009249155,0.00062018447,0.0006065694,0.001094535,0.0018276991,0.0031075939,0.004783119,0.0069851577,0.008839882,0.011531028,0.014848166,0.01811706,1u6vqs4h.png,0,test
0.00037153743,0.010086011,0.00071675977,0.0006279917,0.0013050974,0.002163778,0.0037302694,0.0058953078,0.009150215,0.012475145,0.018211149,0.02684288,0.03228955,1unc7wwg.png,0,test
0.00029537003,0.009048366,0.00075043354,0.0006003647,0.0010937531,0.0018404559,0.0031710335,0.004897744,0.0073496224,0.009521109,0.012787475,0.016807549,0.01947118,1uvrgozh.png,0,test
0.00057185604,0.010796972,0.0022762257,0.0012152288,0.0019872624,0.0031429979,0.0053581162,0.008640033,0.014110848,0.019493302,0.028246436,0.040679738,0.052195303,1uzvo9qt.png,0,test
0.00029488903,0.00918646,0.00068571477,0.0005981075,0.0010810111,0.0017937571,0.0030375044,0.0047335587,0.0072128847,0.009394181,0.012544401,0.016880577,0.021327103,1v1pjzl7.png,0,test
0.00028584347,0.009183793,0.0007060958,0.000585363,0.0010455594,0.0017592387,0.0030105049,0.0046193376,0.006780104,0.008711735,0.011525512,0.014898311,0.017428938,1v2tg2ah.png,0,test
0.0009464068,0.013483401,0.0017652074,0.0016244355,0.002715468,0.004520947,0.008178833,0.013877877,0.023352075,0.03303732,0.050109554,0.0782153,0.09853889,1v4avg87.png,0,test
0.0003014751,0.009541344,0.00063213357,0.0005939291,0.0010901282,0.0018122843,0.0031085012,0.0048255012,0.0071960124,0.009290304,0.012421427,0.016514277,0.019847626,1v8pdewd.png,0,test
0.00032452936,0.009710673,0.0007778579,0.00061189407,0.0011939907,0.0019831483,0.003334284,0.00507154,0.00766605,0.009948742,0.013148359,0.017274423,0.020587537,1vxa0ju2.png,0,test
0.00042411083,0.010714685,0.0008605023,0.00074571854,0.0014124474,0.0023155399,0.0040217047,0.0063537653,0.010083834,0.013661832,0.01887696,0.025920682,0.031030035,1vyy44k6.png,0,test
0.0004920634,0.010901608,0.0012723333,0.00091762835,0.0016242849,0.0025462257,0.004269203,0.006655404,0.01050934,0.014269756,0.019988576,0.027677724,0.03329009,1w9d5a5v.png,0,test
0.00029301466,0.009332073,0.0007090596,0.00058082043,0.0010734965,0.0018174335,0.0031412863,0.004820587,0.0069660954,0.008735252,0.011248383,0.0145349065,0.017084124,1xj7wwud.png,0,test
0.000290463,0.009290238,0.00069534767,0.0005705217,0.0010749601,0.0017922777,0.0030365568,0.004563665,0.0066832234,0.008562638,0.0111911725,0.014513397,0.017118486,1z9oypuq.png,0,test
0.00030062633,0.00919789,0.0008452222,0.0006463433,0.0011022958,0.0018498074,0.0031807732,0.004871799,0.0070882533,0.009014004,0.011739044,0.015125639,0.01778229,1zbhinbk.png,0,test
0.00026873304,0.00888102,0.0006640549,0.00055641646,0.0009725135,0.0016151547,0.002752101,0.004205606,0.0061147795,0.007786484,0.010266892,0.013494276,0.016556043,209ei8xq.png,0,test
0.00033909208,0.009964935,0.0007071569,0.0006444245,0.0011827085,0.0019393063,0.0032568548,0.0049833576,0.0075025773,0.009806715,0.0132742645,0.018420914,0.022769494,20g7lau6.png,0,test
0.0002984219,0.009099788,0.00079601596,0.00063593354,0.0011264308,0.0018596504,0.003120513,0.0047211987,0.006895748,0.00880891,0.011706063,0.015695462,0.019134613,20z67pb2.png,0,test
0.00032399406,0.009430517,0.00071615056,0.00068124855,0.0011882706,0.002017032,0.0035575256,0.0056244116,0.008527012,0.011286029,0.015508396,0.022057809,0.02846603,212xi6vx.png,0,test
0.0004059572,0.011025987,0.0008215511,0.0006972477,0.0014072962,0.0023476172,0.004165107,0.00680346,0.011069422,0.01486344,0.020611063,0.029265735,0.037676413,229env4y.png,0,test
0.00027394734,0.008334805,0.0009736236,0.0006655218,0.00094344415,0.0015509416,0.0026376578,0.004170254,0.0066503803,0.009268984,0.01352283,0.019592008,0.0253703,22dptmd4.png,0,test
0.00036571434,0.009998462,0.0007956942,0.0007132298,0.001250409,0.0020615386,0.003493351,0.0053905714,0.008325873,0.011110443,0.015543249,0.02224408,0.028648736,24fr4dr7.png,0,test
0.00031935683,0.009756403,0.00070481846,0.0005962579,0.0011977064,0.0020167045,0.0034337053,0.005252534,0.007805984,0.009849629,0.01255409,0.015468616,0.017442545,25d2yhim.png,0,test
0.00035779638,0.010041744,0.00078107644,0.0006217973,0.001322618,0.0022251583,0.003872006,0.006160231,0.009696669,0.012814319,0.017920611,0.025249371,0.031263873,25t24rda.png,0,test
0.00031318644,0.00945543,0.00083896937,0.0006579472,0.0011408598,0.0018953796,0.0032356197,0.0049786936,0.0074418252,0.009572508,0.012719028,0.016813671,0.019670447,26oam7ax.png,0,test
0.00028446957,0.008980645,0.0007513501,0.00059733674,0.0010328606,0.0017409753,0.003005123,0.004668998,0.0071384115,0.009368909,0.012603171,0.016944807,0.020497505,27bm4lz9.png,0,test
0.00030592855,0.009043249,0.00078112027,0.00067219744,0.0011477268,0.0019547946,0.0033762245,0.0052125775,0.0076326346,0.009824755,0.013153993,0.01742289,0.021514181,27hghrac.png,0,test
0.00032552707,0.009579,0.000752007,0.0006521777,0.0011876596,0.0020023102,0.0035328495,0.0056889593,0.009020834,0.012113559,0.017133893,0.02494764,0.033583127,2853uy8u.png,0,test
0.00028760545,0.0091653485,0.0006851384,0.0005940825,0.0010449543,0.0017509367,0.0030132388,0.004696832,0.0072431723,0.009524367,0.012993381,0.018310376,0.023872526,287qmrmp.png,0,test
0.00030195477,0.009453055,0.0006744592,0.000547262,0.0011218254,0.0018596981,0.0031015733,0.0046052085,0.0066530462,0.008203659,0.0101229735,0.012433397,0.014217646,289arnml.png,0,test
0.00032264492,0.009389734,0.00086022075,0.00070657063,0.0012034331,0.0020191215,0.0034326494,0.0053088767,0.008155525,0.010647824,0.014379387,0.019644396,0.024674913,28d4kctd.png,0,test
0.00029410404,0.009258257,0.00072008965,0.00058302056,0.0010631396,0.0017801129,0.0030362592,0.0046694363,0.006934398,0.0089346245,0.011861887,0.015597507,0.019009084,29326yw0.png,0,test
0.0009580805,0.013577718,0.0019297559,0.0016628484,0.0026961137,0.0044890544,0.008175312,0.014194626,0.024478866,0.034914687,0.052614976,0.079804316,0.09924074,29owh4ej.png,0,test
0.0004086541,0.010700223,0.0009450274,0.00079512066,0.0013795904,0.002312767,0.004113433,0.0067833443,0.010849096,0.014693492,0.020762863,0.029562052,0.038473062,2aol7cyw.png,0,test
0.00034565156,0.00988915,0.00073416525,0.0006496133,0.0012170608,0.00203371,0.0035308432,0.0056185015,0.0088172415,0.011778926,0.016724924,0.02385382,0.030458808,2bc2nnuv.png,0,test
0.00031220008,0.009651909,0.00074779865,0.00061484985,0.0011435754,0.0018969523,0.003175784,0.004716814,0.0068408325,0.008739632,0.011380663,0.014751606,0.017614862,2bu4wa2g.png,0,test
0.0003344448,0.009772802,0.00073637627,0.00065689953,0.0012267223,0.002074335,0.0036360894,0.0058190525,0.009075535,0.011946517,0.016464133,0.023018343,0.029740835,2c9ros7y.png,0,test
0.0002942052,0.009265663,0.00066231773,0.00059659604,0.0010847816,0.0018092297,0.0030869022,0.004704558,0.00684788,0.008631154,0.011183308,0.014428795,0.016942013,2eywpajo.png,0,test
0.00033161454,0.010133795,0.0007034654,0.000576144,0.001182101,0.0019480233,0.0032622016,0.004877324,0.0071802125,0.008983668,0.011522141,0.01447685,0.0161251,2f3wtu76.png,0,test
0.00032059653,0.0097239185,0.00075355184,0.00057743647,0.00116454,0.0019295324,0.003285652,0.005100079,0.007883099,0.010356942,0.014065156,0.019163074,0.02353145,2fiwpghx.png,0,test
0.00027486312,0.009047487,0.0006546491,0.000543897,0.0009979592,0.0016676595,0.0028525055,0.0044073043,0.006590707,0.008658713,0.011963516,0.016884929,0.021590112,2fknvzdd.png,0,test
0.00031855446,0.009616399,0.00079582795,0.00066636066,0.0011486263,0.0018943668,0.0031973964,0.0049113957,0.0074035535,0.009459378,0.012346771,0.016278876,0.01983905,2fptteuv.png,0,test
0.00032755279,0.009535499,0.0007954265,0.0007143186,0.0012087772,0.0019983759,0.0033292007,0.0050110994,0.007138432,0.008980238,0.011544545,0.014580757,0.016853627,2g09lbls.png,0,test
0.0008880093,0.013093529,0.0017058784,0.001560677,0.0025214427,0.004183617,0.0075791823,0.013094484,0.022752123,0.032896027,0.050816037,0.0791956,0.0998816,2g0e7h4n.png,0,test
0.0003659986,0.010178335,0.00071837724,0.00058046565,0.0012925441,0.002153605,0.0037080955,0.0057876823,0.008861737,0.011851001,0.016895527,0.024091851,0.02987634,2guqt6ve.png,0,test
0.00033076224,0.009761465,0.00073855085,0.0006687891,0.0011531628,0.0019279527,0.003380055,0.005343219,0.008225653,0.010852467,0.015029254,0.020783301,0.0257338,2h6htnor.png,0,test
0.0003303994,0.0094049,0.00090173597,0.0007350209,0.0011801319,0.00197623,0.0034338366,0.005387925,0.008165613,0.010688039,0.01429473,0.019188566,0.023481447,2hiwtsdw.png,0,test
0.00030186688,0.009239443,0.0006752299,0.000622617,0.0011087672,0.0018674147,0.003226178,0.0050821975,0.007603033,0.00970131,0.012785001,0.017112775,0.020944504,2i3p4lfd.png,0,test
0.00030868704,0.009547942,0.0007084978,0.0006104568,0.0011156284,0.0018505884,0.003143398,0.0048157736,0.0073600444,0.009694343,0.013012926,0.017864095,0.022798516,2ie2qna2.png,0,test
0.00029472317,0.009382471,0.00073087116,0.00058819767,0.001064334,0.0017595513,0.0029942715,0.0045583537,0.006693817,0.008554103,0.011297416,0.014915704,0.01793325,2ik2dehv.png,0,test
0.0003117069,0.009556617,0.00076875516,0.0006152399,0.0011198889,0.001870656,0.0031995005,0.005015201,0.007972885,0.010657585,0.014528325,0.020008475,0.024779264,2im44a2e.png,0,test
0.0003409217,0.009910007,0.0007146584,0.00058567873,0.0012332,0.0020616457,0.0035448426,0.005561582,0.008718929,0.011655744,0.016147748,0.023336008,0.030968813,2iqkv8d4.png,0,test
0.00032897035,0.009808222,0.00072233996,0.00061787677,0.0011823266,0.0019708448,0.0033461507,0.0051516583,0.007885869,0.010338008,0.013990268,0.019314907,0.024183396,2ix10zx8.png,0,test
0.0003788682,0.010250414,0.0006870547,0.0006093968,0.0013442225,0.002228671,0.0038562738,0.0061316243,0.009754022,0.013076132,0.018349428,0.025683329,0.031264544,2jcgo0j9.png,0,test
0.00032867986,0.009833709,0.00068595354,0.0006131429,0.0012036026,0.0019732784,0.0032870823,0.0049912645,0.0074727093,0.009542291,0.012526343,0.01620317,0.019714417,2ji749iz.png,0,test
0.00031553657,0.009355266,0.0007464702,0.0006844907,0.001170766,0.0019787522,0.003406258,0.005310587,0.008049229,0.010560468,0.014590716,0.020668192,0.027179869,2lc3bfpd.png,0,test
0.00027452313,0.00819545,0.0007152411,0.0006195914,0.0009816703,0.0016344975,0.0028279973,0.0044834726,0.007240069,0.009984027,0.014344365,0.02134735,0.028642561,2n8gjstt.png,0,test
0.00029845818,0.009149838,0.0007022506,0.0005990429,0.0011162547,0.0018799386,0.0031998765,0.004890007,0.007352182,0.009677406,0.013323237,0.018286912,0.022337822,2njot1j7.png,0,test
0.00051045395,0.010706712,0.0014346408,0.0011210035,0.0016134512,0.0026838165,0.0047730263,0.0076878457,0.012353678,0.017074568,0.023888705,0.033608567,0.042673275,2nkcdr54.png,0,test
0.00051636284,0.010763926,0.0017977365,0.0010355691,0.0018028597,0.002865115,0.0048242756,0.007602946,0.012048427,0.016417572,0.02327073,0.03240412,0.03963081,2o1rvmi1.png,0,test
0.00029697898,0.009258319,0.0006766688,0.0005826496,0.0011131082,0.0018833611,0.003260058,0.005127967,0.007847971,0.010356826,0.014156944,0.019826338,0.024814865,2op6vmjo.png,0,test
0.0003418168,0.009808042,0.00082484965,0.000739771,0.0012154221,0.002033999,0.0035738302,0.0057980176,0.009436719,0.012807562,0.018397465,0.02727201,0.03689017,2plb9g96.png,0,test
0.0003272235,0.009736859,0.00076380355,0.0006131824,0.0011699656,0.0019153443,0.003202691,0.004831587,0.007212165,0.009299638,0.012134681,0.015402132,0.017374465,2pqnfdxm.png,0,test
0.00028374855,0.008332452,0.0007703422,0.00062283775,0.0010068582,0.0016573744,0.002843053,0.0045175077,0.0072899684,0.010132077,0.014730618,0.022300623,0.029854259,2q4v65fm.png,0,test
0.0003983902,0.010342493,0.00072905293,0.0006745782,0.0013987176,0.0023222542,0.0040915385,0.006640174,0.010898809,0.015252206,0.022857927,0.0347641,0.045663845,2r0ni0jp.png,0,test
0.000282966,0.009136853,0.00068498857,0.00055491057,0.001033189,0.0017115021,0.0029084394,0.004417132,0.0065431655,0.008562304,0.011626923,0.015880674,0.0194714,2r78aovz.png,0,test
0.00038302783,0.010748554,0.00084838184,0.0007293206,0.0013043069,0.0021519589,0.0036823188,0.005744595,0.0086252615,0.011243824,0.015181733,0.020772757,0.025369523,2r9pegln.png,0,test
0.000312311,0.009539536,0.0006595682,0.0005577889,0.0011308732,0.0018793908,0.0032205004,0.005018378,0.007496559,0.00959356,0.012589417,0.016309377,0.018656095,2rezonqa.png,0,test
0.00033748412,0.010252112,0.0008393198,0.00063113705,0.0011425484,0.0018723606,0.0031620422,0.0048617013,0.007272202,0.009326394,0.01237439,0.0163603,0.019336995,2rgji9p4.png,0,test
0.00036598012,0.009203622,0.0012136749,0.000850839,0.0012344129,0.002084171,0.0037528402,0.0063307006,0.011264845,0.01662521,0.02577697,0.041944552,0.05736999,2rra3plc.png,0,test
0.0003963962,0.010828388,0.0008000854,0.00071558746,0.0013364039,0.0022160213,0.0038835579,0.0062916866,0.009924492,0.013558418,0.019361097,0.027674071,0.035078783,2sgaaqey.png,0,test
0.00027511685,0.00900762,0.0006706098,0.0005588723,0.0010087086,0.0016909034,0.0028875016,0.0044185775,0.006500815,0.008310962,0.0110616805,0.014942233,0.018728768,2skkftfy.png,0,test
0.00030565384,0.009457259,0.0006934111,0.0005523591,0.0011059389,0.0018367748,0.00314185,0.0049053594,0.007624958,0.010235376,0.014263913,0.019950064,0.024137385,2t8xmld5.png,0,test
0.00042211733,0.010487864,0.00069918775,0.0006849449,0.0014975418,0.00249477,0.004328129,0.006913996,0.011045329,0.014879849,0.021063503,0.029797217,0.03536038,2u1vi0xi.png,0,test
0.00041309392,0.010275447,0.0010202347,0.00077409606,0.001487535,0.0024320283,0.004127473,0.0064358152,0.009927283,0.013173958,0.018134693,0.024743343,0.0296593,2u8u23wu.png,0,test
0.00027184977,0.009049371,0.0006604728,0.000552781,0.00097213255,0.001617666,0.0027697324,0.0042793285,0.0063599804,0.008037898,0.010371244,0.013427998,0.016293779,2uhtjpk4.png,0,test
0.00035022586,0.01003231,0.0007568606,0.0006418441,0.0012492692,0.0020850413,0.0035832785,0.0055877576,0.008443173,0.010989128,0.014832444,0.020218093,0.024742931,2v0pkquj.png,0,test
0.00028953882,0.009420762,0.00073795806,0.00058072706,0.0010497496,0.0017464954,0.002913583,0.004354034,0.0063756173,0.008177726,0.010728103,0.01386193,0.016315866,2vbwbqkl.png,0,test
0.00032095792,0.009608834,0.0007409133,0.0006614872,0.0011733257,0.0019574447,0.0033146883,0.0050437315,0.0075376304,0.0097475415,0.013014133,0.016983049,0.020138465,2vmbmp05.png,0,test
0.00036384922,0.009394549,0.0012947835,0.0009206752,0.0012067324,0.0019477704,0.0032778324,0.0050906166,0.008073328,0.011271149,0.016542172,0.02494333,0.032703206,2w0sa3e1.png,0,test
0.0003168273,0.009633057,0.0007796736,0.000635733,0.0011522268,0.0019024926,0.0031970798,0.004870316,0.007217814,0.009355858,0.012669194,0.017385405,0.021410368,2wy0ufbc.png,0,test
0.00026822725,0.008801052,0.0007208594,0.00056171446,0.0009795323,0.0016450956,0.002830605,0.0043885526,0.0066481647,0.008600167,0.011329524,0.014723691,0.01745096,2xn9txfj.png,0,test
0.00028244357,0.009022134,0.0006006726,0.0005659981,0.0010542637,0.0017757107,0.003075898,0.00482579,0.007210406,0.009323887,0.01253081,0.016964857,0.021112012,2xog4c8j.png,0,test
0.00097340706,0.01329724,0.0021353867,0.0016800388,0.002690996,0.0044540986,0.008043311,0.013785852,0.023595735,0.033573184,0.05032066,0.075901836,0.09351254,2z130e0q.png,0,test
0.00039428668,0.010552748,0.00079065247,0.0006385106,0.0013788282,0.0022560004,0.0038134577,0.005934697,0.009160718,0.012305149,0.017386239,0.02480396,0.031078402,2z9pwq7f.png,0,test
0.00032780404,0.009812299,0.0007694537,0.0006128505,0.0011937665,0.0019831888,0.00339359,0.0052854693,0.008118035,0.010696368,0.014738532,0.02050998,0.02483202,30gfzs83.png,0,test
0.00031405623,0.0093586845,0.00085354253,0.0006772017,0.0011428638,0.001901396,0.003238117,0.0049805073,0.0074670166,0.009818362,0.013339844,0.017580068,0.020374138,30idmeej.png,0,test
0.0002838722,0.008940621,0.0006817352,0.00057996105,0.0010594594,0.0017729991,0.00301859,0.004666687,0.0071857064,0.009325045,0.012370461,0.016392503,0.020045653,325nh1xk.png,0,test
0.00029437005,0.009177101,0.00068866013,0.00059146347,0.0010829307,0.0018143163,0.0030701084,0.00473291,0.0071910927,0.0095285615,0.013159267,0.018191213,0.023089882,32bgkbim.png,0,test
0.00035091778,0.010423091,0.0007668801,0.00064842246,0.0012354336,0.0020629598,0.0036098154,0.005754036,0.00887007,0.011593248,0.015793923,0.021955756,0.027847938,334ep2m0.png,0,test
0.0005706032,0.010763672,0.0024272208,0.0012424453,0.001982562,0.0030831501,0.005129371,0.008151343,0.013327645,0.018481432,0.026753033,0.03776797,0.048325706,33gn6s1g.png,0,test
0.00034362165,0.01002679,0.0007721061,0.00062085903,0.0012415388,0.0020728025,0.0036011061,0.005699945,0.00878993,0.011556158,0.015465926,0.020715972,0.024868166,34i2lwix.png,0,test
0.00031652194,0.009318165,0.0007435606,0.0006504029,0.0011722891,0.001994423,0.0035081508,0.005621691,0.008601365,0.011284348,0.015388768,0.020727819,0.02635716,353qtxft.png,0,test
0.00029697127,0.0094969245,0.0006211535,0.0005883659,0.0010677679,0.0017622018,0.0029827217,0.0045627356,0.006646588,0.008364689,0.0106631955,0.013308587,0.015400638,365rd46w.png,0,test
0.00032331081,0.009457142,0.00079054915,0.00071007985,0.0011824571,0.0019731391,0.0033738355,0.0051498995,0.007601968,0.009762557,0.013121066,0.017965414,0.022235347,36sl78o1.png,0,test
0.0003384125,0.009853111,0.0006938567,0.00060386147,0.0011800869,0.0019550284,0.0033592766,0.00527963,0.008352624,0.011477248,0.016316468,0.023010587,0.028730456,36ybig0p.png,0,test
0.00033211568,0.009689933,0.0006694704,0.00061215664,0.0011687445,0.0019845904,0.00357984,0.0059998264,0.009894462,0.013841137,0.020495187,0.03120128,0.042514354,374m3r3m.png,0,test
0.0003337893,0.009754604,0.0007885933,0.00069653755,0.0012061917,0.0020441508,0.0036049355,0.0057770237,0.008945117,0.011883333,0.016688162,0.02391339,0.031314112,37l9thn4.png,0,test
0.0003022296,0.009459429,0.0007245724,0.0005837243,0.0011019832,0.0018234279,0.0030643237,0.0045964117,0.0066816327,0.008403161,0.010802214,0.013947968,0.016396074,396yfi7e.png,0,test
0.00030753037,0.009178263,0.00072835275,0.0006387827,0.0011459212,0.0019374951,0.0033375733,0.005130997,0.007953213,0.010544426,0.014412728,0.020216323,0.02621344,3989i6z7.png,0,test
0.00031795935,0.0096381465,0.00078749785,0.0006392311,0.0011420125,0.0019089646,0.0032920085,0.0051106694,0.007586137,0.009744663,0.012914746,0.016733589,0.01922673,39e6ta6d.png,0,test
0.00034091825,0.00991163,0.00068031956,0.00056539156,0.0011878437,0.0019471218,0.0033255562,0.0051756487,0.0078335395,0.010161491,0.013563152,0.017824756,0.02075501,3bjeh7t3.png,0,test
0.00034078592,0.010149927,0.0008473239,0.00069099275,0.0011862381,0.0019669035,0.0033385302,0.0051716273,0.0077988673,0.010109341,0.013460773,0.017722683,0.021061229,3bmuu1hz.png,0,test
0.00032916592,0.009390037,0.0008758011,0.0007167246,0.001227666,0.0020701792,0.0036324873,0.0057672304,0.008781267,0.011424343,0.015407606,0.020836933,0.025921408,3cj9hvr2.png,0,test
0.00031617552,0.009722423,0.00064243,0.0005938721,0.0011317754,0.0018892473,0.0032706528,0.0050766603,0.007692075,0.00996259,0.013248116,0.017365428,0.020414012,3fezez5e.png,0,test
0.00036711863,0.010160026,0.0007746964,0.0006264599,0.0013125743,0.002179086,0.0037542656,0.005891866,0.008954503,0.011645175,0.015693503,0.021392625,0.025337592,3fl8wyw5.png,0,test
0.0002885701,0.009148465,0.00063183,0.0005818167,0.0010640172,0.0017766863,0.003036984,0.00471061,0.007057414,0.009209666,0.012313387,0.016402094,0.020383678,3fon8ong.png,0,test
0.00030569793,0.009578881,0.0006188797,0.00051680894,0.0011047559,0.0018442397,0.0031663205,0.004918504,0.0074580754,0.009770821,0.013188064,0.017817833,0.021233955,3frb5180.png,0,test
0.00029636497,0.009191132,0.00071454485,0.00061645685,0.0010845423,0.001821955,0.0031754733,0.005068053,0.007835439,0.010364169,0.014103767,0.0193639,0.024526829,3g2x8xc3.png,0,test
0.00030150867,0.0092651425,0.0008436065,0.0006348234,0.0010960231,0.0018364643,0.003121176,0.0047274916,0.0069062244,0.008783059,0.011447541,0.0147942705,0.017612826,3gopvacz.png,0,test
0.00032068812,0.009536869,0.0007360737,0.0006673757,0.0011327075,0.001897562,0.0033404008,0.005489635,0.009074382,0.012433019,0.017871546,0.02659214,0.036518067,3gsxs58q.png,0,test
0.00030703552,0.009472527,0.00067909935,0.00062710355,0.0010983573,0.0018484674,0.0032219873,0.005126118,0.007901785,0.010472273,0.014462253,0.020311529,0.025713302,3gtxyz8a.png,0,test
0.00031316385,0.009646437,0.00074941525,0.00060306233,0.0011522023,0.0019125978,0.0032553086,0.0049250415,0.007295969,0.009290427,0.01215921,0.016194897,0.020176956,3h05p69d.png,0,test
0.0003328704,0.009733764,0.0007372751,0.00057389896,0.0011909548,0.001992032,0.0034663798,0.0055376273,0.008795449,0.011882198,0.016755667,0.023831347,0.02965134,3hkyirkk.png,0,test
0.0003737481,0.010120298,0.0008519167,0.00075795763,0.0013000794,0.0021719804,0.0037751622,0.0060070786,0.009204526,0.012311822,0.017383516,0.024547463,0.031661473,3hsa15p7.png,0,test
0.00030927247,0.009463398,0.00074104016,0.0006426524,0.0010924586,0.001809353,0.0031388265,0.0049773105,0.00759667,0.009874224,0.013384833,0.017968377,0.021206383,3i09gb2k.png,0,test
0.0003587334,0.010227961,0.0007538792,0.00067213323,0.001263043,0.0020724756,0.0035171392,0.0054681418,0.0085187955,0.011214339,0.0152847245,0.021024404,0.025792198,3i2evwmn.png,0,test
0.00035278389,0.010320056,0.0008126229,0.00067232805,0.0012246561,0.0020468591,0.003594104,0.0058259065,0.009301011,0.012530102,0.017367158,0.024044588,0.030093197,3j7evq56.png,0,test
0.00039814567,0.010494254,0.0008215461,0.00073537807,0.0013215321,0.002158461,0.0036609846,0.0056209783,0.008680082,0.01148943,0.015431714,0.021245543,0.025624683,3jebgfft.png,0,test
0.00027556138,0.008718659,0.0007092922,0.00058706314,0.0010246596,0.0017288313,0.0029957322,0.00469608,0.0071595735,0.00924809,0.012296302,0.016213015,0.01939328,3kcvjxzd.png,0,test
0.00036904696,0.010089121,0.000753788,0.00066668144,0.0012719961,0.0020861216,0.0034933698,0.005338463,0.008180809,0.010732557,0.014248335,0.01853921,0.021139741,3kompo0n.png,0,test
0.00034687662,0.009923945,0.0007285092,0.0006476058,0.0011924669,0.0019596189,0.003389065,0.0053854166,0.008487745,0.011426173,0.015956784,0.02290208,0.028668148,3lm8fhcc.png,0,test
0.00027897154,0.009276204,0.00065615925,0.0005508451,0.0010257409,0.0016855999,0.0028226012,0.0042571276,0.006078445,0.0074826092,0.009236813,0.011297522,0.013149711,3mf3gq7p.png,0,test
0.00033066736,0.010130404,0.00077315,0.0006232125,0.0011584365,0.001908058,0.003252569,0.0050444608,0.00756021,0.01007094,0.014238569,0.02025603,0.025500657,3mvqiixk.png,0,test
0.00058817654,0.010268219,0.0014726867,0.0012829078,0.0017932291,0.003043675,0.0055969497,0.009698332,0.01679404,0.0238722,0.03553527,0.053116005,0.06702468,3mwg24un.png,0,test
0.0004094024,0.010552044,0.0007952711,0.0006980689,0.0014087454,0.0023167636,0.003995577,0.0064300797,0.010407213,0.014131741,0.020126158,0.028881881,0.035517987,3nk40o5v.png,0,test
0.00036296676,0.010577252,0.0008322218,0.0006722735,0.0012469509,0.002059897,0.0035753825,0.005751344,0.0090955915,0.012413206,0.01745826,0.024844754,0.032007188,3npi9kur.png,0,test
0.00038559816,0.010456435,0.0007491244,0.0006894138,0.0012890423,0.0021389509,0.003731812,0.0060208333,0.009543427,0.012791463,0.017899433,0.025114244,0.031473957,3nvxryqg.png,0,test
0.00028475354,0.009095531,0.0006962418,0.00058047887,0.0010408503,0.0017386773,0.0029590602,0.0044933776,0.006532808,0.008265771,0.01067923,0.013792435,0.016292222,3o4dp632.png,0,test
0.00034663864,0.009527749,0.00082694093,0.0007724489,0.0012872716,0.0021810662,0.0038142856,0.0061199027,0.009307912,0.01216938,0.016739877,0.023673063,0.031235853,3oe8e69l.png,0,test
0.00029052593,0.009369862,0.0006805951,0.00058961863,0.0010300562,0.0017189595,0.0029450853,0.0045944517,0.007087358,0.009303144,0.012369138,0.016474724,0.020039028,3pajvf9i.png,0,test
0.00037981017,0.010713724,0.0008593344,0.0007324956,0.0013021801,0.002157631,0.003708758,0.0058310153,0.008990711,0.011820461,0.015962906,0.021532666,0.026380135,3pyjai6t.png,0,test
0.00030216112,0.009418152,0.00067586097,0.00058568333,0.0011181496,0.0018792704,0.003179523,0.00481353,0.0070907646,0.009157164,0.0122888675,0.016777618,0.021007009,3q78fcpv.png,0,test
0.0008621403,0.0130191315,0.001723465,0.0014840221,0.0025324428,0.00424763,0.007724079,0.013176359,0.022311412,0.031625606,0.04767132,0.07275685,0.09005389,3qrur6m7.png,0,test
0.0002913701,0.009381784,0.0006810413,0.0005731183,0.001069816,0.0017802541,0.0029869229,0.0044486946,0.006379171,0.00794291,0.010181756,0.013015364,0.015380439,3rmzm4qi.png,0,test
0.00029497442,0.009275599,0.00072263327,0.00059453706,0.0010791131,0.0018117757,0.0031012278,0.0047211256,0.007023942,0.008971009,0.011599045,0.014894478,0.017741919,3sfgho4q.png,0,test
0.00046224977,0.010666416,0.001145281,0.0008336305,0.0015717504,0.002505497,0.0042347023,0.0067044357,0.0108693335,0.015088505,0.022323247,0.033660475,0.04389762,3sl4plic.png,0,test
0.000290096,0.009082694,0.0007045787,0.00059407443,0.001070615,0.0017978076,0.0030497524,0.0046915086,0.007050763,0.009320917,0.0129249785,0.0180557,0.024072688,3slvrqlm.png,0,test
0.00028083404,0.009008981,0.0006247339,0.0005842667,0.0010250716,0.0016985278,0.002895139,0.004473938,0.0066844034,0.0084075425,0.01096275,0.014574583,0.018114615,3sm1ppyz.png,0,test
0.00029680977,0.009217361,0.00074736704,0.0006123394,0.0010926783,0.0018236267,0.0031267605,0.00490674,0.007445556,0.009847021,0.013614716,0.01888991,0.023716189,3spks337.png,0,test
0.00032846353,0.009715886,0.000690435,0.0006012561,0.0011443805,0.0018866493,0.003244819,0.0050377892,0.007652547,0.010070044,0.013726321,0.01904689,0.024272075,3sr4bu7t.png,0,test
0.00031841724,0.009476455,0.0007684325,0.00066777464,0.0011314008,0.0018970474,0.003305722,0.0051829056,0.0077777714,0.01017893,0.013879064,0.019269783,0.024191577,3t945psl.png,0,test
0.00034064328,0.009561381,0.00080327934,0.0007432699,0.0012436871,0.0020896455,0.0036667213,0.0058490215,0.0087920325,0.011580401,0.016113095,0.022647101,0.029002406,3ttopnv3.png,0,test
0.00031431473,0.009214235,0.0007201283,0.000679296,0.001152854,0.0019350575,0.0033301956,0.005203128,0.007943358,0.010384076,0.014133404,0.019380795,0.024408892,3tw3vtyu.png,0,test
0.0002877181,0.0091444105,0.0006959234,0.00056990917,0.0010623933,0.0017830065,0.0030788737,0.0048253248,0.007291798,0.009430989,0.012686716,0.017250203,0.021152895,3ujlvmy4.png,0,test
0.0003442274,0.009879245,0.0007199439,0.0005940144,0.0012065101,0.0020000166,0.003437125,0.0053985002,0.008287071,0.010985121,0.015180888,0.020912537,0.025506584,3vm4x959.png,0,test
0.00039583148,0.010199806,0.0008805153,0.00072679,0.0013020589,0.0021380703,0.0037477417,0.0060061915,0.009363124,0.0123948455,0.0171093,0.02308176,0.027815906,3vynpd2v.png,0,test
0.00039448743,0.010456937,0.00080529315,0.0007301452,0.0013283781,0.0021816853,0.0037552104,0.005872851,0.009047103,0.011976872,0.016504174,0.022586718,0.027057335,3vznyson.png,0,test
0.00031189673,0.008790245,0.0010579989,0.00078647817,0.001064528,0.001736401,0.0029430203,0.00462824,0.007496285,0.010552424,0.015864031,0.025251612,0.035625435,3x2tzkq1.png,0,test
0.00039260433,0.010434884,0.0007531098,0.0006723725,0.0013583371,0.0022655611,0.003956809,0.0063784574,0.010162761,0.013770169,0.01974579,0.02880574,0.035316363,3xflkcg6.png,0,test
0.00027797534,0.009142239,0.00069215224,0.00056073436,0.0010214676,0.0017060174,0.0028737374,0.004303478,0.0063078585,0.007995598,0.010266652,0.013191553,0.015754769,3xgtkctt.png,0,test
0.00033555372,0.009526048,0.000728324,0.00070444104,0.0012314136,0.0020705468,0.0035606453,0.005591995,0.00841473,0.010763078,0.014000429,0.01799964,0.021586848,3xjke4xi.png,0,test
0.000321625,0.009345881,0.0008202603,0.0006890301,0.0011683921,0.0019632445,0.003440977,0.0055745333,0.008955317,0.012087517,0.016967557,0.02399813,0.031904228,3xmoj4wu.png,0,test
0.00042154524,0.010572247,0.00071800186,0.0006816013,0.0014479051,0.0024066556,0.0042367675,0.0069709746,0.011263763,0.015172643,0.021209644,0.029539721,0.03652842,3y35byll.png,0,test
0.0003115293,0.009542842,0.0007852928,0.0006444919,0.0011162348,0.0018766731,0.0032587429,0.0050493637,0.0074518886,0.009672376,0.01286323,0.017010124,0.020428332,3yczq6i2.png,0,test
0.0002960452,0.009226042,0.00070472766,0.0006057582,0.0010898279,0.0018369473,0.0031946308,0.005039401,0.0077264635,0.009984858,0.013300184,0.017697105,0.021420771,3ymk4wkd.png,0,test
0.000314251,0.009751725,0.0007226903,0.0005911337,0.0011624555,0.001930116,0.0032257717,0.0048528155,0.007169903,0.009120292,0.011883193,0.015478144,0.018372174,3yoesjk9.png,0,test
0.00032487576,0.009357802,0.0008950002,0.0006971089,0.001204454,0.0020094162,0.0034569742,0.0053390847,0.008013638,0.010493206,0.013998495,0.019046482,0.023245545,3zmmw5ed.png,0,test
0.00030862892,0.009536876,0.00067690265,0.0005484941,0.0011268815,0.0018834157,0.0032502299,0.0050778748,0.007852455,0.010246939,0.013706441,0.018779656,0.023672694,403mwofh.png,0,test
0.00059040607,0.010422686,0.0014913569,0.0013588226,0.0018563163,0.0031757122,0.005863967,0.010075717,0.017223733,0.02421352,0.03531986,0.05210397,0.06625482,40bz0pab.png,0,test
0.00034551436,0.009865978,0.00080403103,0.0007307793,0.0012343473,0.002064713,0.0035777062,0.005629482,0.008656973,0.011510091,0.015977921,0.022811968,0.03020739,40wsp0aj.png,0,test
0.00038537692,0.010079893,0.0009776831,0.0007713802,0.0012830024,0.0020913421,0.0035507232,0.0056113214,0.0089558875,0.012382988,0.018436003,0.028409863,0.038934022,412sw51a.png,0,test
0.00034298853,0.009756014,0.0006990185,0.00065215136,0.0012388306,0.0020783267,0.0035450016,0.005514334,0.008532842,0.011446032,0.016173046,0.023129048,0.029770719,42gpzxw6.png,0,test
0.00029441036,0.009318464,0.00068155414,0.0005916306,0.0010620938,0.0017599026,0.0029620735,0.004480847,0.0066895676,0.008658991,0.011631022,0.015566512,0.019050397,42h5zxrq.png,0,test
0.00031714767,0.009688638,0.0006951804,0.00062454696,0.0011628451,0.0019504871,0.0033677944,0.0052225757,0.007902541,0.010417915,0.0142068695,0.019254858,0.023796044,42nfcu5r.png,0,test
0.000298752,0.009439356,0.00071755634,0.0006078515,0.001087614,0.0018240126,0.00314226,0.0049012722,0.007520358,0.009782751,0.012864868,0.017221477,0.02139202,4311bkhs.png,0,test
0.00034292205,0.009496314,0.0008962655,0.000742299,0.00122438,0.0020841944,0.003729099,0.00620689,0.009937893,0.013392266,0.019075377,0.02745817,0.036901098,432dv2ye.png,0,test
0.00034022017,0.009822931,0.0008078147,0.00068368664,0.0012011402,0.0020240676,0.0035396009,0.005765171,0.009198233,0.012487283,0.018138189,0.027113186,0.03707938,448n7odk.png,0,test
0.0003002435,0.009036065,0.0007567657,0.0006419683,0.0011316489,0.0018987515,0.003232236,0.00502057,0.007742281,0.010354702,0.014661288,0.021161309,0.028370617,45beyxl5.png,0,test
0.00058952055,0.0103382375,0.00132545,0.0013064827,0.0018423913,0.003158871,0.00579996,0.00991421,0.01687084,0.023674311,0.034613434,0.0518064,0.06652454,45t4u2yp.png,0,test
0.00031549108,0.009531871,0.0006925705,0.0006115321,0.0011409003,0.0019082632,0.0032918951,0.0051299874,0.007826163,0.010197886,0.013685264,0.018427156,0.021873211,473ozrbl.png,0,test
0.0009928235,0.013481066,0.0021912332,0.0017196937,0.0027848254,0.0046410942,0.008428429,0.0144403,0.024247048,0.034097943,0.050583377,0.07491618,0.09049544,48vltv8a.png,0,test
0.00087680895,0.013431556,0.0015419951,0.0014722835,0.002503228,0.004141388,0.007424704,0.012520796,0.021107843,0.02997482,0.04508925,0.068188444,0.08331705,4a3k45k6.png,0,test
0.0003414113,0.009846707,0.000800713,0.0006493311,0.0011959237,0.0019859348,0.0033807668,0.0052051973,0.0077782306,0.010067326,0.013175352,0.017085401,0.02003466,4ax2b26v.png,0,test
0.00097193127,0.013414985,0.0021842425,0.0016960202,0.0027368744,0.0045350133,0.008159177,0.013885674,0.023470271,0.033347648,0.05008467,0.07495147,0.09208519,4bj18qhk.png,0,test
0.00038661907,0.010278774,0.0007403773,0.00061285,0.0013928812,0.0023354806,0.0040568667,0.0064296015,0.01011925,0.013513348,0.018948307,0.02667571,0.03276552,4d15z971.png,0,test
0.00034170694,0.009948278,0.0007603422,0.00061882386,0.0012322108,0.0020534769,0.003535008,0.0055939746,0.008827307,0.011705453,0.016257796,0.023095347,0.029247709,4ds1eo5j.png,0,test
0.0002860394,0.009081927,0.00068279746,0.00057859806,0.001064534,0.0017790595,0.0030177152,0.004607293,0.00679951,0.008646587,0.011323728,0.014640188,0.017497404,4dsgmcfo.png,0,test
0.00028697005,0.00911014,0.0006534183,0.0005788365,0.0010786473,0.0018443243,0.0032194061,0.005057818,0.0077790963,0.010281547,0.014270999,0.020218443,0.025456524,4dsxlsut.png,0,test
0.00026185001,0.008122485,0.00091589877,0.00063327636,0.0009252641,0.0015363122,0.002639135,0.0041618454,0.0066034966,0.009156105,0.013422522,0.020039255,0.027119035,4duolrcj.png,0,test
0.00030864403,0.009436871,0.00078141614,0.00062147266,0.0011220118,0.0018661489,0.0031014981,0.004598118,0.0066306316,0.008299557,0.010648298,0.013630247,0.015742285,4e2opanz.png,0,test
0.00027973313,0.009060329,0.0006254649,0.0005812724,0.001009593,0.0016915629,0.0029134718,0.0045333407,0.006922005,0.009104808,0.012314309,0.016840376,0.021411607,4fodmjmb.png,0,test
0.00042668448,0.010334565,0.0011226628,0.0008521766,0.0013597774,0.0021982873,0.0037156742,0.0058310274,0.009266058,0.012745466,0.018733067,0.02822463,0.03801359,4g5m280a.png,0,test
0.0003208024,0.00950476,0.0008066726,0.00065521797,0.0011610677,0.0019297504,0.0033467743,0.005285742,0.008309836,0.011111377,0.0152530465,0.021473907,0.027921675,4gcw5ja3.png,0,test
0.00033988312,0.00985595,0.00076519366,0.00060210936,0.0012317771,0.0020583163,0.0035788019,0.0056271814,0.008689263,0.011296343,0.015113869,0.020634014,0.025005724,4gru7j7m.png,0,test
0.00034023498,0.009845691,0.0006595963,0.0005888607,0.0011764807,0.0019155457,0.0032475626,0.004995415,0.007500141,0.009635148,0.012725732,0.0164744,0.018697238,4hdpbza5.png,0,test
0.00037688803,0.010466041,0.00095594156,0.00071291305,0.001287788,0.0021344137,0.0036286432,0.0056209294,0.008662298,0.011566851,0.015974747,0.021954073,0.027213445,4hvfv6ej.png,0,test
0.00030544458,0.009141391,0.00071410916,0.0006456575,0.0011351631,0.0019182729,0.0033432893,0.0052810265,0.008140704,0.0106772585,0.014470243,0.019340914,0.02390192,4ir4oj0j.png,0,test
0.00036048016,0.009455368,0.001086171,0.00080472557,0.0013236424,0.0022690615,0.004138009,0.0068778335,0.010831114,0.014565047,0.02061889,0.028883474,0.037233077,4jep4lsv.png,0,test
0.0003447316,0.00971553,0.00085268327,0.00074654416,0.0012504697,0.002100145,0.0036109097,0.00567085,0.008553879,0.011199389,0.015288094,0.021265268,0.026643615,4jiht2rq.png,0,test
0.00028812015,0.008931753,0.00065861776,0.0006130996,0.0010806334,0.0018147444,0.0031507788,0.005024753,0.007856646,0.010443072,0.014374609,0.02019226,0.026269535,4jtj27yh.png,0,test
0.00033805732,0.009682649,0.0008586395,0.0007005451,0.001214029,0.0020685904,0.0037832824,0.006353022,0.010450118,0.014497083,0.02135605,0.032707196,0.045281075,4ldimsyj.png,0,test
0.00029088295,0.00942998,0.0007077715,0.00056769355,0.0010708347,0.0017860759,0.002981345,0.004466241,0.0065440172,0.0083234375,0.010776384,0.013603315,0.01555893,4ltx0imp.png,0,test
0.00031022003,0.009458821,0.0007582977,0.0006238886,0.0011265196,0.0018808051,0.0032290327,0.00497771,0.0072913966,0.009323833,0.012262096,0.016031632,0.019531114,4mvhdpbs.png,0,test
0.0005219885,0.010626842,0.0015859734,0.0011698691,0.0016531887,0.0027736379,0.005008984,0.0083224205,0.013723465,0.019088864,0.027143657,0.0393775,0.051698476,4n0hwcqf.png,0,test
0.0003281136,0.009710321,0.0007138386,0.0005780098,0.0011510311,0.001904851,0.0033019586,0.0053010928,0.008494307,0.011527722,0.016304774,0.02296396,0.028032197,4nb8x1kg.png,0,test
0.00030474667,0.009288713,0.00069119385,0.00064133113,0.0011011079,0.0018295883,0.0031326334,0.004819267,0.0072009778,0.00929911,0.012379506,0.016780779,0.020853478,4ng4tfuw.png,0,test
0.00036840592,0.01007323,0.0006631004,0.0005967311,0.0012973135,0.0021450622,0.003757961,0.006020035,0.009284467,0.012351229,0.017068641,0.022939002,0.026845269,4o6pjhnd.png,0,test
0.00037085742,0.009943071,0.00071019604,0.0006494953,0.0012912363,0.0021284025,0.0036844052,0.005855165,0.009161703,0.012340395,0.017627835,0.025122326,0.030262807,4o8lyec9.png,0,test
0.00028538404,0.009190904,0.0005823577,0.0005559985,0.0010420368,0.0017454056,0.003025656,0.0046526873,0.006796297,0.008609188,0.011233434,0.014614372,0.01728529,4oepc8tz.png,0,test
0.0003567903,0.0100176055,0.0007392218,0.00062524644,0.001250403,0.0020547064,0.0034597446,0.0052725268,0.007933063,0.0102349715,0.013683684,0.01822803,0.021298446,4r4kj3gw.png,0,test
0.00034845356,0.010074082,0.0007265877,0.0006141039,0.001255677,0.0020762691,0.0035096863,0.005405616,0.008261822,0.010940708,0.015233116,0.021785002,0.026821751,4r8ph9t8.png,0,test
0.00034294708,0.009777967,0.00072968996,0.0006034634,0.0012308831,0.0020372588,0.0034539476,0.0053182733,0.008064763,0.0104198335,0.014094943,0.019266376,0.022744706,4rkkv23e.png,0,test
0.0004900779,0.010821679,0.0012642398,0.0008737701,0.0017149613,0.002784984,0.004873295,0.008010234,0.01332684,0.01858363,0.027679611,0.041492756,0.05168226,4sydu5ir.png,0,test
0.00035154907,0.010337504,0.00078437093,0.00063539954,0.0012364084,0.002027068,0.0034339118,0.005288765,0.008110542,0.010577208,0.014065979,0.018779958,0.023130246,4tpek4r2.png,0,test
0.0003064829,0.009604953,0.0006898652,0.00057865534,0.001129358,0.0018682295,0.0031409757,0.0047131865,0.0069980333,0.00888441,0.01137036,0.014694488,0.017541982,4tul4u8z.png,0,test
0.0003388943,0.009691503,0.00072509784,0.0006109862,0.0012385678,0.0020852536,0.0036739502,0.005908766,0.00955965,0.012878383,0.018177291,0.02569993,0.031436395,4udzjj10.png,0,test
0.000312024,0.0095930435,0.0006920304,0.00058224244,0.0011508599,0.0019286909,0.0033031742,0.0050881305,0.0077549545,0.010082513,0.013514333,0.018409524,0.023239153,4uyx8psw.png,0,test
0.00053710863,0.010664856,0.002004897,0.0010980723,0.0018855092,0.0029687611,0.004999671,0.007988502,0.013050535,0.018254563,0.026927054,0.038807273,0.04860921,4v6305sx.png,0,test
0.0003552042,0.010455585,0.00072717154,0.0006185916,0.0012770677,0.0021212262,0.0036666105,0.0057554794,0.008816373,0.011200496,0.01454716,0.01889491,0.022160651,4vmwve9u.png,0,test
0.00034806327,0.010243435,0.0007766612,0.0006691977,0.0012138538,0.0019928687,0.0034029626,0.0053288545,0.008199026,0.010756389,0.014473083,0.019781696,0.024512343,4w4wdg6v.png,0,test
0.00034396883,0.009809413,0.0008706434,0.00070681307,0.001203169,0.0020246923,0.0035356784,0.0057395333,0.009446358,0.0130076865,0.018441835,0.026816653,0.0359367,4w88zjpf.png,0,test
0.0003688349,0.010308671,0.00081266806,0.0006967836,0.001250477,0.0020660593,0.0036127733,0.0059251897,0.009481408,0.01288424,0.018620836,0.027552355,0.035811346,4wlk1kku.png,0,test
0.00039246003,0.010242856,0.00072054524,0.0006898311,0.0013400125,0.002150042,0.0036087735,0.0055071726,0.008509433,0.011418549,0.015955573,0.021943042,0.025876736,4ws7bgu5.png,0,test
0.000319347,0.009254455,0.00077313284,0.00070149504,0.0011644344,0.00195606,0.003384658,0.005341893,0.008126736,0.010639972,0.014279855,0.018977882,0.023516117,4x16immz.png,0,test
0.00029282342,0.009204238,0.0007406622,0.0006028846,0.0010618666,0.001760517,0.0030109172,0.0047118296,0.0072255163,0.009513165,0.012844572,0.017710268,0.02262068,4yqxjtvi.png,0,test
0.0003147677,0.00956151,0.00066522486,0.0006308,0.0011384423,0.0019059777,0.003379006,0.0054931017,0.008771959,0.011810963,0.016805112,0.024340326,0.03169345,4yrtu7eg.png,0,test
0.00030790773,0.00948725,0.0008296126,0.00061880186,0.0011156208,0.0018634372,0.0032317967,0.005037878,0.0075884834,0.00993403,0.013630317,0.018447503,0.022551754,50h7e6je.png,0,test
0.00027457505,0.008907491,0.0007085023,0.0005507054,0.0010052444,0.0016733265,0.0028417355,0.0043540024,0.0064964374,0.008391325,0.011105304,0.01471257,0.017409937,51en98jr.png,0,test
0.0003098082,0.009319414,0.00072919775,0.00066409755,0.0011222346,0.0019034434,0.0033343856,0.0052987537,0.007854278,0.010224445,0.013886087,0.01872674,0.023735717,51las5wh.png,0,test
0.00041469117,0.010565214,0.0008006508,0.00071858085,0.0013718217,0.0022261136,0.0037832635,0.0059491135,0.009481939,0.012837543,0.01806212,0.025798552,0.032229215,52ilqig4.png,0,test
0.0003143968,0.009560903,0.0007091041,0.00062636123,0.0011662951,0.0019600731,0.003331798,0.0050983536,0.0075351116,0.009489382,0.012204853,0.015802067,0.018711025,52zwsedn.png,0,test
0.00032241974,0.0096649,0.00064857205,0.00057257526,0.0011501217,0.0019056159,0.003287743,0.0052270866,0.008124389,0.010811467,0.014981033,0.021019815,0.025374865,53gzc3oq.png,0,test
0.00042947134,0.010592635,0.00082473643,0.0007377711,0.0014794439,0.0024317487,0.0041115102,0.0064380844,0.010055828,0.013557208,0.01921148,0.02743291,0.03317811,53n8n84v.png,0,test
0.0002840498,0.0091761025,0.000657162,0.00058001163,0.0010086554,0.0016734243,0.002856999,0.0044467705,0.006611052,0.008512542,0.011500686,0.01572725,0.019846005,53y15cae.png,0,test
0.00034628023,0.010041293,0.0008837563,0.0006844566,0.0012209874,0.0020160482,0.003468647,0.005580158,0.008940226,0.012187793,0.016927335,0.023392016,0.028840467,54j3fs3j.png,0,test
0.0003233891,0.0094498405,0.00081186875,0.00069688103,0.0011832586,0.0019684432,0.0033452834,0.0051143295,0.007513531,0.009699572,0.013013417,0.017694999,0.022066377,54pql55w.png,0,test
0.00031404223,0.009626119,0.0007348299,0.0006306952,0.0011445726,0.0019198678,0.0033167922,0.0052430863,0.008149656,0.010852935,0.014912394,0.020766607,0.02648553,55izolnn.png,0,test
0.00036073226,0.0100255795,0.0006546732,0.0006274041,0.0012452921,0.0020203476,0.0034078248,0.0052549858,0.007940628,0.010308293,0.013717984,0.017967643,0.02062638,55jnbrxl.png,0,test
0.00034336574,0.009674144,0.0008636424,0.0007448019,0.0012161854,0.002063012,0.003728192,0.0062839673,0.010051307,0.013546719,0.019300656,0.027766759,0.03682082,55ts0wpl.png,0,test
0.000294311,0.009241984,0.00071958645,0.0005998215,0.0010802124,0.0018221496,0.0031084805,0.00477135,0.007150716,0.00938516,0.012455225,0.015906492,0.018350985,56tai2mk.png,0,test
0.00034919727,0.009846564,0.00084133365,0.00076325814,0.00122907,0.0020648693,0.0036350721,0.005843331,0.009199631,0.012292415,0.01732749,0.024834212,0.032910954,5713g3ws.png,0,test
0.000352741,0.009989024,0.0007355463,0.0006403084,0.001232559,0.0020282404,0.0034279143,0.005263267,0.008071549,0.010625936,0.014446798,0.019855268,0.024237823,59ba0t9f.png,0,test
0.0003418186,0.009799954,0.00076642167,0.0006436323,0.001263156,0.002139102,0.0037315118,0.0059395465,0.009449601,0.012716094,0.017951803,0.025339223,0.03171695,5ahk2ysk.png,0,test
0.00034245182,0.009873717,0.0006918841,0.00063743495,0.001177362,0.0019198935,0.0032810692,0.005142151,0.00800133,0.010588772,0.014498771,0.020106824,0.02471827,5b090fyw.png,0,test
0.000275857,0.009055801,0.00066874205,0.00054593553,0.0010238052,0.0017115119,0.0028822666,0.0043012225,0.006133058,0.007663665,0.009838937,0.012664301,0.014934916,5doh59g5.png,0,test
0.0003285391,0.009594764,0.0009011809,0.00069939,0.0011794113,0.0019777184,0.0034152996,0.0054308716,0.00876631,0.011656339,0.015799696,0.021641018,0.02742561,5f86nvsf.png,0,test
0.00031538983,0.009381682,0.0007099619,0.0006511179,0.001158112,0.0019483744,0.0033885392,0.0053367834,0.008133166,0.010681836,0.014906431,0.021428332,0.027745334,5fdigg9z.png,0,test
0.00032519587,0.009480198,0.00087680534,0.0006883853,0.0011830936,0.0019760453,0.003419871,0.005478486,0.008948269,0.012254058,0.017274855,0.025315175,0.03436733,5ft0sn5i.png,0,test
0.00029916735,0.009513314,0.0006793582,0.00059858616,0.0010864398,0.0018141788,0.0030994744,0.0047478727,0.007043503,0.009230633,0.012425196,0.017166834,0.022294262,5gro9x49.png,0,test
0.00034750797,0.0098843295,0.0007577148,0.00060708774,0.0012327124,0.0020350595,0.0034840603,0.0054942756,0.008560856,0.011482266,0.016209815,0.022457128,0.026765717,5gzjpa04.png,0,test
0.00036055298,0.0101304175,0.00074664754,0.0006021536,0.0012869417,0.0021392235,0.00372574,0.0059532714,0.009191777,0.012161052,0.016591318,0.02312567,0.028298812,5h9wygrk.png,0,test
0.00084580225,0.013171816,0.0013506924,0.0013153437,0.00249564,0.004183707,0.007584923,0.012825633,0.021350078,0.030105762,0.044888243,0.06753276,0.083452605,5iljb768.png,0,test
0.00035583263,0.009983365,0.000740218,0.00058558566,0.0012909889,0.0021546679,0.0036834045,0.005778693,0.008913235,0.011767988,0.016133808,0.022090886,0.027180962,5imztsh2.png,0,test
0.000356098,0.010176294,0.00072244316,0.00064900605,0.0012386271,0.00207594,0.0036354933,0.005816816,0.009130333,0.012084283,0.016861754,0.023642123,0.029390631,5iz31yru.png,0,test
0.00030674753,0.009462236,0.0006669094,0.00061784,0.0011164986,0.0018573983,0.003136752,0.0047763507,0.006882285,0.008776045,0.0116539365,0.015251505,0.01852317,5jcdz93i.png,0,test
0.0003895217,0.010193166,0.00078201434,0.00070282584,0.0013885486,0.002276472,0.0038496589,0.005964626,0.009116733,0.0120452205,0.016296513,0.021308836,0.02494846,5jj9ibqm.png,0,test
0.00030827432,0.009289892,0.00076197746,0.0006373355,0.0011486035,0.0019256568,0.0032742342,0.0050898823,0.007944212,0.010687448,0.014628622,0.019773377,0.02477751,5jqa207h.png,0,test
0.00028490848,0.009245406,0.00069816236,0.0005876361,0.001033917,0.0017008053,0.0028792822,0.004411339,0.0065564835,0.008443041,0.011280747,0.015416388,0.019891279,5jtv75ss.png,0,test
0.00051801774,0.011468549,0.0012460634,0.00089009554,0.001766527,0.0029802711,0.0053237285,0.008928232,0.015543522,0.022605259,0.035422448,0.05575324,0.076507255,5kkjhuwf.png,0,test
0.00040848978,0.010462427,0.00076866243,0.0006522064,0.0014568607,0.0024587193,0.004418672,0.007078321,0.011243801,0.015318873,0.022387516,0.031924874,0.03893054,5mcu16gw.png,0,test
0.00029915446,0.009480377,0.0006703376,0.0005813141,0.0011120337,0.0018537805,0.0031453941,0.0047757635,0.007001305,0.008833138,0.011461518,0.014871702,0.018163595,5na8ky60.png,0,test
0.00032981232,0.009850747,0.0007929847,0.00062915386,0.0011953533,0.0019640073,0.0032719462,0.0048533697,0.0069922837,0.00882864,0.011203727,0.014266588,0.016752645,5ntccfux.png,0,test
0.00041106727,0.0106899375,0.00088206836,0.00077201537,0.0013781706,0.0022821007,0.003957048,0.006369831,0.010046742,0.013644475,0.019153355,0.026543386,0.033205554,5o54fxer.png,0,test
0.0004099333,0.010525754,0.0007755493,0.00065269583,0.001435712,0.0023717477,0.00413427,0.0067077847,0.010843129,0.015013489,0.022196023,0.033264697,0.041741673,5p8c9q36.png,0,test
0.0003213225,0.009655319,0.00071686023,0.0006514963,0.001164847,0.0019452143,0.0033455398,0.00527219,0.008113224,0.010813478,0.015039037,0.021321394,0.026635582,5q2lcuxj.png,0,test
0.0003323096,0.009808617,0.0007346874,0.0006230811,0.0011385477,0.0018532035,0.003123378,0.0048282403,0.007332501,0.009482677,0.012717375,0.01702237,0.020460794,5qtuf6vi.png,0,test
0.00027107238,0.008881478,0.000612469,0.0005629647,0.0009801503,0.0016369758,0.0028150273,0.004337116,0.0064170575,0.008223048,0.010932123,0.01469586,0.017543692,5sebbmjx.png,0,test
0.00038756058,0.010436115,0.0008291347,0.00070912886,0.0013037262,0.002118733,0.003582647,0.005554859,0.008511711,0.011202983,0.015149935,0.020321786,0.023788596,5sessa12.png,0,test
0.0002716757,0.008782764,0.0006601116,0.0005752283,0.0009843105,0.0016289068,0.0027385745,0.004058852,0.005827208,0.007409613,0.00967304,0.012465384,0.014794368,5so79h4h.png,0,test
0.00033107915,0.00977964,0.0007429091,0.00059193483,0.0012132736,0.0020164861,0.003415491,0.005233673,0.007951688,0.010348494,0.013699357,0.017994296,0.021017222,5sznpxuc.png,0,test
0.00030247815,0.009306165,0.00081374374,0.0006294769,0.0011240918,0.0018709692,0.0031602732,0.004812525,0.0070366897,0.008926988,0.011690205,0.015443651,0.01845222,5t3ixo9i.png,0,test
0.00034318713,0.009702182,0.0008176434,0.00073826796,0.0012577542,0.0021223533,0.0037084082,0.005849563,0.008825323,0.011660797,0.016392618,0.024000801,0.030926524,5tyv9bgm.png,0,test
0.00031992345,0.009674145,0.0006984591,0.0005618208,0.0011470948,0.0018916714,0.003203147,0.0049371235,0.0074171657,0.009642131,0.01297196,0.017416859,0.02088319,5u52nmxp.png,0,test
0.00031110353,0.009206365,0.0007512205,0.0006648128,0.0011104539,0.0018435357,0.0031723354,0.0050601345,0.0078090252,0.010387843,0.014414461,0.019577818,0.023778006,5ulutvt4.png,0,test
0.00030928632,0.009582211,0.00072161073,0.00058168045,0.0011049027,0.0018001139,0.0030060343,0.0045921537,0.0069547268,0.009045532,0.012021176,0.015810274,0.018888434,5vfa1mzp.png,0,test
0.00037285045,0.010210907,0.0007140134,0.0006203144,0.0013480944,0.0022096988,0.0037665032,0.0059438795,0.0094408365,0.012738124,0.017426997,0.023127778,0.02688877,5vx2xw5y.png,0,test
0.00031999094,0.009494671,0.0007891329,0.0006860015,0.0011597215,0.0019394864,0.003308087,0.005079261,0.0075611733,0.009870874,0.013365101,0.0183248,0.023101563,5y693g6c.png,0,test
0.000286175,0.009042015,0.000623468,0.000578499,0.0010372899,0.0017143186,0.0029057288,0.0044983365,0.00667782,0.0084712915,0.011066624,0.014490275,0.017422933,5ylra9pa.png,0,test
0.00030572174,0.009428485,0.0006915619,0.00060235563,0.0011176292,0.001870467,0.0031726072,0.0048207715,0.0070105162,0.00876221,0.011129427,0.014034158,0.016508132,6000u1r5.png,0,test
0.00030144822,0.009201097,0.00076571916,0.0006559714,0.0010947743,0.0018035508,0.00304218,0.004645863,0.0069936183,0.009060491,0.012054294,0.0161514,0.019734146,60aik6b4.png,0,test
0.00032952274,0.009523707,0.00081858673,0.000706254,0.0012010337,0.002024882,0.0035099827,0.0056028855,0.009102044,0.012358715,0.017609004,0.026120564,0.035616282,60iwhdnq.png,0,test
0.0003381991,0.009879533,0.0006913862,0.00060095027,0.0011700994,0.0019092109,0.003247781,0.005081837,0.007888336,0.010506639,0.014279818,0.01908976,0.022149842,60n0gpy2.png,0,test
0.00038972744,0.010316592,0.0007132642,0.000626904,0.0013690575,0.0022763878,0.003973053,0.0063887364,0.010213628,0.0138762705,0.020098494,0.02923939,0.036002837,617u599v.png,0,test
0.00042193636,0.010510832,0.0007718015,0.00069509185,0.0015418907,0.0026044433,0.0046243113,0.007531897,0.012438974,0.01749314,0.026454292,0.039466478,0.04942991,61h0a68v.png,0,test
0.00027703223,0.009118301,0.0006193291,0.0005490961,0.0010154629,0.0017013579,0.0029258775,0.0044974713,0.0065397313,0.008168542,0.010368876,0.013187877,0.015636358,62g6b4ts.png,0,test
0.00032540748,0.009724126,0.0006038393,0.00054975855,0.001174373,0.0019354777,0.0032650419,0.005018387,0.0075446004,0.00979689,0.013278128,0.018630236,0.024409749,62ola4qt.png,0,test
0.0005753286,0.010855776,0.0022981954,0.001202505,0.0019554829,0.0030822866,0.005213792,0.008404023,0.013645191,0.01891167,0.027856736,0.0405743,0.051954504,62u15os8.png,0,test
0.00029730494,0.009402095,0.00075113145,0.0005836211,0.0010992752,0.0018118913,0.0029960903,0.0044819396,0.006589627,0.008469987,0.011043036,0.014196024,0.016262887,62zo14hq.png,0,test
0.00028063788,0.008877988,0.0006888775,0.00059385994,0.0010232566,0.0017297572,0.0029943343,0.004638755,0.0067957696,0.008714168,0.011478868,0.015086143,0.017678035,632u1sxt.png,0,test
0.00032943246,0.009846688,0.0007010246,0.0006159525,0.0012053129,0.0019939523,0.0033698718,0.0051641664,0.00791478,0.010442939,0.014094446,0.019205485,0.02399389,65aognsg.png,0,test
0.00040822296,0.010638971,0.00095092686,0.0007900677,0.0013875159,0.002324315,0.0040693237,0.0065305154,0.010076739,0.013465356,0.018804848,0.02635631,0.03391732,65asv82c.png,0,test
0.00029389147,0.009342427,0.0006971176,0.0005336657,0.0010621283,0.0017551043,0.0029784276,0.0046120808,0.007054716,0.00917548,0.012223134,0.016019603,0.019154321,65v9m6jn.png,0,test
0.00030336654,0.009501008,0.0007635455,0.00059565826,0.001100356,0.0018162791,0.0030264729,0.0046189516,0.0069424873,0.009102684,0.01219401,0.016441062,0.020141171,66fclicd.png,0,test
0.0005459941,0.011630187,0.0013286155,0.00096515985,0.001829644,0.003074207,0.0054749344,0.009248463,0.016051725,0.023480726,0.037017174,0.05859269,0.08010433,695neq2c.png,0,test
0.00031308772,0.009328608,0.00073489745,0.0006277934,0.0011374024,0.0019174356,0.003362342,0.005361916,0.008428546,0.011472809,0.016078329,0.022791604,0.029044863,698ozxr0.png,0,test
0.0006233637,0.011914909,0.0016905867,0.0013546481,0.002203767,0.0036128329,0.006185654,0.009800113,0.015845805,0.021883996,0.03205091,0.048769183,0.063964106,69a14350.png,0,test
0.00029988962,0.009489879,0.0007479741,0.0005816068,0.0010896767,0.0018090815,0.0031014818,0.004865014,0.0075148824,0.009992624,0.013806939,0.019044107,0.022920774,69jvtgrw.png,0,test
0.00033071425,0.009628839,0.0009218764,0.000688018,0.0012064942,0.0020266736,0.003476584,0.005518108,0.008929831,0.01213881,0.017015183,0.024500575,0.032814685,6a8yg8dt.png,0,test
0.00059510936,0.0113325305,0.0020992467,0.0011995073,0.0020065024,0.0031723534,0.0053784116,0.008553031,0.01383087,0.01910144,0.027521618,0.039266635,0.049301054,6cwhmrih.png,0,test
0.00038130215,0.010334929,0.0008203971,0.0006718663,0.0013207634,0.0021253156,0.0035323147,0.005345008,0.007860827,0.010063395,0.01330979,0.017521061,0.020535039,6dgzbkn6.png,0,test
0.0003672081,0.01024105,0.00075058383,0.0006233857,0.0012716851,0.0020929626,0.003578005,0.0056460295,0.008972036,0.0121121295,0.016942687,0.023492899,0.028480193,6e7c18dq.png,0,test
0.00039528444,0.0102266455,0.0007460079,0.00068653486,0.0013774683,0.0022828067,0.003991468,0.006415759,0.010185265,0.013751762,0.019402891,0.02639251,0.030726599,6fyhh5ue.png,0,test
0.0003607558,0.009964652,0.0007137019,0.0006098708,0.0012866354,0.0021577626,0.0037559143,0.005937648,0.009390913,0.012636427,0.01751855,0.024499083,0.029690443,6gfqtg7h.png,0,test
0.00043634287,0.010873703,0.0008460927,0.0007591664,0.0014962995,0.0024783048,0.0042619705,0.0067901653,0.010911754,0.01481086,0.020538688,0.028670229,0.03532503,6gho36ap.png,0,test
0.0003719903,0.0106337145,0.0009658853,0.00070793956,0.0012708289,0.0021052223,0.0036457768,0.0058503826,0.00927594,0.01264034,0.01775088,0.025148394,0.03208212,6hckf853.png,0,test
0.00032413725,0.009267659,0.00091947516,0.0007222135,0.0012075029,0.002006151,0.0033906915,0.005193071,0.0076806503,0.009779268,0.012961525,0.017308922,0.021104956,6ixaehpf.png,0,test
0.00035839094,0.010109496,0.00073976925,0.00061426335,0.0012855995,0.0021092936,0.0035739457,0.005591678,0.008467777,0.011069332,0.0148948,0.019955136,0.023294855,6jclb7j0.png,0,test
0.0003325971,0.009469689,0.0008159892,0.0007285595,0.0011985031,0.002038787,0.0036423963,0.005995119,0.009523832,0.012853153,0.018292906,0.026880963,0.036682617,6joleoht.png,0,test
0.00029092818,0.009074397,0.0008014694,0.0006223917,0.0010288832,0.0016902937,0.0028577626,0.0043610656,0.006466524,0.008287274,0.010807362,0.0140840495,0.016813224,6jrpacq5.png,0,test
0.00033185727,0.009767375,0.00075003604,0.0006052018,0.0011992481,0.0020003612,0.0034031768,0.005201025,0.0077883084,0.0101062525,0.013589662,0.018730601,0.023188189,6jrpjbu6.png,0,test
0.0002897841,0.009215302,0.0006044771,0.00055651687,0.0010486642,0.001748595,0.002995238,0.004659508,0.0069437595,0.008895255,0.011785319,0.015819326,0.019381879,6jzqf2rk.png,0,test
0.000521526,0.009821891,0.0014928093,0.0012204683,0.0017120155,0.0029519135,0.005630342,0.009859392,0.017526126,0.026155863,0.041653708,0.065335006,0.093386635,6kdl5gtd.png,0,test
0.00031498197,0.009217747,0.00086678605,0.00068794173,0.0011716106,0.0019495522,0.0032840623,0.004986689,0.007329118,0.009492387,0.0128308395,0.017695474,0.022296568,6knlc425.png,0,test
0.00031104835,0.009221045,0.00071444514,0.0006701725,0.0011543157,0.0019211428,0.0032356977,0.0049597877,0.007226988,0.00922006,0.012147724,0.016176142,0.019767543,6kou9mik.png,0,test
0.00053194544,0.011231566,0.0013401727,0.0009910943,0.0016828403,0.0026198092,0.0043673734,0.0068446547,0.010878735,0.015003328,0.021960407,0.032063905,0.039934468,6l8dze0c.png,0,test
0.00033414946,0.009908486,0.00078563637,0.00062424905,0.0012138026,0.0020029808,0.0033095165,0.004944485,0.007258575,0.009253518,0.011993839,0.0153123755,0.01776056,6lb01u0z.png,0,test
0.0003210378,0.0093307085,0.00083906745,0.0007018535,0.0011629573,0.0019494917,0.0034024573,0.0054388084,0.008551549,0.011582221,0.01646862,0.024301413,0.033173937,6lsi2ie5.png,0,test
0.00032141642,0.009723686,0.0007864278,0.0006230525,0.0011680073,0.0019341258,0.003268034,0.0049268743,0.007263128,0.009280578,0.011873999,0.015366704,0.018396009,6lxwdamb.png,0,test
0.00083823735,0.013040663,0.0017109441,0.001518794,0.002483544,0.004147028,0.0075008045,0.012694658,0.021218508,0.030093072,0.04560242,0.070705205,0.08895003,6njyptn6.png,0,test
0.0003333919,0.009595617,0.00082090584,0.00070101727,0.001215888,0.002070494,0.0036504334,0.0058037834,0.009279296,0.0126472805,0.017721632,0.025488317,0.03354701,6nyrx4nc.png,0,test
0.00034713358,0.009880749,0.00067355606,0.0006678468,0.0012341057,0.0020581293,0.0035345228,0.00552517,0.008237641,0.010702844,0.01466775,0.020630877,0.026188515,6or3byxy.png,0,test
0.0002878979,0.008971247,0.00076021644,0.00057935825,0.0010626024,0.0017828783,0.0030281988,0.0046578045,0.0069986717,0.009061312,0.012070211,0.015644148,0.018634921,6orkft68.png,0,test
0.00036479716,0.010056082,0.00075213646,0.0006439759,0.0012790841,0.0021255887,0.00364772,0.0057014567,0.008869104,0.011919275,0.016943213,0.023629183,0.028534746,6pjcrtac.png,0,test
0.0002967635,0.009247072,0.00075641373,0.0006061734,0.0010904844,0.0018194746,0.0030917693,0.0047437567,0.0071636075,0.009252886,0.012251416,0.016207151,0.019716084,6q5rnchc.png,0,test
0.00029432835,0.00917302,0.00069503445,0.0005815625,0.0010849347,0.0018250949,0.0031238864,0.0048345756,0.007268134,0.009316457,0.012364118,0.01650846,0.019983705,6r8ykehv.png,0,test
0.00034807954,0.010197398,0.0007485454,0.0006253498,0.0012864497,0.0021648586,0.003818193,0.0060481587,0.00925931,0.01211275,0.016571881,0.023179444,0.029156305,6rg68fl7.png,0,test
0.0009398367,0.0136354165,0.0016605998,0.0015684371,0.002720646,0.0045325886,0.008176661,0.013771105,0.022819377,0.03212403,0.04776265,0.07187395,0.088504836,6rh3mfp7.png,0,test
0.00034988503,0.009499428,0.000911447,0.0007742976,0.0012807983,0.002202486,0.004031361,0.0068003065,0.01101281,0.015133089,0.022023365,0.032239106,0.04326553,6rt8jg5j.png,0,test
0.00028092545,0.008943107,0.0007056914,0.0005704948,0.0010285383,0.0017192515,0.002940437,0.004571955,0.0068828096,0.008798926,0.011605421,0.015316835,0.018454848,6s5vtbq5.png,0,test
0.00027362877,0.008956648,0.00061577983,0.0005467792,0.001022625,0.0017208218,0.0029531769,0.004601109,0.006979275,0.009073387,0.012427353,0.017671663,0.023050822,6scivuqt.png,0,test
0.0003220605,0.009711716,0.00065954134,0.00055767613,0.0011874379,0.0019814172,0.0034228875,0.0054043196,0.00821659,0.010691392,0.014285308,0.018717172,0.021354493,6seacqaf.png,0,test
0.0003003662,0.009608768,0.0006668327,0.00056860055,0.0010895708,0.0018209643,0.0031365915,0.0049357084,0.0075161057,0.009892379,0.01359016,0.01851591,0.02298501,6szn9dde.png,0,test
0.00029267973,0.009133664,0.0006764867,0.00060884206,0.0010604274,0.0017824302,0.0030899807,0.0048641167,0.007346948,0.009387529,0.012208157,0.01590171,0.01920895,6szo61lq.png,0,test
0.00026990753,0.008987536,0.00063594984,0.00054206233,0.0009843465,0.0016330773,0.0027919402,0.004305832,0.006523043,0.008498523,0.011207991,0.014856877,0.01868428,6tclk04p.png,0,test
0.0002828066,0.009073505,0.0006870275,0.0005689965,0.0010244659,0.0016948276,0.002856075,0.004303341,0.0062967557,0.008083317,0.010663585,0.013996156,0.016938526,6tt466oz.png,0,test
0.0003861819,0.010338525,0.0007814423,0.00068604824,0.0013234762,0.0021944386,0.0038082139,0.0060233604,0.009448463,0.012707913,0.018159796,0.026247095,0.03317325,6tvn6jjx.png,0,test
0.0003378111,0.009843818,0.000695954,0.00062683126,0.0011958625,0.0019603434,0.0032999797,0.0050913603,0.007773074,0.0100967465,0.013589518,0.01828081,0.021650694,6u513omv.png,0,test
0.00035887116,0.009854175,0.00064594403,0.00057066616,0.0012744871,0.002102254,0.00360366,0.0056610405,0.008632821,0.011281758,0.015269789,0.020266691,0.023323152,6ufcr5lv.png,0,test
0.00032619695,0.009517294,0.0008650649,0.00070185494,0.0011882441,0.0019787217,0.0033695481,0.0052377013,0.007882582,0.010231439,0.013793291,0.018722374,0.023435276,6v2cn778.png,0,test
0.00042843967,0.010516822,0.0010505111,0.0008408584,0.0014371593,0.0023439946,0.003985294,0.0062815845,0.0100103635,0.013631861,0.019623,0.029079791,0.038148236,6w82ru24.png,0,test
0.00027654687,0.00903578,0.0006452935,0.0005439924,0.0009977642,0.0016609762,0.0028515246,0.00441518,0.0064773057,0.008138939,0.010568029,0.014030248,0.017122505,6xhggo6z.png,0,test
0.000360805,0.010364706,0.00077467854,0.00066467095,0.0012631139,0.0021247654,0.0037916896,0.0062949536,0.010217285,0.013966158,0.019975903,0.028911784,0.03855523,6xvaj2k8.png,0,test
0.00032452424,0.00937594,0.0007390078,0.0007005891,0.0011787381,0.0019887132,0.0035199595,0.005732139,0.009102488,0.012054497,0.016922258,0.024569087,0.033220485,6y8qnobv.png,0,test
0.00031550814,0.009449884,0.0007958451,0.0006469714,0.0011446301,0.0019163113,0.0032974961,0.005141915,0.007855498,0.010432064,0.0141570885,0.019050263,0.023066742,6z5tpwy0.png,0,test
0.00030919904,0.009584443,0.0006527361,0.00061202847,0.0011193294,0.0018616577,0.0031683024,0.0048300982,0.007126549,0.009163609,0.012137298,0.016135722,0.019559769,6zj02k6t.png,0,test
0.00027723867,0.009193504,0.0005828922,0.00055147026,0.0010104489,0.0016929306,0.0029034303,0.0044388687,0.0064721294,0.0083701145,0.011201577,0.014974227,0.018264258,6zmk6ywg.png,0,test
0.0006182392,0.010638849,0.0017173324,0.0013981774,0.0020124088,0.0035263014,0.00688242,0.0118977,0.020997085,0.030556815,0.04603431,0.06913877,0.09317808,6zpi288h.png,0,test
0.00034959323,0.0102531,0.0007129562,0.00061946234,0.0012487787,0.00206108,0.0034927723,0.005374487,0.00821675,0.010523915,0.013616269,0.017578825,0.021188037,6zysnglb.png,0,test
0.00026262683,0.008098818,0.0009879669,0.0006399416,0.0009465522,0.0015846917,0.0027573488,0.004443404,0.007375939,0.010612375,0.01642112,0.026790999,0.03836176,70ce3fyw.png,0,test
0.0003927697,0.010428806,0.0008061926,0.0006862504,0.0013666735,0.0022343376,0.0037703512,0.0058551356,0.009003161,0.011947282,0.016468043,0.022494176,0.026579166,70e0viki.png,0,test
0.00031172484,0.009690174,0.0006689432,0.0006119515,0.0011393987,0.001909072,0.003275544,0.00502616,0.0074635553,0.009397621,0.0121912975,0.015545277,0.018561846,70ebpy9e.png,0,test
0.00036960357,0.010208867,0.00078796834,0.0006277044,0.0013179913,0.0021687918,0.0036725283,0.005619131,0.008439544,0.010831446,0.014294454,0.018308839,0.020199675,71bg32sa.png,0,test
0.000329679,0.009777776,0.00071608677,0.00059062854,0.001214597,0.0020237796,0.0034511925,0.0054008747,0.008344758,0.010808458,0.014531325,0.019779285,0.023339737,71tl4cba.png,0,test
0.00034374124,0.009858126,0.0007105189,0.00062697433,0.0011901835,0.0019421597,0.00330846,0.005155443,0.00793203,0.010505497,0.014475019,0.01967943,0.023596995,72egkqg9.png,0,test
0.0003277516,0.00948884,0.00090423774,0.0007036564,0.0011863998,0.0019915593,0.0034224633,0.005395703,0.008427885,0.011261885,0.015549167,0.021625005,0.028151596,72hk1uit.png,0,test
0.00034401467,0.01002405,0.000672522,0.00058816804,0.0011874365,0.0019407606,0.0032866476,0.005159802,0.008126074,0.010879054,0.0148884915,0.020010734,0.023382291,74xm4iq6.png,0,test
0.00035516563,0.010220523,0.0008944054,0.0006736501,0.00128976,0.002122231,0.0035267328,0.0052814726,0.007880279,0.010081708,0.012826321,0.016552486,0.01997374,76zqnsew.png,0,test
0.00029878414,0.009482949,0.0006490322,0.00058605935,0.0010972134,0.0018367766,0.003143179,0.0048572053,0.0073874164,0.009613729,0.012990561,0.017627338,0.02166024,77jzc58c.png,0,test
0.00032575103,0.009604037,0.000679232,0.0005641594,0.0011558827,0.0019397367,0.0034192735,0.0055518546,0.009018696,0.0122045735,0.017227106,0.024168115,0.02951837,77uler2l.png,0,test
0.00044470563,0.01051434,0.0011004849,0.00082328543,0.0014747491,0.0023193331,0.0038520324,0.0059403502,0.009276933,0.012511678,0.017516125,0.024301086,0.028981855,77vezeig.png,0,test
0.000850889,0.013295127,0.0014516329,0.0013519544,0.0024789956,0.00411131,0.0073891385,0.0124783795,0.020760324,0.029121866,0.043270003,0.06499461,0.07998983,77yotrtf.png,0,test
0.0003797189,0.010423868,0.00070664246,0.0006560182,0.0013149265,0.0021319129,0.003525327,0.0053655417,0.008016188,0.010383293,0.013931191,0.018500784,0.021504156,785r8ist.png,0,test
0.00036233393,0.010153652,0.0008208392,0.0006448465,0.0013440503,0.002270299,0.003889361,0.005908538,0.008782888,0.011450121,0.01532627,0.020676013,0.025338935,7889e3m9.png,0,test
0.0002812598,0.008945758,0.00067495066,0.0005784184,0.001029268,0.0017262147,0.002947475,0.004501746,0.0068370835,0.009015353,0.0121447975,0.016184347,0.019695003,78at3sq0.png,0,test
0.0008841989,0.013441747,0.0015441331,0.0014288994,0.0025746622,0.004311978,0.00781317,0.013250144,0.02203555,0.031046474,0.04629083,0.069313176,0.08433454,78g5qtey.png,0,test
0.0009237966,0.013367727,0.001832322,0.0015946483,0.0026640866,0.00444375,0.008052055,0.013694403,0.023196913,0.033040576,0.050153777,0.07784581,0.097771525,7ash4j9t.png,0,test
0.0003582727,0.010021283,0.0006833669,0.0005952549,0.0012687554,0.0020853824,0.0036058174,0.0057173274,0.008915552,0.012098009,0.017192977,0.024419632,0.030159386,7b8uxs1z.png,0,test
0.0002760989,0.008970064,0.0006784262,0.00054819003,0.0010247886,0.0017103106,0.0028573251,0.0042343116,0.0059736655,0.007430931,0.00930539,0.011390609,0.0129006645,7ccvcf1j.png,0,test
0.0002919708,0.009200018,0.00069389225,0.00059129746,0.0010849852,0.0018026595,0.0030258128,0.0045694006,0.0066357288,0.00843144,0.011018427,0.01487051,0.018820047,7de8rhx5.png,0,test
0.00034323934,0.009609263,0.0009133842,0.0007565112,0.0012218733,0.002031149,0.0034731263,0.0055167354,0.008846367,0.011760959,0.016228361,0.023154033,0.030408382,7df067mn.png,0,test
0.00038742108,0.0101709785,0.00076202827,0.00068792864,0.0013807799,0.0022816733,0.0039731897,0.0063654715,0.010114588,0.0137736015,0.01978201,0.028536383,0.03421281,7dnhu0fi.png,0,test
0.00033313432,0.009506297,0.0008053252,0.0007106525,0.0012352471,0.0021370978,0.0038734856,0.006476861,0.010279225,0.013786613,0.019652205,0.028129082,0.03741301,7e3ksr9f.png,0,test
0.00028536635,0.009262986,0.000666268,0.00052710786,0.0010399541,0.0017218981,0.0029243713,0.004458808,0.006529733,0.008302869,0.010743861,0.013644829,0.015782362,7fuaa7ec.png,0,test
0.00034492984,0.009989446,0.00073328,0.00066347973,0.001241409,0.0020486088,0.0034555227,0.0052980967,0.007944404,0.010247678,0.013466075,0.01790455,0.021848915,7g1uvo93.png,0,test
0.00040236028,0.010442162,0.0008504116,0.0007470836,0.0013737764,0.002275347,0.003974543,0.0063424343,0.010169413,0.0139458105,0.020189494,0.029782677,0.038940478,7g3847ag.png,0,test
0.0002894888,0.009168511,0.0006979062,0.0006018721,0.0010679011,0.0017919224,0.0031243714,0.004816701,0.0070611625,0.009004815,0.011923348,0.01615853,0.020285018,7gcjbeo4.png,0,test
0.000318526,0.009696789,0.0007541364,0.0006432692,0.0011422979,0.0018919049,0.0032239475,0.004987766,0.0075367065,0.009812523,0.013207623,0.018206093,0.022357913,7ggcxgu5.png,0,test
0.0004618045,0.01057534,0.0012266948,0.00084270077,0.0016120067,0.0027382327,0.0048919083,0.008148102,0.014049794,0.020241084,0.03089088,0.049655847,0.070644274,7godvyhq.png,0,test
0.00041490162,0.010810616,0.00084957184,0.0007842001,0.0013909144,0.002310998,0.0040091504,0.0064020357,0.009978461,0.0134555185,0.018562168,0.025781814,0.032708284,7gs3taad.png,0,test
0.0002953699,0.009305033,0.00071807683,0.0005687124,0.0010736444,0.0018044119,0.0030801324,0.0047563626,0.00713463,0.009190969,0.012023961,0.015948351,0.018955434,7hrsswpg.png,0,test
0.00031819366,0.0094996,0.00086962216,0.00066264375,0.0011560696,0.0019318556,0.0033300123,0.0052161496,0.00817301,0.010757587,0.014322116,0.01899202,0.023844222,7htkw7tj.png,0,test
0.00057980116,0.010897656,0.0022846858,0.001217994,0.002019268,0.003186893,0.0054356256,0.00875486,0.014279593,0.019771336,0.028678505,0.041141443,0.05261708,7hzz4gw4.png,0,test
0.00029211387,0.009037218,0.00069327554,0.0005637265,0.0010864956,0.0018350342,0.0031411003,0.0048560114,0.007466859,0.010075278,0.014331235,0.020266559,0.026287837,7i2ssrel.png,0,test
0.00035790176,0.009686858,0.00092847267,0.0007792258,0.0012761208,0.0021503516,0.0037668843,0.0061672525,0.009820562,0.013311442,0.018844886,0.027007826,0.03570841,7i7vefo7.png,0,test
0.00036028255,0.010047691,0.00079411065,0.00065585383,0.0013023791,0.0021172864,0.0035220622,0.005365286,0.008032083,0.01039931,0.013829019,0.018314647,0.022087015,7iz3mh3k.png,0,test
0.00025358764,0.008268328,0.0007445309,0.0005753157,0.0009184354,0.0015325694,0.0026213683,0.004138442,0.006653949,0.009249637,0.013465519,0.020177178,0.026965158,7j14lkfp.png,0,test
0.00031323303,0.009806834,0.00068351015,0.00060248066,0.0011210898,0.001847038,0.00310945,0.004716135,0.0068858955,0.008638551,0.011072008,0.013899116,0.015706377,7j2xi3ta.png,0,test
0.0002875846,0.0090229865,0.0006973313,0.00058526086,0.0010627279,0.0017592649,0.002949874,0.004467827,0.0066294027,0.008565828,0.01133904,0.014630149,0.017706687,7jaa94zr.png,0,test
0.0003055835,0.00925233,0.0007473436,0.000632586,0.0011292248,0.0018802051,0.0032233873,0.0049921144,0.0073757283,0.009434955,0.012527688,0.016827052,0.020526025,7jol5je7.png,0,test
0.00036990154,0.010593154,0.00082770834,0.0007147586,0.0013075083,0.0021449875,0.0036198194,0.0055565876,0.008415453,0.010957886,0.014676967,0.019930338,0.024480924,7kf79y83.png,0,test
0.0003926259,0.010373721,0.00073697924,0.0006463136,0.0013718931,0.0022973062,0.003969386,0.0062158196,0.009571351,0.012725502,0.01781355,0.025087064,0.03007335,7liopch0.png,0,test
0.0009918781,0.0135063175,0.00219562,0.0016791067,0.0028030965,0.0046361126,0.00831529,0.01407319,0.023807406,0.033946026,0.05060272,0.07475029,0.09145988,7ljc7p9e.png,0,test
0.00030182238,0.009223795,0.0007104227,0.000630237,0.0011058624,0.0018726478,0.0032712633,0.0051169503,0.007585022,0.009672029,0.0126733715,0.01652053,0.020080434,7lo6fyq8.png,0,test
0.00037670266,0.010137148,0.0007432564,0.0006816613,0.0013302725,0.002178452,0.003679806,0.0057073,0.008670025,0.0112222275,0.01497191,0.019672895,0.023605235,7m9xo1u8.png,0,test
0.00031108095,0.009636654,0.00073319004,0.0005915826,0.0011435905,0.0018940934,0.0032242774,0.0049948194,0.0074881986,0.009590664,0.0124596255,0.015997171,0.01875188,7mwuxyoh.png,0,test
0.00032775706,0.009662488,0.00087054487,0.0007026589,0.0012007059,0.0020051172,0.0034070958,0.005205118,0.007711511,0.009820395,0.012713561,0.016409166,0.019518057,7n1q00lq.png,0,test
0.00026452958,0.008878703,0.0006156774,0.0005391112,0.0009788836,0.0016207935,0.0027021326,0.0039989213,0.005678362,0.007069902,0.009120347,0.011734995,0.013980151,7pnfircv.png,0,test
0.00029640397,0.009413582,0.0006433594,0.0005783352,0.0010766425,0.0017761603,0.0030170928,0.0046381685,0.0068914997,0.008903085,0.011972405,0.015998216,0.01893818,7qhak7md.png,0,test
0.00033354905,0.009295776,0.0008626147,0.0007306463,0.0012096424,0.0020476275,0.0036696293,0.006123432,0.0098108,0.013222822,0.018544642,0.026165832,0.03452006,7ql3rsnx.png,0,test
0.00032359496,0.009738228,0.0007071669,0.00065936527,0.0011447018,0.0018990791,0.0033129368,0.0053605735,0.008394699,0.011226368,0.015530151,0.021517284,0.026767831,7rina0vl.png,0,test
0.00034707715,0.010272035,0.00075965206,0.0006356989,0.0012434863,0.0020640616,0.0035555046,0.005567553,0.008747786,0.011647288,0.015844693,0.021925975,0.028018717,7rn7nmk4.png,0,test
0.00038325883,0.010303201,0.00077290507,0.000649971,0.0013814264,0.0023195685,0.0041058995,0.0067612445,0.011132113,0.015517779,0.023199793,0.035281613,0.04486633,7s1nu7uh.png,0,test
0.00037343343,0.010109447,0.0007659253,0.00067010056,0.0013171122,0.002143119,0.0036198008,0.005610873,0.008515112,0.0110496,0.014705493,0.019108228,0.021822356,7s5tfu4c.png,0,test
0.00031409255,0.009620016,0.0007619855,0.0006027422,0.0011390081,0.0019004794,0.0032009494,0.0048544286,0.0071432204,0.00904974,0.011523114,0.014532149,0.016852621,7s68qpm5.png,0,test
0.0004088967,0.010422846,0.0007377967,0.00068821386,0.0014335668,0.0023913577,0.0041852226,0.006758591,0.011051228,0.015227948,0.022518642,0.033294283,0.0420213,7s81ijzk.png,0,test
0.00029274126,0.009144069,0.0006870985,0.00060755975,0.0010572786,0.0017843294,0.0031311754,0.0049508004,0.007516881,0.009842789,0.013442794,0.018739903,0.024459174,7scrv3ho.png,0,test
0.00038969296,0.010328051,0.00069161097,0.0006313839,0.0013638968,0.002249689,0.0038576555,0.006039335,0.009315988,0.012317638,0.01702445,0.023621295,0.02884089,7sn6a7yl.png,0,test
0.00036441447,0.009636774,0.0009833034,0.00081131095,0.0012816387,0.0021748843,0.003932779,0.006658139,0.01087122,0.01489229,0.02130082,0.031249154,0.042128444,7ugv7xwq.png,0,test
0.00033650783,0.009844861,0.0007154235,0.00063637475,0.0011469688,0.0018851527,0.0032562253,0.0050795856,0.0077147353,0.010069651,0.013628951,0.018514762,0.02199497,7v4j6x87.png,0,test
0.00070283224,0.010649004,0.003142252,0.0017329216,0.0022509936,0.003961678,0.007657464,0.012936772,0.022237672,0.031807963,0.04728433,0.07013643,0.09412917,7vpurf16.png,0,test
0.00031433668,0.009336845,0.00073175423,0.0006293314,0.0011470829,0.0019180493,0.0033312887,0.005307168,0.0082559865,0.010921901,0.014977189,0.02062187,0.025819207,7wllxpjq.png,0,test
0.00032501903,0.009604256,0.00064966286,0.0005934597,0.0011931268,0.0019904985,0.0034556119,0.005515562,0.008962759,0.012334847,0.017726649,0.026141651,0.034799777,7wt5b3yp.png,0,test
0.00031350416,0.009434957,0.0007114697,0.0006567712,0.0011455003,0.0019315433,0.0033911339,0.005398598,0.008272208,0.010748631,0.014329781,0.01921668,0.023485126,7x9oyxa6.png,0,test
0.00042208552,0.01064627,0.00073515135,0.0006834844,0.0014693494,0.0024086304,0.0040893476,0.006347589,0.009968132,0.013550795,0.019524625,0.027955202,0.03384868,7ybex3y5.png,0,test
0.00047689027,0.010477204,0.001618054,0.00094857323,0.0016496478,0.0026337255,0.004472888,0.007070847,0.011130976,0.015031482,0.021116748,0.029626826,0.035745904,7yf9ul42.png,0,test
0.000543012,0.01080327,0.0020087077,0.0011495324,0.0019028678,0.0030059642,0.005072103,0.0080297645,0.012836111,0.017852796,0.025908614,0.03654119,0.045734342,7ytr0j18.png,0,test
0.0003204487,0.00967122,0.00072920194,0.00057005533,0.0011774056,0.0019680287,0.0034032871,0.005377749,0.008073196,0.010382888,0.013524328,0.017345529,0.019986222,7za2j0o9.png,0,test
0.00031206154,0.009442321,0.00071778416,0.00063724635,0.001133419,0.0019035729,0.0033033735,0.0052519105,0.0081504695,0.010855192,0.01517567,0.021712337,0.028219357,7zj6yhum.png,0,test
0.00042706737,0.010818674,0.0007067057,0.00069220853,0.0014608474,0.002392819,0.0040604887,0.006422118,0.010239422,0.01384595,0.019628279,0.027682796,0.033481732,7zz3f8cg.png,0,test
0.00032749772,0.009330422,0.00077251415,0.000709783,0.0011801424,0.0020051396,0.003561708,0.005812181,0.009317604,0.012665785,0.018187359,0.026710067,0.035188932,80h3cuq6.png,0,test
0.0002755805,0.008857245,0.00069557666,0.0005630996,0.0010133549,0.0016867089,0.0028321638,0.004263152,0.006271704,0.008004447,0.010400939,0.013425746,0.015910013,81b0tw9w.png,0,test
0.0009355187,0.0134202065,0.0021040058,0.0016045695,0.0026256158,0.0043511554,0.007970941,0.013971846,0.024305748,0.03534556,0.05459298,0.08428979,0.10500844,81dziuru.png,0,test
0.00028582267,0.009269653,0.00069792755,0.00055570144,0.0010355955,0.0017211529,0.0029252197,0.004460664,0.0066303723,0.008532605,0.011161887,0.014486984,0.017174818,81kpdg9o.png,0,test
0.0003246123,0.009484481,0.0008025458,0.0006727593,0.0012126081,0.0020334953,0.0034667568,0.0052768975,0.007938506,0.010296053,0.013834993,0.018716762,0.022544175,82a1yijb.png,0,test
0.00029507,0.009233954,0.0006734311,0.0005864601,0.0010694165,0.0017588806,0.0029234749,0.004379342,0.0064311456,0.008140626,0.010430348,0.012905903,0.014379138,82c2asvo.png,0,test
0.00027201782,0.009082809,0.0005810338,0.0005314068,0.0009895386,0.0016463046,0.0028152915,0.00436786,0.00657924,0.008451518,0.011195571,0.015126875,0.018872287,82i5x65u.png,0,test
0.00029446938,0.009048473,0.0006893901,0.00061012275,0.0010770453,0.0018237731,0.0031987575,0.005075904,0.007902556,0.010476274,0.014519392,0.02042261,0.02554018,82lbgsir.png,0,test
0.00027581723,0.009018055,0.0006992599,0.00057273713,0.0010025217,0.0016523909,0.002748575,0.00409347,0.0059753642,0.0076648425,0.010072309,0.013158987,0.015706297,82lzwge8.png,0,test
0.00033609165,0.009825945,0.00075256435,0.00063528266,0.00119392,0.0019681342,0.0033462853,0.0052250605,0.008066425,0.010688965,0.014409456,0.019098956,0.022440042,82nlpcp1.png,0,test
0.00030546632,0.009436583,0.0006647709,0.0006248912,0.0011047774,0.0018507174,0.0032134948,0.0050963163,0.007831353,0.010277504,0.014021558,0.019223794,0.023961274,82oxlmyq.png,0,test
0.0002820529,0.0091736,0.000651524,0.00057015085,0.0010161652,0.0016787703,0.0028523384,0.0043553393,0.0064721843,0.00838644,0.011369219,0.015841924,0.019950276,82p4uc35.png,0,test
0.00029952664,0.009496432,0.0007034668,0.0005967221,0.0011059552,0.0018418409,0.003110879,0.004736283,0.0071599637,0.0094422875,0.0129970815,0.01851532,0.02315979,83mjozgx.png,0,test
0.00032031542,0.009694535,0.0007320675,0.0006169342,0.0011682278,0.0019221155,0.003231386,0.00488538,0.007272988,0.009191446,0.011797796,0.015447309,0.018692309,83sx9xkz.png,0,test
0.00032566424,0.009560354,0.0007431361,0.0006794524,0.0011800758,0.0019976667,0.0035144738,0.0057118544,0.009221801,0.012503162,0.017531114,0.025267988,0.033435747,83wh9ta2.png,0,test
0.00030343793,0.009268655,0.00082131603,0.0006570492,0.0011135893,0.001834048,0.0030961724,0.0046507465,0.006722914,0.008524684,0.011127021,0.014082323,0.015894415,84a5dze1.png,0,test
0.00039146424,0.010339727,0.0007371222,0.0006540638,0.0013986324,0.0022865022,0.003882387,0.006001366,0.009055529,0.011838608,0.01595703,0.021144927,0.024619035,85bg6ahs.png,0,test
0.00031833298,0.009609616,0.00079579663,0.00063840527,0.0011768743,0.0019721095,0.0033292742,0.0050714784,0.0076431017,0.009935746,0.013277818,0.017781638,0.022482973,86lwnv2y.png,0,test
0.00034465315,0.010259015,0.00072146405,0.00066371774,0.0012082715,0.00200894,0.0034647041,0.0054654907,0.008492967,0.011406272,0.015971359,0.022530088,0.02866847,8749xe1v.png,0,test
0.00039411846,0.010663861,0.00083994376,0.00071645755,0.0013461089,0.002211876,0.0037790162,0.0059177126,0.009413741,0.012665762,0.017479742,0.023994194,0.029313069,87kk5i0b.png,0,test
0.00028545185,0.0090900855,0.0006813281,0.00056589785,0.0010698636,0.0017964174,0.0030182379,0.004500051,0.0065253186,0.008309047,0.010826958,0.013756456,0.015827293,87vvpvi1.png,0,test
0.00027377735,0.009091652,0.00062631717,0.000543159,0.0009929944,0.0016471277,0.002785579,0.004275938,0.0063110697,0.008262546,0.011288796,0.015402389,0.018895784,87zmyp2c.png,0,test
0.00035670315,0.010028656,0.00070162327,0.00060165604,0.0012343962,0.002025806,0.0034838724,0.005551103,0.0087423315,0.011668997,0.01624992,0.022491222,0.026706202,881369n0.png,0,test
0.0003292818,0.009399427,0.00083034387,0.000720094,0.0012204895,0.0020266569,0.0034905649,0.005497355,0.008226542,0.010667238,0.014274733,0.019440977,0.024258463,896wnrgx.png,0,test
0.00037479904,0.010282629,0.00071403384,0.00063030585,0.001267235,0.0020595184,0.0034755194,0.0054039094,0.008477857,0.011354934,0.01576208,0.02204045,0.026845507,89vsxdx5.png,0,test
0.00032154878,0.009464616,0.00080321805,0.00067872973,0.0011716817,0.0019265187,0.0032229242,0.004845248,0.0070882854,0.0090590995,0.011851883,0.015346024,0.017887155,8bmnhmxe.png,0,test
0.00031229394,0.009533346,0.0006391017,0.0005510718,0.0011142758,0.0018386088,0.0031455094,0.0048724646,0.007421977,0.009648988,0.012916347,0.017009016,0.019967372,8cwjj4f5.png,0,test
0.00032086123,0.009698172,0.00073154713,0.0005960523,0.0011785327,0.0019642434,0.0033330668,0.00508939,0.0075983154,0.009578605,0.0123166805,0.015872646,0.018469878,8d9t3zmg.png,0,test
0.00032255347,0.009651845,0.0008252501,0.0006466386,0.001162757,0.0019358702,0.0032703362,0.004939579,0.007418788,0.009701905,0.013197087,0.017819198,0.022023248,8dlvqop5.png,0,test
0.00039117105,0.010255204,0.0007195573,0.0006426163,0.0013663953,0.0022713179,0.0039716177,0.0063507254,0.010133191,0.013853001,0.019898945,0.028349476,0.033727907,8e5mfj3k.png,0,test
0.00029511124,0.0091718985,0.00075404934,0.00058713066,0.0011147045,0.0018977725,0.0032598453,0.0050124866,0.0075039803,0.009860884,0.013131787,0.016853418,0.019849468,8eekdkow.png,0,test
0.0003017313,0.009466222,0.00067967735,0.0005570699,0.0011174825,0.0018479845,0.0031085822,0.004736908,0.007181247,0.0093660215,0.012651161,0.017178524,0.020892968,8fyfq4b9.png,0,test
0.0002959543,0.009381275,0.0006821577,0.0005925719,0.0010914841,0.0018125641,0.003066727,0.0046323147,0.006666389,0.008511335,0.011288822,0.015037001,0.018468577,8g0yi0dg.png,0,test
0.00027308977,0.00902047,0.00059642876,0.00054586754,0.0010058325,0.0016885586,0.0029132962,0.004483394,0.006638356,0.0085442,0.011450854,0.0153561495,0.0187431,8giyrnq1.png,0,test
0.00031799523,0.009262126,0.0008104908,0.00070566946,0.0011750794,0.0019657311,0.0033502856,0.005225658,0.0077969795,0.009975144,0.013084613,0.017493822,0.02180304,8ieks698.png,0,test
0.00031310905,0.009563334,0.00072600535,0.00056665257,0.0011631198,0.001963188,0.0034054865,0.00536172,0.008329853,0.011294892,0.015978098,0.02302364,0.029384261,8jiv84xm.png,0,test
0.00096287724,0.013583686,0.0018168433,0.0016552677,0.00272848,0.0045651165,0.008317251,0.014391574,0.024812397,0.03535596,0.053146917,0.08015041,0.09838878,8jmmvtqy.png,0,test
0.0002991598,0.009191805,0.0008096553,0.00061501807,0.0011137248,0.0018691223,0.0031684292,0.0047024135,0.0068106377,0.008709853,0.0115325535,0.0154597415,0.019402964,8jsrww4s.png,0,test
0.00027282644,0.009052804,0.00066543516,0.00055097206,0.0010076422,0.0016816981,0.0028702542,0.0044356403,0.0068027643,0.008924106,0.011823642,0.015676958,0.019554969,8kklseau.png,0,test
0.00037565612,0.010257807,0.0007932299,0.0006798881,0.0012805506,0.0021156932,0.0036547878,0.0057921805,0.009064524,0.012040682,0.016547695,0.022696517,0.027305083,8klxzm4e.png,0,test
0.00033452353,0.009862283,0.0006919939,0.0006026815,0.0012159998,0.00202263,0.0034781853,0.005545151,0.008864193,0.012243984,0.017671121,0.026018938,0.034544993,8kqbobdc.png,0,test
0.00033601027,0.009698316,0.0008823815,0.00069739367,0.0012113246,0.002040194,0.0035641466,0.005689662,0.008720658,0.011424217,0.01572525,0.021644754,0.027170632,8l0hg9nc.png,0,test
0.00027235204,0.008770479,0.0006153327,0.0005636113,0.0009907221,0.0016527015,0.0028557896,0.0044814907,0.0067666825,0.008810146,0.012066679,0.016839907,0.021501627,8llihkpj.png,0,test
0.00031130208,0.009206155,0.0008131259,0.0006688876,0.0011491983,0.0019367614,0.0033174541,0.0050669904,0.007480229,0.009526542,0.01262605,0.016618788,0.019864077,8m7qyrac.png,0,test
0.00037786976,0.010686992,0.0007856214,0.00068890257,0.0013236472,0.002203064,0.0038089156,0.00596045,0.00915601,0.011769702,0.01565179,0.02072912,0.024963247,8nhutu2x.png,0,test
0.0003141835,0.009230101,0.0007963108,0.00066540315,0.0011691406,0.0019818544,0.0034353868,0.005362894,0.008128078,0.010544464,0.014167223,0.018711545,0.02248094,8nn3t7tr.png,0,test
0.00043674078,0.010417649,0.0010185156,0.00080111274,0.0015107669,0.0024383278,0.004141318,0.006464311,0.010108322,0.013721782,0.019370785,0.027593413,0.033963036,8o17rm9l.png,0,test
0.00029361458,0.009394978,0.00067990745,0.00059731636,0.0010535812,0.0017474192,0.002970181,0.004524283,0.0065904474,0.008308443,0.010805421,0.013944002,0.01625722,8o8g8hzm.png,0,test
0.00029955572,0.009084501,0.00071607484,0.00065873057,0.0010902736,0.0018125261,0.0030874284,0.004758772,0.0070651406,0.009041869,0.011903928,0.01559516,0.018791525,8or4ww1j.png,0,test
0.0003579376,0.010482835,0.0008587364,0.0006653366,0.0012524835,0.0020583237,0.003468887,0.005303465,0.008016404,0.010379469,0.013811217,0.018879555,0.023071067,8p0lw389.png,0,test
0.00033936414,0.009671659,0.000711172,0.00065205665,0.0011540573,0.0019043755,0.0032746897,0.0051622987,0.0078246435,0.010182664,0.0139448,0.018669676,0.022278309,8pajssuu.png,0,test
0.00036001485,0.009681605,0.0008745147,0.0008057806,0.0013045421,0.0021753164,0.0037097617,0.0057779658,0.008680296,0.011383276,0.015397399,0.021064537,0.026956784,8poe6x2v.png,0,test
0.00031480644,0.009566007,0.00068742485,0.0005354458,0.0011399182,0.0019005177,0.0032779677,0.005089509,0.007839207,0.010353948,0.014296327,0.01998368,0.024136627,8qawpkwi.png,0,test
0.00027942343,0.009162902,0.00067931483,0.000554671,0.001022213,0.001699176,0.0028638314,0.0043421434,0.0065430836,0.008425397,0.011026325,0.014188083,0.017238088,8qdb9bgv.png,0,test
0.0008152281,0.013183979,0.0016483215,0.0014461363,0.0024052253,0.0040170704,0.0072488966,0.01216406,0.01997688,0.027960481,0.04148329,0.06285145,0.07804362,8qfuc6vl.png,0,test
0.00032707409,0.009720419,0.00066793937,0.0005543675,0.001173336,0.0019395004,0.003330716,0.005252532,0.00821939,0.011009213,0.015348921,0.02124278,0.026343504,8qwdn5s1.png,0,test
0.00030243938,0.009490978,0.00065918517,0.0005550136,0.0011131333,0.0018447948,0.0031429722,0.004819157,0.007364033,0.009678989,0.013107286,0.018059608,0.022279885,8rfpxx1o.png,0,test
0.0003392152,0.009885291,0.00076545315,0.0006002332,0.0012385511,0.002069362,0.0035802715,0.0055912626,0.008636114,0.011330952,0.0150513835,0.020052532,0.024054581,8rjid2b2.png,0,test
0.00035434592,0.010101516,0.00076728914,0.0006276863,0.0012704183,0.002091721,0.0034916687,0.0052616913,0.007773711,0.010011509,0.01333635,0.017821725,0.021422379,8rnct14v.png,0,test
0.00036101823,0.0101342555,0.00072567706,0.0006781381,0.0012350426,0.0020492203,0.0035439874,0.0056006047,0.008722791,0.011715193,0.016260318,0.022662478,0.028090402,8seb9u51.png,0,test
0.00028215328,0.009225598,0.00066110835,0.0005312188,0.0010397881,0.0017370452,0.0029642317,0.004525812,0.0067942655,0.008788459,0.01179888,0.015891332,0.018819474,8sh6t15q.png,0,test
0.00029806362,0.009412368,0.00075591716,0.00059625,0.001103588,0.0018436764,0.0031507963,0.0048866593,0.007460444,0.009733672,0.013069477,0.017783642,0.022591291,8snlc1tl.png,0,test
0.0003103363,0.009555702,0.00074146694,0.0006314676,0.0011357466,0.0019031167,0.0032932942,0.0052747456,0.008367045,0.01112927,0.015409231,0.021843133,0.028692285,8so4vrot.png,0,test
0.00033826526,0.009700116,0.00083845755,0.00071194273,0.0012286137,0.0020813777,0.0036915385,0.0059614773,0.009000635,0.011817098,0.01609254,0.022381112,0.028631777,8sqylkzc.png,0,test
0.0003196454,0.009509246,0.00080173474,0.0006782417,0.0011615908,0.0019566887,0.0033808025,0.005299698,0.008245082,0.010816509,0.014740787,0.020403268,0.026401117,8t8zknsy.png,0,test
0.00029078612,0.009521679,0.0006420112,0.000570648,0.0010439706,0.001738851,0.0029821747,0.0046096183,0.0068375943,0.008691474,0.011152441,0.014031151,0.016262025,8t922d0n.png,0,test
0.00029732953,0.009118681,0.0007147378,0.000601766,0.0010912472,0.0018418126,0.0031933803,0.004993628,0.007681546,0.010232288,0.013903444,0.0186075,0.022051109,8tcb5m2g.png,0,test
0.00033133748,0.009586697,0.0007555548,0.0006994737,0.0011790141,0.0019900496,0.0034520188,0.005420585,0.008206837,0.010809862,0.014875108,0.02060293,0.025539486,8tr0s5nm.png,0,test
0.0003198669,0.00959748,0.0007060585,0.000555869,0.0011514812,0.001904014,0.0032154333,0.0048938855,0.0071587577,0.009046494,0.011716633,0.014925437,0.017018415,8umt28wn.png,0,test
0.00031488697,0.009636498,0.00073148456,0.00059269904,0.0011511411,0.0018878873,0.0031663051,0.0048422865,0.0074556456,0.009650262,0.012752,0.016608449,0.01917368,8vir5dwu.png,0,test
0.00044135554,0.009366869,0.0017564436,0.0010800384,0.0015840122,0.0028023114,0.0053494414,0.0091798715,0.016294077,0.02383036,0.03577156,0.052123785,0.07058784,8w4cne1d.png,0,test
0.00029318826,0.008978159,0.0006504829,0.000623198,0.0010791965,0.0018073039,0.0031577288,0.0051115737,0.0082197385,0.011151815,0.015791468,0.022404635,0.029245233,8wfyegfy.png,0,test
0.00030132182,0.009189331,0.0007419134,0.0006189732,0.0011240919,0.0019031118,0.0032828175,0.0050742566,0.0075109676,0.009655734,0.012748804,0.016784575,0.020314256,8wvp4ugk.png,0,test
0.00035682376,0.010047583,0.00077746244,0.00060679094,0.001282789,0.0021062072,0.0035683003,0.0054584546,0.008329701,0.010962007,0.01491952,0.02036225,0.024493424,8x3gzg40.png,0,test
0.00055735407,0.011633124,0.0011911714,0.00088356883,0.0018863088,0.003212968,0.0059262775,0.010362095,0.018461095,0.027072849,0.041233882,0.0621893,0.082911864,8ywvkbim.png,0,test
0.00036294237,0.01032704,0.00078227575,0.00068724813,0.0012506795,0.0020468854,0.00343728,0.0052381125,0.007929574,0.010418906,0.014216196,0.01950586,0.024004163,909iu1jq.png,0,test
0.0002965728,0.009214019,0.0007109463,0.0005937366,0.0010833327,0.0017932026,0.003011513,0.004577267,0.0067895604,0.008770047,0.011720383,0.01566999,0.019404506,91tfrsa8.png,0,test
0.00037750753,0.010294157,0.0007411003,0.0006592334,0.0013003281,0.002145929,0.0036953262,0.005911327,0.00958484,0.01324078,0.018819576,0.026998578,0.03434584,949p9q00.png,0,test
0.00032607227,0.009745952,0.000748392,0.00061658816,0.0012056524,0.0020091936,0.0034057908,0.0051901713,0.007907402,0.010286095,0.013871446,0.018818637,0.02356808,94qaw4zd.png,0,test
0.0003591806,0.00993122,0.00071940245,0.0006364179,0.0012234466,0.0019954205,0.0034233683,0.0054236595,0.008553269,0.011616106,0.016363693,0.022417389,0.026636977,9666an3j.png,0,test
0.00032155795,0.009756288,0.0007344967,0.0006403728,0.0011496043,0.0019133531,0.0032372712,0.0049796468,0.0072987075,0.009293244,0.012283387,0.016391197,0.019702328,96eecrtv.png,0,test
0.00037361647,0.0101831285,0.00076049747,0.0006733879,0.0013057665,0.0021607697,0.0036983385,0.0057816766,0.008918427,0.011807129,0.016092937,0.022133255,0.027542798,96wmjdpj.png,0,test
0.00030791337,0.009243979,0.0007409925,0.00064325274,0.001142795,0.0019303224,0.003334561,0.005197331,0.007835854,0.010189846,0.013566675,0.018181933,0.022295922,97lw6s8q.png,0,test
0.0003518088,0.009724074,0.00088761974,0.00077787106,0.0012510513,0.002100656,0.0036889669,0.0058892635,0.00908352,0.012070047,0.016732972,0.0232243,0.030451631,97uie2tx.png,0,test
0.00030808547,0.009408676,0.0007386922,0.0006270387,0.0011292245,0.0018933404,0.0032102289,0.0049215015,0.00749565,0.009830551,0.013028066,0.01696878,0.01989557,98395ix6.png,0,test
0.0003779752,0.0106207,0.00086844095,0.0007453629,0.0013030978,0.002159016,0.0037416993,0.005936983,0.009214803,0.012316235,0.017302146,0.025017455,0.032623798,98510wbb.png,0,test
0.00027350234,0.009098566,0.0006329894,0.0005226666,0.0010057624,0.0016683757,0.0028014365,0.0042064176,0.0062013064,0.008023196,0.010791586,0.014383825,0.017077817,986k33uf.png,0,test
0.0002975118,0.009254804,0.0006956268,0.0006227072,0.0010763874,0.001805185,0.003097971,0.004837235,0.007141734,0.009105233,0.012104894,0.016121292,0.019809373,98e3r037.png,0,test
0.0002975992,0.009255325,0.0007314381,0.0005995971,0.0010915872,0.0018263997,0.0031421233,0.004893222,0.0073614256,0.009608158,0.012746207,0.017061468,0.020774096,98poc4vg.png,0,test
0.00027457444,0.008876565,0.0006519984,0.0005663763,0.0010033707,0.0016833581,0.0029048414,0.004475108,0.006637332,0.008472947,0.010881327,0.013705051,0.015702797,98w07fil.png,0,test
0.00030293103,0.009291877,0.00075873133,0.00060398603,0.001111094,0.0018605823,0.0032009569,0.004985985,0.007684022,0.010058673,0.013725405,0.019028645,0.024045557,991e5l81.png,0,test
0.00040284882,0.010553103,0.0007283563,0.00065155816,0.0013991412,0.0022728783,0.003779935,0.0057842517,0.008947286,0.011976291,0.016723646,0.023232551,0.027786102,99ifdz3p.png,0,test
0.0004333277,0.01071848,0.00081958866,0.00074950745,0.0014652964,0.0024134575,0.004142732,0.0065368772,0.010538334,0.014662656,0.02198792,0.03396148,0.045153074,99wc1q9a.png,0,test
0.00031078723,0.009549848,0.0006925964,0.00063348253,0.0011259955,0.0018803109,0.0032256823,0.0050252657,0.0075929123,0.009995632,0.013670431,0.01878105,0.023440609,9aawe429.png,0,test
0.00031742066,0.009669475,0.0007373372,0.0005990295,0.0011950848,0.0019879965,0.0033740716,0.005183465,0.007976421,0.010555468,0.0146515295,0.020443652,0.025810927,9ae0w9lf.png,0,test
0.0009540984,0.013218157,0.0019010557,0.0016827033,0.0027108775,0.0045217755,0.008303887,0.014647678,0.025450401,0.03625527,0.054904513,0.08322516,0.102431774,9bktpyhj.png,0,test
0.0003253869,0.009678158,0.0007627262,0.0006596096,0.0011581569,0.0019286422,0.0033551496,0.005212819,0.0078275455,0.010084232,0.013486012,0.017801432,0.021465905,9bp4m18o.png,0,test
0.0002900668,0.009397265,0.0006749557,0.0005730142,0.0010620069,0.001760472,0.002975154,0.0045243963,0.006633549,0.0085582705,0.011461193,0.015563783,0.01912956,9btd5pu1.png,0,test
0.00032684844,0.009788472,0.00075510336,0.0005803834,0.001191564,0.0019907067,0.0034150635,0.0052633104,0.007940212,0.010269619,0.013698946,0.01816723,0.021348786,9bv2hh4h.png,0,test
0.00030756407,0.009289948,0.00078096194,0.0006433015,0.0011202927,0.0018635814,0.0031968376,0.005031248,0.007826637,0.010494883,0.01467098,0.02099435,0.027526926,9clujy44.png,0,test
0.0010023334,0.013309423,0.0020172198,0.0017334545,0.0027964055,0.004662322,0.008531528,0.014887522,0.025667496,0.03685313,0.055792697,0.08424136,0.10283828,9dcg5625.png,0,test
0.00034385818,0.009898671,0.00071002595,0.00059572625,0.0012565054,0.0021083564,0.003658603,0.0058018947,0.009097711,0.01216454,0.017111247,0.024380019,0.029979205,9ensmb76.png,0,test
0.00032846228,0.009566132,0.00079602323,0.0007117056,0.0011683052,0.0019702315,0.003429771,0.005357489,0.007928689,0.010264481,0.013865858,0.019098483,0.024190487,9finkfen.png,0,test
0.00030879548,0.009469382,0.00076330506,0.00060417457,0.0011255482,0.0018964779,0.0032925266,0.0052123168,0.008201,0.01097248,0.015443282,0.021930695,0.028356288,9ftaxp0w.png,0,test
0.0003369308,0.009751532,0.0007855938,0.000687223,0.0012490345,0.0021028826,0.0036111951,0.005576244,0.008236686,0.010645585,0.01406543,0.018586216,0.022090524,9fyxvl5o.png,0,test
0.0003942883,0.010373343,0.00089116883,0.00076349714,0.0012638957,0.002036935,0.0034111023,0.005321165,0.00831772,0.011138542,0.015337086,0.02147334,0.026105719,9gfjwnwt.png,0,test
0.00088734395,0.013571,0.0014701891,0.0014159437,0.0025617033,0.0042554764,0.007678954,0.013004319,0.0215141,0.03022538,0.044903945,0.06717928,0.08158866,9h4kx70p.png,0,test
0.00031999647,0.009609091,0.0007334968,0.0006250285,0.0011903744,0.0020037703,0.0034634122,0.0054373913,0.008534497,0.011542193,0.01583648,0.0218037,0.027345188,9hyxkegr.png,0,test
0.000303658,0.008470168,0.0007745079,0.0006955306,0.0010688092,0.0017893153,0.0031316013,0.0050964616,0.0084422305,0.011843384,0.017384348,0.026016936,0.03525206,9jo3v2np.png,0,test
0.0008747767,0.013385123,0.0016378838,0.0014486094,0.002554072,0.004265906,0.0076936306,0.012941634,0.021480517,0.030059798,0.04459248,0.06690155,0.08198878,9k8wof1x.png,0,test
0.0002911495,0.009052934,0.00068125705,0.00058640674,0.0010707462,0.0018034993,0.0030904827,0.0047390186,0.0070074187,0.008994144,0.01170485,0.015154102,0.018466815,9kytekn2.png,0,test
0.00037740648,0.010240918,0.0007153088,0.0006377928,0.0013335373,0.0022173808,0.0038305914,0.0060208477,0.009186845,0.011833594,0.015664132,0.02085125,0.024221506,9lo4jt54.png,0,test
0.0005425098,0.010553495,0.002167137,0.0011308545,0.0018679126,0.0029445176,0.0050138575,0.008133178,0.013385417,0.018630628,0.027107742,0.038969748,0.049380045,9lvorjr9.png,0,test
0.00036061797,0.0104470225,0.0008808233,0.00067118736,0.0012389356,0.0020659906,0.003619574,0.0059165563,0.00960572,0.012966377,0.017822273,0.024470538,0.029956592,9lw5fdu6.png,0,test
0.00031460534,0.009627036,0.0007363887,0.00060394884,0.001118959,0.0018752692,0.003250768,0.0050043734,0.0075542326,0.009872934,0.013264123,0.018063026,0.021325232,9m8xosqc.png,0,test
0.00032818547,0.009840052,0.00076899043,0.00063363306,0.0012002656,0.001979812,0.0032892055,0.004948369,0.0073521133,0.009455005,0.012560921,0.01678932,0.020225385,9nyye3ub.png,0,test
0.00048134258,0.011206418,0.00092908024,0.0008492814,0.0015472724,0.0025792245,0.0046273987,0.007743387,0.0129845645,0.017973704,0.0252679,0.03601549,0.045560125,9o885g3k.png,0,test
0.00034415888,0.009492491,0.00095766655,0.0007791333,0.0012499448,0.0020772358,0.0034832815,0.005224542,0.0076196613,0.009810088,0.013109624,0.017513542,0.020993697,9onb3jow.png,0,test
0.00033170966,0.009810497,0.00077471277,0.00061494345,0.0012088038,0.0020021563,0.0033672296,0.0051401574,0.0076445076,0.009806443,0.01278971,0.016612245,0.01916499,9p3nr7dp.png,0,test
0.0009963044,0.013628602,0.0021216788,0.0016715912,0.0028060472,0.0046601547,0.00837497,0.014137382,0.023707075,0.03371694,0.05083073,0.0764418,0.09305857,9p4m3jg4.png,0,test
0.00031760204,0.009342319,0.0007558713,0.00064924156,0.0011732131,0.0020046474,0.0035137301,0.0055668172,0.008388126,0.01105237,0.015004804,0.020713948,0.025466295,9pocfg3h.png,0,test
0.00028088136,0.0091096135,0.0006576678,0.000566412,0.0010265745,0.0017061364,0.0029020344,0.004428481,0.0065795444,0.008459029,0.011206247,0.014792207,0.01809523,9q44dvvp.png,0,test
0.00030806096,0.00927488,0.000706657,0.0006499949,0.0011157437,0.0018972754,0.0034503266,0.0058541605,0.009536669,0.012915351,0.018429622,0.027502587,0.03831771,9qz3q045.png,0,test
0.00031568768,0.009548383,0.00070530106,0.0006343533,0.0011380482,0.0019139481,0.003336323,0.005229443,0.007989591,0.010462924,0.014427547,0.020504965,0.026943825,9r8tuo05.png,0,test
0.0003651134,0.010006582,0.0006965008,0.00066077063,0.0013158993,0.0021385723,0.0035756887,0.0054532713,0.0081924265,0.010810447,0.014852214,0.019820256,0.022929877,9rk7zd9m.png,0,test
0.00034058472,0.009659055,0.00080994924,0.00073498953,0.0012161377,0.0020440717,0.0035295147,0.0055597844,0.008447498,0.011074948,0.015062696,0.020688891,0.026476286,9s1t78vo.png,0,test
0.00032558633,0.009307665,0.00079262955,0.00068569166,0.0012038252,0.0020464612,0.0036196187,0.0057605007,0.008826893,0.011764814,0.015700987,0.020914111,0.024626799,9s8zav1k.png,0,test
0.000395083,0.010376214,0.00071076816,0.0006172061,0.0013904807,0.0022905327,0.0038856873,0.006053839,0.009335054,0.012395923,0.017354479,0.02420462,0.029041993,9tvpuc4a.png,0,test
0.0002880653,0.009320821,0.00071986625,0.0005687084,0.0010300778,0.0016933504,0.0028531698,0.0043779584,0.006527231,0.008461666,0.011478361,0.015600681,0.019136922,9uskb688.png,0,test
0.00032935292,0.009925742,0.00070314977,0.00061096164,0.001202505,0.0020084034,0.0034678697,0.0054251864,0.0081852935,0.010377725,0.013478631,0.017779812,0.021383584,9utvmtuc.png,0,test
0.00029893636,0.00922049,0.0006674285,0.00062057533,0.0010759538,0.001787814,0.0030384366,0.004648633,0.006844897,0.008707299,0.011254157,0.014557565,0.017622072,9v07oqkb.png,0,test
0.00034635913,0.009555706,0.00084082835,0.00077597477,0.0012750332,0.0021583019,0.0037417386,0.005909647,0.009085341,0.012122513,0.016930744,0.024273809,0.031326517,9v4epnxa.png,0,test
0.00032357452,0.009675608,0.00072207727,0.0005721015,0.0011628142,0.0019116764,0.0032387427,0.0050358614,0.0076848795,0.0101117855,0.013796462,0.018752722,0.022252183,9v6zsmwo.png,0,test
0.00027542104,0.009055225,0.0006523819,0.0005594665,0.0009923024,0.0016544499,0.002850755,0.00443313,0.0067729736,0.008893594,0.012168484,0.01690232,0.021872178,9vqiet4a.png,0,test
0.00029348026,0.009290543,0.0006370179,0.0005861186,0.0010919095,0.0018284124,0.0031377072,0.00486395,0.0072865845,0.009390402,0.012420535,0.016521733,0.020370388,9x20bw2m.png,0,test
0.0002925073,0.009310812,0.00065411534,0.00058565225,0.0010780651,0.0018072904,0.0031218224,0.004897112,0.007461065,0.009869499,0.013786327,0.019963782,0.027046544,9xdyq8d7.png,0,test
0.00034919393,0.0099479975,0.000753925,0.000587661,0.001257812,0.0021078705,0.0036534804,0.0056911684,0.00872644,0.011363058,0.015155107,0.020470701,0.024689427,9z1h68im.png,0,test
0.0003438761,0.009846448,0.00073591754,0.0006184608,0.0012123937,0.002030774,0.003632788,0.0059282877,0.009347246,0.012443019,0.016753724,0.022605136,0.026658775,9z2fvexy.png,0,test
0.00034549073,0.009837247,0.00078639685,0.00062975223,0.0012731601,0.0021446086,0.003723901,0.005859717,0.00900799,0.011801015,0.016046783,0.022399085,0.027629932,9zu17d8h.png,0,test
0.00036598934,0.010083758,0.0007421473,0.00064045837,0.0012916562,0.0021306137,0.003626242,0.0056943796,0.009033442,0.0121687865,0.01716752,0.024693035,0.030446593,a0f89jch.png,0,test
0.00045511907,0.0110309515,0.00085941446,0.000840872,0.0015300525,0.002603911,0.0047410536,0.007972554,0.013090014,0.017761081,0.024835983,0.0348457,0.043253064,a0gurgug.png,0,test
0.00028704313,0.009070565,0.0006637072,0.0005872248,0.001073398,0.001826764,0.003197168,0.0051025576,0.007943379,0.01058474,0.014710302,0.020493465,0.025782991,a0mvf4s2.png,0,test
0.0003211068,0.009403813,0.00085864565,0.0006997655,0.0011707435,0.001929284,0.003226456,0.0048974934,0.0072521926,0.009391199,0.012591827,0.016833756,0.020197704,a1a81v93.png,0,test
0.0003052418,0.0092807,0.00069194025,0.0006463461,0.0010701927,0.0017924663,0.0031358588,0.0049839215,0.007532305,0.009611222,0.012700401,0.016885813,0.020574749,a1iopra5.png,0,test
0.0003296046,0.009773617,0.0007463657,0.00061568944,0.0012251083,0.0020512394,0.0034787047,0.0053413864,0.008145744,0.010712057,0.014320759,0.019343631,0.023642981,a1j1ouoo.png,0,test
0.00030025392,0.009241913,0.00069094053,0.00058193714,0.0010987325,0.0018098487,0.0029961786,0.0044734515,0.006513874,0.008317452,0.010790775,0.013895886,0.016621165,a2hhkfj2.png,0,test
0.00095274945,0.013619281,0.0019098312,0.0016753249,0.0027066509,0.0045509413,0.008367957,0.0146155,0.025686866,0.03735246,0.057963803,0.0896604,0.1103697,a2hzteiw.png,0,test
0.00030780348,0.009579265,0.00077403727,0.000594414,0.0011115812,0.00185049,0.0031779748,0.004935273,0.0073502944,0.009481006,0.0125198895,0.01671185,0.020083997,a2pqxd4q.png,0,test
0.0003525429,0.010005091,0.00077207456,0.0006256586,0.0013146773,0.0022218046,0.0038977906,0.006290506,0.009943033,0.013593357,0.019861136,0.029771646,0.037178345,a2tbyy27.png,0,test
0.00029917114,0.0090759015,0.00080868317,0.0006515757,0.0010855787,0.0018356172,0.0031891924,0.0049688565,0.0074889553,0.009637091,0.012541791,0.016167337,0.018567743,a38fk6xc.png,0,test
0.00030844417,0.009283219,0.00070999685,0.0006331086,0.0011434985,0.0019259223,0.0032860532,0.004969774,0.0071141818,0.0089743445,0.011541409,0.014591977,0.01665514,a3mlwu1l.png,0,test
0.00059966446,0.011106448,0.0024538338,0.0012669066,0.00211524,0.0033288458,0.005634351,0.009079862,0.014782851,0.02054236,0.030188002,0.04402052,0.055904496,a4psr282.png,0,test
0.0003057042,0.009119119,0.00067701546,0.0006274202,0.0011233779,0.0019025265,0.0033541257,0.0054100254,0.0086257,0.011563867,0.016201662,0.023074375,0.03030012,a4rgfnir.png,0,test
0.00031421275,0.009501227,0.0007517645,0.00064848264,0.0011462073,0.0019187458,0.0032643906,0.0050064255,0.0073415446,0.009420704,0.01235619,0.01629184,0.020028623,a566kqqh.png,0,test
0.0004488167,0.01097036,0.0007834888,0.00073391665,0.001551672,0.0025307818,0.0043129213,0.0068067666,0.010753984,0.014502677,0.020398429,0.02869522,0.03462549,a59obnnq.png,0,test
0.00029654015,0.008992581,0.0006758917,0.00062831066,0.0010763472,0.0018098907,0.0031495385,0.0049431333,0.007572061,0.009880731,0.013498673,0.01863314,0.023448188,a5uy7nvl.png,0,test
0.0004210028,0.0102944365,0.0010923478,0.0007977909,0.0014751982,0.0023821471,0.004036709,0.0063941963,0.01007417,0.013574973,0.019169504,0.027116362,0.03312295,a6bmla4q.png,0,test
0.0003956033,0.010360116,0.00076738524,0.0006834061,0.0013963813,0.0023211183,0.004029346,0.00637354,0.009770923,0.012802535,0.017359277,0.023358662,0.028271137,a6t9p1jh.png,0,test
0.00030566377,0.009411865,0.0007609864,0.0006052698,0.0011369605,0.0019089212,0.0032587592,0.0049223946,0.0071915947,0.009121588,0.011745539,0.015032867,0.017956914,a7dd72re.png,0,test
0.00035148027,0.0099621,0.00071869633,0.0005843826,0.0012682779,0.0021117008,0.003611063,0.005585214,0.0083492575,0.010799369,0.014310437,0.018820925,0.021896524,a7j6oy77.png,0,test
0.0003507106,0.00861348,0.0012005388,0.00084107975,0.0011915782,0.0020147392,0.0037177063,0.006542199,0.012066813,0.018384535,0.030096872,0.05147879,0.07707019,a7kejfsj.png,0,test
0.00040084415,0.010336591,0.00069027295,0.0006634924,0.0013993223,0.002326034,0.0040499032,0.006440149,0.010253133,0.013856524,0.01950048,0.027933126,0.035385836,a7r582k8.png,0,test
0.00034043347,0.009630169,0.000901627,0.00072285795,0.0011946299,0.0020120707,0.0035896685,0.0059151878,0.009961029,0.013941888,0.020160675,0.029440368,0.038839296,a7ryzy26.png,0,test
0.00031790938,0.009576995,0.00070247607,0.00055837823,0.0011345985,0.0018806895,0.003166443,0.0048435573,0.007343575,0.009599237,0.01285845,0.016964145,0.019670857,a8nbg1x2.png,0,test
0.0003339896,0.009906592,0.00075652386,0.00063300907,0.0012453987,0.002090148,0.0035864701,0.005543033,0.008419784,0.010962422,0.014431617,0.019548444,0.024169076,a92wlffk.png,0,test
0.00031074084,0.009607905,0.0007590198,0.00062801177,0.001144988,0.0019172599,0.0032742799,0.0050218166,0.0074680303,0.009748251,0.013119717,0.018075136,0.022625424,a94d8xer.png,0,test
0.00029056874,0.009230862,0.0006866368,0.0005841404,0.0010728212,0.0018142312,0.003113707,0.0047406936,0.006888316,0.008682389,0.011260388,0.014548334,0.017218582,aa2u4px1.png,0,test
0.00034602877,0.009628025,0.0009151657,0.0007808009,0.0012737461,0.0021110005,0.0036002456,0.00560655,0.008416813,0.010997275,0.01483121,0.02024738,0.025278157,aaajo1f8.png,0,test
0.00030629028,0.009395246,0.00069528684,0.0006253006,0.0011247478,0.0018876875,0.0032298837,0.0049756463,0.0073856744,0.009531381,0.012512688,0.016808309,0.020782234,aad0xh2m.png,0,test
0.00037330034,0.009739186,0.0011214458,0.0008314077,0.001336551,0.0022842428,0.00411597,0.006668807,0.010069217,0.013454973,0.019050071,0.026940651,0.0353647,aaddjiti.png,0,test
0.0003476533,0.009981079,0.0006789003,0.00061890914,0.0012269366,0.0020214461,0.0034512377,0.0054284194,0.008423557,0.011348527,0.01610975,0.022997487,0.027864443,aalxvgpc.png,0,test
0.00029749595,0.009210231,0.0007605109,0.00060566934,0.0010878062,0.0018231659,0.0031309342,0.0048678643,0.0071616117,0.009221599,0.012366312,0.016343536,0.01978008,aawbsrxo.png,0,test
0.00033795292,0.009828161,0.00065816956,0.00057309325,0.0011863166,0.0019509608,0.0033359535,0.005250783,0.0082142055,0.010928071,0.015433674,0.021873847,0.026471391,abuo970u.png,0,test
0.0008892274,0.013260502,0.0016498081,0.0015477943,0.0025879894,0.0043418077,0.007911311,0.013514148,0.022669872,0.032005485,0.048031054,0.0734747,0.09094749,abyqkwb0.png,0,test
0.00054380915,0.010651262,0.0022331076,0.0011830465,0.0018644356,0.002922044,0.0048528104,0.0075454637,0.011894105,0.016083669,0.02258363,0.031572975,0.03974146,adigsntw.png,0,test
0.00029277886,0.009362115,0.0006891613,0.0005863121,0.0010712444,0.0017768781,0.0030062215,0.004619138,0.0069839186,0.009143255,0.012478622,0.017303418,0.022241568,adkel21a.png,0,test
0.0003788927,0.010165896,0.00068578124,0.0006446028,0.0013217889,0.0021833605,0.003725411,0.0058452273,0.009088508,0.012110221,0.016731963,0.023098607,0.027044369,aep3a8n5.png,0,test
0.00032522817,0.009507021,0.0007934533,0.0006800161,0.0011874012,0.0020124472,0.0035924641,0.0059533766,0.009869621,0.013672564,0.020023625,0.029840441,0.040524885,afb7cqfa.png,0,test
0.0002895377,0.0092230905,0.0006874141,0.00057733007,0.0010708818,0.0018022264,0.0030752488,0.004678412,0.0069864476,0.0089963125,0.011908816,0.015942823,0.019987145,ag6xo6pb.png,0,test
0.00029721888,0.009319968,0.000719092,0.00060811156,0.0010735199,0.0017805556,0.0030386487,0.004736986,0.0071812337,0.009398043,0.012696603,0.01732267,0.02178019,agbp9gxv.png,0,test
0.0003283414,0.00973833,0.00077189266,0.0006087383,0.0012059144,0.0020278525,0.0035071766,0.0054087453,0.008093774,0.010405873,0.013763921,0.01824397,0.022395253,agnljcb1.png,0,test
0.00031617738,0.009823503,0.0007222192,0.00060935336,0.0011446299,0.0018755472,0.0031086178,0.004697307,0.007015842,0.008999087,0.011691727,0.015043885,0.017724482,ahktfc2r.png,0,test
0.00029713413,0.009242843,0.00072255783,0.0005933454,0.0010907523,0.0018204993,0.0030558705,0.0046229344,0.0067937006,0.008719595,0.011601397,0.015451394,0.019286234,ai0ixpwm.png,0,test
0.0003264724,0.009656791,0.0008255467,0.0006855133,0.0011950497,0.002001244,0.0034270156,0.0052021663,0.007542981,0.009567299,0.01241258,0.01642995,0.020058656,aj4mh7lk.png,0,test
0.0009008194,0.013818569,0.0025754247,0.0017968174,0.0026507196,0.0044695428,0.008287393,0.014042286,0.02473021,0.035927717,0.054273702,0.07903838,0.102924936,akcqadc1.png,0,test
0.0009238936,0.0133037055,0.0017039359,0.0015547946,0.0026069311,0.0043194857,0.007820255,0.013441982,0.023177106,0.033277865,0.05033911,0.076237,0.09437452,akitkg0f.png,0,test
0.0002985727,0.009442672,0.0006835334,0.0005781777,0.0010911117,0.0018041483,0.0029997802,0.0044772225,0.006485658,0.008071412,0.010262637,0.012833833,0.014660968,albna023.png,0,test
0.00036067102,0.0104722185,0.0008368733,0.0006329398,0.0012441608,0.0020566771,0.0035017403,0.0054497817,0.00835311,0.010921233,0.014556145,0.019013906,0.022955317,alnu6bx0.png,0,test
0.00038009012,0.01030109,0.00081666105,0.00072483794,0.0012639234,0.0020502855,0.0034680166,0.0053980118,0.008316744,0.010928652,0.014669808,0.019606922,0.022955365,am0xkfsi.png,0,test
0.00028977593,0.009224324,0.0006976011,0.00058797875,0.0010498407,0.0017410165,0.0029232267,0.0044552227,0.006714802,0.008746083,0.011517554,0.014848784,0.017399972,am7p9foq.png,0,test
0.00026808438,0.008144088,0.00075873465,0.0006129597,0.00096803816,0.0016087753,0.0027958124,0.00447318,0.007320764,0.010374867,0.015178025,0.022506073,0.030112706,amchpyuf.png,0,test
0.00031086153,0.009525168,0.00077748083,0.0006265414,0.0011477743,0.0019116316,0.0032690044,0.005063899,0.007684438,0.009910048,0.013207571,0.017625751,0.021469882,amkcejhc.png,0,test
0.0003154733,0.009360598,0.00084221736,0.000674735,0.0011833723,0.0020120002,0.0034525152,0.0053618834,0.007988924,0.0104123065,0.013862275,0.018354848,0.022376552,aml227ci.png,0,test
0.0003332049,0.00988935,0.0007232212,0.0006075851,0.0012064455,0.0019932357,0.0033707183,0.005095156,0.007511823,0.009681775,0.012839445,0.016933292,0.020283718,anw2d0gz.png,0,test
0.0003960685,0.010538998,0.0008054452,0.000741034,0.0013786824,0.002263507,0.0038686483,0.00614027,0.009738671,0.013119515,0.018406441,0.026399566,0.033974156,aoiwaydr.png,0,test
0.0003187285,0.009611703,0.0007301709,0.00065848225,0.0011945938,0.0019998972,0.0034305202,0.0052302224,0.007683264,0.009848904,0.012924357,0.017081011,0.02052825,ap3k5b8s.png,0,test
0.00032716562,0.009587082,0.0007326019,0.0006670954,0.0011972159,0.0020011733,0.0034166619,0.00525585,0.007735159,0.009864392,0.013026877,0.017442811,0.021215975,ap7p92le.png,0,test
0.00030309177,0.009341439,0.00067181705,0.0006144754,0.0011215012,0.001887992,0.0032884877,0.0052973176,0.008348617,0.011182006,0.015230159,0.02069844,0.025424892,apo1elqe.png,0,test
0.00031099241,0.00934101,0.000716622,0.0006710952,0.0011109686,0.0018512085,0.0032172282,0.0050034877,0.0073534385,0.009492178,0.012647741,0.01709556,0.020644745,ar2zsin4.png,0,test
0.00034303003,0.009736876,0.00086658774,0.0007565071,0.0012063987,0.002011279,0.0034989617,0.0054924134,0.008289695,0.010781995,0.01461071,0.02006017,0.025601111,arseuh23.png,0,test
0.00036618355,0.010063524,0.00067285984,0.00057677645,0.0012806508,0.002137805,0.00376461,0.006159876,0.010143254,0.014026366,0.020773327,0.030876596,0.038812082,as8agrna.png,0,test
0.00086141156,0.01307223,0.0016015786,0.001469639,0.0025406443,0.004246375,0.00772054,0.013233187,0.022434633,0.03190727,0.04832703,0.07438824,0.09283126,asz6e3tf.png,0,test
0.00036114146,0.010043289,0.00075719354,0.0005889115,0.0012968737,0.002144933,0.003632696,0.005597573,0.008546501,0.011220173,0.015240345,0.02032105,0.023712376,at2eyf8a.png,0,test
0.00032825186,0.009404647,0.0007807792,0.0007245024,0.0012269461,0.0020899007,0.0037042005,0.005968035,0.009316465,0.012512282,0.017639654,0.025268119,0.033135507,atgvetn0.png,0,test
0.0003172283,0.009632476,0.0007968223,0.0005837343,0.0011372284,0.0018634349,0.003128288,0.0047635618,0.007078231,0.009144291,0.012043737,0.015676495,0.018179983,atp9px7l.png,0,test
0.0002988701,0.009412049,0.0006795875,0.00058178575,0.001103928,0.0018354611,0.0030518365,0.004563475,0.0067584817,0.008733558,0.011554924,0.015127207,0.01822726,atpz00h4.png,0,test
0.00033059507,0.009539919,0.0007896381,0.00070986873,0.001183534,0.0020056444,0.0035688996,0.0058026365,0.009157528,0.012363914,0.017425735,0.025155589,0.033055767,aus6lymm.png,0,test
0.00031481648,0.009270537,0.00079972623,0.00068908744,0.0011578612,0.0019356571,0.003300372,0.005072483,0.00741017,0.009423607,0.012253378,0.015838249,0.019049497,avbhsuyp.png,0,test
0.0003398598,0.009850461,0.00075289083,0.00066722766,0.0011882259,0.0019576864,0.0033244798,0.005178953,0.008006644,0.010517082,0.014291022,0.019739635,0.024825918,avirzxw2.png,0,test
0.00039838714,0.010280565,0.00093608774,0.00077676424,0.0013185474,0.0021372777,0.0036173584,0.005679941,0.009001117,0.012216025,0.017573522,0.026195047,0.03481558,avzcta94.png,0,test
0.000343023,0.009874903,0.0008331949,0.0007295711,0.001245324,0.0020977855,0.003620581,0.0056801373,0.008613728,0.011399574,0.015835432,0.023037022,0.030711025,awpg8gkx.png,0,test
0.0003481832,0.010002311,0.0006511706,0.0005605646,0.001223128,0.002022324,0.0034749594,0.005499387,0.008650801,0.011613068,0.016486367,0.023595462,0.02845835,awu918vc.png,0,test
0.000342701,0.009818121,0.00069647375,0.00059142575,0.0012037979,0.0019907346,0.0034420486,0.0055544325,0.009188939,0.012774357,0.018598229,0.027412685,0.03525155,ax7gs7i0.png,0,test
0.00029716728,0.009409475,0.0007004765,0.00057882344,0.001088135,0.0018328145,0.003168702,0.0049114544,0.0073255864,0.009447841,0.012729351,0.01732011,0.021338431,axpcd6i2.png,0,test
0.0003035821,0.009187726,0.0007320163,0.00063914224,0.0011138214,0.0018757883,0.0032687415,0.005172027,0.0078423275,0.010272879,0.013893191,0.01857536,0.02339656,ayi49cab.png,0,test
0.00031396572,0.009513228,0.00071061857,0.00055896555,0.0011241854,0.0018626814,0.0031441546,0.004751292,0.0070363767,0.008958336,0.011610628,0.015155113,0.017737983,aynhw8vv.png,0,test
0.00031895624,0.009857728,0.0006936892,0.00057349994,0.0011572661,0.0019148607,0.0032952288,0.005118004,0.0077104033,0.009908517,0.01289023,0.01680266,0.019942002,az0wy5eq.png,0,test
0.0003798045,0.010865175,0.000688067,0.0006255128,0.0012779277,0.0021114002,0.0036660996,0.005784879,0.008873401,0.011552425,0.015553711,0.021059157,0.025346084,az39pecn.png,0,test
0.00031795062,0.00969657,0.00072146195,0.00061140186,0.0011412743,0.0019192464,0.003274621,0.0049700066,0.0072224196,0.009136258,0.011818245,0.015212275,0.017299183,azpij3f7.png,0,test
0.00030996415,0.00957184,0.0007428867,0.00060775934,0.0011492993,0.0019347161,0.0032925815,0.0050200108,0.0074217026,0.00943727,0.012214312,0.015786752,0.019021196,b01d5wdn.png,0,test
0.00031873622,0.009424151,0.0007749518,0.0006699687,0.0011530435,0.0019412944,0.0033816777,0.005400605,0.008755063,0.012021941,0.016931174,0.024066878,0.031507514,b02uclz2.png,0,test
0.00041024585,0.010548648,0.0008750929,0.00074894977,0.001387528,0.002320882,0.004099644,0.006718343,0.01065614,0.0144868735,0.020289727,0.028371166,0.035967745,b0gq3a7c.png,0,test
0.00031182246,0.0094915945,0.0007691352,0.0006556218,0.0011609424,0.0019198887,0.0032100382,0.0048723808,0.007183709,0.009207421,0.012128383,0.01596571,0.01908727,b0i6bz5f.png,0,test
0.00044061555,0.009438263,0.0015979649,0.001054847,0.0015114329,0.0026404297,0.005064441,0.008770685,0.015296604,0.022099076,0.0334104,0.05068601,0.07166485,b0pl861c.png,0,test
0.00088529475,0.013116115,0.0018366299,0.0015679704,0.0025493975,0.0042916057,0.007904282,0.013725548,0.02377773,0.034299348,0.05266887,0.08101947,0.10078064,b12qzu8d.png,0,test
0.00035394568,0.010118359,0.00073417753,0.0006099568,0.001266867,0.002134684,0.0037585897,0.0060943435,0.009892026,0.01328652,0.018083187,0.024856817,0.029452031,b1qtgnhu.png,0,test
0.0004127322,0.010435433,0.00081178616,0.00069701206,0.0014596673,0.002436566,0.0043017506,0.007029854,0.011537375,0.015994033,0.023710819,0.03560968,0.044749867,b1vm3de8.png,0,test
0.00039056927,0.010347152,0.0007274832,0.0006385125,0.0013542314,0.0022391395,0.0039157253,0.006345686,0.010268158,0.013822171,0.019623809,0.027901411,0.034789763,b1ztpsfd.png,0,test
0.00040907974,0.010816826,0.0009288861,0.0007933797,0.0014073966,0.0023447021,0.004093571,0.0065270998,0.00997871,0.013195052,0.018214548,0.02568585,0.032982614,b2xhy2a9.png,0,test
0.0003373154,0.009856895,0.000759511,0.00056785153,0.0012091787,0.0019968667,0.0033822309,0.0051826877,0.007626485,0.009776001,0.013002073,0.01709494,0.01995387,b352jkut.png,0,test
0.00036596594,0.010288673,0.0008368258,0.0007229438,0.0012535963,0.0021118643,0.003709651,0.0059457235,0.009390847,0.012533035,0.017359126,0.024638824,0.032106273,b41hfu9p.png,0,test
0.0003054414,0.009220327,0.0007825172,0.0006355781,0.0011248218,0.001882588,0.0032427802,0.005108257,0.007971226,0.010703323,0.014793889,0.020694887,0.026479824,b4r8ocfs.png,0,test
0.0003273642,0.009450973,0.0007865822,0.000633432,0.0011933314,0.001987982,0.0033482143,0.0050961277,0.0074860663,0.009698095,0.012995368,0.017694507,0.021616895,b4w2y5pe.png,0,test
0.00033597136,0.00867538,0.00092393876,0.00076407794,0.0011409156,0.0019156821,0.0033961276,0.0056813965,0.009732536,0.014107563,0.021803161,0.03451686,0.049211457,b4yuexyv.png,0,test
0.0003242558,0.009940399,0.000751867,0.0006657226,0.0011394037,0.0018707728,0.0031684733,0.004992229,0.0077512804,0.010161522,0.014038691,0.019492777,0.024983464,b5389m8j.png,0,test
0.00036361397,0.010526847,0.000746952,0.0006290172,0.001286021,0.00211686,0.0035631412,0.005544634,0.00860635,0.011358473,0.015542399,0.021395534,0.026885988,b6v27aid.png,0,test
0.00030762443,0.009405518,0.0007604894,0.0006131129,0.0011323574,0.0018879059,0.0031992982,0.004956486,0.0076011433,0.0100247385,0.013815356,0.019376783,0.024046918,b7jdr4b4.png,0,test
0.00035712574,0.0100704525,0.0006950506,0.0006068763,0.001223082,0.0020055452,0.0034205632,0.005311194,0.008175142,0.010920274,0.015143558,0.021356704,0.02655431,b7sncpi6.png,0,test
0.00030844443,0.009595003,0.0006888025,0.00056067645,0.0011301477,0.0018849274,0.003167777,0.0048421,0.007293909,0.009457629,0.012642573,0.017223815,0.021074794,b7zyneqw.png,0,test
0.0002769831,0.008993159,0.0006314503,0.0005518732,0.0010001322,0.001657509,0.0028058924,0.0042780326,0.006349992,0.008059946,0.010507994,0.013587804,0.015913002,b890zm8j.png,0,test
0.00039125417,0.010686385,0.00080722204,0.0006510409,0.0014153585,0.0023523464,0.003995544,0.006143229,0.009206769,0.011902033,0.016092455,0.022189697,0.028111497,b8c1my7f.png,0,test
0.0003544863,0.010023471,0.00078501203,0.0006197337,0.0012742516,0.002109021,0.003541144,0.0053381943,0.0078772865,0.010019861,0.0129299965,0.016444013,0.018632177,b8poxiot.png,0,test
0.0003278979,0.009679415,0.00066641567,0.00055733,0.0011618525,0.0019176822,0.0032756596,0.005120581,0.007865328,0.010386504,0.014382821,0.020052042,0.024020704,b9b935kz.png,0,test
0.00092324556,0.013508273,0.0018209607,0.0015201699,0.002675802,0.0044650263,0.008138327,0.014011429,0.023800846,0.033885557,0.050851654,0.07631023,0.09345931,b9fwnhip.png,0,test
0.00030756468,0.009230441,0.0007679019,0.0006415052,0.0011403731,0.0019305263,0.0033104594,0.0051676305,0.008056138,0.010765983,0.014392156,0.019525062,0.024778754,ba1dyqg1.png,0,test
0.00032990353,0.009569906,0.00080510025,0.0006854418,0.001191218,0.0020282438,0.0036117376,0.005845497,0.009310434,0.012485186,0.017333098,0.024365498,0.031078879,ba56pknr.png,0,test
0.00031037958,0.009387664,0.0007437359,0.00065552513,0.0011158676,0.0018648003,0.0032298164,0.005148438,0.007896747,0.010444091,0.014281811,0.020049393,0.025926137,bbckmr8p.png,0,test
0.00033111635,0.009726623,0.0007910958,0.00069941505,0.0012063787,0.0020076048,0.003417648,0.0053083985,0.008025503,0.010378889,0.014214331,0.019873448,0.025185442,bbsu04w4.png,0,test
0.00035533207,0.010008137,0.00066122285,0.0005956579,0.0012637955,0.0020729492,0.0035296238,0.0055127265,0.008510691,0.01134056,0.015742417,0.021707382,0.02529194,bd41rxwg.png,0,test
0.0003136711,0.009543778,0.0007606535,0.00060985395,0.0011477715,0.0019158785,0.0032638144,0.0050165243,0.0074652834,0.0095765665,0.012639268,0.016211187,0.019462463,bd880mdw.png,0,test
0.00030327844,0.009254665,0.0007986182,0.00063493877,0.0011361026,0.0019073832,0.0032165924,0.004875659,0.007345823,0.009745216,0.013315749,0.01802638,0.022593113,bdgg7pvr.png,0,test
0.00031628483,0.009541784,0.0007315965,0.0005753973,0.0011407575,0.0018941252,0.0032606367,0.005195461,0.008216385,0.010851161,0.014638767,0.019450454,0.022554345,bduf72oo.png,0,test
0.00030881495,0.009630493,0.00073088653,0.00060878013,0.001119877,0.0018598848,0.003202164,0.00501626,0.007803905,0.010302513,0.013838441,0.018941263,0.023846256,be8pen4c.png,0,test
0.00028489082,0.00903024,0.00064795144,0.00059316866,0.001049898,0.0017643494,0.0030732066,0.004909158,0.007594325,0.010024336,0.013806562,0.019809546,0.026133046,berxe6l0.png,0,test
0.00044362547,0.010926018,0.00081800146,0.00073010736,0.0014534185,0.0023768193,0.0041626273,0.006746565,0.010974381,0.015143644,0.022114841,0.03235266,0.03983484,bf2er1sj.png,0,test
0.00030224276,0.009072581,0.0007599534,0.00064196304,0.0010906011,0.0018261346,0.003159136,0.0048928284,0.0072736097,0.00944704,0.012575277,0.016417582,0.019242132,bfnltbgl.png,0,test
0.00030038616,0.009519612,0.0007271673,0.0005838313,0.0010877515,0.0017865675,0.0029825433,0.0044737514,0.006610594,0.008463872,0.011112535,0.014790435,0.018309835,bftid580.png,0,test
0.0003027056,0.009655315,0.0007210477,0.0005940863,0.0010949868,0.0018196916,0.0031088556,0.004763887,0.00701919,0.008848638,0.011201166,0.014072179,0.016389692,bgl2mcxn.png,0,test
0.0002572429,0.0085757375,0.0006046931,0.0005346469,0.0009614073,0.001604805,0.0027279365,0.0041923323,0.006253528,0.00822185,0.011244061,0.015139331,0.018077625,bgmy4iqz.png,0,test
0.00030099024,0.009446097,0.0006896157,0.0006107168,0.0010970655,0.001835332,0.0031133583,0.0047202846,0.0068383925,0.008586571,0.011090415,0.014322114,0.01715028,bhaiiwi0.png,0,test
0.00034296585,0.0097211925,0.0008411026,0.00075755076,0.0012571267,0.0020892832,0.0035419345,0.005516234,0.008355025,0.010833203,0.014559782,0.019759502,0.02493742,biv407dt.png,0,test
0.00031284604,0.009629238,0.0007379312,0.00058697583,0.0011515842,0.0019215223,0.0032634384,0.004945169,0.007349121,0.009437856,0.012329804,0.016055536,0.018773401,bj4ntksz.png,0,test
0.0003345843,0.009835066,0.0007722888,0.00061824167,0.0012182601,0.002009344,0.0034077195,0.0052427608,0.00794435,0.010267452,0.013460219,0.01780422,0.021572124,bjrimwny.png,0,test
0.00094275,0.013381783,0.0019634047,0.001613286,0.0026715475,0.004426499,0.008001377,0.013711235,0.023483925,0.033715554,0.050972797,0.07756777,0.09643602,blfa51kk.png,0,test
0.0003070705,0.00954418,0.00071996194,0.00059313653,0.0011064804,0.0018323954,0.003112462,0.0047090338,0.0069203777,0.008806128,0.011307283,0.014140049,0.016241062,blokrg63.png,0,test
0.00028190724,0.009083195,0.0006120317,0.0005798714,0.0010395488,0.001735298,0.002948679,0.0045133694,0.006644776,0.008555766,0.011448666,0.015425981,0.01895788,bmqq749q.png,0,test
0.00028855348,0.009047386,0.00062084326,0.00059332204,0.0010557305,0.0017672594,0.00304348,0.004735487,0.0070492555,0.009039967,0.011846495,0.01542328,0.019032966,bnkoj1vt.png,0,test
0.00031536835,0.009511718,0.00074637047,0.0006592577,0.0011456163,0.0019292932,0.0033423624,0.005308815,0.008247983,0.010873879,0.0150649985,0.02148991,0.028037064,bpg2r0to.png,0,test
0.00031379276,0.00942404,0.0007194265,0.0006454936,0.0011416409,0.0018923389,0.003226317,0.005001544,0.0076555056,0.010185399,0.014012823,0.019142903,0.023750138,bpk093i1.png,0,test
0.00032230554,0.009536755,0.0007940512,0.00066747534,0.0011768639,0.001967072,0.0033810663,0.0052257217,0.007923176,0.010289046,0.01367104,0.017949603,0.021655919,bpuqygjg.png,0,test
0.00026772206,0.008916573,0.0006432805,0.00055256445,0.0009708313,0.0015968477,0.0026812349,0.004067588,0.0059084743,0.007450041,0.009596644,0.012157399,0.014473283,bqam97xo.png,0,test
0.0002991848,0.009381395,0.00072680577,0.0006122882,0.0010731135,0.0017897015,0.0031011163,0.004860001,0.0074908948,0.009714211,0.012971314,0.017493378,0.021560552,bqg5a8mb.png,0,test
0.00028288263,0.008261752,0.0006826078,0.00062550936,0.0009947703,0.0016544433,0.002855047,0.004623494,0.007761109,0.0109447595,0.01619089,0.02477301,0.034163676,bqt8hh10.png,0,test
0.0009331103,0.01335172,0.0018317348,0.0015429525,0.0026474716,0.0043928814,0.007992044,0.013803527,0.023357641,0.033279233,0.050207812,0.075326875,0.092026874,br99p9yk.png,0,test
0.00057672226,0.011255646,0.0019644839,0.001130316,0.0019776993,0.0031223905,0.005274517,0.008411199,0.013781106,0.01937784,0.028608665,0.041343816,0.051328603,brfy17xo.png,0,test
0.00030229063,0.009220882,0.0007372468,0.00061641313,0.0011177214,0.0018854315,0.0032559668,0.005120391,0.007797032,0.010187491,0.013721577,0.018618803,0.023059994,brnid5r6.png,0,test
0.00030757987,0.009451011,0.0006774699,0.0006214291,0.0011340656,0.0018988888,0.0032390575,0.004971931,0.007459117,0.009681224,0.012892453,0.017301619,0.021564241,brspj4ki.png,0,test
0.000344001,0.009540065,0.00086761196,0.00075478567,0.0012653574,0.0021109509,0.0035949072,0.005643915,0.0089133205,0.01215702,0.017368147,0.025419515,0.034754146,brw32420.png,0,test
0.00032151956,0.009539982,0.000697346,0.00056197424,0.0011509701,0.0019263285,0.0033713388,0.0054147895,0.008772598,0.0120609375,0.017411632,0.025686588,0.033956364,bscf2qvj.png,0,test
0.00036417312,0.010023884,0.0008012865,0.0006246844,0.0012762012,0.0021450496,0.0038545472,0.006300264,0.010287339,0.014314947,0.020948308,0.030445453,0.037983123,bsq1iu7r.png,0,test
0.0003731834,0.010082909,0.00070052873,0.00064593,0.0012990078,0.002153087,0.0036914255,0.0057945456,0.009153383,0.0122206,0.017150084,0.024376975,0.03048485,bst4q0me.png,0,test
0.0003017982,0.009304355,0.0007026387,0.0005950103,0.001094778,0.0018192398,0.0030633905,0.004670971,0.0069003804,0.008840029,0.011753262,0.016020088,0.019808987,btbop51v.png,0,test
0.0005770786,0.010237883,0.0014687687,0.001320505,0.0017882843,0.003054126,0.005631725,0.009678784,0.016676161,0.023884434,0.036133688,0.05597516,0.07278187,bte6zrx3.png,0,test
0.0003643075,0.010141461,0.0007281663,0.0006245755,0.0013098625,0.0021866022,0.003787442,0.0059951567,0.009255329,0.012193253,0.016356925,0.021563629,0.025481382,btu7rilu.png,0,test
0.000616013,0.010202886,0.0026867513,0.001437764,0.0020031482,0.003519378,0.006855698,0.011599042,0.019922039,0.029074907,0.044601716,0.06936469,0.098435104,buwqbaxr.png,0,test
0.00026969909,0.008746307,0.0006469226,0.00055469136,0.0010192483,0.0017267582,0.0030260559,0.004754628,0.0070869345,0.009085123,0.011949692,0.015526221,0.018151728,bv2j3t4h.png,0,test
0.00031170918,0.009596949,0.000715333,0.0006250032,0.0011292886,0.0018650434,0.0031611999,0.004837442,0.0070240735,0.00877994,0.011139117,0.014081377,0.016554745,bv46mu62.png,0,test
0.00027363573,0.008225147,0.0009988899,0.00065301236,0.0009713581,0.0016350518,0.0028974824,0.0048969244,0.008546339,0.012630149,0.020025132,0.03234272,0.047740933,bv6vpllg.png,0,test
0.00039169617,0.010449087,0.0007093911,0.00060286996,0.0013712504,0.0022666184,0.0038901092,0.0061562685,0.0096019525,0.012960864,0.018547334,0.026598552,0.031461284,bv8m07nk.png,0,test
0.0003353027,0.009523053,0.0008728991,0.0007240241,0.0012263753,0.0020888478,0.0037128269,0.0060905083,0.009363467,0.0124123795,0.017215319,0.02376517,0.031176845,bwq6fodn.png,0,test
0.0003142006,0.009380228,0.00075241766,0.0006695197,0.0011587286,0.0019476142,0.0033451768,0.0052593662,0.008089552,0.010708895,0.01473565,0.020597331,0.026855366,bx52ni0d.png,0,test
0.00038990699,0.010481866,0.0008070261,0.00070019014,0.001315272,0.002130585,0.0036210138,0.005689038,0.008890681,0.011859315,0.016543897,0.02268999,0.02707333,bxc1bxyt.png,0,test
0.00028836823,0.0090190135,0.0007313781,0.00059945026,0.0010947693,0.0018574283,0.0032449572,0.0051415786,0.0078997575,0.010324856,0.013799303,0.019137213,0.024819909,by402329.png,0,test
0.00031293707,0.009516453,0.0006821325,0.00057595334,0.0011124271,0.0018548851,0.0032372687,0.005178365,0.0080276625,0.010680089,0.014714209,0.020281803,0.024923738,by4r0023.png,0,test
0.0003069652,0.009581775,0.0007442851,0.0006061942,0.0011183682,0.0018422784,0.003095935,0.004702508,0.0070165745,0.008995133,0.011391816,0.014357608,0.016960626,bz3gjcls.png,0,test
0.0003276179,0.009538346,0.0009283913,0.00070927007,0.0011948904,0.0019822014,0.003350121,0.0052017793,0.007929336,0.010418137,0.0141586615,0.019580081,0.024806317,bzqstd1c.png,0,test
0.0003266907,0.009751315,0.00068556186,0.00058576674,0.0011554759,0.0019060791,0.0032587005,0.0050703175,0.0076904316,0.010074592,0.013812397,0.018826498,0.022174278,c0kxinhk.png,0,test
0.00036829867,0.010160012,0.0007389875,0.00061588926,0.0013116614,0.0021507705,0.0036636244,0.005736086,0.00896626,0.012057237,0.016306564,0.021654546,0.025535785,c1lxgbnz.png,0,test
0.00034316562,0.009887564,0.00068112137,0.00062046194,0.0011948171,0.0019768572,0.0034235474,0.005431718,0.008481265,0.011164213,0.01500539,0.020455714,0.024997996,c1spe7ei.png,0,test
0.00033621717,0.009676295,0.000898496,0.00071476353,0.0012138529,0.0020431122,0.0035208727,0.005607553,0.008740212,0.011550228,0.015934847,0.02258075,0.029416807,c25juv05.png,0,test
0.000310699,0.009261464,0.00069994223,0.00065586483,0.0011452395,0.0019693957,0.0035231747,0.0057687047,0.0089857485,0.011869463,0.016372371,0.022397602,0.028717611,c4djyr0r.png,0,test
0.0002861409,0.009079924,0.00067562907,0.00060522015,0.0010418525,0.0017420587,0.00299442,0.0047321473,0.007063864,0.008997719,0.012001967,0.01632827,0.02046637,c4fh065a.png,0,test
0.00031367017,0.009451476,0.0007286024,0.0006415413,0.0011600849,0.0019708462,0.003459032,0.005505455,0.008573774,0.01153779,0.016517757,0.024291238,0.032820802,c50b8y5d.png,0,test
0.0003587566,0.010363229,0.00081166107,0.00063209975,0.0012204744,0.002017795,0.00347615,0.0055444064,0.008527771,0.0112515325,0.015252271,0.020438727,0.02482704,c6es3ugp.png,0,test
0.000955426,0.013238054,0.002034727,0.0017015018,0.0026815191,0.004453762,0.008089003,0.013906344,0.02396469,0.034389436,0.052631076,0.081530415,0.10230239,c6sm52oi.png,0,test
0.00041023322,0.011039538,0.00089807913,0.0007645322,0.0014129715,0.0023099782,0.003929488,0.0060615153,0.009324149,0.012249771,0.01638191,0.022452861,0.028450966,c8julf09.png,0,test
0.00039757148,0.010138458,0.00081025186,0.00071717286,0.0013338223,0.0022086513,0.0038643596,0.006204704,0.009878334,0.013479035,0.018957717,0.026776422,0.033888686,c9ybx6gy.png,0,test
0.00033211822,0.009810873,0.0007793952,0.00062403217,0.0012483813,0.002083269,0.0034719591,0.0051833135,0.007454431,0.009433542,0.012163097,0.015659586,0.018448064,caec69nb.png,0,test
0.0004196689,0.010452948,0.00075361726,0.0007191484,0.0014217948,0.002299075,0.003918005,0.006165087,0.009719573,0.013030016,0.018255109,0.025607808,0.031533893,cahc4xo6.png,0,test
0.0008991609,0.013307402,0.0017729262,0.0015746667,0.0025814737,0.0042823474,0.007733598,0.013250677,0.022599509,0.03209253,0.04862519,0.07473323,0.092710175,cakosmfk.png,0,test
0.00034283343,0.0103174625,0.00072113617,0.0006171832,0.0012260017,0.0020078945,0.003318967,0.004963739,0.007296753,0.0091795605,0.011710411,0.014936248,0.017346706,cb2x18ns.png,0,test
0.00030475124,0.00946427,0.00073303754,0.0006096302,0.0011223566,0.0019109464,0.0033176565,0.005210905,0.00801142,0.010582504,0.014546474,0.020372603,0.02583495,cb5v8t40.png,0,test
0.00028128515,0.009076426,0.00061924267,0.00057461875,0.0009957496,0.0016576845,0.0028755958,0.004577522,0.0069914754,0.0090958215,0.012151616,0.016000163,0.019378675,cbzcxqud.png,0,test
0.0003097207,0.00956191,0.00078737875,0.00062061485,0.0011461602,0.0019293645,0.0032909382,0.005003804,0.0072893733,0.0091880625,0.0119066825,0.0152139105,0.018040383,cc9pyefv.png,0,test
0.00035673217,0.010049285,0.00070516666,0.0006460832,0.0012330911,0.0020226247,0.0034147345,0.005295244,0.008114585,0.010755541,0.014522908,0.019450657,0.02279356,cd0prss6.png,0,test
0.00026743123,0.008955264,0.0006277004,0.0005145045,0.0009944853,0.001674667,0.0028816804,0.0044606575,0.006752207,0.0088925185,0.012159841,0.01633139,0.01992815,cd23v4xn.png,0,test
0.0003984402,0.010818379,0.0009993945,0.0007622332,0.0013846358,0.0022700727,0.0038377075,0.0059473957,0.009299691,0.01235536,0.017003015,0.02388404,0.030212153,cdoiibfb.png,0,test
0.00029542137,0.008524664,0.00072520156,0.00063612394,0.000994102,0.0016603793,0.0028790836,0.004681021,0.0077702366,0.010939091,0.015987616,0.023146847,0.02955523,cdyoc44k.png,0,test
0.00037676876,0.010072863,0.00093675236,0.0007884041,0.0012957657,0.0021541596,0.003766417,0.006151126,0.00990314,0.013436766,0.019251455,0.02795677,0.036582842,cebwpyzx.png,0,test
0.00032474886,0.009357832,0.00073297386,0.000675384,0.001189271,0.0020200284,0.0035758952,0.0057722074,0.00897306,0.011954391,0.016695656,0.023100233,0.029428748,cemcilrs.png,0,test
0.00035346704,0.01009551,0.00073988567,0.00060668,0.0012783442,0.0021262295,0.0036530064,0.0057469294,0.008930252,0.011728329,0.016067825,0.021865148,0.026493436,cf2r8xii.png,0,test
0.00038408238,0.010172283,0.0007316532,0.0006754741,0.0013580242,0.002196909,0.0036692687,0.0056659514,0.0086149955,0.011333789,0.015266909,0.020445192,0.024206402,cf5yye5l.png,0,test
0.0003098419,0.009367081,0.0007319879,0.00064018235,0.0011251871,0.0019165799,0.0033754536,0.005519073,0.00893734,0.012188212,0.017687883,0.026626604,0.03652861,cgdc5tao.png,0,test
0.00032668855,0.009780979,0.0007705106,0.00066835847,0.0011601199,0.0019364932,0.0033081218,0.0051280926,0.007736139,0.0101019535,0.013715166,0.018848326,0.023949534,cgnk3y8i.png,0,test
0.0003437821,0.009929611,0.0008034179,0.0006408041,0.0012320011,0.0020109022,0.003341094,0.00507248,0.007743529,0.010343322,0.01433972,0.019464437,0.022795353,cgstps1h.png,0,test
0.00040829787,0.010466079,0.0008505376,0.00075417367,0.0013438115,0.002185785,0.003693238,0.0057597347,0.008901714,0.011719014,0.015904816,0.021957872,0.027134186,ci2w1w60.png,0,test
0.00096279866,0.01318897,0.0019060625,0.001736239,0.0027354101,0.004562541,0.00832032,0.014509955,0.024984617,0.0358171,0.05468125,0.08390686,0.10385735,cizhd8kl.png,0,test
0.00039256143,0.010244881,0.0007698034,0.0006953813,0.0013898622,0.0022813801,0.0038872708,0.0060451594,0.009141581,0.011946558,0.016077626,0.021089245,0.023971332,cjtac15d.png,0,test
0.0006698891,0.012522994,0.0013604428,0.0011643138,0.0020754093,0.0034481,0.0062054587,0.010552371,0.01846972,0.026924582,0.042206533,0.065428026,0.088002175,cjzccu28.png,0,test
0.00031977505,0.009640962,0.000747623,0.0006609736,0.0011757582,0.0019720474,0.0033748108,0.005204036,0.007811299,0.010004448,0.0132602705,0.017642066,0.021475416,cku3cqbh.png,0,test
0.000327501,0.009396766,0.00090987654,0.00072109257,0.0012114863,0.0020265982,0.003421047,0.0053310175,0.008034368,0.010382259,0.013742522,0.018448407,0.023257878,cmnbmkjt.png,0,test
0.0003346966,0.009745178,0.0007450954,0.0005938816,0.0012163456,0.0020089461,0.0034655025,0.0053579262,0.008126016,0.010582687,0.01423476,0.018813003,0.021992741,cn44wcgp.png,0,test
0.00030039556,0.009352188,0.0006644934,0.0005794237,0.0010860477,0.0018042204,0.0030998203,0.0049134525,0.0076888767,0.010230947,0.014083469,0.019804351,0.025703944,cnebcxii.png,0,test
0.000367236,0.010169688,0.00076626544,0.0006643973,0.0012972524,0.0021128892,0.0035455865,0.0054427497,0.008418718,0.011309933,0.015847625,0.022543438,0.02790051,cnsjmgk8.png,0,test
0.0003020391,0.009298896,0.0006574633,0.000608265,0.0011048467,0.001854855,0.0032032607,0.0050600753,0.007718784,0.010136615,0.0138933435,0.018973712,0.023286995,co1rywym.png,0,test
0.00030586412,0.00927603,0.00076670956,0.000616204,0.0011274638,0.0018827447,0.0032162624,0.005073167,0.008130601,0.010994212,0.015232216,0.021293003,0.027615782,co9yua8n.png,0,test
0.0003605838,0.0105166435,0.00087080075,0.0006879729,0.0012277705,0.0020112083,0.0034179762,0.005332831,0.008291597,0.011086195,0.015576385,0.022700625,0.029358344,cob1ejif.png,0,test
0.00027953624,0.009097884,0.0005941417,0.0005643734,0.0010318587,0.0017253079,0.0029521612,0.0045728246,0.0068864436,0.00880349,0.011607952,0.015322032,0.018577574,coo004oo.png,0,test
0.00030598702,0.009357481,0.0006984875,0.00063308893,0.0010849049,0.0017797891,0.0029298288,0.004348867,0.0062474655,0.007904059,0.010356114,0.013707347,0.016463917,cpgnm6hx.png,0,test
0.00033170552,0.009987379,0.0007583735,0.0006344355,0.001167113,0.0019359996,0.0033149766,0.0051188953,0.007855059,0.010404676,0.014093165,0.018834446,0.02356033,cpkfk905.png,0,test
0.00030971575,0.009403438,0.0007407146,0.00063525647,0.0011414227,0.0019060272,0.003257735,0.005001791,0.0074129454,0.009516146,0.012553943,0.016315395,0.019721668,cqxcs1xs.png,0,test
0.00029338806,0.009089659,0.000653444,0.00059466687,0.0010796759,0.0018066477,0.00315397,0.004976964,0.007685572,0.010356704,0.014658391,0.021024438,0.027639648,cqxm3voh.png,0,test
0.0002914374,0.009178501,0.0006918538,0.000603155,0.0010595481,0.0017750602,0.0030407293,0.004699226,0.007149251,0.009329551,0.012594343,0.016959397,0.020340363,crhm22sn.png,0,test
0.00038689523,0.010308834,0.0007754064,0.0006780504,0.0012877663,0.0020811667,0.003495054,0.0053783,0.008127155,0.010611975,0.014281483,0.018989392,0.022060085,cri0vd94.png,0,test
0.0003300043,0.009572396,0.0008337758,0.0007137816,0.0011982142,0.0019850833,0.0033582717,0.0051362715,0.007646153,0.009869321,0.013186307,0.01752966,0.021158077,csl3kwvr.png,0,test
0.00040665036,0.010837788,0.0008813434,0.0007803296,0.0013847445,0.0023282443,0.0041599968,0.0068596336,0.01105481,0.015123267,0.021592394,0.031405855,0.04055829,cssyzleg.png,0,test
0.00038554517,0.0102151465,0.00070336304,0.0006596865,0.001382178,0.0022587897,0.0038766789,0.0061821276,0.009706542,0.013184589,0.018901596,0.02715917,0.03319013,cuc6jzmn.png,0,test
0.00030328345,0.009354615,0.0006924706,0.0006288762,0.001113567,0.0018836582,0.003296477,0.005216514,0.007937653,0.010398749,0.014338715,0.019896256,0.025729785,cv1ltwbj.png,0,test
0.00031286146,0.009692185,0.00074574334,0.0006024614,0.0011072077,0.0018523094,0.00319504,0.0049620117,0.0074770683,0.00978801,0.01310794,0.017740183,0.020912392,cvb99q7q.png,0,test
0.00032765872,0.0097615775,0.00076587824,0.0006076146,0.0011855245,0.0019666413,0.0033393968,0.0051230895,0.0077742566,0.009996961,0.013063289,0.01697679,0.019564563,cvjf3qtc.png,0,test
0.00029805698,0.009122411,0.0007233494,0.00063155685,0.0010838354,0.0018071845,0.0030856926,0.004719809,0.006935894,0.008753346,0.011290882,0.01468234,0.017610686,cvkngu9t.png,0,test
0.00036590645,0.010252095,0.0007139369,0.00060296425,0.0013069538,0.0021476804,0.0036122464,0.005493735,0.008188444,0.010585698,0.014149963,0.018326074,0.02071423,cw85nc3h.png,0,test
0.0003001588,0.009385933,0.0006993397,0.0005791609,0.0011018283,0.0018351522,0.0030861539,0.0046832617,0.007208024,0.00958691,0.0132126035,0.017602816,0.021483988,cw9ibgje.png,0,test
0.00027251645,0.008879178,0.0006471099,0.0005721491,0.0009875306,0.0016341051,0.0027538806,0.004229661,0.006356553,0.008319013,0.011253159,0.015346419,0.019447817,cwi2skhk.png,0,test
0.0003992379,0.010574744,0.00081395044,0.0007493,0.0013121114,0.002118933,0.0035558485,0.005540614,0.00855304,0.011331503,0.015556656,0.02157732,0.02604802,cx9xg69d.png,0,test
0.00029065256,0.009368144,0.00070406066,0.0005724808,0.0010649647,0.0017670644,0.0030114094,0.0045910366,0.006725259,0.008584167,0.011139948,0.014315725,0.016771322,cxallssf.png,0,test
0.00030176074,0.009371407,0.00075946545,0.0006064962,0.0010995542,0.0018116034,0.003041984,0.0045859036,0.0067281374,0.0086612385,0.011536355,0.015173416,0.017893523,cymne2ju.png,0,test
0.0002899848,0.009189917,0.00067968137,0.00057501305,0.001069041,0.001778909,0.0029880616,0.0044518504,0.006468951,0.008176371,0.010664116,0.013982936,0.016850268,cyy8r3ni.png,0,test
0.00035828727,0.009999732,0.0006910573,0.00057435443,0.001275661,0.002163419,0.0038148072,0.006175472,0.009842528,0.013307451,0.01893345,0.027348904,0.035521787,czh2jfe3.png,0,test
0.0003227333,0.0096528325,0.0007530818,0.00061628286,0.0011813832,0.0019788926,0.0033806993,0.005220625,0.007988214,0.010494862,0.014279623,0.019635858,0.023964176,d0obsgmm.png,0,test
0.00061617256,0.01107807,0.0014776388,0.0013349955,0.0019368876,0.0032760112,0.005954258,0.01003963,0.016771995,0.0233764,0.033813488,0.04924146,0.060326032,d0wwcqcl.png,0,test
0.00028908925,0.009067045,0.0007260753,0.0005876261,0.001044677,0.0017295569,0.0028780852,0.0042958674,0.0063073323,0.008160589,0.010863654,0.01445131,0.017833939,d1a5qodw.png,0,test
0.00037023978,0.010178766,0.00072760973,0.0006104477,0.0012857354,0.002125239,0.0036754261,0.005775122,0.008776056,0.011549245,0.015911276,0.022227148,0.026101753,d1fjpp5i.png,0,test
0.0005486034,0.010908137,0.0019744604,0.0011314497,0.0019374108,0.0030635186,0.005137199,0.007968987,0.012412901,0.016888265,0.024251228,0.0341384,0.042355,d1hfq4gs.png,0,test
0.00030686083,0.008424123,0.0007827421,0.0006852708,0.0010562538,0.0017342519,0.0029942764,0.0047864923,0.0077232,0.010639636,0.015090998,0.021835174,0.028639441,d1l04vu2.png,0,test
0.0009992622,0.013475967,0.002078759,0.0017231522,0.002791026,0.0046143155,0.008334404,0.014245181,0.024208924,0.034669433,0.05248037,0.07998856,0.099069074,d1udxpjt.png,0,test
0.0003529285,0.010070534,0.00072330463,0.00063057017,0.0012273584,0.0020080742,0.0033935872,0.005258376,0.008138301,0.01084794,0.015072593,0.021420978,0.026712475,d22hwfzp.png,0,test
0.0008679411,0.013218365,0.0014999255,0.001446253,0.0025062487,0.004183915,0.007609896,0.012989069,0.021977115,0.03095314,0.04593364,0.06869369,0.08395888,d22scuj2.png,0,test
0.00034078435,0.0097642485,0.00073011545,0.00060714176,0.0012324983,0.002042568,0.0034593279,0.0054203896,0.008402138,0.011084296,0.015227352,0.021515789,0.028202688,d2b6e4dw.png,0,test
0.0009508961,0.013431266,0.0020264909,0.0016873147,0.0027384732,0.004585093,0.008374933,0.014373559,0.024761615,0.035417322,0.05369472,0.083286025,0.10432055,d2ol48f1.png,0,test
0.00031349185,0.009350439,0.0007499748,0.00064674113,0.00115751,0.001950275,0.0034113573,0.0054092007,0.008215752,0.01069119,0.014577196,0.020045005,0.025680577,d2pb01s3.png,0,test
0.00030175032,0.009132862,0.0007402193,0.00062577176,0.0011125419,0.0018505843,0.0031468363,0.0048211096,0.0071475157,0.0091701895,0.012194245,0.016054558,0.019255841,d2x9a7jo.png,0,test
0.00035120605,0.009846425,0.0006542667,0.0006015776,0.001243955,0.0020459292,0.0034847297,0.005455984,0.008512285,0.011413813,0.015751312,0.021378534,0.025551075,d2xd3ttv.png,0,test
0.0002847553,0.009105989,0.00062733947,0.00056582317,0.0010240169,0.0016964551,0.0028914735,0.004460794,0.006562728,0.008391078,0.011209962,0.015156139,0.018600458,d3bmyu8t.png,0,test
0.0006262956,0.011192927,0.0026516186,0.0013365593,0.002126071,0.0033091947,0.00554458,0.008843076,0.01442098,0.020082409,0.0294305,0.042510692,0.054700006,d3ttet59.png,0,test
0.00037780002,0.0103632165,0.000848036,0.00072878116,0.0012971186,0.0021841612,0.0038620639,0.00632535,0.010161996,0.01381773,0.019403223,0.027460054,0.034944974,d3u98y9h.png,0,test
0.0005554964,0.010885396,0.0021054565,0.0011410344,0.0019505156,0.0030630152,0.005079184,0.007918452,0.01261371,0.01734126,0.025233192,0.03619398,0.04565282,d4h7lpwk.png,0,test
0.0006509893,0.01211687,0.0018157765,0.0013965997,0.0022861492,0.0037484097,0.0065293866,0.01047993,0.016661609,0.022754563,0.033071548,0.050072324,0.06815174,d4ysd6sh.png,0,test
0.00034935764,0.009781142,0.0007775032,0.0007550535,0.001222856,0.0020219227,0.0034501033,0.00537731,0.008234081,0.010767707,0.014695971,0.020504918,0.025980316,d4zyefg5.png,0,test
0.0005887413,0.0104779275,0.0014244245,0.0013419804,0.0018335249,0.0031287991,0.005771976,0.009829001,0.016880935,0.023939827,0.035214026,0.052383736,0.06741743,d5d3sd4x.png,0,test
0.0003701339,0.010228507,0.00074305775,0.0006643215,0.0013112259,0.002148961,0.0035951342,0.005536448,0.008651006,0.011658187,0.016588442,0.02412367,0.030826898,d5dwdt62.png,0,test
0.0003342709,0.009643608,0.00066594523,0.00059425086,0.0011851793,0.001959458,0.0033566551,0.0052242535,0.008031533,0.010529768,0.01411416,0.018359505,0.021095952,d5jl4nmh.png,0,test
0.00060532696,0.0117863985,0.0014349535,0.0011002774,0.0019643642,0.0033162865,0.006000196,0.0102654165,0.018494371,0.027361827,0.04356446,0.06886456,0.09468807,d67gf9nh.png,0,test
0.000327219,0.009544001,0.0008198724,0.00068822433,0.0011977081,0.0020222706,0.0035492058,0.0056685796,0.008764073,0.011640055,0.016104292,0.022392828,0.02801578,d75tageb.png,0,test
0.00032068242,0.009670139,0.00071317854,0.00057754805,0.0011836138,0.001975038,0.0033851787,0.005236743,0.00786255,0.01008842,0.0131571535,0.017122144,0.020208817,d7fw33g8.png,0,test
0.00027001093,0.0090365345,0.0006134974,0.0005270568,0.0009793891,0.0016327461,0.0028167684,0.004402566,0.006689266,0.008807,0.01217669,0.016242342,0.019984579,d7hfvsv3.png,0,test
0.0005782289,0.01080391,0.0023704683,0.0011990274,0.0020169155,0.0031855495,0.0054210834,0.008774497,0.014390366,0.01999127,0.029633773,0.04403861,0.05827362,d7spljcp.png,0,test
0.00032533408,0.009608298,0.00070699106,0.000559594,0.001166464,0.0019426583,0.0033714871,0.005310165,0.008138703,0.010728543,0.014659725,0.020302515,0.024673594,d7urudo4.png,0,test
0.000304661,0.00957809,0.00073785323,0.0005974674,0.0011021481,0.0018389669,0.003160351,0.004871875,0.0074830092,0.009963585,0.0133637665,0.017565958,0.02071809,d8jvx7wk.png,0,test
0.00029179206,0.009254315,0.00073426025,0.0005988479,0.0010531987,0.0017554845,0.0029358212,0.004446165,0.0065087983,0.008213406,0.01068539,0.01434843,0.017660525,d8vu7jcs.png,0,test
0.00036258606,0.0099403,0.00068577105,0.0006442256,0.0012824178,0.0020974884,0.0036150184,0.00571266,0.008884257,0.011848857,0.016401898,0.021810008,0.025782473,d9ezj4hi.png,0,test
0.00030684206,0.00952786,0.0007596002,0.0006101304,0.0011262621,0.0018792185,0.003182839,0.004959363,0.0076758587,0.010072955,0.013626607,0.018500106,0.02280912,d9lxrgus.png,0,test
0.00039417393,0.010335675,0.00070937985,0.0006604648,0.0013982581,0.002324752,0.004062199,0.0064982013,0.010515476,0.014491395,0.021540454,0.032423165,0.04124171,dafymdpv.png,0,test
0.00028735946,0.009069846,0.00074680906,0.00058753364,0.0010503262,0.0017579715,0.0030357852,0.004846043,0.007801335,0.010574403,0.014536203,0.019883974,0.025493272,db8zgywq.png,0,test
0.00035360808,0.009751071,0.00096687075,0.000771415,0.0012602876,0.0021060808,0.0036719856,0.0057682795,0.009043678,0.012084302,0.016696125,0.023686219,0.029365536,ddcss3qc.png,0,test
0.00031184522,0.0093082115,0.0006887894,0.0006567286,0.001175009,0.0019802826,0.0034161618,0.00531793,0.007942535,0.0102253435,0.013716677,0.018537456,0.023219557,ddkswz7u.png,0,test
0.00035519456,0.010373426,0.00082478765,0.0006449714,0.0012268146,0.0020383405,0.0035121096,0.0055356966,0.008441062,0.011075866,0.015063242,0.020244353,0.024155078,ddosgasl.png,0,test
0.00028639953,0.009295976,0.0007190236,0.0005642567,0.0010563375,0.0017530328,0.0029477275,0.004500393,0.006803799,0.008848357,0.01201113,0.016533194,0.0205102,demm0uez.png,0,test
0.00027021454,0.008831583,0.00069890067,0.00055251736,0.0009787418,0.0016280124,0.002795808,0.004365452,0.0065659024,0.0085010445,0.011371823,0.015576435,0.019552572,dezh0cd8.png,0,test
0.0002945377,0.009415948,0.0007113122,0.0005930842,0.0010858683,0.0018138957,0.0030898058,0.0047536953,0.007007117,0.008922056,0.011836222,0.01594575,0.019894458,dfbhpsoj.png,0,test
0.00035757464,0.009151,0.0008775398,0.0007170558,0.0012677546,0.0021703604,0.00396041,0.0066757067,0.011270569,0.015818361,0.023132496,0.034561645,0.046298806,dg3dm525.png,0,test
0.00033194706,0.009797368,0.0007266665,0.0006026509,0.0012194916,0.0020285829,0.0034395396,0.0052925027,0.008023768,0.010375245,0.013845163,0.018662598,0.022575809,dgntl7dh.png,0,test
0.00037936523,0.010193045,0.0006929898,0.00060243363,0.0013035969,0.0021532099,0.0037991516,0.0062031597,0.0100192875,0.0135280695,0.01916115,0.027028397,0.03303243,dgp5o1g1.png,0,test
0.00033727635,0.009838799,0.0007537942,0.00060216367,0.0012382653,0.0020788466,0.0036293354,0.0058011734,0.009282657,0.012487548,0.017741898,0.025664313,0.031786866,dh3qccsz.png,0,test
0.00031689563,0.009515036,0.00079513964,0.00063600304,0.0011625298,0.0019507238,0.0033946242,0.0053459792,0.008161429,0.010710695,0.014738667,0.020036848,0.02443045,dhrwx4j2.png,0,test
0.00034929247,0.009918106,0.0007510979,0.0006796987,0.0012695383,0.0021539046,0.0037309576,0.005850169,0.009293419,0.012548291,0.017530087,0.02508489,0.032866184,di90wmvb.png,0,test
0.000342253,0.00997243,0.00073245337,0.000611658,0.0012422638,0.0020859812,0.0035845418,0.0055584684,0.00860536,0.01135788,0.015327295,0.020844916,0.025222631,dla8dmig.png,0,test
0.00033166684,0.009651585,0.0008360249,0.0006891016,0.0011979665,0.002018425,0.0035521884,0.0057549304,0.0090018725,0.011938021,0.016728295,0.023434218,0.030125853,dlught7e.png,0,test
0.00029510306,0.009192109,0.0007680093,0.0006056622,0.0010966237,0.0018763153,0.0032819817,0.0051381267,0.0079603745,0.010427133,0.013982269,0.019187098,0.024418479,dm2h3tx4.png,0,test
0.00087517156,0.013464336,0.001472471,0.0014106954,0.0025548695,0.0042662043,0.007687238,0.013007024,0.02187086,0.031086318,0.046600714,0.070318595,0.08650306,dmlrsiwo.png,0,test
0.0005198882,0.010650983,0.0018892223,0.001054816,0.001828073,0.0029163954,0.00497496,0.007933873,0.012741927,0.01750277,0.025062475,0.035404444,0.04430591,dndb94lj.png,0,test
0.00036313524,0.010033386,0.0006720885,0.0006465111,0.001244687,0.0020118125,0.0033582815,0.0051417807,0.0077572335,0.010048261,0.013507458,0.017881706,0.020766396,dof07r0c.png,0,test
0.0002749727,0.009004715,0.00063631276,0.0005386505,0.0010220275,0.00170173,0.0028801758,0.004376607,0.0064571737,0.00821974,0.01065171,0.01377907,0.016390495,domtxqup.png,0,test
0.00034730334,0.010039275,0.00079485856,0.00065639755,0.0012474206,0.0020499264,0.0034571418,0.005338042,0.0081877345,0.010526505,0.013558338,0.017213332,0.019683095,dopmqqje.png,0,test
0.00029506438,0.009458324,0.000690269,0.00056121283,0.0010701182,0.001773784,0.002979132,0.0044307834,0.006438858,0.008218354,0.010641304,0.013603095,0.015569653,dpovj2u8.png,0,test
0.0003043963,0.009231175,0.00076964544,0.00061848183,0.0011257889,0.0018750334,0.0031912692,0.0049541593,0.0076145027,0.010092479,0.013675682,0.0187094,0.023790441,dq3v011n.png,0,test
0.0002992085,0.009188829,0.00073258986,0.0006373098,0.0011058117,0.0018317237,0.0030680175,0.0046289074,0.0067256065,0.00863071,0.01118974,0.014476403,0.017218273,drfrmq8r.png,0,test
0.00036651926,0.010040167,0.0006520649,0.00058345345,0.0012991576,0.0021638747,0.0037813897,0.0060551837,0.009527556,0.012888341,0.018463403,0.02704777,0.033800278,drr2whbj.png,0,test
0.0009930427,0.013949886,0.0020299419,0.0017449515,0.0027826366,0.004656534,0.00856648,0.0149730425,0.026128521,0.03766874,0.057920035,0.08981139,0.11269963,ds8fl2wb.png,0,test
0.0003143818,0.009660274,0.0007230256,0.0005881619,0.0011712373,0.0019464104,0.0032523135,0.0049751825,0.007510738,0.009663705,0.012376595,0.015804475,0.018582614,dsc31its.png,0,test
0.00023084674,0.008002081,0.00063419744,0.0005165693,0.0008497554,0.0014144774,0.002407211,0.003778679,0.0060010073,0.0082065705,0.0116761895,0.01685355,0.02216192,dsjd6n16.png,0,test
0.0010296929,0.013465895,0.0022318924,0.0018659001,0.002875289,0.004786144,0.008741196,0.015302933,0.02680657,0.03885696,0.0601278,0.09331277,0.11603303,dt1wvf6r.png,0,test
0.00030390103,0.009379734,0.00075158355,0.0006166515,0.0011254802,0.0018832401,0.0031816247,0.0048364503,0.007342026,0.00948611,0.012555051,0.016439453,0.020254709,dtgs6rpj.png,0,test
0.00028481398,0.009256134,0.00071946695,0.00056521076,0.0010365007,0.0017116221,0.0028625536,0.004285899,0.0061998717,0.007846649,0.0099510895,0.012165585,0.013769847,dtn0abmk.png,0,test
0.00033610474,0.009683395,0.0006446681,0.00056204974,0.0012003925,0.0019857455,0.0034164516,0.005349701,0.008334354,0.011162625,0.01568692,0.023096237,0.03193723,dtqs4abi.png,0,test
0.00034480047,0.009471774,0.0009667838,0.00076983497,0.001250934,0.0021352128,0.0038451843,0.006371135,0.010169689,0.013611084,0.019220877,0.027750984,0.0375124,dty3ck6f.png,0,test
0.00034518607,0.010059127,0.0006720047,0.00059449725,0.0012097771,0.0020049203,0.0034552803,0.0053928914,0.008336132,0.011123292,0.015182548,0.020915441,0.026362753,dulgxjbb.png,0,test
0.0005962398,0.010380645,0.0013612775,0.0013148271,0.001854281,0.003179379,0.0058401213,0.010019946,0.017142618,0.024270236,0.03580319,0.0538105,0.06886639,duxic4rr.png,0,test
0.00032367252,0.009414979,0.0008916565,0.0007058859,0.0011814799,0.0019542344,0.0032971299,0.005091777,0.007617867,0.009943291,0.013422791,0.018650748,0.023546902,dvriygs9.png,0,test
0.00028273574,0.009110591,0.00069597986,0.0005770982,0.0010441998,0.0017488227,0.0030190544,0.0047232225,0.0071670273,0.009226691,0.0122582,0.016190372,0.019448237,dw1nn9f7.png,0,test
0.00031459457,0.009414489,0.0007491748,0.0006554182,0.0011722465,0.0019665568,0.00331813,0.0050957524,0.007771531,0.010075907,0.013561384,0.019021053,0.024897031,dwhl940v.png,0,test
0.00031305922,0.009298639,0.0007812173,0.0006475502,0.0011574292,0.0019483109,0.0033443058,0.00517724,0.0077237347,0.009898572,0.013142309,0.017646091,0.021433832,dwqk53bi.png,0,test
0.00031138107,0.009702897,0.0006608886,0.00057167537,0.0011572562,0.0019490113,0.0032995667,0.005018291,0.00751796,0.009617425,0.012643723,0.016610306,0.019568456,dxixzmft.png,0,test
0.00040315618,0.010251264,0.000933088,0.0007249601,0.0013218065,0.0021794992,0.0038331584,0.0062451414,0.010040741,0.013384427,0.01818309,0.024010435,0.028004644,dxky6o9r.png,0,test
0.0002848697,0.009150332,0.00070886576,0.0005760651,0.0010310463,0.0017061974,0.0029110578,0.004490941,0.0068532275,0.009042395,0.012451371,0.017664691,0.023038333,dy30ryy3.png,0,test
0.00042161017,0.009254252,0.0016582921,0.0010094331,0.0014985098,0.0026763103,0.005271037,0.009269211,0.01604095,0.022634586,0.033345614,0.049119525,0.06737102,dyeb3rii.png,0,test
0.00030706404,0.009140141,0.0007040093,0.0006450497,0.0011497128,0.0019330302,0.0033456227,0.005264953,0.008169803,0.010861692,0.015000174,0.020941539,0.027221628,dyndp7gb.png,0,test
0.00034204035,0.009527156,0.0008743895,0.00074541144,0.0012296335,0.0020931237,0.0038102597,0.0064573996,0.010644817,0.014573118,0.020836163,0.030584201,0.041329533,dyrt6oi8.png,0,test
0.00039149288,0.010454732,0.000803523,0.00069703185,0.0013339231,0.002191727,0.003801683,0.005966817,0.009245305,0.012311138,0.016761767,0.021977808,0.024713797,dz2z5iv7.png,0,test
0.00031795475,0.009497099,0.0006654412,0.00060024805,0.0011089777,0.0018149053,0.0030732248,0.004718449,0.0072374744,0.009690882,0.013624541,0.019280303,0.023912037,dzotme0c.png,0,test
0.00036368467,0.010201435,0.00066543353,0.00061701116,0.0012156141,0.0020518955,0.0037213366,0.006275229,0.010203678,0.01394998,0.01981898,0.027000722,0.033221766,e07blw9m.png,0,test
0.00030801972,0.009585709,0.0006409609,0.00055485143,0.0011007227,0.001802083,0.0030342794,0.0046141217,0.006821919,0.008707219,0.0114303585,0.014873375,0.017320668,e0aa7ekk.png,0,test
0.00088621926,0.013682649,0.0015477239,0.0014745019,0.002557189,0.0042879106,0.0078114225,0.013415533,0.022920337,0.032618955,0.0494287,0.07574117,0.0936736,e0l4ol5k.png,0,test
0.00026860004,0.009039059,0.0006657728,0.0005396407,0.0009814654,0.001640827,0.0027916245,0.0042673834,0.006335824,0.008095435,0.010552299,0.0138853295,0.01690943,e12qeykc.png,0,test
0.00030121434,0.00937477,0.00074120756,0.0006224368,0.0010886227,0.0018227621,0.0032149306,0.0052123773,0.008251483,0.01103114,0.015041861,0.02056808,0.025211664,e4cwsjb4.png,0,test
0.0005491471,0.011361444,0.0012259496,0.00095328875,0.0018317712,0.0030536696,0.005400213,0.009016671,0.015362034,0.021747442,0.032583762,0.051494185,0.071918555,e4dv76oi.png,0,test
0.0003099885,0.009129495,0.00073758117,0.00066827284,0.0011082345,0.0018731271,0.003255797,0.0051295105,0.007808253,0.010325912,0.014084712,0.018843729,0.02304285,e4ep7cgn.png,0,test
0.0003746583,0.009996003,0.0007399697,0.0006554823,0.001307078,0.0021443116,0.00367233,0.0058101104,0.009058413,0.0120325005,0.016613806,0.022560854,0.026453843,e4k2v4zp.png,0,test
0.0005443866,0.010852889,0.002074301,0.0011372865,0.0018821645,0.0029318826,0.004884269,0.0076992703,0.012442011,0.017142069,0.024563262,0.034493554,0.043199353,e4qvtdoa.png,0,test
0.0003362889,0.010010668,0.00085486396,0.00066519453,0.0012214212,0.0020172386,0.0034080262,0.0051908,0.007792218,0.009958627,0.012672656,0.016168728,0.019055415,e52m1alc.png,0,test
0.00028553305,0.009014802,0.00064941274,0.00060744135,0.0010599429,0.0017861247,0.003062019,0.0045840144,0.0065372777,0.008353938,0.010877597,0.0142164035,0.017147249,e54ukigd.png,0,test
0.00029289944,0.009277558,0.000665706,0.0005686059,0.0010692591,0.001765493,0.0029386743,0.00440516,0.0063633486,0.008094824,0.010660991,0.014050934,0.016813902,e5oz83ej.png,0,test
0.00039669315,0.0106000705,0.00088096265,0.00074036093,0.0013528807,0.0022588847,0.0039658058,0.0063631576,0.009827598,0.0129922815,0.017839922,0.024360262,0.030075455,e6opemst.png,0,test
0.00027674844,0.009084624,0.0006332143,0.00053588307,0.0010192643,0.0016931245,0.0028756687,0.0044233417,0.0066082594,0.008537369,0.0113470545,0.014477501,0.016966473,e705680m.png,0,test
0.0003233575,0.009790918,0.0006921515,0.0005898653,0.0011830141,0.0019524172,0.0033050575,0.005119002,0.0077218553,0.009861848,0.013055989,0.017654607,0.02158177,e8d4efvv.png,0,test
0.00035122607,0.00984599,0.00093034643,0.0007552297,0.0012549296,0.0021451823,0.003884145,0.0064045256,0.009903589,0.012990853,0.017744089,0.023951437,0.03018994,e8fzhkdy.png,0,test
0.00032653674,0.009346621,0.00081820466,0.00070442323,0.0012075582,0.0020581668,0.003657327,0.005856942,0.0090512475,0.012090477,0.016593682,0.022322675,0.02815006,e8iv8ay0.png,0,test
0.00032294434,0.010128784,0.00067978876,0.0005829656,0.0011366709,0.0018819523,0.003220026,0.0049991035,0.0074451943,0.009611421,0.012839507,0.017421473,0.021746788,e9ahim9l.png,0,test
0.00036906212,0.010487008,0.00085970655,0.00068363285,0.001314809,0.0021549556,0.00359083,0.005481962,0.008317502,0.010904271,0.014864213,0.020913783,0.027377965,e9gt9kty.png,0,test
0.00030879403,0.0096277855,0.0006811624,0.0006156182,0.0011277406,0.0018752984,0.0031343717,0.0047311317,0.0069325343,0.008796244,0.011554999,0.01553523,0.019497486,e9vifttd.png,0,test
0.0002992703,0.0091078505,0.0007116236,0.00065087294,0.0010992979,0.0018455193,0.0031727364,0.0049345046,0.007426996,0.009480702,0.012354751,0.016461667,0.02037412,e9wr2p2g.png,0,test
0.0010453067,0.01374082,0.002509602,0.0018606816,0.0028389264,0.00466589,0.0084618125,0.014690644,0.025591796,0.03706429,0.056539748,0.08617891,0.10696161,eaaot03k.png,0,test
0.00036113925,0.01014123,0.00078461424,0.0006443201,0.0013239624,0.0022306151,0.0039197793,0.0062171835,0.0095804045,0.0124944635,0.016806751,0.022650957,0.026978299,ead2guy2.png,0,test
0.0002980587,0.009304615,0.000697516,0.0006040331,0.0010845272,0.0017962721,0.002983799,0.004419666,0.0063525336,0.008094622,0.010570573,0.013720766,0.016188994,eavz4w9h.png,0,test
0.00086662633,0.013107069,0.0016599485,0.0015242201,0.0025030824,0.0041868654,0.0076288697,0.013286767,0.023356048,0.03400836,0.05287625,0.08261523,0.10360332,ebiyhhck.png,0,test
0.00034517344,0.009899676,0.00073604455,0.0006103432,0.0012469316,0.002095514,0.0036623348,0.00588639,0.009420734,0.012710369,0.017795384,0.025367169,0.031779323,ebqo7bbq.png,0,test
0.00027447683,0.009030453,0.0006841677,0.0005332643,0.0010116191,0.0016923477,0.002880847,0.0044434406,0.0066891997,0.00876239,0.01200842,0.016408406,0.0205728,ecm785zd.png,0,test
0.00034655907,0.0097865695,0.000817177,0.0007412072,0.0012318959,0.002078172,0.0036130934,0.0057751513,0.0091036,0.01229592,0.017676244,0.026665164,0.037190896,edc3egv6.png,0,test
0.00034713547,0.010522372,0.00078289135,0.0006517896,0.0011865242,0.0019470473,0.0033287352,0.0051640747,0.0077165854,0.009926837,0.013347182,0.0178713,0.021602327,eds9judp.png,0,test
0.00032129805,0.009671802,0.0007330085,0.0005911376,0.0011965715,0.0020078525,0.0034512777,0.005430933,0.008353473,0.010795046,0.014326416,0.019182893,0.023088725,eecp6usz.png,0,test
0.00029274393,0.009116262,0.00080184283,0.00062531856,0.0010638011,0.0017633179,0.0030001306,0.004658719,0.006968617,0.008907367,0.01183556,0.015880106,0.019221414,efdap1yr.png,0,test
0.00030575422,0.0093301935,0.00075538165,0.00060953124,0.0011372854,0.0019125388,0.0032623366,0.00495618,0.007230947,0.0093311,0.012363301,0.015990345,0.01871536,efhseyw0.png,0,test
0.00034179032,0.009803793,0.00086279365,0.00068903435,0.001235132,0.002098711,0.0037664436,0.006246131,0.009992072,0.013784006,0.0205407,0.03142323,0.042266328,efjawshm.png,0,test
0.00041611787,0.01060085,0.0008118859,0.0007268361,0.0014612847,0.0024577877,0.004323044,0.0069827093,0.011237067,0.015345627,0.022113064,0.032377522,0.040493954,efjtx9x1.png,0,test
0.0003259205,0.009889662,0.00079552876,0.000603309,0.0011956003,0.0019823364,0.0033405789,0.0050465204,0.007426648,0.009363785,0.011956567,0.015108971,0.017553564,efuckj1w.png,0,test
0.00032365596,0.009781269,0.0006959829,0.00058555877,0.001202558,0.0019863811,0.0033554125,0.0050791483,0.0075210505,0.009501425,0.0121729085,0.015561605,0.018537171,eg39d6kc.png,0,test
0.00039211797,0.010408058,0.00074785843,0.0006366863,0.0013880207,0.002291514,0.003940783,0.0062161856,0.009730344,0.013324385,0.019624926,0.02942992,0.03801419,egsa1tb5.png,0,test
0.00031141881,0.009391607,0.00072347035,0.000618817,0.0011371389,0.0019107996,0.0032964007,0.0051867217,0.007882961,0.010353878,0.014393544,0.020104924,0.024809603,egvtjz93.png,0,test
0.0003774388,0.010156427,0.0007296747,0.00062710635,0.0013609589,0.0022333206,0.003806162,0.005861937,0.008899235,0.01151366,0.015423877,0.020609232,0.024064442,egw63x5g.png,0,test
0.00035531388,0.010156943,0.00070774055,0.0006275766,0.0011959041,0.0019452801,0.0033033078,0.005191139,0.008183543,0.011068249,0.01546572,0.021473743,0.025756175,ehar63u8.png,0,test
0.0003188992,0.009674428,0.00071848364,0.0006344865,0.0011547736,0.0019193923,0.0032581645,0.0049742297,0.0073326104,0.009377236,0.01224793,0.015930284,0.018803524,ehe2atn2.png,0,test
0.0005611207,0.010639254,0.0023589197,0.001222624,0.0019665263,0.003068215,0.005118268,0.008105837,0.013098866,0.018211821,0.026786128,0.0381327,0.04825479,ehg832p4.png,0,test
0.00030126818,0.009155089,0.00072765147,0.00063086697,0.001095431,0.0018477078,0.0032380004,0.005149898,0.0079323435,0.010356777,0.013874056,0.01863605,0.023156052,ehhw9bh2.png,0,test
0.00042469823,0.010581418,0.00075299916,0.00068516185,0.0014112358,0.0022857517,0.003907382,0.006151618,0.009706627,0.013060914,0.018377932,0.026112657,0.033026136,ehmjfqb1.png,0,test
0.00031836194,0.009566314,0.00076016586,0.00061433046,0.0011587648,0.0019126576,0.0031912283,0.004779108,0.0070365192,0.009059867,0.012003602,0.015813384,0.018341154,eiz0ekvv.png,0,test
0.00035877034,0.00968975,0.0010363802,0.00080424367,0.0012758172,0.002102997,0.0035766738,0.0055618985,0.008539804,0.011181255,0.014916509,0.020438496,0.025137354,ej7ykfv6.png,0,test
0.00032161913,0.009739693,0.00076085574,0.0006637834,0.0011411636,0.0018851898,0.0032273051,0.005009284,0.007476279,0.009651301,0.012806434,0.017103154,0.021111388,ek622xfe.png,0,test
0.00033096486,0.009817615,0.00076555467,0.0006113786,0.0012048949,0.0019899213,0.003351748,0.0051342566,0.007693666,0.009911825,0.01295656,0.016639141,0.019166294,el6rl1on.png,0,test
0.00028686944,0.009098619,0.00059352483,0.0005912061,0.0010302406,0.0017139525,0.0029397414,0.0046047946,0.006886692,0.008867296,0.011888927,0.01592945,0.019698016,elko48dh.png,0,test
0.00037866915,0.010267603,0.00072648475,0.0006442606,0.0013502635,0.0022625418,0.0039949543,0.006496743,0.010696014,0.014695587,0.02184529,0.03366213,0.04471901,emjyx0yg.png,0,test
0.00029859517,0.009362027,0.00076445076,0.0005886729,0.0010834191,0.001790309,0.00299316,0.0044925706,0.006658354,0.008645999,0.01145281,0.015184391,0.018205514,emvkd6wt.png,0,test
0.0003058114,0.00957611,0.0007281505,0.0005730458,0.0011253929,0.001870511,0.0031732977,0.0048431545,0.0072399806,0.009241923,0.0117393285,0.014527139,0.016515037,en2esqp2.png,0,test
0.0003612637,0.010253811,0.00072708016,0.0006345638,0.001271994,0.0020998747,0.0036314589,0.005793434,0.009278405,0.012400998,0.01735754,0.02471623,0.031681813,engugs2m.png,0,test
0.0003889713,0.010327193,0.00080958614,0.0007581592,0.0013647089,0.002253845,0.0038336513,0.0060010995,0.009303696,0.012414151,0.017321976,0.025110839,0.033485163,enww4e3j.png,0,test
0.0003219089,0.009846711,0.00066922477,0.0005616444,0.0011829957,0.0019725515,0.0033399537,0.005041044,0.0073132664,0.008989924,0.011190707,0.013944334,0.01605658,eonf2muf.png,0,test
0.0006312542,0.011858519,0.0015703302,0.0013110061,0.0022307353,0.0036854015,0.0063858656,0.010265465,0.016349036,0.022110557,0.031734947,0.046898086,0.06219962,eox981bf.png,0,test
0.00034737613,0.009966146,0.0009170263,0.00069550803,0.0012854247,0.0021355627,0.0035676635,0.0054064384,0.008037932,0.010354082,0.013595513,0.018263904,0.02300208,epr59sym.png,0,test
0.00031205488,0.009614151,0.00071242824,0.00058880035,0.0011190962,0.0018501739,0.0031439012,0.0049201944,0.007618153,0.010011567,0.013539345,0.01818733,0.022423217,eqkv2pnu.png,0,test
0.00029560548,0.009360485,0.0007355882,0.0005855308,0.0010695808,0.0017590197,0.0029340582,0.00444009,0.0066689956,0.008688924,0.011464201,0.014704625,0.017595043,es0s1luu.png,0,test
0.0003444653,0.010318787,0.0006900684,0.00060324575,0.0012042392,0.0019797683,0.0034016324,0.00529027,0.008064437,0.010490045,0.0139109,0.018474234,0.021958787,esdnc1k3.png,0,test
0.00091836735,0.01331888,0.0017840458,0.0015897859,0.0026220041,0.0043885577,0.007966404,0.013694127,0.02345339,0.033523344,0.051209427,0.08023171,0.10150037,esn9duup.png,0,test
0.0003262277,0.009775926,0.00069759524,0.0005946039,0.0011816847,0.0019287306,0.0031920893,0.0048069432,0.0070860093,0.009117836,0.012067957,0.016342724,0.020321412,eswwbvwh.png,0,test
0.00032824557,0.009820479,0.0007248525,0.00058611896,0.0012118273,0.0020288425,0.0035002683,0.005438164,0.008277253,0.010829595,0.0146768205,0.02036201,0.02576606,etvffrff.png,0,test
0.00032271352,0.009460104,0.00070721196,0.00066068507,0.0011638041,0.0019467896,0.0033644647,0.0052673514,0.007838233,0.010035289,0.013293632,0.017613519,0.021415284,euc1hh5l.png,0,test
0.0003880092,0.01040455,0.0007665059,0.0006486334,0.001350905,0.0021972773,0.003682811,0.0056280275,0.008546921,0.011301492,0.015224301,0.019946463,0.02269395,eus7hlcm.png,0,test
0.00031173593,0.009462353,0.0007567081,0.00063078647,0.0011504323,0.001928993,0.003335083,0.005253584,0.008040984,0.010786306,0.015438351,0.022789633,0.029286454,ew7tqlvq.png,0,test
0.00029458952,0.009285483,0.0007023358,0.0005724403,0.0010781365,0.0018004933,0.0030940492,0.004815638,0.007366056,0.009751009,0.01352206,0.01872293,0.023206703,ewfvbfej.png,0,test
0.0002939569,0.009212281,0.0006852745,0.0006046305,0.0010934661,0.0018338307,0.0031285696,0.004811724,0.0070604687,0.009004992,0.011820185,0.015710432,0.018961817,exc1t0oy.png,0,test
0.00026551506,0.008940639,0.0005843251,0.00050902204,0.0009757076,0.0016345839,0.002788322,0.004287442,0.006251092,0.007793175,0.009878683,0.012542802,0.014641146,exmojd85.png,0,test
0.00033256927,0.009776394,0.00064271,0.0005639546,0.0011738114,0.0019401306,0.0033164104,0.005170885,0.007964832,0.010528593,0.014471075,0.020044368,0.024269748,ey4ih9pv.png,0,test
0.00031096616,0.009216647,0.0008175645,0.00066227635,0.0011375839,0.0019020833,0.0032647299,0.0050748023,0.007798332,0.010240032,0.0138059445,0.018278664,0.021694597,eyh26bea.png,0,test
0.00032830183,0.009690087,0.00069669343,0.00058392127,0.001192138,0.0019923605,0.0033871257,0.0051779733,0.0077470853,0.010093862,0.01373195,0.01886214,0.022775214,eyrv8yed.png,0,test
0.0003419148,0.0096264025,0.00083675934,0.00073546474,0.0012427131,0.0020523993,0.0034522135,0.0053562024,0.008151689,0.010568453,0.014143444,0.019250577,0.024125824,eyrynz0j.png,0,test
0.00033461102,0.009832813,0.0006615752,0.000590953,0.0011809991,0.0019286886,0.0032515503,0.0050317505,0.007772066,0.010443003,0.014663331,0.020727023,0.025730781,eyvt01xf.png,0,test
0.00038642908,0.010438345,0.0007645769,0.0006645377,0.0013102359,0.002131166,0.0036338128,0.005708241,0.008893713,0.011891373,0.0164621,0.022451041,0.02579292,ez0f0xpi.png,0,test
0.00026760696,0.008886304,0.0006227953,0.0005414333,0.00096109125,0.0015836103,0.0026799135,0.0040798537,0.005938136,0.007519737,0.009849802,0.01286792,0.015681123,ezq0x717.png,0,test
0.00086460233,0.013203103,0.0016962418,0.0014957542,0.0025316528,0.004245213,0.007747067,0.013161086,0.022040209,0.03125924,0.04725072,0.07185949,0.08804555,f0b5kx5g.png,0,test
0.00032021783,0.009704703,0.00071545976,0.00059722055,0.0011736947,0.0019445192,0.0032984656,0.005080424,0.007754284,0.010047979,0.013284259,0.018101247,0.021900972,f0uxc3b0.png,0,test
0.000305366,0.009290058,0.0007818959,0.0006410542,0.0011083409,0.0018291036,0.003074254,0.004654362,0.006734749,0.008540747,0.011334689,0.015530245,0.019976627,f1f4tzgn.png,0,test
0.00030579037,0.009181642,0.00083625916,0.00066810515,0.0011203772,0.0018506073,0.0030915712,0.0046736696,0.0068046795,0.008622871,0.01113117,0.014126918,0.016515605,f1ldajjb.png,0,test
0.0003933275,0.010517708,0.00085054175,0.00072825403,0.0013197862,0.0021841438,0.0037727652,0.005980531,0.00920502,0.012178837,0.016751433,0.023124961,0.02922187,f1ucuofg.png,0,test
0.00028786348,0.008956711,0.000753446,0.0006001987,0.0010689478,0.0017976136,0.0031147627,0.0048768776,0.0072243847,0.009308266,0.012371321,0.01665781,0.020615736,f29u8uri.png,0,test
0.0003636622,0.008606483,0.0011243194,0.00087654893,0.0011750298,0.0019357951,0.003392644,0.005653808,0.009719268,0.014173435,0.022222484,0.036408924,0.052280236,f3rb7ktt.png,0,test
0.00040039013,0.010383326,0.00070416945,0.0006761583,0.0014001055,0.002300309,0.0039664386,0.0062952028,0.009669844,0.0129071195,0.017843083,0.024359846,0.029050393,f40k5yrl.png,0,test
0.00033126582,0.009401673,0.00083738036,0.00072737894,0.001197008,0.002016162,0.0035379045,0.005709769,0.009230111,0.0123805925,0.017346647,0.025005046,0.032984566,f4bdz7a8.png,0,test
0.0003059813,0.009592907,0.00069065363,0.0005509337,0.0011219662,0.001876809,0.0032519253,0.0051257047,0.0080734,0.0109208645,0.015454187,0.022428187,0.028945666,f4ih1lu9.png,0,test
0.00036281,0.009983431,0.00078206643,0.0006183302,0.0012462429,0.0020447255,0.0035151814,0.0055248826,0.008542143,0.011323138,0.015506692,0.02074961,0.023878109,f5p8h0yt.png,0,test
0.00040730558,0.010153121,0.0010203932,0.00082011503,0.0013482242,0.002210959,0.0037714192,0.005892529,0.009198661,0.0124173425,0.017894125,0.027196024,0.03677675,f5tb6z5z.png,0,test
0.0005305993,0.01069889,0.0016582266,0.0012164032,0.0016816442,0.0027980455,0.0049513667,0.008084408,0.013326918,0.018653752,0.026856026,0.03918694,0.051511567,f6jqneks.png,0,test
0.0003166507,0.0094230035,0.0007149771,0.00066094025,0.0011625341,0.001960967,0.0033785542,0.005262062,0.007905589,0.010291777,0.013974764,0.01934488,0.024747318,f6mq886k.png,0,test
0.00032715997,0.009684703,0.0006913773,0.0005870446,0.0011526799,0.001886775,0.0032052202,0.005032473,0.007869103,0.01052063,0.014534946,0.02060986,0.02583854,f6xz8r9d.png,0,test
0.00026076034,0.008816034,0.00060751126,0.0005089007,0.000958764,0.0015964505,0.0027541239,0.004306234,0.0065127835,0.008576214,0.011811419,0.01631629,0.02057919,f8rsjrrw.png,0,test
0.000304103,0.009153219,0.000747087,0.0006477022,0.0011251128,0.0018989546,0.0033234549,0.005383589,0.008681312,0.011746881,0.016377898,0.02302975,0.029888982,f978x4ej.png,0,test
0.0003671555,0.0101352725,0.00077272946,0.00069534685,0.0012458003,0.0020371478,0.0035020043,0.005496776,0.008398368,0.011025159,0.014640053,0.019384537,0.022522215,f9oup3zq.png,0,test
0.00094795675,0.01373017,0.0019066896,0.0016150776,0.0026745514,0.0044396133,0.008037991,0.013869971,0.024005197,0.03467854,0.05287278,0.08162426,0.10173129,fam1k1en.png,0,test
0.00029420166,0.009299585,0.00067228114,0.0005801982,0.0010821681,0.0018204034,0.0030691046,0.0046484037,0.006928443,0.008931022,0.011804899,0.015466326,0.018362693,fapwz512.png,0,test
0.00036775618,0.010413126,0.0008001526,0.00069006794,0.0012736431,0.0021366852,0.0037979388,0.006272966,0.009698625,0.012797549,0.017505942,0.02392136,0.029892396,fbg3wvdv.png,0,test
0.0009635776,0.013501912,0.0021217833,0.0017158347,0.0026712827,0.0044094003,0.0080253575,0.014065275,0.024721064,0.035862006,0.055346865,0.08393502,0.10225341,fdknl48k.png,0,test
0.00044584516,0.010837201,0.0007999493,0.0007149273,0.0014876034,0.0024581845,0.0043215416,0.0070630386,0.011679956,0.01616428,0.023875197,0.03599122,0.046343304,fe1zsyjc.png,0,test
0.00032594436,0.00968257,0.0007369427,0.00062016334,0.0011818465,0.0019683554,0.003373718,0.0053406954,0.008348062,0.010811684,0.014063845,0.018214138,0.021436002,ff5ql14f.png,0,test
0.0003206234,0.009640432,0.0007714483,0.00064210757,0.001190999,0.0019858389,0.0033119684,0.0049521057,0.007208825,0.009209112,0.0122693945,0.016333064,0.019493507,fggw1jyk.png,0,test
0.00058802794,0.011100823,0.0023126171,0.0012476009,0.0020028537,0.0031388619,0.005278173,0.0084143225,0.01368505,0.018988723,0.027590446,0.03944754,0.05002928,fgnx9xz7.png,0,test
0.0003381332,0.009656058,0.00095112727,0.0007263546,0.0011735092,0.0019622569,0.003418475,0.005531324,0.009082097,0.012501844,0.017836114,0.026158117,0.034816027,fibrr7aq.png,0,test
0.0004094295,0.010455751,0.0007290282,0.0006743668,0.0013883676,0.0022477251,0.003844758,0.006094888,0.009709912,0.013140918,0.018781288,0.027072672,0.034573887,fisbyn2z.png,0,test
0.00031241897,0.009569906,0.0006558393,0.0005619502,0.0011230912,0.001869113,0.0032183651,0.0050880695,0.0077480525,0.01004175,0.0133464,0.017755162,0.021412356,fiup2le6.png,0,test
0.0003772855,0.010261884,0.000754191,0.0006722328,0.0012657461,0.0020482412,0.0034373687,0.0053157383,0.008155439,0.010818304,0.014711841,0.019601284,0.022544775,fjskfn8a.png,0,test
0.00031139038,0.009349943,0.0007465693,0.00066607416,0.0010975354,0.0018048276,0.003061888,0.00471732,0.0071595185,0.009247795,0.012221114,0.01647278,0.020335576,fklulx3w.png,0,test
0.0003241909,0.009492695,0.00086340297,0.0007012842,0.0012051666,0.0020184796,0.0034739408,0.005385079,0.007997142,0.010340299,0.013849783,0.018934047,0.02324791,fkofc2f0.png,0,test
0.00093468686,0.013813959,0.0017124848,0.0015845312,0.0026645511,0.0044463323,0.008141116,0.014210824,0.024840012,0.035809673,0.055047646,0.085150056,0.106312804,fkrxxwfm.png,0,test
0.00028440825,0.0091833,0.0006925002,0.00057252595,0.0010289317,0.0017115906,0.0029324212,0.0045094774,0.0066769165,0.008588714,0.011375871,0.015187158,0.018209215,fl0463na.png,0,test
0.00038280064,0.010621247,0.00082100683,0.0006857353,0.0013458437,0.0022082166,0.0037442776,0.0058676405,0.009217338,0.012002705,0.016050773,0.021996524,0.027510086,fl6d2tue.png,0,test
0.00033509836,0.009590468,0.00078174175,0.00070999603,0.0012254488,0.0020942523,0.0037830079,0.0062129064,0.009950248,0.013438344,0.019014308,0.027563574,0.036842864,fmhtn2p6.png,0,test
0.00033179254,0.009905629,0.00075293606,0.000654112,0.0011802132,0.0019712062,0.0034225213,0.005437773,0.00844154,0.011121861,0.015294556,0.021340348,0.026860755,fmw9fe7t.png,0,test
0.00036763996,0.010190941,0.0007417699,0.0006077069,0.001315082,0.002182868,0.003711861,0.0056704637,0.008551974,0.010998285,0.014371785,0.018378247,0.020590587,fnmv5f88.png,0,test
0.00088570506,0.013453398,0.001678163,0.0015553968,0.0025500855,0.004251003,0.0076587605,0.012810378,0.021321043,0.030188661,0.045745037,0.07118253,0.090037085,fo6t9wpx.png,0,test
0.00028127324,0.009196158,0.0006827222,0.0005625567,0.0010527464,0.0017624614,0.0029565932,0.004440645,0.006356507,0.007908496,0.01008376,0.012870795,0.01514005,foijocvs.png,0,test
0.0004896069,0.010708628,0.0014818482,0.0009670897,0.0016998224,0.0026760367,0.0044396045,0.006819156,0.010477524,0.014007506,0.019608922,0.027141076,0.033083715,folig3c5.png,0,test
0.00029060408,0.009266576,0.00074625073,0.00057689485,0.0010661572,0.001783825,0.0030409587,0.0047159945,0.007270409,0.009633946,0.012932047,0.01734454,0.020979194,fp38phk5.png,0,test
0.00030409195,0.009323057,0.00075985753,0.00061507727,0.0011257792,0.0018744945,0.0031114207,0.0046243602,0.0066605196,0.008446284,0.010958138,0.014142776,0.01655783,fpj8hk2r.png,0,test
0.00034757098,0.009927623,0.00072657986,0.0006325508,0.0012930478,0.0021909634,0.0038015165,0.0060046534,0.009407638,0.012521549,0.01764148,0.02555191,0.032173146,fpwxpjr9.png,0,test
0.00035003945,0.009822613,0.0010155807,0.0007485501,0.0012703459,0.0021595736,0.0038567646,0.006255721,0.0097872745,0.013222582,0.01862758,0.027227066,0.036880318,frml29q2.png,0,test
0.00031133418,0.009242707,0.00077208504,0.0006680983,0.0011449114,0.001937261,0.0033466255,0.005267628,0.00786088,0.010115911,0.013551685,0.018323136,0.02282977,frzhxka7.png,0,test
0.0003376974,0.009644123,0.00080011727,0.000719494,0.0012093593,0.0020479015,0.0036380058,0.0059706476,0.009747398,0.013229096,0.019168954,0.028970828,0.039858848,fsuaok48.png,0,test
0.0003208111,0.009292512,0.00078619045,0.0006832907,0.0011745367,0.0020241314,0.0036871494,0.0061612725,0.009727647,0.012923504,0.017773326,0.024562549,0.031202609,ftgqp2ec.png,0,test
0.00034129957,0.010331284,0.0007841286,0.0006304526,0.0011869735,0.0019669507,0.003394185,0.0052237017,0.007699878,0.009777824,0.012714215,0.016696462,0.020133168,ftixdwr0.png,0,test
0.00032922742,0.009512841,0.00081726204,0.00069924543,0.0012074951,0.0020444891,0.003627692,0.005984607,0.009573502,0.012762245,0.017917896,0.025628287,0.03424461,fvmyui9h.png,0,test
0.0002884642,0.009195834,0.00067625736,0.0005803318,0.0010489378,0.0017690348,0.0030822083,0.0048379046,0.007349559,0.009563885,0.012814752,0.017459083,0.021857278,fw0c20x4.png,0,test
0.0003275973,0.009632281,0.0007801758,0.00066991086,0.0012090061,0.0020216494,0.0034357992,0.0052066827,0.0076751765,0.009941953,0.01344518,0.018881027,0.023581658,fw96qwtu.png,0,test
0.00033002798,0.009406035,0.00084698846,0.00071217306,0.001177376,0.0020032865,0.003615745,0.0060808,0.009756793,0.01329158,0.018949782,0.027179506,0.03613114,fwjjo22l.png,0,test
0.00059259014,0.010874056,0.0025833116,0.0013078753,0.0020589032,0.0032271328,0.005431958,0.008703896,0.014150663,0.019652763,0.028805735,0.041426156,0.05252023,fx0akn05.png,0,test
0.00028319843,0.009141352,0.00069872424,0.00056687556,0.0010446223,0.0017482289,0.0029822418,0.004572583,0.006746825,0.008558814,0.011162524,0.0143627105,0.016766174,fx8ryw52.png,0,test
0.00033225527,0.009687842,0.0007492182,0.00059609534,0.0011797568,0.0019612361,0.0033845094,0.005329373,0.008254951,0.010801081,0.014605116,0.020107672,0.02441851,fxfmd13u.png,0,test
0.00033519397,0.009912093,0.00076581846,0.0006345639,0.0012439482,0.0020689333,0.003471167,0.005255357,0.00778906,0.009979939,0.013035799,0.017326761,0.02090663,fxzfycb7.png,0,test
0.00031803187,0.009572759,0.0007383191,0.000623443,0.0011527126,0.0019194087,0.0032611017,0.0051020114,0.008025199,0.010705985,0.014616856,0.019969137,0.02492754,fyjfrb65.png,0,test
0.00038738726,0.010241204,0.00068445876,0.0006472999,0.0013230803,0.0021567834,0.0036926544,0.005874136,0.009286516,0.012436846,0.017198369,0.023306122,0.027393924,fzhdojhx.png,0,test
0.00028320972,0.009143858,0.0006764521,0.00056566834,0.0010326367,0.0017299065,0.0029525778,0.0045502605,0.006918141,0.009086,0.012062212,0.016092386,0.019296983,g06xr3ur.png,0,test
0.00028379323,0.008992993,0.0006831629,0.00056937494,0.0010669953,0.0018087506,0.0031208524,0.0048325583,0.007358914,0.009591971,0.012538145,0.01611872,0.019027214,g0hln0ez.png,0,test
0.00036178675,0.010390997,0.0008394057,0.00070095184,0.0012853004,0.0021508464,0.003754229,0.0060050706,0.009317912,0.012656558,0.017642101,0.02465822,0.03159498,g21e0y7h.png,0,test
0.00031858767,0.00951486,0.0006951019,0.00062959327,0.0011194268,0.0018804142,0.0032732158,0.005176614,0.008037165,0.010730103,0.015109588,0.021172713,0.02608938,g345k5dj.png,0,test
0.00023745994,0.007928822,0.0007257789,0.00056423375,0.0008526274,0.001416654,0.0024289999,0.0038172784,0.006094466,0.00835765,0.0120420735,0.01715288,0.022259457,g3dcmyxb.png,0,test
0.00065743504,0.011118755,0.0018004989,0.001165324,0.0021267359,0.0037166558,0.0073002335,0.013267116,0.024125518,0.034720495,0.049695857,0.07351959,0.09753244,g4q47e1e.png,0,test
0.00040329428,0.010745632,0.0008701498,0.00071421225,0.0013660984,0.0022671337,0.003981474,0.0064362073,0.010155647,0.013566819,0.018608933,0.025465006,0.031712938,g68zdopt.png,0,test
0.00031248596,0.0095470995,0.00073251297,0.0005931705,0.0011514538,0.0019246663,0.0032954682,0.005042921,0.007575292,0.009762694,0.0128913475,0.017317446,0.021391215,g70p181i.png,0,test
0.00034422148,0.010125941,0.0007108906,0.0005963624,0.0012309708,0.002031324,0.0034829916,0.005446826,0.008468943,0.011428049,0.016063211,0.022641012,0.029031787,g74py8a9.png,0,test
0.00032970565,0.00954519,0.000808653,0.00070668315,0.0011882834,0.0020074355,0.0035444554,0.005695059,0.008759959,0.011671267,0.016113278,0.022801975,0.029641444,g7v3hkmy.png,0,test
0.00032557652,0.009481691,0.0008097352,0.0006814527,0.0012014688,0.0020303228,0.003533333,0.0056171822,0.009087641,0.012580877,0.017784694,0.02531851,0.032968927,g83wmcfo.png,0,test
0.00032264405,0.00944161,0.00083419855,0.0006811046,0.0011764884,0.0019871036,0.0034860277,0.005646804,0.009424285,0.013226714,0.019310726,0.02866317,0.039226193,g9qcm28q.png,0,test
0.0003136772,0.009445803,0.0007519298,0.00066093315,0.0011622872,0.0019889032,0.0035034525,0.0055972477,0.008779068,0.011625971,0.015978985,0.022580775,0.029744951,gbk2xwgh.png,0,test
0.00031007332,0.009487002,0.00068834214,0.00053294416,0.0011243635,0.0018928467,0.0033030347,0.0051447297,0.007848199,0.010384995,0.014252665,0.019539008,0.023307484,gbttnwut.png,0,test
0.0002847897,0.009158071,0.0007086503,0.0005527669,0.0010715927,0.0017931893,0.0029989108,0.004478013,0.006610096,0.0084611215,0.010918675,0.01406957,0.016286662,gc47wkrw.png,0,test
0.0003774142,0.010555864,0.00081087835,0.0007109856,0.0013217101,0.0022198267,0.003934711,0.0064558336,0.010199987,0.013835741,0.019729381,0.029092506,0.038356174,gceryxs2.png,0,test
0.0003145365,0.009568046,0.00070353935,0.0006315695,0.0011499393,0.0019432688,0.0033950545,0.005439815,0.008512157,0.0112801455,0.015733676,0.022337085,0.028636497,gcsotdhh.png,0,test
0.00062745437,0.011815777,0.0017183822,0.0013432786,0.0022380115,0.0037303423,0.006507122,0.010504992,0.016742432,0.02274868,0.032589115,0.04800167,0.062899575,gd40cm0t.png,0,test
0.0003183568,0.009411346,0.0008308723,0.00066113286,0.0011537591,0.0019468265,0.0033969583,0.0054574017,0.008965987,0.012262199,0.017347958,0.025306394,0.033823073,ge50p72g.png,0,test
0.00036450382,0.010117554,0.0008139254,0.00062828517,0.0013036482,0.0021790215,0.003805738,0.006107635,0.00948666,0.012548017,0.016879221,0.022675201,0.027556218,geniy3fs.png,0,test
0.00033401747,0.009869568,0.0007904137,0.00060701574,0.0012318263,0.0020552326,0.0035051894,0.0054132193,0.008166998,0.01059806,0.013871907,0.018039469,0.0213262,gfalqkxw.png,0,test
0.00035117174,0.009911937,0.0006725691,0.0006130128,0.0012126536,0.001998334,0.003456922,0.0055431114,0.008761829,0.011757747,0.016620506,0.023999957,0.030614594,gfd1ti1u.png,0,test
0.00032812575,0.009921804,0.00068824814,0.0006013797,0.0012059759,0.0020110293,0.0034399377,0.0052514137,0.008035036,0.0107206,0.015126663,0.021843025,0.027473347,gfr4zk2t.png,0,test
0.00034034613,0.009641263,0.0009096394,0.00075627334,0.0012336007,0.0020631552,0.0035240771,0.0054541267,0.008335724,0.0109920055,0.014939847,0.020821972,0.026651958,gfzd26tu.png,0,test
0.00030251074,0.0093079265,0.0007099083,0.0006341225,0.0010982937,0.001815268,0.0030993903,0.0048199203,0.007150845,0.009165604,0.01204544,0.016003396,0.019880062,gh8p9lve.png,0,test
0.00036852813,0.010201482,0.000750054,0.0006430889,0.0012390057,0.002009471,0.0033780192,0.005207066,0.007921481,0.010421358,0.013839361,0.018292144,0.021071577,ghdars5s.png,0,test
0.00038585867,0.0102879,0.00070085435,0.00060346344,0.0013625469,0.0022505696,0.0038813225,0.006172914,0.009883016,0.013276942,0.018996684,0.02710248,0.03321314,gjhzgmis.png,0,test
0.0003896967,0.010411274,0.0008664446,0.00074757595,0.0013357009,0.0022527946,0.0039912504,0.0064667305,0.010023534,0.013234101,0.018178241,0.024662247,0.030801563,gkavrc6a.png,0,test
0.0003093719,0.009268648,0.0007044056,0.00064503896,0.0011458361,0.0019340325,0.0033715495,0.0053143594,0.008035186,0.010572927,0.014455466,0.019781206,0.025236806,gkpxbm6g.png,0,test
0.00028650815,0.009170559,0.00062797056,0.0005949769,0.0010461239,0.0017522771,0.003072747,0.004929484,0.0076482864,0.01010788,0.013776449,0.019416653,0.024806412,glg08yvu.png,0,test
0.00030952223,0.009511943,0.0007466505,0.0006365278,0.0010813053,0.001791826,0.0031113664,0.0049965316,0.007886754,0.010622361,0.014726274,0.020468734,0.02581005,glqkbec5.png,0,test
0.00058571773,0.0118245175,0.0012198215,0.00097573426,0.0018872049,0.003148719,0.005564898,0.009373274,0.016206589,0.023052486,0.03490869,0.053991728,0.073084936,glyi56x7.png,0,test
0.00033157115,0.0095262285,0.00084553944,0.0007075967,0.0012328016,0.0020672088,0.003540317,0.005550192,0.008591338,0.011324978,0.015288653,0.02089015,0.026262704,gm7tuga8.png,0,test
0.0002906956,0.009093585,0.00070496957,0.0006013383,0.0010533336,0.0017469401,0.0030055714,0.0046455613,0.006812363,0.00870055,0.0115175,0.015283234,0.019036714,gm84eiet.png,0,test
0.00026098776,0.008571871,0.00063806237,0.00053968513,0.00095216185,0.0015904924,0.00277702,0.004444394,0.006769104,0.008687612,0.011449474,0.015005281,0.017894011,gmtvppfn.png,0,test
0.00032841708,0.009714713,0.0006790838,0.0006001568,0.0011885496,0.0019841043,0.0034361565,0.005422966,0.008267934,0.010783334,0.014480352,0.019618854,0.024336467,gmu5712q.png,0,test
0.00034645724,0.009719922,0.000962711,0.0007438631,0.0012206177,0.002027207,0.0034848019,0.005453564,0.008178663,0.010788346,0.01492175,0.02112242,0.027144838,gn0ajqqp.png,0,test
0.00026549317,0.008269517,0.00081837573,0.00064310123,0.0009449256,0.0015661258,0.002682643,0.0043069473,0.006965814,0.0096447235,0.014153519,0.021532925,0.029428808,gnrd056f.png,0,test
0.0002771795,0.00913683,0.000664182,0.00051268924,0.0009995733,0.0016609216,0.0028411215,0.0044761323,0.006937933,0.008898653,0.011548451,0.014881822,0.017805453,gnzqc4ut.png,0,test
0.00037238354,0.010152807,0.0008023274,0.00072302955,0.001314372,0.002216034,0.0038536543,0.0060723103,0.009109251,0.01184799,0.01583168,0.021110767,0.026099294,gnzs43c5.png,0,test
0.00032116126,0.00968344,0.0006789248,0.0005869461,0.001158834,0.0019185966,0.0032945937,0.005221692,0.008433836,0.011519968,0.015919607,0.022274954,0.02888027,goc5r1hm.png,0,test
0.00036962135,0.010217293,0.0007289995,0.00065262074,0.0013303424,0.002236258,0.003980415,0.006592168,0.010924548,0.015195453,0.022305341,0.03266531,0.040447254,gouraird.png,0,test
0.00028159155,0.009251138,0.0006617899,0.00053618,0.0010274828,0.0016985933,0.0029049579,0.004514608,0.0068513453,0.008929007,0.011820588,0.015487058,0.01837932,gpcivi05.png,0,test
0.0002660463,0.008008534,0.00067794183,0.00060777075,0.00095850247,0.0016069239,0.0028015836,0.004528,0.0075513665,0.010835586,0.01645603,0.025871031,0.03620839,gpihk243.png,0,test
0.00034195237,0.009394132,0.0008632927,0.0007635947,0.0012458019,0.0020980828,0.003670644,0.0058474657,0.008736625,0.0113199195,0.015335561,0.020846382,0.026353663,gq2e5e6a.png,0,test
0.00029275444,0.0092285955,0.0006288634,0.0005984646,0.0010656929,0.0017719154,0.0030106192,0.0046584797,0.0072023934,0.009606309,0.013304012,0.018973868,0.025336616,grr4c9as.png,0,test
0.00033628696,0.009873964,0.00065288757,0.0006019482,0.0011767417,0.0019153334,0.0032447951,0.005044043,0.0076982,0.01010446,0.013723546,0.01897152,0.022979075,gs0mc3i0.png,0,test
0.00096134964,0.013386393,0.0021724668,0.0016305544,0.0026980266,0.0044712126,0.008104048,0.013978323,0.023845693,0.03392154,0.05084675,0.07566825,0.09201781,gsbd6t2z.png,0,test
0.00038058023,0.01033455,0.0007391864,0.0006603314,0.0013507208,0.0022318,0.0038033088,0.0059485957,0.009493148,0.013046129,0.018909428,0.027976595,0.036477413,gsk10l7i.png,0,test
0.0003599621,0.010088839,0.0006984391,0.00062986213,0.0012547821,0.0020485697,0.0034604326,0.005364093,0.008269731,0.010853648,0.014504986,0.019469349,0.022629306,gszspjjo.png,0,test
0.00032839758,0.009748128,0.0007047397,0.00059607084,0.0011578961,0.0018954364,0.003196144,0.004910298,0.0074503715,0.0097637065,0.013188224,0.017561385,0.020571806,gtgniyty.png,0,test
0.00031846375,0.009755208,0.00075029465,0.0006101904,0.0011779246,0.0019534833,0.0032930907,0.004941081,0.0072480883,0.0092452755,0.011728825,0.0146008,0.016941719,gtjbpslg.png,0,test
0.00024932594,0.00812516,0.0008660215,0.00057363085,0.0009004615,0.0015020646,0.0026091042,0.0041569537,0.0068333903,0.009687196,0.014824424,0.023569582,0.03409738,gublmntf.png,0,test
0.00032378527,0.009715931,0.0007054603,0.0005787129,0.0011739167,0.0019237945,0.0032487349,0.0049838223,0.007560715,0.009754119,0.012973992,0.017263342,0.020645078,gve4qvrf.png,0,test
0.00089974736,0.013714093,0.001543894,0.0014784931,0.00255249,0.004203649,0.0075055123,0.01264116,0.021279793,0.030370561,0.046389952,0.07240643,0.09011488,gvgfdw4q.png,0,test
0.0003296864,0.009552113,0.0007765727,0.0006754044,0.0012088915,0.0020166303,0.003421379,0.0052340575,0.007810996,0.010176127,0.013738462,0.018478215,0.022381192,gvl5vjoj.png,0,test
0.00086205994,0.013205512,0.0014287137,0.0013790807,0.0025015392,0.0041728523,0.0075812936,0.012911073,0.021681704,0.030539323,0.045462307,0.06847893,0.084157884,gvs9coi6.png,0,test
0.0003555201,0.009961095,0.000716538,0.0006042729,0.0012118849,0.002002427,0.0034722215,0.005594624,0.008772227,0.0116568385,0.016105149,0.022511413,0.027793115,gwj8rr1l.png,0,test
0.00028648556,0.0090787355,0.00071723695,0.00057693967,0.00106542,0.0017880568,0.0030414355,0.0046362015,0.0068073343,0.008767337,0.011554484,0.014798948,0.01718428,gwl2ixaw.png,0,test
0.00034297234,0.00959302,0.00084202917,0.00074795634,0.0012789594,0.0021581305,0.0036493116,0.0055708173,0.008201448,0.010596001,0.014026082,0.018726671,0.023498379,gwozeo35.png,0,test
0.0003611849,0.010460257,0.0007579012,0.00066017074,0.0012667369,0.0020749911,0.0034818007,0.0053179124,0.007952299,0.010204992,0.013178254,0.016741535,0.01953569,gxtkbaso.png,0,test
0.00032130597,0.009746333,0.0006905315,0.0005766368,0.0011539928,0.0019018331,0.0031940015,0.0048734513,0.007326183,0.009453375,0.012608584,0.017330686,0.021403274,gyfu2hc3.png,0,test
0.0009431064,0.013486475,0.0018119824,0.001640937,0.0026832998,0.0044706515,0.008208404,0.014306515,0.024753546,0.035489414,0.05393826,0.08315434,0.10408347,gzofpnx8.png,0,test
0.0003080519,0.009214145,0.00073490565,0.00065859035,0.0011347675,0.0019136624,0.003353605,0.005368447,0.008721432,0.0119779715,0.017099414,0.025014037,0.033581324,h0bypekj.png,0,test
0.0003359043,0.009407511,0.0008298128,0.0007317171,0.0012648418,0.002131157,0.0036671862,0.0056592887,0.008492789,0.011139436,0.015205466,0.021003054,0.026847318,h0czscpx.png,0,test
0.00029543584,0.009717777,0.00068563625,0.00054318423,0.0010517249,0.0017232466,0.0028766757,0.004376755,0.0066077947,0.008567745,0.011650254,0.016018601,0.019854948,h10ejqbe.png,0,test
0.000363548,0.0103138415,0.00080669345,0.0007016204,0.0012651152,0.0021224907,0.00370613,0.0058944537,0.008918162,0.011708865,0.016292144,0.0223024,0.028170167,h20m1qw9.png,0,test
0.00029572987,0.009544546,0.00069500046,0.00057697756,0.0010842344,0.001785524,0.0029788371,0.004455855,0.006439045,0.008121364,0.010522597,0.013007986,0.015009292,h2bvwv6y.png,0,test
0.00044359462,0.010301126,0.0012610521,0.00085106463,0.0015526364,0.0024871952,0.0042367275,0.0066509987,0.010450151,0.014008755,0.01963701,0.027017709,0.03230399,h420pgi6.png,0,test
0.00032207574,0.009180267,0.0008265986,0.0007147449,0.0011926853,0.0020202599,0.0035363843,0.005581014,0.008456374,0.011086088,0.015024315,0.020655371,0.026495036,h4gxa5gy.png,0,test
0.00039813522,0.010816475,0.0010045536,0.0007537199,0.0013634772,0.0022441447,0.0038864596,0.006114505,0.009787786,0.013137752,0.01804483,0.025190407,0.03136239,h615kv38.png,0,test
0.0005070356,0.01070072,0.0017792938,0.0010265964,0.0017350771,0.0027415864,0.004601974,0.0071974555,0.011257093,0.015031185,0.020817475,0.028678551,0.03537493,h6z1tgh5.png,0,test
0.0005972279,0.011140816,0.0023907237,0.0012362809,0.0020481143,0.0031895244,0.0053426814,0.008564169,0.013930626,0.019328926,0.028361008,0.04062773,0.051181767,h761d81m.png,0,test
0.00035942765,0.009966051,0.0006829904,0.0005884736,0.0012879819,0.0021343783,0.003622911,0.005654702,0.008864167,0.011891916,0.016945725,0.024247523,0.030580908,h776yl37.png,0,test
0.00037649434,0.010190506,0.0007302076,0.00059735536,0.0013435336,0.0022296787,0.0038509243,0.0060755955,0.009307875,0.012295611,0.017064307,0.023609852,0.028877618,h78qa4wh.png,0,test
0.00036325454,0.010130006,0.00082450715,0.0006657641,0.0013110675,0.0021841133,0.0037972548,0.0059381537,0.008946771,0.0116415825,0.015723173,0.0216122,0.027220817,h9dsphl2.png,0,test
0.00087696424,0.013012386,0.0017983735,0.0015477445,0.0025576595,0.0043295836,0.007999005,0.014055312,0.024195611,0.034443375,0.052243106,0.0799813,0.098276876,ha2z8c7g.png,0,test
0.00031705917,0.009547342,0.00073196384,0.0006410897,0.0011553953,0.0019345282,0.0033017036,0.0050310246,0.0074182795,0.009476697,0.012527885,0.016579736,0.020219995,haj3yvsi.png,0,test
0.00097045145,0.013499057,0.0017901423,0.0017227925,0.002783843,0.004657158,0.00848567,0.014496108,0.024809109,0.03545666,0.054059517,0.08454886,0.10668813,hd5pe5cx.png,0,test
0.0003118661,0.009595692,0.0006796857,0.00059762964,0.0011526282,0.0019691284,0.0035012926,0.005733799,0.009423511,0.012917879,0.01825224,0.025959373,0.033350818,hdcpy7j9.png,0,test
0.0002802754,0.00914158,0.0005993521,0.00054733927,0.0010269065,0.001726022,0.0030361342,0.0048722634,0.007671989,0.010115765,0.013831941,0.018751077,0.022595419,hdiy4nrm.png,0,test
0.00031007113,0.009188323,0.0006925987,0.00065158145,0.0011467327,0.0019201258,0.003327052,0.0052627013,0.008206265,0.010895332,0.014630386,0.019288633,0.023298442,hexhigd6.png,0,test
0.0003310408,0.009800322,0.0007090374,0.0006057802,0.0011532864,0.001882762,0.003155194,0.0047955555,0.007255034,0.0094572,0.0126738455,0.01708762,0.020809323,hfocsjl1.png,0,test
0.00028388185,0.009019592,0.0007030691,0.0005880762,0.0010284611,0.0017140423,0.0029468315,0.0045625097,0.0068582324,0.008858,0.011674379,0.015173088,0.017501023,hguwam0t.png,0,test
0.0009043768,0.013305032,0.0016181684,0.0015292204,0.0025958638,0.004342512,0.007889554,0.013500434,0.022701856,0.031920474,0.047592577,0.071695305,0.08786226,hibyursb.png,0,test
0.00029781202,0.0092407,0.0007268624,0.0005872378,0.0011032479,0.0018362522,0.003129705,0.004867907,0.0073396717,0.009541261,0.012728223,0.017201673,0.02104077,hidra48k.png,0,test
0.00034493528,0.009809954,0.00074277184,0.0006026756,0.001238165,0.0020722307,0.003593852,0.0056887357,0.00886316,0.011891331,0.016748322,0.023762109,0.029060474,hjy9qrbz.png,0,test
0.00032861732,0.009814157,0.0007474771,0.0006073999,0.0011932421,0.0019929002,0.0034254943,0.0053385375,0.0082150195,0.0107484935,0.014279514,0.018831383,0.022154372,hkbxcwb3.png,0,test
0.0003590572,0.010138062,0.00070365495,0.0006796631,0.0012749274,0.0021147442,0.0035763644,0.005487065,0.008258416,0.010680486,0.01420395,0.019208005,0.023811521,hl2ng9hb.png,0,test
0.0003725965,0.010314715,0.00072183996,0.00063084584,0.0012955919,0.002124447,0.0035709941,0.0054422547,0.00812567,0.010483766,0.014065519,0.018488226,0.020805985,hlfhsko9.png,0,test
0.0004284306,0.010510779,0.0008213002,0.0007615344,0.0015210273,0.0024872196,0.004243472,0.0065901,0.01033785,0.013849422,0.019682303,0.028039573,0.035422344,hlhm9umu.png,0,test
0.0002801987,0.009178277,0.00070911204,0.0005568226,0.0010315921,0.001726388,0.002957569,0.0045740595,0.0069312216,0.009017508,0.012181209,0.01675593,0.020938847,hlq7ar42.png,0,test
0.000522876,0.011444196,0.0012107919,0.00088799634,0.0017793969,0.0029902316,0.005329642,0.0090596825,0.016009105,0.023541445,0.037232924,0.059061904,0.07991542,hlzflfxc.png,0,test
0.00041815176,0.010337754,0.0009962601,0.00080175855,0.0013864444,0.0022623434,0.003834512,0.0060600475,0.009611291,0.012986713,0.018573742,0.027754264,0.037601706,hm1vdf8j.png,0,test
0.0009148681,0.013310648,0.0017240423,0.0015980216,0.0026252223,0.0044011725,0.008090542,0.014094466,0.02436076,0.035086837,0.054132465,0.08367422,0.10333856,hmpcg6am.png,0,test
0.00027538015,0.00913965,0.00065031025,0.000537209,0.0010156097,0.0016936543,0.0028697483,0.0043659713,0.0065101073,0.008334189,0.011000613,0.014243063,0.017168196,hnb5vngb.png,0,test
0.00027991642,0.0089539485,0.000670578,0.0005814914,0.0010142147,0.0017013985,0.0029671784,0.0046550054,0.0071702404,0.009565077,0.013212834,0.018854992,0.023958694,ho9cy9pe.png,0,test
0.00029459852,0.009113785,0.00072220917,0.0006071818,0.0010901457,0.001833856,0.0031589104,0.004882737,0.007467455,0.009764284,0.012856617,0.016877403,0.020462159,hqj2txj9.png,0,test
0.0003225605,0.009294685,0.0007968024,0.0007028808,0.0012021195,0.0020287158,0.0035361084,0.005525511,0.008299126,0.010752576,0.014548934,0.019950788,0.025272705,hrltgm5m.png,0,test
0.0002865615,0.009089948,0.00068471074,0.0005525762,0.001044643,0.0017340363,0.0028996232,0.004354805,0.0063195163,0.008012894,0.010276355,0.012763552,0.014720194,hsgzq6m0.png,0,test
0.0003239419,0.009459934,0.00080546015,0.0007073195,0.0011958275,0.0019795727,0.003306182,0.0049804635,0.0072698826,0.009293648,0.01210257,0.015616539,0.01867558,hslffraj.png,0,test
0.00033124347,0.010067187,0.0007322474,0.00061401963,0.0011827837,0.0019507982,0.0032944628,0.005071348,0.007790502,0.010384448,0.014203201,0.0193953,0.024445975,hssmq5ht.png,0,test
0.0003357682,0.009745751,0.00076207693,0.00067892764,0.0012110426,0.0020147949,0.003422151,0.005227929,0.0077016004,0.0097636655,0.012753631,0.01668525,0.01990736,hsx023fv.png,0,test
0.00027841364,0.0088898875,0.0006553083,0.00057918107,0.0010318301,0.001722558,0.0029566179,0.0045596603,0.0066760164,0.00844863,0.01097477,0.014364147,0.017215222,ht1u37eb.png,0,test
0.0003186571,0.009523399,0.0007854467,0.0006755426,0.0011300206,0.001901536,0.0032939983,0.0051874164,0.008051699,0.010803487,0.015296323,0.021826373,0.027212543,ht2ibtrv.png,0,test
0.00034594408,0.01001691,0.0007377211,0.00062795024,0.0012619548,0.0021223566,0.0037424602,0.006051557,0.009419585,0.012481719,0.017226895,0.024151191,0.02961653,htfzb49a.png,0,test
0.0003199304,0.009410253,0.00082223566,0.0006794746,0.0011804812,0.0019742087,0.003333008,0.0051299,0.0076234536,0.009805398,0.012842738,0.016743433,0.019700281,htmkdv96.png,0,test
0.00028866463,0.009136461,0.0006959114,0.000599262,0.0010482488,0.0017421385,0.002977175,0.004589938,0.0067978175,0.008740588,0.011609516,0.015537968,0.019812297,htwd0h6i.png,0,test
0.00035835916,0.010067294,0.0007550014,0.00062152225,0.0012628622,0.0021112305,0.0037538912,0.0061955308,0.010215617,0.014130633,0.020810269,0.031331487,0.040504035,hurwfros.png,0,test
0.0003468647,0.009917957,0.00068679726,0.00060239923,0.0012166912,0.0020117904,0.0034365838,0.0054114196,0.008432277,0.011377824,0.015978977,0.022532528,0.02775216,hw7vps7b.png,0,test
0.0010446116,0.0137511715,0.0022631376,0.0019083802,0.0029220309,0.004887162,0.009000303,0.015564863,0.026885116,0.038434602,0.05834992,0.090119414,0.11128664,hwfggakt.png,0,test
0.0004883225,0.010745844,0.0013288581,0.00088773156,0.0016698878,0.0028026667,0.00496636,0.008384713,0.014621775,0.02125484,0.033025593,0.054519966,0.078947954,hwrgu621.png,0,test
0.00031244016,0.009391681,0.0007247492,0.0006505093,0.001123737,0.0018718618,0.0031901875,0.0049366467,0.0074556894,0.009722682,0.012913566,0.017291466,0.021068828,hx0w9ljv.png,0,test
0.00038426975,0.010350408,0.0008371773,0.00068723335,0.0013453369,0.0021956447,0.0036830418,0.00562763,0.008373032,0.010840385,0.014487099,0.019117132,0.022793181,hy97cyit.png,0,test
0.0003618358,0.010064441,0.00070248044,0.0005974938,0.0012598205,0.002077007,0.00351528,0.0054675094,0.008417725,0.0110379625,0.014901739,0.020200174,0.02434375,hyxp6hij.png,0,test
0.00034441496,0.009877052,0.00069710275,0.0005949514,0.001178468,0.0019476837,0.0034680888,0.005725626,0.009312714,0.012445798,0.016821845,0.0226295,0.027150689,hzx7zb14.png,0,test
0.00033053895,0.009870879,0.0006989839,0.0006214241,0.0011762616,0.0019465664,0.003285089,0.004992951,0.0074865413,0.00969503,0.012799723,0.017259046,0.02180006,i05vfd87.png,0,test
0.00035186496,0.009636755,0.00094287924,0.00077176624,0.0012689802,0.002166027,0.003850902,0.0061970823,0.00956419,0.012761413,0.017905528,0.025211014,0.032238603,i0erc9a1.png,0,test
0.0003349052,0.009914732,0.00075349817,0.00063088635,0.0011945631,0.0019659754,0.0032991185,0.0050133485,0.007532768,0.00975882,0.013046984,0.017576458,0.021626126,i0wq89v9.png,0,test
0.00033252238,0.009550838,0.0007899173,0.0006785832,0.0012139309,0.0020796885,0.0037254707,0.006166872,0.010044546,0.013717915,0.019901276,0.02985793,0.040947977,i10kqsos.png,0,test
0.00029628695,0.0092406105,0.00074512744,0.000605849,0.0010703388,0.0017528415,0.0029463521,0.0045073433,0.006638694,0.008514228,0.01105513,0.014367175,0.017003661,i1niskyw.png,0,test
0.00028491527,0.009056159,0.0007007771,0.00057709956,0.0010551051,0.0017810821,0.0030945716,0.0048033083,0.0073361965,0.009712245,0.013135665,0.017546507,0.021552527,i1vrb9qe.png,0,test
0.00032671212,0.009736602,0.00070478197,0.0005740377,0.0012038555,0.002020593,0.003471167,0.005488525,0.008705205,0.011752166,0.016811455,0.024090951,0.029980507,i3ud1ozf.png,0,test
0.0003759152,0.010210403,0.0007205013,0.0006011869,0.0012368183,0.0020465343,0.0035787143,0.0056686485,0.009043327,0.012114344,0.016591724,0.02244727,0.025594525,i4locxme.png,0,test
0.00029378675,0.009441383,0.0006914658,0.00057052495,0.0010822583,0.001784198,0.0029785673,0.004474922,0.0066052936,0.008457033,0.011024273,0.014526967,0.017574565,i58qmn7b.png,0,test
0.0003617682,0.01016564,0.00071224384,0.0006385436,0.001284807,0.0021248485,0.0036221836,0.0057004993,0.00902723,0.01228731,0.01783837,0.026441997,0.03408715,i5fxw933.png,0,test
0.0003020051,0.009428613,0.0006570753,0.00058820687,0.0011006438,0.0018467926,0.003219342,0.0050827726,0.0076827635,0.00984984,0.01308572,0.017811622,0.022248,i5gse146.png,0,test
0.00029240514,0.009174431,0.0006781152,0.0005888164,0.0010903284,0.0018182427,0.0030329777,0.0045590443,0.0067233397,0.008680388,0.011622697,0.01578321,0.019908577,i6hfyv0w.png,0,test
0.0003740792,0.009917316,0.00091127085,0.0007010379,0.0012429664,0.0020246592,0.003462534,0.0054366104,0.008344922,0.0108355405,0.014380529,0.018721057,0.021568052,i87hzpyg.png,0,test
0.0003288954,0.009530665,0.0008111096,0.00068588764,0.0012316384,0.0020922576,0.0036660146,0.0059131254,0.009705639,0.013228665,0.018981498,0.028308345,0.03816073,i8n0e4b7.png,0,test
0.0003677697,0.010236392,0.0007196211,0.00061470567,0.0012903208,0.0021081257,0.0035533467,0.0054430547,0.008218141,0.010802721,0.01485668,0.019960927,0.023105463,i8nbb2gf.png,0,test
0.00029375986,0.009380933,0.00062850316,0.0005480386,0.0010763948,0.0017884874,0.0030614624,0.0047212313,0.0071581164,0.009252215,0.012215687,0.016442697,0.02065452,i91zumi7.png,0,test
0.0005173505,0.011418351,0.0012286607,0.00088598486,0.0017354542,0.0029315695,0.0052756174,0.008866758,0.01536151,0.022381546,0.03469082,0.054497,0.07530853,i997mk5h.png,0,test
0.00033763412,0.009811202,0.0007779866,0.0005921942,0.0011920204,0.0019626732,0.00328709,0.0049806717,0.007530459,0.009791888,0.013125719,0.017856482,0.021566758,i9ica6g5.png,0,test
0.00032522852,0.009622486,0.00074428524,0.0005879852,0.001182239,0.0019714853,0.0033831957,0.005288435,0.008194599,0.010889802,0.014918013,0.020500835,0.024669439,ia0k8n0f.png,0,test
0.00034837401,0.009805624,0.000839726,0.0007837645,0.0012670354,0.0021241244,0.003602789,0.005589296,0.008551187,0.011433493,0.015895143,0.022590412,0.029244276,ib4hgqn1.png,0,test
0.00037946904,0.010375639,0.00078068604,0.00070913136,0.001307067,0.0021272716,0.0035741618,0.005496569,0.008358883,0.0110009955,0.015070914,0.020436196,0.02431766,ic5l3uq0.png,0,test
0.00033415094,0.009355421,0.00070671464,0.0006368174,0.0012250829,0.0020596108,0.003592681,0.0056407745,0.0086105,0.011350605,0.015578484,0.02151487,0.025813334,id653r5f.png,0,test
0.00032073073,0.0096713165,0.0007037448,0.00060929864,0.0011166753,0.0018229439,0.0030151766,0.0045309034,0.006698264,0.008715265,0.011779913,0.016164888,0.019918082,iehw5jz6.png,0,test
0.0003343778,0.009727569,0.0008382535,0.00069809245,0.0012092901,0.0020182515,0.0034831984,0.005530865,0.008892864,0.012021302,0.016940715,0.024650695,0.03303634,if6l9vkl.png,0,test
0.00030092895,0.009091423,0.0007378,0.00063870667,0.0011040034,0.0018805873,0.0033412199,0.0053366562,0.008275991,0.010999892,0.015056193,0.020540383,0.025775282,ifjondtw.png,0,test
0.0002946,0.0090090195,0.0006598425,0.0006172427,0.0010731813,0.0018048444,0.0031423909,0.004992244,0.007610315,0.009976194,0.013551923,0.017866857,0.020874765,iflnwrov.png,0,test
0.0008923877,0.01329989,0.001669616,0.0015016993,0.002531231,0.0041998946,0.007619939,0.012955176,0.02192762,0.031071192,0.04661234,0.07058175,0.08650731,ig9659bg.png,0,test
0.0003025517,0.009401767,0.0007235142,0.0005954017,0.0010998979,0.0018295222,0.0031098023,0.0047820266,0.007200627,0.009512205,0.013265243,0.018787391,0.02456587,ightk3pz.png,0,test
0.00032953057,0.009731848,0.00074803294,0.00067979796,0.0011708649,0.0019581702,0.0033901585,0.0053570494,0.008421532,0.011334269,0.015636263,0.021745391,0.027794154,ih5jcp2h.png,0,test
0.000372066,0.0106311785,0.0007651677,0.0006824958,0.0013025248,0.0021255428,0.0035451504,0.005368261,0.008075885,0.010378993,0.0137697905,0.01874026,0.023766465,iherbnn6.png,0,test
0.00030534,0.009352489,0.00071287225,0.00061167823,0.0010745495,0.001793023,0.003122358,0.004934404,0.0076365154,0.010071608,0.013628559,0.018579122,0.023810113,ihu8jfqc.png,0,test
0.00032975385,0.009625847,0.00073904597,0.0006630754,0.001202168,0.0020173646,0.0034528633,0.005367715,0.008155928,0.010831131,0.015268366,0.022348356,0.029744452,ii8472qd.png,0,test
0.0009804794,0.013475842,0.0021219903,0.0016951341,0.0027225204,0.004507064,0.008138792,0.013932053,0.023767648,0.03389371,0.051050812,0.07700368,0.09442341,iiv2dg74.png,0,test
0.00036248524,0.010056336,0.00069800956,0.000571761,0.0012884587,0.0021508592,0.003711223,0.0058170017,0.009033462,0.012131216,0.017217968,0.024886597,0.03190651,ij8fz7zp.png,0,test
0.00032170236,0.009633391,0.0007012257,0.00062061526,0.001165308,0.0019376068,0.0032449646,0.0049303384,0.007441195,0.009882948,0.013791921,0.019438561,0.023842812,ija1jy8x.png,0,test
0.00028122382,0.00922268,0.0006286886,0.00054163643,0.0010302049,0.0017262816,0.0029940263,0.004658323,0.007023507,0.0089278575,0.011615484,0.014961763,0.018044537,ijarta4p.png,0,test
0.00027739748,0.009171856,0.0007276275,0.0005721475,0.0010026594,0.0016647023,0.002839671,0.0043469016,0.0064134453,0.008046376,0.010257154,0.01305651,0.015528581,ijfzqafq.png,0,test
0.00028797286,0.008981849,0.0006747051,0.0006033657,0.0010379046,0.0017219367,0.002955283,0.004709469,0.0074616517,0.009951798,0.013539732,0.01892876,0.023723124,ikax11m5.png,0,test
0.00026836438,0.008864216,0.000678397,0.0005266914,0.000986991,0.0016511085,0.0028092123,0.0042351135,0.0061522257,0.0078083007,0.010227173,0.013143162,0.015413526,imc8laja.png,0,test
0.00033291618,0.009695435,0.0007090292,0.00057629537,0.0011844103,0.0019799445,0.0034239502,0.005424654,0.00849035,0.01134704,0.015565605,0.021200413,0.025405854,impr5ri0.png,0,test
0.0002935156,0.009318132,0.00068635977,0.0005766913,0.001091324,0.0018218617,0.0030844836,0.0046692793,0.006852296,0.008777285,0.011446772,0.014612538,0.016747601,in7srvvk.png,0,test
0.00031547883,0.009443026,0.000680639,0.0006385287,0.0011477903,0.0019416816,0.0033667088,0.0052691386,0.007958601,0.010246867,0.013734069,0.01864726,0.023326265,inco8o9g.png,0,test
0.00030461745,0.009376585,0.0007348796,0.0006410314,0.0010984377,0.0018347541,0.0032070687,0.0050873547,0.007688291,0.009970578,0.013241773,0.017550709,0.021065822,io1q3dzv.png,0,test
0.00038808165,0.0104119815,0.0008022993,0.00064939127,0.0013594403,0.0022635118,0.003996106,0.006643956,0.011300959,0.016001267,0.023639198,0.0344829,0.043992907,ioeruw3j.png,0,test
0.00035077558,0.009590155,0.00097184314,0.0007704608,0.0012816576,0.0021540364,0.0037256572,0.0057456726,0.008443387,0.010803776,0.014198794,0.018668287,0.022156587,ip693po0.png,0,test
0.00029609684,0.008944405,0.0007423807,0.0006111304,0.0010935125,0.001838285,0.003142688,0.004838928,0.0071195443,0.009071413,0.011775802,0.014950282,0.017511712,ipzq0qka.png,0,test
0.00033033808,0.009578532,0.0009190593,0.0006992855,0.0011952909,0.0020164477,0.003475686,0.005356694,0.008232709,0.010948918,0.0148649905,0.020448027,0.025787745,iqfkn1yq.png,0,test
0.00028485522,0.008977155,0.0007616022,0.0006003179,0.0010529645,0.0017487828,0.0029233724,0.004464679,0.006718144,0.008718972,0.01162452,0.015165536,0.018481918,iqp863qa.png,0,test
0.00028902784,0.009037203,0.0006605047,0.00060218805,0.0010767432,0.0018187494,0.0031296767,0.0048491457,0.007261323,0.009291414,0.012078652,0.015651893,0.018828824,irq4tp1n.png,0,test
0.0003204104,0.009741265,0.0007268137,0.00058283244,0.0011515301,0.0019068408,0.0032736321,0.00513459,0.007844708,0.010218211,0.013446235,0.017452689,0.020007933,isbg5cmb.png,0,test
0.00031033854,0.009229339,0.0008208736,0.0006624768,0.0011531077,0.0019233832,0.0032523242,0.004985252,0.007577727,0.009830429,0.012893677,0.016537426,0.019269088,isswuelw.png,0,test
0.00032743966,0.009501888,0.0008837745,0.00070610456,0.0011942937,0.0020108398,0.0034703163,0.005495436,0.008658411,0.011758876,0.016496062,0.023121174,0.029518813,isvf569l.png,0,test
0.0003487178,0.010164335,0.0006954636,0.0006643405,0.0012466836,0.0020650926,0.0034953437,0.0053644497,0.00806186,0.010409269,0.013781505,0.018190352,0.021519043,iswzvxv3.png,0,test
0.00030988234,0.009626825,0.00073803996,0.0006212267,0.0011360385,0.0018989317,0.0032251542,0.0049188943,0.007208868,0.0090544205,0.011635566,0.014814297,0.017664935,ite7wovp.png,0,test
0.00032710197,0.009347263,0.00083102845,0.0006959972,0.0011907793,0.0020059908,0.0035603591,0.0057481052,0.008947898,0.012101382,0.017186426,0.024788698,0.033327006,itqufwi2.png,0,test
0.00052527455,0.010397783,0.0021360782,0.0011110713,0.0018374312,0.0028863566,0.004914148,0.007975374,0.013090814,0.018232109,0.026543476,0.03761135,0.046752207,itrzraud.png,0,test
0.00031010958,0.009409109,0.0007638868,0.0006545971,0.0011447225,0.001916159,0.0033038005,0.005154046,0.007780905,0.010087165,0.013600788,0.018627714,0.023280114,iuf9p6lx.png,0,test
0.00031108764,0.0092847245,0.0007430548,0.0006589135,0.001140018,0.001930819,0.0034365072,0.0056437636,0.008942434,0.011935934,0.016684279,0.023483312,0.031203622,iuhq86dx.png,0,test
0.0003254225,0.009531202,0.0007395057,0.0006638605,0.0011645711,0.001976988,0.0035172876,0.0057276264,0.00906385,0.012303104,0.017501498,0.024271192,0.030366903,ivvd5x78.png,0,test
0.00037207993,0.010470799,0.00088531495,0.0007236572,0.0012621097,0.0020854862,0.003619814,0.005779058,0.0090732975,0.012200329,0.016975667,0.023446849,0.028401969,iwqulkwb.png,0,test
0.00031734383,0.009242913,0.0007667602,0.0006730687,0.0011567118,0.0019472262,0.0034104574,0.005445888,0.008483501,0.01132958,0.016039724,0.023123521,0.031099506,iwzgk8di.png,0,test
0.0002743965,0.009041156,0.0006393266,0.0005517294,0.0010038503,0.0016717617,0.002844479,0.004332643,0.006475316,0.008333415,0.010971304,0.014717727,0.018211348,ix7brrba.png,0,test
0.00029176832,0.0090116365,0.0006601411,0.00061950047,0.001050369,0.001765586,0.003074024,0.0047990293,0.0071810065,0.009270118,0.0125150755,0.016848926,0.021265212,ixhhkffn.png,0,test
0.00029486322,0.009237444,0.0007415821,0.0006088011,0.0010785378,0.0017826647,0.00301305,0.004613716,0.006695568,0.008531752,0.011250162,0.014750572,0.017429227,ixicppbs.png,0,test
0.0003503138,0.00991014,0.00068300054,0.00059604883,0.0012433298,0.0020480182,0.0034467482,0.005330508,0.008190994,0.010643196,0.014514957,0.0196231,0.023091385,iyeldw96.png,0,test
0.00029338858,0.008967452,0.00068208453,0.0006302544,0.0010699461,0.0018102454,0.0032169297,0.005212502,0.008279716,0.011281468,0.015831402,0.021966951,0.026475336,iyqewkrs.png,0,test
0.00029905466,0.009541965,0.00069969916,0.000575102,0.001081128,0.0017866693,0.0030149277,0.004646161,0.0070156893,0.00910272,0.0122221615,0.016304169,0.019551177,iywe36lt.png,0,test
0.00033467365,0.009726289,0.00079574686,0.0007055323,0.001209303,0.0020320422,0.0035706956,0.0057303947,0.009065439,0.012278038,0.01743746,0.025493521,0.03322128,iz3m5ial.png,0,test
0.00032336666,0.00966221,0.00070183055,0.0005639266,0.0011582093,0.0019128356,0.0032461218,0.0050637643,0.00793639,0.010621204,0.014835164,0.02070031,0.026309833,j0t2riom.png,0,test
0.00032361323,0.009618704,0.00075685966,0.00058860716,0.0011897688,0.001997229,0.0034624776,0.0054999017,0.008682761,0.0115109235,0.01614613,0.023372326,0.030039953,j1mhte4f.png,0,test
0.0002665102,0.008908777,0.0006079025,0.0005288734,0.0009697268,0.0016244041,0.0027967386,0.004350847,0.0064773588,0.0082629025,0.010918508,0.014502498,0.017637609,j1yljzcc.png,0,test
0.00034532475,0.009883927,0.0006683534,0.0005874075,0.0012103285,0.0019869173,0.0033684818,0.005191559,0.007909042,0.010171548,0.013539227,0.018329604,0.0223995,j2foei1b.png,0,test
0.00028813828,0.009221587,0.0006787966,0.00057563785,0.0010658681,0.001786537,0.0030228607,0.004565819,0.006604168,0.008321729,0.010689875,0.013264185,0.015235154,j35yrg29.png,0,test
0.00092464185,0.013306686,0.0017302455,0.00158326,0.002673353,0.0044776006,0.008197796,0.01424751,0.024416357,0.03473427,0.052677866,0.081070215,0.10021545,j3e50cii.png,0,test
0.00061391265,0.011366391,0.0011873975,0.0011561327,0.0019076983,0.0032395585,0.005908095,0.009976884,0.016851913,0.02351633,0.033965077,0.049427647,0.060167637,j48hwxv4.png,0,test
0.0009002119,0.013253094,0.001776572,0.0015816841,0.002587709,0.0042919656,0.0077555594,0.013370646,0.023057004,0.032936353,0.050088704,0.077260934,0.09744939,j4btiid2.png,0,test
0.00030546624,0.009307895,0.00069906673,0.0006344514,0.0011069376,0.0018671585,0.0032749055,0.0053278035,0.008602236,0.01157056,0.016422749,0.024011984,0.032431807,j4pnjy1o.png,0,test
0.00031512725,0.009372916,0.00083266536,0.0006846928,0.0011468265,0.0019103071,0.0032666419,0.00495603,0.0072050774,0.009232267,0.012307426,0.016464902,0.020069592,j4wizwqk.png,0,test
0.0003211217,0.009253032,0.0007819289,0.00070025556,0.0011825997,0.001986461,0.0034508992,0.0054394663,0.008392354,0.011242302,0.015766982,0.02294699,0.03154808,j5ze5laj.png,0,test
0.00049158925,0.0104989465,0.0013749202,0.0010954587,0.0015437456,0.0025355958,0.0044251303,0.0071764337,0.011516465,0.015770324,0.022089595,0.03114078,0.03972555,j62jtc8y.png,0,test
0.000499116,0.011406492,0.00090138195,0.0008289883,0.0016569332,0.0027050134,0.0045810044,0.0071909283,0.011331755,0.015168994,0.02068571,0.028370507,0.03357455,j6jmlbcj.png,0,test
0.00028942325,0.009030225,0.0006676625,0.0005935679,0.0010572849,0.0017760915,0.0030807098,0.0048124073,0.007165156,0.00924471,0.0122032855,0.015837481,0.019143222,j6ubrw9b.png,0,test
0.00030431803,0.009555732,0.0007393311,0.00058612786,0.0011241935,0.0018685017,0.003153047,0.0047395267,0.0068914713,0.008774362,0.011695167,0.015442028,0.018597389,j725u033.png,0,test
0.00031051127,0.008470428,0.000775519,0.000655707,0.0010741093,0.0017740512,0.0030557024,0.004910933,0.008074221,0.011349634,0.01651675,0.023872111,0.030642692,j78gf24s.png,0,test
0.00030812324,0.009537667,0.0006852538,0.00055008515,0.0011151396,0.0018484461,0.0031654208,0.0049012424,0.007419451,0.009645193,0.0128876725,0.016952017,0.019535178,j7fl3i34.png,0,test
0.0009519382,0.013539586,0.0018636844,0.0016478427,0.002693138,0.0044688946,0.008096022,0.013928337,0.023946567,0.034379613,0.05303633,0.08230702,0.10232461,j9asdbs6.png,0,test
0.00032499325,0.00957818,0.0007637169,0.0006740664,0.0011313064,0.0018881514,0.0033193075,0.005444513,0.008642353,0.011536809,0.01618671,0.022902973,0.029895827,j9m61y4i.png,0,test
0.0003924483,0.0107956845,0.00095980364,0.0007709455,0.0013521867,0.0022560728,0.003928933,0.006206882,0.009591038,0.012691686,0.017358337,0.023892391,0.03039515,j9vicm3g.png,0,test
0.00038321482,0.010314626,0.0007790739,0.00066000316,0.0013457122,0.0021921028,0.0036989427,0.0057147387,0.008648774,0.011300479,0.015487585,0.021063764,0.025481505,ja2qi54h.png,0,test
0.00030845893,0.009452404,0.00073432626,0.0006267322,0.0011403953,0.0019092556,0.0033156208,0.0052195955,0.007837297,0.009926899,0.012901161,0.017118562,0.020609083,ja6pntej.png,0,test
0.00091210054,0.013521749,0.001672612,0.0015169191,0.0026029437,0.0043183025,0.007843878,0.013348047,0.022515368,0.03199978,0.048207253,0.07346731,0.09040962,jasw35fb.png,0,test
0.00039936256,0.010528794,0.000929603,0.00078764185,0.001352877,0.0022681488,0.0040172385,0.0067237196,0.0108925,0.01484286,0.021173926,0.030300977,0.04005665,jbg87g36.png,0,test
0.00033275274,0.009659203,0.00080479577,0.00070466084,0.0011952824,0.0020116093,0.0034814405,0.0054527586,0.008372044,0.011038491,0.01525115,0.021783305,0.028444244,jcdciuza.png,0,test
0.0002924485,0.009120727,0.00065712037,0.0006116245,0.0010546866,0.001760027,0.0030656003,0.0048282174,0.0074111666,0.0097265905,0.013399189,0.018769667,0.0244368,jcrw9a8r.png,0,test
0.0003305243,0.009368618,0.0008677301,0.00072920305,0.0012289224,0.0020722547,0.0035850417,0.0056858105,0.009044768,0.012298611,0.017320793,0.025209054,0.034039136,jcs5f98s.png,0,test
0.00035572497,0.010041899,0.0007199315,0.00061517116,0.0012930686,0.0021802234,0.0038752686,0.0063720457,0.010478616,0.014507272,0.021587657,0.032618955,0.041491006,jdmmco5n.png,0,test
0.00032754897,0.009792944,0.00075423025,0.00059952476,0.0012160551,0.0020385962,0.0035397746,0.0055589727,0.0083824815,0.010846133,0.014320133,0.01872427,0.022132596,jdqi8mrn.png,0,test
0.00028858986,0.009353185,0.0006788695,0.0005521224,0.001074746,0.0018028569,0.0030570948,0.004697247,0.0070239636,0.009090814,0.012172299,0.016090767,0.01935119,jeda5t0u.png,0,test
0.00034263602,0.009889484,0.0008232771,0.00063593703,0.0012277185,0.002023639,0.0033998776,0.0052266866,0.0079187,0.010382793,0.014022061,0.018435102,0.021178843,jf3arx4i.png,0,test
0.00041818278,0.010459983,0.0008965862,0.0007373174,0.0014732751,0.0023591935,0.0039077573,0.0059745065,0.009306744,0.012672899,0.018199392,0.026235178,0.03316399,jf3ge6kr.png,0,test
0.00026406607,0.008929107,0.00066025305,0.0005331614,0.00097034435,0.0016169328,0.002789879,0.0043602753,0.006622899,0.00845144,0.0110770585,0.0142429555,0.016989825,jfczwkgu.png,0,test
0.0003437038,0.00989652,0.00084632286,0.0006723886,0.0012665477,0.0021124813,0.0036041115,0.0055468036,0.008429893,0.010917096,0.0142357005,0.0184464,0.021543002,jfy7kbgj.png,0,test
0.00064667955,0.012060292,0.001707543,0.0013699959,0.0022674892,0.0037438201,0.0065108025,0.010460032,0.016792472,0.023170866,0.034377757,0.0528393,0.07100581,jge0utx7.png,0,test
0.0003716824,0.010579122,0.00078982033,0.0006978901,0.0013101475,0.002220867,0.003960757,0.0065642064,0.010429334,0.014170604,0.02020429,0.029550591,0.03821054,jgn5nuzl.png,0,test
0.00028756863,0.009334007,0.00063944695,0.00057446345,0.0010602818,0.001793286,0.0031337263,0.0048950906,0.0074771405,0.009685972,0.012590822,0.016582256,0.02041767,jgzcy4ml.png,0,test
0.00029874136,0.009106832,0.00065118383,0.0006122892,0.0010884876,0.0018170743,0.003157666,0.0050447984,0.007895324,0.010479338,0.014288845,0.01946209,0.024997,jhjzq9w2.png,0,test
0.0002961364,0.009239483,0.0006628066,0.00060620555,0.0010719132,0.0017894206,0.0030437552,0.0046634693,0.0068606106,0.008644591,0.011138107,0.014498688,0.017501742,jhrrrsuy.png,0,test
0.00038207884,0.010316247,0.0006708317,0.00059815473,0.0013205041,0.0021696235,0.0037121212,0.005783084,0.008915764,0.0118835,0.016725358,0.02322525,0.027960032,jirr1v5v.png,0,test
0.0003082819,0.009365111,0.00068969023,0.0006136146,0.0011519467,0.0019397027,0.0033240383,0.0051508946,0.007728323,0.010005284,0.013662822,0.019218443,0.025684007,jiuoiz6a.png,0,test
0.00028702218,0.009267658,0.00066088006,0.0005732893,0.0010362023,0.0017138231,0.0028861975,0.0044222493,0.0065102405,0.00834355,0.010884471,0.014092619,0.016818076,jixl7vsk.png,0,test
0.0008825848,0.013305863,0.0015767858,0.0014669435,0.0025321366,0.0042246194,0.0076858806,0.013126297,0.02225077,0.031560432,0.04728073,0.071216375,0.08706887,jju9705j.png,0,test
0.00031894707,0.009786718,0.00077796134,0.0006324483,0.0011372116,0.0018848012,0.0032030111,0.004928651,0.0073735784,0.009590235,0.012911195,0.01751861,0.021036979,jkzp2jpe.png,0,test
0.00034262447,0.009914638,0.00066639297,0.00058748055,0.0011817527,0.0019324138,0.0032946563,0.005171174,0.0080717355,0.010736809,0.0147938635,0.020238373,0.023926822,jl21dv63.png,0,test
0.00092904636,0.013408862,0.001928021,0.0016135565,0.002681634,0.0044819512,0.008143093,0.013966728,0.023665655,0.033491567,0.050467994,0.0770316,0.094457164,jm6gct1a.png,0,test
0.0002980111,0.009438194,0.0007215248,0.00057845324,0.0010783713,0.0017834055,0.003000908,0.00452284,0.0065688477,0.008326115,0.010727194,0.013605846,0.015606098,jn6b8xy5.png,0,test
0.00029253284,0.009370296,0.000668439,0.00057776365,0.0010587018,0.0017682129,0.0029907024,0.0045191357,0.0064941263,0.008292691,0.011028326,0.014869911,0.018115489,jnpaxxhz.png,0,test
0.0004033354,0.010495075,0.00076595694,0.00068660936,0.0013861371,0.0022799815,0.003944404,0.0063658585,0.010127239,0.013386735,0.018399876,0.024983274,0.02946172,jnzobfkr.png,0,test
0.00028405493,0.009165418,0.0006813837,0.00056449295,0.0010446652,0.001750611,0.0030174493,0.004679422,0.0071256836,0.009262903,0.012372718,0.016615946,0.020339593,jokbzvyx.png,0,test
0.0009905434,0.013532546,0.0021584153,0.0016788059,0.002802056,0.0046601123,0.008444925,0.014355569,0.024113748,0.033997536,0.050580934,0.07556411,0.09308874,jpm9qe90.png,0,test
0.00029740305,0.009403111,0.00062459306,0.0005444889,0.0010672318,0.0017429155,0.002911701,0.004403652,0.0063951323,0.008029615,0.010343057,0.013412793,0.015428481,js8sbwt8.png,0,test
0.0003169926,0.0093785105,0.00072461495,0.000665382,0.0011792441,0.0019791888,0.0034011223,0.0053179734,0.007853156,0.010093425,0.013406621,0.01804355,0.022334773,jsg49lpy.png,0,test
0.0003261852,0.009900355,0.00079732196,0.00061493414,0.0011837616,0.0019623577,0.0032640041,0.004868405,0.00715118,0.009124886,0.011747415,0.0149303,0.01743907,jsn3yz28.png,0,test
0.00028408802,0.009130382,0.0007129132,0.000559184,0.0010483076,0.0017513031,0.0030294207,0.0045766467,0.0066352487,0.008534077,0.011320451,0.014809162,0.01752997,jtjlnjht.png,0,test
0.00056104513,0.010283337,0.0014449046,0.001273815,0.0017473036,0.0029815314,0.0054592825,0.009383441,0.016031798,0.022599969,0.0330456,0.04877546,0.062117405,jtwwwqi4.png,0,test
0.0006234945,0.010411925,0.0016817878,0.0014650039,0.0019111681,0.003257505,0.0060600177,0.010395517,0.017474234,0.024550999,0.03587922,0.053159222,0.06783449,jtz87358.png,0,test
0.00033867688,0.009744406,0.0008295221,0.000719906,0.0012187638,0.0020579475,0.0036275839,0.0058405455,0.009162118,0.012213669,0.01720808,0.025272412,0.034349337,ju7dddby.png,0,test
0.00031328297,0.009327807,0.000786849,0.0006501085,0.0011550154,0.0019379958,0.0033134548,0.005102494,0.0076989406,0.010138576,0.013702297,0.017911198,0.02140089,juae0ka3.png,0,test
0.00034449797,0.009964724,0.0007297179,0.00062046625,0.0012320678,0.0020406558,0.0034842407,0.005469623,0.008685363,0.011472652,0.015754297,0.022089833,0.02766558,jvb965gz.png,0,test
0.00029208485,0.009097743,0.000667382,0.00059863244,0.0010690114,0.0017819268,0.003014694,0.0046231337,0.006906033,0.008947221,0.011843567,0.015199617,0.018038567,jvvh3t8x.png,0,test
0.00032029368,0.009672911,0.0007513311,0.0006008859,0.0011732655,0.0019675265,0.0033481747,0.005131686,0.007722949,0.0101341205,0.013849143,0.018861234,0.023256147,jvx8cemn.png,0,test
0.0009395635,0.013377634,0.0022128334,0.0017072922,0.0026337847,0.004357906,0.007958746,0.013910251,0.02439466,0.03555827,0.05499133,0.08520846,0.10648279,jvz0g1c3.png,0,test
0.00032527285,0.009546794,0.0008441883,0.00068201363,0.0011793493,0.0019762767,0.0034550843,0.005544583,0.008991394,0.012160618,0.016988134,0.024148962,0.031648796,jwf1ubv9.png,0,test
0.0002965331,0.009219296,0.00069526955,0.0006150475,0.00107596,0.0017900594,0.0030192109,0.004600255,0.006844927,0.008877253,0.01178986,0.015615471,0.019015169,jwm1wuvw.png,0,test
0.00037580542,0.010087538,0.00076572824,0.00062735024,0.0013100302,0.0021592418,0.0037305984,0.0059460746,0.009341099,0.01254726,0.017196104,0.023552887,0.028503288,jxnjts3r.png,0,test
0.00029909326,0.009126481,0.00077320705,0.000634758,0.0010806927,0.0017917128,0.003029406,0.0046150344,0.0067629437,0.0086954655,0.011287161,0.014586392,0.017102595,jy0703cs.png,0,test
0.0003568305,0.010006915,0.00074836484,0.000651028,0.0012362549,0.0020319766,0.0034515797,0.0053411126,0.008304897,0.011153607,0.015637359,0.02241956,0.028567847,jyjqaru1.png,0,test
0.00029649027,0.009097065,0.00078826345,0.0006445165,0.0011083303,0.0018430288,0.003104346,0.0046489364,0.006837884,0.008853472,0.01191041,0.01615511,0.019692987,jynzkgqh.png,0,test
0.0003456097,0.009462256,0.0008904183,0.00077817077,0.0012838796,0.0021823724,0.003775373,0.0059523806,0.009371323,0.012595209,0.017665649,0.025495006,0.034025688,k06et31y.png,0,test
0.0002952441,0.009439609,0.0007159267,0.00058006117,0.0010673039,0.0017732272,0.0030248705,0.0046914974,0.007205487,0.009551963,0.013036334,0.017583363,0.020907383,k0pqs2fn.png,0,test
0.00032439164,0.009490922,0.00080419466,0.0006727343,0.0012263682,0.0020732677,0.0035838718,0.005541785,0.008335214,0.010899942,0.01486788,0.020442916,0.02565772,k0s3jwjp.png,0,test
0.00031121986,0.009200958,0.0008632423,0.0006698358,0.0011622736,0.0019642576,0.0033662408,0.0051512066,0.007642572,0.009926405,0.013139443,0.017088909,0.020148171,k1qhu7pw.png,0,test
0.00030920844,0.009697924,0.0007333306,0.0006206461,0.0010945009,0.0018036214,0.0030370157,0.004625967,0.006819448,0.008744026,0.011565921,0.015414946,0.018675301,k221qm79.png,0,test
0.00027804583,0.009086221,0.0006675602,0.0005504559,0.0010165038,0.0016903592,0.0028668786,0.004359531,0.006545472,0.0084292935,0.011065614,0.014652673,0.017939093,k26gfxam.png,0,test
0.00033726243,0.009827165,0.00070127554,0.0005799826,0.0012319456,0.0020662346,0.0035659736,0.00563395,0.008794832,0.0117413765,0.016324254,0.022628622,0.027643913,k26yy6rc.png,0,test
0.0002884333,0.009176735,0.00067744224,0.00057912664,0.0010626968,0.001784295,0.0030731468,0.004769622,0.0075118644,0.01012504,0.013943077,0.019089386,0.024241617,k2kdxzmw.png,0,test
0.00030739993,0.0094282115,0.00071088725,0.00064757036,0.0011295555,0.0018782842,0.0031957729,0.0048564174,0.007043918,0.0087882485,0.011190952,0.014311832,0.017131137,k32rgwhg.png,0,test
0.00028921946,0.008892735,0.00065508485,0.00062712375,0.0010535633,0.0017631142,0.0030384858,0.004797656,0.0075022746,0.010048136,0.014160694,0.020320509,0.02714917,k35hxdoc.png,0,test
0.00039686292,0.01022637,0.0007700308,0.00070688897,0.0013336824,0.0022082499,0.0038388271,0.0060904506,0.009644845,0.01312677,0.018419227,0.02585299,0.032383125,k3n4jaki.png,0,test
0.00039983648,0.010505845,0.00089834206,0.00077182247,0.001360501,0.00227889,0.004004919,0.006449587,0.010131086,0.0137289725,0.019268395,0.02703059,0.03415141,k3vvwefc.png,0,test
0.00031316082,0.009475474,0.00070657267,0.0006355896,0.0011437126,0.0019071184,0.0032783714,0.0051614973,0.007920753,0.010426462,0.014547283,0.020817155,0.02688686,k48m3m0x.png,0,test
0.00033582174,0.009707861,0.0007396194,0.0005790586,0.0012101458,0.0019842142,0.0033246798,0.0051458203,0.007993104,0.010604293,0.014457641,0.019551488,0.022908911,k5qvay81.png,0,test
0.0003805203,0.010226286,0.0007673529,0.0006477317,0.0012845682,0.0021006211,0.0035770636,0.0056064907,0.008889354,0.012167766,0.017564125,0.025499951,0.032475602,k5rvlnwq.png,0,test
0.00036730678,0.010172733,0.0007162265,0.00062030915,0.0012715715,0.0020666379,0.003453749,0.005212406,0.00777615,0.010078321,0.013565625,0.018274253,0.02113299,k5z3gm5c.png,0,test
0.0004148367,0.010381921,0.00076923176,0.0007221098,0.001374735,0.00220916,0.003763621,0.005939415,0.009257155,0.012472,0.017674783,0.025133723,0.031427793,k70ff8ba.png,0,test
0.00040381114,0.010728178,0.00078422274,0.00075252634,0.0013783072,0.0022696839,0.0038806833,0.0061318506,0.009608797,0.012745505,0.017473131,0.024376232,0.03052052,k7hb87ws.png,0,test
0.00030142817,0.008967869,0.0007068762,0.00064294296,0.0011225037,0.0018792538,0.0032013692,0.0049653323,0.0074863457,0.009809354,0.013431554,0.018510344,0.024042156,k7p0dt79.png,0,test
0.0002952365,0.009223667,0.0007289022,0.00060787454,0.0010649748,0.0017680905,0.0030413999,0.0047358735,0.0072523993,0.00952876,0.012972132,0.01753421,0.021779494,k89l1e89.png,0,test
0.00039328236,0.010326135,0.00080771156,0.0006763298,0.0013849431,0.002283334,0.0038892606,0.0060838717,0.009581318,0.013061161,0.01873014,0.028072868,0.037449203,k8ny0sb1.png,0,test
0.00033137898,0.00978575,0.0007314398,0.00059530255,0.0011714959,0.0019541413,0.0033859422,0.0053492715,0.008210303,0.010803646,0.014631977,0.019615522,0.023347922,k9e5s29l.png,0,test
0.00032465204,0.009334712,0.0008470059,0.0007171564,0.0011747499,0.0019730872,0.0033792008,0.0052903974,0.008222614,0.010997918,0.015054085,0.020870073,0.026651762,k9sz5qzu.png,0,test
0.0002961717,0.00935793,0.00079242117,0.0005847517,0.001091076,0.0018236637,0.003091196,0.0047358284,0.0071404064,0.00936425,0.012617136,0.016766591,0.020314073,ka48wvmj.png,0,test
0.00028981175,0.009048495,0.0006880688,0.00060845725,0.0010620793,0.0017799591,0.0030965053,0.0048603523,0.0074540316,0.009756705,0.013217345,0.017862048,0.021293096,kbts5hrc.png,0,test
0.00031693451,0.009322803,0.00078570686,0.0006663417,0.0011483632,0.0019630443,0.0035083592,0.005789972,0.009732591,0.013512785,0.019348592,0.028367497,0.03780005,kch9r6hv.png,0,test
0.00034913994,0.009998855,0.00066502555,0.00058352115,0.0012320047,0.002041383,0.0035280993,0.0055211755,0.008424461,0.011117502,0.015034708,0.020511033,0.024473464,kcy0b5xh.png,0,test
0.00032856158,0.009563745,0.0007555489,0.000678102,0.0012256259,0.0020761532,0.0036034477,0.0056729307,0.008815512,0.011771416,0.016340604,0.02335021,0.029573828,kd4lp10x.png,0,test
0.00032393605,0.009734702,0.0006738656,0.0006341256,0.0011360364,0.0018734537,0.0031796356,0.004925221,0.007452413,0.009855894,0.013646086,0.019353112,0.02447345,kdgx0yoj.png,0,test
0.00028883046,0.009200896,0.0006433191,0.0005831831,0.0010578168,0.0017888679,0.0031259728,0.004883902,0.007320985,0.009382401,0.012325442,0.01606807,0.019589819,kdxt3u6o.png,0,test
0.00043471315,0.010707213,0.0008987976,0.0007645509,0.0014466593,0.0023694634,0.004018055,0.006284585,0.009955687,0.013534281,0.019399157,0.028282253,0.03568372,ke5afoz8.png,0,test
0.00031955983,0.009405595,0.0008031955,0.00065141893,0.0011520413,0.0019722062,0.0036129144,0.0061717895,0.010745153,0.015523497,0.023596408,0.036026016,0.046655852,kfc2e0q8.png,0,test
0.00032012773,0.009947022,0.000762716,0.0005839465,0.0011286151,0.0018796003,0.0031964763,0.0049317316,0.0075230626,0.009880271,0.013651273,0.019145345,0.024370758,kfcqjuku.png,0,test
0.00041275364,0.010637914,0.0008833786,0.0007884919,0.0013456602,0.0021721555,0.0036408454,0.0056362743,0.008670963,0.011486736,0.01571697,0.021420233,0.025327446,kg1qe1e4.png,0,test
0.000266815,0.00809059,0.00068472436,0.00059958943,0.0009489414,0.0015869697,0.0027834754,0.004500927,0.0072946046,0.010117117,0.014488665,0.020443706,0.025681643,kgdwnsk7.png,0,test
0.00036715693,0.010206597,0.00088845927,0.00076089986,0.0012809151,0.0021528206,0.0037963253,0.0061266967,0.009495628,0.0125932805,0.01748165,0.025090631,0.032709125,kgmbaxur.png,0,test
0.0003729187,0.010213438,0.0007335492,0.0006815006,0.0013558973,0.0022793282,0.0039737565,0.0062283264,0.009525004,0.0124236625,0.017016672,0.023926139,0.03012983,kgsaiqos.png,0,test
0.00035299864,0.010306379,0.0007960983,0.0006932214,0.001224803,0.0020253926,0.003498049,0.005535774,0.008478688,0.011046646,0.014897672,0.020377083,0.02529981,ki7h3xao.png,0,test
0.00034021493,0.009790867,0.00072011293,0.00062697165,0.0011828956,0.0019543986,0.0033334084,0.005266758,0.008268849,0.011103236,0.015292427,0.02099855,0.025339596,kitc9w21.png,0,test
0.0002935866,0.009312498,0.0007159331,0.0005784065,0.0010863714,0.0018242379,0.0031108828,0.004762885,0.0069969087,0.008793533,0.011214899,0.014511114,0.017484823,kiydfjyi.png,0,test
0.00031690253,0.009502746,0.0007422897,0.0006555447,0.0011566072,0.0019480041,0.0033908514,0.005342215,0.008355851,0.011163373,0.015348454,0.021547958,0.02764753,kizlw00n.png,0,test
0.0003180466,0.009630683,0.00073840714,0.00063197233,0.0011619388,0.0019345505,0.0032724966,0.0049380194,0.007209801,0.009103279,0.011875502,0.015725179,0.018597642,kj20z0e6.png,0,test
0.00031816895,0.009421624,0.00083870726,0.00066649844,0.0011830092,0.0019773922,0.0033898526,0.0052642645,0.008168154,0.01085023,0.014662814,0.020132508,0.02535981,kjf8fzpc.png,0,test
0.000337052,0.009667694,0.00087707606,0.00071671885,0.0012293014,0.0020861959,0.0036750862,0.005885149,0.009343593,0.0126569,0.018075174,0.026340663,0.035758592,kjxjq5nv.png,0,test
0.00034284935,0.009620331,0.00090426765,0.00071043224,0.001231615,0.0020980276,0.0036459926,0.0057695014,0.008715485,0.011221845,0.015090012,0.020752903,0.026628705,kkhzlm72.png,0,test
0.00032018812,0.0097010685,0.0006959983,0.0006238017,0.0011618476,0.0019140106,0.003200748,0.0047946223,0.0070367414,0.008889397,0.011463803,0.014754923,0.01784789,kl5cpivx.png,0,test
0.00091019337,0.013336318,0.0018025136,0.0015225023,0.0026090636,0.0043172245,0.007769999,0.013210939,0.022220738,0.031317163,0.046771407,0.07026537,0.08583209,kmmoczk4.png,0,test
0.0003777978,0.010385497,0.0007979733,0.00065707526,0.0012707394,0.0021135155,0.0037201534,0.006096075,0.009907693,0.0134341065,0.018673405,0.025735503,0.032431934,kmtb892s.png,0,test
0.00036956652,0.010285343,0.0008420643,0.00066596194,0.0012991868,0.002106794,0.0035156324,0.0054251202,0.008363647,0.010967604,0.014803991,0.019880466,0.023496294,kmwqik3c.png,0,test
0.00034629588,0.009823972,0.00070299953,0.00061601197,0.0012368786,0.0020266206,0.003434785,0.005375438,0.00830275,0.010969176,0.014875929,0.019842144,0.023650683,knhmfh8c.png,0,test
0.00027046996,0.009142548,0.00063207134,0.00053282845,0.0009833849,0.0016324917,0.00277924,0.004212086,0.006248779,0.008062949,0.01066612,0.014024379,0.016883738,knn520up.png,0,test
0.00032460358,0.009784952,0.0007594453,0.00062521483,0.001189717,0.001981651,0.0033691789,0.0051543685,0.007832837,0.010197469,0.013601763,0.017863542,0.021952346,knxidrd0.png,0,test
0.0002793093,0.009050417,0.00068518746,0.00057941093,0.0010227488,0.0017083777,0.0029726909,0.00466055,0.00690821,0.008852579,0.011858691,0.016334806,0.02063256,kpf3uz3a.png,0,test
0.000314337,0.009621957,0.0007717203,0.00063715497,0.0011339127,0.0018921159,0.003260772,0.005099618,0.0078108506,0.010306214,0.014245748,0.020322865,0.026168771,kpjg9nk4.png,0,test
0.0003231367,0.009347321,0.0008312442,0.00069560815,0.0012082831,0.0020430668,0.0035067657,0.005476223,0.008403841,0.011140975,0.015223988,0.021480437,0.0282287,kpng9948.png,0,test
0.00039762116,0.010343766,0.0009089998,0.00076342496,0.0013200599,0.0021346516,0.0035823246,0.005520315,0.00846864,0.011394816,0.016252344,0.024615234,0.03390308,kpntpxa8.png,0,test
0.0003242558,0.009940399,0.000751867,0.0006657226,0.0011394037,0.0018707728,0.0031684733,0.004992229,0.0077512804,0.010161522,0.014038691,0.019492777,0.024983464,kps73ilo.png,0,test
0.00036524696,0.009880752,0.00085414154,0.00076738745,0.0013224969,0.002227006,0.0038412989,0.0060780626,0.009461416,0.012809694,0.018457137,0.027647862,0.037516207,kpsk8niv.png,0,test
0.00029183022,0.008876752,0.00065586297,0.00062470045,0.0010816033,0.0018150678,0.0030975111,0.0047540725,0.0069805826,0.008871583,0.011709842,0.015626285,0.01912045,kpwdmj3z.png,0,test
0.0009411877,0.01339458,0.0017915161,0.0016075134,0.0026810886,0.0044503547,0.0080811605,0.013921993,0.023788335,0.034033004,0.051934954,0.08018781,0.09992017,kq0k1bdn.png,0,test
0.00032464607,0.009264569,0.0008276849,0.00071755797,0.0011629602,0.0019507324,0.003403919,0.0053926976,0.008215178,0.010822714,0.0147744315,0.02050859,0.026361916,kr79u2c3.png,0,test
0.0006111584,0.011253405,0.0023998606,0.0012685702,0.002052193,0.003209851,0.00538375,0.00860931,0.014028215,0.019496463,0.02833978,0.040546533,0.05154009,ksj7ivk0.png,0,test
0.00037619108,0.010125975,0.0010412354,0.00081905216,0.0013345813,0.0022406266,0.0038764356,0.0061624036,0.00990466,0.013584983,0.019400537,0.029211892,0.038918644,ku3fvzgi.png,0,test
0.0003208987,0.009568731,0.0007856529,0.0006474703,0.0011862257,0.0020021058,0.0034297302,0.0052687675,0.007764954,0.0099652205,0.013188916,0.017383464,0.02131995,kv6jio0r.png,0,test
0.00028538879,0.009283911,0.0006404247,0.00057485956,0.0010360666,0.001728723,0.0029591713,0.0045272433,0.006546743,0.00824878,0.010715873,0.013887835,0.016711034,kvc4gtjs.png,0,test
0.00032282568,0.009690547,0.0007076476,0.0005776326,0.0011919176,0.0019909933,0.0034514316,0.0055779014,0.008947494,0.012058406,0.017293843,0.02511557,0.03204963,kvl1c5nd.png,0,test
0.000335962,0.00989644,0.00074999616,0.00061460596,0.001199647,0.001978696,0.0033545648,0.005205467,0.008039554,0.010508625,0.013945662,0.01814439,0.021094,kwcb3gjw.png,0,test
0.00031114995,0.009574708,0.0007483284,0.00058222987,0.0011307945,0.001867596,0.0031358348,0.004827108,0.0073383343,0.009653769,0.013210685,0.01831397,0.022744,kwi75hwg.png,0,test
0.00031808516,0.009402267,0.0008505451,0.0006943148,0.0011600085,0.0019283447,0.0032649862,0.005050561,0.0076610204,0.010038328,0.013604317,0.01880129,0.02382303,kwpiay6b.png,0,test
0.00031503048,0.0094191125,0.0008362991,0.0006657828,0.001161322,0.0019567218,0.003381666,0.005271578,0.008054374,0.010564103,0.0145275835,0.02039318,0.025468543,kxaqzxub.png,0,test
0.00032737042,0.009407294,0.00083829026,0.00071576884,0.0011703697,0.0019496722,0.003369135,0.0052234526,0.0076952493,0.009831745,0.012909112,0.016898386,0.020509895,kxglfzij.png,0,test
0.00037951872,0.010176096,0.00067851774,0.00064610544,0.0013371488,0.0021713134,0.003655494,0.0056390637,0.008606475,0.01129699,0.015494218,0.021421922,0.026197787,kxuo6xg2.png,0,test
0.00033483165,0.00947137,0.0008361429,0.0007291464,0.0012512102,0.0021003287,0.0035457378,0.0053537786,0.007900281,0.010136607,0.013604042,0.01836146,0.022254618,ky6ewjc8.png,0,test
0.00024737438,0.007969704,0.0008875465,0.0005829146,0.0008855213,0.0014923642,0.0026231275,0.004283067,0.0070503703,0.010019692,0.015049069,0.022483913,0.030277599,ky6kdjlh.png,0,test
0.00027997603,0.00895949,0.0006881568,0.00056663656,0.0010389102,0.0017380151,0.0029948575,0.004634822,0.0068375226,0.00863083,0.011021245,0.014009001,0.016526388,ky87q19u.png,0,test
0.00031673568,0.00955122,0.00067190116,0.0006416732,0.0011551991,0.0019402914,0.0033670522,0.0053349496,0.008196294,0.0109744035,0.015434948,0.02223479,0.028245617,kydvrzag.png,0,test
0.00028487295,0.009264635,0.0006378889,0.00056905265,0.0010425745,0.0017427355,0.0029963907,0.0046495115,0.0068619284,0.008770505,0.0115599,0.0153138535,0.018453307,kz24i11q.png,0,test
0.0003079548,0.009354217,0.00078070816,0.0006522936,0.0011153466,0.0018643426,0.0032655785,0.0052032964,0.007932663,0.010423411,0.0142010255,0.019604892,0.023835924,kz7ckxom.png,0,test
0.00037292278,0.010202245,0.00073497737,0.0006148017,0.0012632753,0.002042734,0.0034741706,0.0054368293,0.008350636,0.011085936,0.015338938,0.02115564,0.02537762,l172dp7m.png,0,test
0.000377645,0.009817991,0.0011445625,0.00086676824,0.0013434017,0.0022841601,0.0040714615,0.0067235054,0.010437492,0.014050854,0.019849569,0.028037667,0.036540017,l1seruoy.png,0,test
0.00035043168,0.010035953,0.00081055454,0.0006163996,0.001275726,0.0021144375,0.0035863752,0.0054788464,0.008298892,0.010830266,0.014388471,0.01910302,0.022658233,l3v2tqt0.png,0,test
0.00034080434,0.009749505,0.00081807387,0.00069931365,0.001223774,0.0020547574,0.003614146,0.0057728463,0.009026641,0.012030901,0.016867891,0.024859196,0.033060383,l42v5x36.png,0,test
0.00041982968,0.010639137,0.001077167,0.0008663575,0.0014259932,0.0024022593,0.004268476,0.0069806757,0.010803663,0.0145502575,0.020657873,0.029366162,0.037763618,l4lqjlax.png,0,test
0.00027757458,0.009115576,0.000655602,0.00054797204,0.0009924739,0.0016482293,0.002831682,0.004358985,0.0064687324,0.008327906,0.011015098,0.014409816,0.017286686,l6biv0z5.png,0,test
0.00038044585,0.010299465,0.0007232739,0.0006308956,0.0013166597,0.0021444936,0.0036538506,0.005755321,0.009067783,0.012247585,0.017187476,0.02411564,0.029375736,l74c5zg8.png,0,test
0.00031845891,0.009278085,0.00081349275,0.0006962958,0.0011534577,0.0019429397,0.0033685493,0.005331901,0.00850721,0.01171987,0.016827637,0.024941621,0.0339747,l9r5qq12.png,0,test
0.00032988997,0.009622826,0.0007670308,0.0006839794,0.0012182088,0.0020377908,0.003468317,0.0052284608,0.0076761204,0.00978936,0.012895056,0.017034367,0.020588351,la6m04yp.png,0,test
0.00031762404,0.009740164,0.000762168,0.0006287098,0.0011419216,0.0019035129,0.0031970032,0.0048116287,0.007119962,0.009137942,0.011964,0.015875736,0.019138062,la9txgsb.png,0,test
0.0002881762,0.009184093,0.0006810148,0.0005722861,0.0010566883,0.0017673628,0.003019928,0.004653159,0.007008501,0.00914424,0.012247925,0.016325645,0.019733565,layke3zc.png,0,test
0.0003372796,0.009649154,0.00081097864,0.00073305867,0.0012413638,0.002069904,0.003528221,0.0054422575,0.008052088,0.010427912,0.013902746,0.018665679,0.022390546,lb8f15v2.png,0,test
0.0006692941,0.012227324,0.0017979001,0.0014140886,0.002392622,0.003964472,0.00687884,0.011038227,0.017761972,0.02420944,0.034844678,0.052586284,0.06957134,lbo9ewo7.png,0,test
0.00040077162,0.0105092805,0.00070004724,0.0006357878,0.0013758668,0.0022536174,0.003905796,0.0062863105,0.0102040935,0.014115048,0.020543614,0.03007781,0.038849417,lbr043fo.png,0,test
0.00028665343,0.009286433,0.0006401577,0.0005658542,0.0010430296,0.0017336104,0.002932554,0.0044965395,0.006596514,0.00843133,0.0111810565,0.014819486,0.01784593,lcljz9kv.png,0,test
0.00030257943,0.009495514,0.0006725074,0.00060750125,0.0011153818,0.0018673787,0.0032337888,0.0051035667,0.007764917,0.010160019,0.014051837,0.019991385,0.026224192,ldc08fc0.png,0,test
0.00039002046,0.010426482,0.0008106314,0.00069701736,0.0013217962,0.0022196479,0.003909683,0.00634243,0.009924863,0.01326565,0.018091926,0.024725432,0.030439323,lf2n3utg.png,0,test
0.00051936886,0.010730683,0.0018022634,0.0010710531,0.0018100857,0.0028647713,0.0047978144,0.0075430013,0.011915999,0.016256442,0.02306232,0.032485545,0.0413717,lf8qvjqs.png,0,test
0.00040117992,0.010534816,0.0008734989,0.0007035663,0.0014093918,0.0023178598,0.0039186277,0.0060818456,0.009333881,0.012278478,0.016464865,0.021424236,0.024968067,lfix91zs.png,0,test
0.00031992682,0.009718243,0.0006548874,0.00057398656,0.0011580663,0.001922408,0.003271481,0.0050295023,0.0076037957,0.009797442,0.012954072,0.017374994,0.021995438,lfu0q2i7.png,0,test
0.0008768222,0.013213487,0.0015408697,0.0014470132,0.0025486462,0.0042780098,0.007817314,0.013540603,0.022937693,0.032442648,0.04889048,0.073957615,0.09092583,lfubbcro.png,0,test
0.00038101018,0.010303935,0.0007726896,0.00062675634,0.0013489657,0.0022510556,0.003910261,0.006240907,0.00996203,0.013571402,0.019250218,0.027129205,0.032321822,lgz215bt.png,0,test
0.00046640058,0.009200437,0.0014918175,0.0010501285,0.0015880201,0.002820013,0.005557427,0.009585857,0.017188866,0.025690475,0.04105514,0.06506528,0.09378524,lhzz81xp.png,0,test
0.000348562,0.010333394,0.00078786496,0.0006519807,0.0012169682,0.0020036874,0.0033822253,0.0052096224,0.007940168,0.010270916,0.013502428,0.017827362,0.021216637,liuds6u9.png,0,test
0.0005372861,0.011076864,0.0012838349,0.00092309486,0.0018018908,0.00302063,0.005309039,0.008736584,0.01469959,0.020670783,0.030958341,0.04895867,0.06823324,liydcx1r.png,0,test
0.00032416728,0.009616489,0.00078066945,0.00067420217,0.001176164,0.0019704332,0.0034034383,0.0053309877,0.008255242,0.010819442,0.014822526,0.020397505,0.026029287,ll1m9e34.png,0,test
0.0003098976,0.009433129,0.0007257668,0.0006221787,0.0011378294,0.0019313236,0.0033751964,0.005365456,0.0084670475,0.011469393,0.016365916,0.024191648,0.032374512,ll869b8h.png,0,test
0.00031052012,0.009397794,0.00070249574,0.00062786555,0.0011287819,0.0019043505,0.00331757,0.005132838,0.007586532,0.009836614,0.013227851,0.017827697,0.021959197,lm349el8.png,0,test
0.00040498612,0.010890157,0.00092962635,0.000772139,0.0013620168,0.00228696,0.0040494967,0.006520842,0.010067057,0.013335596,0.018181793,0.024541704,0.029848969,lmcpmvij.png,0,test
0.0009749656,0.013609475,0.0019654972,0.0016717333,0.0027523194,0.004549397,0.008152799,0.013832698,0.023347845,0.03331193,0.050619386,0.07742527,0.09576877,ln1xos46.png,0,test
0.00028833334,0.009339123,0.00064347265,0.00056244223,0.001044446,0.0017583622,0.003036598,0.0047172033,0.006965266,0.009017589,0.012173034,0.016353132,0.019898955,lnbohuxs.png,0,test
0.00029213607,0.00942449,0.00072677276,0.00058505667,0.0010595953,0.0017623099,0.0030148807,0.0046386626,0.0067381007,0.0085855145,0.011310029,0.014771345,0.017577434,lp7dgt60.png,0,test
0.0003106254,0.009240508,0.0008514461,0.00067362475,0.0011518011,0.0019245378,0.00327178,0.0050243014,0.0074853,0.009481346,0.0124815265,0.01672512,0.020822825,lpgwdq8n.png,0,test
0.0008994438,0.0135531165,0.0015494012,0.0014620177,0.0026258908,0.0044205063,0.008062277,0.013648123,0.02262832,0.031863082,0.04728942,0.07039777,0.084691204,lq5mp96k.png,0,test
0.00036708522,0.010099077,0.0009777296,0.0007922426,0.0012896983,0.0021865654,0.0039011277,0.006341238,0.010262864,0.014097114,0.020064406,0.029379947,0.03782111,lqk7uuna.png,0,test
0.00050048897,0.0105376,0.0014694728,0.0011292448,0.0015974633,0.0026566861,0.004657279,0.0076238527,0.012426855,0.01722194,0.024716688,0.036246806,0.047237348,lr13mwp1.png,0,test
0.000306143,0.009222058,0.0007691059,0.00065837597,0.0011249362,0.00187598,0.0031765364,0.0048328177,0.0070606386,0.009064051,0.011838504,0.015214431,0.017797688,lrnqn5qj.png,0,test
0.00034065146,0.00987425,0.00072751474,0.0006028158,0.0012549198,0.0021106568,0.0036708007,0.005755219,0.008808357,0.011457555,0.015107015,0.020236442,0.024710419,lrugy3rw.png,0,test
0.00040532558,0.010543521,0.00078746665,0.0007020116,0.001328634,0.0021414545,0.0036018873,0.0056001684,0.00870873,0.011549803,0.015943991,0.021600226,0.025210166,ls7uwded.png,0,test
0.00031190613,0.00927167,0.0008162007,0.0006482811,0.0011667919,0.0019376326,0.0032692505,0.005001781,0.0075151166,0.009829297,0.013315268,0.0178132,0.021707987,lt19yagg.png,0,test
0.00027830008,0.0092121605,0.0006815789,0.0005448389,0.0010126436,0.0016868403,0.002836198,0.0042580357,0.006235102,0.008024518,0.010638646,0.014020993,0.017023487,lt5m34vg.png,0,test
0.00032338162,0.009520108,0.0007944391,0.0006915157,0.0011765793,0.0019501497,0.0032890285,0.005012142,0.007478302,0.009534862,0.012632878,0.016991632,0.020145815,ltbzefvm.png,0,test
0.00034397712,0.010255739,0.0007489664,0.0006544539,0.0012309565,0.002045875,0.0035194766,0.0054813474,0.00823834,0.010720502,0.014379519,0.019566594,0.024766114,lupql3dh.png,0,test
0.0003553599,0.0099755265,0.00068231963,0.0005717836,0.0012372443,0.0020558573,0.003596466,0.0058063557,0.009241435,0.012221363,0.016732303,0.023166731,0.027951475,lwjh4ay4.png,0,test
0.0003805443,0.010224752,0.000719941,0.00067541376,0.0013454556,0.0022098026,0.0037828349,0.0059440224,0.0093060285,0.012382373,0.016896391,0.02280018,0.026674956,ly5w3rq6.png,0,test
0.00028321714,0.009085797,0.00060940225,0.000572921,0.0010196171,0.0016847278,0.0028525814,0.0043973112,0.0066124755,0.008704319,0.0119130565,0.015972862,0.019291013,lyg6d93w.png,0,test
0.00035025104,0.009722297,0.00093252043,0.0007768148,0.0012401742,0.0020761162,0.0036055404,0.005704221,0.008778051,0.011718427,0.016562583,0.023970822,0.03190716,m0kxanz9.png,0,test
0.00028858116,0.009150984,0.00068198435,0.0005585319,0.0010745714,0.0018151179,0.0031173462,0.0047547463,0.007128506,0.009234473,0.012110707,0.015598173,0.018137578,m0unjmaq.png,0,test
0.0003006581,0.009280087,0.0007475669,0.00063856586,0.0011112631,0.001863534,0.0031546075,0.0047734617,0.0069069252,0.008831467,0.011689905,0.015403845,0.018596368,m12rr05t.png,0,test
0.0006184271,0.01116724,0.0024737592,0.0012739565,0.0021455174,0.003410445,0.0058707437,0.009656637,0.016203625,0.02316906,0.03571096,0.05356158,0.06538935,m1883f7a.png,0,test
0.00037623852,0.010469399,0.000894627,0.0007189093,0.0012961345,0.0021423935,0.0037680287,0.0061552953,0.009673884,0.012888865,0.017647833,0.023871964,0.028630625,m1jlr5gr.png,0,test
0.00055715814,0.0099995425,0.0021574467,0.0012474749,0.0018597682,0.0032511964,0.006277396,0.010646702,0.018157048,0.02599145,0.039063185,0.058572434,0.080975465,m23ht47e.png,0,test
0.00039630558,0.0105173895,0.0007830206,0.0007239722,0.0013120451,0.0021394156,0.0036206357,0.0056081833,0.008571199,0.01126505,0.015152478,0.020558398,0.024620488,m3chw9tr.png,0,test
0.00028455394,0.009349907,0.0006351639,0.0005598471,0.0010488481,0.0017540627,0.0029746285,0.004536565,0.0065656235,0.0081817545,0.010416966,0.013444325,0.016229147,m3mulob7.png,0,test
0.0003473859,0.009973576,0.0007179953,0.00062825094,0.001197189,0.0019517816,0.0033132934,0.0051552,0.00796225,0.010631093,0.014832316,0.020310009,0.02442723,m3p205yp.png,0,test
0.00030361023,0.009531834,0.00065046124,0.00059326686,0.0011080382,0.001822433,0.0030302457,0.0045246375,0.006541919,0.008220152,0.010593773,0.0133999325,0.015580138,m3pp00cd.png,0,test
0.0003228547,0.009649229,0.0007528947,0.0006614485,0.0011998771,0.0020275095,0.0034764768,0.005296684,0.007937917,0.010295726,0.01382698,0.018690243,0.023528138,m4w7acsd.png,0,test
0.00034834564,0.009856874,0.0007161421,0.0005956723,0.0012558687,0.0021207628,0.0037467224,0.0061048204,0.010066925,0.013784447,0.020203386,0.029812248,0.037951056,m54tybqg.png,0,test
0.00031910482,0.009672101,0.0007272167,0.0006198769,0.0011481318,0.0019191363,0.0032938393,0.005130361,0.00796076,0.010618377,0.01471384,0.020523535,0.025925538,m5amw6im.png,0,test
0.0005474926,0.011158689,0.0017146047,0.0010548703,0.0018678724,0.0029351679,0.0048837634,0.007630363,0.012021183,0.016408857,0.02364521,0.03367595,0.04177584,m5ns302c.png,0,test
0.00034698637,0.009789748,0.0008349181,0.0007411563,0.0012236676,0.0020259893,0.0034582498,0.005356676,0.008219732,0.010838833,0.014572004,0.019759325,0.024037212,m6055e27.png,0,test
0.00026647295,0.008995053,0.000585919,0.00053864805,0.00097308925,0.0016243948,0.0027926941,0.004346325,0.0065465197,0.008397808,0.011054813,0.014462546,0.017721469,m62hdxc6.png,0,test
0.00031000376,0.009369382,0.0006939743,0.00061584543,0.0011207524,0.0018590849,0.0031663051,0.00490756,0.007547899,0.010210505,0.014615578,0.021656072,0.029020628,m67rlh4q.png,0,test
0.0008580069,0.013756307,0.0016191434,0.0014415962,0.0024589188,0.0040701106,0.0072413264,0.012010305,0.020064076,0.02840277,0.042811997,0.06597206,0.08300506,m6gttfpt.png,0,test
0.00036531218,0.010168278,0.0007523347,0.00062168174,0.0012866635,0.0020915135,0.0035062158,0.0053798202,0.00824356,0.010964734,0.015432864,0.021505104,0.025761757,m6rzq0h1.png,0,test
0.00032192317,0.009387252,0.0008341952,0.0007060952,0.0011677498,0.001957603,0.0034425675,0.0055352827,0.0086713,0.011647759,0.016205864,0.023139903,0.030135585,m77od32y.png,0,test
0.00029583642,0.009344668,0.00069177995,0.0005721235,0.0011024268,0.0018316882,0.0030401174,0.0045159133,0.0065008285,0.008240818,0.010594753,0.013541577,0.016036633,m9q11zod.png,0,test
0.00040294335,0.010449858,0.0007900313,0.0007232356,0.0014248745,0.0023427808,0.0039897445,0.0062481547,0.009587997,0.0125536565,0.016858319,0.022118604,0.025310727,m9s7gxn9.png,0,test
0.00031451328,0.009652787,0.0007212003,0.00059788366,0.0011218743,0.0018624312,0.0032065322,0.0050602476,0.0078132525,0.010382999,0.014106353,0.019145906,0.022777574,ma45w01g.png,0,test
0.0003198678,0.009739116,0.0007380963,0.0006015915,0.0011884648,0.0019810267,0.0033228293,0.004974145,0.0071978406,0.0090430025,0.011673344,0.01526275,0.018380756,marfvb7z.png,0,test
0.00032848326,0.009823083,0.000701036,0.0005611926,0.0011890685,0.0019760332,0.0034042138,0.005346663,0.00826183,0.010773383,0.014489311,0.01905131,0.021970613,maulremo.png,0,test
0.00034945633,0.00992784,0.0008322227,0.0006304512,0.0012415719,0.002050976,0.0035413492,0.0056858757,0.009213101,0.012580188,0.01740893,0.024455838,0.029509494,mb3ikez7.png,0,test
0.000310382,0.0094825905,0.00071472913,0.00062410935,0.0011559327,0.0019499632,0.0033838663,0.0053510945,0.008155103,0.010605616,0.014442539,0.019972716,0.025186121,mbgcn9l5.png,0,test
0.00033631554,0.009826856,0.00076916046,0.00059637445,0.0012295524,0.0020601666,0.003513858,0.005418034,0.008072013,0.010488542,0.014040773,0.019473817,0.023930544,mc4ix6ap.png,0,test
0.00029400305,0.009442508,0.0006925693,0.00057018915,0.0010835539,0.0018140783,0.003050293,0.004621434,0.00678227,0.008695856,0.011554737,0.015291048,0.018466124,mdfxngf6.png,0,test
0.00034309295,0.0098122265,0.00080566865,0.00066181505,0.0012179435,0.0020069408,0.0034249485,0.0053480654,0.008226233,0.010700646,0.0140632335,0.018234031,0.021549279,mdja5tn6.png,0,test
0.0003625441,0.010182418,0.0008026781,0.00069343834,0.0013062498,0.0021692556,0.0036936116,0.005629558,0.008317074,0.010541379,0.01374397,0.017850718,0.020297382,mdv2wkpq.png,0,test
0.00036316842,0.010159814,0.00078451954,0.00064000586,0.001278994,0.0020806557,0.0034860976,0.005442918,0.008570303,0.011505447,0.015886378,0.021760074,0.025964959,me8v6u9u.png,0,test
0.0003278822,0.009823161,0.00080782897,0.000676932,0.0011964526,0.0019943446,0.0034333726,0.0053853313,0.008364808,0.011115319,0.015590462,0.022687573,0.029993322,meozf6ml.png,0,test
0.0003707853,0.010418516,0.0008802184,0.00074047106,0.0012912328,0.002172411,0.0038149476,0.0061306953,0.009539989,0.012715962,0.017556768,0.024430022,0.031047128,mf2s37rc.png,0,test
0.00036701545,0.010036927,0.0007501281,0.00064385775,0.0013096018,0.0021413316,0.00360754,0.0056010643,0.008688683,0.011594141,0.01586049,0.021146808,0.024354437,mhgg22i9.png,0,test
0.000314337,0.009621957,0.0007717203,0.00063715497,0.0011339127,0.0018921159,0.003260772,0.005099618,0.0078108506,0.010306214,0.014245748,0.020322865,0.026168771,mi0ui02k.png,0,test
0.0003122939,0.009618729,0.0007386058,0.00059727306,0.0011347663,0.0018758284,0.0031644532,0.0048034466,0.0069491602,0.008651458,0.01100452,0.013882609,0.016276948,mi6eib8v.png,0,test
0.00041631403,0.01030805,0.0009848853,0.0007809808,0.0014742076,0.002416175,0.0041762255,0.0066621522,0.010585704,0.014394295,0.0207333,0.030658882,0.039336834,miob93my.png,0,test
0.0003081854,0.009359938,0.0007414996,0.000624379,0.0011366211,0.0019109861,0.0032827237,0.0051027057,0.0076461574,0.009912862,0.013430819,0.018222736,0.023090126,mjjwl83q.png,0,test
0.00028299697,0.009031579,0.0006654897,0.0005713858,0.0010528818,0.0017595225,0.0030110206,0.0047106687,0.007160448,0.009425147,0.013100485,0.018422594,0.023440776,mjpp0l0p.png,0,test
0.00029985677,0.009490444,0.00068242557,0.0005795664,0.0011048256,0.0018382855,0.0030669428,0.0045558,0.006553013,0.008214604,0.010408945,0.013080812,0.015520353,mk0pled0.png,0,test
0.0002982312,0.009123607,0.0007164146,0.0006070992,0.001100095,0.0018417779,0.0031074504,0.0047917385,0.0072891847,0.009556876,0.013056208,0.01774488,0.022170201,mkqv8uds.png,0,test
0.0003071701,0.009476611,0.000736354,0.0006105467,0.0011194397,0.0018692118,0.0032068102,0.005027231,0.0077551976,0.010325848,0.014325911,0.020061677,0.024979558,mkui8ayk.png,0,test
0.00028251996,0.00911202,0.0006172595,0.0005594976,0.0010514458,0.0017597248,0.0030344913,0.0046957918,0.006959165,0.008889689,0.0117567275,0.015499824,0.018399103,ml8804fi.png,0,test
0.00043251665,0.010921015,0.00074402435,0.00070364954,0.0015145522,0.0024982872,0.0042528966,0.0066657118,0.010431535,0.013738617,0.01843371,0.024327686,0.028975746,mlpy9bcu.png,0,test
0.00031456124,0.009260957,0.0007963538,0.0006842247,0.0011609256,0.0019255279,0.0032634519,0.0050588287,0.007477738,0.00964582,0.012721909,0.01672452,0.02013605,mlzhpfn5.png,0,test
0.000317934,0.009199856,0.00090264797,0.00071203866,0.001161956,0.0019355041,0.0032628526,0.0049709324,0.0073814387,0.009534177,0.012566567,0.016763495,0.020194978,mm5gt8tk.png,0,test
0.00044203814,0.010808386,0.0008863428,0.0007544076,0.0014587878,0.0023657845,0.0040359264,0.006389159,0.010108547,0.013538143,0.018711349,0.025887825,0.031104526,mm9sect5.png,0,test
0.00027745496,0.008809083,0.00062909024,0.000573637,0.0009982032,0.0016708917,0.0028883966,0.0044954107,0.00664232,0.008471361,0.011262834,0.014655143,0.017228348,mn9ztdy6.png,0,test
0.00032816568,0.009529096,0.0007214367,0.000687653,0.0012023408,0.0020292832,0.0035257074,0.0056166896,0.008439319,0.011106576,0.014964741,0.020611258,0.025963195,mnmv203t.png,0,test
0.0009110811,0.013819532,0.001768325,0.0015415141,0.002591583,0.004305937,0.007774329,0.01326352,0.022726212,0.032477863,0.049672134,0.07729487,0.096992634,mnodv0o6.png,0,test
0.00039965048,0.010404425,0.0008081429,0.00069228775,0.0013941274,0.0023124968,0.004008163,0.006347682,0.009816558,0.013012266,0.017593972,0.024354786,0.029898448,mnon1iwz.png,0,test
0.00028435394,0.009012574,0.00068766176,0.0005691722,0.001034812,0.0017221029,0.0029302547,0.0044558477,0.0065236543,0.008418246,0.011088532,0.014265701,0.016469747,mnqlx6dw.png,0,test
0.00028494565,0.009329575,0.00069910253,0.00055993965,0.001015851,0.0016929168,0.0029332668,0.004564192,0.0068066507,0.008757448,0.011733176,0.015869984,0.01934767,moes1ai9.png,0,test
0.00029979766,0.009139397,0.00071980467,0.0006219394,0.0010784795,0.0017753354,0.0030035933,0.004580237,0.0066991835,0.008656408,0.011687405,0.01594403,0.01947186,moq0ewe1.png,0,test
0.00031707826,0.009646586,0.00070465606,0.0005584874,0.0011270433,0.0018665285,0.0032239826,0.0051340135,0.008036344,0.010771434,0.014355055,0.019549968,0.02395366,movt68tf.png,0,test
0.00035534828,0.010042002,0.0009077217,0.00073157164,0.0012476994,0.0021085422,0.0037703246,0.0062078545,0.010023582,0.013737142,0.019681895,0.028731748,0.03825953,moxsfh4g.png,0,test
0.0003236562,0.009771011,0.0007302862,0.0006140732,0.0011911462,0.0019926145,0.0033722506,0.0051613315,0.007997358,0.010523425,0.014251658,0.01996003,0.025941938,mpbe4a3y.png,0,test
0.00030946775,0.009537088,0.0006909147,0.0005564773,0.0011241265,0.0018766361,0.0032565456,0.0051577664,0.007862671,0.010295057,0.013872073,0.018869022,0.023579346,mpbhv2pl.png,0,test
0.0003869684,0.010587606,0.000810433,0.0006864227,0.0012831402,0.0021179898,0.0037282445,0.0060802912,0.009587149,0.012753318,0.017396953,0.023323003,0.028922742,mpm3lw87.png,0,test
0.00037768375,0.010185223,0.0007393556,0.00064078526,0.0012924654,0.0021095222,0.00358471,0.0055811857,0.008672253,0.011480726,0.015621476,0.021186475,0.025491172,mqubzl1d.png,0,test
0.00029471572,0.008984839,0.0007200827,0.0006205941,0.0010920533,0.0018414761,0.0031623528,0.0048765936,0.0074667153,0.009862848,0.013524667,0.018705452,0.02437082,mqyvq8kp.png,0,test
0.00030331095,0.0093836365,0.00076687476,0.0005910995,0.0011407925,0.0018961173,0.003189522,0.0048065106,0.0070950384,0.009115643,0.01181625,0.015278886,0.017739268,mr8wdd5w.png,0,test
0.0003043328,0.0093765445,0.00072579266,0.0006201129,0.0011019505,0.0018353171,0.0031460759,0.0049146875,0.00762803,0.010251982,0.014422849,0.02044901,0.026873812,mrjqlz7u.png,0,test
0.0003988673,0.010526867,0.00078313774,0.00068732066,0.0013922724,0.0022994715,0.0039330106,0.0061199577,0.009407632,0.012331399,0.016533941,0.022202903,0.026354693,msc9bcl9.png,0,test
0.00031436107,0.009593656,0.0007187165,0.00058516016,0.0011191111,0.0018300787,0.0030387815,0.0045476723,0.0066057714,0.008430965,0.011004825,0.014454009,0.01733404,msckakl9.png,0,test
0.000289471,0.009406687,0.0006858427,0.0005507031,0.0010445743,0.0017462026,0.0030053575,0.0046976507,0.0070462483,0.009110362,0.012324738,0.016727611,0.020616228,mspzpdyj.png,0,test
0.00034214123,0.010046115,0.00076770614,0.00061861816,0.0012263828,0.002020259,0.0033972445,0.0051585007,0.0077386005,0.0099660475,0.013244439,0.017415605,0.020119287,mt5ophp9.png,0,test
0.00034545275,0.010026535,0.0006453862,0.000574433,0.0012402914,0.0020652404,0.003526297,0.0054246313,0.008202958,0.010453616,0.013831519,0.018327484,0.021916525,mthwej23.png,0,test
0.000650353,0.012145262,0.0016918755,0.0013573309,0.0023050534,0.0037958564,0.0065655326,0.010576281,0.017002126,0.023038352,0.03308603,0.04948225,0.06506842,mtz1fpr7.png,0,test
0.0003060763,0.009471478,0.00064988364,0.0005508287,0.0011075743,0.0018234624,0.0030306366,0.0045453236,0.0066767614,0.008567351,0.011335939,0.014841217,0.017836526,muj9qhdo.png,0,test
0.0009323842,0.013427931,0.0018187355,0.0016388823,0.0026890407,0.0045143217,0.008229622,0.014024637,0.023854464,0.034059376,0.051763542,0.07959041,0.09870562,mum0a127.png,0,test
0.00035495867,0.010055335,0.00071910507,0.00059575395,0.0012516801,0.0020668332,0.0035469022,0.005534449,0.008561694,0.011202517,0.014913838,0.019793523,0.02302855,muvanxah.png,0,test
0.00028477062,0.00915886,0.0006488309,0.00056813646,0.0010627424,0.0017816441,0.003001171,0.0045206803,0.006620497,0.008496046,0.0112182535,0.01458186,0.01757433,muvhgqk8.png,0,test
0.00041699203,0.010665808,0.0007591759,0.00068608724,0.0014407083,0.0023636706,0.003977494,0.0061246012,0.00926108,0.012049976,0.016204389,0.021458495,0.02501091,mvgbmeof.png,0,test
0.00029609213,0.009230132,0.00069415546,0.0006070153,0.0010919304,0.0018405992,0.0032107432,0.0050387466,0.007792285,0.0102942195,0.014188828,0.019867757,0.025495386,mwbv6ihd.png,0,test
0.00033082304,0.009678019,0.00091530406,0.00070331857,0.0011859892,0.00197035,0.0034082716,0.0055136685,0.009006708,0.0121117,0.016827062,0.023978012,0.031607594,mwz0w7n5.png,0,test
0.00030861396,0.0094470335,0.0007213084,0.00062990596,0.0011335161,0.001901354,0.0032755337,0.005177088,0.007998642,0.010555896,0.014681974,0.020981276,0.027271036,mx5b1ha3.png,0,test
0.00092107255,0.01333971,0.001860371,0.0015631886,0.002640865,0.004398871,0.008045692,0.013899059,0.023796113,0.033926282,0.051034912,0.0770735,0.095234536,my8evza7.png,0,test
0.0003020877,0.009454233,0.00075317407,0.0005945301,0.0011142578,0.0018832225,0.0032716177,0.0050586495,0.007603546,0.009942706,0.013183945,0.017753592,0.021811867,mymuserc.png,0,test
0.0002776619,0.00914774,0.00066015054,0.00055392965,0.0010124901,0.0016944763,0.0029088291,0.0045270906,0.0068218615,0.008840167,0.011888924,0.01625238,0.02031436,myr77yh3.png,0,test
0.0003508909,0.010032251,0.0007143392,0.000623342,0.0012098112,0.0019957793,0.0034031938,0.0052997423,0.008174927,0.01070993,0.014331102,0.019066934,0.023029625,mz05vq0k.png,0,test
0.00041940546,0.0106934635,0.000704394,0.0006547168,0.0014800141,0.0024683527,0.0042740894,0.006769564,0.010554315,0.014104474,0.019440047,0.026438465,0.031091385,mzgh4a9z.png,0,test
0.00033164184,0.009566722,0.0008465295,0.0007178653,0.0012173121,0.0020301254,0.0034787266,0.005447559,0.008413616,0.011034869,0.01504955,0.020757422,0.026246473,mzknc8xl.png,0,test
0.00033064626,0.009571963,0.00093601283,0.0007116703,0.0012081615,0.0020075957,0.0034148674,0.0052808938,0.008043759,0.010523324,0.014284476,0.01961066,0.024624854,n0hb8xbc.png,0,test
0.00034970045,0.010004323,0.0007037052,0.0006307557,0.0012748422,0.0021381932,0.0037028645,0.0057539036,0.008757433,0.011386848,0.015324677,0.020626832,0.025115576,n1ffckkg.png,0,test
0.00028533314,0.009202703,0.0006750687,0.00056919066,0.0010514548,0.0017383301,0.0029211554,0.004463477,0.006493732,0.008189737,0.010563118,0.013416686,0.01559311,n1m6u2ll.png,0,test
0.00035734152,0.009980344,0.00073890033,0.0006559962,0.0012347499,0.002019675,0.003459298,0.0054636663,0.0087874,0.012064977,0.017336253,0.025436409,0.03255261,n202i84k.png,0,test
0.0002987347,0.009318517,0.00069681794,0.0006289938,0.0010886037,0.0018400542,0.003211482,0.005017101,0.007485821,0.009531749,0.012615648,0.01715201,0.021322958,n24xcrwd.png,0,test
0.00031272662,0.009560109,0.0007416908,0.0006248392,0.0011417697,0.0019096922,0.003286387,0.0051436434,0.007867608,0.010379414,0.01390641,0.01873847,0.02271598,n38foxy2.png,0,test
0.0009788857,0.013478592,0.0024224382,0.0018079542,0.0027192407,0.0044751135,0.008129716,0.014315218,0.025174007,0.036601227,0.05663648,0.08810651,0.110351235,n3t268o2.png,0,test
0.00035955687,0.010019999,0.000718083,0.00059131003,0.0012754415,0.0021311063,0.0037586798,0.006144001,0.010064053,0.014043783,0.020652395,0.030393712,0.03934181,n518jnri.png,0,test
0.00030150093,0.009500359,0.0006798504,0.0006026524,0.0010854453,0.001804288,0.0030607714,0.0047216904,0.0070830453,0.009099209,0.012029799,0.015916627,0.019232072,n5e0ev6x.png,0,test
0.00031933666,0.009299448,0.0009051307,0.0006951324,0.0011900554,0.0020039545,0.0034420493,0.005363592,0.0082044555,0.01090397,0.014937774,0.020437289,0.026103659,n5j6slaz.png,0,test
0.00037224588,0.010295131,0.000813972,0.0006998212,0.001295636,0.002116987,0.0035208706,0.0053617074,0.008164687,0.010830359,0.015067434,0.020981716,0.026018992,n6aarhnp.png,0,test
0.0002982733,0.009209144,0.00074597745,0.0006116992,0.0011088077,0.0018578279,0.003192532,0.0049787224,0.007874504,0.010609855,0.014652935,0.02028947,0.025922835,n6ohja1m.png,0,test
0.00057492673,0.010258276,0.001394143,0.0012923164,0.0018026856,0.0030916184,0.005667723,0.0096527925,0.016215023,0.02266447,0.03274482,0.048038334,0.061045405,n74sy6jh.png,0,test
0.00032865908,0.009405597,0.00085724046,0.00071708317,0.0012332237,0.0020822496,0.0035441665,0.0054436275,0.007884297,0.00993628,0.012987298,0.017221278,0.021122348,n79md47c.png,0,test
0.00033230032,0.010177821,0.0007212049,0.00063465437,0.0011789897,0.0019406655,0.0033201776,0.0051406794,0.007846684,0.010331283,0.013826742,0.018688833,0.022267437,n7f4x1na.png,0,test
0.0003022352,0.009383294,0.00070074294,0.00057821634,0.0010788486,0.0017920507,0.0030359605,0.004570028,0.006629052,0.0084105255,0.011112437,0.0149351265,0.017917389,n7pr39ax.png,0,test
0.0002997186,0.0094453385,0.00069500133,0.0005984051,0.0011046419,0.0018482324,0.0031352153,0.0048232027,0.0071787015,0.009212218,0.012247119,0.01612714,0.019519947,n8dk13zp.png,0,test
0.00036306007,0.010133359,0.00069157407,0.0006088973,0.0012481378,0.002039432,0.0034558978,0.005392327,0.008352954,0.011120772,0.015163881,0.020192109,0.02345377,n96ue75i.png,0,test
0.00033429306,0.009413357,0.0008489686,0.00068297074,0.0012221363,0.0020789735,0.0036271657,0.005670988,0.008545942,0.011125621,0.014876329,0.019618385,0.023862647,n99nvty1.png,0,test
0.0003175233,0.009533484,0.0007791377,0.0006684608,0.0011522586,0.001919094,0.003330498,0.0052720224,0.0079991985,0.010526963,0.014426552,0.020295931,0.025407251,n9f5am0k.png,0,test
0.00029155705,0.009278136,0.000691497,0.00058239134,0.0010672248,0.0017626829,0.0029303445,0.0043747122,0.006394446,0.008071135,0.010435828,0.0135609,0.015793571,n9ji7ome.png,0,test
0.0008917074,0.013299832,0.0016967711,0.0015171891,0.0025666659,0.0042883465,0.0077220527,0.012959107,0.021726837,0.030759187,0.04627131,0.07077977,0.087721415,n9s72pu7.png,0,test
0.00049114856,0.009782459,0.0016328591,0.0010336976,0.0017241272,0.0030479892,0.005890393,0.009952879,0.0170136,0.024360927,0.036648832,0.054479927,0.07353969,nagckjsa.png,0,test
0.00038150518,0.010446053,0.0008415795,0.000720358,0.0012946031,0.0021617897,0.0037970564,0.006120901,0.009486704,0.012620813,0.017174717,0.02308199,0.028171929,nana36u4.png,0,test
0.00031725006,0.009544028,0.0006726573,0.0005424002,0.0011622843,0.0019354558,0.003339242,0.0052583786,0.00819144,0.01098094,0.015270314,0.02134724,0.026585989,narl8tfy.png,0,test
0.00035859316,0.010081591,0.0007373206,0.00063689443,0.0012984974,0.0021586593,0.0036917366,0.005773309,0.009038017,0.011798546,0.015982147,0.02180417,0.026612448,nb9u8qrq.png,0,test
0.00036744322,0.010126278,0.0007786603,0.0006412492,0.0012888638,0.0020936697,0.0035769313,0.0055794083,0.008629785,0.011479407,0.015654989,0.021174638,0.025066992,nbecawbm.png,0,test
0.0002883257,0.009216992,0.0006414988,0.00058920187,0.0010465152,0.00175297,0.003018858,0.0047840313,0.0074392343,0.009987235,0.014182096,0.020329786,0.026077423,nbil8b5l.png,0,test
0.00054687145,0.010683519,0.0021867144,0.0011694967,0.00189357,0.0029761414,0.005022208,0.007943738,0.012747664,0.01758979,0.025633648,0.036519255,0.046168696,nciq1hxg.png,0,test
0.00029491246,0.009301713,0.0007749567,0.0006011864,0.0011109868,0.0018706197,0.0031646644,0.0047157784,0.0066524334,0.008239488,0.010365001,0.012920261,0.015289927,ncticeaa.png,0,test
0.00036939408,0.010019864,0.0008882017,0.0007373213,0.0012488795,0.0020546676,0.0035183902,0.0055592265,0.008776445,0.011872379,0.016840791,0.025157189,0.034414817,nda2xasu.png,0,test
0.0002941156,0.009024394,0.0006607024,0.0006258907,0.0010755489,0.0018079013,0.00312465,0.004913725,0.0076618874,0.01010271,0.013855709,0.018781487,0.0229016,ne4590ok.png,0,test
0.0002909431,0.009302877,0.0006367607,0.0005764262,0.0010471982,0.0017347721,0.0029529925,0.004459669,0.0066300347,0.008723368,0.012119532,0.0167108,0.021097925,ne6yiwds.png,0,test
0.00036314316,0.010117115,0.0007762452,0.00071570766,0.001257866,0.002035971,0.0033797466,0.0050981534,0.0075788507,0.009839096,0.013373912,0.018837297,0.023649251,neoblrqu.png,0,test
0.00031557487,0.00952058,0.0008151334,0.000633128,0.001168423,0.001963244,0.003386516,0.0053699967,0.008527781,0.011355243,0.015718283,0.02193928,0.028263137,nf3lpb30.png,0,test
0.00090615556,0.0131731415,0.0018410679,0.0015950942,0.0025790588,0.004286832,0.0078011705,0.0135753285,0.023638314,0.034060147,0.05234429,0.08051566,0.10029734,nf8j0su8.png,0,test
0.000306147,0.009504421,0.00066667737,0.0006154604,0.0011214534,0.0018804959,0.0032782718,0.00526521,0.008054325,0.010388795,0.014039655,0.019371552,0.025434313,nffykpl3.png,0,test
0.00036025542,0.0102493195,0.0007187219,0.00060569204,0.0012576489,0.0020399396,0.0034312191,0.005252296,0.008002448,0.010531654,0.014424792,0.019686468,0.024059389,nfie16nu.png,0,test
0.00039895892,0.010419382,0.00084935146,0.00073246425,0.001311705,0.0021730622,0.0038611945,0.006309603,0.010114975,0.013879961,0.019887963,0.028489284,0.036520116,nh1cbhf1.png,0,test
0.00031191268,0.009386323,0.00080159394,0.00064599357,0.0011410381,0.0019313466,0.0033928554,0.0054579834,0.008926604,0.012140526,0.017240763,0.02505565,0.033346012,nh6a144f.png,0,test
0.00027460305,0.008897212,0.00069259177,0.000553301,0.0010077909,0.0016990706,0.002940517,0.0045295777,0.0066600097,0.008604446,0.011402179,0.014781825,0.017176613,nhdfaj02.png,0,test
0.00031062245,0.009427322,0.00075563556,0.0006300129,0.0011493623,0.0019559343,0.0033503652,0.0050310823,0.0073433,0.009349098,0.012222427,0.015920695,0.019194432,ni5qojiv.png,0,test
0.0002847123,0.009237356,0.00065803016,0.00055947533,0.0010466091,0.0017485686,0.0029983092,0.004633084,0.006990756,0.009094657,0.012347767,0.016478995,0.019975612,nj53tisn.png,0,test
0.0003193691,0.009614563,0.000741155,0.00056610355,0.0011607581,0.001932093,0.0033236064,0.0052027046,0.008063859,0.010589434,0.014271034,0.019612638,0.024731271,njppxi4v.png,0,test
0.00027443597,0.009009672,0.0006613663,0.0005518982,0.0010095077,0.0016790514,0.002866999,0.0044109137,0.0065270704,0.008320477,0.010830592,0.013983399,0.016811894,njsleu1s.png,0,test
0.00028166798,0.0090449555,0.00064556906,0.00057969516,0.0010387708,0.0017459845,0.003033294,0.0047360556,0.007049152,0.009047127,0.012014064,0.01626855,0.020752488,nkx5zt5t.png,0,test
0.00029996474,0.008997241,0.0007258422,0.00063959666,0.001130231,0.0018854892,0.0032037827,0.004891879,0.0073054316,0.009336738,0.012405752,0.016545327,0.020251933,nkzi0vme.png,0,test
0.00031682677,0.009603962,0.0007632587,0.00058192277,0.0011499221,0.0019123357,0.0032383294,0.0049624452,0.0074860095,0.0096393125,0.012746923,0.016735181,0.019660965,nmaa9g5i.png,0,test
0.00027716134,0.009157561,0.0006018771,0.0005452724,0.0010122447,0.0016789738,0.0028241843,0.0042768163,0.0062289755,0.007898664,0.010342775,0.013204655,0.015396297,nmce4pev.png,0,test
0.00038147028,0.010287247,0.00070426724,0.00061643537,0.0013580129,0.002252072,0.003938042,0.006381886,0.010479377,0.014428795,0.021239707,0.03208803,0.040746313,nmj3yh2a.png,0,test
0.0003784511,0.010638224,0.00075387233,0.0006566656,0.0013560698,0.0022321977,0.0037815266,0.005839342,0.009013561,0.011864051,0.016294897,0.02277663,0.028865326,nmo0bzxc.png,0,test
0.00030243694,0.009356422,0.0006854502,0.00061592204,0.0011255107,0.0018728272,0.003163726,0.0048494134,0.00718339,0.009310013,0.012603727,0.017096164,0.02080881,nohg3vtl.png,0,test
0.00037627746,0.01014054,0.00064397004,0.0005930281,0.0012626301,0.002052085,0.0034763238,0.0054611564,0.008532267,0.011338239,0.015662277,0.021564504,0.0260271,notfpfio.png,0,test
0.00043101798,0.01077707,0.0008737061,0.00078535295,0.0014648649,0.0024715867,0.004433505,0.007337376,0.012008528,0.016429413,0.02353734,0.03425721,0.04430635,npwabxi2.png,0,test
0.00034117253,0.009546114,0.00091863,0.0007687428,0.0012329252,0.0020544918,0.0035903377,0.0056886673,0.008840047,0.011711077,0.015936835,0.021981755,0.027748404,nq5hbogb.png,0,test
0.0002862266,0.009175172,0.0006750547,0.00058019074,0.0010597267,0.0017547047,0.0029630957,0.0044606905,0.0065340903,0.008277615,0.010657225,0.013400542,0.015563527,nqege5ek.png,0,test
0.00063356303,0.010394245,0.001790674,0.0015332947,0.0019253035,0.0032893412,0.006194939,0.010623648,0.017907541,0.025174174,0.036882594,0.05492604,0.07032409,nqo988j1.png,0,test
0.00036923448,0.010132204,0.0007325591,0.0006384958,0.0013201773,0.0021951583,0.0037917765,0.0060489094,0.009705377,0.013282001,0.019125637,0.027768558,0.035701532,nr1lwfqh.png,0,test
0.00028579732,0.009277851,0.0006330988,0.00056336384,0.0010327876,0.0017203935,0.002925704,0.0044878386,0.006541203,0.008314513,0.010852236,0.014145887,0.017242668,nrauz73b.png,0,test
0.00028591516,0.009392133,0.00065380445,0.00055347825,0.0010285428,0.0016854571,0.002812623,0.0042814147,0.006293753,0.0079764975,0.0101976255,0.012801333,0.015001565,nritd7ku.png,0,test
0.00036033156,0.010177553,0.00079324574,0.00066007936,0.001276294,0.002086134,0.0034886333,0.005346133,0.008174535,0.01082449,0.014918382,0.020764316,0.026215391,nsxnmnpi.png,0,test
0.00031869006,0.009693733,0.00074505544,0.00064812903,0.001162124,0.0019510675,0.0033470856,0.005194363,0.007716531,0.009940803,0.013206187,0.01790877,0.021966806,nt0q7h21.png,0,test
0.0003317506,0.009922299,0.00072528113,0.0006098197,0.001166018,0.001906605,0.0032058917,0.00487912,0.007287185,0.009460169,0.0125492355,0.016775878,0.020415442,nt2n34zn.png,0,test
0.00030709448,0.009305994,0.00075010513,0.00064114545,0.0011054106,0.0018260949,0.00311443,0.0048343,0.007275105,0.009383107,0.012597064,0.016814591,0.020235673,nt3yupdd.png,0,test
0.00031139547,0.009162794,0.0007501408,0.0006789104,0.0011642837,0.0019913597,0.0035567882,0.005801245,0.009075606,0.0121709565,0.017070182,0.024206216,0.03150105,nuotsqei.png,0,test
0.00033341243,0.00970989,0.0006319186,0.00056847517,0.0011443966,0.0018716004,0.0031864694,0.005008214,0.00784495,0.0104815345,0.014484302,0.02007522,0.023980606,nv2so6du.png,0,test
0.00033599947,0.009946397,0.00065513887,0.000576568,0.0012201377,0.0020555728,0.0035937477,0.005706017,0.008922516,0.011921451,0.01686065,0.023748137,0.02972628,nv31elcp.png,0,test
0.00029691795,0.009392375,0.00069158216,0.0005846731,0.0010936233,0.0018400077,0.0031421366,0.0048253913,0.007205245,0.009138686,0.011823175,0.015619454,0.019116808,nvw8sjbc.png,0,test
0.0003521974,0.010005194,0.00073397503,0.0006281997,0.0012198027,0.0019995417,0.0034319586,0.0053839195,0.008411006,0.011183997,0.015308643,0.020860188,0.024557972,nvy8v4pa.png,0,test
0.0008611495,0.0132736815,0.0014235771,0.0013509738,0.0024795872,0.0041152034,0.007489801,0.0129108615,0.022010267,0.031301342,0.04691124,0.07045645,0.086557485,nxh6diog.png,0,test
0.00030965038,0.009286449,0.0007224067,0.0006349547,0.0011335752,0.0018982951,0.0032963685,0.0052216533,0.007999279,0.010569976,0.0145160025,0.019937301,0.025350075,nydga45o.png,0,test
0.0004615309,0.010879333,0.0008251902,0.00076181296,0.001548351,0.0025282127,0.004308002,0.0066759405,0.010327562,0.013847199,0.019410197,0.027564816,0.033988964,nymwldrv.png,0,test
0.00028466887,0.009095706,0.0006726251,0.00057442323,0.0010474873,0.0017395666,0.002958157,0.0045538996,0.0067211622,0.008574325,0.011265555,0.0149269095,0.017370723,nyq6pg84.png,0,test
0.00031768985,0.009410075,0.0007282697,0.00067037484,0.0011684402,0.0019771678,0.003460924,0.0055151624,0.0085253725,0.011337886,0.015941398,0.022829356,0.02922702,nz0agr58.png,0,test
0.00030750604,0.009437136,0.0006723289,0.00061149267,0.0011328233,0.0019060747,0.0032834103,0.0050562783,0.007544904,0.009814344,0.013308678,0.018463627,0.023042062,nzze2tbs.png,0,test
0.00029684036,0.009341922,0.00076871726,0.00059832644,0.0010854634,0.0018190696,0.0030792833,0.004676924,0.0070011895,0.009030813,0.011864342,0.015476219,0.018326988,o17cknm7.png,0,test
0.00037483987,0.009981358,0.001015983,0.00082219735,0.0013312766,0.0022431826,0.0039290567,0.0064368313,0.010270943,0.013926858,0.019866088,0.029329017,0.039781522,o1exwphy.png,0,test
0.00032785896,0.00955287,0.00089885853,0.0007030338,0.0011731208,0.0019606547,0.0034290962,0.005447709,0.008703267,0.011634348,0.01599083,0.022617677,0.030207649,o1xonvqs.png,0,test
0.00029648826,0.00943109,0.00070319045,0.0005852088,0.0011115037,0.0018736352,0.003230498,0.004960494,0.0072850995,0.009252204,0.012180565,0.016456932,0.02051558,o2n5muy0.png,0,test
0.00041721188,0.010790645,0.0011192121,0.0008254073,0.0014242005,0.0024003244,0.004213073,0.006765245,0.010209532,0.013605927,0.01907586,0.026143001,0.032882135,o2nqw4c6.png,0,test
0.00031593454,0.009539314,0.0007304743,0.000591113,0.0011379069,0.001886322,0.0032172587,0.005032516,0.007834648,0.010390468,0.01381486,0.018197583,0.02135616,o2xx7zl4.png,0,test
0.00027154773,0.008917098,0.00058219925,0.0005362401,0.001012643,0.0017216102,0.0030775229,0.005049026,0.008090595,0.010944166,0.0153651405,0.02227482,0.029362613,o31nzsxp.png,0,test
0.00031268797,0.00960066,0.0006864851,0.00064301066,0.0011131376,0.0018500895,0.0031992272,0.0050547263,0.0077929497,0.010230504,0.013802971,0.018736672,0.022910384,o31w9n30.png,0,test
0.00032143146,0.00952517,0.00086882396,0.00067750626,0.0011395565,0.001901229,0.0032882853,0.0051985523,0.008407369,0.011329555,0.015562017,0.02185032,0.028381329,o348usbn.png,0,test
0.0003007556,0.0094221495,0.00072834827,0.00059768866,0.0010848746,0.0018256875,0.0031553158,0.0049474747,0.0074769864,0.009759775,0.013280131,0.018047562,0.022580005,o4jnmyk8.png,0,test
0.00029129928,0.009417399,0.000660258,0.0005747586,0.001070217,0.0017716441,0.0029813687,0.004495461,0.0065419786,0.008219533,0.010697672,0.014095714,0.016951228,o4pyap3j.png,0,test
0.00028509114,0.008912556,0.000698238,0.00060083246,0.0010275616,0.0017332869,0.0030413808,0.004795466,0.0074654385,0.00988517,0.013546231,0.018735765,0.023185454,o4sq5ihv.png,0,test
0.00032832244,0.009615164,0.00083782297,0.00070669386,0.0011846321,0.0019675049,0.003344283,0.005208857,0.008070612,0.010867735,0.0153356595,0.021772949,0.028204922,o5gjef9k.png,0,test
0.00037012965,0.010078166,0.000707753,0.0006261522,0.0012764176,0.0020935712,0.0035886,0.0056125238,0.008626077,0.011364198,0.015445711,0.020866657,0.02458447,o6ihyx7k.png,0,test
0.00039571975,0.010209665,0.0008731582,0.00071721355,0.001335991,0.0021790382,0.0037563,0.005979753,0.009348659,0.012505865,0.017167047,0.023234665,0.02758112,o6ryxjcq.png,0,test
0.00035588158,0.009990482,0.0007249886,0.000594662,0.001279368,0.0021263035,0.003697094,0.0058258525,0.009144138,0.012287815,0.017280178,0.02389901,0.028110014,o7f89ye8.png,0,test
0.0003717113,0.010139558,0.00071884366,0.0006221298,0.0012955137,0.002134687,0.003698095,0.005898546,0.009339961,0.012529639,0.017433805,0.023846906,0.028143777,o7hzoet3.png,0,test
0.0002977931,0.008486073,0.00070891157,0.000601989,0.0010743666,0.0018131908,0.0032105746,0.00525614,0.008833368,0.0127164805,0.019035952,0.029089063,0.039681926,o7nzqc6y.png,0,test
0.00032424735,0.009809189,0.0006991785,0.00060133793,0.0011988112,0.0020042346,0.0034313803,0.005274771,0.007905165,0.010029406,0.013014867,0.016751215,0.019596422,o85i1vdv.png,0,test
0.00034357424,0.0094808135,0.00094784866,0.00078951713,0.0012406678,0.0020540843,0.0034331651,0.0051206546,0.007580448,0.009813625,0.012932704,0.017369803,0.020865675,o93met8n.png,0,test
0.0005916017,0.01087711,0.002492964,0.0012725227,0.0020671028,0.0032412757,0.0054698223,0.008828244,0.014586141,0.020417348,0.029991336,0.043283813,0.05538813,o98z2mf0.png,0,test
0.00030134103,0.009177184,0.00075330085,0.00064829853,0.0011207894,0.0018769681,0.0031866704,0.004855384,0.0071724337,0.00943742,0.012674208,0.01704233,0.020990318,o99k9jvs.png,0,test
0.00038918474,0.010593886,0.0008100754,0.0007463277,0.0013442952,0.0022390878,0.0039590923,0.0065068984,0.010373956,0.014018647,0.01949508,0.027260497,0.0350627,oa7u4m05.png,0,test
0.00032574826,0.009440637,0.000768039,0.00070637156,0.0011964756,0.0019955465,0.0034177836,0.0053352476,0.007941444,0.010411427,0.014400863,0.02042458,0.026364405,oa83z725.png,0,test
0.00028351098,0.009109048,0.00063793035,0.0005768014,0.0010300642,0.0017462474,0.0031121909,0.0049996623,0.0076758964,0.010008692,0.013461366,0.018516602,0.02338021,oae527ps.png,0,test
0.00029333084,0.0091708535,0.00073956896,0.00059374503,0.0010641314,0.0017692902,0.0030345784,0.0047462876,0.007241979,0.009625777,0.013428861,0.018414361,0.022804746,oaukj9ik.png,0,test
0.0002964903,0.009261383,0.00067737343,0.000598655,0.0010863926,0.0018174662,0.0031346008,0.0049270918,0.0073736394,0.009289315,0.011824155,0.01504464,0.018284213,obck3erv.png,0,test
0.0002761438,0.009034618,0.0006344581,0.00055454974,0.0009924312,0.0016468981,0.0027995121,0.004247015,0.0061855307,0.007814759,0.010105729,0.0128416475,0.014961442,ocn8ds7k.png,0,test
0.0009983969,0.013827224,0.0023854165,0.001713058,0.002781124,0.004593874,0.008325147,0.014303949,0.0244384,0.03486964,0.05221049,0.077867806,0.09459489,od13b61k.png,0,test
0.0009812135,0.013440148,0.0022607094,0.0016544815,0.0027820065,0.0046251263,0.0084279245,0.014513439,0.024841735,0.035306092,0.052871,0.0788319,0.096010014,od42cqvg.png,0,test
0.0008746562,0.013323752,0.0015842878,0.0014588834,0.0025054824,0.004161316,0.007509286,0.012749295,0.021591537,0.030544078,0.045551535,0.06894992,0.08421145,od4ewq5b.png,0,test
0.00029305366,0.009303489,0.0006968147,0.0005806368,0.0010878779,0.0018125841,0.0030454523,0.0046162233,0.0069077406,0.008912738,0.011590337,0.014984112,0.018220125,od97qq1q.png,0,test
0.0003603301,0.010116695,0.000708522,0.0005900547,0.0013310128,0.0022399907,0.0038109957,0.005841884,0.008839389,0.011430328,0.015477977,0.020856567,0.023966255,odksvqny.png,0,test
0.0003241146,0.009479714,0.0008160922,0.0006642865,0.0011866167,0.0020102065,0.0035064842,0.0055260337,0.008390322,0.011031249,0.015099479,0.020648697,0.025435189,odoxf94a.png,0,test
0.00034008542,0.010161586,0.000685646,0.0006122252,0.0011885314,0.0019472744,0.003280477,0.004996007,0.0074905856,0.009614441,0.012733676,0.017000988,0.020249663,odp187i1.png,0,test
0.00032924698,0.009727437,0.0007706142,0.0005864251,0.0011957901,0.0019855944,0.0033661865,0.0051460443,0.0077678603,0.010080902,0.013374745,0.017754145,0.021583026,oedl1yeo.png,0,test
0.0003492395,0.009844365,0.00073995395,0.00061226037,0.0012339142,0.0020301465,0.0034705892,0.005462767,0.008609206,0.011618777,0.016615761,0.024125881,0.03168137,oes49j9v.png,0,test
0.00029960112,0.009117901,0.0006746309,0.00062709936,0.0010811553,0.0017982947,0.0030872903,0.0048271446,0.0075399447,0.01008631,0.013831475,0.018490816,0.022969697,of7f8t3k.png,0,test
0.00033902915,0.009514282,0.00090034056,0.0007528183,0.0012621682,0.0021110075,0.003639559,0.005749691,0.008801712,0.011539605,0.01550797,0.020554818,0.02496164,ofw27chg.png,0,test
0.00028132624,0.00901536,0.0006738528,0.00056079746,0.0010244865,0.0017054148,0.0028915384,0.0043585906,0.0062847333,0.0079569295,0.010249486,0.013125067,0.015529438,ogyb6pjn.png,0,test
0.00036974726,0.0102051,0.0007573716,0.0006028262,0.0013233693,0.0021796683,0.0036830078,0.0056418637,0.008534299,0.011091103,0.015025874,0.020460514,0.023738183,ohbicncu.png,0,test
0.0002806432,0.00912477,0.0006723129,0.0005610643,0.0010493442,0.0017554227,0.0029925348,0.0046735723,0.007067049,0.009180641,0.012138984,0.016332254,0.020327434,ohk0veyd.png,0,test
0.00033921513,0.009917916,0.00082102086,0.00064717396,0.0012491003,0.0020719103,0.0035061324,0.0053864773,0.008075056,0.010488049,0.01392138,0.018630175,0.022909323,ojccwx9b.png,0,test
0.00032151295,0.009725188,0.00071345014,0.00065615465,0.0011639572,0.0019620988,0.0034261935,0.005453962,0.008447924,0.010964367,0.014824984,0.020601548,0.026736084,ojtxcf0k.png,0,test
0.00031835644,0.009239648,0.0007560587,0.0006926153,0.0011798904,0.0019916792,0.003439,0.0052790437,0.0076717287,0.009853462,0.01316881,0.017576955,0.021509467,ok02qfyg.png,0,test
0.00028449003,0.009100427,0.0006957568,0.0005603286,0.0010468718,0.0017371292,0.0029265461,0.0044633425,0.0066378172,0.008660666,0.011473828,0.015148661,0.0186525,ol74027p.png,0,test
0.0003114537,0.009445179,0.0006444789,0.0005351142,0.0011038366,0.0018468896,0.0032455437,0.0052033123,0.008129867,0.010737532,0.014456838,0.019505944,0.023505954,oldcz59s.png,0,test
0.0003692735,0.010143889,0.0007589924,0.00064262026,0.0013412589,0.0022793997,0.0040590027,0.0067179943,0.011322167,0.015748408,0.02360402,0.0368456,0.048293673,olx2dfkn.png,0,test
0.00046262343,0.011058061,0.000854039,0.00080162194,0.0015854831,0.0026226633,0.0045324727,0.007380755,0.012181784,0.016850151,0.023950312,0.0338524,0.042123474,onrqkstl.png,0,test
0.00037701442,0.010585884,0.00076830544,0.00069143093,0.0013120156,0.0021618316,0.0036901666,0.005729127,0.0088617485,0.011730226,0.015992165,0.021759907,0.027507424,onrrhrbc.png,0,test
0.0003444384,0.010075686,0.00075721025,0.0006262898,0.001254271,0.0020765301,0.0034560093,0.005170471,0.0075148856,0.009543009,0.012466455,0.016176015,0.018979436,oo2qmotd.png,0,test
0.00029981715,0.009310313,0.00066008524,0.000604676,0.00110009,0.0018595178,0.003224493,0.0050634746,0.00761849,0.009878463,0.013323891,0.018294806,0.022994263,oobagxkk.png,0,test
0.00030570166,0.009612404,0.0006734958,0.0005715097,0.0011312629,0.0018744626,0.0031301642,0.004685917,0.006806872,0.00850638,0.010724452,0.01347041,0.015933106,oocqj74x.png,0,test
0.00038936624,0.010255752,0.0007335151,0.0006852679,0.0013931473,0.0022728876,0.0038305868,0.005919337,0.008929967,0.011724115,0.016031211,0.021884214,0.025808953,ook1omnw.png,0,test
0.0003859364,0.010705355,0.0008586965,0.00072813215,0.0013420266,0.0022468856,0.0039814264,0.0065026786,0.01016446,0.013562525,0.019080793,0.027346896,0.03595573,oop767j2.png,0,test
0.00028779055,0.009362865,0.00063762,0.0005473272,0.0010578033,0.0017559292,0.0029839254,0.0045500076,0.006710532,0.008751072,0.011989722,0.016561737,0.020388573,opxaxujb.png,0,test
0.0009645693,0.013329983,0.0019886075,0.0017201962,0.002695277,0.004457849,0.00805514,0.013808214,0.023604937,0.033560682,0.05049996,0.07653456,0.09440551,oq0dq1fl.png,0,test
0.00030579782,0.009386095,0.0008101381,0.00062409235,0.001104417,0.0018379281,0.0031880743,0.0049329307,0.0073640626,0.009608154,0.01281368,0.017015694,0.019884307,oqomu8ys.png,0,test
0.000955532,0.013566326,0.0020555924,0.001620004,0.002698289,0.0044660117,0.008055302,0.013732899,0.023217283,0.032983925,0.049550533,0.07430782,0.09084256,or67afy7.png,0,test
0.00040192218,0.010371721,0.0008707736,0.00074012816,0.0013947367,0.0022196216,0.0036528741,0.005544307,0.008376677,0.011042076,0.014814005,0.019565457,0.022819161,or6ty9co.png,0,test
0.0003240234,0.008572352,0.0006620691,0.00061813573,0.0011723116,0.0020591153,0.0039773295,0.0070153214,0.012193183,0.017038299,0.025123205,0.03729573,0.05022101,ou8n10q3.png,0,test
0.0002885637,0.009139971,0.0006814708,0.00060036377,0.0010548016,0.0017629887,0.0030082797,0.0046118936,0.0068218615,0.008705975,0.01142955,0.015089516,0.018446235,ouv75d3n.png,0,test
0.00038548736,0.0105038285,0.0008074147,0.00067153625,0.0013670144,0.002268123,0.003902158,0.006187668,0.009751071,0.012981827,0.017596908,0.024037948,0.028804058,ovrt88l3.png,0,test
0.0009817659,0.013930645,0.0018791292,0.0017145587,0.0027870133,0.004634955,0.008361555,0.014322456,0.024753103,0.035750207,0.05491492,0.085282214,0.106508054,ovxpkayb.png,0,test
0.00035008942,0.009804455,0.0007049106,0.00058385223,0.0012479369,0.0020766421,0.003620366,0.0058580404,0.009454418,0.012978102,0.018842084,0.027616385,0.034444116,owe9zejr.png,0,test
0.00031509917,0.009658805,0.0006565276,0.00061307073,0.0011547917,0.001943657,0.0033987865,0.0054562166,0.008531341,0.011347652,0.015982073,0.023054712,0.030857963,owt9nm3v.png,0,test
0.0003777014,0.010424964,0.0008193665,0.00075033656,0.0013460132,0.0023179057,0.0042029903,0.0069150417,0.011018243,0.014849239,0.020933941,0.030056402,0.039697725,ozlr9gge.png,0,test
0.00033564155,0.009917137,0.0007465629,0.0006132287,0.0012044708,0.0019744167,0.0032889878,0.0049701044,0.007398918,0.009649726,0.012897276,0.01683269,0.019240092,ozo3ixfx.png,0,test
0.00033573635,0.009748047,0.00074283197,0.0006896543,0.0012421628,0.0020904592,0.0036152443,0.0057030423,0.008711752,0.011472237,0.015922574,0.022992723,0.030210078,p0hzwcyk.png,0,test
0.0003606157,0.010022713,0.00086800894,0.0007212786,0.0013501837,0.002292075,0.0039629564,0.0062524034,0.0100224,0.014048828,0.021414835,0.034451317,0.048561536,p0w17col.png,0,test
0.00095378724,0.013593251,0.001960507,0.0015978314,0.0027450374,0.0045660073,0.008263755,0.014150955,0.024137685,0.034482513,0.05183939,0.07740084,0.094896585,p0y6zsmd.png,0,test
0.0005069407,0.010578083,0.0018217332,0.0010309714,0.0017358618,0.0027468272,0.004675945,0.007490055,0.011835954,0.016088855,0.023006314,0.033071153,0.042087726,p1dhdgdl.png,0,test
0.00037576735,0.010355397,0.00076361286,0.00064766995,0.0013443055,0.0022168776,0.0037967386,0.005981814,0.009176245,0.011914064,0.015692687,0.02077439,0.024292469,p1v0ib38.png,0,test
0.00030509426,0.009283831,0.0007195328,0.00061212666,0.0010909206,0.0018196024,0.0031259134,0.004903452,0.007372252,0.009510086,0.012969727,0.017994089,0.022588748,p1wnsqha.png,0,test
0.00040734134,0.0091495365,0.0011135801,0.00094943546,0.001296229,0.002138444,0.003845925,0.0066243606,0.01173759,0.017466491,0.027805028,0.044972427,0.06402048,p22lecvq.png,0,test
0.0003957481,0.010435578,0.0007413026,0.0006524495,0.0013807392,0.0023120623,0.0040505244,0.006536373,0.010624459,0.014429115,0.02051994,0.029563997,0.036834646,p2im7h9m.png,0,test
0.00029466415,0.009245192,0.00064885523,0.00057730725,0.001077566,0.0018070851,0.003091785,0.0048333853,0.007619566,0.010458781,0.015267125,0.022818644,0.030895345,p33sa0iw.png,0,test
0.00033467065,0.009825324,0.00075470586,0.00059525337,0.0012153224,0.0020363277,0.0035325426,0.005637305,0.00883524,0.011722409,0.01587269,0.021111505,0.02543139,p3k1tsbd.png,0,test
0.00033079513,0.009435606,0.00076498964,0.000722663,0.0012339248,0.0020778796,0.0035805353,0.005492879,0.008129391,0.0106109455,0.014333082,0.019459184,0.024665859,p44g96hw.png,0,test
0.00035424044,0.010073949,0.00067061215,0.0005801685,0.0012681505,0.0021150392,0.0036229987,0.005637197,0.008525615,0.010952845,0.014459872,0.018946828,0.021626696,p4if7m0v.png,0,test
0.00063180836,0.010107083,0.003022802,0.0015448127,0.0020880564,0.0037739065,0.007609756,0.013257487,0.023486996,0.034162685,0.053154774,0.08524172,0.12522817,p7uelbi7.png,0,test
0.00028599752,0.009008065,0.00064338866,0.00059241964,0.0010549991,0.001778993,0.0031660874,0.0051665157,0.008101655,0.010911355,0.015159764,0.020665804,0.025676657,p82j3tps.png,0,test
0.00039526168,0.0103327865,0.00070354115,0.00067659625,0.0014125273,0.0022982943,0.0039352016,0.006265344,0.0099543985,0.0134351915,0.01914758,0.027061274,0.033756,p8wz1oys.png,0,test
0.0003098244,0.009375896,0.00074852654,0.00063830387,0.0011504813,0.0019263899,0.0033146197,0.005127001,0.0075802268,0.009624042,0.01258861,0.016639857,0.019992433,p94ytncz.png,0,test
0.00038531283,0.010418366,0.00067546486,0.00062660046,0.0013673084,0.002233197,0.0037473605,0.005791348,0.008936506,0.012012745,0.017210964,0.024784721,0.03181479,pa3ljql0.png,0,test
0.0003077663,0.009595843,0.00066982326,0.00056450366,0.0011329436,0.0018772649,0.0031910692,0.0049152854,0.0075890203,0.010017743,0.013840314,0.018782338,0.022020057,paccwkso.png,0,test
0.000988238,0.013624921,0.0021533954,0.00176953,0.0027674767,0.004577322,0.008318364,0.014316861,0.024563089,0.03517404,0.05363151,0.0836258,0.10548639,pafp4arp.png,0,test
0.00033626697,0.009788615,0.0007006017,0.0006568238,0.0012383789,0.0020908474,0.0036036712,0.0057639065,0.00939626,0.012832015,0.01797527,0.025419189,0.033558443,pai5fxqz.png,0,test
0.0003250434,0.009555515,0.00078047917,0.00068563846,0.001173549,0.0019807122,0.0034843967,0.005583283,0.008650133,0.011544273,0.01585582,0.022081593,0.028111955,paknsjv4.png,0,test
0.0003822382,0.010280788,0.000796579,0.00069546443,0.0013793778,0.0023370625,0.0041328548,0.0067165624,0.010643487,0.014498536,0.020936217,0.030856399,0.03851843,pbdqe9bd.png,0,test
0.00039471767,0.010439053,0.0007382101,0.00062089524,0.0014077136,0.0023300888,0.0039544366,0.006175389,0.009823138,0.0135526825,0.020164937,0.030387148,0.039018646,pbdsdhpv.png,0,test
0.00056503527,0.010780253,0.0023145976,0.0011776676,0.0019529529,0.003089101,0.005285325,0.008588247,0.014210141,0.019942626,0.029465867,0.04260024,0.053544383,pbedea4x.png,0,test
0.00030325458,0.009266946,0.0007403657,0.0006384892,0.0011073975,0.0018330925,0.0030915565,0.0046480633,0.00676435,0.008544202,0.011047015,0.014181773,0.01725433,pbht3ax5.png,0,test
0.00051342807,0.010752448,0.0014336791,0.0011109621,0.0016088107,0.0026528563,0.004646049,0.00749674,0.011993324,0.016421309,0.02321358,0.03313081,0.042432625,pbn2wg6o.png,0,test
0.00028810103,0.008940397,0.0007452214,0.0006262581,0.0010695369,0.0017710354,0.0029925667,0.004528665,0.0065851347,0.008464218,0.011314935,0.0153541975,0.018502008,pbwfo46l.png,0,test
0.00028884306,0.0091389455,0.00069224124,0.0005850188,0.0010594623,0.0017823162,0.003075799,0.0047820495,0.007292235,0.009583779,0.013109272,0.017942457,0.02177762,pc1cbwym.png,0,test
0.00031460117,0.009679179,0.0007090648,0.0005734707,0.0011532444,0.0018913575,0.0031630355,0.0048484295,0.007322488,0.009503889,0.0125352405,0.016375383,0.01940603,pcfm6qxy.png,0,test
0.00033603923,0.009701677,0.00073304784,0.0005982013,0.001227234,0.0020506177,0.003524134,0.0054887063,0.008576859,0.011312997,0.015612324,0.022061352,0.027393484,pdhtiffv.png,0,test
0.00029792284,0.0092601525,0.0006895336,0.00063326507,0.0010775748,0.0017937714,0.003072603,0.0047035096,0.0069900714,0.009151344,0.012503456,0.017176528,0.02191352,pdkfeeko.png,0,test
0.00039636873,0.010363316,0.00075130875,0.0006623504,0.0014231685,0.0023532587,0.0040596654,0.006451418,0.010148643,0.0134334825,0.018289648,0.024486713,0.028615022,pe7v27a8.png,0,test
0.0003471565,0.009719278,0.0008775401,0.000747123,0.0012872219,0.0021749472,0.0037569907,0.00591035,0.009164859,0.012402982,0.017503358,0.025260156,0.033873394,pet5ruva.png,0,test
0.0002985963,0.009489274,0.0006789784,0.0005716015,0.0010955028,0.0018142321,0.0030649325,0.004689942,0.0068632574,0.008647758,0.011181109,0.01448779,0.017297389,peu2s3og.png,0,test
0.0003289284,0.00963205,0.00079159247,0.0006764505,0.0011870583,0.0020082102,0.003520497,0.0056154747,0.00864228,0.011366533,0.015697569,0.022224495,0.029350359,pfdrwb2s.png,0,test
0.00028811424,0.009210194,0.0006869803,0.0005698172,0.0010546565,0.0017604156,0.002975044,0.004507764,0.006630599,0.008460521,0.01117155,0.014946343,0.018221566,pgnifpvd.png,0,test
0.00041026913,0.010447589,0.000736646,0.00072185876,0.0013655954,0.0021997148,0.0037340657,0.0058359443,0.00918353,0.012320721,0.01709531,0.023580607,0.02866926,phfnh5b7.png,0,test
0.00030428634,0.009385885,0.0006903089,0.00061614375,0.0011302133,0.0018884077,0.0031756975,0.0048113605,0.007069102,0.00900511,0.011732127,0.01553487,0.019010132,pjqbtk0t.png,0,test
0.00033945643,0.01006055,0.0007412966,0.0005937619,0.0012412566,0.0020790116,0.0035688009,0.0055591054,0.008495324,0.0110970205,0.014958603,0.020473754,0.025006438,pjxcbhaa.png,0,test
0.00032024528,0.009645947,0.0007014545,0.00058716815,0.0011173233,0.0018536309,0.003215251,0.0050751595,0.0078596845,0.010419846,0.014002454,0.018948628,0.022376172,pjyierth.png,0,test
0.00033569743,0.009613941,0.0007805826,0.00071181887,0.001220591,0.0020330139,0.0034861546,0.0053874496,0.008104007,0.010522579,0.014098786,0.01911774,0.023397353,pkc33maa.png,0,test
0.00030998918,0.009718913,0.0007029645,0.0006112227,0.0011237398,0.0018317057,0.0030345106,0.00454304,0.006729385,0.008650348,0.011243314,0.014338699,0.016927399,plusqrvp.png,0,test
0.00043262608,0.010455801,0.0011228648,0.0008268243,0.0015327816,0.0024609035,0.0041854805,0.006623988,0.0103309,0.013688376,0.018709382,0.025419751,0.03141477,pm60z2i6.png,0,test
0.00031704275,0.009588903,0.0007507365,0.0005616676,0.0011721526,0.0019758772,0.0034286068,0.0053972723,0.008334303,0.010869094,0.014699276,0.020254172,0.024973417,pmfhmgaw.png,0,test
0.00029037258,0.0091600595,0.00062967016,0.0005904043,0.0010618987,0.0017761678,0.0030418271,0.004657721,0.0068041123,0.008679345,0.011327078,0.014515944,0.01696626,pmiay8ml.png,0,test
0.00032047357,0.009392891,0.00074982113,0.00067273364,0.0011745305,0.0020094302,0.0035101508,0.0055414103,0.008392432,0.0110432,0.015156614,0.02103176,0.027345793,pmu6gyro.png,0,test
0.00031382882,0.009326104,0.0007308551,0.0006720991,0.0011538243,0.001943856,0.0033701684,0.005295497,0.007934075,0.010290951,0.0138592925,0.018968584,0.023581576,pmx721cm.png,0,test
0.00040291614,0.010612122,0.00082001294,0.0007490906,0.0013641305,0.0022932081,0.004101339,0.0067392876,0.010550645,0.014220877,0.020009711,0.028483002,0.036759418,pnvjaz2e.png,0,test
0.00031216964,0.009769429,0.0007100177,0.0005923735,0.0011354018,0.0018565571,0.0030724474,0.0045921495,0.0067719156,0.008683644,0.011473942,0.015202446,0.017830528,pnysynsk.png,0,test
0.0003564164,0.009660734,0.0009634665,0.00079409126,0.0012887083,0.002224381,0.004054582,0.0067351507,0.010653635,0.014326999,0.02058523,0.030657047,0.04173446,poy593ng.png,0,test
0.00034913403,0.00984692,0.0007179287,0.0005708854,0.0012367913,0.002044519,0.0035489902,0.0056485096,0.008552236,0.011148687,0.015259231,0.02051183,0.024343023,pq67xwlr.png,0,test
0.00036982752,0.010225871,0.00072388863,0.00063172996,0.0013366829,0.0022246595,0.0038136067,0.0059872167,0.009321256,0.012569905,0.018076617,0.026583143,0.03380982,pqr9pe6c.png,0,test
0.00029366103,0.009134634,0.0007248825,0.0005913407,0.001071253,0.0017741971,0.0029915762,0.004554686,0.00682962,0.008731169,0.011402745,0.014388867,0.01696978,pqxxj3of.png,0,test
0.00027789973,0.009164374,0.0006569611,0.0005472618,0.0010348022,0.0017253116,0.0029052503,0.00434703,0.006266369,0.007757346,0.009710129,0.011969078,0.013635826,pr4tw5s6.png,0,test
0.00029608744,0.00947036,0.0006702565,0.0005821304,0.0010919707,0.0018316057,0.0031403853,0.00483858,0.0070943143,0.008968541,0.011537105,0.0145771,0.016823336,prtt3nup.png,0,test
0.0002983772,0.009300903,0.0007470988,0.00059073354,0.0010848821,0.0018277486,0.003208848,0.0051058037,0.007834337,0.0102957245,0.013911399,0.018537305,0.021941483,prwy8zoi.png,0,test
0.00034017174,0.009815274,0.0007894264,0.0006934257,0.0012192881,0.0020406968,0.0035237994,0.005567709,0.008540478,0.01132141,0.015782975,0.022007167,0.027651368,psaldnj7.png,0,test
0.0003113969,0.009505635,0.0007613409,0.00057893415,0.0011473268,0.001913894,0.0032434734,0.0050119385,0.0077991406,0.010327624,0.014036425,0.019470736,0.024895687,ptu372vj.png,0,test
0.0003378624,0.009846421,0.00068166206,0.00057578995,0.001168007,0.0019106695,0.0033068054,0.0053353035,0.008619279,0.011870312,0.017242776,0.024663452,0.031437628,pu8pcu24.png,0,test
0.00036406508,0.010208633,0.00076228846,0.00060805987,0.0012696538,0.0020840256,0.0035287754,0.005469547,0.0085498,0.011533583,0.01615225,0.022731768,0.02790942,puq8mckn.png,0,test
0.00038064516,0.010238291,0.00070793746,0.00062888925,0.0013123312,0.0021727118,0.003759488,0.005972719,0.009630824,0.013178776,0.019147374,0.027745117,0.035038676,puwh1oqv.png,0,test
0.000305069,0.009449423,0.00070791715,0.00061906775,0.0011127983,0.00184976,0.003070483,0.004619191,0.006672522,0.008308243,0.010442298,0.01303055,0.015295174,puyw6mxr.png,0,test
0.00023949452,0.0080285305,0.0008286485,0.0005568124,0.0008553148,0.0014273706,0.0024536995,0.003830395,0.0060056886,0.0081799505,0.011511811,0.016336612,0.021190386,pw8zw7nh.png,0,test
0.0003156839,0.009691014,0.00067678,0.00057329127,0.0011483512,0.0018946445,0.0031622667,0.0048429607,0.007297697,0.009385522,0.012370967,0.016687283,0.020530757,pwjto7f2.png,0,test
0.00032737604,0.009807316,0.00078953314,0.0005966189,0.001170361,0.0019296139,0.0032998335,0.0051700245,0.007844249,0.010198908,0.013573427,0.018033614,0.021784272,pxc82slz.png,0,test
0.00036055277,0.01005231,0.000723173,0.00062599586,0.0012676906,0.0020849213,0.0035669298,0.0056312624,0.00876552,0.011614917,0.015783543,0.021557102,0.026622236,pxkq9dt1.png,0,test
0.000398345,0.010260302,0.00070592255,0.000671902,0.0013699001,0.0022943302,0.0040757405,0.0066942205,0.010930448,0.014897984,0.021189062,0.029029379,0.03336951,py221le1.png,0,test
0.00033804457,0.009850836,0.0007271737,0.0005956275,0.0012322742,0.0020722111,0.0036008349,0.0057942662,0.009038882,0.012067616,0.016768958,0.022959834,0.027306734,pyg638yi.png,0,test
0.0009880968,0.013658766,0.0020818792,0.001732848,0.0027560112,0.0045580524,0.008244713,0.014117495,0.024168441,0.034793485,0.053645838,0.08394794,0.10543571,pyk5sk39.png,0,test
0.00038782792,0.010311749,0.00071899564,0.000691547,0.001270254,0.002035971,0.0034223257,0.0053380686,0.008377273,0.011154853,0.015271052,0.0201851,0.022985302,pyts91af.png,0,test
0.00030040173,0.009324763,0.0006950995,0.00061412406,0.0011188074,0.0018840708,0.0032330567,0.0049486845,0.007128711,0.009044415,0.011937142,0.015747843,0.019057991,pyynq66q.png,0,test
0.0005458918,0.011598748,0.0009784704,0.0009158465,0.0017797265,0.002898591,0.004921968,0.007844773,0.012634048,0.017154215,0.024101758,0.033856,0.04054311,pz1ia2ga.png,0,test
0.0003771431,0.010382247,0.0008605748,0.0007171926,0.0012818193,0.0021377052,0.003774909,0.0061145835,0.0095529165,0.012804021,0.0177865,0.024694595,0.031738322,pzd8n0ob.png,0,test
0.00030342714,0.009524432,0.0007133,0.00062073534,0.0011093048,0.0018515772,0.003167869,0.0048785773,0.0072554215,0.009352197,0.012380206,0.01649716,0.019766446,pzrv0j35.png,0,test
0.00030797295,0.009532234,0.0006682941,0.00056147046,0.0011068707,0.0018309604,0.0031199104,0.004869398,0.0075394516,0.010002541,0.013479408,0.018432582,0.023160351,q0qcilc6.png,0,test
0.00032394438,0.00935767,0.00083937525,0.0007042878,0.0011738695,0.001992675,0.003526044,0.005623784,0.00866679,0.011503175,0.015499729,0.020478265,0.024288418,q10o9qqw.png,0,test
0.00032565746,0.009746796,0.00072787807,0.0005879569,0.0012077878,0.0020318294,0.0035440782,0.00556915,0.008582396,0.011212386,0.014730521,0.019402672,0.023463778,q25ywtk8.png,0,test
0.0003474484,0.009863798,0.00072603335,0.00059812574,0.0011953198,0.0019460558,0.003315679,0.005225776,0.008233326,0.011014565,0.015458462,0.021469913,0.02565817,q2mlwuwn.png,0,test
0.0003163368,0.0094273705,0.000801296,0.0006522617,0.001181798,0.0019824328,0.0034177022,0.005274115,0.0077304444,0.010022576,0.0135866385,0.018189747,0.021886071,q3yxspg5.png,0,test
0.00031514774,0.009634213,0.0007623041,0.00064651,0.0011427209,0.0019190586,0.0032997525,0.0050487863,0.0074745044,0.009589432,0.012712266,0.016710997,0.019702177,q4tndnqb.png,0,test
0.00027934308,0.009145712,0.0006999493,0.0005464696,0.0010259388,0.0017213068,0.0029322924,0.0044308,0.006478811,0.008207712,0.010616253,0.013764053,0.016455507,q5hhoi4k.png,0,test
0.00035142238,0.010486971,0.00070516166,0.00065349083,0.0012104573,0.00199264,0.0034109165,0.005327259,0.008051692,0.010512975,0.014278129,0.019248812,0.023409674,q73dlpgb.png,0,test
0.00036392326,0.010131869,0.00070937193,0.0006616095,0.0012707952,0.0020768105,0.0034827087,0.00530481,0.008086461,0.010678403,0.014681282,0.020290123,0.024761762,q8h9spck.png,0,test
0.00041262782,0.010620047,0.00067928014,0.000624825,0.0014438251,0.0024277912,0.004364095,0.007261668,0.0120853055,0.017008124,0.025866037,0.03949379,0.049934495,q8ta8rqd.png,0,test
0.0003942699,0.010405637,0.0007090878,0.00063972414,0.0013582665,0.002231512,0.0038238736,0.0060660057,0.009750645,0.013313719,0.0193414,0.02853779,0.035794146,q9al3uct.png,0,test
0.0003120421,0.009676551,0.00071487966,0.0006268907,0.0011105003,0.0018503343,0.0031644718,0.0048051206,0.007053993,0.008949493,0.011799309,0.015377423,0.018589165,q9wfb76a.png,0,test
0.00033101422,0.009835858,0.0007100006,0.0005823343,0.0011969852,0.0019765426,0.0034035367,0.0053373794,0.00823333,0.010850556,0.014702946,0.020017987,0.024883186,qa1rpm8u.png,0,test
0.00033881803,0.009691675,0.00080475095,0.00071624666,0.0012434755,0.0021067462,0.0037188053,0.006007817,0.009479575,0.012714247,0.018247642,0.027018297,0.036074903,qa2zqrpv.png,0,test
0.00036348117,0.01013886,0.00083185633,0.00066641223,0.0012433279,0.0020842068,0.0036690307,0.0059276535,0.009285873,0.012308832,0.01679846,0.022758607,0.028047385,qa9lbpre.png,0,test
0.00028004136,0.009146366,0.00068203226,0.00056044274,0.0010264858,0.0017104438,0.0029140224,0.0044766553,0.0067156116,0.00858507,0.011162667,0.014340837,0.016716478,qb09uw8p.png,0,test
0.000588939,0.011007204,0.0024202683,0.0012543026,0.0020651661,0.003254086,0.005468635,0.008710129,0.014217914,0.019894414,0.029394021,0.042796165,0.054252323,qb5tnn41.png,0,test
0.00031185977,0.009189772,0.0007506428,0.00067559606,0.0011413577,0.001929724,0.003337382,0.005203781,0.007835053,0.010262947,0.01399467,0.018896246,0.023878027,qbh0ryh5.png,0,test
0.00029529625,0.009240038,0.00068056,0.00061416713,0.0010827899,0.0018133448,0.0030910252,0.0047181076,0.006790753,0.008496518,0.011068831,0.014681938,0.018313015,qbkk2bil.png,0,test
0.0002589278,0.008729127,0.00060417823,0.0005075294,0.0009653683,0.0016223214,0.002839937,0.0044972654,0.006842279,0.008782086,0.011527071,0.015012517,0.017874137,qbvtdg3c.png,0,test
0.0003998687,0.010444106,0.00071016856,0.0006531456,0.0014154812,0.0023437701,0.0040742634,0.0065090293,0.01032369,0.013907145,0.01974503,0.028106343,0.03380147,qc0e99zw.png,0,test
0.000456854,0.010848031,0.0008266958,0.0007697693,0.0015534137,0.0025431106,0.004340541,0.006783041,0.010686436,0.014457122,0.020357523,0.02897519,0.036418363,qc5yald7.png,0,test
0.0003210082,0.009631059,0.0007070672,0.0006113581,0.0011696724,0.001947154,0.0032923557,0.0051196935,0.007859702,0.010491785,0.014596051,0.020401314,0.025477724,qc63yqiy.png,0,test
0.00030340973,0.00932849,0.00072005775,0.0006169375,0.0010983918,0.0018268584,0.0030821247,0.004672049,0.0068084784,0.008559904,0.011062022,0.014062487,0.016462386,qcd1d364.png,0,test
0.00030832418,0.009649232,0.00069825305,0.00060721824,0.0011120954,0.0018373308,0.0031106211,0.0047321892,0.0070186076,0.008900231,0.011525385,0.014592416,0.016997244,qcz0n04o.png,0,test
0.0003058965,0.009665648,0.0007265178,0.00058687455,0.0011167129,0.0018495884,0.003129752,0.004775516,0.0069755386,0.008753261,0.010956182,0.013633208,0.015739568,qdfq6ch3.png,0,test
0.00031632872,0.009537526,0.0006979465,0.00065279315,0.0011179976,0.0018383409,0.0030649963,0.0046031177,0.006894169,0.008995543,0.012256155,0.016930588,0.021065606,qeaeq2if.png,0,test
0.00032378527,0.009715931,0.0007054603,0.0005787129,0.0011739167,0.0019237945,0.0032487349,0.0049838223,0.007560715,0.009754119,0.012973992,0.017263342,0.020645078,qeqtkolh.png,0,test
0.00029304437,0.009176253,0.00063244795,0.0005895261,0.0010787591,0.0018077214,0.0030687975,0.0047133984,0.006985182,0.008977547,0.011776457,0.015552093,0.018618375,qfcpk7pw.png,0,test
0.0004012517,0.010478513,0.0008102331,0.00072683225,0.0013414223,0.0022001879,0.0037849026,0.0058763637,0.009032195,0.011882878,0.016021106,0.0213484,0.024892546,qgexp8wy.png,0,test
0.00031446025,0.009651515,0.0006963247,0.00059594755,0.0011655947,0.001946738,0.003290403,0.0049656066,0.0073647094,0.009499793,0.012558186,0.01648778,0.019500285,qgh9vfja.png,0,test
0.00028579985,0.00902853,0.0007070546,0.00059717445,0.0010245356,0.0016862466,0.0028313142,0.004297176,0.00638645,0.008255525,0.011087813,0.014510891,0.017677188,qgo8ryww.png,0,test
0.000918503,0.013284309,0.0018494554,0.0016320086,0.0026287215,0.004389266,0.008028321,0.013911958,0.023836546,0.034070197,0.052195203,0.08044158,0.0997958,qin5ibw0.png,0,test
0.00027865812,0.009029315,0.00065353565,0.00055971456,0.001044715,0.0017528629,0.0029906195,0.004627614,0.006919066,0.008907632,0.011936416,0.016333679,0.020051366,qixuce5y.png,0,test
0.00026612828,0.008824062,0.0006648517,0.0005279511,0.0009888597,0.0016552651,0.0027923186,0.004177961,0.0060664997,0.0077456036,0.0100989975,0.012843305,0.014972893,qj41k7lo.png,0,test
0.00029380887,0.009320038,0.00072258274,0.00059110246,0.0010848341,0.001807944,0.0030786607,0.0048009846,0.007171518,0.00929949,0.012453823,0.016925238,0.021237958,qj6276yo.png,0,test
0.00092451257,0.013268691,0.0017113785,0.001612642,0.0026869525,0.0045126234,0.008299252,0.014547455,0.02507793,0.035650507,0.05382566,0.081989646,0.10153151,qjw4idne.png,0,test
0.00033141536,0.009685185,0.00068955554,0.0006020001,0.0011436231,0.0018837426,0.0032640523,0.005190761,0.008264127,0.011058123,0.015368972,0.021379652,0.026053136,qjwearob.png,0,test
0.0002880015,0.009166003,0.00064396474,0.00059104204,0.0010593018,0.0017754036,0.0030703957,0.0047511677,0.0072271964,0.009408907,0.012853589,0.018014954,0.022990847,qkv0n4h2.png,0,test
0.00026950488,0.008982075,0.0005832554,0.000523682,0.0009823759,0.0016485578,0.0028675103,0.004439353,0.0066300007,0.008548928,0.011304843,0.014849605,0.017962001,ql0sckcw.png,0,test
0.00040270848,0.010395226,0.0007156281,0.00065552344,0.00138064,0.0022455235,0.003841432,0.0060736937,0.009631624,0.012973974,0.017975857,0.024641804,0.029608946,qlhpj345.png,0,test
0.00035778873,0.01036876,0.0007400397,0.0006728783,0.0012765871,0.0020840233,0.0034582266,0.005294556,0.0081114,0.010642051,0.014314875,0.019491496,0.024225576,qma6dt26.png,0,test
0.0003041431,0.00946815,0.00074363867,0.0005949104,0.0011227339,0.0018746707,0.0032036344,0.0049419883,0.007359844,0.009502287,0.012679557,0.01664079,0.01946637,qmr2zh5t.png,0,test
0.0009518602,0.013844334,0.0019383279,0.0016580621,0.00266771,0.004389974,0.0078942645,0.013588305,0.023309516,0.033410136,0.051159114,0.07988636,0.10017025,qmsieuxj.png,0,test
0.00038814705,0.010122421,0.0006516569,0.00060372124,0.0013594987,0.0022631614,0.0039975457,0.0064976765,0.010427769,0.014365907,0.021043872,0.030743262,0.036489252,qng8dzaf.png,0,test
0.0004227111,0.010694062,0.00083887886,0.0007432659,0.0013760607,0.00221034,0.0037434981,0.0058277017,0.008965371,0.0118639255,0.016215065,0.02176962,0.025564773,qo44hdlo.png,0,test
0.00035440506,0.009944611,0.000690052,0.000581993,0.001229297,0.0020384109,0.0035571153,0.005714342,0.008956037,0.01190464,0.016505005,0.023327697,0.029165057,qohhft48.png,0,test
0.0003425849,0.009898911,0.0007003074,0.0006113218,0.0011913686,0.0019589823,0.0033417107,0.005259506,0.008272216,0.011205132,0.015981138,0.023105409,0.029002879,qorgnlho.png,0,test
0.0003235331,0.009219996,0.00079257955,0.00070782704,0.0012140108,0.0020925691,0.0037654235,0.006139369,0.009635193,0.012949202,0.018514834,0.026752925,0.035384554,qp01rr7u.png,0,test
0.0002831147,0.009232318,0.00064104283,0.0005516534,0.0010286557,0.0017202318,0.0029297029,0.004423249,0.006363153,0.007920007,0.010014988,0.0124944225,0.01443423,qqqt0ygs.png,0,test
0.00039624562,0.010256056,0.00080631126,0.00068459316,0.0013629607,0.0022516877,0.0039035447,0.0063151503,0.010046022,0.013620025,0.019760987,0.029357139,0.036254358,qqxt7jo0.png,0,test
0.00029237606,0.009328904,0.00064795435,0.0005885369,0.0010566186,0.001755897,0.0030063426,0.004649634,0.00692224,0.008840855,0.011490912,0.015078977,0.018078873,qr3ev1rd.png,0,test
0.00033320487,0.009530241,0.0008627301,0.0007166777,0.0012393472,0.0021058212,0.0036684922,0.005783462,0.009018337,0.012074037,0.016669767,0.023239106,0.029316088,qrbjaone.png,0,test
0.0003854872,0.01012812,0.0008686462,0.00076549343,0.0014374132,0.0024629962,0.004390167,0.007297911,0.012610762,0.01869574,0.030654129,0.05414439,0.081147805,qsl7m33d.png,0,test
0.00032905955,0.009683384,0.0006791728,0.0005732951,0.0011978201,0.002004787,0.0034488377,0.00539166,0.008129481,0.010576633,0.014495226,0.019877823,0.023541095,qsn5qc35.png,0,test
0.0003697864,0.010193419,0.000762837,0.00066314754,0.0013185644,0.002184779,0.003713378,0.0057186713,0.008638139,0.011331648,0.015476546,0.02165914,0.027064633,qsnzjwl8.png,0,test
0.00032430785,0.00970501,0.000720071,0.00065230794,0.0011945496,0.0020194282,0.0035084914,0.005500829,0.0081844535,0.010560978,0.014188148,0.018954331,0.023033526,qu7dknnc.png,0,test
0.0009626334,0.013874216,0.0018196607,0.0016955538,0.0027159182,0.0045120465,0.008191741,0.014168101,0.024753733,0.035862673,0.055708516,0.08748009,0.10972921,qw64b9kk.png,0,test
0.0009107068,0.013490624,0.0017497755,0.0015710923,0.0026016075,0.0043360386,0.007876148,0.013599471,0.023512958,0.03371264,0.051690206,0.0803073,0.10082231,qwt1c7dr.png,0,test
0.00037177224,0.010299092,0.00070017506,0.00060186785,0.0013073045,0.0021722752,0.0038154074,0.0061063194,0.009770395,0.013391542,0.019711286,0.029356863,0.03808338,qy2945sb.png,0,test
0.00035660426,0.009940863,0.00081511226,0.0007567072,0.0013062701,0.0022102054,0.0038758244,0.006298405,0.009969391,0.013516439,0.019212302,0.028298734,0.037789345,qy4i3ikj.png,0,test
0.0002774646,0.009150999,0.00066123187,0.00054607843,0.0010288301,0.0017115136,0.0028852872,0.0043479996,0.0064005465,0.008214928,0.011033475,0.0152398925,0.019008791,qylbos46.png,0,test
0.0002889274,0.008997889,0.000710601,0.0006002492,0.001070052,0.0017805871,0.0029831557,0.004468452,0.006500556,0.0083370255,0.0109075885,0.014178304,0.016900865,qyu0t9wl.png,0,test
0.0003284769,0.009610494,0.00073280575,0.00069439557,0.001197254,0.001998401,0.0033961216,0.0052473596,0.007848059,0.010120824,0.013586014,0.018668268,0.023448676,qyvfgeq9.png,0,test
0.00028569932,0.009128824,0.00067639555,0.00057844265,0.00104291,0.0017393585,0.0029393854,0.004507797,0.0066909418,0.008492483,0.010961537,0.014189931,0.017052658,qz2dtjru.png,0,test
0.00036919207,0.010065006,0.0007318101,0.0006490362,0.001314662,0.002142545,0.0036635087,0.005717262,0.008773932,0.011493354,0.015517895,0.020790441,0.025482628,qz3075d0.png,0,test
0.00027292315,0.008814922,0.0006193328,0.0005771045,0.0010031679,0.0016701152,0.0028578844,0.004448783,0.0066255373,0.008541093,0.011450792,0.015240712,0.018568734,qzn7xbvz.png,0,test
0.00029752168,0.009380851,0.0006598017,0.00059726904,0.0010827284,0.0018116282,0.0031286485,0.00484512,0.0072459592,0.009323402,0.012341031,0.016201194,0.019638408,r1133d91.png,0,test
0.00053922756,0.010763624,0.0019741359,0.0010814805,0.0018671594,0.002969446,0.005060708,0.008127287,0.013096608,0.018044895,0.026156977,0.037517074,0.04603325,r1e0e8gm.png,0,test
0.0003456884,0.01000627,0.00068492664,0.0005987578,0.0012267504,0.00202391,0.0034489434,0.005321018,0.0081797745,0.010952892,0.015286412,0.021484511,0.02606059,r29fmsh9.png,0,test
0.00035581802,0.010034244,0.00070447585,0.0006206126,0.001319616,0.0022542246,0.0040245745,0.006597206,0.011146155,0.015883626,0.024607891,0.03857416,0.051277112,r2nxyztb.png,0,test
0.0002752599,0.009130888,0.0006151132,0.00053747115,0.0009860118,0.0016616391,0.0029114068,0.0046021477,0.0069831335,0.008963939,0.0117114475,0.015088829,0.017939333,r2pryvf3.png,0,test
0.00029371426,0.0091041215,0.0007353188,0.0005976711,0.0010713731,0.001776797,0.0030033516,0.0046306737,0.0069343452,0.008884923,0.011475825,0.0145830745,0.016987251,r2tlsbmf.png,0,test
0.00028082213,0.008992844,0.0006442856,0.0005814998,0.0010211689,0.0017208583,0.00300598,0.004721507,0.0071327393,0.009214202,0.012163529,0.016148183,0.020070847,r39iixha.png,0,test
0.0008771389,0.013237559,0.0018516589,0.0015794551,0.0025119921,0.0041917274,0.0077324463,0.013535688,0.023645248,0.034390353,0.053440258,0.08375758,0.10527613,r3bxho8s.png,0,test
0.00035248545,0.009694958,0.00089514075,0.00074003614,0.0012404141,0.0020780254,0.0035701701,0.00568811,0.009011033,0.012240973,0.017129337,0.024103988,0.029783228,r4295loo.png,0,test
0.00035354198,0.010015514,0.00078367797,0.0006187695,0.0012626016,0.00204527,0.0034087365,0.0052166614,0.007953031,0.010452221,0.014243458,0.019208893,0.022029676,r50p5m56.png,0,test
0.00031181145,0.009151377,0.00074973266,0.0006857093,0.0011652075,0.0019682893,0.003413403,0.0054328954,0.008399854,0.011184595,0.0154626435,0.021994224,0.028520098,r5ert8ze.png,0,test
0.000571575,0.011228993,0.0014066187,0.0010069702,0.0019003886,0.0031855747,0.0056400676,0.009393123,0.0158697,0.022345636,0.033020925,0.050983604,0.06992059,r5llxipl.png,0,test
0.00026716536,0.008750377,0.0006360615,0.0005540247,0.0009967838,0.0016871799,0.00292852,0.0045304024,0.0068485676,0.009018463,0.01241942,0.017296167,0.021852607,r6kfkldf.png,0,test
0.00034876357,0.01028803,0.00083931437,0.00063592155,0.0012314045,0.0020533556,0.0035783728,0.0057609105,0.009293297,0.012531314,0.017397113,0.02422382,0.030251853,r8g3mrfv.png,0,test
0.00031116934,0.0096278405,0.00076199975,0.0005925949,0.0011449072,0.0019042833,0.0032234925,0.0048948335,0.007230965,0.00920638,0.012052113,0.01584069,0.019066371,r96rs6ky.png,0,test
0.00029219018,0.00929232,0.00064700417,0.00058906083,0.0010459342,0.0017338331,0.0029416897,0.0044987495,0.006716759,0.008759452,0.011825951,0.01589211,0.019507917,r9d02u7j.png,0,test
0.0003579016,0.01009131,0.0007102907,0.00061529287,0.001294087,0.0021556704,0.003763643,0.006104244,0.010020616,0.013750273,0.020116631,0.030054454,0.038524136,r9okat9h.png,0,test
0.0006395688,0.010522026,0.0017872571,0.0015207203,0.0019550654,0.0033076748,0.006091395,0.010186526,0.016797159,0.023319533,0.033712592,0.049420856,0.06261387,r9xszzvv.png,0,test
0.00036217002,0.010039689,0.00068768236,0.00060290564,0.0012646924,0.0020977377,0.0036758205,0.005869011,0.008986982,0.011905954,0.01648906,0.02286408,0.027493056,raebp5l1.png,0,test
0.0002923308,0.009203164,0.0007429627,0.0006017644,0.0010631834,0.0017842824,0.0030937453,0.0048114765,0.0071726493,0.009257557,0.01222736,0.016250115,0.01961114,rag0kxxk.png,0,test
0.00027885294,0.009159845,0.0006973472,0.000555792,0.0010106852,0.001666925,0.0027749634,0.004103036,0.0058908723,0.007397475,0.009453649,0.011946014,0.014118978,rajib931.png,0,test
0.00038799533,0.010367781,0.00076029036,0.0006533938,0.0013891323,0.0023250533,0.0041113854,0.0067369207,0.0109110875,0.014967509,0.021819834,0.03183945,0.039613176,ranlost2.png,0,test
0.00037139942,0.010039737,0.00087304733,0.00068367977,0.0012858618,0.0021449437,0.003751913,0.0058968845,0.009129073,0.012171327,0.01676322,0.02314961,0.028657693,rb2d5lo9.png,0,test
0.0009142647,0.013059405,0.002039145,0.0016276526,0.0025411798,0.0041866307,0.0075569134,0.013053122,0.022595098,0.032635093,0.049736626,0.07582219,0.09323768,rb6lx89j.png,0,test
0.000583501,0.010348491,0.00139831,0.0012868559,0.001803203,0.0030645328,0.0055903946,0.009564854,0.016329752,0.02301222,0.033860944,0.050362863,0.06408109,rbex57xk.png,0,test
0.0005255389,0.010717624,0.0018926734,0.0010712546,0.0018566976,0.0029496583,0.00500041,0.007986922,0.012709177,0.017261846,0.024193207,0.033492133,0.041733503,rbv6i2x4.png,0,test
0.00057241693,0.010606029,0.0012385716,0.0012144129,0.0017889871,0.0030207029,0.0054788147,0.009263939,0.015488197,0.021496888,0.031070217,0.046000715,0.057327915,rcgft3z0.png,0,test
0.00031374267,0.009702649,0.0007739713,0.00060578546,0.0011476774,0.0018954425,0.0031342856,0.0046621007,0.006756123,0.008618357,0.011173334,0.014475594,0.017050847,rcp2mx62.png,0,test
0.00033011843,0.009595763,0.00078552734,0.00068263244,0.0011847463,0.0019823185,0.0033627788,0.00513487,0.0075890203,0.009716275,0.013109531,0.018539352,0.02332348,rd4mwpmi.png,0,test
0.00030479263,0.009090375,0.00071565993,0.00065518846,0.0011277364,0.001907666,0.0033474339,0.0052909893,0.008122788,0.010517371,0.01394381,0.01835919,0.022652274,rdlykfx8.png,0,test
0.00055487663,0.009738131,0.0021283801,0.0013182675,0.0018638659,0.003376262,0.0069400663,0.012487687,0.022763921,0.033505484,0.05048561,0.07541837,0.104951195,reizipnm.png,0,test
0.000275644,0.009118957,0.00066225725,0.0005402194,0.0010180662,0.0016904378,0.0028495088,0.0043686023,0.006538109,0.008334107,0.010886712,0.014272044,0.016976278,rf2o529m.png,0,test
0.00049817935,0.0107999835,0.0013578122,0.0008986038,0.0017094,0.002875764,0.005147055,0.008711101,0.015196084,0.022186529,0.0348161,0.057449523,0.082209975,rffuefzk.png,0,test
0.0003185178,0.009641481,0.0006981814,0.00063656707,0.001149977,0.0019488822,0.0034871467,0.0057697007,0.009564919,0.013230524,0.019168362,0.027809909,0.03560523,rfgxj607.png,0,test
0.0002959762,0.009245754,0.000644884,0.0006101106,0.0010933006,0.0018486796,0.0032599352,0.0052478877,0.008151722,0.010867389,0.015486984,0.02279877,0.029874707,rfjl9vt3.png,0,test
0.00037924852,0.01027503,0.0008050219,0.00068392645,0.0013026819,0.002138193,0.0036718363,0.005789458,0.008900376,0.011922624,0.016317386,0.021979067,0.025092196,rgsx8c41.png,0,test
0.00029978825,0.009524328,0.00069032045,0.0005759743,0.0010972209,0.0018075713,0.0030120907,0.004530064,0.006610138,0.008329924,0.010735677,0.013619591,0.015966464,rhc0cm9t.png,0,test
0.00031602103,0.009437988,0.0007360271,0.00067226007,0.0011377219,0.0018849735,0.0032341878,0.0050787823,0.00770203,0.010066261,0.013599457,0.018598724,0.023291623,rj4bx952.png,0,test
0.00033140896,0.00945864,0.0007994522,0.0007175011,0.0012386332,0.002073976,0.00348357,0.005248373,0.007542044,0.009463926,0.012264046,0.0161362,0.019809846,rjpdjbpq.png,0,test
0.00035098047,0.009974709,0.0007610727,0.0006111444,0.0012823928,0.0021681227,0.0038077142,0.0060897013,0.009553499,0.0128369685,0.018601095,0.027463358,0.034689035,rl321iel.png,0,test
0.00040858478,0.010357724,0.0007578406,0.0007176104,0.0014009874,0.0023793255,0.0043106982,0.0071733855,0.011718956,0.015985047,0.022574639,0.032027885,0.04127959,rl5qr4ff.png,0,test
0.00028956032,0.009067896,0.00067793875,0.00057869445,0.00107866,0.001830769,0.0031658378,0.004990563,0.00782117,0.010558393,0.014812617,0.020414578,0.02517753,rlb65sx0.png,0,test
0.00039100065,0.010238067,0.000755441,0.00069248275,0.0013835178,0.0022509962,0.0037934785,0.005972808,0.009365281,0.012402423,0.017107798,0.023332829,0.027451936,rll5tdxs.png,0,test
0.00030687242,0.009451781,0.0006820756,0.0006248606,0.0011169717,0.0018566508,0.0031255365,0.004740758,0.006929921,0.008869157,0.01176442,0.015557135,0.019253397,rnh2ph1d.png,0,test
0.00030468203,0.009420111,0.00072699436,0.00055351283,0.001078541,0.0017771403,0.0030411473,0.00476519,0.007336377,0.009621049,0.012994631,0.017742518,0.021655811,rntv1lsq.png,0,test
0.0003274942,0.010016533,0.00072575506,0.00062379125,0.0011500054,0.0019315542,0.0033955018,0.0054048193,0.008252545,0.010700729,0.014437462,0.019424591,0.02413297,rontdi9o.png,0,test
0.00029903906,0.009107502,0.0007195012,0.00062543753,0.0011007126,0.0018553843,0.003204579,0.0048783394,0.007068777,0.008937805,0.011569526,0.0147819985,0.017218124,rp8qciwv.png,0,test
0.00036055886,0.010160893,0.0006905767,0.0005961437,0.0012709154,0.002096938,0.0035988498,0.0056452802,0.008585209,0.011222101,0.0155108925,0.022176126,0.027698345,rpnuzfhq.png,0,test
0.00028188707,0.0090288455,0.0006619776,0.0005852549,0.0010370541,0.0017281172,0.0029584751,0.004610467,0.006946259,0.008893343,0.01165268,0.015527627,0.01914628,rpoklf43.png,0,test
0.000326528,0.009802683,0.0007619179,0.0005933513,0.0011747133,0.0019456516,0.003275244,0.005027864,0.0076775714,0.010047092,0.013486263,0.018308042,0.022588568,rreyiya2.png,0,test
0.0002568496,0.008106008,0.000838176,0.000613879,0.0009096444,0.0014927603,0.002577033,0.004132664,0.00677902,0.009625311,0.014667204,0.022240557,0.030080294,rrw0ad9a.png,0,test
0.00037518225,0.010215329,0.000669947,0.0005830616,0.0012919784,0.0021301503,0.0036644598,0.005776229,0.0089617055,0.011952732,0.016915165,0.024269635,0.030823877,rs4qbt4o.png,0,test
0.0003227661,0.009494958,0.00075939426,0.00069260225,0.0011459766,0.0019298621,0.0033868286,0.00537806,0.008207231,0.010865143,0.014900892,0.02050513,0.026000163,rthfhlac.png,0,test
0.00037416467,0.01016808,0.00069888297,0.00063150993,0.0012799299,0.0020775099,0.0035111397,0.005525667,0.008676063,0.011450336,0.01564592,0.021507993,0.026044976,rthnzvfd.png,0,test
0.00033733516,0.00977473,0.0007038659,0.000605224,0.001151686,0.001873546,0.003174132,0.004941507,0.0076177293,0.010078814,0.013682218,0.01872757,0.02214101,rtjq39p3.png,0,test
0.00030154988,0.009129273,0.0007511096,0.0006375311,0.0011137496,0.0018927178,0.003287949,0.0051411972,0.007944748,0.010506965,0.014186652,0.01938145,0.024631532,rtmlxejx.png,0,test
0.00032517774,0.009484207,0.0008236238,0.000684177,0.0011861991,0.0020051657,0.0035007806,0.005596128,0.009076459,0.012268161,0.017097132,0.024263313,0.031714227,rtoulrvm.png,0,test
0.0002919824,0.009266224,0.000649329,0.0005734891,0.0010644953,0.0017793883,0.0030777503,0.004791047,0.007155256,0.009231962,0.012325289,0.016564438,0.020252652,rtpmo841.png,0,test
0.0003250968,0.00983233,0.000780034,0.00063800905,0.0011861441,0.00193895,0.003183442,0.004668065,0.0066804513,0.008325548,0.010624175,0.01338041,0.015634269,rucheip6.png,0,test
0.00035304442,0.009338048,0.0010998859,0.0008068483,0.0012716473,0.002172913,0.0039376817,0.0066195205,0.010677257,0.0146641685,0.021543302,0.03267125,0.046074674,ruy6avbe.png,0,test
0.0003087911,0.009399172,0.0007528315,0.00063008,0.001126095,0.0018701724,0.003178096,0.0048630238,0.007266374,0.009579362,0.013071794,0.017762117,0.022076221,rv8tj0nk.png,0,test
0.0003877848,0.010115926,0.00082953885,0.00069709617,0.0013324807,0.0021933846,0.0038084646,0.0060796714,0.009553787,0.012709305,0.017449085,0.023423122,0.02769144,rvu9b8rv.png,0,test
0.00029580083,0.008996788,0.0006799469,0.0006304316,0.0011063407,0.001862891,0.0032219957,0.0049816947,0.0073579755,0.009481651,0.012495261,0.016485088,0.020545254,rw4vnzvz.png,0,test
0.00033237247,0.0096043525,0.0006824196,0.0005678217,0.0011784746,0.001980206,0.0034850484,0.005615587,0.008782482,0.011625335,0.015897656,0.021308847,0.025280153,rwckk0bz.png,0,test
0.00031397713,0.009370873,0.0007677547,0.00063763856,0.0011615132,0.0019521457,0.0033554975,0.005118434,0.0076618986,0.009956487,0.013014489,0.016526034,0.018594623,rwyzdk5n.png,0,test
0.00028164286,0.009093633,0.00066250016,0.0005749599,0.0010422665,0.0017417229,0.0029751642,0.004563613,0.0068429685,0.008772745,0.0114215985,0.014919892,0.017998464,rx0gwhao.png,0,test
0.00033908628,0.0099372575,0.0007665548,0.0006442769,0.0012179314,0.0019955647,0.003365338,0.005218418,0.0081298975,0.0106945,0.014310406,0.018832346,0.022972073,rxeyuvv4.png,0,test
0.00027927945,0.008989421,0.0007047578,0.0005568838,0.0010463346,0.0017401347,0.0029195312,0.0043389443,0.0062312065,0.007936511,0.010222633,0.012962481,0.015329888,rxtvdoeu.png,0,test
0.00034643975,0.009786823,0.00075216143,0.0006180361,0.001249426,0.00209164,0.0036226576,0.0056878217,0.008977758,0.011977901,0.016967883,0.024234828,0.030149018,rxw0jy7j.png,0,test
0.00055185927,0.010697301,0.0021626207,0.0011464179,0.0019423314,0.003069928,0.005178068,0.008289084,0.013376862,0.018505132,0.02694534,0.038504086,0.047838014,ry3vvvf7.png,0,test
0.0003206242,0.009723125,0.0007378995,0.0005997836,0.0011800752,0.001952304,0.003278803,0.0050122384,0.007458024,0.009399348,0.01208217,0.015480124,0.017579904,ry67i24m.png,0,test
0.0004323064,0.010678193,0.00087599864,0.000761359,0.0014278259,0.002325065,0.003929299,0.0061156,0.009610802,0.012974495,0.018448133,0.026446542,0.03333037,rz3rmme7.png,0,test
0.0003229369,0.009422675,0.0007916854,0.00070677017,0.0011585754,0.0019375872,0.0033366054,0.0052833734,0.008143372,0.010605771,0.014356136,0.019512959,0.024626067,rz4ktfre.png,0,test
0.0002854312,0.009169563,0.00068412477,0.0005688774,0.0010712303,0.0017978861,0.0030473815,0.0046762703,0.0070934813,0.009255691,0.012599867,0.017198695,0.021041898,rzzrwhxt.png,0,test
0.00039357695,0.010649492,0.000955862,0.0007371921,0.0013445287,0.0022582249,0.004013854,0.006381079,0.009665511,0.01266388,0.017190501,0.023242107,0.028273769,s13vjuxe.png,0,test
0.00032413716,0.009590302,0.00073676417,0.0005880051,0.0011513963,0.0019216427,0.0033236193,0.0052145883,0.007963343,0.010340653,0.013768103,0.018022254,0.021903725,s1k9ye9o.png,0,test
0.00029564428,0.009442436,0.00064928515,0.00055511686,0.0010822706,0.0018109243,0.0030971211,0.0048142723,0.007317239,0.009512474,0.01256752,0.016394416,0.019139653,s2x0ha8w.png,0,test
0.00032196892,0.009753746,0.00071993377,0.00060341536,0.0011843554,0.001950591,0.003243302,0.0048705204,0.0072217975,0.009140634,0.0116721215,0.01448498,0.015889375,s34daczm.png,0,test
0.000303519,0.009267005,0.0007424811,0.0006196419,0.0011246469,0.0018877175,0.0032066023,0.0049015833,0.0072003813,0.009167672,0.0119021535,0.015303409,0.01804137,s405whii.png,0,test
0.00035411635,0.009937923,0.0007463375,0.00064564,0.0012407902,0.0020633228,0.0035489874,0.0055951998,0.008945347,0.01231855,0.017912552,0.026687983,0.03519322,s40ocmc9.png,0,test
0.00030180337,0.00954258,0.0006918383,0.0006053738,0.0010925247,0.0018421721,0.0031940283,0.00500617,0.007627745,0.009912789,0.013186949,0.017926928,0.022786578,s4tbuz9r.png,0,test
0.00028076785,0.009083332,0.0006895608,0.00054944574,0.001045119,0.0017377121,0.002955524,0.0045367335,0.006799241,0.008853507,0.011851047,0.015368269,0.018390069,s5g65q8l.png,0,test
0.00032729798,0.009490571,0.00077009306,0.0006806509,0.001191949,0.002008508,0.003488829,0.0055159316,0.008560486,0.011318527,0.01577244,0.02233488,0.028334524,s5tapwi7.png,0,test
0.00037687956,0.010574921,0.0008353958,0.0007256247,0.0012739555,0.0021042945,0.003629027,0.0057445555,0.008918042,0.011849707,0.016519314,0.023362597,0.030050691,s62c1jlo.png,0,test
0.00027363448,0.008912968,0.0006224317,0.0005639414,0.0010013347,0.0016696649,0.0028681655,0.004540492,0.006995061,0.009194919,0.012572347,0.017136656,0.022128914,s6r6bilq.png,0,test
0.00027707618,0.009128799,0.0006478981,0.0005400478,0.00102435,0.0017084379,0.0028986363,0.004420086,0.006499345,0.008208806,0.010551039,0.013626657,0.0158574,s7dc6jae.png,0,test
0.00026643052,0.009033985,0.0006011134,0.0005287256,0.0009711037,0.0016107478,0.0027498133,0.004239274,0.0063427994,0.008233425,0.0110102715,0.014681244,0.017610867,s7i5lgo9.png,0,test
0.0006748787,0.010733331,0.0019178303,0.001569993,0.0020948206,0.0036135665,0.00684772,0.011954598,0.02025786,0.028756602,0.04293668,0.06559486,0.08521808,s7jhfkab.png,0,test
0.00031444166,0.009674822,0.00072292826,0.00059237593,0.00112227,0.0018506157,0.0031203867,0.0047055474,0.0068973172,0.008812723,0.011549151,0.015043695,0.017540969,s87z8o5x.png,0,test
0.0003113651,0.0095155975,0.00080411404,0.00062620355,0.0011426357,0.001917296,0.0032641906,0.0049824896,0.0074735326,0.009721127,0.012908742,0.017331248,0.02127804,s917e95u.png,0,test
0.00029499782,0.009456424,0.00068546284,0.000557605,0.0010916037,0.0018126662,0.003064879,0.0046724174,0.007008066,0.008952073,0.01169462,0.0154016465,0.018727232,s9iobmsy.png,0,test
0.00031459169,0.009442953,0.0006509412,0.000620642,0.0011190355,0.0018584632,0.003205585,0.0050507896,0.0076505425,0.00990028,0.013384773,0.01811299,0.022132706,sazwvmpg.png,0,test
0.0004159791,0.010263815,0.00097271916,0.0007651806,0.0014925731,0.002415902,0.0040873075,0.00638187,0.009941011,0.013475315,0.01927855,0.027151715,0.032144725,scebpuwf.png,0,test
0.0003702468,0.010448112,0.00084626814,0.0006786256,0.0012833113,0.0021251403,0.0035896155,0.0054904385,0.008354412,0.010986251,0.015099185,0.021093698,0.026699731,scpf5kji.png,0,test
0.0005738732,0.010586894,0.0012766997,0.0011976493,0.0018022833,0.0030732304,0.005672187,0.009721513,0.016130786,0.022309005,0.032217667,0.047383573,0.058411513,sd75oj4m.png,0,test
0.00030226444,0.009530642,0.0007368471,0.0005650953,0.0011224045,0.0018639893,0.0031663743,0.0048131943,0.0071955803,0.009220414,0.011839878,0.014974861,0.017386202,sdbia619.png,0,test
0.000880062,0.013265285,0.0015986576,0.0014701263,0.002517544,0.004173683,0.0075534643,0.012794367,0.021469941,0.03023546,0.044846814,0.06697639,0.0821275,sddc05k1.png,0,test
0.00036893977,0.01035077,0.000727155,0.0006452007,0.0012894972,0.00211155,0.0035521148,0.005414985,0.008186695,0.010748017,0.014371399,0.019074205,0.022141334,sdn7w6sa.png,0,test
0.00034152417,0.0099800555,0.0007112307,0.00059012923,0.0011593411,0.0019095421,0.0032897915,0.005147417,0.00796364,0.0106445635,0.014506389,0.019979008,0.023463463,sdqxm4cd.png,0,test
0.00029472812,0.009081126,0.0006901139,0.00062635454,0.0010717703,0.0017899926,0.0031074772,0.004902513,0.007459225,0.0098306015,0.013502276,0.01902877,0.024063818,sdtfyt80.png,0,test
0.0010120583,0.013438211,0.0019996378,0.001782521,0.0028606656,0.004751171,0.008624425,0.014780229,0.02507287,0.035361268,0.052772343,0.079050034,0.09545877,seastuxy.png,0,test
0.0003882448,0.010183345,0.0006985499,0.0006664234,0.0013734325,0.0022713447,0.0039253067,0.0061648153,0.009528267,0.01278693,0.017938172,0.024997298,0.029853258,sfxustbr.png,0,test
0.0003479157,0.009897509,0.00069502776,0.00061279465,0.0012154544,0.0019881143,0.0033628293,0.005307804,0.008537066,0.011500784,0.016206503,0.022868566,0.027472839,sgdv2kfz.png,0,test
0.00038043197,0.010504375,0.00080772326,0.00072810956,0.0013206587,0.0022001648,0.0038177578,0.006078445,0.009246537,0.012223568,0.016681995,0.023158334,0.029357025,sglcm9s4.png,0,test
0.0003925774,0.010395143,0.000766348,0.0006566543,0.0013226568,0.0021658547,0.0036940686,0.005819024,0.009180501,0.012425183,0.017508727,0.024695925,0.029873025,sgq78ow3.png,0,test
0.00039744272,0.010412298,0.0007528588,0.0006654665,0.0013531015,0.0022104105,0.0037958617,0.0060187345,0.009453804,0.012676996,0.017780328,0.024503471,0.029223025,sh9gjk3f.png,0,test
0.0003457725,0.009588561,0.00090011477,0.0007828588,0.0012240572,0.0020187262,0.0034668099,0.005325299,0.007887129,0.010159699,0.01363692,0.01876882,0.023262316,shd6m2hn.png,0,test
0.0010198961,0.013520318,0.0021990053,0.0018320065,0.0028705539,0.004785742,0.008750518,0.015243465,0.02655349,0.038331717,0.058655106,0.09006962,0.110851154,shut9y6u.png,0,test
0.00035873897,0.0104315635,0.0007706836,0.00066554715,0.0012729164,0.002104577,0.003568749,0.005498466,0.0084231375,0.011094793,0.015045666,0.020263577,0.02426161,si6igo6z.png,0,test
0.0003471377,0.009759443,0.0008240195,0.0007065448,0.0012287135,0.002068944,0.0036210795,0.005856254,0.009372263,0.012598542,0.017763358,0.02558226,0.03418567,sigbiaf9.png,0,test
0.00091169885,0.0134033365,0.0016828965,0.0015096576,0.0026245948,0.004397578,0.0080689415,0.013930876,0.02370036,0.0337508,0.050557382,0.07602275,0.09327092,silqclu2.png,0,test
0.00093006506,0.013316173,0.001915749,0.0015897778,0.0026485447,0.0043894844,0.007973295,0.013719503,0.02367181,0.034163184,0.052975338,0.083139434,0.10583016,sj27rbi4.png,0,test
0.0003019616,0.0093527455,0.0006751357,0.0006009857,0.0011095988,0.0018443692,0.0031169455,0.0047279852,0.006862269,0.008653523,0.0113183465,0.014929215,0.018324776,sj75vw2o.png,0,test
0.00097337365,0.013498012,0.0018200292,0.0017419602,0.0027963913,0.0046958923,0.008597256,0.014873052,0.02575003,0.037048902,0.057147793,0.08988396,0.11285027,sjgwok7x.png,0,test
0.0002872853,0.009132936,0.000658111,0.00057957787,0.0010348258,0.001731894,0.003015551,0.0047367807,0.007183345,0.00952205,0.013303367,0.019025374,0.024208542,sjw7tbdd.png,0,test
0.00033447167,0.0098292995,0.00073975004,0.0005825083,0.0012371801,0.0020811534,0.0036366594,0.005826361,0.009055616,0.011966173,0.016267119,0.022770662,0.028403014,skv1vq6h.png,0,test
0.00032941237,0.009518667,0.0008347514,0.00073729944,0.0012103115,0.0020176645,0.0034265625,0.0053106435,0.007915386,0.010256012,0.013673072,0.018587867,0.023116816,skx31ly4.png,0,test
0.0002914481,0.009158286,0.0007032133,0.00056653033,0.0010762599,0.0017979109,0.0030285257,0.0045558317,0.0066953273,0.008632244,0.011636455,0.015579031,0.018946635,skyhl5x9.png,0,test
0.00028788575,0.009068409,0.000695686,0.0005882125,0.0010415529,0.0017239233,0.0029300184,0.0045171273,0.006683081,0.008602928,0.011349722,0.015222848,0.0186987,sley1lo8.png,0,test
0.00028008627,0.009177929,0.00065589865,0.0005519782,0.0010272348,0.0016937781,0.0028005259,0.0041325716,0.005865614,0.0073237983,0.009279606,0.011591018,0.013435423,slqbw677.png,0,test
0.00035707728,0.010196568,0.0007519868,0.00061199773,0.001269643,0.0020701203,0.0034383163,0.0051060077,0.007463318,0.009514879,0.012400482,0.015691927,0.017772298,smenkfbh.png,0,test
0.00039926564,0.010420688,0.0008327502,0.00071739237,0.0013392204,0.0021796252,0.0037160502,0.005849375,0.009279121,0.012834707,0.01855036,0.027118761,0.035902414,smuxx2vv.png,0,test
0.00032409863,0.009598316,0.0006738378,0.0005655538,0.0011365172,0.0018749404,0.0031812913,0.004948612,0.0075364253,0.009806039,0.012999684,0.017218297,0.019688403,snar8bq9.png,0,test
0.000305886,0.009516892,0.0006999419,0.0005688597,0.0011372652,0.0018798822,0.00313922,0.004727985,0.0068791695,0.008574528,0.011001169,0.014054197,0.016059818,snhkkeox.png,0,test
0.00035560658,0.01008801,0.00076104735,0.000606614,0.0012819197,0.0021483076,0.0037760918,0.0061441325,0.010018049,0.013847312,0.020419134,0.031184787,0.04138293,sp6ddjv6.png,0,test
0.00031015684,0.009613586,0.0006948411,0.00061158295,0.0011163435,0.0018328183,0.003064822,0.0046717385,0.0070693335,0.009284673,0.012584009,0.017473748,0.022085246,spcvq847.png,0,test
0.00030260993,0.009138002,0.00074935675,0.00063729734,0.0011328023,0.0019016181,0.0032832008,0.005050866,0.0074245646,0.009542131,0.012786008,0.017262783,0.021625193,spqhmx56.png,0,test
0.00032789382,0.00936197,0.00085068506,0.0006989795,0.0011804831,0.0019915486,0.003524853,0.0056983493,0.009195604,0.012541604,0.017553387,0.02438753,0.0315846,spu43cmc.png,0,test
0.0003406095,0.0100524295,0.00069557654,0.0006333809,0.0012130885,0.0020033664,0.0033881497,0.005221635,0.007948402,0.010216763,0.013291944,0.017426841,0.020715201,ssewjdm9.png,0,test
0.000284956,0.009170047,0.00063104596,0.0005777448,0.0010383202,0.0017256553,0.0029532127,0.004549844,0.006910346,0.009049279,0.012304816,0.016581174,0.0208728,sssuljaf.png,0,test
0.00034322948,0.009809441,0.00085210445,0.0007304331,0.0012351534,0.0020499148,0.0034683011,0.0053713806,0.008104482,0.010543643,0.0140410615,0.018331585,0.0216936,sv20qvzg.png,0,test
0.00034748306,0.009600195,0.00093317265,0.0007706603,0.0012816422,0.0021631657,0.0036976957,0.0057527777,0.008793584,0.011775765,0.016418379,0.023610184,0.03090447,svjkj54b.png,0,test
0.0003094471,0.009482811,0.0006836139,0.00062622206,0.0011548934,0.0019325821,0.00327867,0.005050822,0.0074650287,0.009521288,0.012506304,0.016600553,0.020348134,svuccpug.png,0,test
0.00040265647,0.010596068,0.000978479,0.0008046329,0.0013822971,0.0023171515,0.0041268114,0.0068159006,0.011066196,0.015010533,0.020950466,0.029129937,0.036236692,swkqx4tf.png,0,test
0.0004100924,0.010462718,0.0007492338,0.0006665734,0.0013673338,0.0022286219,0.0038613132,0.0061851474,0.009838814,0.013326501,0.01895976,0.027352918,0.034727734,swllof0e.png,0,test
0.00061317475,0.011717584,0.0016882792,0.0012817421,0.0021705504,0.0035277158,0.006017406,0.00960698,0.015360702,0.020943433,0.030382965,0.04554938,0.06102513,swokj2ni.png,0,test
0.00029217757,0.009245657,0.0007173114,0.0006085519,0.0010741312,0.0017884981,0.0030508544,0.0046758247,0.0069585205,0.008766017,0.01116363,0.013958702,0.016453294,swxkqtq3.png,0,test
0.00036136844,0.010092729,0.0009013956,0.00077055354,0.0012842733,0.0021299492,0.0036668293,0.0057868483,0.008956139,0.011865622,0.016347846,0.023225756,0.029930815,swyfzdqy.png,0,test
0.00030339655,0.009278847,0.00070356857,0.0006502538,0.0010952022,0.0018355784,0.0031630269,0.004970974,0.007600115,0.010006531,0.013862634,0.019912923,0.026101604,sxgjtlme.png,0,test
0.00031540514,0.009282871,0.0007566026,0.0006675461,0.0011422216,0.0019055587,0.0032635618,0.005039062,0.007549299,0.009753991,0.013096484,0.017495107,0.021241192,sxjiueov.png,0,test
0.00035879365,0.010491429,0.0008439799,0.0006676046,0.0012231576,0.0020090933,0.0034514533,0.005422181,0.008385132,0.011210677,0.015517668,0.021104686,0.025379764,sz4si83z.png,0,test
0.000365407,0.010503419,0.00076565397,0.00065180665,0.0012914975,0.002117842,0.0035674514,0.005520472,0.00858308,0.011372187,0.015833626,0.02259306,0.029558154,t12edm4e.png,0,test
0.00033728266,0.009600973,0.00081109535,0.000728263,0.0012081031,0.0020487315,0.0036541633,0.0059755216,0.009716537,0.01318137,0.01883244,0.027801357,0.037281357,t1kcgqqc.png,0,test
0.00037674833,0.0101259,0.0007754506,0.0006728187,0.0012790274,0.0020932092,0.0035999366,0.0057337303,0.009182127,0.012488748,0.017640475,0.02533983,0.032516282,t1xbh73q.png,0,test
0.00039680718,0.010109557,0.000997289,0.0007896228,0.0013251324,0.0021914754,0.003774369,0.0058982936,0.009200637,0.012499817,0.01799405,0.027337201,0.038014557,t2e26i1x.png,0,test
0.00033094568,0.0098097045,0.00073514966,0.00068012025,0.0012042867,0.0020089804,0.0034051216,0.005313881,0.0081515135,0.010511458,0.014048381,0.018667229,0.022555707,t2omw31c.png,0,test
0.00030826207,0.009322989,0.0008199662,0.00066513155,0.0011240387,0.0018724096,0.0032185079,0.00503276,0.0077096224,0.0102062905,0.013922879,0.01935834,0.02431773,t30o7xky.png,0,test
0.0003099934,0.009235595,0.0007980596,0.0006665689,0.0011196112,0.0018632443,0.00318505,0.004958751,0.0074425917,0.00972672,0.013032355,0.017438645,0.021442795,t33rxdt5.png,0,test
0.00036131116,0.010194296,0.00081381126,0.0006474964,0.001349042,0.0022624251,0.0038786703,0.0059957467,0.009056259,0.011897842,0.016200826,0.02207107,0.026980719,t3a9zagv.png,0,test
0.00033460892,0.009807132,0.0007378175,0.0006133788,0.0012131685,0.002016792,0.0034641584,0.0053550303,0.008318528,0.010955458,0.014971859,0.02112908,0.026471091,t3qtqi5l.png,0,test
0.00039912818,0.010502137,0.0008700116,0.0007837084,0.0013773894,0.0023210642,0.0040829424,0.0066178413,0.010415768,0.014232021,0.02014818,0.027837668,0.034873117,t4wjhfy3.png,0,test
0.00039436095,0.010765113,0.0007969294,0.0006997369,0.0013683335,0.00222329,0.0036991502,0.005559167,0.008388695,0.0107269855,0.013898185,0.01786834,0.020808853,t4z207fm.png,0,test
0.00031464625,0.009465492,0.0006795457,0.0006516034,0.001136489,0.0018915324,0.0031726041,0.0047245785,0.006711305,0.008303537,0.01061694,0.0136007415,0.01587336,t510lk87.png,0,test
0.0008771634,0.013358884,0.0014709446,0.0014075069,0.0025546236,0.0042492957,0.0075994385,0.012753962,0.021285567,0.03018031,0.045473795,0.06897592,0.08452459,t5f8krre.png,0,test
0.00029833417,0.009385559,0.0006830216,0.00059646234,0.0010853827,0.0017934877,0.00301163,0.0045292606,0.00656858,0.0083082765,0.010621275,0.013542166,0.01594504,t6267cgf.png,0,test
0.00032191066,0.009481128,0.00071168516,0.00067706936,0.0011583306,0.0019439427,0.0033596198,0.0052490137,0.007959418,0.010387589,0.014091629,0.019053958,0.023920242,t76piv6r.png,0,test
0.00035143894,0.009996529,0.0007010904,0.0006417455,0.0012578311,0.002083186,0.0035572923,0.005555113,0.008463389,0.011014504,0.014726018,0.019723991,0.023731846,t93to9se.png,0,test
0.00029573514,0.009344413,0.00062715233,0.00049918395,0.0010589352,0.0017517582,0.0029766462,0.0045703645,0.0067820116,0.008609855,0.011142345,0.014297271,0.016114337,taujrayb.png,0,test
0.00032447133,0.009931749,0.0007040463,0.00059351564,0.0011939079,0.0019833914,0.0033852397,0.005119585,0.007591325,0.009747373,0.012741993,0.016607428,0.01920921,tbpqmlnt.png,0,test
0.00034250913,0.009940598,0.00069494464,0.00060066016,0.0012134168,0.0019763878,0.003265819,0.004907178,0.0073495633,0.009538561,0.0127828345,0.017075745,0.019990254,tbt4k5e6.png,0,test
0.0002792465,0.009081722,0.0006933439,0.0005491264,0.0010329388,0.0017197953,0.0028614374,0.0042431178,0.0059496304,0.007421886,0.009378783,0.011727227,0.013576327,tdvyvjdo.png,0,test
0.0003218361,0.009733912,0.0006856539,0.000616181,0.0011021282,0.0017842228,0.0030045973,0.0046055894,0.006976796,0.009109645,0.01205593,0.0158811,0.018895417,tee45zsg.png,0,test
0.00039654845,0.010369507,0.00077438523,0.0006759052,0.0013329231,0.0021855237,0.0037946517,0.0061783097,0.009982983,0.013820863,0.020056399,0.029645057,0.03805964,ter3iwmw.png,0,test
0.00036230282,0.010440255,0.0008081199,0.00064334006,0.0012852406,0.0021323387,0.0036517575,0.0057423776,0.009005556,0.011816965,0.015973354,0.021989683,0.02768845,teu5hb1r.png,0,test
0.00044611885,0.01083182,0.0008885117,0.0007740266,0.0014692246,0.0024483998,0.004362657,0.0072110454,0.012082556,0.016591564,0.02402487,0.03538683,0.044140562,tfa9dl7z.png,0,test
0.00027025107,0.0087547805,0.0006187583,0.0005514664,0.0009813288,0.0016565478,0.0029204278,0.004685294,0.007210668,0.009454133,0.012961971,0.017888436,0.022398807,tfdcdqvu.png,0,test
0.0009027425,0.013869356,0.0016687842,0.0015084565,0.0025611813,0.004217,0.007533834,0.012648389,0.021004582,0.029625911,0.044773497,0.06921778,0.08562414,tge1vja8.png,0,test
0.0003037283,0.0094402125,0.0007320897,0.0006179162,0.0010971187,0.001818145,0.0030404613,0.004566539,0.0065237316,0.008174499,0.010650545,0.014025389,0.016853992,th34cuys.png,0,test
0.0003921703,0.01034589,0.0006756973,0.0006383368,0.0013456951,0.0021896483,0.0036967604,0.0057742614,0.009021301,0.012036286,0.016679544,0.02286714,0.027534066,thjstznz.png,0,test
0.00032421807,0.009851491,0.0006766466,0.0006057556,0.001203554,0.002004501,0.003384528,0.005114426,0.007490358,0.009443087,0.012155959,0.015714157,0.018415408,ti6pn6xr.png,0,test
0.00029235476,0.009423216,0.00077413884,0.0005698726,0.0010603963,0.0017731801,0.0030226489,0.0046538166,0.0069171544,0.008882014,0.011761414,0.015408901,0.018300325,tifznn7y.png,0,test
0.000412389,0.010452778,0.0007034431,0.0006570988,0.0014421012,0.0024024462,0.0042511774,0.006983142,0.01164081,0.016370475,0.024433041,0.036758717,0.04617399,tih0iezu.png,0,test
0.00042715375,0.010795328,0.0008055251,0.00071762333,0.0014202433,0.0023820922,0.004262004,0.0070124078,0.011000615,0.014761675,0.02056398,0.028308036,0.035214055,titugswu.png,0,test
0.0002942166,0.0090764705,0.0006746323,0.00063826545,0.0010696306,0.0017785139,0.0030431112,0.004688743,0.007084504,0.009336939,0.0127966255,0.018149538,0.02344687,tjpiwtux.png,0,test
0.0008494587,0.013359509,0.0014484497,0.0013690357,0.002452623,0.004075522,0.0073354547,0.012340686,0.02047439,0.028697094,0.042557422,0.06350086,0.07734958,tkp235vc.png,0,test
0.00051513524,0.009864826,0.0023174984,0.0012872388,0.0017679072,0.003129698,0.006065348,0.010296428,0.01769523,0.025689567,0.039671365,0.06100816,0.08561112,tlf72spm.png,0,test
0.00027573947,0.008999952,0.00067744777,0.00054214476,0.0010157491,0.0016986176,0.0029235696,0.004544218,0.006843304,0.008881663,0.011712946,0.015054826,0.017697655,tm477y6z.png,0,test
0.00056089176,0.010732046,0.0022670024,0.0011744079,0.0019748616,0.0031413261,0.0053606983,0.008643043,0.014121701,0.019659916,0.028862638,0.041863527,0.052538432,tmequz8d.png,0,test
0.00032273095,0.0097422395,0.0006937471,0.0005919473,0.0011610066,0.0019254778,0.0032751586,0.0050680703,0.007811317,0.01033981,0.014104598,0.01945672,0.024097607,tnozw39v.png,0,test
0.00027258275,0.008790515,0.0006615677,0.0005669952,0.001013264,0.0017065908,0.0029351984,0.004575938,0.0069034086,0.008998481,0.012075355,0.016009301,0.019704448,to7d835k.png,0,test
0.00035017205,0.0100824945,0.0007207474,0.00064851274,0.0012434045,0.0020456212,0.0034410427,0.005225366,0.007880838,0.010152032,0.013274574,0.017509047,0.021291617,tombh0nc.png,0,test
0.00030235026,0.009273695,0.0007316742,0.0006375305,0.001113438,0.0018632277,0.0032033413,0.005012679,0.0076473323,0.009915611,0.013378792,0.018336745,0.023136927,totpxy8e.png,0,test
0.00029998992,0.009249425,0.0006645668,0.0006055807,0.0011023497,0.0018722748,0.0032853272,0.0052349963,0.008168455,0.010796041,0.014839024,0.020781199,0.02661413,tpqcmsv1.png,0,test
0.00033887665,0.009968514,0.0006537909,0.0005674911,0.001267967,0.0021539384,0.0038304436,0.0061017144,0.009522557,0.012480132,0.016453812,0.021126864,0.025109792,tpxp0vht.png,0,test
0.00050655025,0.0106800785,0.0013821058,0.001118336,0.001579947,0.002586919,0.0045036892,0.0073750727,0.012098939,0.016773595,0.0237042,0.03406203,0.044003963,trehie5r.png,0,test
0.0003437507,0.009999995,0.000760465,0.0005923817,0.0012433992,0.002058787,0.003509844,0.005504509,0.008441856,0.011035845,0.015034215,0.020446753,0.023997575,trm56b0h.png,0,test
0.00029214247,0.009281651,0.00069488946,0.00057128747,0.0010599365,0.0017767487,0.0030093743,0.004526576,0.0066800374,0.008580613,0.011477981,0.0152293,0.01862511,ts2kw5ow.png,0,test
0.0009912493,0.01360577,0.0019959474,0.0017306026,0.0027715547,0.00457884,0.008280689,0.0142345,0.024355076,0.03491531,0.053469338,0.08215587,0.10133229,tsl1uws5.png,0,test
0.000312732,0.009341944,0.00080775307,0.0006717863,0.0011640423,0.0019287594,0.0032138429,0.0047965883,0.007037036,0.008915668,0.011667516,0.015150128,0.017573351,tucnhlth.png,0,test
0.00035994942,0.009766225,0.0009673816,0.0007872162,0.0012993662,0.0022166506,0.00395852,0.006470389,0.01022888,0.013760666,0.019660518,0.028956098,0.039362203,tv4ir1g3.png,0,test
0.00032898184,0.009440676,0.00083758484,0.0007141538,0.0012102983,0.0020238322,0.003436221,0.005317339,0.007866378,0.010211459,0.013580661,0.017573494,0.021285065,tvbtrp63.png,0,test
0.00027578295,0.0089149615,0.000715953,0.00056123297,0.0010138291,0.00168238,0.0028468205,0.0043493602,0.0065120207,0.008391576,0.011098173,0.0144587215,0.01714417,tvne70ty.png,0,test
0.00027731824,0.00915648,0.0006515175,0.0005616005,0.0010216405,0.0016876889,0.0028124864,0.004199739,0.0060013686,0.007571445,0.009831188,0.012788753,0.015243524,twt2i9ow.png,0,test
0.00052933116,0.010209666,0.0012144336,0.0011237673,0.0016842514,0.0028592476,0.005191525,0.008661719,0.014208853,0.019598097,0.028062472,0.040674027,0.050402388,txa7bh2a.png,0,test
0.00029892803,0.009514352,0.00075350644,0.0005982306,0.0011107828,0.0018566586,0.0031289046,0.004689614,0.0067745876,0.008650003,0.011360339,0.015107165,0.017993502,txawqgbo.png,0,test
0.00031716036,0.009750599,0.0006842301,0.00056203146,0.0011496729,0.0018966502,0.003177342,0.0048865834,0.0074335607,0.009646098,0.012830056,0.016407438,0.018779533,txghaoo4.png,0,test
0.0003420809,0.010321481,0.00077610026,0.000638179,0.0012185524,0.0019859672,0.0032928337,0.0049859937,0.007511036,0.009933828,0.013500394,0.018358957,0.022910634,tydn5t5e.png,0,test
0.00032767982,0.009598805,0.0008389387,0.0006690253,0.0011616355,0.0019477705,0.0034271905,0.0054747313,0.008587126,0.011476092,0.015815891,0.021944446,0.027051486,u05iqz07.png,0,test
0.000369782,0.01016005,0.0007244326,0.00061185105,0.0012774948,0.0020832384,0.0035425148,0.0055832327,0.008732048,0.011617671,0.015974002,0.022010146,0.026778864,u0gwj9vl.png,0,test
0.00033133884,0.009925769,0.0007887534,0.00060436095,0.0012128579,0.0020105531,0.0033690687,0.0050969054,0.0074423216,0.009378429,0.012201503,0.015940696,0.019343365,u0upyw6j.png,0,test
0.00090731966,0.013121779,0.0018346177,0.0015589785,0.0026093784,0.004365359,0.007996426,0.013895039,0.0238711,0.034183387,0.05208965,0.07944996,0.09783562,u1a31bc0.png,0,test
0.00027867718,0.008914088,0.00066843163,0.0005455778,0.0010310157,0.0017190196,0.0028898525,0.004352118,0.0063153063,0.008007252,0.010265242,0.0126022585,0.014360765,u1utpec4.png,0,test
0.00038092982,0.010255218,0.00072404573,0.00061701186,0.0013548649,0.0022338063,0.003803947,0.005866885,0.008888737,0.0116985,0.015978739,0.021632819,0.024968531,u3ug7yhw.png,0,test
0.0005108923,0.011053605,0.0010551983,0.0008802987,0.0016813175,0.0027101212,0.0046999073,0.0076556015,0.012639668,0.017471043,0.025522254,0.037922863,0.04979587,u47ai3rp.png,0,test
0.00031475868,0.009437779,0.0007256242,0.00065279705,0.0011368778,0.0019027086,0.0032676405,0.005116921,0.0077870875,0.010184415,0.013977993,0.019551704,0.024895063,u4bibfjp.png,0,test
0.00030673514,0.009333377,0.00069984,0.0006256109,0.001110122,0.001841736,0.0031102607,0.0047202357,0.006902318,0.008891868,0.011705803,0.0154109765,0.018870799,u536h4vj.png,0,test
0.00027855166,0.0091585135,0.0006765086,0.0005600149,0.0010413888,0.001722288,0.0028606465,0.0042714253,0.006280653,0.008003155,0.010225997,0.013000254,0.015392712,u57ote0q.png,0,test
0.0010093559,0.013576926,0.0023560745,0.0017544305,0.002798695,0.0046210154,0.008297696,0.014152646,0.024108006,0.03438144,0.051672712,0.076719604,0.092709504,u5o0q2k1.png,0,test
0.00093929056,0.01362732,0.0017272627,0.001626219,0.0026858887,0.004480705,0.0081658205,0.014216474,0.024646236,0.0355493,0.054724198,0.08544694,0.10687908,u5t0j2yr.png,0,test
0.0003517631,0.009985275,0.00069667667,0.00063426694,0.001224682,0.002013185,0.0033659486,0.005123317,0.0077191326,0.010024643,0.0135100465,0.018029913,0.02095374,u5vi1fod.png,0,test
0.0003469336,0.009693659,0.000863038,0.000731838,0.0012536589,0.0021242492,0.003766908,0.0061275023,0.009768974,0.013182197,0.018805718,0.026976101,0.035496745,u5vi20st.png,0,test
0.00034153488,0.009692507,0.0007563452,0.0006815808,0.0012197499,0.0020543863,0.0036149698,0.005846283,0.0091663655,0.012327235,0.01733437,0.02424579,0.03015336,u6m8o3us.png,0,test
0.00096251443,0.01351266,0.0018630694,0.0016351294,0.002707638,0.004471975,0.00807424,0.013800829,0.023606863,0.033645436,0.05032022,0.07564595,0.09286353,u7kb1rtp.png,0,test
0.0003340927,0.009804257,0.00063423393,0.00054099,0.00116921,0.0019283035,0.0032921163,0.0050897812,0.007759504,0.010291274,0.014356703,0.020168262,0.024296582,u8asg6bc.png,0,test
0.00036877624,0.010610921,0.0007374978,0.0006679813,0.0012418553,0.0020584508,0.003554075,0.0055590994,0.008479739,0.011036997,0.0149736935,0.020416703,0.02449536,u8kd9gnl.png,0,test
0.00033743592,0.009671022,0.00087329367,0.0007220791,0.001220679,0.0020507858,0.003531648,0.0055785193,0.00880775,0.011748359,0.016166888,0.022310978,0.028341357,u9ee9x07.png,0,test
0.0003560509,0.009627109,0.0010539576,0.00081163924,0.0013023729,0.0021942519,0.0038231022,0.006155426,0.010044652,0.014174277,0.020406673,0.030033756,0.041148275,u9otb8wb.png,0,test
0.00040243624,0.010549064,0.0007553895,0.00072634127,0.0014138102,0.0023614038,0.0040450925,0.006345564,0.009940686,0.013300011,0.018124282,0.024777045,0.029622184,u9swht2z.png,0,test
0.00034226285,0.009912957,0.0007564826,0.00062263623,0.0012719977,0.0021304928,0.003680564,0.005807583,0.00895375,0.0117279105,0.015770251,0.021368098,0.025940388,ua2m9kxn.png,0,test
0.00033200608,0.009307012,0.0008814335,0.0007264053,0.001213452,0.0020657924,0.0036611918,0.00598038,0.009263869,0.012396874,0.017385846,0.024622265,0.03254384,uadh8tny.png,0,test
0.00028232322,0.008939684,0.0007884981,0.0005870378,0.0010372144,0.0017293722,0.0029478678,0.00456727,0.007025963,0.00939197,0.012836315,0.017911125,0.022548545,uae0cqik.png,0,test
0.00037861607,0.009837754,0.0012610414,0.0008750173,0.0013233916,0.0022394373,0.003963031,0.006459809,0.010234705,0.013771845,0.019654157,0.028596241,0.03863705,ubw42zl6.png,0,test
0.0003443241,0.009638505,0.00078992604,0.00073281815,0.0012242332,0.0020779655,0.003691303,0.006054437,0.00964067,0.012837421,0.017883364,0.025752377,0.03445092,ubyc2p3k.png,0,test
0.0009361668,0.013812462,0.0015794511,0.0015595701,0.0026603725,0.004444468,0.008155123,0.014140095,0.024248974,0.034782197,0.053442203,0.082652256,0.1031287,uc3ne21f.png,0,test
0.00030998807,0.009448912,0.0007183377,0.00062295754,0.0011521303,0.0019251106,0.0032405439,0.0049070176,0.0071736434,0.009250774,0.012459229,0.01712033,0.02176686,ud9spp24.png,0,test
0.00031968855,0.009617076,0.0007686867,0.0006585535,0.0011594839,0.0019397888,0.0033508728,0.0053822272,0.008567277,0.011553863,0.015851332,0.022398256,0.028985737,udewd5aj.png,0,test
0.0003055235,0.009512312,0.00067888055,0.00052472804,0.0010864248,0.001783452,0.003025023,0.0047138976,0.007103038,0.009246647,0.012370444,0.015569819,0.017192641,uebj5he8.png,0,test
0.00029427843,0.009140544,0.00077525247,0.0006074893,0.0010951691,0.001829876,0.0030598247,0.0045394218,0.00654179,0.008296939,0.010573066,0.013169946,0.014926294,uegthmhu.png,0,test
0.00035530736,0.010330365,0.0008157558,0.00066717184,0.0012365659,0.0020487406,0.003530034,0.0055597075,0.008519878,0.011306265,0.015474944,0.021304667,0.02672406,ufu6py06.png,0,test
0.0002954433,0.009314162,0.00070534594,0.00058727065,0.0011111624,0.0018436117,0.0031061266,0.004723491,0.006859211,0.008617804,0.0110997455,0.0140477,0.016596142,ugabimi0.png,0,test
0.0003144665,0.009726037,0.00066092005,0.00058571354,0.0011369272,0.0018670427,0.003122303,0.0047388705,0.0069723185,0.008892754,0.011513342,0.014906885,0.017804729,ugywxzqx.png,0,test
0.000342888,0.010045027,0.00081096694,0.000655503,0.0011750382,0.0019356513,0.003285433,0.0051102024,0.0077639488,0.010262241,0.013872477,0.018606296,0.023053676,uhqusi3o.png,0,test
0.00029896884,0.009460366,0.00073033106,0.0005954565,0.001099828,0.0018515262,0.0031923868,0.0049572373,0.007376104,0.009678899,0.013174006,0.017937368,0.022044621,ui6d9pkx.png,0,test
0.0002911485,0.0091983145,0.00068007986,0.00057885743,0.0010743365,0.0017865255,0.0030021542,0.0045276303,0.0065964144,0.0083984025,0.01105357,0.014478802,0.017451841,ulmksqwf.png,0,test
0.0003066716,0.009210645,0.0006870506,0.00063882075,0.0011292325,0.0019072773,0.0033525217,0.0053679105,0.008209277,0.0109301135,0.015351049,0.022302492,0.029237242,umi9gexm.png,0,test
0.00029330925,0.009058709,0.00070687267,0.0006126463,0.001063837,0.0017605544,0.002991192,0.0045950864,0.0067541124,0.008556189,0.011197869,0.014795907,0.018014828,uoirkc1h.png,0,test
0.00034834028,0.009537216,0.0008669079,0.0007896011,0.001274511,0.0021314437,0.0036246264,0.0055413363,0.008117228,0.010471927,0.014074737,0.01923527,0.023707345,upck4bpr.png,0,test
0.00037369216,0.010160297,0.0007349608,0.0006626335,0.0013006136,0.002133404,0.0035798815,0.0054645883,0.008186747,0.010643918,0.014400254,0.019494057,0.023351815,uq5miauw.png,0,test
0.0005593816,0.011261132,0.0013517599,0.0009581054,0.0018785185,0.003163908,0.0056042797,0.009277895,0.015872622,0.02266728,0.03389705,0.052682217,0.07260523,uq7bfjr8.png,0,test
0.00028982258,0.009257139,0.00073783123,0.00060000055,0.0010642232,0.0017759782,0.0030426544,0.004667202,0.00681924,0.0087243775,0.011539594,0.015427684,0.0189717,uqiq9vob.png,0,test
0.00028315,0.009100207,0.00067825126,0.0005801267,0.0010435762,0.0017370046,0.0029350491,0.004463153,0.006594694,0.008400829,0.011095885,0.014678759,0.01791943,uqug8dih.png,0,test
0.00030415502,0.009487596,0.00068077655,0.00060853304,0.0011092441,0.0018678611,0.0032708317,0.0052058715,0.008227097,0.011111577,0.015503969,0.021999067,0.028519325,uqzfcoq2.png,0,test
0.0003345095,0.009857008,0.0007033552,0.000596242,0.0011968443,0.0019732553,0.003332581,0.0051106988,0.0076487283,0.009826619,0.012983889,0.01691862,0.01989302,ur3sct2x.png,0,test
0.00033072388,0.009800557,0.00068766106,0.0005737206,0.001214827,0.0020438442,0.0035733066,0.0057384996,0.009243929,0.012598288,0.018616311,0.028422706,0.03739706,uri81ltt.png,0,test
0.00031939737,0.009499307,0.00075346086,0.00062498124,0.0011757204,0.0019874691,0.0034662364,0.0054410086,0.008233513,0.010649151,0.014152531,0.018940782,0.022075133,usjxbcws.png,0,test
0.00029328084,0.009320502,0.00067887147,0.0005948106,0.0010825895,0.0018131686,0.0031128628,0.0047373064,0.0069119567,0.008712878,0.011239507,0.014614703,0.01711174,utfefz81.png,0,test
0.00056565093,0.010792436,0.0022517801,0.0011976334,0.0019481162,0.0030650215,0.0051895264,0.008286225,0.013151599,0.017957347,0.025758285,0.036435958,0.045698248,utgj1n8i.png,0,test
0.00031173072,0.00959898,0.0006652508,0.0005615159,0.0010983314,0.0018246386,0.0031656264,0.00505968,0.0078586,0.010242895,0.013767022,0.018775765,0.022976218,utukolel.png,0,test
0.00032419068,0.009320454,0.0008273132,0.00071189506,0.0011817474,0.001986248,0.0034282634,0.005312795,0.007838957,0.009964013,0.012864687,0.016829776,0.020144464,utzi08ho.png,0,test
0.00035945792,0.010117796,0.0007053176,0.00059797685,0.0012693376,0.0020863812,0.0035508138,0.005533152,0.00845108,0.011130826,0.015338938,0.020481968,0.023697335,uv2zx1qf.png,0,test
0.0003335304,0.009707839,0.00080204685,0.00071448926,0.0011933193,0.0019877825,0.0034102723,0.005283661,0.0078003323,0.010108027,0.013589797,0.01814151,0.022428267,uvnuhhgk.png,0,test
0.00033390807,0.009840884,0.00070070894,0.0006027492,0.0011610049,0.0018827913,0.0031675266,0.0048337383,0.0071975966,0.009254537,0.012269505,0.015936185,0.018485332,uwfz2cgb.png,0,test
0.0008437009,0.013239372,0.0014664377,0.001386409,0.0024583214,0.004070543,0.007283448,0.012277187,0.02060534,0.029203022,0.044405058,0.06860522,0.08598876,uxxdxo7s.png,0,test
0.00029365838,0.009488314,0.00064845843,0.000556953,0.0010747567,0.0018059624,0.00310158,0.004744892,0.007018171,0.008974468,0.011693003,0.015254559,0.018063542,uy0zia9a.png,0,test
0.0003356446,0.00976958,0.0007884547,0.0006615455,0.0012114159,0.0020418714,0.003564322,0.005769485,0.009572767,0.013347021,0.019140223,0.028162023,0.03739793,uyr6xtkf.png,0,test
0.00030413116,0.009301819,0.0007042828,0.0006289949,0.0011128641,0.0018756355,0.0032607398,0.0051086447,0.007849233,0.010323331,0.0143645005,0.020870082,0.027563518,uz2z0kdn.png,0,test
0.00035098975,0.010044592,0.0008069753,0.0006571642,0.0012382081,0.0020470642,0.003509704,0.005480256,0.0084995385,0.011154679,0.014641729,0.018837852,0.02167146,uzgylfb2.png,0,test
0.00032503332,0.009497789,0.0007437939,0.00068574696,0.0011689892,0.001943569,0.0032731649,0.0049433764,0.007004187,0.008812251,0.0113138715,0.014427911,0.01706831,uzlnikcz.png,0,test
0.00028803461,0.009374621,0.0006432095,0.0005575393,0.0010706316,0.0017647889,0.0029584188,0.004404879,0.0063175336,0.007883201,0.009896182,0.012347172,0.014196119,uzzlsg4c.png,0,test
0.00035246814,0.010150809,0.0006757852,0.00059771846,0.0012950012,0.0021456403,0.0036307983,0.0055009155,0.008047959,0.010369192,0.01396706,0.018916706,0.02229016,v00bwt8n.png,0,test
0.00036848127,0.010050024,0.00070117885,0.000643499,0.0012626908,0.0020814023,0.0036069138,0.0056720017,0.008792369,0.011581614,0.015440789,0.020378545,0.023556557,v0asm941.png,0,test
0.00032023794,0.0094489865,0.0008288075,0.00068059354,0.0011739107,0.0019602524,0.0033208411,0.005068756,0.0076237307,0.009952192,0.013527354,0.018240208,0.022222592,v0sp96bw.png,0,test
0.00029676795,0.009128658,0.00069129915,0.00059699715,0.0010858653,0.0018167495,0.0030856433,0.004787827,0.0072782324,0.009511016,0.012742955,0.017386196,0.022061931,v0thg0b2.png,0,test
0.0002939938,0.009143713,0.0007195265,0.0006099164,0.0010726001,0.001801549,0.0031278625,0.0050459513,0.008209694,0.011340185,0.016192017,0.023629123,0.032262582,v18m11t5.png,0,test
0.0004046069,0.010809318,0.00097649486,0.0008024198,0.0014036607,0.0023633854,0.004126909,0.0065705134,0.009893145,0.013017931,0.017968932,0.024555271,0.030854477,v1mzb3i4.png,0,test
0.00031761834,0.009616292,0.0007613944,0.00063681434,0.0011732895,0.0019712313,0.003377142,0.0052007926,0.0077296724,0.0099741,0.01321556,0.017755564,0.021930281,v1tat3op.png,0,test
0.00031630893,0.009677855,0.0006988529,0.00057206047,0.0011392649,0.0018739953,0.0031771057,0.004885257,0.0074893357,0.009733137,0.012950537,0.01735973,0.02114811,v2217450.png,0,test
0.00032846967,0.009427841,0.0008067539,0.00071160385,0.0012069552,0.0020413636,0.003597718,0.005768377,0.008744779,0.0114661,0.015764905,0.021934334,0.028327964,v2cz5nf5.png,0,test
0.0003090882,0.009707861,0.00066272664,0.00056608324,0.0011464574,0.0018979178,0.0032098673,0.0048738364,0.007133542,0.009057784,0.011626314,0.014649978,0.017062671,v33bhtf0.png,0,test
0.0003309626,0.009759816,0.0007342669,0.00064156,0.0011669741,0.001935636,0.0033120606,0.005108933,0.0076593477,0.009880361,0.013342103,0.018041441,0.022277206,v38kz8t9.png,0,test
0.00036804302,0.009682119,0.0010336814,0.00080659025,0.001308482,0.0022325898,0.004024818,0.0067158225,0.010796481,0.014796366,0.021174664,0.03054457,0.04057599,v39201cw.png,0,test
0.00040889086,0.010530212,0.00077538774,0.0006860828,0.0014119,0.0023354248,0.003994061,0.006216356,0.00961359,0.012824017,0.01809296,0.025994653,0.03301828,v3q37aft.png,0,test
0.00034320413,0.009763577,0.0008852046,0.0007266028,0.0012617178,0.00213711,0.0037438103,0.0060559325,0.009933308,0.013501127,0.019278303,0.02826509,0.03878324,v3youukp.png,0,test
0.0003060792,0.009277637,0.0006988745,0.00064899516,0.001110539,0.0018755697,0.0032778103,0.0051502544,0.0077860765,0.010206123,0.013977154,0.019147873,0.024167394,v4a4ipvw.png,0,test
0.00028275908,0.009223416,0.0006016357,0.00056098617,0.0010278516,0.0017111871,0.002919474,0.004458348,0.006661496,0.008616859,0.011585835,0.015558808,0.018860903,v4bnax29.png,0,test
0.00036562208,0.010522199,0.00073373015,0.0006599037,0.0012735612,0.0020709925,0.0034534037,0.005281284,0.008095239,0.010608154,0.014059156,0.018592415,0.022233844,v4chct25.png,0,test
0.0006757765,0.010729359,0.001832302,0.001606267,0.0020620544,0.00352323,0.006571136,0.01111382,0.01837689,0.025617234,0.037311308,0.055139117,0.0700028,v5z1f72h.png,0,test
0.00038851632,0.010649517,0.0008810019,0.0007761023,0.0013814335,0.00232247,0.004111609,0.0066833077,0.010451861,0.0140116755,0.019290792,0.026603619,0.033767655,v6gnrive.png,0,test
0.00033031736,0.009411371,0.0008149434,0.0007070084,0.0012085041,0.00201941,0.0034497927,0.0053900825,0.0083183665,0.010854557,0.014751793,0.02099028,0.027854633,v7uqv50o.png,0,test
0.00039130024,0.010916435,0.00081582554,0.00067905936,0.0013087771,0.0021557133,0.0037379218,0.0058839633,0.008992972,0.01185415,0.015961293,0.021329157,0.025621373,v80lkx1s.png,0,test
0.0002695503,0.008942642,0.00061109534,0.00053244835,0.000984915,0.0016510206,0.0028431704,0.0043837465,0.0065664155,0.008577005,0.01162015,0.015702987,0.019135226,vaejvobv.png,0,test
0.00031925584,0.009516566,0.0007914356,0.00066982565,0.001170259,0.0019738106,0.0034616156,0.005394504,0.008136927,0.010586061,0.014306276,0.019453593,0.023824705,vafueaco.png,0,test
0.0003122576,0.0092169205,0.0008195512,0.00067377713,0.00114334,0.0019208749,0.0033041283,0.0051549417,0.007794342,0.010025857,0.0132789565,0.01773995,0.021584662,vax0f6rj.png,0,test
0.0004836375,0.0107352985,0.0014252623,0.00093376596,0.001677632,0.0026640764,0.0044925986,0.007075963,0.011162583,0.015281315,0.021605268,0.030033715,0.037180364,vb2osj4k.png,0,test
0.00035728532,0.009847188,0.0010778826,0.000772624,0.0012891238,0.002182718,0.0037975542,0.006024842,0.009164607,0.012184565,0.017148277,0.024132932,0.030883612,vbgr8w2m.png,0,test
0.0003583797,0.010410438,0.00074599433,0.0006784075,0.0012246355,0.0020212205,0.00346756,0.0054479796,0.008393348,0.010932717,0.0149677545,0.02108389,0.027028322,vbjrbzjw.png,0,test
0.00028016887,0.009096911,0.0006418726,0.00054333545,0.0010405463,0.0017593564,0.003037824,0.0047241016,0.0072094374,0.009233689,0.012056471,0.01574421,0.018616095,vc0e41y2.png,0,test
0.0003272687,0.009776757,0.00077422505,0.00064942153,0.001154688,0.0019231049,0.0033986778,0.005509806,0.008890902,0.012152604,0.017209262,0.024650406,0.03133416,vc5zsrfw.png,0,test
0.0003676213,0.010572459,0.0007641673,0.0006436164,0.0012977978,0.0021344654,0.0036388221,0.005671834,0.008685353,0.011380456,0.01535822,0.02005116,0.023132682,vcqe1c63.png,0,test
0.00039691056,0.0102420645,0.000823094,0.0007024041,0.0013983079,0.0023007474,0.003939237,0.0061603175,0.00944681,0.01246635,0.017052151,0.02313387,0.027347136,vcun39s5.png,0,test
0.00033053535,0.009828172,0.0008543463,0.0006244032,0.0012219339,0.0020321386,0.003426365,0.0052022683,0.0077300402,0.009829945,0.012491604,0.015731694,0.01825891,vdet809d.png,0,test
0.00032127695,0.00916178,0.00079283473,0.00071986596,0.0011722211,0.0019738572,0.003459177,0.0055147824,0.00845685,0.011271047,0.01582286,0.022877952,0.030879345,vdl63u14.png,0,test
0.0003300636,0.009761064,0.0007616734,0.00060357206,0.0011946429,0.002001323,0.003449277,0.005461395,0.008606592,0.011494605,0.01614623,0.023297125,0.029707905,ve1o5im5.png,0,test
0.00053071015,0.010825898,0.001851074,0.0010551559,0.0018674136,0.0029502455,0.00493937,0.007820866,0.012533946,0.01740038,0.025584625,0.03731027,0.045400646,ver0drxd.png,0,test
0.00029970284,0.009330551,0.00063730293,0.0005956914,0.0010758773,0.001793044,0.0030429843,0.004687266,0.0069638714,0.008905448,0.011673559,0.015168921,0.017608352,vgww4fyb.png,0,test
0.00030141656,0.009503445,0.00074448605,0.0005985513,0.0011010227,0.0018379149,0.003164944,0.004916705,0.007461838,0.009745238,0.013348674,0.018816814,0.024325928,vioifji1.png,0,test
0.00030984875,0.009285271,0.00074138644,0.00066110614,0.0011305832,0.0018936561,0.003204825,0.004880352,0.007219867,0.009322542,0.012548616,0.017032497,0.021250002,viz0m9ve.png,0,test
0.00029651378,0.009217493,0.00072958827,0.00061717373,0.001076539,0.0018041277,0.0031624355,0.0048702774,0.0072242967,0.009313035,0.012185094,0.015937991,0.019525152,vj0va0st.png,0,test
0.00037423143,0.010305077,0.0007144257,0.0006322553,0.0013272311,0.0021880988,0.003751646,0.005928402,0.009416645,0.012799357,0.01817087,0.02621262,0.03290966,vj8w45j6.png,0,test
0.0003011806,0.0094106095,0.00066170236,0.0005353883,0.001105945,0.0018500792,0.003194294,0.004939164,0.007508081,0.009687214,0.012675849,0.016452959,0.019592695,vjc6sumi.png,0,test
0.0005364453,0.010832536,0.0019753375,0.0010945027,0.0018748742,0.0029527608,0.004964883,0.0079582445,0.013099498,0.018459275,0.027187372,0.039129358,0.04921402,vmb9kzyx.png,0,test
0.00036914935,0.010116189,0.00073237903,0.0006197448,0.0012804175,0.0021117802,0.0036532355,0.005835775,0.009310929,0.012635965,0.01775612,0.02476779,0.030311,vmw9jaf9.png,0,test
0.00029173604,0.0090793725,0.0006734083,0.00057386275,0.0010743728,0.0017931428,0.0030279711,0.004680668,0.0070181303,0.009108371,0.012014059,0.015699012,0.018752422,vnnsqckm.png,0,test
0.00035845727,0.010072869,0.00071538374,0.0006246799,0.0012365169,0.0020256725,0.0034558908,0.005384116,0.008339112,0.0111213755,0.0152612375,0.0206449,0.024152001,vo91mybx.png,0,test
0.0003409514,0.009685972,0.00081609475,0.00073152356,0.0012117594,0.0020326774,0.0035500366,0.0056926934,0.0090327505,0.011953109,0.016736554,0.02442248,0.032797396,vouqw4c5.png,0,test
0.00034484803,0.01013819,0.0007477364,0.00064101384,0.0011764399,0.0019421873,0.0033335232,0.0052931053,0.008267327,0.011080499,0.015461587,0.021332888,0.026739039,vozufbcs.png,0,test
0.00029271794,0.009236882,0.00079096423,0.00058569823,0.0010673892,0.0017827416,0.003079918,0.004810199,0.007305313,0.00952516,0.012557626,0.016183387,0.019079223,vpxwhi3m.png,0,test
0.00095484295,0.013461054,0.0019535413,0.0016637709,0.0027751576,0.0046742144,0.0086232405,0.015007215,0.025789198,0.03658326,0.05524246,0.08546621,0.1074997,vq0ufhok.png,0,test
0.00028444934,0.009111699,0.0006679746,0.0005917382,0.0010579376,0.0017988962,0.0031544708,0.0050134184,0.007859713,0.010540717,0.014622607,0.020325385,0.026167449,vr8vbyez.png,0,test
0.000378199,0.010070032,0.0007483298,0.00066801935,0.0013472812,0.0021883778,0.0036964586,0.0057311077,0.0088642035,0.011873204,0.016563982,0.02292238,0.027789097,vrf8m2xl.png,0,test
0.00029763344,0.009100453,0.0007664046,0.00064931455,0.0010742622,0.0018004157,0.0031247158,0.004854263,0.0074263834,0.009716699,0.0133324005,0.01878441,0.023410436,vt7dj6ve.png,0,test
0.0004919017,0.009628619,0.0019333593,0.0013070349,0.0016713795,0.0029669895,0.0058308267,0.009984187,0.017547876,0.025813373,0.039567154,0.06105969,0.08709858,vte0utxs.png,0,test
0.00034331734,0.009490701,0.0010535257,0.00079450215,0.0012247193,0.002046491,0.0035412784,0.005530555,0.008527448,0.011347001,0.015510496,0.022031594,0.02849408,vun862uw.png,0,test
0.00038719407,0.010245784,0.00070126087,0.00060759817,0.001358352,0.0022835021,0.0040185414,0.006504555,0.010514533,0.014397781,0.020809894,0.030351205,0.038299352,vvlk8cif.png,0,test
0.00029613054,0.009189265,0.0006711202,0.0006088927,0.0010735374,0.0018009075,0.003101517,0.0048495214,0.0073170667,0.009505446,0.012777728,0.017430615,0.022311945,vvsdzah2.png,0,test
0.00029441033,0.009496843,0.0006342153,0.0005321253,0.001088079,0.0018043339,0.0030610934,0.0046684113,0.0070000733,0.009005134,0.011623019,0.014640365,0.016696686,vw5hx2s2.png,0,test
0.00033185564,0.009382747,0.0009870289,0.0007615746,0.0011990778,0.0019816514,0.0033286354,0.0051025283,0.0073966673,0.009420804,0.012160458,0.015795372,0.019003421,vwt37yyx.png,0,test
0.00038145672,0.010257535,0.00075193035,0.00061813806,0.0014055514,0.002409344,0.0043943548,0.0074389633,0.012696044,0.017664228,0.025384516,0.035788834,0.045706574,vwund47a.png,0,test
0.00033669142,0.00980644,0.00090184074,0.00071370025,0.001208119,0.0020314264,0.0034900042,0.005391459,0.007821815,0.009898525,0.013083552,0.017276345,0.021273233,vyfyk3md.png,0,test
0.0003496785,0.009885696,0.0007707972,0.0006859901,0.0012616304,0.0021232944,0.0036982938,0.005940096,0.009726628,0.013477303,0.019443953,0.028886372,0.038363874,vynnwoqv.png,0,test
0.00029050902,0.009284834,0.00061789504,0.0005909069,0.0010330306,0.0017113424,0.0028953508,0.0044346647,0.006487558,0.008300044,0.011160943,0.01524184,0.019230157,vyxtuyl0.png,0,test
0.00038593588,0.010651028,0.00087174226,0.0007367556,0.0013502729,0.0022646894,0.00395562,0.0063374876,0.009669287,0.0127965985,0.017286094,0.023169732,0.029125363,vz809bxn.png,0,test
0.0006001704,0.011323135,0.0021833053,0.0012239525,0.0020124626,0.0031545665,0.0053655608,0.008738705,0.014461032,0.020319037,0.02976976,0.042485762,0.053100012,vzcr9rv3.png,0,test
0.00031784753,0.009620551,0.0007679941,0.00062272855,0.0011398419,0.0018992007,0.003226199,0.004926918,0.007329365,0.009521487,0.012939748,0.01768391,0.022133356,vzex99d9.png,0,test
0.0009532607,0.013221095,0.0017348499,0.0016501675,0.0027145175,0.0045330315,0.0082957875,0.014371231,0.024630997,0.035162468,0.053674586,0.08175524,0.10072546,w03bkfd4.png,0,test
0.00030032863,0.009323745,0.00071060023,0.00057783065,0.0011191072,0.0018916467,0.0032672805,0.0049843406,0.007463355,0.009875314,0.013681195,0.019317003,0.02468273,w05y1huu.png,0,test
0.00058494275,0.010319286,0.0014016039,0.001284222,0.0018472527,0.0031510482,0.0057395184,0.009840915,0.016831048,0.02370716,0.03482755,0.052012347,0.06683457,w1nyrwof.png,0,test
0.00027938114,0.009104998,0.0006890645,0.00053961884,0.0010311139,0.0017137647,0.0028829616,0.0043373266,0.0063818535,0.008188999,0.01060853,0.01351647,0.015874432,w2r8kwcz.png,0,test
0.000397533,0.010318046,0.0007557013,0.0006628796,0.0014263876,0.002384182,0.0041618603,0.0066926703,0.010649256,0.014542608,0.021219056,0.03159081,0.038428523,w325gzmm.png,0,test
0.0002896741,0.00914518,0.0006802282,0.00059586245,0.0010719993,0.0017862595,0.0030267728,0.004596351,0.006661323,0.008408625,0.010867729,0.013699091,0.015957432,w3chnj6g.png,0,test
0.00030441536,0.009478435,0.0006893104,0.000617339,0.0010863694,0.001804257,0.0031280844,0.004959481,0.0077709574,0.01042023,0.01464471,0.020267772,0.02602902,w3gi60q6.png,0,test
0.00031953157,0.009337915,0.0009190034,0.00070818077,0.0011448548,0.0019056556,0.00329587,0.005115914,0.0075311544,0.009644367,0.012641325,0.015957613,0.018426318,w3lvjy1a.png,0,test
0.00033261118,0.009847205,0.00076485716,0.00062599353,0.0012199931,0.0020240946,0.0034198558,0.005293649,0.007966276,0.010223752,0.0134338755,0.017749574,0.020905161,w3pw9cut.png,0,test
0.0003172721,0.009468441,0.0007585726,0.00067036605,0.0011317097,0.0018852412,0.0032097802,0.0049035465,0.007181418,0.009278902,0.012383803,0.016123164,0.019525424,w3vg29kw.png,0,test
0.00037342097,0.010454343,0.0007763396,0.00066021824,0.001280792,0.0021516485,0.0038047964,0.006181116,0.009562142,0.012555198,0.016775625,0.022224123,0.027130824,w3y5a292.png,0,test
0.00031534207,0.009450406,0.0007124104,0.000643265,0.0011497504,0.001935632,0.003363663,0.005447608,0.009072035,0.012798555,0.018624902,0.027236154,0.03731818,w4d4rgew.png,0,test
0.00030820788,0.009276533,0.00070820126,0.00063995674,0.0011095424,0.0018703769,0.0032946975,0.005241103,0.008100215,0.0105872685,0.01461221,0.020291103,0.025144178,w4k7u1kd.png,0,test
0.00035154444,0.010378948,0.00080782507,0.00067385094,0.0012034851,0.0019799487,0.003417607,0.005441241,0.0084833335,0.0113799665,0.015844723,0.022325475,0.028996693,w55rwyqs.png,0,test
0.0003242692,0.00969289,0.00065489474,0.0005556483,0.0011725859,0.00197065,0.0034260445,0.005382814,0.008168593,0.010657811,0.014418853,0.019044925,0.021902,w5kpwzg0.png,0,test
0.00036175866,0.01027308,0.0008074351,0.0006597904,0.0012862541,0.0021005308,0.0035167981,0.0053451257,0.007956998,0.010276761,0.013686227,0.017513108,0.020025333,w65i7l3o.png,0,test
0.00030975972,0.009568616,0.0006605219,0.00060204236,0.0011131533,0.0018489159,0.0031388605,0.0047784788,0.0069196913,0.008786943,0.011491087,0.014898308,0.017429765,w69hzgop.png,0,test
0.00028271988,0.009174609,0.00067489006,0.000551397,0.0010572876,0.0017795946,0.0030584845,0.0046931435,0.00700275,0.009002204,0.011783488,0.015288026,0.017821148,w71ghb7v.png,0,test
0.00033248626,0.009679724,0.0006927303,0.0005697937,0.0011601365,0.0019031703,0.0032477505,0.005029644,0.007600952,0.009895489,0.013081692,0.017283535,0.02020803,w7di6it4.png,0,test
0.00037855614,0.010619936,0.00087258924,0.00072012446,0.0012971365,0.0021440464,0.0036961704,0.00590896,0.0092728175,0.012472408,0.017925592,0.026310991,0.03433488,w7j35vlw.png,0,test
0.0006067837,0.010296525,0.0014885346,0.0013502414,0.0018360964,0.0031132717,0.005764702,0.010007686,0.017333832,0.024658447,0.036640096,0.055163015,0.07053035,w8vloyhd.png,0,test
0.00036724948,0.010206178,0.0007507251,0.0006257578,0.0012940429,0.002117334,0.0035509353,0.0054119835,0.008119036,0.010584369,0.014145138,0.018451016,0.02107485,w9485idm.png,0,test
0.00029240648,0.0093975,0.0006722713,0.00058731064,0.0010800101,0.0017971296,0.003031442,0.0046092565,0.0066870605,0.008383952,0.010764064,0.013684233,0.015885197,w9myyoke.png,0,test
0.00032398608,0.009690121,0.00072533643,0.0005871327,0.0011665169,0.001942253,0.003347086,0.005234044,0.007883322,0.0101411175,0.013388794,0.017813517,0.021363279,w9v5wkb8.png,0,test
0.000704897,0.011245293,0.0019675505,0.0016014166,0.0021388095,0.0036510464,0.00683752,0.011614684,0.019333014,0.027071219,0.039802875,0.058492307,0.07401506,wa497owr.png,0,test
0.0005184463,0.010651233,0.0019448355,0.0010704811,0.0018102142,0.002835365,0.0047213957,0.0073765586,0.011605174,0.015719512,0.02231229,0.0314244,0.039768413,wb5spffc.png,0,test
0.0003825311,0.009972516,0.00080311514,0.00069296244,0.0013212735,0.0021899173,0.003868415,0.0062856786,0.010141956,0.01379475,0.019563232,0.027208941,0.03264075,wbbeps8d.png,0,test
0.00034452876,0.009961899,0.00076566107,0.00061841967,0.0012223609,0.0020249,0.0034938639,0.005544093,0.008691681,0.01156534,0.015822813,0.022147553,0.028721536,wbdl3u1r.png,0,test
0.0003881033,0.010283759,0.0007281257,0.0006230918,0.0013665656,0.0022681192,0.0038920108,0.0061273193,0.009524255,0.012756813,0.018008433,0.025761431,0.030574694,wcl7xg33.png,0,test
0.00031822707,0.009436893,0.0007374272,0.00067692745,0.0011561905,0.0019509107,0.0033761126,0.005288847,0.008006406,0.010414648,0.014063224,0.018941864,0.023881515,wcs4bju8.png,0,test
0.00038481332,0.010239622,0.0008156754,0.0007452411,0.0013140363,0.0022250873,0.004019634,0.0065752957,0.01009164,0.013323191,0.018044513,0.024420368,0.029565837,wcu50qyt.png,0,test
0.0003186594,0.009711181,0.00074044033,0.0006235381,0.0011576606,0.0019102562,0.0031804717,0.004747255,0.00701631,0.009050525,0.012069465,0.015976602,0.01905286,wcvh69ug.png,0,test
0.00034920467,0.009640961,0.0008404989,0.0007840157,0.0012791135,0.0021566316,0.0037743077,0.006021061,0.009397144,0.012517066,0.017119756,0.023836212,0.030681793,wdhb0z7p.png,0,test
0.00040732828,0.010745487,0.0009029186,0.0007893534,0.0013553007,0.002196838,0.0036663923,0.005702634,0.008933166,0.01208661,0.01703959,0.024809375,0.03283766,wdhhl7ch.png,0,test
0.000289076,0.00916387,0.0007525825,0.0005808729,0.0010725849,0.0017987512,0.003066142,0.0046965256,0.0069601517,0.008970931,0.011765264,0.014906573,0.01717601,wedlnk2z.png,0,test
0.00031291673,0.009605506,0.00075636193,0.0006098063,0.0011395747,0.0018913231,0.0031824904,0.004840496,0.0070983563,0.008961197,0.011351749,0.014043121,0.015643988,wexz02mn.png,0,test
0.00029220458,0.009057235,0.00070915313,0.0006008746,0.0010524755,0.0017646634,0.0030507643,0.0047586127,0.007258877,0.009596348,0.013015511,0.017616607,0.02120781,wf8lcl9a.png,0,test
0.0003322573,0.00939977,0.00079464255,0.00071831053,0.0012139751,0.002042188,0.003610924,0.005895847,0.009248791,0.012330025,0.01699142,0.023814833,0.030662967,wfp1b4k5.png,0,test
0.00031508607,0.009543113,0.0007032875,0.0006311611,0.0011609009,0.0019420328,0.0033260325,0.0052194344,0.007941829,0.010467422,0.014523082,0.020870034,0.027008194,wgtbgemy.png,0,test
0.00028285294,0.008975176,0.00069068803,0.00055779313,0.0010439651,0.0017377799,0.0029372321,0.004515507,0.0067433757,0.008749228,0.011684606,0.015455458,0.018430004,wgw4bov1.png,0,test
0.0003401338,0.009519648,0.0009457149,0.0007565217,0.0012378364,0.0020864278,0.0036283606,0.005748917,0.008999818,0.0122610945,0.017367464,0.025470361,0.034044936,wh9hd268.png,0,test
0.0002942962,0.009227961,0.0006943595,0.0005786417,0.0010846739,0.0018201014,0.0031135553,0.004751933,0.007043567,0.009070393,0.012106408,0.016037125,0.01933902,whkl17yf.png,0,test
0.00039003172,0.010798776,0.0008461976,0.00073300116,0.0013249783,0.0022071258,0.003866527,0.006180967,0.009605514,0.012654443,0.017290926,0.024229083,0.030799137,whwkmy9x.png,0,test
0.00032684617,0.009355004,0.00089209015,0.0007080431,0.0012293173,0.0020871582,0.0036105516,0.005640214,0.008594128,0.011196819,0.014902297,0.019700468,0.023463316,widoh6s0.png,0,test
0.00050712633,0.010544885,0.0014352738,0.001155977,0.0015619324,0.0025513533,0.0044821757,0.0073954524,0.012142946,0.016984994,0.024045954,0.034342244,0.044274077,wji7i0nj.png,0,test
0.00032462776,0.009391597,0.0008635004,0.0007039643,0.0012103436,0.0020427073,0.0034834174,0.0053073433,0.007909876,0.010255529,0.013671872,0.018230937,0.022449015,wjwospd2.png,0,test
0.0003553969,0.010167642,0.0006870151,0.00061976636,0.0011955173,0.00192614,0.0032280348,0.0050088763,0.007700914,0.010250921,0.014022107,0.018601859,0.02103308,wk08vurm.png,0,test
0.00030812298,0.00929445,0.00075127324,0.000631552,0.0011357855,0.0018928165,0.0032132128,0.0048748855,0.0070881564,0.009108061,0.012130841,0.016169284,0.019986976,wkeyarz1.png,0,test
0.0009488719,0.013583859,0.0018889046,0.0016939571,0.0026935595,0.0044857305,0.008179982,0.014202576,0.024806721,0.035703614,0.055098675,0.08664624,0.10943018,wldv63yd.png,0,test
0.00033957677,0.009570802,0.00082940137,0.000741707,0.0012336625,0.0020665517,0.0035463609,0.0054896194,0.008061709,0.010329332,0.013854959,0.018703615,0.023206562,wms6fdgd.png,0,test
0.0003690124,0.010192872,0.0007813716,0.0006383862,0.0013140296,0.0021636104,0.003699031,0.0058363504,0.009067248,0.0119013535,0.015891597,0.020728454,0.024418632,wn103frb.png,0,test
0.00030556307,0.009421338,0.00062467484,0.00053368206,0.0010889961,0.0018299944,0.003184515,0.005020978,0.007792712,0.010222546,0.013887249,0.019002613,0.023516111,wn4nhl8l.png,0,test
0.00038573839,0.010287045,0.0007206423,0.0006241468,0.0013177713,0.002192273,0.0038497776,0.0062419786,0.009995782,0.01357312,0.019175412,0.026629362,0.030965885,wnk9mpem.png,0,test
0.00035457438,0.010014925,0.0006788645,0.00059333845,0.0012683555,0.0021060242,0.003614742,0.0057399184,0.009002527,0.012125572,0.017299615,0.024405718,0.029077072,woal2tdw.png,0,test
0.0003600429,0.010046167,0.0007616413,0.00064334687,0.0012693678,0.00211265,0.0036167768,0.0056417156,0.008685428,0.011286366,0.015144773,0.020411164,0.02414304,woje6wz0.png,0,test
0.00030854292,0.009440384,0.0007430062,0.0005780942,0.0011511191,0.0019573024,0.003388281,0.005287383,0.008080043,0.010667618,0.014543573,0.019662267,0.02409614,wolep2wl.png,0,test
0.00029011816,0.009215709,0.00070505776,0.0005808187,0.0010643314,0.0017663391,0.0030038974,0.0047002365,0.00725482,0.009403812,0.012304897,0.016230566,0.020252487,wp9jxi9b.png,0,test
0.00036671033,0.010051981,0.00074238976,0.0006291005,0.0013180571,0.0021718063,0.0036703004,0.0056554573,0.008561889,0.011168862,0.015061245,0.020072766,0.022688158,wprgap6o.png,0,test
0.00028505173,0.009158822,0.0007068806,0.0005941935,0.0010465578,0.0017486316,0.0030011137,0.004630509,0.0068102498,0.008606066,0.011142482,0.014304943,0.016907314,wprlpg7g.png,0,test
0.00031726557,0.009291456,0.00076676207,0.00068875356,0.0011797649,0.0020023366,0.0035291747,0.005573831,0.008376202,0.010994118,0.015205042,0.021548094,0.027801516,wpyt3zoj.png,0,test
0.00029062573,0.009032311,0.00070613803,0.00059944176,0.0010857178,0.0018348177,0.0031649903,0.004858477,0.0071248873,0.009196861,0.012075913,0.015675973,0.018640485,wqd885m3.png,0,test
0.00030026532,0.009621203,0.0006667727,0.0005922529,0.0010831343,0.0018024374,0.0030736502,0.004647394,0.0066575655,0.008380727,0.010784649,0.013483711,0.015767751,ws1zl7p7.png,0,test
0.00032607626,0.0093733715,0.0008668122,0.0007142129,0.0012044291,0.0020250194,0.0034495501,0.0053256387,0.0079929335,0.010263394,0.013670933,0.018560555,0.02323988,wsamb772.png,0,test
0.00037455547,0.010165915,0.000788306,0.0006939212,0.0012944196,0.0021152382,0.0035387403,0.005392228,0.008181003,0.010768959,0.014730176,0.020280216,0.024693009,wsi8gizi.png,0,test
0.00032681384,0.0097031575,0.0006605953,0.0005850038,0.0011722592,0.0019455253,0.0032900502,0.005028441,0.0076586176,0.009928104,0.013381414,0.017748887,0.021112034,wsko2rkd.png,0,test
0.00039832175,0.010592289,0.00085907,0.0007202683,0.0013645138,0.002287727,0.004021162,0.006564498,0.010378426,0.014110643,0.01984753,0.028644538,0.03705913,wtfmsjbw.png,0,test
0.00035000686,0.009875183,0.0007344104,0.00063056353,0.001229333,0.002050129,0.003595463,0.0057767485,0.009142063,0.012375757,0.017448213,0.024044406,0.028500304,wtw0tnzx.png,0,test
0.0002982652,0.009148266,0.00066942914,0.0006329654,0.0010629771,0.0017799025,0.0030490176,0.004678966,0.007098654,0.009430998,0.0131587945,0.018820029,0.024166951,wvtfx4r6.png,0,test
0.0005540032,0.011056014,0.0018652527,0.0010887006,0.0018613182,0.0028972127,0.0048070755,0.0075598904,0.01212639,0.016736621,0.024300765,0.034767643,0.0434266,wvworlew.png,0,test
0.00031482556,0.009490672,0.0006583221,0.00052712095,0.0011334181,0.0018984907,0.0032986824,0.0051839864,0.007964294,0.010427133,0.0141129345,0.01929748,0.023798862,wvztduur.png,0,test
0.00040792167,0.010235291,0.0009667075,0.00074796466,0.0014640596,0.002361813,0.003994835,0.006228845,0.00974418,0.013221308,0.018997757,0.026936691,0.033232108,wwd0950b.png,0,test
0.00030073835,0.009445002,0.0007061871,0.0005743088,0.0010970624,0.001838603,0.003202466,0.0050907936,0.0079899635,0.010876788,0.015397534,0.022007633,0.028568164,wy93ei3x.png,0,test
0.00041610328,0.010682697,0.0008034072,0.0007035777,0.0013753794,0.002240349,0.0038571649,0.006175442,0.009864573,0.013285701,0.018558012,0.025664262,0.03075269,wyfnabqh.png,0,test
0.00031979693,0.009671168,0.00070925406,0.0005852288,0.0011745358,0.0019449444,0.003283354,0.0050361664,0.0077386377,0.010204814,0.014031316,0.019031353,0.023122642,wz2doluq.png,0,test
0.00037606573,0.010122845,0.0007467332,0.0006396554,0.0012495426,0.0020450826,0.0035091902,0.005554249,0.008947783,0.012252851,0.017232738,0.024313036,0.029977625,wzff1uwo.png,0,test
0.0009470183,0.013789503,0.0017007188,0.00160462,0.0026665926,0.00443453,0.008099397,0.014084923,0.024390474,0.034947928,0.05328234,0.08215132,0.10209746,x0cf861c.png,0,test
0.0003467776,0.009980107,0.00073443993,0.000580691,0.0012461194,0.0020741976,0.0035193374,0.0054262006,0.00825423,0.01088815,0.014846953,0.020286104,0.02415221,x18d1spd.png,0,test
0.00031268687,0.009615065,0.00075462164,0.00059270224,0.0011482544,0.0018899313,0.003175373,0.0047821947,0.0069969143,0.008885195,0.011457336,0.014646408,0.01714104,x1ho5yju.png,0,test
0.00032136063,0.009553381,0.00078236236,0.00068251044,0.0011610645,0.0019431895,0.0033634969,0.0054255757,0.008662832,0.01163655,0.016449418,0.023618862,0.031441152,x1ipumo6.png,0,test
0.00034467518,0.009936697,0.0006727578,0.000558237,0.0012248037,0.002025764,0.003535159,0.0056188083,0.008877839,0.012020535,0.017136343,0.024687028,0.030731188,x2lg5c2y.png,0,test
0.00032531488,0.00929523,0.0008043245,0.0006900571,0.0011868506,0.0020203362,0.0035543824,0.00579308,0.009108027,0.012159258,0.016975893,0.023512494,0.030400524,x2n92tgw.png,0,test
0.00032158432,0.009571142,0.00079934875,0.0006532005,0.0011526749,0.0019037431,0.0032750312,0.0051173945,0.007870186,0.01039759,0.01414084,0.019205926,0.023870831,x2trx546.png,0,test
0.0004559658,0.010661417,0.0010258158,0.00087566517,0.0014233409,0.002299412,0.0038762784,0.0060468344,0.009545853,0.013114651,0.019232428,0.028954905,0.036382277,x35cojjr.png,0,test
0.0003122065,0.009541669,0.00068931334,0.00057118875,0.0011576392,0.001928091,0.0032844231,0.0050500794,0.0076186117,0.009857835,0.013059766,0.017447298,0.021451717,x36oetrt.png,0,test
0.00031813353,0.00954963,0.0007224091,0.0005806492,0.0011803034,0.0019704343,0.003416607,0.0053770696,0.008182514,0.010583913,0.014182902,0.01897029,0.023078477,x4nc3ueg.png,0,test
0.00042449578,0.010310261,0.0010757897,0.0008140199,0.0015007724,0.002404774,0.0040037357,0.006118617,0.00934209,0.012314388,0.016781367,0.022658998,0.026484277,x4o1ccy1.png,0,test
0.00036125904,0.010042862,0.0007679661,0.0006424454,0.0012277988,0.0020150456,0.0034338434,0.005353841,0.008113215,0.010622563,0.014498643,0.019679869,0.023819504,x7eedtjv.png,0,test
0.00031738254,0.009769027,0.0007524157,0.0006106651,0.0011677319,0.0019329854,0.0032073853,0.004788589,0.0070082294,0.008938306,0.011776136,0.015811736,0.019331856,x7wdeah7.png,0,test
0.0002862988,0.008899238,0.00066587207,0.00060391735,0.0010648698,0.0018063625,0.0031737462,0.0050296625,0.0076322616,0.010073475,0.013870804,0.01909813,0.024394885,x80nkxkb.png,0,test
0.0003230354,0.0094202235,0.0008346624,0.0006921259,0.0011831819,0.0019756157,0.0033987085,0.0052609732,0.007888527,0.010298011,0.013972765,0.018856741,0.023675969,x9exlzlw.png,0,test
0.0002902371,0.009167076,0.0007309027,0.0005746134,0.0010772713,0.0018072523,0.0030698446,0.0046752444,0.006894298,0.008898305,0.01179515,0.015648006,0.018751917,x9yit0lm.png,0,test
0.00029134727,0.009285734,0.00067158847,0.00058749126,0.0010734024,0.0017978804,0.0030915195,0.0048273243,0.007335312,0.009524376,0.012603554,0.016949072,0.020800566,xa8mku1g.png,0,test
0.00035086158,0.009784784,0.00085249374,0.0007550447,0.0012849185,0.0021952505,0.0038960886,0.0062610637,0.009741732,0.013066013,0.018282278,0.025071913,0.032079138,xah6ix4r.png,0,test
0.00028131017,0.009252695,0.0006274576,0.0005561149,0.0010247704,0.0017270518,0.0030691493,0.0049944487,0.007915968,0.01050684,0.014273321,0.019905481,0.025771778,xaic0dhn.png,0,test
0.00034278564,0.009650632,0.00079515245,0.0007292866,0.0012426521,0.0021250308,0.003798056,0.006247247,0.009859663,0.013233163,0.018793447,0.027739746,0.037696738,xauzu9mw.png,0,test
0.00085875497,0.013429963,0.0014057964,0.0013848302,0.0024848795,0.0041327775,0.007455941,0.012527217,0.020929888,0.029398894,0.043698635,0.06547191,0.0797437,xb0d4j6n.png,0,test
0.00033858125,0.0102293715,0.0007556384,0.0006261645,0.0011672365,0.0019406626,0.0033920335,0.0053042197,0.007893114,0.010136573,0.013520072,0.017901443,0.021370456,xc45bncc.png,0,test
0.00033131408,0.009706043,0.00067874626,0.0005607485,0.001190359,0.001974617,0.0033762709,0.005239437,0.008074305,0.01080067,0.015148603,0.021321535,0.025791818,xc486dx2.png,0,test
0.00029038603,0.009261448,0.0006743702,0.00059649925,0.001069007,0.001773466,0.0029914537,0.0045072976,0.0064776484,0.008155399,0.010579167,0.014006524,0.016830605,xcomi955.png,0,test
0.00041868188,0.010690134,0.0007230161,0.000693764,0.00141479,0.0022972212,0.0038345114,0.005889807,0.009036806,0.012100707,0.017021347,0.024020787,0.029531684,xcy5u4zo.png,0,test
0.00046031078,0.010904049,0.0011299548,0.0008500102,0.0014823896,0.002405548,0.004093776,0.0065011284,0.010452591,0.014371604,0.02091641,0.031455208,0.042311445,xd36px1p.png,0,test
0.00035103818,0.009902265,0.0006699374,0.000578784,0.0012629182,0.002092072,0.0035906734,0.005637185,0.008745876,0.011596487,0.015837371,0.021425199,0.024899645,xflouw91.png,0,test
0.00030561636,0.009459829,0.00066819845,0.0005636132,0.0010988417,0.0018305827,0.003197246,0.005098311,0.00794407,0.010403888,0.014131915,0.01974197,0.024761925,xfn5lksh.png,0,test
0.0002972475,0.009049787,0.0007304642,0.0006361808,0.0010796067,0.0018000794,0.003063623,0.0047027175,0.006998482,0.009062461,0.012010245,0.015783278,0.018926235,xhdqf8c6.png,0,test
0.00036437277,0.010050111,0.0007049442,0.00062748924,0.0012995617,0.0021469728,0.0036399146,0.0056164092,0.00855381,0.011263777,0.015209915,0.020103361,0.023208808,xhnztvb9.png,0,test
0.000302008,0.009082122,0.0008174756,0.0006540087,0.0011340332,0.0018958462,0.0032345878,0.0050386074,0.007686263,0.010072607,0.013742665,0.01895263,0.023583923,xi1ddouw.png,0,test
0.00030000982,0.00930974,0.00070270995,0.00061228866,0.0011184597,0.0018735145,0.0031537688,0.004768866,0.006997693,0.008869773,0.011419019,0.014641159,0.017429437,xi3rnc02.png,0,test
0.0002977595,0.009394254,0.000740125,0.00060306257,0.0010901509,0.0018240021,0.003115862,0.004763252,0.006906375,0.008761393,0.011478857,0.015196764,0.018386507,xi3wgu6b.png,0,test
0.00035472173,0.009908845,0.0007372903,0.0006355336,0.0012220652,0.0020251332,0.0035152496,0.005611686,0.009041398,0.012304061,0.017443506,0.025525196,0.03337199,xi563n5z.png,0,test
0.00030479283,0.009065206,0.00065737293,0.00063485274,0.0011066186,0.001866449,0.003281625,0.0053718467,0.008678572,0.01170592,0.016395876,0.023021305,0.02980428,xjcchawf.png,0,test
0.00038238912,0.010865541,0.0007317313,0.0006670314,0.0013016603,0.0021729656,0.003802731,0.0060194046,0.009389546,0.012444778,0.016983148,0.023537438,0.029491922,xjve3dze.png,0,test
0.00031179815,0.009358883,0.0007473986,0.0006445457,0.0011008645,0.0018281216,0.0031136854,0.00485545,0.00744266,0.009709049,0.012991997,0.01752145,0.021768235,xkjtavlv.png,0,test
0.0003041439,0.009181417,0.00078959763,0.0006572103,0.0011151425,0.0018460745,0.0031005603,0.004721007,0.0069628893,0.008877078,0.011529457,0.014573288,0.01701964,xkwg216o.png,0,test
0.00036848534,0.01013946,0.00072816986,0.00062353647,0.001324389,0.0021973893,0.0038095661,0.0060658474,0.009604137,0.013007009,0.018706944,0.027353896,0.033339594,xl20ifor.png,0,test
0.0003309263,0.00975052,0.0007165658,0.00060783146,0.001158057,0.0019240696,0.0033209757,0.0052274875,0.008138604,0.0107737975,0.014384239,0.019152718,0.02319128,xle9lsa5.png,0,test
0.00029880414,0.009436544,0.00071828405,0.0005914603,0.001105876,0.0018277222,0.0030603597,0.0046361024,0.0068712295,0.0089530805,0.012070814,0.016269626,0.019895373,xma5vixr.png,0,test
0.00058209273,0.010631245,0.0012762013,0.0012324157,0.0018253891,0.0031268985,0.0057858257,0.00998171,0.016961012,0.023497665,0.034077212,0.05071459,0.06392357,xnp6kub0.png,0,test
0.000307571,0.009458285,0.00071843195,0.00063816033,0.0010912712,0.0018090021,0.0030786295,0.004796039,0.007265786,0.009497602,0.012865471,0.01772383,0.022331307,xomen69x.png,0,test
0.00057625375,0.011114683,0.001962728,0.0010984624,0.0020118947,0.0032115919,0.005474075,0.008808507,0.014618465,0.020719036,0.031078678,0.045759037,0.056471236,xoms9jbt.png,0,test
0.00032508973,0.0097059235,0.000695263,0.0006002576,0.0011507823,0.0018871495,0.0032041487,0.004935131,0.0075090765,0.009725498,0.01294815,0.017166208,0.020024056,xpj6w6kn.png,0,test
0.0003996659,0.010745432,0.000827341,0.0007208988,0.0013403404,0.0022405388,0.0039213803,0.0062401667,0.009638797,0.012922987,0.01805986,0.025285264,0.03180819,xqsrlxp4.png,0,test
0.00034486843,0.009024632,0.00086793094,0.00073483185,0.001233717,0.0021042805,0.003819145,0.006476078,0.011270672,0.016484147,0.0258437,0.041578896,0.05842094,xrsl3rj4.png,0,test
0.00029566715,0.009277135,0.00070514454,0.0005899079,0.0010745282,0.0018063104,0.003122031,0.0048782933,0.007485045,0.009934622,0.0136084445,0.018196223,0.021934237,xs3d2jb0.png,0,test
0.00032685016,0.009755595,0.0007423289,0.0005789826,0.0011621835,0.001930388,0.003312586,0.005125471,0.00780419,0.01008752,0.0132217,0.016897397,0.019218635,xs51hfbs.png,0,test
0.00036692878,0.010210627,0.0007668652,0.0006395552,0.0012384384,0.0020400549,0.0035409627,0.0056219026,0.008833765,0.01177758,0.016149016,0.022207139,0.026844928,xtpeye3v.png,0,test
0.00028574938,0.009266889,0.0006214918,0.00056829356,0.0010461336,0.001764922,0.0030640012,0.004772798,0.007091196,0.009067719,0.0120787965,0.016256921,0.019997254,xu1cxx3l.png,0,test
0.0002842201,0.009062321,0.0006186394,0.0005899829,0.0010485422,0.0017599869,0.0029879282,0.00460875,0.00682449,0.008754444,0.011469694,0.0149253495,0.017988672,xu7fkc78.png,0,test
0.0009563424,0.0134806745,0.0019657703,0.0016283604,0.0027232699,0.004512906,0.00813299,0.013897255,0.023635428,0.033637814,0.05016487,0.07567072,0.09298286,xuj7equm.png,0,test
0.000429403,0.0107582165,0.000754246,0.00071087986,0.001484444,0.00247518,0.0043785265,0.007132772,0.011720673,0.016299127,0.024298321,0.036720395,0.046300493,xuluengc.png,0,test
0.00047308273,0.0103717325,0.00125046,0.001024174,0.001504616,0.0024766717,0.0043101395,0.006960042,0.011318621,0.015623776,0.022215197,0.031814937,0.039851226,xuq9yyr1.png,0,test
0.00030482767,0.00951773,0.0006763715,0.00056132645,0.0011290159,0.0018842722,0.0031720472,0.004782324,0.0070528374,0.009057492,0.01209948,0.016318262,0.019942718,xvq5frgy.png,0,test
0.00032554593,0.00998551,0.0007437602,0.0006077378,0.0011573951,0.0019017069,0.00324344,0.0050178547,0.007737997,0.010259214,0.013978548,0.018740112,0.022400444,xw42z6bg.png,0,test
0.0006205131,0.0117894625,0.0016818176,0.00132423,0.0021733136,0.0035636956,0.006175473,0.01001258,0.016158748,0.021875942,0.031017078,0.04507634,0.058539715,xwbc1jli.png,0,test
0.00033845787,0.00969156,0.0008618785,0.0007256261,0.0012367944,0.0020593598,0.0034840037,0.005270014,0.007834538,0.010289891,0.014193503,0.02035008,0.026926128,xx8oe61g.png,0,test
0.0004002696,0.010398418,0.00074019434,0.0007022672,0.0014135317,0.002312659,0.0039174776,0.0061207684,0.009446293,0.0125093665,0.01710705,0.02304547,0.026966358,xxwsi1co.png,0,test
0.00092133036,0.013325533,0.0018538034,0.001552682,0.0026369768,0.004391584,0.007939053,0.013526229,0.023000266,0.032785274,0.04959004,0.07586295,0.09491908,xyhjy2eb.png,0,test
0.00026837632,0.0088139055,0.0006090381,0.0005535239,0.000977272,0.001625557,0.0027903253,0.0043238187,0.0065765986,0.008593225,0.011725168,0.016449124,0.021081869,xyphwhm5.png,0,test
0.00031939134,0.009669634,0.0007182324,0.0005692695,0.0011844003,0.0019821615,0.0034023253,0.0053234054,0.008366239,0.011122939,0.015680375,0.022577988,0.029399892,xyqrijrp.png,0,test
0.00039432955,0.010358871,0.0007734056,0.0007097035,0.0013662298,0.0022611055,0.0039043368,0.006155428,0.009451412,0.012357137,0.016590279,0.022380145,0.027223155,xyu1mxy0.png,0,test
0.0005875063,0.010884613,0.0024026672,0.0012364051,0.002065311,0.0032570015,0.005533394,0.00894368,0.014829444,0.020946069,0.031470492,0.04654552,0.05794666,xz8lc007.png,0,test
0.00031792,0.009571862,0.00066206907,0.0005471811,0.0011518843,0.0018974912,0.00325712,0.005121334,0.007898735,0.01043215,0.014163518,0.018982632,0.022847347,xzn0m18x.png,0,test
0.0003322148,0.009556989,0.0008641727,0.0007278504,0.0011875314,0.0019878773,0.0034914026,0.0055059856,0.008355115,0.011051623,0.015175947,0.020842735,0.026145514,xzqu8bjz.png,0,test
0.00035396992,0.01002652,0.0006804567,0.00058376015,0.0012151405,0.0019819052,0.0033774665,0.00529527,0.008273759,0.011006316,0.015054169,0.020354224,0.024252934,xzu6hw0k.png,0,test
0.00034831936,0.009949847,0.00076542114,0.0006134569,0.0012719313,0.0021318146,0.0036980354,0.005857938,0.009108084,0.01212114,0.016474878,0.023344733,0.029643998,y01h0l5o.png,0,test
0.00037472544,0.010289034,0.0008923472,0.0007441877,0.0013126218,0.0022173706,0.0039228387,0.006348163,0.0098666875,0.013198434,0.018304883,0.024996333,0.031068495,y04n3ysf.png,0,test
0.00030831684,0.009314589,0.00071269285,0.00062439096,0.0011217799,0.0019144873,0.0033873934,0.0054328893,0.008359038,0.01104488,0.015037795,0.020414678,0.025052844,y09bi3ze.png,0,test
0.00029582749,0.009184548,0.00070397527,0.0006188501,0.0010963228,0.0018461158,0.0032113192,0.0050251447,0.007406097,0.009610746,0.012909711,0.017739695,0.022279967,y0bqjw3e.png,0,test
0.00033777737,0.009724789,0.000791925,0.0006478348,0.0012139893,0.0020256087,0.0034743943,0.005398207,0.008256996,0.010735131,0.014151611,0.018537585,0.021693585,y0gyl6te.png,0,test
0.00029757203,0.009162934,0.0006850612,0.0006276617,0.001095459,0.0018305833,0.0031609738,0.0049804985,0.007827029,0.010399036,0.01421885,0.019931052,0.025654767,y0xaobk0.png,0,test
0.00030016917,0.009436275,0.0007231598,0.0005466445,0.0010683854,0.0017577735,0.0029808031,0.0046221097,0.0069923964,0.009024747,0.0119324,0.015653092,0.019071203,y11w509d.png,0,test
0.00040533947,0.010546342,0.0007532147,0.00068970694,0.0013701693,0.0022230526,0.003779731,0.005933777,0.009182,0.012188134,0.016621852,0.022096587,0.025490772,y13hzvy4.png,0,test
0.0003650014,0.01001623,0.00067575776,0.00059572014,0.0012671981,0.002115581,0.0037553092,0.006144113,0.009935623,0.013423989,0.019320318,0.02787551,0.03352222,y1bw6clf.png,0,test
0.0003748381,0.009952521,0.001054448,0.0008148376,0.0013306711,0.0022539787,0.0040172427,0.0066509983,0.010464135,0.014100105,0.020245362,0.029415023,0.039241426,y1vnnurw.png,0,test
0.00029809892,0.009365357,0.00068952877,0.0006218487,0.0010788552,0.0017905957,0.0030239956,0.0046191765,0.0067524565,0.008636239,0.011280976,0.014768856,0.01773098,y21jmas4.png,0,test
0.00036814244,0.009994564,0.00094586884,0.00079835556,0.0013322331,0.00223029,0.003876041,0.0061006485,0.009549032,0.012867547,0.017970914,0.026109347,0.03396164,y2ipbkou.png,0,test
0.0003267299,0.0096743805,0.00078933965,0.000620737,0.0012079431,0.0020101026,0.0034230526,0.005328321,0.008290184,0.011037044,0.015353225,0.021187747,0.026146835,y2jp2lxr.png,0,test
0.00033986324,0.009869614,0.000735567,0.00062623265,0.0012165009,0.0020299172,0.003489088,0.005561508,0.008970974,0.012048283,0.016700521,0.023464005,0.029821582,y30ylph1.png,0,test
0.00037091837,0.009984574,0.001087188,0.00084073254,0.0013089037,0.0021827202,0.0037580323,0.0059581297,0.009567347,0.01308347,0.018262288,0.026544545,0.03559587,y3n7nwlq.png,0,test
0.0003887879,0.010484159,0.0007107474,0.0006401294,0.0013863198,0.0022921457,0.0038662218,0.005936438,0.009073933,0.011993756,0.016619274,0.022816448,0.026987549,y445azd3.png,0,test
0.0003635696,0.0099380715,0.000711214,0.0006301813,0.0012074903,0.002015595,0.0036083662,0.0060297744,0.010080245,0.014046339,0.020448955,0.02902736,0.037308503,y55huhrx.png,0,test
0.0003257636,0.009588965,0.00076234847,0.00067624944,0.0011659273,0.0019581667,0.0034367656,0.0055668275,0.008849437,0.011909389,0.017009126,0.025120448,0.033864357,y620n8tt.png,0,test
0.000567874,0.010112576,0.0014577456,0.0013035564,0.0017629467,0.0030181084,0.0055952314,0.0096468,0.016326463,0.023122108,0.034068,0.05089261,0.065894455,y7iydc2f.png,0,test
0.00030627684,0.0095130475,0.00068018294,0.0006106235,0.0011319309,0.0019085545,0.00330925,0.0052059926,0.007879768,0.010230505,0.014038452,0.019591572,0.024063358,y7iydwdx.png,0,test
0.00033275754,0.009858812,0.0007373965,0.000605704,0.0012019604,0.002006681,0.0034466435,0.005334884,0.008235294,0.010794751,0.014638926,0.019764975,0.023516547,y7wmpeqt.png,0,test
0.0003323696,0.010129232,0.00076319365,0.00061388244,0.0011726015,0.0019198697,0.003206534,0.0048643025,0.007261821,0.009313102,0.012180165,0.015367,0.017662317,y85yvy0m.png,0,test
0.00030884566,0.009571733,0.0007847421,0.0006372733,0.0011542614,0.001924403,0.003224526,0.004823723,0.006915765,0.00873985,0.0113608865,0.0149449995,0.018054359,y8xltnvv.png,0,test
0.00036392355,0.0105604725,0.0007489465,0.0006316097,0.0012872397,0.0021179214,0.0036500941,0.0057985643,0.0090101035,0.011912373,0.015831003,0.021051798,0.025573568,ya3jitqh.png,0,test
0.00037740613,0.010214386,0.00068945857,0.0006386234,0.0013409571,0.0021912178,0.003713925,0.0058680843,0.009213515,0.01225369,0.016247284,0.021199243,0.024950776,ya4y34yy.png,0,test
0.00037919576,0.010178786,0.00071071304,0.0006480914,0.0013067719,0.0021576139,0.0037638305,0.006026122,0.009423688,0.012650163,0.017582104,0.023994574,0.028333206,ya8yfori.png,0,test
0.00047788722,0.010601001,0.001340482,0.0009322188,0.0016319868,0.0025844732,0.0043533677,0.006861814,0.010922065,0.014852379,0.021007592,0.029721137,0.036942933,yahrk7n6.png,0,test
0.00090537634,0.013238072,0.001655907,0.0015685159,0.0025911685,0.0043147733,0.007828486,0.013400659,0.022789193,0.032321762,0.048438493,0.073521145,0.09071098,ybnlyym7.png,0,test
0.00035129447,0.009997877,0.0007289699,0.0006072928,0.0012619648,0.002092484,0.0035654497,0.005587152,0.00871049,0.011584464,0.016200937,0.022504142,0.026979392,ybu5a98b.png,0,test
0.00049441034,0.010506088,0.001809631,0.0010364765,0.0017271941,0.0027237881,0.0045659314,0.0071302904,0.01128507,0.015235634,0.021404954,0.029736953,0.03682211,yc1umtcb.png,0,test
0.00028028502,0.0091339275,0.0006972819,0.0005591323,0.0010275478,0.001695559,0.0028324882,0.0042324197,0.006059253,0.0075315903,0.009551042,0.011836116,0.0134469345,ycjrhpgi.png,0,test
0.00032977498,0.009784697,0.0006837227,0.0005940786,0.0011681804,0.001929304,0.003335456,0.0052495045,0.008204415,0.010867093,0.014826339,0.020536738,0.02541921,ydr363tx.png,0,test
0.0003029635,0.009230048,0.00070422277,0.0006375127,0.0010907118,0.001810078,0.0030941202,0.004807536,0.0070844996,0.009107,0.01210383,0.016105061,0.020031461,yeayfrop.png,0,test
0.00029848868,0.009424799,0.00070142973,0.0005987618,0.0010949102,0.0018121436,0.0030578757,0.0046553523,0.006830255,0.008639055,0.011241325,0.014653353,0.017509388,yedn2z2v.png,0,test
0.00034188767,0.009878927,0.00077518146,0.0006444635,0.0012276464,0.0020544096,0.0035396845,0.0055223894,0.008477319,0.01107104,0.01469793,0.019488744,0.023006689,yffnxblj.png,0,test
0.00027669984,0.008963529,0.00067901565,0.00054998096,0.0010321297,0.0017403995,0.0029762045,0.0045612473,0.00693687,0.0091069825,0.012119247,0.016164085,0.019590035,yfl6h35o.png,0,test
0.00033688435,0.009902539,0.000719644,0.00062446337,0.0011665659,0.0019033427,0.0031975182,0.004890206,0.0072883316,0.009436986,0.012514294,0.016672404,0.020082802,yg10xntk.png,0,test
0.00096356514,0.0132231405,0.002333384,0.0017134935,0.0026678017,0.0044047493,0.007983749,0.013797568,0.024031,0.03494484,0.054399285,0.083522744,0.10269811,yghekq8b.png,0,test
0.00027421748,0.009032089,0.0005888893,0.0005542457,0.0009996252,0.0016695149,0.0028314756,0.0042938804,0.0061698956,0.0076694735,0.009637308,0.011866219,0.0137617905,yghvqizd.png,0,test
0.00031415035,0.009647574,0.00069765584,0.0006233786,0.0011425556,0.0019052587,0.0032674859,0.005084578,0.0076076863,0.009830566,0.013120896,0.017435607,0.020927314,yh4pm6zb.png,0,test
0.00035608615,0.00997432,0.00069248426,0.00058935373,0.0012239993,0.0019985524,0.0033984694,0.0053184833,0.008314849,0.011246154,0.015816193,0.022047494,0.026691943,yhb9640r.png,0,test
0.00031383734,0.009238327,0.0007261984,0.00065850833,0.0011429691,0.0019160529,0.0032713236,0.0050701606,0.007655565,0.010116986,0.013980724,0.01931277,0.024744939,yhhr56wx.png,0,test
0.00032609483,0.009770315,0.00070312584,0.00062053336,0.001182743,0.0019753997,0.003433695,0.0055134883,0.008989943,0.012110905,0.016365597,0.022685131,0.028686274,yho5ldo9.png,0,test
0.00030757082,0.009144552,0.0007658196,0.0006683721,0.0011417429,0.0019070472,0.0032372759,0.004987154,0.0072793253,0.00915676,0.011995075,0.015716208,0.019218164,yik9r33i.png,0,test
0.000401952,0.010699728,0.0008996774,0.0007037513,0.0013428482,0.0022442562,0.003946264,0.006331426,0.009910688,0.013197658,0.018084517,0.024516761,0.030449368,yjxrpj1e.png,0,test
0.00032095308,0.009647826,0.00072834943,0.0006446489,0.0011823564,0.0019720052,0.0033994813,0.0053035603,0.007873115,0.010142899,0.013607228,0.018586565,0.022964524,ykklsci4.png,0,test
0.0004899744,0.010461625,0.0014169047,0.0010974598,0.0015779855,0.0026278286,0.0046639927,0.0076603554,0.0124110775,0.01709043,0.024400938,0.034963313,0.044362694,ykmrx5jd.png,0,test
0.00032652816,0.009491878,0.000862348,0.00066686125,0.0012072115,0.002006256,0.0033935383,0.0051729484,0.007593558,0.0096312165,0.012544258,0.016107926,0.01928817,yld0i118.png,0,test
0.00031205,0.009465536,0.0007467587,0.00065282005,0.0011378695,0.0019078383,0.0032881254,0.005102915,0.0077228094,0.009937298,0.013059182,0.017338028,0.02142136,ylmuitsu.png,0,test
0.00032668022,0.009785264,0.0007826797,0.0006589864,0.0011934551,0.0019914282,0.003368006,0.0051927376,0.008003621,0.010596738,0.014379886,0.019992733,0.025705094,ymzeofku.png,0,test
0.0002767181,0.008739209,0.00062898325,0.0005904069,0.001019323,0.0017236399,0.003039182,0.004860022,0.0074556954,0.009765854,0.013284915,0.018380055,0.023404455,yntl2ug0.png,0,test
0.00030903507,0.009301993,0.00068981433,0.0006526537,0.001101119,0.0018540613,0.0032470578,0.005163243,0.008028216,0.010656401,0.014467057,0.01951607,0.023827612,yp6y563p.png,0,test
0.0003785682,0.010261522,0.0007608589,0.0006976246,0.0013098081,0.0021880677,0.0037937935,0.0060911705,0.00957802,0.012782591,0.01754855,0.023819596,0.029855078,ypgpnexx.png,0,test
0.00031084628,0.009512075,0.00064174185,0.00055032386,0.0011466012,0.0019255922,0.0033602512,0.005351649,0.00864047,0.011694005,0.016742192,0.024266362,0.030843148,ypq7ka11.png,0,test
0.00038722865,0.010354232,0.0007368195,0.00064683316,0.001330524,0.0021697283,0.003646967,0.0055748164,0.00852147,0.011164976,0.014938261,0.019710694,0.022351936,yptme9ez.png,0,test
0.00032051117,0.009775163,0.0006823622,0.0005914697,0.001154901,0.0019202246,0.0032700696,0.00506657,0.0077369167,0.009920863,0.013011214,0.017080594,0.020737028,yqllml3v.png,0,test
0.00036682768,0.010186292,0.00079346664,0.0006511733,0.0013196939,0.0022129414,0.003816364,0.005948531,0.0091093425,0.0118834935,0.015869105,0.021072296,0.025215754,yqn6wahy.png,0,test
0.0003435149,0.009831828,0.00070465676,0.0005945054,0.001203798,0.0019618687,0.003272134,0.0049285656,0.007325312,0.009415885,0.012346319,0.01604828,0.018536886,ytlvaeuu.png,0,test
0.0003528748,0.010031575,0.00074521056,0.00058698095,0.0012366634,0.0020217544,0.0034471531,0.0054433164,0.008622646,0.011393811,0.01567098,0.02148588,0.026385091,ytz1kxml.png,0,test
0.00037290735,0.010132635,0.0007551669,0.00065194,0.0013055485,0.002167539,0.0037813354,0.006075606,0.009720665,0.013146897,0.018245874,0.025580594,0.031322114,yuvwg2os.png,0,test
0.00027470148,0.008996356,0.0006967485,0.0005507853,0.0010179025,0.0017007958,0.0028645154,0.004359312,0.0065153693,0.008421095,0.011015961,0.014204719,0.016806327,yvznex5c.png,0,test
0.00046831957,0.010323707,0.0011562953,0.001014026,0.0014952265,0.0024616863,0.0043022516,0.007038813,0.011618962,0.016154395,0.022884088,0.0330411,0.042839468,ywokl2tp.png,0,test
0.0003802274,0.01072199,0.0007534242,0.00070537283,0.0013011125,0.002098635,0.0034754707,0.0052344124,0.0077986796,0.009989289,0.013120908,0.017235752,0.020196617,ywpdl1bv.png,0,test
0.00036636437,0.009914464,0.0011115889,0.0008079501,0.0013329899,0.0022772406,0.0040872353,0.0065607885,0.010137664,0.013629199,0.01915117,0.027792621,0.037570428,ywsbzh48.png,0,test
0.00029889174,0.00932972,0.0006699162,0.00053197145,0.0010793025,0.0018014231,0.003120729,0.0048964014,0.007655797,0.0102495365,0.01412376,0.019818317,0.025289604,yxv6w0h1.png,0,test
0.00033398287,0.009871415,0.0007233301,0.00059986115,0.0011991127,0.0019920743,0.0034126635,0.0052664783,0.0080356,0.01038986,0.013790052,0.01877592,0.022694388,yxw0cmsw.png,0,test
0.0003451614,0.010046133,0.0006940366,0.00061122427,0.0012308118,0.0020210256,0.0034444942,0.005339243,0.008221473,0.010581166,0.013962285,0.017860195,0.020696752,yyihpz6m.png,0,test
0.0003370415,0.009763013,0.0007488755,0.00062080985,0.0012470747,0.00211657,0.0037271709,0.0058973036,0.009140859,0.012119654,0.0168702,0.023875725,0.030184299,yz3j5usr.png,0,test
0.00037325398,0.01016287,0.0006848056,0.0006221943,0.001329658,0.0022040033,0.0037800602,0.0059749256,0.009233894,0.012271018,0.016968515,0.023814328,0.029082166,yzni6bju.png,0,test
0.0003613666,0.009714511,0.0010246318,0.000814731,0.0013178085,0.0022429018,0.0039277803,0.0061555514,0.009235223,0.012082425,0.016489293,0.022992676,0.02992629,yznst2gp.png,0,test
0.00035463242,0.009895657,0.0006926319,0.0005914444,0.00125783,0.002059875,0.003509956,0.005460218,0.00847371,0.0112150395,0.015495541,0.021056877,0.025690451,z056y5hp.png,0,test
0.00030055517,0.009405673,0.00070367084,0.0005872608,0.0011040336,0.001844152,0.003159857,0.0049975947,0.0077303317,0.010168381,0.01389003,0.019249044,0.02424018,z0o158j8.png,0,test
0.00029972027,0.008485233,0.0007851932,0.00063504744,0.0010570852,0.001783412,0.0031783155,0.005276866,0.009008769,0.013172502,0.020616911,0.033781167,0.048779417,z0v0fjps.png,0,test
0.00031346478,0.009302611,0.000744502,0.0006641152,0.0011452374,0.0019298465,0.0033625597,0.0053714807,0.0083889,0.010991358,0.015061686,0.020927217,0.027294334,z23f42xz.png,0,test
0.00047358923,0.01069538,0.0011731117,0.00084445375,0.0016405613,0.0026413433,0.004517287,0.0072626304,0.011946039,0.016605567,0.024496745,0.035899326,0.045060087,z2cyx3u5.png,0,test
0.00028987054,0.0090684965,0.00073256873,0.00059411564,0.0010560425,0.0017560703,0.0029844553,0.0045445054,0.0066570733,0.00846834,0.01110348,0.014073887,0.016173694,z2va9cd0.png,0,test
0.00036867382,0.010202146,0.0007825237,0.00069915364,0.0012655429,0.0020792228,0.0035253824,0.0055169337,0.008647606,0.011609581,0.015849577,0.021903742,0.027036162,z3womtfu.png,0,test
0.00034340238,0.009787247,0.00069950946,0.00056654634,0.0012331863,0.0020382444,0.0035196817,0.005606572,0.008972236,0.012302355,0.01758024,0.025161635,0.031876184,z4eny9oj.png,0,test
0.00032287437,0.00969139,0.00070649694,0.000592944,0.0011706183,0.00196188,0.0034058641,0.005336516,0.008260232,0.0108318385,0.014822195,0.02077724,0.025489084,z4px5jlf.png,0,test
0.0003016201,0.009227631,0.0007339464,0.00063490804,0.0011175922,0.0018751533,0.0032278276,0.0049864636,0.007459219,0.009797891,0.013385212,0.018808866,0.024903638,z55if3bq.png,0,test
0.00037375477,0.010071636,0.0007623297,0.0006721327,0.0013210753,0.002158617,0.0036334805,0.005555506,0.008390289,0.010838028,0.0142267365,0.018139033,0.020442849,z6472476.png,0,test
0.00035113617,0.009930506,0.00075972214,0.00061904296,0.0012588599,0.0020848971,0.0035441183,0.005536539,0.008581562,0.011339348,0.015529245,0.020923724,0.02440236,z6n4iqi1.png,0,test
0.0003246479,0.009438349,0.0008000228,0.00067995716,0.0012267242,0.0020711983,0.0035153313,0.0053825243,0.008055546,0.010300696,0.0135573,0.017986357,0.021922057,z6r1m9zi.png,0,test
0.00033500226,0.0097341295,0.00079189247,0.00070827716,0.0012272744,0.0020437767,0.0034604073,0.0052108145,0.007551754,0.009593082,0.012593218,0.016475596,0.019644331,z7c3rryn.png,0,test
0.0005136839,0.010782864,0.0017597369,0.0010428713,0.0018026205,0.0028739867,0.0048393845,0.0075579197,0.011955055,0.016180051,0.022866545,0.03231971,0.0408587,z7jsj8ei.png,0,test
0.0003648918,0.009994787,0.0006928509,0.00061122124,0.0012712782,0.0020960742,0.0036393355,0.0058151223,0.009410539,0.01284037,0.01829359,0.026083643,0.032624085,z89pnlf8.png,0,test
0.00053567707,0.010560574,0.0021887105,0.0011246321,0.0018763002,0.002969593,0.005046483,0.008070616,0.013097613,0.018080192,0.026282167,0.036982413,0.046032857,z8kkd2d9.png,0,test
0.0002923972,0.00932876,0.0007050064,0.0005720622,0.0010670279,0.001777795,0.0030031237,0.0045685116,0.0067928983,0.0087060835,0.01134286,0.014403198,0.016740676,z91kmgqa.png,0,test
0.00027861662,0.008446515,0.00068249775,0.00059827365,0.0010086262,0.0016732697,0.0028634926,0.0045627453,0.007363688,0.010141695,0.014326869,0.02012572,0.025557047,z9949r1n.png,0,test
0.0003614776,0.010027906,0.0007676698,0.0006143211,0.0012527951,0.0020636162,0.0035920823,0.0057824347,0.009271049,0.012728406,0.018088516,0.02502155,0.029824192,z9owukox.png,0,test
0.00030618813,0.009422679,0.0006870701,0.0006495815,0.0011177977,0.0018725966,0.0032394931,0.005052888,0.0076763914,0.010118985,0.013961486,0.019218218,0.024149122,zasywdrk.png,0,test
0.0002984148,0.009134704,0.00067754457,0.0006169209,0.0010947972,0.0018413581,0.0032014912,0.005040015,0.0076278416,0.009911615,0.013327809,0.017990075,0.022681229,zaz505t0.png,0,test
0.0002967684,0.009372845,0.0007358959,0.0005913835,0.0010803647,0.0017957326,0.003036572,0.004623609,0.0068551465,0.0087993685,0.011652225,0.015529177,0.018081259,zb25jt3m.png,0,test
0.00038083704,0.010161467,0.00071808026,0.0006287561,0.0013195751,0.0021599776,0.0036846767,0.005804474,0.009307841,0.012709305,0.018345851,0.026047084,0.031671274,zb765kr9.png,0,test
0.0004031764,0.010462863,0.00078928313,0.00065319403,0.0014149562,0.0023530023,0.0041082944,0.0065667494,0.01032996,0.013993061,0.019963654,0.028925857,0.03671313,zbozq4q1.png,0,test
0.00027386035,0.008843872,0.0006704111,0.0005491705,0.0009889835,0.0016526952,0.0028492666,0.0044201952,0.0066152657,0.008540467,0.01132457,0.014953407,0.018105999,zbwa9npt.png,0,test
0.00031552196,0.009430006,0.0007355381,0.00066798256,0.0011483955,0.0019409001,0.0034371093,0.0055913473,0.0088653425,0.0118554905,0.016700914,0.024631197,0.033743776,ze6i9rk9.png,0,test
0.00030448093,0.009106547,0.00079012255,0.00065241073,0.0011241055,0.001871994,0.0031907535,0.0048618848,0.0072477288,0.009380306,0.012539348,0.016658364,0.01986116,zecj2btx.png,0,test
0.0003296751,0.00982576,0.00068777,0.00059788855,0.0010987867,0.0017884976,0.0030764886,0.0048556984,0.0075138775,0.010071151,0.013881453,0.019020492,0.022713639,zfaqxhew.png,0,test
0.00029208823,0.009188889,0.0007007278,0.0005862745,0.001060643,0.0017823195,0.0031092667,0.0049313917,0.0076763155,0.010258753,0.014370619,0.020590011,0.027059564,zgjvb2yt.png,0,test
0.00027742801,0.0089184,0.0007393682,0.0005665308,0.0010123897,0.0016716552,0.0028394947,0.0043881433,0.006628103,0.008600285,0.011451814,0.014788493,0.01788016,zgm6zfzj.png,0,test
0.0005227242,0.010711742,0.0016251974,0.0011838976,0.0016790046,0.0027831048,0.0049064388,0.00803117,0.013086386,0.018320616,0.026397225,0.03799254,0.049314756,zh4unrzu.png,0,test
0.00028660917,0.009301086,0.0007208669,0.0005663231,0.001059248,0.0017995385,0.0031194906,0.004819306,0.0073403963,0.009633726,0.012630271,0.016457658,0.01983039,zhwgid7z.png,0,test
0.00037988604,0.010175256,0.0008315058,0.0007293937,0.0013270946,0.0022493727,0.0039818725,0.0063686646,0.009837069,0.012941233,0.017996307,0.025383176,0.03215062,zhwjr64d.png,0,test
0.00031481247,0.009525388,0.000745332,0.0006542469,0.0011625924,0.0019588782,0.0033811,0.005260955,0.007943998,0.010342748,0.013907647,0.019009715,0.023999652,zhzr9m68.png,0,test
0.0002926196,0.009367729,0.00069350674,0.00057305134,0.0010785515,0.0017985079,0.0030526225,0.0046374146,0.006984634,0.009124554,0.012105515,0.016237034,0.020320617,ziabscah.png,0,test
0.0003037619,0.009514681,0.00072126096,0.00060644076,0.0011069684,0.0018245595,0.0030345826,0.004542181,0.006575385,0.00828286,0.010624707,0.013691297,0.01591434,zj5ih9z9.png,0,test
0.00030060735,0.0095118545,0.0007533031,0.00059179374,0.0011202014,0.0018660743,0.0031424242,0.0047202026,0.0069779637,0.009006759,0.011984692,0.015629254,0.018630935,zjjfh493.png,0,test
0.00032642306,0.009709674,0.000749945,0.0005939509,0.0011793562,0.0019372321,0.0032609664,0.005022708,0.0077213217,0.010157125,0.013850951,0.018911038,0.021987977,zk2qssbh.png,0,test
0.0003103101,0.00923929,0.00078593,0.000645937,0.0011181692,0.0018430565,0.0030996928,0.0046851523,0.0067332345,0.00859403,0.011372133,0.0150841875,0.01797256,zlxtyigu.png,0,test
0.00030633705,0.009428764,0.0007333908,0.00059527677,0.0011242346,0.0018813799,0.0031779432,0.0048109726,0.0070290766,0.00905263,0.012150608,0.016119575,0.019312475,zm6kx1cx.png,0,test
0.00035667157,0.010119347,0.00067590486,0.0005680886,0.001218902,0.0019944315,0.0034072306,0.005371534,0.008419478,0.01130405,0.015836822,0.022266379,0.02691987,zm983mjn.png,0,test
0.00038884816,0.010596406,0.00089753984,0.00070397626,0.0012877863,0.0021118873,0.0036507505,0.005872859,0.00920495,0.012397857,0.017548848,0.024437316,0.030491918,zmlbw1zv.png,0,test
0.00037431362,0.010260662,0.00077546714,0.00069928897,0.0012847628,0.002123936,0.0036282816,0.0055891476,0.008409851,0.011009847,0.014810851,0.019584725,0.022363398,zmxga88n.png,0,test
0.00029613415,0.009393622,0.0006263237,0.00057142647,0.001096254,0.0018718231,0.0032598195,0.005101753,0.0076252483,0.009803367,0.013191489,0.01778511,0.0218084,znj8u81n.png,0,test
0.0003268628,0.009782299,0.000698374,0.0006257649,0.0011590138,0.0019006067,0.0032311825,0.0049635717,0.0074776895,0.009606733,0.012684361,0.017173413,0.021016784,zns4gdv9.png,0,test
0.0002710761,0.008726404,0.0006941727,0.0005854857,0.0009874323,0.0016422997,0.0027939698,0.0042496193,0.0062380834,0.00797927,0.010648335,0.014344176,0.017722482,zo0bogcw.png,0,test
0.0003103164,0.009503206,0.00067025074,0.00054458104,0.0011222187,0.0018536241,0.0031557104,0.004878747,0.007461655,0.009832803,0.013318186,0.017996347,0.021311231,zounlr84.png,0,test
0.00037305328,0.010063447,0.0006725569,0.00058444694,0.0013255494,0.0022211995,0.0039243335,0.006366235,0.010311568,0.014146301,0.020695087,0.030371998,0.03780982,zp6cyyxu.png,0,test
0.00037828725,0.010299353,0.00078343746,0.0006709562,0.0013005312,0.002126043,0.0035981133,0.005593851,0.008565259,0.011272691,0.015339312,0.020895403,0.024125542,zpptg751.png,0,test
0.00033231865,0.009861787,0.00080923125,0.0006801211,0.0011781018,0.0019457771,0.003304676,0.005142498,0.0078834705,0.010398947,0.014169643,0.019502888,0.02406774,zpwoxppv.png,0,test
0.00035211464,0.010075851,0.00078820414,0.000642203,0.0012773661,0.0021037902,0.0035042376,0.005269006,0.007703991,0.00978621,0.012668302,0.016352039,0.018614449,zpy5ynhr.png,0,test
0.00091330125,0.013290344,0.0015676892,0.001552429,0.0026161503,0.004352549,0.007931121,0.013671476,0.023249237,0.03318819,0.050038025,0.07501924,0.09154817,zq8m4853.png,0,test
0.0006462776,0.011576633,0.0014126751,0.0012766294,0.001950031,0.003307059,0.0061130305,0.010455115,0.017659627,0.02489879,0.03658343,0.05400496,0.06766491,zqskkrw9.png,0,test
0.0005755083,0.011836485,0.0012099375,0.00094529387,0.0018870726,0.0031424793,0.0055768467,0.0093956785,0.016199786,0.02317938,0.03490705,0.053676866,0.071840845,zqyznaxb.png,0,test
0.00028409675,0.009273085,0.00065050594,0.00056571886,0.0010426369,0.0017188815,0.002876791,0.0043133553,0.0062117744,0.007844298,0.010099508,0.012495115,0.014057059,zr4e5izb.png,0,test
0.00029537402,0.009168521,0.00066515186,0.00060547626,0.0010869966,0.0018213697,0.003124058,0.0047742142,0.006954459,0.00888301,0.011666835,0.01522623,0.018521208,zrbzirjy.png,0,test
0.00031819483,0.009558924,0.00067030964,0.0005749604,0.0011584131,0.0019138675,0.0032754769,0.0052286545,0.008371129,0.011442496,0.016834201,0.025550382,0.03328879,zrn2qr7l.png,0,test
0.0003260558,0.009544286,0.00074540474,0.00064551126,0.0011721972,0.0019664473,0.0033843222,0.0053990833,0.008863747,0.0121677965,0.01713231,0.024377275,0.03196625,zs5y2107.png,0,test
0.0003571719,0.010087171,0.00073048426,0.0006031851,0.0012891283,0.0021250406,0.0036125667,0.0056240447,0.008502269,0.011132506,0.015085205,0.020652508,0.025123654,zso5mgfe.png,0,test
0.0003330351,0.009916608,0.0006305211,0.0006053991,0.001221923,0.0020339352,0.0034651177,0.0053085424,0.007930251,0.010091847,0.013259136,0.017415913,0.020678815,zt9zlo8h.png,0,test
0.0003653428,0.010420235,0.00083193404,0.0006966209,0.0012427055,0.0020430267,0.003523495,0.0055849645,0.008599632,0.011377264,0.01553131,0.021286428,0.0263355,ztgbibf5.png,0,test
0.0009054967,0.013824429,0.001624631,0.0014882926,0.002575334,0.004280829,0.0077851913,0.01343071,0.022868896,0.032613527,0.049475558,0.074757956,0.091352515,ztshg8bh.png,0,test
0.00039556265,0.010389734,0.00074240624,0.00066258403,0.0013585868,0.0022431142,0.0038684767,0.0062245685,0.010103033,0.013838559,0.019560583,0.027150165,0.033943385,ztw6r9ru.png,0,test
0.0003088832,0.0096713975,0.0007431769,0.0005845284,0.0011146208,0.0018326369,0.0030686625,0.0046819565,0.0070858407,0.009116249,0.011940853,0.015801463,0.018689768,zu5240ky.png,0,test
0.0002955387,0.009273909,0.00063993566,0.0005793241,0.0010936264,0.0018225937,0.003045312,0.004584482,0.006669678,0.008368361,0.010762945,0.01372003,0.015999176,zv0gk67y.png,0,test
0.0002951258,0.009170441,0.0006687081,0.0006189938,0.0010900365,0.0018240658,0.0031232995,0.004863556,0.0073535354,0.009604192,0.012996731,0.017744498,0.022258613,zvyyo6cd.png,0,test
0.00033186303,0.009759657,0.00071457005,0.00059024635,0.0011978858,0.0019737869,0.0033149994,0.0050100605,0.0075109485,0.009598181,0.01267148,0.016447466,0.01865974,zw0h3bfw.png,0,test
0.0003870047,0.010272515,0.0007077156,0.00063180487,0.0012849473,0.0020820496,0.003536969,0.0055744806,0.008830302,0.011949144,0.016576706,0.02277582,0.02710784,zw64wzoz.png,0,test
0.00030471056,0.009508711,0.0007188528,0.0006199933,0.0010861236,0.0018023673,0.0030729682,0.0047719385,0.007206055,0.009494586,0.012965087,0.017426906,0.021150032,zwwcp8tj.png,0,test
0.00028054844,0.008950835,0.0007011973,0.0005721982,0.0010269665,0.0017056857,0.0028955818,0.004485943,0.0067448905,0.008706448,0.011547988,0.015221549,0.01865259,zxvkkzco.png,0,test
0.0003725011,0.010194177,0.00079840014,0.0006736741,0.0012688551,0.0020666143,0.0035030295,0.005488167,0.008562998,0.0114338165,0.015874103,0.021804875,0.025992066,zxxfxjfz.png,0,test
0.0003180689,0.009254084,0.0007908374,0.0006864278,0.0011838179,0.0020065529,0.003506779,0.0054833456,0.008213783,0.0105757825,0.014088454,0.018402861,0.022149688,zys03xjr.png,0,test
0.00030792278,0.009911044,0.0007164382,0.0005735429,0.0010680323,0.0017550016,0.0030113633,0.0047499044,0.0072759544,0.009688165,0.01352356,0.018532015,0.022956412,zyv9binm.png,0,test
0.00029604562,0.009546427,0.0006449879,0.0005729864,0.0010718715,0.0017790558,0.003034985,0.0047127833,0.0071426337,0.009189043,0.012103923,0.016099343,0.019467002,zz0i0835.png,0,test
0.00037999,0.010376551,0.0007544168,0.00063482,0.0013288273,0.0022036904,0.0037810632,0.0059481203,0.0092200395,0.01221883,0.016955616,0.022938395,0.026605789,zz9w48ni.png,0,test
0.00028120686,0.008220654,0.0006804138,0.0006204264,0.0009966488,0.0016737453,0.0029869052,0.005025273,0.008508193,0.012207314,0.018647725,0.029535154,0.04209758,zzxh711n.png,0,test
0.0007465238,0.010941851,0.0035067727,0.0017999102,0.0023694183,0.004241759,0.008550342,0.015007815,0.026870292,0.039611112,0.060690086,0.09204075,0.13003747,0ezzf8s2.png,1,test
0.0009272068,0.011880215,0.0029884072,0.0021520245,0.0029901504,0.005464767,0.011423902,0.020465335,0.035896733,0.049159918,0.06547671,0.08995531,0.11787137,28f9sj2j.png,1,test
0.0006548492,0.010223392,0.0032726557,0.0016191058,0.0021200024,0.0037811848,0.007571103,0.0131299,0.022741152,0.032793056,0.04992947,0.07728715,0.108445466,36qsttgi.png,1,test
0.00085952133,0.01122528,0.0038798808,0.0020446705,0.0028298665,0.0052828304,0.011405775,0.021552304,0.040096626,0.05517885,0.07713596,0.11255033,0.15384978,69yblscm.png,1,test
0.0014724208,0.017653689,0.005012838,0.0030734336,0.0043765516,0.00759552,0.014580697,0.023690674,0.03902002,0.054588433,0.07806342,0.10640363,0.13074523,a9btds8y.png,1,test
0.00074349914,0.010890888,0.004073861,0.0019483123,0.002438505,0.0043809596,0.008778376,0.01538858,0.027280675,0.039197534,0.058959905,0.09214095,0.13068047,ar90escd.png,1,test
0.0022591073,0.017089771,0.011380653,0.00639018,0.006270692,0.0108461315,0.021337757,0.035866003,0.060058735,0.08421523,0.12734707,0.19316335,0.25037953,d2kjrzcv.png,1,test
0.0011094897,0.011806263,0.005887771,0.002992466,0.0032567098,0.0057375752,0.01144512,0.019918872,0.035615046,0.052385963,0.08183608,0.13117462,0.19124614,ead49h1h.png,1,test
0.0012055621,0.0133248335,0.007500059,0.003218012,0.0033908645,0.005801921,0.0108905425,0.017886832,0.029901449,0.041809328,0.06208394,0.09656713,0.13616058,eltap3lu.png,1,test
0.0006650482,0.010303596,0.0033264572,0.0016165551,0.0020852308,0.003682108,0.007268872,0.012432314,0.021797158,0.031963017,0.04980042,0.078472145,0.11327246,f0nsgt6l.png,1,test
0.0009175812,0.012635566,0.0038200333,0.002181968,0.0028382186,0.004963022,0.009669588,0.016689675,0.029770149,0.044118732,0.068241276,0.10572735,0.14535531,iblp1e6k.png,1,test
0.0040335795,0.02738974,0.02059458,0.010384128,0.009533956,0.0152698355,0.02695539,0.042129416,0.06629989,0.08870822,0.11878834,0.1573793,0.19876286,ir41g20d.png,1,test
0.0017988535,0.014678483,0.010415836,0.004941867,0.005120623,0.009028252,0.017654976,0.029985938,0.051282823,0.07107994,0.10541577,0.16222963,0.22773542,kdiaf02k.png,1,test
0.0006730244,0.010327687,0.0031210051,0.0015894695,0.0022526747,0.0041444227,0.008814532,0.016492398,0.029888786,0.04089867,0.05878488,0.08857412,0.12481709,ocoop2kt.png,1,test
0.00173792,0.017236974,0.006663205,0.0038639922,0.0050056544,0.008668635,0.01640137,0.027474735,0.046577983,0.066543,0.10240903,0.15816075,0.21073192,ojrt1ujv.png,1,test
0.00073613855,0.011073911,0.003088206,0.001768062,0.0024784333,0.004463412,0.008857889,0.015084696,0.025701031,0.035825226,0.05257168,0.078830004,0.10811511,oyuawdrw.png,1,test
0.0010689072,0.012427577,0.0056400453,0.002809385,0.00323315,0.0057401992,0.011341453,0.019392526,0.03298159,0.046504144,0.06987669,0.10842806,0.15471555,qxmcthph.png,1,test
0.0016246624,0.014344667,0.010005869,0.004401617,0.004533399,0.007938791,0.015558735,0.026337385,0.0450857,0.06330663,0.09351086,0.1413338,0.1948893,rvilap1j.png,1,test
0.0012520585,0.012823986,0.006406123,0.0033375344,0.0034874007,0.0060017747,0.011600061,0.019714259,0.034627236,0.05060566,0.07886127,0.12614588,0.18322544,ssn4rwby.png,1,test
0.0010270358,0.012672924,0.0039048188,0.0026125992,0.0031765616,0.0056942096,0.011512353,0.019868137,0.034587454,0.049304157,0.0741198,0.11207643,0.15771794,up2i0yh4.png,1,test
0.001152877,0.0127975745,0.004443398,0.0027503024,0.0035725741,0.0064092395,0.012982517,0.02247521,0.038486253,0.052038953,0.07035904,0.09844258,0.13246977,uraeg9qo.png,1,test
0.00085412455,0.010929065,0.0049763895,0.0021729127,0.0027166805,0.0048727114,0.00981391,0.017022341,0.029916083,0.043383215,0.06731613,0.10631085,0.15447283,utgshxm4.png,1,test
